S01B00006275696C642F72656C656173652F7A69676265652E73333714
S21400400008100020057F000099C6000053500300EA
S21400401053500300A1C60000A9C600005350030079
S21400402053500300535003005350030053500300F3
S214004030ADC60000589604005350030053500300CA
S2140040405350030053500300535003001D7A0000E2
S21400405053500300535003005350030053500300C3
S2140040605350030053500300ADCB000053500300E1
S21400407053500300535003005350030053500300A3
S2140040805350030053500300535003005350030093
S2140040905350030053500300535003005350030083
S2140040A053500300CD820000B1820000535003003D
S2140040B0535003005350030053500300FD1A0200F0
S2140040C045AC030041AC0300611202005BAC030088
S2140040D049AC0300BD1A02004DAC0300F1FE01001E
S2140040E03D1B02005350030053500300535003007F
S2140040F05350030053500300535003005350030023
S2140041005350030053500300535003005350030012
S2140041105350030053500300535003005350030002
S21400412053500300535003005350030053500300F2
S20800413053500300E0
S214004134F0B5114A114C124E00F00105E3695F0711
S21400414413D40DB9334213D103EA00078F4207D1C3
S2140041540B4A1A40002A14BF6FF001000020F0BD7D
S214004164013AEBD16FF00200F9E74FF0FF30F6E7C3
S2140041746FF00100F3E700BF80969800000003503C
S214004184020001000B4B70B5D96911F480310DD1D2
S21400419401244FF48072084E084DF46020462C64C7
S2140041A41A61FFF7C5FF3464EC6070BD6FF0010060
S2140041B4FBE700BF0000035000100350002003502C
S2140041C438B541F6713301220C4C0021E569E363EE
S2140041D40B4B05F48035DA600223606121202361ED
S2140041E4FFF7A6FF10B92120FFF7A2FF0122054B17
S2140041F4DA600DB10023E36338BD00BF000003504E
S214004204001003500020035070B5134C6061E3693E
S2140042145B071ED40E4656F8043B8D18A361AE42C7
S2140042240BD10423002121202361FFF781FF58B915
S214004234BDE870402120FFF77BBF08210846FFF742
S21400424477FF10B10423236170BD56F8043BA361C5
S214004254E5E74FF0FF30F7E7000003502DE9F84399
S214004264154641F67132164B8946DF69DA63012238
S214004274064603F58053DFF8508007F48037DA608B
S21400428455B9284601220F4BDA601FB10022A3F568
S2140042940053DA63BDE8F88306F5005404EA08041C
S2140042A4A41BAC4228BF2C46494622463046FFF79C
S2140042B4ABFF0028E6D12644A1442D1BE0E700BF4F
S2100042C4000003500020035000E0FFFF45
S2140042D02DE9F04F4FF0FD0BC9B09A460DF11B09C2
S2140042E09DF8503108AFCDF80C90CDF808B0019786
S2140042F0059303890446009383790E4690464188C9
S2140043008288407812F018F9054650B10090A388CC
S214004310002062883A4912F053FC284649B0BDE8AE
S214004320F08F99F8000033F0ABFF38B12846A38829
S2140043306288344912F044FC8D25EEE75A46394629
S21400434099F8000033F044FF8346002851D0529B72
S2140043501BB1BDF84C3198424BD8002399F8009019
S2140043600793A9F14102012A5FFA8BF123D8384658
S2140043700139254ADFF898C05FFA81FE734513DBE2
S214004380059B04210792C3B907AF18221F489FED6B
S2140043901A7B02FB060420460A460830394684ED9E
S2140043A0027B17F063F911E010F8011F013351404A
S2140043B00CFB01F2E2E7059B33B123464A4638463A
S2140043C000960FF0E1FFA8E70829DED9B8F1000F44
S2140043D001D088F80090BAF1000F01D0AAF800B01A
S2140043E0529B002B99D05A46184608A917F03EF95A
S2140043F093E7012591E700BF0000000000000000E1
S214004400EB3F040020400400C59D1C81F0100020F6
S21400441093010001000000002DE9F04F93B0CDE9B4
S2140044200A32DDE91C530E9353EC102BCDE908013C
S214004430104619468DED060B1E9E16F0A1FB80B1A8
S214004440DDE906014FF0FF32C54B16F0C1FB40B95F
S214004450DDE906014FF0FF326FF4801316F09AFB89
S21400446070B1DDE908019DED060B0E9B1E96CDE9A9
S2140044701C53DDE90A3213B0BDE8F04F00F088B9EE
S2140044800022DDE90601002316F084FB002800F078
S2140044903381DDE906A303F1004BCBF30A5016F493
S2140044A08063A0F2FF3008BF06250F9316F096F83B
S2140044B09BA3D3E9002316F0FBF89BA3D3E90023C4
S2140044C015F040FFCBF31304894644F07F51804635
S2140044D00022A44B504641F4401115F031FF94A33E
S2140044E0D3E9002316F0E4F802460B464046494658
S2140044F015F028FF16F076FB044616F06FF88EA32C
S214004500D3E900238046894616F0D2F80022964B5F
S21400451015F018FF16F066FB89A3D3E900230746BB
S2140045204946404616F0C4F880463846894616F096
S21400453055F885A3D3E9002316F0BAF802460B46D1
S2140045404046494615F0FCFE02460B46CDE90C23D4
S21400455016F0AEF8DDE90C2380468946104619466B
S21400456015F0F0FE0022CDE91001804B404649468A
S21400457016F0C8F900227E4B15F0E4FE02460B4604
S2140045804046494616F0BEF900227A4B15F0DAFE90
S21400459002460B464046494616F0B4F9DDE90C23C0
S2140045A08046894600204FF0804115F0C9FE02463D
S2140045B00B464046494615F0C5FE02460B46DDE969
S2140045C0100116F09FF907F2FF3700226A4B15F02C
S2140045D0B9FE00223B0516F06BF852465B46804655
S2140045E0894616F0F5FA002840F08980CDE90C8956
S2140045F004F16303C62B8CBF0527042731051BD5A2
S21400460053A3D3E900235046594616F0D7FA00289C
S2140046107FD051A3D3E900235046594616F0BAFA84
S214004620002876D00027A542C6BF2C1B04F1FF3514
S21400463000253C4646F480660E9B9F422CBF4FF0FA
S2140046400008A3EB070816F0020903D0002F18BFD6
S2140046504FF000083CB1DDE90C235046594616F0F1
S21400466051F982468B46DDE906010022002316F04A
S21400467091FA10B10BF100439B46DDE9080126F4E0
S2140046800063CDE90183DDE90A324BEC10AB0095FF
S21400469000F07EF802465FB3DDE9091316F0200F3E
S2140046A000F10105089E0CBF65204520B047DDE9F6
S2140046B008010523002205930A23002CCDE90232C7
S2140046C007F1FF374FEAD473B8BF64422A46019316
S2140046D004970A9B009435F02DFC0246B9F1000FB2
S2140046E006D00B9BC41A0B9B1A190E9BA34245D8E7
S2140046F0104613B0BDE8F08FDDE906ABCDE600222C
S214004700404649461A4B16F0FDF8013CCDE90C012F
S2140047106EE7002D90D00F9B002B8DD0013D8BE7D0
S214004720FB799F501344D33FB3C8608B288AC63F9B
S21400473061436F63A787D23F71A379094F930A40FD
S2140047401655B5BBB16B0240EF39FAFE422EE63F76
S2140047502D431CEBE2361A3F0000000080842E41F9
S214004760FFFFEF7F0000F83F0000E03F00002C4016
S21400477000002440000018400000F03F2020DDE943
S2140047800913089DA8470134ADE700BF00000000EC
S2140047902DE9F04F5BEC10AB97B0CDE90501DDE9F4
S2140047A02058CDE90723504652465B465946229F7D
S2140047B016F0E6F970B90323CDE902870193AA4BF8
S2140047C00093DDE90501DDE9072335F0E5FA17B0CA
S2140047D0BDE8F08F4FF0FF326FF480135046594615
S2140047E016F0D8F928B10423CDE9028701939F4B30
S2140047F0E6E74FF0FF32504659469D4B16F0E8F973
S21400480068B19C4A07F00403002B08BF03229A4BAA
S2140048101CBF13460422CDE902870192D0E750461A
S2140048208DA3D3E90023594616F0D2F938B98CA3E4
S214004830D3E900235046594616F0ACF968B1DDE9D5
S2140048400723DDE905014BEC10ABCDE92187209568
S21400485017B0BDE8F04FFFF7DFBD0022002350463B
S214004860594616F097F9002800F091805B465246AC
S2140048700020002115F064FD012382468B46099333
S21400488017F4806400F08580092D40F285800024AE
S21400489030210EABA5F109020134202C03F8011BD0
S2140048A0A5EB040901D09442F6D15946504616F0BD
S2140048B099F9724B054603EBC90393ED007B8DED2A
S2140048C00A7B15F08BFE02460B465046594615F0FD
S2140048D037FDDDE90A2315F0EBFE02460B46CDE96F
S2140048E00C2316F0A7F9064615F068FE02460B469E
S2140048F0DDE90C0115F024FD02460B46CDE90C233C
S21400490000225F4B16F064F9002848D00136304686
S21400491015F054FE02460B46DDE90A0116F044F98E
S21400492008B100260135B9F1000F45D1284615F02B
S21400493055FE02460B465046594615F001FD00222C
S2140049404F4B16F027F910B9E90700D501350A21B3
S2140049500EAB1A19202C0AD095FBF1F001FB10556E
S214004960303502F8015B013405460028F2D107F025
S2140049700302012A55D1B8F1000F52D0099A12B994
S21400498017F00C0F01D008F1FF38302240E00990F4
S21400499076E74FF0060988E7A946002485E7002257
S2140049A0DDE90C01364B16F0F5F80028BBD10EB148
S2140049B0F007B8D50136B6E70A210EAB1A19202C37
S2140049C00DD0B6FBF1F001FB1063092E03F13003A6
S2140049D009F1FF3904F1010402F8013B11D8302136
S2140049E0A1440EAA202CB2D04C4504F101030AD1F2
S2140049F004F158020DEB02042E2204F8202C1C466B
S214004A00A5E70646DBE7A1541C46EBE71A5501343A
S214004A10444506D2202CF9D1CDE9028701940EAB8D
S214004A20CEE6202CF8D0099B3BB12D2204F158038A
S214004A306B4403F8202C0134EEE77A0704D504F122
S214004A4058032B226B44F4E73B07E5D504F15803E3
S214004A5020226B44EDE700BF0000000065CDCD418D
S214004A600000000065CDCDC1DA5D0400DE5D040007
S214004A70FFFFEF7FD15D0400D65D040090A5040023
S214004A800000E03F0000000070B58EB02C22002130
S214004A9003A816F05BFC64234FF002320893CDE9BE
S214004AA005230B2301218DF834305B4B8DF8101055
S214004AB01D880D4040F0A980084639F0F9FC0A220E
S214004AC0564B574C1A704FF42873ADF812304FF00F
S214004AD0FF332360534B54491B8820460B82534BAD
S214004AE0534A1B68CD828B61524B0D621B884B82EA
S214004AF0514B1B68CB611DF097F820B14FF41B712A
S214004B004E483AF016FE0521206835F0FCFB20B131
S214004B1040F27D2149483AF00CFE206815F0CCFBA7
S214004B20474B2068196835F0B1FC0C253AF028F997
S214004B30684309903AF024F968430DEB05010790A5
S214004B40206817F0C5FA20B140F295213B483AF0AC
S214004B50F0FD25681FF012FC00220146284635F0BD
S214004B600DFD20B140F2972134483AF0E2FD40F2C4
S214004B700353344D344E2B80052396F90000AB705A
S214004B807F2801D11DF046F93378EB703AF0F8F83B
S214004B9000EB80008000A8803AF0F2F80023C00006
S214004BA04FF0FF31E880AB604FF0FF3018A3D3E939
S214004BB0002339F0CFFD2549206835F098FC2068A1
S214004BC002A936F0B4F820B14FF434711B483AF01D
S214004BD0B0FD042220680DEB020135F02CFC042801
S214004BE004D040F2D72115483AF0A3FD01A90120D0
S214004BF035F037F807F094FD01201DF09DFD31F0EB
S214004C0020F81DF0C3FD1DF09DF80EB070BD00BF6E
S214004C100A0020FF42030000EE5D002049650020E8
S214004C2020560020C2BE0400346C0020C8BE04001B
S214004C30D9E40300C0BE0400C4BE04000995040005
S214004C408469002014560020546F00204DE50300B0
S214004C500348044B834202D0034B03B11847704706
S214004C60886F0020886F002000000000064B074970
S214004C70C91A891048BF0131491003D0044B0BB143
S214004C8001481847704700BF886F0020886F0020D3
S214004C900000000010B5064C237843B9FFF7D8FF94
S214004CA0044B13B10448AFF300800123237010BDFA
S214004CB0D81600200000000068E2040008B5044B87
S214004CC01BB104490448AFF30080BDE80840CDE7B7
S214004CD000000000DC16002068E20400A3F5803A1D
S214004CE0704700BF154B002B08BF114B9D46FFF7C2
S214004CF0F5FF00218B460F461148124A121A16F08D
S214004D0025FB0C4B002B00D098470B4B002B00D0FC
S214004D1098470020002104000D000B4816F05CFEAA
S214004D2016F0ECFA200029002FF06FFE16F042FE77
S214004D30000008000000000000000000081000202E
S214004D4008100020AC65002041BA010007B501211B
S214004D5020200DF1070201F0EBF950B101212020CF
S214004D600DF107028DF8071001F0F2F903B05DF8B7
S214004D7004FB9DF807100129F8D00122084815F019
S214004D80D3F901210DF1070220208DF8071001F05C
S214004D90DFF92FF0BCFD4FF4FA6001F013F8E5E7F9
S214004DA068FB030038B501F05BFB012805D001F075
S214004DB057FB022801D001F079FB064D2B783BB952
S214004DC001F04EFB0128044602D12FF015FE2C7090
S214004DD038BD00BFDA5E002010B5044600882FF00C
S214004DE061FDA37884F84400834202BF0123E37088
S214004DF02371074B04F11C00C4E9073401F0EEF9F7
S214004E00224620880349BDE8104001F02BB900BFB8
S214004E103B4603000546030070B5C37804460D46BE
S214004E201646002B34D1D1B1214815F07DF9012367
S214004E30E370E36CA6600BB1E06D9847E368F61A82
S214004E4063699E4221D2217E1A480131C9B2217679
S214004E5015F06AF9A36D13B1217EE06D9847E570F1
S214004E602FF068FD15B3237903BBA268238A801A46
S214004E7083421BD801231048237115F055F9236D82
S214004E80A3B1E06DBDE87040184701232376E6E73E
S214004E900029E4D1094815F047F9636DE660E5702E
S214004EA02571002BDBD0E06D9847D8E770BD00BFBA
S214004EB090FB0300A1FB0300CFFB0300BCFB030039
S214004EC070B51E46838804460D46C18002810BB12C
S214004ED0868070BD817800882FF0D0FB0123E370B8
S214004EE0064BA680C4E903340C34204601F076F95C
S214004EF029462046BDE870402FF013BD87460300C4
S214004F002DE9F04104462FF015FD94F93C60656CE0
S214004F106064451B30462FF0EFFC30462FF0E8FC6F
S214004F20074630462FF0E6FC30462FF0E4FC94F9B6
S214004F303D8040462FF0E0FC40462FF0D9FC064668
S214004F4040462FF0D7FC40462FF0D5FC002D54D01D
S214004F50394B4FF47A72BB4228BF3B465343B3FBF0
S214004F60F5F105FB11335343B3FBF5F302FB0133B5
S214004F70E268B3FBF2F347F6FF729A4228BF1A467E
S214004F8022840A22B3FBF2F36362D4E90A32DB1905
S214004F9042F10002C4E90A32236CA2693B4423644E
S214004FA0236C93422BD27DB1234B9E4228BF1E46D4
S214004FB04FF47A735E43B6FBF5F205FB12665E436A
S214004FC0B6FBF5F603FB026594F83E204FF6FF713C
S214004FD0DAB16369B5FBF3F38B4228BF0B46E38374
S214004FE0002A0CBF01230023A08884F83E30A37952
S214004FF013D1A3B92FF04CFC13E02B46B8E79B1A4D
S2140050002364236B01332363CAE72369B5FBF3F5F7
S2140050108D4228BF0D46A583E2E7002BEAD12FF08C
S2140050202DFC636B0BB1A06B9847A16804F1480098
S214005030BDE8F0412FF075BC00093D0038B5836827
S214005040044613B94FF4FA638360E3680BB953233D
S214005050E360236913B940F21F33236163690BB918
S2140050606C236361A36913B94FF47A73A3610022BA
S214005070012120882FF038FC84F83C00013005D14F
S214005080234815F051F84FF0FF3038BD00220121BB
S21400509060882FF029FC431C054684F83D0009D1A2
S2140050A01C4815F041F894F93C002FF020FC84F8D9
S2140050B03C50E8E70022A08811462FF0C0FBA379F9
S2140050C0A0880BB32FF0DAFB012394F93C0084F898
S2140050D03E302FF010FC94F93D002FF00CFC2FF022
S2140050E029FC0D4B04F14805C4E9123460642846D7
S2140050F001F074F82846A1682FF013FCA168074851
S21400510015F012F80020C0E72FF0C2FBDCE700BF66
S214005110E5FB03000DFC0300014F000036FC030016
S21400512010B501790446B1FA81F1008849092FF0DB
S2140051301CFB21796088B1FA81F149092FF015FB33
S214005140034B1A68A24204BF00221A6010BD00BFBB
S214005150F416002070B543790446A3B100880E4EBD
S21400516004F10805336813B10C4B1B786BB1217939
S2140051702FF0FBFA64210A4B3460A3602846BDE892
S21400518070402FF0CEBB4088E9E7064814F0CCFF0D
S214005190054B3221A360F1E7F4160020DC5E002008
S2140051A02151000069FC03005551000010B504466B
S2140051B0E0B10F4814F0B8FF01236371A37953B927
S2140051C0217920882FF0D1FA236B7BB1606B012107
S2140051D0BDE8104018472046FFF7A2FF04F108007C
S2140051E02FF0A4FB2046FFF7B5FFEDE710BD00BF8C
S2140051F09FFC030010B50446F8B1104814F094FF65
S21400520000236371A3796BB921792088B1FA81F103
S21400521049092FF0AAFA236B7BB1606B0021BDE829
S214005220104018472046FFF77BFF04F108002FF0D8
S2140052307DFB2046FFF78EFFEDE710BDAAFC0300BE
S21400524010B5044668B1074814F06EFF637920462F
S2140052501BB1BDE81040FFF7CDBFBDE81040FFF71B
S214005260A5BF10BDB6FC030010B50E4C0E48214677
S21400527014F05AFF82210D4814F056FF82210220B6
S214005280A21E00F065FF014630B134F8022C084833
S214005290BDE8104014F048BF0648BDE8104014F0C2
S2140052A043BF00BF72570020C5FC0300E0FC0300AC
S2140052B0EBFC03002FFD030038B5114C822122467B
S2140052C0022000F035FFA51C014688B122880D4853
S2140052D014F02AFF2A460C4B03F1240153F8040B62
S2140052E08B4242F8040BF9D11B78137024232380D9
S2140052F035F8021C054A0648BDE8384014F014BFCD
S214005300705700203AFD0300BAFD030072570020D4
S21400531098FD0300034B1B781BB18B4201D82FF07E
S214005320F6BA7047F46E0020F8B51E4B1E4F1B7879
S214005330A3B11E4D1E4C2B785BB11E4B5B7943B15F
S21400534000211D4B4FF60C721878297021702FF033
S2140053501AFB1A4B1B883BB900232370B968184800
S214005360BDE8F8402FF0DDBA7A6A9A42F4D3237883
S214005370FF2B10D12E78002EF0D10E48FFF73AFF03
S21400538001232B700C4B4FF60C72314618782670A2
S2140053902FF0F9FAE2E70133DBB2022B2370DDD9F6
S2140053A0E8E700BFE25E002008100020E55E00206F
S2140053B0DB5E00202421002070170020AC6E002049
S2140053C04817002010B5044601460E4814F0ACFEFF
S2140053D0012C11D10C4B0D481A884FF6FF739A42D8
S2140053E01EBF0022094B5A742FF0A5F901F038FFB2
S2140053F0BDE8104001F00ABE0448BDE810402FF09A
S2140054009CB900BFDFFD0300A46E002010690020D9
S21400541070B50024254D264E3378A34225DC0024A3
S214005420244D254E3378A34225DC0024234D244EFC
S2140054303378A34225DC234C237833B1224D28460B
S214005440FFF7FCFD18B30023237001F009F80128CC
S2140054501E4828D12FF06FF901F002FF01F0D6FDAB
S214005460BDE870401A4801F01BB82846FFF7B4FCA8
S21400547001346035D0E728462FF043F9013434353F
S214005480D0E728462FF076F901343835D0E7114CAE
S214005490114BC4E90030204600F0A0FE2046A96863
S2140054A02FF03FFAD1E72FF048F9D9E75423002030
S2140054B0E35E002074270020E45E00202421002004
S2140054C0E25E0020E05E0020081000201069002048
S2140054D0C553000048170020295300002DE9F04F5F
S2140054E087B0FFF7E9FEB94B05A805932FF066F9DC
S2140054F0054615F027FEB64CC2B21F2A627004D9C4
S214005500B44814F011FE00F051FC2946A01C16F019
S214005510ADF805A82FF052F9054615F013FEC2B2F5
S2140055201F2A84F8212001D9AB48EAE7294604F16E
S214005530220016F09BF805A82FF040F93226044604
S21400554000272578002D40F09D80A44CFFF760FFD3
S2140055502378DFF8D0A2DFF8D082A14F00939AF824
S214005560003098F8002039789E4814F0DDFD3A782F
S21400557098F800109AF8000053180344DFF89CB21D
S21400558020782C4603445846DBB2AA4200F31D831B
S214005590012B38BF0123944E029332460023354632
S2140055A04FF482704FF6FF71029C0133A3421370D2
S2140055B05080918002F10C02F6DB8C4B8A498448BD
S2140055C0AB6001F035F8E879AB6800EB400003EB20
S2140055D0800000F0F7FDEB790133EB71844B1B780C
S2140055E02BB18448844B8049436001F00BFC834B0D
S2140055F01A884FF6FF739A4203D07B49804801F021
S2140056003BF94FF00009794C3A784A4500F3E582B9
S21400561000264FF00C097B4ADFF8CCB198F8000062
S2140056203978B04200F3ED8246180C21002501FBC4
S21400563006B19AF800009423A842734A00F3FF824A
S2140056400C253E7898F8003000274FF070081E446E
S214005650064405FB06B5DFF8D4A1604B1B78BB42B9
S21400566000F300830299604800F03AFE059B574914
S2140056701A468B4240F00983644807B0BDE8F04FF5
S21400568014F052BD532D0BD163784C2B40F04E8155
S214005690A378502B40F04A815D4B01221A7011E02E
S2140056A0442D18D16378303B092B0BD8601C2FF0A3
S2140056B092F8584B584A1978002386B2994202F15C
S2140056C0600204DC05A82FF079F8044639E722F8D2
S2140056D0466C0133F2E7422D0BD16378542B55D13B
S2140056E0A01C00F00DFD454B188018462EF067FFF5
S2140056F0E8E7582D34D8412DE4D9433D152DE1D89F
S21400570001A353F825F000BF395B0000C556000022
S214005710275A0000C5560000C5560000C5560000B2
S2140057207F580000C5560000C556000031580000DE
S21400573073570000C5560000C5560000C556000049
S214005740C5560000B15900002D590000C55600008E
S214005750C5560000C5560000C55600004F5A00004A
S214005760692DAFD1601C2FF036F880B22FF0CBF841
S214005770A8E71B4B012019780023284A994202F11A
S214005780A8029FDD02F8A60C0133F7E7601C00F0C4
S214005790B7FC0546E01C2FF096F801210246284685
S2140057A02FF04DF860211B481B4C037859436218B4
S2140057B065524FF4FA6111824FF4487151611849ED
S2140057C056831165013303707CE700BF72570020D3
S2140057D0F4670020FEFD030015FE0300DD5E0020DA
S2140057E0E15E002025FE030070170020E817002069
S2140057F0E05E0020741D002008100020A46E00202B
S214005800F8160020741C0020B81A002075FE03004D
S214005810DC5E0020E35E002054230020781E00207B
S214005820A7470300DE5E0020DF5E00206819002028
S214005830601C00F065FC00224FF034088146AE4F35
S21400584011462EF0FCFF3878AC4D08FB00F325F827
S2140058500390EA18E3781046693B18BF012393705B
S2140058602EF04FFF0021A64A3B785160012103FB32
S21400587008550B443B7015600F46117422E7601CF8
S21400588000F03EFC0022114681462EF0D8FF34225E
S214005890994DDFF86882287802FB00F328F8039019
S2140058A008EB0301E3780846693B18BF01238B70B9
S2140058B02EF027FF934A00231046916B31BB00EB76
S2140058C0831034232A7802FB038383638E4A0023E3
S2140058D01046D2F8A410F9B9A82202FB030034231C
S2140058E02A7802FB0383C0F8A4305FB9844A3B469B
S2140058F0114652F8040BA8B93422287800FB02821D
S21400590041F823202B7801332B70DBE60133042B80
S21400591002F14002D1D1D9E70133042B02F1A802EB
S214005920D7D1E2E70133042BE3D1EBE7601C00F0AC
S214005930E7FB8046E01C2EF0C6FF012102464046EB
S2140059402EF07DFF60217148714D0278DFF8E0C1CE
S21400595051436B1825F801804FF44871198259613C
S2140059606C495E839965E178A824642904BF012107
S21400597099709CF80030DFF890E15C430EEB040170
S2140059800EF804304FF400744C8003240C718C71B4
S21400599002EB420405EB441532240133DBB201323C
S2140059A04B718D6081F8A04002708CF8003089E65B
S2140059B0601C00F0A5FB00224FF0380A8146DFF895
S2140059C06C8111462EF03BFF98F80030524D0AFBD2
S2140059D003F325F803904FF00109EA1882F80490C3
S2140059E0E37873B1E01C00F08BFB002204461146FE
S2140059F02EF025FF98F800300AFB03535C8083F8EE
S214005A00069046483F4A03789901535498F8001088
S214005A1002EB8314C1EBC10205EBC2054A1C6563A9
S214005A2088F80020CEE6601C00F06AFB3C4D28801B
S214005A30E01C00F065FB6880601D00F061FBE37908
S214005A40A880693B18BF0123AB71364B25E6601C66
S214005A5000F056FB8046E01C00F052FB0546601D39
S214005A602EF031FF04460246012140462EF0E7FEA6
S214005A702246284601212EF0E2FE60204FF4487CA4
S214005A80DFF888E0224A9EF8003000FB03F422F894
S214005A900480DFF880801119A1F810C0C1F814C086
S214005AA04E83C1F85880591CC9B248431418A4F84C
S214005AB010C0C4F814C06683C4F8588094241552E5
S214005AC0194D981C8EF800002878DFF868C044430B
S214005AD003EB430301EB41010CEB040E02EB431313
S214005AE002EB41120CF80400CEF80430CEF8082081
S214005AF001302870E6E500BFE45E00207427002031
S214005B0010690020741C0020781E0020E35E002030
S214005B10542300201553000024210020DF5E0020BF
S214005B2008100020E05E0020DE5E0020E25E00201E
S214005B30E15E0020B81A0020601C00F0E1FA804602
S214005B40E01C00F0DDFA00220546114640462EF025
S214005B5076FE00223824114628462EF070FE4F4866
S214005B604F4A03784FF0000E04FB03FC22F80C802B
S214005B704FF0010802EB0C0181F806E081F8048082
S214005B8003EB0801C9B24C4302EB040C15539C1CF2
S214005B9004707024434D8CF806E028788CF8048056
S214005BA04443DFF808C1C3EBC303C1EBC1010CEBF0
S214005BB0040E02EBC30302EBC1020CF80400CEF89D
S214005BC00430CEF80820404493E7467901358E42EB
S214005BD084BF04714471A830D7E4B9F1000F06D031
S214005BE016F8052C02EB420204EB8204B460314640
S214005BF0584601F009FD09F101090BF1A80B0C3616
S214005C0002E571180AD0481E09FB00B0C07900EB07
S214005C10400004EB800409FB01B08460104609FBD9
S214005C200151039201F0AEFA39781F48314409FB5E
S214005C30015101F0CDF8039A01364032EEE4F54208
S214005C4018BF11F8050C03911EBF00EB400004EBD3
S214005C5080048C6003FB052000F0D2FF0399013519
S214005C600C31E6E4F74218BF15F8053C29461CBF80
S214005C7003EB430304EB830408FB07A018BFAC60E8
S214005C8000F094FE01370C35E7E413F8011D0029F7
S214005C907FF4EDAC3B2102F8011CE8E4E25E002054
S214005CA024210020DD5E0020182100206819002035
S214005CB007B5012121200DF1050200F039FA18B9C7
S214005CC09DF80520074B1A70022123200DF10602CD
S214005CD000F02EFA18B9044BBDF806201A8003B05F
S214005CE05DF804FBF46E0020AC6E002007B5064B92
S214005CF08DF80700187001210DF10702212000F031
S214005D0027FA03B05DF804FBF46E002007B5064BD7
S214005D10ADF80600188002210DF10602232000F0DF
S214005D2017FA03B05DF804FBAC6E002007B502213D
S214005D3001200DF1060200F0FBF938B9044814F012
S214005D40F3F9BDF8060003B05DF804FB0020FAE79F
S214005D5092FE030007B50221ADF806000DF106021B
S214005D60012000F0F5F9014610B1034814F0DCF903
S214005D7003B05DF804FB00BFB3FE030010B5FFF7E9
S214005D80D5FF04460146074814F0CEF9012106481F
S214005D9014F0CAF924B9BDE810400120FFF7DABFB5
S214005DA010BD00BFE3FE0300F5FE030008B504487F
S214005DB014F0BAF900F0DCF92EF0A9FD2EF0A4FDDF
S214005DC00BFF030038B50446084D094B28462B60E8
S214005DD000F004FA002C18BF21462846BDE83840DB
S214005DE008BF4FF496712EF09CBD00BF78280020A7
S214005DF0F54703002DE9F043384D91B008AC07464F
S214005E00894690460FCD0FC495E80F00002684E81B
S214005E100F0001250323324C3248CDE90366CDE955
S214005E2005668DF80E300796029539F02BFC2E4845
S214005E3039F028FC32462D4920468DF8176004F0CC
S214005E400BFD334632462A498DF81900009020464D
S214005E508DF82390CDF82C808DF8216004F016FD87
S214005E600A9020468DF8097004F078FC204608AAAF
S214005E7005A904F031FD02AA204603A92FF03DFE35
S214005E804FF400721B4B5A62194BE560626A92052A
S214005E9010D46BB94FF40072164B11485A6204F0D6
S214005EA05DFC114839F0F1FB002011B0BDE8F0832D
S214005EB0013BEBE7002BEDD0094908A82FF050FE78
S214005EC04FF400720B4B06485A6204F047FC064833
S214005ED039F0DBFBBDF82000E7E700BF10960400B2
S214005EE00040005AB8980400B498040080841E004D
S214005EF040420F000060005A0122034B1870034B0B
S214005F001980034B1A707047E75E0020AE6E0020C3
S214005F10E65E0020F8B5454B1B780BB90020F8BDAF
S214005F20434B1B78012B03D1BDE8F8402EF065BC2F
S214005F30404B1C884FF6FF739C42EFD03E4839F02A
S214005F40A1FB0023260AE4B21A462146304604F096
S214005F50C5FB012E354604F0010335D015D9B51E14
S214005F60012DDBD8002B0BBF4FF480754FF08075EA
S214005F704FF470614FF070610BBF01274FF480370C
S214005F800F204FF470202D4B11E0002B0BBF4FF469
S214005F9080754FF080754FF470614FF070610BBFE5
S214005FA001274FF480370F204FF47020244B1A68D7
S214005FB002401CD0BA421AD01A680A4032D11A6877
S214005FC022EA01022A4316E0002B0BBF4FF480752D
S214005FD04FF080754FF470614FF070610BBF012772
S214005FE04FF480370F204FF47020164BDFE71A6807
S214005FF022EA00023A431A602EF0FFFB054600280C
S2140060008CD0083644EA06102A460321C0B2FFF7B1
S214006010F1FE40F6FF73684300F2FF70B0FBF3F04A
S21400602080B27CE795427FF479AFC8E7E65E002051
S214006030E75E0020AE6E0020B898040028C3035028
S21400604020C3035024C3035010B5044C237823B94F
S214006050034839F017FB0123237010BDE95E0020CA
S214006060B89804002DE9F0431F4C85B007468846D3
S2140060709146FFF7E9FF23781BB901F0DFFF012304
S21400608023707BBAADF80C3030220023174E02FB8B
S21400609003F4315DA51901BB012333554FF0FF33DF
S2140060A004F1100012493044AB606F80C5F80480DC
S2140060B0C5F80C9009F054FA04F1080104223144A2
S2140060C00C4B009503A802F08FF8A96802460A4810
S2140060D014F02AF805B0BDE8F0830133102BD6D1B2
S2140060E0064814F021F8F5E7E85E0020A028002016
S2140060F01F4803003148030018FF030046FF030053
S21400610080B10278A2F14103032B0BD840783038D7
S214006110C0B2082806D8054B134413F8413C40EAA1
S214006120032070474FF6FF70704700BF309604009C
S21400613008B50B4642B101460448006803F098F9DA
S214006140BDE808402EF0D9BB022008BD7C690020BF
S21400615008B50B4642B101460448006803F010FB40
S214006160BDE808402EF0C9BB022008BD7C690020AF
S214006170F0B50026124F8DB0FF2300930A22334657
S214006180386802A92FF076FAC0B102AB1D4603EBC1
S214006190800404E055F8043BB34228BF5E1CAC42C2
S2140061A03868E9D9296803F071FC0028F2D02D2858
S2140061B0F0D00DB0BDE8F0402EF09FBB0DB0F0BDA6
S2140061C07C69002028B1034B0360034B4360002327
S2140061D0836070471900000324690020FF2307B579
S2140061E00021044A0093083009F03EF903B05DF838
S2140061F004FB00BF1D4903000B460449024608681D
S2140062000349097808B12EF09CBB7047AC2B0020E0
S214006210EB5E0020F7B50C4618B12921194839F075
S21400622088FA246823685E795F8830463946FFF727
S214006230E3FFF0B18568E5B1A089227D394690423A
S21400624091BF0020801AA36880B294BF03469B18B3
S214006250E27C00903046A8470138032803D8DFE8E0
S21400626000F0080F0B0D0024204632F073FD204688
S21400627000E0812003B0F0BD8024F5E79324F3E727
S2140062808724F1E76EFF0300F8B515460D4A04466D
S21400629010680D4A0B46117850B122462EF051FB7D
S2140062A0034628B100210C27C678B14201DB002046
S2140062B0F8BD07FB01F45A681019125BAA42F7D022
S2140062C00131F2E7AC2B0020EB5E002008B5034B53
S2140062D01B6803B19847002008BD00BFA82B00200C
S2140062E02DE9F74F04460D460026454B454F1860EE
S2140062F0454B197033010021F85C01360FF00AFF98
S2140063000C2EF7D10C2D28BF0C254FF00009019557
S2140063103C4EDFF800A13D4DDFF8FC80019B4B456D
S21400632002DC03B0BDE8F08F23784FF0000B33702B
S21400633063887380A388B380A379C6F80880B37196
S214006340E379C8F8005088F804304FF00003A768D7
S214006350A8F80630E3795B450ADC012116F8100B35
S2140063600FF0D8FE08F1080809F101090C34D5E74A
S2140063704FF0000338886B812880FB784FF0000CC4
S2140063802B81BA78C5F804A0002A00920CBF8022A0
S21400639040222A7379680AF10C02634513DC03EB8A
S2140063A043030AEB830ABB6843B1009A4FF6FF71BA
S2140063B0B2FA82F2164B520932F05CFC14350BF13D
S2140063C0010B0C37C6E7B1F800E00CF1010C22F81F
S2140063D00CEC91F802E00C3202F816EC91F804E0AE
S2140063E00C3102F815EC11F809ECBEF1010F14BFE0
S2140063F04FF0100E4FF0110E02F814ECCDE700BF70
S214006400AC2B002074420020EB5E0020B031002050
S21400641015620000B02B002030340020014B1860BD
S214006420704700BFA42B002070B5128805460E46A4
S214006430FFF72AFF044670B102790499806814F0C9
S214006440D7FF064B1B680BB9002070BD31462846A7
S21400645022889847F8E78620F7E700BFA42B00209D
S21400646008B50EF0F3FE022806D0012806D0044B2D
S21400647018784000C0B208BD0120FCE70220FAE709
S214006480EA5E0020054B10B51C682CB1FFF7E8FF4C
S2140064902346BDE81040184710BD00BFA02B0020C3
S2140064A0014B1860704700BFA02B0020034B1A78E2
S2140064B01AB901221A700AF0CFBE7047EA5E0020B1
S2140064C00022024B1A70FFF7DDBF00BFEA5E002015
S2140064D037B50446002836D00EF0B8FE022834D170
S2140064E0608932F0B4FFE079237A003818BF0120C3
S2140064F0012B637A08BF40F008000BB140F0100093
S21400650063890BB140F00400257CA188A2790DB107
S214006510E36893B90F4B10F0D9F92178084610F0CC
S21400652051FA32F0A0FA044610F00AFA7CB10028BC
S2140065300CBF0020032003B030BDCDE90035064B6C
S21400654010F0C4F9E9E70220F5E70120F3E720465A
S214006550F1E700BF044D0400071C040008B50CF06A
S214006560D9FF014630B1044813F0DEFDBDE808400F
S2140065700DF074BB08BD00BFE0FF0300034B044AE8
S2140065805B7C012103201370FFF7E2BD1069002039
S214006590EC5E002010B50446FFF7F0FFB4F57F4F21
S2140065A00BD10024144B1A8813449C70FEF75CFE33
S2140065B02046BDE81040FFF705BC4FF601739C422D
S2140065C004D1BDE810400D482EF09DB84FF602737A
S2140065D09C4205D1BDE81040094B1878FFF786BBF2
S2140065E04FF60B739C4205D1BDE81040054B18884A
S2140065F0FFF78CBB10BD00BF70570020106900204D
S214006600F46E0020AC6E002010B5074C0121224627
S2140066100320FFF78DFD28B92378044A003B18BFF6
S2140066200123537410BD00BFEC5E002010690020EB
S214006630F8B5624B624D1A884FF6FF739A421CBF3C
S21400664003232B7008235F4A322413703023937081
S2140066505371D37134235470D470362413724FF4AC
S2140066600013147139244364574B9471C364574B19
S21400667001240365564B06198365564BC667C365EA
S214006680554B564E4366564B80F848408366554BEE
S21400669080F854400367544B80F8604043672023DB
S2140066A080F8783080F8843000F12103C0F8883014
S2140066B04E4B80F86C40C0F88C30C0F8806080F894
S2140066C09040C0F894504A4D4A4BC0F8AC504A4DE2
S2140066D0C0F89830C0F8B050092580F8B450474D3F
S2140066E0474BC0F8C450474DC0F8B820C0F8C85053
S2140066F08225454AC0F8A430C0F8BC200F230222E9
S21400670080F8CC50414D80F89C40C0F8D050404DA9
S214006710C0F8A000C0F8D4503E4D80F8A830C0F8AD
S214006720DC503D4D80F8C0202D7880F8D840002DF4
S21400673040D080F8E420394A394DC0F8E820394A7C
S214006740C0F8E050C0F8EC20374A80F8F040C0F8B7
S214006750F420364C227C62B10C2202FB0302344D3C
S21400676001335564012582F8485004F11105D564BB
S214006770DBB24FF0000CCD798E6805EB4502970032
S21400678006EB820226F807C0D370012344309370CC
S214006790EB185060CB71FFF78BFAFFF735FFFFF76A
S2140067A05FFE012808D1237C33B1BDE8F8401F48BE
S2140067B02DF0A9BF0D23CCE7F8BD00BFA46E0020C6
S2140067C0F56E0020ED5E00204996040001002000D2
S2140067D04896040002002000479604000500420088
S2140067E00300200046960400040042000700300024
S2140067F0349604001200100106004200449604007D
S2140068000040420000FF4401FDFF210070570020B9
S21400681002FF2001F46E0020E05E0020AC6E002037
S2140068200BFF21010CFF1000E55E00201069002020
S21400683001FF100113B504460D482DF0CBFE64226F
S214006840C0F30F43637083B2B3FBF2F3A0782370F8
S214006850202201212EF097F8A078212201212EF087
S21400686092F80449201D02B0BDE810402EF059B839
S214006870A46E0020E09304000B7870B583704CF68D
S2140068801E0303804FF02013C362012380F83030CC
S21400689080F83C30C3180364124B0446436402235A
S2140068A0114A80F84830114B8263C3644063CA794A
S2140068B08D6802EB420305EB830004F12C0646606C
S2140068C00B4E45F8236000238360531CCB71094BA5
S2140068D0201DC4E90134FFF781FC2046BDE8704066
S2140068E0FFF7A8BFFDFF2100210020004A96040004
S2140068F00100010335680000437B044A0121137040
S21400690000781130C0B2FFF723BC00BFF75E00204E
S21400691038B504460078054D11302A460121C0B22C
S214006920FFF706FC08B92B78637338BDF75E0020C6
S214006930024B53F820002EF0EDB800BF9034002034
S214006940012908B506D0022907D049B92EF0D9F892
S214006950002008BD2EF0D8F8FAE72EF0D8F8F7E7B2
S214006960024813F0E1FB0120F3E700BF0D0004002E
S21400697010B4054C114654F820001A46BDF80430F1
S2140069805DF8044BFFF7DCBF90340020002310B501
S214006990044683810364A0F844304830FFF71EFCA9
S2140069A0014BC4E9123410BDFB4A030038B5044657
S2140069B00B781A4A43700D4642F82300FFF7E6FFAD
S2140069C02046FFF7A5FF4FF4401323610123144A26
S2140069D02375A261134A84F82030E261124A84F8D3
S2140069E02C306262114A84F83830A26204F10C023C
S2140069F022630F4A04F10D036263E363EA79A86831
S214006A0002EB420300EB830110344C60094C40F863
S214006A102340094B8B60531CEB7138BD903400202B
S214006A20F65E002008002000F66E002000FF300012
S214006A3001FF1001020101047169000010B4702406
S214006A40427B0D48013A012904FB020006D00229C8
S214006A5008D059B95DF8044B2EF053B85DF8044BD6
S214006A602EF052B85DF8044B2EF051B803485DF88E
S214006A70044B13F059BB00BF68190020290004001E
S214006A80B0F85C302DE9F0418B4204460E4638D013
S214006A90437B077C8BB31C4A12789A422DD3702511
S214006AA01A4A013B05FB032390F80F801B7B4246E6
S214006AB02EF03EF8B845054601D1FF281FD13A46CC
S214006AC03146204694F890302EF032F82F46054690
S214006AD0552212216078A4F85C602DF054FFFF2F39
S214006AE003D039462046FFF7A9FFFF2D09D02946D7
S214006AF02046BDE8F0412EF05BB8FF25DFE70746ED
S214006B00E6E7BDE8F08100BFDD5E002068190020E2
S214006B1041688268C978D27849B112B10321FFF77B
S214006B20AFBF837B002B0CBF01210221F7E72AB100
S214006B30837B002B0CBF02210121F0E7014813F0F4
S214006B40F3BA00BF3A000400037BD3B14368DA7897
S214006B5012B18268D278A2B91B7933B1837B002B3D
S214006B600CBF04210521FFF78BBF83681B792BB16F
S214006B70837B002B0CBF05210421F4E7014813F0AA
S214006B80D3BA70476C000400084A437B0521137093
S214006B90837B5370C37B9370037CD370037B13712A
S214006BA000780E30C0B2FFF7D3BA00BFF85E002000
S214006BB038B5044600780C4D0E302A460521C0B282
S214006BC0FFF7B6FA20B1BDE83840084813F0ACBA73
S214006BD02B7863736B78A373AB78E373EB782374CB
S214006BE02B79237338BD00BFF85E0020A800040090
S214006BF0024B53F820002EF025B800BFB834002012
S214006C00F8B504460B78424A43700D4642F8230016
S214006C10404E2EF035F8FFF7CBFF6268A3683E487B
S214006C203E49D6641165D4655065C3E91410DE6428
S214006C30DC654FF0987302266361012304F10C01B2
S214006C40E16137491032216204F10D01A162354934
S214006C502376E16204F10E016163334984F824303F
S214006C60A16304F10F012164304984F83030616477
S214006C7004F11001E1642E4984F83C3084F8483071
S214006C80216584F85460A265E879A96800EB4002A3
S214006C9001EB820704F1140CC7F804C04FF4817CA2
S214006CA0244F41F82270C218D2B202EB420241F8D9
S214006CB022C001EB820700227A601F4A84F87030F7
S214006CC022661E4A84F88830A2661D4A1D4BE2667C
S214006CD01D4AC4F88C3062671C4A8319A26704F107
S214006CE05C02C4F88020DBB2194A03EB4303C4F805
S214006CF0842084F8646084F87C6001EB830260344E
S214006D005460144A033041F82320E871F8BD00BFF0
S214006D10B8340020116B0000074C0300496B0000DC
S214006D2001002001020010010300300104003001C0
S214006D300500210101FC01064A0021004C960400D2
S214006D40510010004E9604004F9604005500210096
S214006D506F0018001200010470B50D460646144672
S214006D6013460A460146164813F0DEF925B92046B2
S214006D70BDE87040FFF70EBC072D05D12146304612
S214006D80BDE8704000F004BC4FF601439D4205D1BB
S214006D9021463046BDE87040FFF72ABF062D05D1D4
S214006DA021463046BDE8704000F0A6B9B5F5817FB3
S214006DB005D121463046BDE87040FFF7B9BD70BD2D
S214006DC0D70004000148FFF729BB00BF596D00003B
S214006DD04FF4C01330B5036001230371074B8C6872
S214006DE08360CA7902EB420304EB830568600448BB
S214006DF044F82300531CCB7130BD00BF50960400EE
S214006E00040001010B786E4A03700123836003F5CA
S214006E102023C0E90423C3604FF4D81383610423FE
S214006E20037700F108030362664B4268436202235D
S214006E30F0B502F11C04C462634C80F82830046389
S214006E4002F11E048463614C80F83430C46302F19E
S214006E50200444645E4C80F84030846400F10C04E6
S214006E6004655C4C80F84C30446500F10E04C46543
S214006E70594C80F85830046600F110048466574C6C
S214006E8080F86430C46600F112044467544C80F8FD
S214006E907030846700F11404C0F88040514C80F8CC
S214006EA07C3080F8883000F11603C0F88440C0F8C3
S214006EB08C30CD798C6805EB450304EB830600F136
S214006EC018077760484F00F1900C44F823700024B0
S214006ED06B1CB460CB712346D2F830E000F18F070C
S214006EE0C3F12006A3F120052EFA03F204FA06F6F3
S214006EF0324324FA05F508332A43302B07F8012FCE
S214006F00EED101234FF47A72C0E926322B22A0F884
S214006F10A0204FF41412C0F8A420062280F8B43043
S214006F2080F8C03080F8E43080F8F03000F1A1033B
S214006F30C0F8F4302D4B0025C0F8C830032380F885
S214006F40A8202B4A80F8CC30C0F8B02000F196027A
S214006F50C0F8B820274A80F8D830C0F8BC2000F126
S214006F609702C0F8C42000F19802C0F8D02000F1C3
S214006F709C02C0F8DC20204AA0F89650C0F8E0201A
S214006F8000F1A002C0F8E8201C4AC0F8ACC0C0F867
S214006F90EC201B4A00F1A407C0F8D420CA798E68FA
S214006FA002EB420306EB83046760164F46F8237035
S214006FB0531CA560CB714368134AC3E90D20F0BD8E
S214006FC00100E80305052100080521000B0529003E
S214006FD0000621000106210002062100030621000A
S214006FE00406210005062100040B010A0103220005
S214006FF00002180000033000030318000603180000
S2140070000203220002070107A14C030038B5002442
S214007010044D55F8040B08B12DF095FE01340A2CEA
S214007020F7D138BDE0340020042908B50AD172B182
S2140070306BB113781BB92DF0B1FE002008BD2DF002
S214007040A3FEFAE7034813F06FF80120F6E70320E3
S214007050F4E700BF0A01040010B4054C114654F8CA
S21400706020001A46BDF804305DF8044BFFF7DCBF7D
S214007070E03400200229024608B50ED004D839B9FB
S21400708010462DF08BFE06E04029F9D0412907D1A5
S21400709010462DF079FE002008BD2DF089FEFAE797
S2140070A0024813F041F80120F6E700BF2A01040069
S2140070B010B4054C114654F820001A46BDF80430AA
S2140070C05DF8044BFFF7D6BFE0340020426B094B57
S2140070D052791A7082785A70C2789A70826B12B19E
S2140070E090F83C20DA70007804210930014AC0B2DA
S2140070F0FFF72EB8FD5E0020024B53F820002DF05F
S21400710073BE00BFE034002038B504460078084D52
S21400711009302A460421C0B2FFF70AF830B96B7866
S214007120A370AB78E370EB7884F83C3038BD00BFD2
S214007130FD5E002038B504460078114D09302A4619
S2140071400421C0B2FEF7F4FFC8B9A3782A78022B50
S2140071500CD004D863B920462DF020FE01E0FF2BAA
S2140071600AD02046BDE838402DF0EDBD002AF2D109
S21400717020462DF009FEF4E7002AF9D1EBE738BDEA
S214007180FD5E0020F8B504460B78284A0D4642F806
S21400719023004370FFF7B8FF636B254A5C631A63EE
S2140071A02046FFF7C7FF20462DF0CDFD4FF4801395
S2140071B063600123626BA66B0532E2601D4A237290
S2140071C02261A21C2375A26166B11B4A84F8203096
S2140071D0E261E21C6262194A84F82C3004F13C0336
S2140071E0A26223630627EA79A96802EB4203002E0F
S2140071F021F8237001EB83000CBF02230423C37025
S214007200012383700E4B04348360531C4460DBB24E
S2140072100C4C03EB430341F8234001EB83000023AF
S2140072204360094B02328360EA71F8BDE034002007
S214007230C54D03000340300101FF300102FF10017D
S214007240B1700000080001005970000028B1034B1F
S2140072501B78834234BF002001207047DF5E002089
S21400726070B500250A4C0B4E3378AB4200DC70BD7F
S214007270D4F8A42042B123791BB16079FFF7E6FF6A
S21400728010B910462DF030FA0135A834ECE700BFEF
S214007290781E0020E15E002008B5427901461046BF
S2140072A0FFF7D4FFA8B1CB780A48013A042B00EBCD
S2140072B082100ED8012B08D81BB9BDE808402DF067
S2140072C063BDBDE808402DF069BDBDE808402DF05F
S2140072D06FBD08BD741C002008B5427901461046F3
S2140072E0FFF7B4FFA8B1CB780A48013A042B00EBAD
S2140072F082100ED8012B08D81BB9BDE808402DF027
S2140073004DBDBDE808402DF03FBDBDE808402DF05E
S2140073104FBD08BD741C002010B586B00446FFF7AC
S2140073209FF8012830D1E278042A2DD8DFE802F051
S21400733013323403030061790846FFF787FF58B31A
S2140073401648032A00EB811050F80C3C58791DD1E2
S214007350003818BF012063784FF480728DF804302F
S2140073604FF48273ADF806300623ADF808300123DB
S2140073708DF80B3000238DF80A0001A8CDE9032311
S2140073808DF81430FFF7A4F806B010BDB0FA80F000
S2140073904009E0E70020DEE70220DCE7741C00205E
S2140073A010B586B00446FFF75BF8012830D1E278C6
S2140073B0042A2DD8DFE802F01313320303006179A4
S2140073C00846FFF743FF48B31548032A00EB811031
S2140073D050F80C3C5B791DD11A1E18BF0122637849
S2140073E08DF80A208DF804304FF48273ADF806301D
S2140073F00623ADF8083001234FF480728DF80B3069
S214007400002301A8CDE903238DF81430FFF760F8B8
S21400741006B010BDB3FA83F25209E0E70222DEE7B7
S214007420741C002010B586B00446FFF719F8012832
S21400743012D16378094A8DF804304FF48273ADF8A0
S21400744006304FF48073CDE90223002301A804938D
S2140074508DF81430FFF73CF806B010BD08000701A1
S21400746010B586B00446FEF7FBFF012820D16278EF
S214007470104B8DF804204FF4827294F8A01094F804
S214007480A10059701870ADF8062004934FF480726E
S2140074900223094901A88DF81430CDE90212FFF73E
S2140074A017F894F8A130013B18BF012384F8A130E7
S2140074B006B010BD015F00200800050110B58378F6
S2140074C0044603B30379022B0AD142791046FFF72C
S2140074D0BDFE28B10C48013A00EB82102DF068FC86
S2140074E0A379022B02D12046FFF716FF2046FFF7AE
S2140074F0B7FF02236078A4F86C305522BDE8104030
S21400750012212DF040BA10BD741C00204388094A91
S214007510082113808388538083681B8A938090F8A1
S214007520A03093718379D37100780430C0B2FEF72F
S2140075300FBE00BFF257002038B50D46044601784E
S214007540114812F0F1FD4FF602739D420ED10F4B1B
S2140075501B782BB963712046BDE83840FFF7D6BFCD
S21400756062790AB19342F6D20123F3E7B5F57F4F6D
S214007570F1D120462DF0B5FCA378022B0CBF0122DA
S2140075800022A3689A70E6E746010400DF5E00204A
S214007590024B53F82000FFF7CFBF00BF083500208E
S2140075A038B504460078144D04302A460821C0B287
S2140075B0FEF7BEFD20B1BDE83840104812F0B4BD5D
S2140075C02B8863806B88E978A380AA88A3681A82D0
S2140075D0AB7984F8A030EB79A371094B1B780BB913
S2140075E0637138BD09B19942FBD9064812F09CFD7B
S2140075F023780133F4E700BFF2570020600104004F
S214007600DF5E002089010400F8B504460B78474A7F
S2140076100D4642F823004370FFF7C2FFA268444BB2
S214007620D465D364434B02265365434BA11C1365B4
S2140076304FF44013E36001236161E1623F49103279
S21400764021632265211D3E4AA1633E483E4962658C
S21400765004F1A002A061E163E265E01C611D3B4A03
S214007660206261643A483B492266A21D2374237750
S21400767084F8283084F8343084F84030A16484F8E4
S2140076804C6084F8583084F864306062A266E8790A
S214007690AA6800EB400102EB810704F10C0CC7F866
S2140076A004C04FF0060C2C4F42F82170C118C9B226
S2140076B001EB410142F821C002EB8107002179600D
S2140076C0264F84F880302767254F84F89830A767C0
S2140076D0244F254BE767254F84F8746084F88C6048
S2140076E0C4F89C3004F16C06831CC4F88470C4F89B
S2140076F090601F4F1F4EDBB203EB4303C4F8946049
S214007700C4F8887002EB83067034746008261A4C3E
S21400771042F82340C31CDBB203EB430302EB8304B3
S214007720043042F823606160E871F8BD0835002037
S214007730394E0300834E0300BD74000001FF300184
S21400774004FF20011000300102FF200105FF300178
S21400775000FF300103FF2101070001084A00210055
S21400776052960400510010005496040055960400EA
S214007770550021006F0018001200010400239B6AC8
S214007780B3F5804F03D21968064A914203D000230E
S214007790037083607047012202709A689B6942609A
S2140077A0F7E700BF07B0CD5E024B034A1A602EF023
S2140077B0BCBF00BF0000002002020FF073B53F4BB5
S2140077C004461A781AB102221A7002B070BDCDE9CA
S2140077D000220028F9D001261E7037F0B5FE384D7D
S2140077E0384B186017F082FA2B785BB902F0F2F982
S2140077F040B935480823354A3549006801F038FE57
S21400780000B92E70334B5A68E260334A9A601A6E9B
S21400781022605A6E6260D3F87021A2601B6E5C0410
S2140078202CD52E4AD368D807FCD42D4B1A68531C87
S21400783029D04FF4801393402A4A13660423294C18
S2140078404FF0804223664FF480632366102323663E
S2140078504FF400536846236601A9226663662DF03E
S21400786058FB009B2366019B63662B78002BACD0ED
S214007870164B1A6822665B686366A6E71A4AD368E0
S214007880D907FCD4D1E7194B1B78002BD6D1184B5F
S2140078905A68144B12B94FF480121A66154A526889
S2140078A012B94FF400121A66134B5B68002BC5D151
S2140078B04FF480020B4B1A66C0E700BF045F00203F
S2140078C0055F0020403500207C69002044350020FC
S2140078D0007108000080004455CEAC000000044053
S2140078E0486900200090004400000450035F002018
S2140078F00080055000C005500000065038B5224DE7
S21400790004462B78012B02D001232B7038BD0028AB
S214007910FCD02DF023FB013009D02DF01FFB40F2E8
S2140079200113984203D0194AD368DB07FCD42268B7
S214007930174B1A6662685A66A268C3F87021E26836
S214007940D40744BF00229A60124B1A68013213D142
S214007950114A127882B911494968C80748BF1A60A7
S2140079600F4A5268D10744BF01221A600D4A526876
S214007970D20744BF02221A6017F0C0F90A4B1868F3
S21400798037F0DDFD0023C0E7045F00200000044060
S2140079900080004448690020035F002000800550F6
S2140079A000C00550000006504035002070B5002489
S2140079B0A36AB3F5804F23D21A68134B9A421FD19D
S2140079C0124E337813F0FD0518D14FF4803410486A
S2140079D0FFF7F4FE032004F04FFC0E4B0320DC60A0
S2140079E004F02EFC0C4B1C61AB6ADB69984704461E
S2140079F00748FFF783FF0CB901233370204670BD9C
S214007A004FF48174FAE700BF07B0CD5E035F002035
S214007A103035002000A000440090004413B5204BF1
S214007A201B7803B9FEE700231E4CCDE900336A46F7
S214007A3008231D49206801F01BFDF8B91B4AD2F83F
S214007A404031D2F840211F2B4FF0010311D9203AC4
S214007A509340019A1A43019208236A461249206805
S214007A6001F08EFE124B134A1A602EF05EFE02B034
S214007A7010BD9340009A1A430092EDE72D28F1D1ED
S214007A800A4AD2F84031D2F840211F2B4FF00103AA
S214007A9085BF203A93409340019398BF0093DBE75D
S214007AA0045F00207C69002000710800008000440C
S214007AB0000000200B020FF038B50025AB6A044624
S214007AC0B3F5804F10D21B6BB3F5804F0CD207482E
S214007AD0FFF774FEAB6A20461B6B5B689847BDE8F1
S214007AE038400248FFF70ABF38BD00BF4C350020BB
S214007AF013B50024A36A0190B3F5804F13D21B6B15
S214007B00B3F5804F0FD20948FFF758FEA36A01214C
S214007B101B6B01A89B69984704460448FFF7EEFED6
S214007B20204602B010BD4FF48174F9E74C350020B2
S214007B3070B50026B36A0446B3F5804F0D4612D2E0
S214007B401B6BB3F5804F0ED20848FFF737FEB36ABB
S214007B5020461B6B29469B69984704460348FFF757
S214007B60CDFE204670BD4FF48174FAE74C350020F8
S214007B7070B50026B36A0446B3F5804F0D4612D2A0
S214007B801B6BB3F5804F0ED20848FFF717FEB36A9B
S214007B9020461B6B2946DB69984704460348FFF7D7
S214007BA0ADFE204670BD4FF48174FAE74C350020D8
S214007BB0F8B50027BB6A0446B3F5804F0D46164657
S214007BC011D21B6B7BB10948FFF7F8FDBB6A204654
S214007BD01B6B324629465B6A984704460348FFF704
S214007BE08DFE2046F8BD4FF40174FAE74C350020B0
S214007BF070B50026B36A0446B3F5804F0D4612D220
S214007C001B6BB3F5804F0ED20848FFF7D7FDB36A5B
S214007C1020461B6B29469B6A984704460348FFF795
S214007C206DFE204670BD4FF40174FAE74C35002017
S214007C30F0B50027BB6A0446B3F5804F0D461646DE
S214007C40ADF5337D20D21B6BB3F5804F1CD21048A8
S214007C50FFF7B4FDBB6A20461B6B40F2C1225B6A8D
S214007C6001A99847044630B10948FFF747FE204669
S214007C700DF5337DF0BD836A32461B6B2946DB6A01
S214007C8001A898470446EFE74FF40174EFE700BFFA
S214007C904C35002010B50024A36AB3F5804F10D2EF
S214007CA01B6BB3F5804F0CD20748FFF787FDA36A1E
S214007CB01B6B1B6B984704460348FFF71FFE2046C6
S214007CC010BD0124FBE700BF4C350020F0B58FB097
S214007CD0044601A80E461546FFF7EEFE9DF80C304A
S214007CE0012B12D1B5F5402F27D8B4F5402F24D854
S214007CF06319B3F5402F20D821462A46304613F0A4
S214007D00B5FC002420460FB0F0BD0027BB6AB3F5D3
S214007D10804F15D21B6BB3F5804F11D20A48FFF780
S214007D204DFDBB6A2A461B6B314620465B6B984767
S214007D3004460548FFF7E2FDE4E740F20244E1E7C7
S214007D4040F20114DEE700BF4C350020F0B58FB0DE
S214007D50044601A80E461546FFF7AEFE9DF80C3009
S214007D60012B1FD1B5F5402F06D8B4F5402F03D808
S214007D706319B3F5402F13D940F2024420460FB0E2
S214007D80F0BDE258013225D104339D42F9D82A4687
S214007D90314620462DF012F90028EDD00024EDE7FC
S214007DA00023F2E70027BB6AB3F5804F15D21B6BA2
S214007DB0B3F5804F11D20A48FFF700FDBB6A2A468A
S214007DC01B6B314620469B6B984704460448FFF7DA
S214007DD095FDD3E740F20344D0E740F20114CDE727
S214007DE04C35002070B58EB0044601A80D46FFF74E
S214007DF063FE9DF80C30012B22D144EA0503C3F341
S214007E000C03002B33D1B5F5402F04D940F20244C1
S214007E1020460EB070BDB4F5402FF7D82544B5F512
S214007E20402FF3D8204604F500542DF0C0F8AC429D
S214007E3002D00028F6D1E9E70028E7D00024E7E7DB
S214007E400026B36AB3F5804F14D21B6BB3F5804F90
S214007E5010D20A48FFF7B2FCB36A29461B6B2046CD
S214007E60DB6B984704460548FFF748FDD0E740F22D
S214007E700444CDE740F20114CAE700BF4C350020A9
S214007E80BFF34F8F0549064BCA6802F4E0621343FE
S214007E90CB60BFF34F8F00BFFDE700BF00ED00E0F3
S214007EA00400FA0570B5D0B1C9B10E4E431E0139B3
S214007EB013F8014F2046325D02F00302012A11F842
S214007EC0012F08BF04F12000B55C05F00305012D65
S214007ED008BF2032801A01D1002CE9D170BD0120E4
S214007EE0FCE700BFB1BD04000348044A0449121A67
S214007EF092102DF0AFB800BF34410000D042000011
S214007F004866002008B5154B83F30A8800F030F861
S214007F10FFF7EAFF124B13498B4212D30020124B95
S214007F2012498B4218D3FCF7DDFE186850F8224041
S214007F30586840F82240013298688242F5D30C33E4
S214007F40EAE70022F8E71C6844F8220001325C6881
S214007F50A242F8D30833E4E70022F8E7080000203E
S214007F6070E204007CE204007CE204007CE2040090
S214007F70124B134A70B59A60D3F88820114D42F41C
S214007F807002C3F888206FF0010205F500542266DF
S214007F9041F2FF7262660222C3F8D020BFF34F8F11
S214007FA0BFF36F8F4FF44036032004F065F90320CB
S214007FB0E66004F045F92E6170BD00BF00ED00E0FC
S214007FC00040000000800044014B1860704700BF6E
S214007FD050690020054B1860054B1B6F03F0070324
S214007FE0032B01D135F062BB704700BF58690020F3
S214007FF0008000502DE9F04104464FF001080C25A2
S2140080000D4E0CB9BDE8F08194FAA4F0B0FA80F0F9
S2140080100F2808FA00F2C8BF103824EA0204CABFC4
S21400802005FB006205FB0062B4325768002FE8D0FB
S2140080309168C0B2B847E4E75C35002008B50C4844
S21400804037F020FB192004F009F928B1192004F0B4
S21400805013F9192004F0F4F81A2004F0FFF828B1F8
S2140080601A2004F009F91A2004F0EAF8002008BDE6
S214008070B89804002DE9F0410E461746054618B399
S2140080800F2923D80378DBB1013BDBB2022B19D8CA
S214008090104AD35C6A78D340DB0717D50E4BD3F86B
S2140080A01043ACB937F050FA80463A462846314677
S2140080B002F042FE404637F042FA2046BDE8F08124
S2140080C07F23E7E70023E5E72224F6E72124F4E709
S2140080D00224F2E7A896040000C0035010B5044638
S2140080E010B30378E3B1013BDBB2022B1AD8104A77
S2140080F0D35C6278D340DB0718D537F025FA012227
S214008100617823788A4030214B4341F2100103F115
S214008110A04303F570335A5037F011FA002010BD13
S2140081207F23E6E70023E4E72220F8E72120F6E7AE
S214008130A896040010B5044610B30378E3B1013BDB
S214008140DBB2022B1AD8104AD35C6278D340DB0726
S21400815018D537F0F9F90122617823788A40302162
S2140081604B4342F2100103F1A04303F570335A501B
S21400817037F0E5F9002010BD7F23E6E70023E4E7AB
S2140081802220F8E72120F6E7A896040038B50D4629
S214008190044618B311B30378E3B1013BDBB2022BFC
S2140081A01AD8104AD35C6278D340DB0718D537F06C
S2140081B0CBF930222378534303F1A04303F5703301
S2140081C05B696278D34003F001032B7037F0B7F990
S2140081D0002038BD7F23E6E70023E4E72220F8E707
S2140081E02120F6E7A89604002DE9F0410D46164634
S2140081F09846044600284FD000294DD00178002923
S21400820040D04B1EDBB2022B3ED8254AD25C6378A8
S214008210DA40D20701D4FF2940D1022E01D9042E1C
S2140082203CD137F091F923780746FF2B05D032462C
S2140082302046296802F0C6FD28602B68013309D164
S2140082402378FF2B06D1174B6078D3F824142DF033
S214008250DCFC286029684B1C18D00C23124A03FB50
S2140082600122069BC2F8048093602378FF2B04D07B
S21400827001230E4A8B40C2F82434384637F05FF9A3
S214008280002007E07F22C2E70022C0E7384637F02A
S21400829056F92D20BDE8F0812220FBE72120F9E7E2
S2140082A0A896040000C003505C35002000D00350A0
S2140082B008B502F037FD044B00F05530C3F8200433
S2140082C0BDE80840FFF796BE00E0035008B502F090
S2140082D029FD044B00F0AA30C3F82004BDE808408E
S2140082E0FFF788BE00E003502DE9F04F1446054620
S2140082F00E469B46C36B87B001225B6902A9606885
S2140083009847EB6B01225B6903A93046984702A8A1
S2140083102DF09FFA074648B10023A37563754FF00A
S214008320FF33A360002007B0BDE8F08F03A82DF050
S2140083309DFA0123A375237E04EBC303DE611F842D
S2140083406368B3420ED1206003A82DF0B1FA4FF057
S214008350FF332075A360237D043B022B26D8002321
S214008360A375DFE723681A1A53425341A37503A87F
S2140083702DF09EFA237D834218BFA77503A82DF023
S21400838079FA074602A82DF075FA874218BF00232F
S21400839003A818BFA3752DF075FA074602A82DF09E
S2140083A071FA87421CBF0023A375D4E703A82DF0FB
S2140083B061FA80B1EB6B022230465B6904A99847EC
S2140083C004A82DF066FA0346207D032839D8DFE896
S2140083D000F03838040903A8F3E7CC22237E04EB28
S2140083E0C3031A8401F06EFC109B187003A8277E46
S2140083F02DF034FA04EBC70787F82200237E03A883
S21400840004EBC303B3F8209093F822702DF032FAF1
S214008410804603A82DF036FA8246B8F1000F15D034
S214008420EB6B022230465B6904A9984704A82DF03E
S214008430F5F96075637D6BB90023A3754FF00008EE
S21400844038E0227E04EBC2021384CBE703A82DF0AB
S214008450D0F9EEE794F81680B8F1000FEED0B9F137
S214008460000F09D1DFB10123E375637E002B4FD1E6
S214008470012F42D1677614E06B6C06EB0A015A4274
S21400848086EA010010421CBF0022A2755A1E0A404E
S2140084909B1A9945D0D8A37D002BE3D1CEE7E37D88
S2140084A043B94FF000084B465246314628462CF05A
S2140084B01BFFA060A27D12B123694B4423611A49B9
S2140084C0237E097899422AD901332376BBF1000F1F
S2140084D027D032B3E37D23B3B8F1000F21D1032FA9
S2140084E01FD0A1684B1C1CD0109B22460093284628
S2140084F00123FFF7F9FEA07513E095F8343063B951
S214008500EB6A0133CFD1032FCDD10123A376C8E781
S214008510012FCFD0032FC4D1F7E79846C3E7002337
S214008520A375A07DFFE600BFCC9604002DE9F04FB2
S2140085300E46984600238BB004464FF0FF31104697
S21400854017468DF8133001F0A7FBB6F5801F20D232
S214008550314605AA04F108002DF0CDF8451C014669
S21400856003D1237CBBB92D2010E0384601F094FBE4
S2140085700122394620460DF113032CF007FF002890
S214008580EFD09DF8133088F8003000200BB0BDE81F
S214008590F08FB01CE5D1E56A691C36D12046616AC9
S2140085A02CF0E8FD0546B31C18BF0123DFF8CC907D
S2140085B00193636A626C0293236805A902FB053A7D
S2140085C0E36B05225B695046984705A82DF0DCF959
S2140085D02DF0FFF950462DF007FA4FF0000B8246BB
S2140085E001464B1C05D0636C81EA0A025B421342CB
S2140085F011D0294620462CF0BDFD029BAB422CD064
S214008600BBF1000F2CD10546D3E72368ED1A636C47
S214008610B5FBF3F5C7E7484601F03EFB0DF1130343
S21400862049462046019A2CF0B1FE034690B1B21C92
S21400863003D0D9F80020B2420CD19DF81320039342
S2140086400D4B88F8002049461A68384613F00EF895
S214008650039B9B46D9F80810C3E7BBF1000F82D0F6
S214008660B6F5801F91D2314698F800307A6804F14A
S214008670080001F03FFA88E7C8960400383D00205D
S2140086802DE9F3410446174698460E46184D816A72
S214008690E36A8B4201D04B1C02D102B0BDE8F081E8
S2140086A0284601F0F9FA0122294620460DF1070373
S2140086B02CF06CFE38B14346294620469DF807202C
S2140086C0B8470028E9D0A9684A1C04D16968204642
S2140086D02CF0DDFD0146012EDAD16B6881EA03023B
S2140086E0636C5B421A4218BF4FF0FF31D0E700BF01
S2140086F00C3D00202DE9F04F4FF0FF334FF6FF7290
S2140087000025044600F10806C0E909238BB0C362C1
S21400871005620563304688462CF0BEFF20462CF0E6
S214008720F9FC60BB204641462CF074FD20462CF038
S214008730F1FC60BB5E200BB0BDE8F08F2368E26BF7
S214008740606C576900FB0530052205A9B84705A8E7
S2140087502DF01AF9012807460CD1294620462CF0A0
S2140087602AFD012F024600D10132294620462CF070
S214008770F0FC03E02DF032F90028EED10135E36974
S2140087809D42DBD320462CF0C5FC0028CAD000252D
S2140087904FF0FF394FF6FF73CA46A846C4E90853A0
S2140087A0E36998450AD3A5EB0905012D2CD84FF6A9
S2140087B0FF72636A93423CD16720BCE72368E26B92
S2140087C0606C576900FB0830052205A9B84705A864
S2140087D02DF0DAF8834605A82DF0ADF80746584682
S2140087E02DF0F7F868B1574538BFC4F82480B9456E
S2140087F028BFB946BD4238BF3D46BA46236A013354
S214008800236208F10108CBE74FF6FF730025636289
S214008810E3699D42CBD2676C2068E36B052207FBB9
S21400882005005B6905A9984705A82DF084F8013571
S214008830EEE7E26B676C2068694607FB0300556944
S2140088400522A84768462DF076F8626A2368606CB1
S2140088504B4D00FB02302DF0C7F84FF0FF33A062FF
S214008860E3622A466FF00101204605ABFFF75EFE85
S214008870002846D1AD6829462046E5622CF026FC45
S214008880206320B92046E16A2CF001FDE06229460B
S21400889020462CF0FCFC0546A36A9D4233D12046B8
S2140088A02CF0E7FB00278046B946E36999453CD3A0
S2140088B0B84559D92046616A2CF05CFC002605466E
S2140088C004F1400AB74212D8626C2368694602FB7C
S2140088D00539E36B05225B694846984768462DF0E4
S2140088E02AF8534602464946E06B2DF07FF82946A3
S2140088F020462CF03FFC0136B0450546E2D1642008
S21400890019E7A56AB7E7294620462CF0DFFB236B5C
S214008910294603440746236320462CF0B8FC054648
S214008920002FB9D1C4E90B07B6E7636C25680522AA
S21400893003FB0955E36B05A95B692846984705A81C
S2140089402DF022F82DF045F858B128462DF04CF8B9
S214008950014620462CF0BAFB636C143B984208BFD5
S214008960013709F10109A0E730462CF095FE0023F7
S21400897020461946034AFFF783FE0020DBE600BFC9
S214008980643D00207B5303002DE9F041036B9046C5
S214008990826B07689A4288BF8363426C436A90B0D2
S2140089A002FB0377C36B0E46052201A95B690446EA
S2140089B03846984701A82CF0E7FF0128014630709A
S2140089C057D0656CE26B2368606AD2F814C005FB6A
S2140089D00030052206A9E04706A82CF0D5FF01289E
S2140089E04FF0000523D0D4E90A3201219342CDE9A5
S2140089F00B458DF834800E958DF83C102AD119461B
S214008A0020462CF044FC236B626C14339B1AE06205
S214008A1023630C9B53B99DF83C303BB1626A616C92
S214008A202368E06B01FB02312CF066FF0C9DE36BC4
S214008A3005225B6901A93846984701A82CF0A4FFD7
S214008A4030702846236BA26B9A4288BFA36310B08F
S214008A50BDE8F081237C33B91C490BAA04F1080059
S214008A6001F096F8D5E72046194A0BABFFF708FE4B
S214008A70CFE7237C23BB2246164904F1080001F009
S214008A8087F8616A20462CF096FB616A421C2046F5
S214008A902CF05FFB054620B9236B626C1344143B35
S214008AA023632046A16A2CF0F2FB2368A062C01A5A
S214008AB0636CB0FBF3F0606220462CF02BFCB6E74C
S214008AC000232046044AFFF7DBFDDAE72D9200007C
S214008AD0A991000015540300B153030073B50D4669
S214008AE0D11E4A421C461B7E4A419A4226D129681C
S214008AF02368994222D3636899421FD8114E0DF11C
S214008B0007033246FFF712FDC0B972686B689A42D7
S214008B1014D19DF80730DA1E53425341227E934209
S214008B200CD1636901336361D4E90323934205D210
S214008B302968A26842F8231001332361012002B09D
S214008B4070BD00BF643D00202DE9F04F9B4689B004
S214008B509DF848309046514A0193136907465B4595
S214008B600D46C0F09580D94653680093B9F1000FC2
S214008B707BD0FB6B01225B6905A90098984705A886
S214008B802CF074FE454B1B68984240F0848005A884
S214008B902CF078FE0428064615D105A82CF079FEA0
S214008BA0009B04461E44019B002B3ED1804512D9F3
S214008BB01C46A8EB0008384600992CF068FBA9EB89
S214008BC004090090D2E7FB6B02225B69009806A9B5
S214008BD0984706A8E2E7A0EB08045C4528BF5C4679
S214008BE0032C4644ABEB040B1DD9FB6B29463046E1
S214008BF05B69A208984724F0030304F0030A1E44A6
S214008C001D44DDF80480BAF1000FD4D0FB6B0122BE
S214008C1006A930465B6998475246284606A912F0D0
S214008C2025FD5544C7E7A246EBE7824600F003035E
S214008C3002932B1803930644039BA6EB0A00A3EBB0
S214008C400A05029B9A4514D1BAF1000FB3D0FB6B0C
S214008C50012206A95B6998475246284606A912F0E3
S214008C60C1FE0028DDD04FF03609484609B0BDE801
S214008C70F08FFB6B012206A95B6998470422284601
S214008C8006A912F0AFFE0028EDD1AAF1040AD3E738
S214008C904FF06309E9E74FF06F09E6E7903D0020E3
S214008CA02DE9F0410F4616469846044688B060B354
S214008CB090F83450FDB101212CF021FA00210E9BD2
S214008CC0CDE90511CDE902379DF83C30CDF804809A
S214008CD08DF81C30237C04968BB90D4901AA04F14B
S214008CE0080000F055FFDDE90553E06B002E08BFD5
S214008CF01D462CF09DFB284608B0BDE8F0812046B6
S214008D00044A01ABFFF7BCFCEDE70546F3E700BFFE
S214008D10DF530300DD8A00007FB590F8426004460A
S214008D2001920DF10B030A46304611492CF088FBE0
S214008D30012E0546E36B17D132465B6903A99847B7
S214008D409DF80B10039B019A59B19BB243EA02436C
S214008D50012228460393E36B03A99B69984704B056
S214008D6070BD62F30F03F3E701229B6901A9F5E7E3
S214008D70903D00202DE9F04F99B00E460D920A69FD
S214008D80416C0B931439D31DB3FBF1F3013302EBA3
S214008D90C302036B04469342C0F001820023DFF84F
S214008DA004940893E36A48461946059300F074FF56
S214008DB0D6E9033707930B9B022B4DD1CC2F40F0FF
S214008DC0D7810D9B3BB1314620462CF08FFB656C5E
S214008DD01490012044E00120079B656C1B681493E7
S214008DE000F0010000280CBF04230823782F0E9300
S214008DF049D8059A6B1E1340ED1A3B1D9D423CD286
S214008E00002F3DD0082D3ED80023042506934FF0B2
S214008E10040A336806990B98C9F80030C9F8107030
S214008E202CF04AFD4FEA9A030F93059B89F814002D
S214008E300393002309930C9304930A93616C039B9A
S214008E404A1E1A408B1A27B35544AB4223D8236BCD
S214008E505B1A134423632FE1782F656CB9D8F07D35
S214008E600D9B002BBCD0E36B01225B69706816A9D2
S214008E70984716A82CF0FEFCB4E700250695C6E732
S214008E8004250697C3E7012300254FF0080A06933A
S214008E90BFE75345DBD3A3EB0A029742039BB846D2
S214008EA028BF90469742534428D90122D9F810107B
S214008EB089F817208F4226D10399C9F80410049226
S214008EC099F817200AB399F818100398CA1C09EBEA
S214008ED0C202506004980131A2F80880907289F8A6
S214008EE01810B8F1000F07D00B9A022A40F08180C4
S214008EF0099A72B1012209929B46ABE0049A002AB5
S214008F0018BF0322DBE70222D9E7039AC9F8042038
S214008F10E7E70C9A4244032AEED9E26B18469569B5
S214008F2014A901220993A847099B05460028E1D009
S214008F303D2D40F01E8104F1080303932368059A33
S214008F40606CA2EB030ABAFBF0FA00FB0A302CF0C6
S214008F504BFDE16A804620462CF099F9A26A8242CF
S214008F6000F00F81626CD9F80830511E0B40216B5F
S214008F702768891A0B442363089BE062DF1BB7FB54
S214008F80F2F7BA4540F0FA80059BB3EB080A12D018
S214008F90E36B4FEA9A0241469B6998478346E36A29
S214008FA0059A5344E362236B03989B1A4344236356
S214008FB02CF072FBDA462368616CE06B01FB07312C
S214008FC02CF087FC20462CF0A5F820462CF0A2F9C1
S214008FD02063BAF1000F00F0D4803269616CD31DB3
S214008FE01439B3FBF1F3013302EBC3029042A5D26E
S214008FF0BFE00D9A002A77D1B8F1030F4FEA980226
S2140090006ED9E16B18468D6907991093A847109B97
S2140090100546C0B918F0030515D0079A28F0030BCB
S21400902002EB0B019B444FF0FF3215A815922A461F
S214009030109312F01BFBE26B5846956915A90122A6
S214009040A8470546109B9B46079A42440792002D68
S21400905040F08B80049B16A80193069B009399F81A
S21400906014204346316800F0CDFDE36B0F9A9B69F0
S214009070039816A99847039A051E089B18BF13461F
S214009080089343465246204603992CF02DF9236B4D
S21400909008F10302A3EB0A0322F003029B1AC9F8A5
S2140090A008002363002D7FF443AF0C9BA7EB080753
S2140090B043440C93CDF80CB0204603992CF0E7F807
S2140090C000250390002F7FF4B9AE364A31689368C6
S2140090D004F10800E36252680B9B00F00BFD49E0C8
S2140090E09B46454607999EE79B4606F1200210924E
S2140090F0F27D7068A2B1002296F818C00A99D5B21F
S214009100AC4511D9109D02F1010E35F832508D4252
S21400911028D90E9806EBC2020144D069084403E041
S2140091200E9A0A990A441044E26B15A95569012261
S2140091301193A847159A0A9B1392E26B043395691C
S2140091405846012213A90A93A847119B054603EB2C
S2140091500802A2EB0B02042A7FF679AF28B90BF1BE
S214009160040BC5E77246491BC9E7CDF820B088E76F
S21400917070252F46384619B0BDE8F08F4FF0000A2C
S21400918019E73269616CD31D1439B3FBF1F301336F
S21400919002EBC302236B9342BFF404AEE9E71C273D
S2140091A0E8E700BF383D0020032A2DE9F3410646D4
S2140091B00D4617461C4606D1237A012B23D00120E4
S2140091C002B0BDE8F081DFF86080096842460DF124
S2140091D00703FFF7ABF960600028EDD19DF8072084
S2140091E0237A032AE8D0D8F804106A689142E3D1BB
S2140091F0012B2969D4F80CC007D172690CEB010366
S214009200934202D92074207CDAE708316144E16099
S2140092103B46012229463046FFF7ACFD6060002839
S214009220CAD00020CCE700BF643D00202DE9F34102
S214009230089C032A1746266806D1237A012B24D0D9
S214009240012002B0BDE8F081DFF89080304642464B
S2140092500DF10703FFF76AF960600028EDD1256875
S214009260D8F80400A96AD5F844C04840CCF10003F9
S2140092701840227AE1D1012A09D1E268D8F81030E4
S21400928013447269934202D92074207CD9E7286877
S214009290EB6A1B1A081AB3FBFCF3B0FBFCF0834224
S2140092A00BD1706CF36A421E1340326B121A1344D1
S2140092B0284633632BF0EBFFE862D8F81020E3680B
S2140092C008321344E36001223B4604492068FFF756
S2140092D051FD60600028B0D00020B2E7643D002059
S2140092E02DE9F0410025604B0E46D3F80080044679
S2140092F01D6018B921252846BDE8F08190F8347025
S21400930007B30A6803689A4240F0A3804A68436835
S2140093109A4240F09E808A6883689A4240F099801C
S214009320CA68C3689A4240F094800A6943699A42C0
S21400933040F08F808A69C36B9A4240F08A804B69FE
S2140093408361D8E768223946856B11F0FFFFD6E9BE
S2140093500212336804F1080023607368A563636033
S214009360336963617369A3612CF0A8F9B36904F1EA
S2140093704000E3639B68984720B9676C17B1636841
S214009380B3FBF7F794F84330E761002BB2D0002325
S214009390656C2366002D64D0002F62D02368B3FB73
S2140093A0F5F205FB1233002B55D16668B6FBF5F3D4
S2140093B005FB1363002B4ED120462BF077FEA369E6
S2140093C0043303449E4248D340F634726369CC3B70
S2140093D0934244D8B5F5805F43D3032120462BF053
S2140093E08EFED4E90001E36B1B6898470546E36BE5
S2140093F00220DB689847CDB941462046FFF77AF948
S2140094006428054604D141462046FFF773F9054611
S214009410666C5DB9236A2046143E5E432BF046FE1A
S214009420A369043303449E4238BF5A25002D0CBF5F
S2140094300123002384F8343007D1D4E900010B4A15
S2140094401368013313602CF0D3F9E06B2BF0F0FFB8
S21400945051E75D254FE759254DE75A254BE75F2530
S21400946049E75B2547E700BFC8360020C436002022
S2140094702DE9FF410C4616461F46054680B390F878
S21400948034307BB3B1F5801F2ED2DFF86080012127
S2140094902BF035FE2146424628460DF10F03FFF716
S2140094A045F8044670B99DF80F30012B11D1D8F855
S2140094B01030BB4212D10246009031462846FFF7D4
S2140094C043FB0446E86B2BF0B3FF204604B0BDE830
S2140094D0F081022B14BF2D246024F3E76324F1E708
S2140094E02124F2E71124F0E72924EEE7903D00203E
S2140094F02DE9F04385B00C4617461E460546DDF8B6
S214009500308098B390F8343093B3B1F5801F31D2E1
S214009510DFF8649001212BF0F2FD21464A462846EA
S2140095200DF10F03FFF702F8044688B99DF80F30D7
S214009530012B14D1D9F8102006EB08039A4213D356
S21400954000904346324639462846FFF7FDFA044661
S214009550E86B2BF06DFF204605B0BDE8F083022BCC
S21400956014BF2D246024F3E76324F1E72124F2E7F7
S2140095701124F0E72924EEE7903D002073B50C4651
S2140095801646054630B390F834302BB3B1F5801F3D
S21400959024D201212BF0B3FD21462846104A0DF1B6
S2140095A00703FEF7C3FF044680B99DF80730032B78
S2140095B00CD0022B0CD1284609492BF097FF3060BF
S2140095C0E86B2BF035FF204602B070BD2D24F7E780
S2140095D06124F5E72124F6E71124F4E72924F2E7CD
S2140095E0903D00202DE9F3411E4600230C46174609
S2140095F00546336050B390F834304BB3B1F5801F56
S21400960028D2DFF8548001212BF079FD214642460E
S21400961028460DF10703FEF789FF0446A0B99DF81A
S2140096200730032B10D0022B03BF01233B6004231B
S214009630D8F8103018BF38603360E86B2BF0F8FEAF
S214009640204602B0BDE8F0812D24F6E72124F7E796
S2140096501124F5E72924F3E7903D002073B504466E
S214009660056B2BF023FD636E03449D422CBF002345
S2140096700123854294BF00252D1A207C84F85030A3
S214009680656584F85800A8B100230C4E1A461946A2
S214009690204600962BF0EEFF002305461A46194694
S2140096A0204600962BF0EFFFE3682844984294BFCC
S2140096B00020C01AE06502B070BD00BFFFFF0F00BB
S2140096C02DE9F3471E4643690446B34288461746CB
S2140096D09DF828904ED300258DF8075020462BF095
S2140096E0E5FCD4F830A082450AD2236AB5EB430FD6
S2140096F006D2002220460DF10701FFF745F9B8B360
S2140097009DF80730012B05D1002220460DF10701F8
S214009710FFF73AF9B9F1030F06D0314620462BF091
S214009720B5FC256B854227D3144D4FF0FF312846F4
S21400973000F0B2FA4B46294600222046C5E90376D9
S214009740C5F80080FFF716FB236E054663B120467A
S214009750FFF784FF94F8503013B994F858301BB1D3
S214009760236E04F150009847284602B0BDE8F08703
S2140097700135B3E76225F7E71C25F5E7643D0020D1
S2140097802DE9FF410F4690461E46054698B390F8D1
S214009790343093B3B1F5801F31D21A4C02212BF02E
S2140097A0AEFC2246394628460DF10F03FEF7BEFEF4
S2140097B0024678B10123424600933946334628468E
S2140097C0FFF77EFF0446E86B2BF032FE204604B01F
S2140097D0BDE8F0819DF80F30012BEBD12169B14235
S2140097E0E8D10093414633462846FFF7ADF90446D4
S2140097F00028DFD1E7E72124E8E71124E6E729245B
S214009800E4E700BF903D00202DE9F04790F8423095
S21400981086B0012B05460391A1EB020740F0AA8013
S214009820FF2F03D81E464FF0640807E00226012BE0
S21400983014BF4FF032084FF06408013600244FF68C
S214009840FF79DFF844A195F84230012B14BF32238C
S21400985064239C4202D35FFA88F40DE005AB2246EF
S214009860514628462BF020FE95F84230012B059BEA
S21400987034D14B452DD1E4B295F84230012B14BFBC
S21400988032226422121BB24217D3012E39D1002293
S214009890012B05978DF8132027D1082205A90DF175
S2140098A013002CF0BDF89DF81330059A42EA032207
S2140098B021462846FFF730FA40B10223324900938A
S2140098C02846CC23096803AAFFF7FAFE06B0BDE8CF
S2140098D0F087DBB203B902340134B4E7591CCAD0AE
S2140098E09BB2002BF8D10134F6E7102205A90DF142
S2140098F013002CF095F89DF81330059A42EA0342BF
S214009900D6E7039A012B059223D10823202205A926
S2140099100DF113008DF813302CF082F89DF813200B
S214009920120221462846FFF7F7F995F84230611CE7
S214009930012BC9B21AD10028BFD12846BDF8142081
S214009940FFF7EAF90028B8D10234BDF81620E1B2D4
S214009950AFE71023202205A90DF113008DF8133070
S2140099602CF05EF89DF813201204DAE70028A4D144
S214009970059A9EE7B7F5803F4FF00106BFF457AF54
S2140099804FF032085AE700BF903D002070B586B011
S2140099900E4605460392A0B390F834309BB3B1F55B
S2140099A0801F32D202212BF0AAFB31462846184AE5
S2140099B00DF11703FEF7BAFD044618B99DF81730E7
S2140099C0032B0ED10223314600932846CC2303AA4C
S2140099D0FFF776FE0446E86B2BF02AFD204606B01D
S2140099E070BD022B0BD10A4928462BF07FFD039948
S2140099F002468142EFD02846FFF706FFEAE76124D9
S214009A00E9E72124EAE71124E8E72924E6E700BF8E
S214009A10903D0020F7B50C461646054668B390F80C
S214009A20343063B3B1F5801F2BD202212BF067FBD5
S214009A3021462846144A0DF10703FEF777FDC0B904
S214009A409DF80730032B14D0022B14D10E4928465C
S214009A502BF04CFD471C024639462846FFF7D4FE3D
S214009A60044606B13760E86B2BF0E2FC204603B0F4
S214009A70F0BD2D24F7E76124F5E72124F6E711244D
S214009A80F4E72924F2E700BF903D002030B50C46ED
S214009A90054685B028B390F8343023B3B1F5801F5F
S214009AA023D202212BF02BFB0DF10F032146284673
S214009AB00F4AFEF73BFD034688B99DF80F20032AA0
S214009AC00DD003222146009202462846FFF7F8FDF5
S214009AD00446E86B2BF0ACFC204605B030BD2D24C8
S214009AE0F7E72124F8E71124F6E72924F4E700BF76
S214009AF0903D00202DE9F043466886B305689846F9
S214009B004FF0000CA946AE4655F83C400CF1010C4F
S214009B10C4F31307013401D0B94217D0B4450EF18F
S214009B20080EF1D12F46002403E0B44207F10807DF
S214009B3012D055F8343001340133F6D1C1F3130195
S214009B4041EA0851C7E90012BDE8F08341EA08512E
S214009B50CEE90012BDE8F083B8F1030F03D101236C
S214009B600372BDE8F083002303E0B34209F108095D
S214009B70F5D055F833400133C4F30754032CF4D121
S214009B80C1F3130343EA0853C9E90032BDE8F08382
S214009B902DE9F0410646406882B0B8B10F469046BF
S214009BA00024336853F8345003EBC403C5F307525C
S214009BB0C5F31301013506D05B683046CDF800804A
S214009BC0B84718B1706801348442EAD302B0BDE8E1
S214009BD0F08100BF024B1968024B1868FFF780BB84
S214009BE05C6900207C69002008B535F0A0FC014BBC
S214009BF0186008BDBC3D0020014B186835F092BCCB
S214009C00BC3D002073B504462248012A00EAC11173
S214009C109DF8185023F07C4007D9961E012E28D9AF
S214009C20073303F07F03194308E09DF81C300A430E
S214009C30DB0603F0C053134343F060410023C4E93E
S214009C4000108DF80730B5B1202221460DF107002F
S214009C502BF0E6FE1A220DF10700211D2BF0E0FE88
S214009C60082063689DF8072043EA8263636002B0B9
S214009C7070BD1143E2E71B220DF1070021462BF0D1
S214009C80CFFE23689DF80720042043EAC2632360C2
S214009C90EDE700BF80FFFF0738B5094B0D461A6891
S214009CA00021044611F052FB00234FF0FF322383BD
S214009CB0C4E900252361A260E382A37638BD00BF15
S214009CC0C89604000138C0B205289ABF014B185C3C
S214009CD001207047CD9604002DE9F0410746154651
S214009CE000240E46596888B0490A012922464FEAE0
S214009CF0510104F10104F8D8DC78997824031B8814
S214009D00C90201F4006104F480540C43C3F30A034F
S214009D105203234492B24FF000089C18274B6FEA78
S214009D200444039325F07843ED4302A90DF10700A0
S214009D301B2202938DF807802BF072FE9DF80720F9
S214009D40029B02A943EAC2630DF107001B2225F01D
S214009D507845049302958DF807802BF061FE9DF8F8
S214009D600720029B6FEA144443EAC26305934FF050
S214009D70FF330794069307A9BB69012206F110007A
S214009D809847BB6905A90446012206F108009847D2
S214009D90BB69404518BF044604A90122301D9847F8
S214009DA00122404518BF0446BB69304603A99847C0
S214009DB0404508BF204608B0BDE8F08101009AB2D1
S214009DC038B5104B0546D3F800310C4603F00303B4
S214009DD0022B0BD0032B0DD0012B0FD133F080FCC0
S214009DE0032305B1286004B1236038BD33F0C2FCFC
S214009DF00723F6E735F0AEFB0623F2E70123002043
S214009E00EFE700BF0080005038B5134B0546D3F887
S214009E1020010C4600F0070004281AD8DFE800F0FE
S214009E2003090D111500012305B1286004B1236054
S214009E3038BD33F01BFC0423F6E733F051FC032354
S214009E40F2E733F053FC0523EEE733F045FC02233C
S214009E50EAE700231846E7E70080005038B5104BC5
S214009E600546D3F840310C4603F00303022B0BD013
S214009E70032B0DD0012B0FD135F06EFB082305B157
S214009E80286004B1236038BD33F074FC0723F6E77E
S214009E9035F065FB0923F2E701230020EFE700BF5A
S214009EA00080005038B5104B0546D3F860310C469C
S214009EB003F00303022B0BD0032B0DD0012B0FD185
S214009EC035F04AFB082305B1286004B1236038BD8D
S214009ED033F050FC0723F6E735F041FB0923F2E7A1
S214009EE001230020EFE700BF0080005041F67132EA
S214009EF010B5104C104BA04294BF00240124D96921
S214009F00DA639A6801F4803122F4401242EA04527D
S214009F109A600A4A90420A4AD2F818028CBF40F069
S214009F20020020F00200C2F8180209B10022DA632B
S214009F3010BD00BF005A62020000035080F0FA0213
S214009F4000C007502E4B98424AD022D82D4B98423C
S214009F5040D014D82C4B984239D00AD82B4B984274
S214009F6032D02B4B98422FD02A4B98422CD0002030
S214009F707047294B9842FAD1284B186F7047284BE8
S214009F8098422AD0274B9842F1D1244BD3F8800030
S214009F907047254B98422BD009D8244B984223D0A3
S214009FA0234B9842E3D11D4BD3F88C007047214BCE
S214009FB0984221D003F5740303F510539842D6D186
S214009FC0164BD3F898007047144B986D7047134B98
S214009FD0586E7047114B586F7047104B986F70470C
S214009FE00E4BD3F8840070470C4BD3F888007047AC
S214009FF00A4BD3F890007047084BD3F8940070478C
S21400A0000048E8010024F400C0CF6A0080841E00E7
S21400A01000093D0040420F00405DC6000080E00F92
S21400A020C0EA210180BA8C01007E560380D5430227
S21400A030006CDC020090D00337B50C460021114BB3
S21400A0400191D3F88031054603F00303022B0ED0AE
S21400A050032B11D0012B03D101A8FFF7D5FE0D214C
S21400A0600DB1019B2B6004B1216003B030BD33F00D
S21400A0703DFB05210190F3E733F02EFB0221019012
S21400A080EEE700BF0080005038B5104B0546D3F809
S21400A09040320C4603F00303022B0BD0032B0DD0EB
S21400A0A0012B0FD135F058FA082305B1286004B10A
S21400A0B0236038BD33F05EFB0723F6E735F04FFA32
S21400A0C00923F2E700231846EFE700BF00800050A0
S21400A0D038B5144B0546D3F800020C4600F00700CE
S21400A0E004281BD8DFE800F003090D111500012332
S21400A0F005B1286004B1236038BD35F02DFA082379
S21400A100F6E733F037FB0723F2E735F028FA0923A2
S21400A110EEE733F0CBFA0C23800AE9E70023184673
S21400A120E6E700BF0080005038B5144B0546D3F86C
S21400A13008020C4600F0070004281BD8DFE800F0F1
S21400A14003090D111500012305B1286004B1236031
S21400A15038BD35F001FA0823F6E733F00BFB07238A
S21400A160F2E735F0FCF90923EEE733F09FFA0C230B
S21400A170800AE9E700231846E6E700BF00800050A3
S21400A180032814D005D8012805D0022809D00020BD
S21400A19005E00F28FBD1084B186FC0F301300130E3
S21400A1A07047054BD3F89000C0F30460F7E7024B06
S21400A1B0186FC0F38020F2E7008000501FB5002320
S21400A1C00193252817D8DFE800F0131A1D272C3630
S21400A1D03B51565B60656A78161A401616561A2763
S21400A1E02C27361A5127783B3B3B3B2727275B60BB
S21400A1F033F042FA0190019805B05DF804FB33F0A5
S21400A20055FAF7E733F038FA02460220FFF7B8FFB0
S21400A210B2FBF0F20192EEE733F048FA0246032072
S21400A220F4E733F043FA02460320FFF7A9FFB2FB38
S21400A230F0F25208EEE7002101A8FFF7FDFEDAE78C
S21400A240002101A8FFF7E0FDD5E702934FF0E023D9
S21400A2501B695B0705D533F029FA0290029B019330
S21400A260C9E703A902A8FFF7F9FDF7E7002101A84F
S21400A270FFF7F4FDBFE7002101A8FFF713FEBAE7DA
S21400A280002101A8FFF724FFB5E7002101A8FFF78A
S21400A2904BFFB0E7002101A8FFF792FDABE7094BA3
S21400A2A0D3F8803003F00303022BA8D0032B01D091
S21400A2B000209FE733F01AFA9CE7002101A8FFF779
S21400A2C0E3FE98E70080005008B50120FFF776FF10
S21400A2D0BDE808400349884294BF012102210320BB
S21400A2E000F002B880F0FA02032810B50C4627D01A
S21400A2F004D8012804D0022817D010BD0F28FCD19E
S21400A3002BF0ACFB2BF0B2FB124A013C136F23F48C
S21400A310405343EA0433136733F0C8F90021FFF7CC
S21400A320E5FDBDE81040FFF7CFBF0A4A4C1ED2F845
S21400A330903023F0F85343EA0463C2F89030DCE729
S21400A340044A4C1E136F23F4806343EA8423136786
S21400A350D3E700BF008000501FB5002301932528D7
S21400A36021D8DFE800F013202020202A2F454A4F6E
S21400A37054595E7120203420204A202020202A2094
S21400A3804520712F2F2F2F2020204F54314B1B6F2D
S21400A39003F00703013B032B05D8DFE803F00C02AC
S21400A3A0080A04230193019805B05DF804FB032313
S21400A3B0F8E70623F6E70223F4E7002001A9FFF7F3
S21400A3C03BFEF0E7002001A9FFF71EFDEBE7029336
S21400A3D04FF0E0231B695B0705D533F067F90B23C5
S21400A3E00393039BDEE703A902A8FFF737FDF8E710
S21400A3F0002001A9FFF732FDD5E7002001A9FFF7ED
S21400A40051FDD0E7002001A9FFF762FECBE7002050
S21400A41001A9FFF789FEC6E7002001A9FFF7D0FCD7
S21400A420C1E70C4BD3F8803003F00303022B03D0B4
S21400A430032B05D00023B5E733F038F90B23B1E73B
S21400A44033F054F90523ADE7002001A9FFF71CFE01
S21400A450A9E700BF0080005008B50320FFF790FE74
S21400A460034B18702BF0FAFABDE808402BF0FEBA42
S21400A470065F002010B5044633F018F90021FFF7F8
S21400A48035FD1CB1BDE81040FFF71EBF034B03208F
S21400A490BDE810401978FFF727BF00BF065F002011
S21400A4A038B50546FFF74EFD204B04465A68012A8C
S21400A4B004D11F494A609A699207FCD10020FFF731
S21400A4C04BFF042803D12BF0C9FA2BF0CFFA194A18
S21400A4D024F0407395421FD0174A95421FD0174A62
S21400A4E0D16811F0060FFBD19068936091684B40DD
S21400A4F013F4F81F16D12846FDF766FD0020FFF777
S21400A5002BFF042810D133F0D1F80021FFF7EEFC22
S21400A510BDE83840FFF7D8BE43F00073DFE743F0EE
S21400A5208073DCE79060E9E738BD00BF00C00150EB
S21400A53000E0015040420F0080841E0000000150E1
S21400A54070B504460020FFF707FF03287CD045F6C9
S21400A5500E030221414AC2F88030414B9962012124
S21400A56003F580539962936DD903FCD4D4E90013A4
S21400A5701B0543EA0163E17B94F823500B43217BE0
S21400A58043EA0143617B43EA0133A17B43EA81133B
S21400A59013619169D4E904031B0643EA806301F062
S21400A5A000410B43A17EE07E0B43217E43EA01433C
S21400A5B0617E43EA01239361E169136A002923F06F
S21400A5C00D0343EA010314BF0121002143EA80037F
S21400A5D043EAC103136294F8203094F82200916A8B
S21400A5E04FEA431331D194F8216021F0330143EA56
S21400A5F006130B4343F0010393621A49174A936DFF
S21400A60031EA0303FBD10221154B9962936D5B007F
S21400A610FCD41369A16823F4700343EA0153136161
S21400A6204FF000420E4B9A6118B9022203F5805390
S21400A6309A6215B901220C4B9A6294F824301BB129
S21400A640064B0A4AC3F8802070BD21F03301294327
S21400A6500B4343EA40039362EFE700BF00C000509D
S21400A66000D000500300014000E00050F1A7FFFFBB
S21400A670014B93F900007047075F0020014B1880DC
S21400A680704700BFB06E00200C4A10B51369044630
S21400A69043F00403136133F079FB2BF0EBF9084B1E
S21400A6A0084AC3F8202430BF2BF0E5F902F066F91B
S21400A6B01CB9BDE8104032F0F9BF10BD00ED00E057
S21400A6C000E003500000FFFF034A0179D36E23F039
S21400A6D030030B43D366704700400050F8B504467D
S21400A6E00D461F4616464AB101238B403021184AB4
S21400A6F001FB0022F7B141F21001535004EB440372
S21400A700072D4FF00F014FEA031316D8A80006FADC
S21400A71000F281400F4818442BF0B0F94EB90123DF
S21400A72030210B4AAB4001FB042277B141F2100105
S21400A7305350F8BD42F21001DFE7A5F10800800093
S21400A74006FA00F281400448E5E742F21001EFE71E
S21400A75000C0035004C003500CC00350012200F593
S21400A760805310B55A60244B244AC3604369134093
S21400A770FCD18361C0F89830436913F4401FFBD1C5
S21400A7804369DA052CD4836F53BB43699B0529D4F0
S21400A790D0F8883033BB0121C26FD0F88C2000F58A
S21400A7A000525160302183600361C3620362016717
S21400A7B0C0F880101249884208D142F2600411495C
S21400A7C08464016543658465016643660C49884276
S21400A7D002D10020102B08D10B4B5362936210BDA0
S21400A7E0436FCDE7D0F88430CFE703F1280441F873
S21400A7F024000133EEE700BF120002005200010001
S21400A8000040005A00C002808F330F80084608B50B
S21400A81069B91820FFF7D2FCB0B10C4B984206D9A4
S21400A8200B4B9B68C3F302730133B0FBF3F0094B89
S21400A83000F5742000F23F20B0FBF3F001387F28CB
S21400A84028BF7F20C0B208BD0120F0E7005A620290
S21400A8500040005A40420F000B4B10B5994228BFEB
S21400A86019460C461AB91820FFF7A8FC0246631EC4
S21400A8701344B3FBF4F0A34228BF00F1FF300328D3
S21400A88028BF0320C0B210BD005A620210B510489F
S21400A890104C002B08BF04468C4228BF0C461AB941
S21400A8A01820FFF78BFC02469DF8083040F2FF3078
S21400A8B00133B2FBF3F2631E1A44B2FBF4F3A24276
S21400A8C028BF03F1FF33984228BF184610BD00BFCB
S21400A8D080969800404B4C002DE9F04F2DED068BEE
S21400A8E0B64D0C4616462946002285B00746FFF7A9
S21400A8F0B3FF94F805800122804538BF804607F5EF
S21400A90000535A6020795FFA88F850B91820FFF78C
S21400A91055FCA842014628BFB0FBF8F13846FFF7C1
S21400A92075FF4FF00009E37822781B01524202F0CF
S21400A930020203F03003134362780004524202F02E
S21400A94004021343A27800F4FE00524202F008020A
S21400A95013434FEA087202F0E04213431843E388B9
S21400A9602289B8603B616389DFF85CA243EA024350
S21400A9703B62574502D1B9F1020F08D1012307F512
S21400A98080577B6005B0BDEC068BBDE8F08F0022DB
S21400A99035788B488B49B468954218BF01462B46DC
S21400A9A08948CDF80080FFF771FF07EB09118B6C23
S21400A9B0A2B223F0405323F4EE2323F01F0305F046
S21400A9C003041C43737882424FEA830303F01C039C
S21400A9D044EA0304B37838BF02461B03F07803F456
S21400A9E0E0432343040404F4E024234334794FEA89
S21400A9F0091C240704F0405423438B648C6C09F133
S21400AA00050BC4F30234013C7049042C26D8DFE859
S21400AA1004F0252503101A00D1F88041240C2DB32C
S21400AA20C2F309020AEB0B135A6009F1010910364A
S21400AA309FE7D1F88441002DF2D1D1F88C11A4B251
S21400AA400914490015E0D1F88441002DE8D1D1F869
S21400AA508C11240C091401EB41010AE0D1F8804165
S21400AA60A4B2002DDCD1DFED5A7A06E0D1F88C11C5
S21400AA70091407EE901AF8EEE77A01210CF1B44CAF
S21400AA800CF5804C2304DCF8483024F4C045C3F3AE
S21400AA90820C0CF1010C01FA0CF107EE101A4FEAC9
S21400AAA0854548BF45F0004513F01C0FB8EEC79A21
S21400AAB0F6EE008A454B55D1D3F88C110BB208EE52
S21400AAC0103AB8EEC88A38EE278A9FED42AAF7EE0B
S21400AAD0049A00285DD103922BF04AF807EE900AFC
S21400AAE0F8EE677A87EE8A7AC9EE877A27EE888A42
S21400AAF0039A9FED397AC7EE097A9FED387A67EEAA
S21400AB00877AB1EE007AB5F1004F48EE077A0BD09F
S21400AB109FED337A06EE104A77EE876ABAEEE86A59
S21400AB20F0EE477A56EE267AF5EEC07AF1EE10FA97
S21400AB30CBBFF1EE677A78EEE78A77EEE87AFDEE3D
S21400AB40E87AC8BFFDEEE77A17EE901AB1F5003F37
S21400AB502ADB6FEA55456FEA45451B484FEA0B115D
S21400AB6045505DE7D3F8901169EE286A09B207EE02
S21400AB70101AB8EEC77AD3F8881177EE677A0BB258
S21400AB8008EE103A87EEA67AB8EEC88A38EE078A3C
S21400AB909BE7D6ED037AF8EE677A87EE8A7AC9EEF7
S21400ABA0877A27EE888AA4E711F5003FAABFC1F38B
S21400ABB0110145F400350D43CFE700BF005A62028D
S21400ABC0404B4C00809698000040005A0080E00FF2
S21400ABD00000000000007A4400008043000020448B
S21400ABE00000004941F67132034BDA63012203F597
S21400ABF00053DA60704700BF0000035041F6713220
S21400AC000121044BDA6303F50052D1600022DA63B7
S21400AC10704700BF00000350044B1868421C02BF78
S21400AC20034AD2F894001860704700BF806900207D
S21400AC3000400050CB784A7810B55B010C7843EAA8
S21400AC4082030A79234343EA02130C22424302F1A9
S21400AC50B0421363012C02BF8A78024B43F82020CF
S21400AC6010BD00BFD080035008B54FF0B0435A68FF
S21400AC7002B960B15B680BB12AF0A2FF4FF0B04199
S21400AC8030B10120074B58602AF09AFFC86008BD13
S21400AC902AF096FF0223CB602AF092FF0122024B95
S21400ACA05A60F4E700100058002000584FF0B041FA
S21400ACB04B6810B50BB12AF083FF01220B4BC4780A
S21400ACC05A608378934043EA8403447823430479A4
S21400ACD043EA0413447943EAC4038B60044B5A6086
S21400ACE00378C3F10203CB6010BD00BF00200058FC
S21400ACF000100058054B5B69C3F38512827003F0A1
S21400AD003F021B0B42700370704700BF00C0075025
S21400AD100120034B9B680A3303F01F0398407047DB
S21400AD200080E00F034BD3F82424D3F8200410400F
S21400AD30704700BF00C003502DE9F8431E4B054680
S21400AD40D3F810334B1E0E2B0E46174690F8009085
S21400AD5044781DD909B34FF000082846D7B134F01F
S21400AD6001FC09EB4903072C4FF00F014FEA0313D0
S21400AD7015D8A400114808FA04F2A14018442AF095
S21400AD8027FFBEB928468FB1BDE8F84334F0EABBCA
S21400AD908846E2E72AF02BFFE3E78846E1E7083C2F
S21400ADA0A400074808FA04F2A140E7E7BDE8F84324
S21400ADB02AF01DBFBDE8F88300C0035004C003504E
S21400ADC00CC003502DE9F041204B1646D3F8102353
S21400ADD04A1C05460C46407804D1D3F824142AF0C1
S21400ADE014FF0446002C2EDB072C14DC03274FEA46
S21400ADF084082A7807FA08F73946154802FA08F24E
S21400AE002AF0E6FE6A78394602F00302114802FA92
S21400AE1008F22AF0DDFE012316F0050F0E4A18BFD1
S21400AE200E4903FA04F30CBFC2F81034C1F810340C
S21400AE3016F0060F18BF094AC2F814340123064A52
S21400AE40A340C2F820342046BDE8F08100C003507D
S21400AE5000C4035008C4035000E0035000D0035061
S21400AE6070B504462FF023FB064630B90FCC044DD0
S21400AE700FC594E80F0085E80F00304670BD00BF90
S21400AE80C03D002047F6FF739A42F0B570D0022905
S21400AE9070D8394B5B5C022B6CD8384DDE0005EB66
S21400AEA0C304A77815F83330012F394638BF01217F
S21400AEB0012B16D1E078401A0021884205D8012FD0
S21400AEC02CBFC0190130C0B2F0BD431A6568A0EBB4
S21400AED0530335F913509542D4BF194603F1FF309A
S21400AEE0EBE760680028EFD0B0F90040944204DB3E
S21400AEF0B0F902409442B8BF144683883544FF2B0D
S21400AF0019BFC8232827B0F90630B0F90870A3EB9C
S21400AF1004030CBF0122002293FBF7F36E78134460
S21400AF201BB29E4201DD002B01DA731E1BB24FF4EA
S21400AF307A7C00EBC305EA88AD685F1C14FB0252FE
S21400AF401D4622EAE2723BB25C329E42B2FBFCF243
S21400AF5004DD00EBC307BF889742EAD200EBC503C7
S21400AF609888904228BF1046884238BF0846AAE70D
S21400AF70FF20A9E70020A7E7D3960400C03D0020E5
S21400AF800229F0B560D8314B595C02295CD8304BA9
S21400AF9013F83100012816D103EBC1039C78D8784A
S21400AFA0012C214638BF0121904294BFC1EB00011D
S21400AFB0C1EB0201001BCAB28242C8BF00225B6816
S21400AFC033F91200F0BD002A3CD003EBC1035968E8
S21400AFD0002939D09878904202D3B1F90200F1E7FF
S21400AFE0DC78B1F900009442ECD95C788B88013C9F
S21400AFF0A3F1FF06734201F10405E4B2734101F1C7
S21400B0000C07DEB2B44216D805EBC3034FF47A75CC
S21400B0106A43B3F902405B68D21A04EBD47302EBBE
S21400B020630292FBF4F29042CCDBB1F9020090424C
S21400B030C8DC10B2C6E737F833C05E1C9445E3D3CD
S21400B0403346DEE70348BDE70348BBE7D396040074
S21400B050C03D00200CFEFFFF0080FFFF08B504483F
S21400B060FFF7FEFEBDE8084001202FF026BA00BF1D
S21400B070D89604007FB51422002101A810F066F9C6
S21400B080044B01A94FF0FF3002932FF05CFA07B093
S21400B0905DF804FB006A18002DE9F0418CB0884684
S21400B0A0DDE912761D460446002847D0002945D023
S21400B0B0002F43D0002E41D013F00F033ED120487E
S21400B0C02049A360002A08BF01462362C4E9001392
S21400B0D0404609A92AF02BFE68BB2046099934F0A1
S21400B0E09CFA2946204634F098FA694640462AF0EB
S21400B0F0ADFE00BB694620462AF0D8FE404603A9AE
S21400B1002AF0AFFEB8B9204603A92AF0CFFE06976C
S21400B1100127204645F0005506A9079708952AF00E
S21400B120C5FE204609A909960A970B9534F09BFAA6
S21400B130204634F055FA0CB0BDE8F0812120FAE73D
S21400B14000010004000101042DE9F04F97B0894684
S21400B15090461F460546DDF880A0002800F0BB801C
S21400B160002900F0B8803AB1229B002B00F0B38093
S21400B170239B002B00F0AF80BAF1000F00F0AB80ED
S21400B180219B002B00F0A78067B13C680026229B1D
S21400B19043440293464507D307B13C60002017B0EE
S21400B1A0BDE8F08F3C46F1E75CB1229B219A9B5D9F
S21400B1B0125D01345340239A04F00F049355013670
S21400B1C0E8E7A8EB060BBBF10F0F58D9434B4846F0
S21400B1D0C5E90034AC602C6213A92AF0A8FD00284B
S21400B1E0DDD1284613992BF00F0B34F016FA59468A
S21400B1F0284634F012FA484604A92AF027FE00280A
S21400B200CDD1284604A92AF051FE484607A92AF0BF
S21400B21028FE0028C3D1284607A92AF047FE0123A6
S21400B22022992F4ACDF828A00B930C928A190D92DA
S21400B23028464BF000520AA90E9303920F922AF06A
S21400B24035FE28460DA92AF031FE239B039A99194C
S21400B2500123109111931292214A284610A9CDF885
S21400B2604CA01493159234F0FEF9284613A934F036
S21400B270FAF9284634F0B4F95E4400288FD1229BB0
S21400B28003EB060B239B1E44029B9B4501D14646BF
S21400B29080E7ACB9219B2246CDE900A3494610239E
S21400B2A02846FFF7F9FE00287FF479AF0AF110026E
S21400B2B012F8013D0133DBB213700BB95245F7D1DA
S21400B2C0219A1BF8013B125D0134534006F8013BFE
S21400B2D004F00F04D8E7212061E700BF0303000451
S21400B2E0100000207FB50E461D460446F0B102B998
S21400B2F0E3B901230192029345F000530393002320
S21400B3000B4AA360C4E900232362204601A92AF061
S21400B310CDFD3146204634F080F92046294634F0EB
S21400B3207CF9204634F05CF904B070BD2120FBE7C0
S21400B33000000943084B984202D0084B984207D1B8
S21400B3400B88B3F5105F14BF6FF0850000207047C0
S21400B3506FF08500704700BF004440040013C0042F
S21400B3601038102808D8064BC34013F0010F0CBF46
S21400B3706FF08600002070476FF08600704700BFB1
S21400B380010101002DE9F04FA7B008AFCDE9050196
S21400B390DDE93295DDE9346A00210792384610224D
S21400B3A09846DDF8D8B00FF0D1FF102200210CA887
S21400B3B00FF0CCFF069B2BB96FF08604204627B013
S21400B3C0BDE8F08F079B002BF6D0B9F1000F01D136
S21400B3D0002DF1D1309B13B9319B002BECD116B95F
S21400B3E0BAF1000FE8D1BBF1000FE5D04046059951
S21400B3F0FFF7A0FF04460028E0D1014628221CA83B
S21400B4000FF0A4FF2022214614A80FF09FFF1CA8CF
S21400B41034F0F9F8002840F0AF80DDE90612059810
S21400B42014AB2AF08FFD04460028C7D11498FFF706
S21400B43097FF04460028C1D115B9CBF80000BDE738
S21400B440B14518D209EB05039E4214D25545B3D830
S21400B4502A46494630460FF0CBFF554B984526D036
S21400B46006D3544B984524D003F54073984520D016
S21400B4706FF08504A2E74F4B98451BD003F5407349
S21400B480984517D04A4B9845F2D1554594D815F0B3
S21400B4900F0291D12B46CDE9009614A91CA8FFF700
S21400B4A0FBFD814600285CD1CBF8005086E7B1460C
S21400B4B0EDE7B1461022002110A80FF047FF5545D2
S21400B4C03FF67AAF3C4B9845319B39D10D2B7FF434
S21400B4D073AF01238DF84030309B0DF1410203F12C
S21400B4E00C0153F8040B8B4242F8040BF9D11B787D
S21400B4F0137001238DF84F3015F00F0842D025F059
S21400B5000F034B440DF1300C03F1100E6246186821
S21400B5105968083303C273459446F7D10F2D33D8C4
S21400B52025F00F03334403930CABCDE9017310AB46
S21400B53000934246002314A91CA8FFF705FEB0E7B7
S21400B540102B7FF439AF309B10AA03F1100E9446EF
S21400B550186859680833ACE8030073456246F6D1AC
S21400B560CAE75246002130460FF0F0FE0023B9F13C
S21400B570010FCBF8003002D06FF092041EE76FF098
S21400B5808B041BE70F2D8FD910ABCDE902960093E5
S21400B5900197002325F00F0214A91CA8FFF7D4FD7D
S21400B5A081460028DDD1B8F1000F3FF47DAFB7E744
S21400B5B0004440040010C0040013C0042DE9F04FFE
S21400B5C08A46A1B00021DDE92A56DDE92C790590EE
S21400B5D0934606A8102298460FF0B8FE10220021C7
S21400B5E00AA80FF0B3FEBAF1000F05D16FF086047B
S21400B5F0204621B0BDE8F08FBBF1000FF6D00DB9A4
S21400B600002EF3D117B9B9F1000FEFD12E9B002B06
S21400B610ECD040460599FFF78DFE04460028E7D19A
S21400B6200146282216A80FF091FE202221460EA8D9
S21400B6300FF08CFE16A833F0E6FF002854D15A46C9
S21400B640514605980EAB2AF07DFC04460028CFD163
S21400B6500E98FFF785FE04460028C9D116B92E9B22
S21400B6601860C5E7BD4216D2AB199F4213D24E45AD
S21400B670BCD83246294638460FF0BAFE3A4B9845B3
S21400B6805BD003F54073984531D0384B984511D0C0
S21400B6906FF08504ACE7344B98454FD003F5407304
S21400B6A0984525D0314B9845F2D14E4503D96FF0D9
S21400B6B089049DE73D46330798D133460122CDE9FC
S21400B6C000570EA916A8FFF7E7FC2E9B05461E603E
S21400B6D000288DD04A46002138460FF037FE00235A
S21400B6E02E9A012D13603BD06FF0920480E73D4602
S21400B6F00D3E4E45DBD801238DF828302B460DF144
S21400B700290205F10C0153F8040B8B4242F8040B96
S21400B710F9D11B780D3513704FF48073ADF83630C1
S21400B72006AB01930AAB009332460023CDE90257DD
S21400B7300EA916A8FFF708FDC7E73D46103E4E4582
S21400B740B5D82B460DF1280C05F1100E6246186888
S21400B7505968083303C273459446F7D11035DFE7BE
S21400B7606FF08B0444E700BF0010C00400444004A0
S21400B77010B54FF42F72002104460FF0E7FD80232A
S21400B780C4F88C30054B04F19C00C4F884300123C7
S21400B79084F88830BDE8104029F020BCBE010400C3
S21400B7A010B5D0F8A0400A468CB92AF0E1FD044650
S21400B7B010B90024204610BD2D2896BF064B074919
S21400B7C053F82010064A07482AF018FFF2E7D0F888
S21400B7D0A4101046A047ECE7C4970400C10104007B
S21400B7E016FF0300F1020400F8B590F880600446E6
S21400B7F016B100263046F8BD2AF0EDFB0028F8D139
S21400B800012384F8803094F8883033B1D4F884105B
S21400B8101F4884F888602AF0F1FE4FF0FF37D4F80E
S21400B820B402421C1FD0C4F8B47210F0FF052CD02E
S21400B83020462AF0CDFB2946204600F0A7FB00282C
S21400B840EDD020462AF0D2FB94F888303BB1D4F8ED
S21400B85084100F482AF0D2FE002384F88830002394
S21400B86084F88030C6E72AF0AEFE431CDDD1D4F85B
S21400B8708C30D4F89420013B9A4204DB054A0649F2
S21400B88006482AF0BBFE0126E9E70126C7E700BF07
S21400B8908C14040016FF0300CF010400F10204001C
S21400B8A0F8B50B780446302B0D46164604D14B7877
S21400B8B003F0DF03582B11D0284F6A1E12F8011F21
S21400B8C0002934D128460A220FF030FC202C0346EB
S21400B8D00D4631D1B1FA81F040091AE04A1C1F49E1
S21400B8E012F8013F8BB928460FF02CFC1C4B02388F
S21400B8F02340032B12D10134A41084420AD1A87825
S21400B90037288CBF0020012003E0CB5C13F04400F6
S21400B910E6D1F8BDCCBF01200020FAE7002CB8BF66
S21400B9200334B0EBA40FD4BF01200020F1E77B5C0A
S21400B93013F00400C2D1ECE726B1084302D0013B65
S21400B94061F100050122A240013A1A40002D08BF0D
S21400B9509A420CBF01200020DBE700BFB1BD040007
S21400B96003000080F0B5037801467B2B17D106460E
S21400B970022400220B4F16F8015F7D2D05D10B5DCA
S21400B9806BB9D24302F0010008E07B5D13F044007F
S21400B99002D001320134EEE7202DFBD0F0BD0020AE
S21400B9A0FCE700BFB1BD040070B506460D460FF0BB
S21400B9B0C9FB044630462AF021FE044EAC4200D3B2
S21400B9C070BD30462AF01AFE0134F7E7640B040017
S21400B9D02DE9F84F044602215148FFF7E5FF1E21E6
S21400B9E02068FFF7E1FF636858682AF007FE4D48B5
S21400B9F02AF004FE67683B7BFD2B12D8D7F8088038
S21400BA004FF0FF3640460FF09DFB0546DFF81091DD
S21400BA10DFF870A1DFF84CB10C3717F8013BFF2BAD
S21400BA2001D1BDE8F88F212B18D8212B36D8DFE8B6
S21400BA3003F0377274111B1D1F213535353535352A
S21400BA403535232527292B2D2F31353535353535F9
S21400BA5035353D33344C002D2BD12EE0334C344A53
S21400BA60FE2B08BF1446F6E7324CF4E7324CF2E7FA
S21400BA70324CF0E7324CEEE7324CECE7324CEAE779
S21400BA80324CE8E7324CE6E7324CE4E7324CE2E789
S21400BA90324CE0E7324CDEE7324CDCE7234CDAE7A8
S21400BAA0314CD8E72AF09EFD01362AE0002DB4D0AE
S21400BAB02E4C202B06F10106AFD002214846FFF798
S21400BAC073FF1E214846FFF76FFF50462AF096FD8B
S21400BAD0594620460FF090FE2549002818BF2146FB
S21400BAE024482AF08BFD3B78202B02D12B202AF00D
S21400BAF079FD21482AF082FD4DB118F806301F2B3B
S21400BB0005D018F806001F2801D0AE42CADB05484B
S21400BB102AF074FD81E7194C9DE7194C9BE700BF9E
S21400BB20044D040016FF0300790204008B02040093
S21400BB30701C0400D6020400DD020400CE020400DD
S21400BB40CA020400C1020400B7020400AD020400E9
S21400BB50C2020400B8020400AE020400A3020400FD
S21400BB609C02040093020400780204007E02040093
S21400BB70890204008C14040002060400D5020400A6
S21400BB80DC020400581D04002DE9F04F9BB005466A
S21400BB908B460024009203930FF0D4FA249F039B55
S21400BBA004901C6028463C600AAA09A92AF048FDB1
S21400BBB0064658B90A980FF0C5FA3446B046039BB5
S21400BBC01860D5F89C300293029B1BB920461BB028
S21400BBD0BDE8F08F029BD3F80890B9F1000F6CD047
S21400BBE02E4416F8013B202B11D000260C2373435D
S21400BBF009EB030A59F803300193002B58D0099B30
S21400BC00434555DB9AF808202AB1721C39E03B6898
S21400BC1001333B60E5E73968D5F894200793039B2A
S21400BC20521A1A601AAB03EB880151F8403C01998E
S21400BC30184605930FF0A0FD06900028E5D1019860
S21400BC400FF080FADDE906230146DAF80400D7F89B
S21400BC5000A090F80CC0BCF1FE0F16D103F1FF3E19
S21400BC60C64512D0D0F80090059801920FF06AFAF7
S21400BC700AF1010A019A50442B5C23B1386008F19E
S21400BC8001081646B2E70130F6E7D5F8942005918C
S21400BC90A2EB0A028A4220DC58460FF053FA0599B6
S21400BCA001447B290DD958461F4A009929F0BDF951
S21400BCB02B46049A2A4493422CD1029B1B6802937B
S21400BCC082E7DDE90012584629F0AFF95846174AD0
S21400BCD00099013429F0A9F997E7BCF1FE0F94D139
S21400BCE0013B434591D1D0F800A0DFF840905AF8C8
S21400BCF00C2B22B9049B3B60039B1A60D8E758467E
S21400BD00009929F092F94A465846009929F08DF98B
S21400BD100134ECE713F8011B0029CCD14FF02001C9
S21400BD2003F8011CC7E700BFE3020400640B04002D
S21400BD302DE9F047002486B01C60DDE90EA8064613
S21400BD4089468AF800401168154888F8004017466A
S21400BD501D468DF81740FCF7A5F818B901242B6886
S21400BD6001332B600020D6F89C6036B914B101234D
S21400BD7088F8003006B0BDE8F087B06868B14B467A
S21400BD800021CDE902A8CDE900750DF117022AF0D1
S21400BD908EFA9DF81730002BE8D13668E5E700BF2D
S21400BDA0E80204002DE9F0470446ADF5447D802204
S21400BDB0002104A802AF0FF0C9FA8022204600979F
S21400BDC003AB04A9FFF7E0FE01283DD104A80FF05D
S21400BDD0B9F903993B68461A0B4426EAE6762344EB
S21400BDE0054604A83246014418460FF03FFC0022E0
S21400BDF08255D4F89060039B3968D4F89020194493
S21400BE00B14212DCD4F89410E81A0244C4F8902028
S21400BE10014404AAC4F89410D41825182B1B002B30
S21400BE200DDC0DF5447DBDE8F087A05C2AF0DAFB5A
S21400BE30D4F8903001360133C4F89030DBE714F8BC
S21400BE40010B2AF0CFFBE9E7EBDD24AD80220021D1
S21400BE5028460DF5887A0FF079FA0DF110094FF49F
S21400BE600072002150460FF071FA4FF001084A4662
S21400BE70002312F8016BA6B904A84AF828300FF080
S21400BE8061F92946334698451CDB19F8016B0DF518
S21400BE90887C5CF8042B82420CD101F8016B0133DC
S21400BEA0F1E7202E03F1010304BF4AF8283008F119
S21400BEB00108DEE70DF1100E7244D25CB242E8D003
S21400BEC00022EA54D4F89060039BB3422FDC23464A
S21400BED02C4A04A92C482AF091FB28460FF032F988
S21400BEE00646039B3F68F61A1F4426EAE672E019E8
S21400BEF017441D44E11904F1900399423CD904F11A
S21400BF009803984238D26A1E81190B1A002B27DD37
S21400BF1012F8013F00F8013BD4F890300133C4F822
S21400BF209030D4F894300133C4F89430EDE7D4F868
S21400BF3090300136E05C2AF055FBD4F8903001339F
S21400BF40C4F89030C0E7D4F89020013B0132C4F822
S21400BF509020D4F894200132C4F89420002BF2DC10
S21400BF6000232E44E355731B002B7FF75AAF15F8BA
S21400BF70010B2AF037FBF6E729460FF077FB33462E
S21400BF80ECE700BFBE010400ED0204002DE9F84313
S21400BF90D0E9245604460F46002294F89830012B28
S21400BFA007D10A2F07D1002384F898300020BDE877
S21400BFB0F88300F29F801B2F01D10223F4E70D2F98
S21400BFC00DD1012384F898300D202AF00BFB0A20AF
S21400BFD02AF008FB00230120C4E92433E7E74FF0EA
S21400BFE00008082F84F8988034D1454530DDB542E6
S21400BFF00FD138462AF0F6FA20202AF0F3FA013D4F
S21400C00038462AF0EFFA013E04F80580C4E92456C3
S21400C010CCE7FBDA05F1FF3938462AF0E3FA04EB01
S21400C0200903A6EB0902611918460FF0E1F904F8B6
S21400C03006800146013E48482AF0E0FA35464D455E
S21400C04001DC4D46E2E708202AF0CCFA013DF6E78F
S21400C050ACD0DBE77F2F1CD1002EA7DDB542A5DADA
S21400C0606319691C21441846721B0FF0C1F904F8C5
S21400C0700680014639482AF0C1FA0820013E2AF017
S21400C080B1FAB542F9D1D4F89430013BC4F89430F3
S21400C0908CE70A2F98D0092F03D12046FFF782FE9F
S21400C0A084E7D4F88C30013BB3427FF77FAFB542CC
S21400C0B004EB050805F101090CDB384688F800702A
S21400C0C0D4F89430C4F890900133C4F894302AF031
S21400C0D089FA6BE74146721B04EB09000FF088F9FA
S21400C0E040462AF08BFA0820013E2AF07BFAB54239
S21400C0F0F9DDE2E7022B06D15B2F01D1032353E7DC
S21400C10084F8982049E7032B7FF450AF413F84F82A
S21400C1109820032F3FF64AAFDFE807F002070A161B
S21400C120012120462AF00FFA40E74FF0FF31F8E7EA
S21400C130B542BFF63BAF605D2AF054FAD4F89030B3
S21400C1400133C4F8903031E7002D7FF72FAF013D63
S21400C1500820C4F89050BAE7F6020400F00604007F
S21400C16008B50248FEF79CF9002008BD00B4C404D8
S21400C17030B58BB06C46174D0FCD0FC40FCD0FC426
S21400C18095E8030084E80300134BD3F84C21120310
S21400C1901CD5A3F5FE431C884FF6FF739C4208BFD0
S21400C1A08C248DF81940FEF763FA204480F30800CB
S21400C1B08DF818000948FBF70DFF6846FEF7C0F932
S21400C1C03220FEF75BFA00200BB030BDD3F85041AA
S21400C1D0E4B2E6E77C9804000080E00F00F0490235
S21400C1E00028ACBF00F16040064B4FEA0111C9B20F
S21400C1F0ABBF00F5614000F00F0080F80013195443
S21400C200704700BF14ED00E008B533F09DF90B4B06
S21400C2101A7872B901221A7033F091F96FF004029D
S21400C22010460132052152B2FFF7DAFF3D2AF7D158
S21400C23008BDBDE8084033F082B900BF085F0020A3
S21400C240002807DB01234109034A00F01F00834052
S21400C25042F82130704700BF00E100E0054B421174
S21400C26053F8223000F01F0023FA00F0C04300F01D
S21400C2700100704700E100E0002808DB01224309C6
S21400C280034900F01F008240603341F823207047C6
S21400C29000E100E010B5044633F049F9024B1C609B
S21400C2A033F040F9002010BDE83D002010B533F013
S21400C2B03EF9034B1C6833F035F9204610BD00BF2D
S21400C2C0E83D002038B50C461546014610B9FFF784
S21400C2D0EDFF01462B46224603480DF047FF002897
S21400C2E0D4BF3720002038BD9767030008B500F09C
S21400C2F0E3FB18B16A21024833F01BFA002008BDA0
S21400C300FB02040008B500F049F80C4A536A43F4EF
S21400C31070235362EFF308834FF0CD31084A043B95
S21400C320934208D200F070FAFFF7E0FFBDE808403D
S21400C3300448FEF795BD43F80419F1E700ED00E068
S21400C34008000020D896040007B5042200200DEB54
S21400C35002012EF070F8042803D0D721044833F0E9
S21400C360E8F9019800F0DCF903B05DF804FB00BFC3
S21400C370FB020400082310B50C0A41400648C9B267
S21400C38041F30002013B024013F0FF0382EA510131
S21400C390F6D184EA010010BD2083B8ED38B5FEF76B
S21400C3A03BFC044629F006FCE3072AD4012210468B
S21400C3B0114600FA01F3234002F1010223D01D4B7F
S21400C3C033F811301C48062B028844881B4920D1BC
S21400C3D04FF20F039C4219D1B2F5406F28BF4FF4BD
S21400C3E0C0624CF23C330A80438040F201730A88F4
S21400C3F09A4201BF124B134AD2E90001C3E9000179
S21400C40015E00021DBE7102AD2D1DBE74FF4C0624B
S21400C410E7E740F20725AB420AD14FF20F05AC42E0
S21400C42006D19A4204D14CF23C320B80428038BD91
S21400C4300B80DAE7409A040044660020FA57002092
S21400C440EC3D00203C660020014B1888704700BF7A
S21400C450FA570020014B1888000A7047FA57002048
S21400C460044B05481B881A0AB3F5406F38BF00EB2B
S21400C47082007047FA570020109A0400044B188870
S21400C480044B020A53F82230C0B203EB8000704718
S21400C490FA570020E099040010B5044633F04BF834
S21400C4A04FF20F02044B1C805A80BFF35F8FBDE82B
S21400C4B010402AF03AB900BF446600206D4A2DE9C4
S21400C4C0F0416D4B55686D4C5D65516A99656C49D8
S21400C4D0D1F80002D865D1F80412586B1966916A33
S21400C4E010F0040F5966D16A4FF000009966116B80
S21400C4F0D966516B1967D26BD8645A67D3E90E12A6
S21400C50018BF11465F4A91421A655DD301F12000BB
S21400C510A04259D88869C5F308051864CE69062D67
S21400C5205E6455D1584DA84252D3584DA8424FD2BA
S21400C53005884DF6426085424AD11868C3F89000D7
S21400C5405868C3F8940040F20170A242154604D21F
S21400C5502E680432B6F1CD3FF7D00022C3E91E2282
S21400C560C3E92022C3E92222641BDFF81CC1434D25
S21400C570DFF818E19C648D422DD8D3E91EC7D3E9B5
S21400C5802065D3E922414FF0000E013AD2B2FF2ACD
S21400C5903CD1BEF1000F05D0C3E91EC7C3E9206534
S21400C5A0C3E92241B3F85430C3F308030C2B3BD83D
S21400C5B0022B54D9DA1E092A51D8DFE802F0315787
S21400C5C0404350505050504D0021C3E910112D49A2
S21400C5D04FF42060B9E755F8044D6445CBD3744555
S21400C5E0C9D2E607C7D50026294F57F8048FA045BD
S21400C5F0C1D00136062EF8D132B1013AD2B202F1DC
S21400C6001E0643F82640B6E70522F8E7E0464FF058
S21400C610010EBC4637462E4625460C464146B4E734
S21400C62040F60120BDE8F0813B2B18D1194B9B69E1
S21400C63013F0020F40F2025318BF1846F2E740F616
S21400C6400320EFE740F6042240F20173B0F5206FB6
S21400C6500CBF10461846E5E740F60520E2E740F630
S21400C6600722013B4B2B98BF1046DBE740F6022023
S21400C670D8E700BF00ED00E0AC6500200810002001
S21400C68000E100E008000020D042000040FB03006C
S21400C690206600200080015A00F00CB800F00AB8AE
S21400C6A000F008B800F006B800F004B800F002B8D1
S21400C6B000F000B872B61EF0080F09D01EF0040F86
S21400C6C00DD0DFF850E0AEE8FF1F6FF002000CE080
S21400C6D0DFF840E0AEE8FF1F6FF00E0005E0DFF881
S21400C6E034E0AEE8FF1F6FF006006946EFF30982FC
S21400C6F08EE8070086460848084C854501D3A545C0
S21400C70001D384F30888FFF7D9FE84F30888FFF77F
S21400C710C3FE0000AC650020480000200810002082
S21400C7204BF6EF6283B2002B08BF1346044A000C98
S21400C73013804FF6CE2308BF1846024B188070476A
S21400C740B46E0020B26E00200B4BB3F900201888A0
S21400C750002AB8BF80F0620042001A80074AB2F989
S21400C760001013880029BCBF83F4805383F00B03AA
S21400C7705900118058407047B46E0020B26E0020F9
S21400C78007B5684600F01AF8DDE900010022034B01
S21400C79003B05DF804EB2AF0C4BA00BFF43D0020F5
S21400C7A007B5009313460A46014603482AF06DF87B
S21400C7B003B05DF804FB00BFF43D00200249034AC5
S21400C7C00160521A42607047886F00200000012006
S21400C7D000487047F43D002038B54160044632F00A
S21400C7E0A6FE05462146044828F0FBFB2846BDE881
S21400C7F0384032F097BE00BF1C3E0020014828F0AB
S21400C800EDBB00BF1C3E00200222014B1A6770479A
S21400C8100040005070B532F08AFE174E05461748A5
S21400C82032F030FF3378CBB900F046F9044620B139
S21400C830284632F077FE204670BDFFF7DFFF32F065
S21400C840EBFF0F4B1C6031F01DFC0E4B0E4A1860C0
S21400C850536F43F0010353672AF07FFA00F028F87D
S21400C8602AF092FA094B00241860012328463370F8
S21400C87032F058FEDFE700BF145F0020B8980400CF
S21400C880203E0020483E002000400050243E00206D
S21400C890054B1B685843054B00F5742000F23F20FB
S21400C8A0B0FBF3F0704700BF483E002040420F0048
S21400C8B0294B2A4AD3F8003170B503F003031360FE
S21400C8C031F076F94FF4C870FFF7E2FF0022244BF0
S21400C8D024491860244C0B680132D2B20A2A44F864
S21400C8E0040BF9D1034400EBC00003440B601F4B5C
S21400C8F01F4D1B7813B3184BD3F8003103F0030316
S21400C900022B22D0032B23D0012B17D130F0E8FEC8
S21400C910024698B1174B184EDC6800231946C4F33C
S21400C9200B04013404EB84040138E4FB06010EF02A
S21400C930A1F9FFF7ADFF2B6803442B601F20FFF71C
S21400C940A7FF2B6803442B6070BD30F013FFDFE7B2
S21400C95032F000FEDCE700BF00800050883E00207A
S21400C9604C3E0020503E0020543E0020185F002021
S21400C970803E002000C0015040420F000122154BAF
S21400C98010B55A67144B154C1B7813B3022032F0BF
S21400C99034FFF0B131F0FCFBD8B1A36DD90302D55A
S21400C9A0E36D9A0715D40D4B9B6DDB0711D401225E
S21400C9B00B4B1A7032F015FFBDE81040094B0A4ABF
S21400C9C01860136F23F0070343F00303136730F078
S21400C9D06DBE10BD00D00050195F002000C0005092
S21400C9E0165F00207C3E0020008000500122014B94
S21400C9F01A707047195F002007B5FFF7C1FE01A83F
S21400CA00FEF778F99DF80530012B25D1234B9A6D5A
S21400CA10D20311D45A6B6FF3162242F4BC1242F4BE
S21400CA20A0625A631A6B22F4704242F440421A63C0
S21400CA301A6B42F4E0621A639DF8043063B94FF053
S21400CA4000531B68164B1B68164B1B68164B1B685F
S21400CA50164B1B68164B1B68164AD2F8803043F0FC
S21400CA600303C2F880302AF097F9FFF7CDFBFFF7F3
S21400CA7077FBFFF77DFB0DF0C3FBFFF7CBFE00F067
S21400CA801BF82AF08AF9FFF73DFC2AF095F92DF0FD
S21400CA900CFB03B05DF804EB2AF080B900C0005030
S21400CAA0004000200080002000C000200000012080
S21400CAB0004001200080005070B532F045FD144E55
S21400CAC005463478FCB9134B1C60134B1C60134BA3
S21400CAD01C6000F031F8012031F048FC31F03AFCDF
S21400CAE00F4B0246186020B9284632F028FD232056
S21400CAF070BD234640F2E7310A480EF0BBF80A4BF9
S21400CB00186001233370284632F019FD0020EFE745
S21400CB101C5F0020983E0020943E0020A03E00208F
S21400CB209C3E002018FCFFFF903E0020014B18683A
S21400CB30704700BF903E00201FB50024184B1868B1
S21400CB409A880290D3F806009B7A00901548ADF8B4
S21400CB500C208DF8043032F095FD02A88DF80840C0
S21400CB608DF80C40FEF7A2F8694601208DF80040CB
S21400CB70FEF760F81F220C4B9A615A614FF0B042E4
S21400CB80936A13F00803FBD113620120FEF76CF8DA
S21400CB900A20FFF771FB0A20FFF752FB04B010BD16
S21400CBA0699A0400B09804000020005810B532F0CE
S21400CBB0CBFC4FF0B04304465B691A07074A03F004
S21400CBC0010003F00D0348BF40F00200536131F04E
S21400CBD0F5FA2046BDE8104032F0B1BC00200058FF
S21400CBE021282DE9F341054604D82C46204602B0FC
S21400CBF0BDE8F08100240B4E0B4FDFF83080002399
S21400CC00CDF800801A461946386828F033FD84426D
S21400CC10EBD2222CE9D056F8043BAB42E6D00134E6
S21400CC20EDE700BF889D04007C690020FFFF0F0031
S21400CC302DE9F04F644E654D89B02AF009F9316848
S21400CC402868FCF74DFB0446002827D033680024EC
S21400CC50D3E900019A6912689047336804A89B6973
S21400CC609B689847336802209B69DB689847326860
S21400CC7005985368E7B2B3FBF0F3BB42916904F141
S21400CC8001044ED8CB680020984733689B695B68E0
S21400CC90984731682868FCF723FB04460027DFF82E
S21400CCA044A1DFF84481DFF84491F4B9484B286882
S21400CCB0DB5D002B00F08380D8F8006002AB3146C5
S21400CCC003AAFCF78FFC2D2807D070B9039B012B15
S21400CCD00BD031462868FCF7D9FEDAF8003031462A
S21400CCE01A682868FCF752FE04460137222F0AF11C
S21400CCF0040A08F1040809F10109D6D1B4FA84F34C
S21400CD00344A5B0913702B681B7C33B12AF06CF82D
S21400CD1018B1DB21304832F00CFD204609B0BDE8E2
S21400CD20F08F12680B6907FB002098479FE7D8F83A
S21400CD30003003AA194402AB0191FCF753FC2D28DE
S21400CD40034601992BD0286813B30BF1010B5FFA49
S21400CD508BF18E422868EAD8204BDB5D002BC4D0CE
S21400CD60F3B27E2B2868C0D8D8F8003003AA06EBAA
S21400CD70030B594602ABFCF735FC2D28B5D05946B7
S21400CD802868FCF783FE013604460028E8D0ACE7A6
S21400CD90039B7BB999F80020029B9A42D5D099F85C
S21400CDA00030DAF800202868FCF7EAFC0028CCD02F
S21400CDB00446D1E70191FCF769FE0199EFE7084BBD
S21400CDC0A346DE5DC3E700BF5C6900207C690020E7
S21400CDD0649D04001E5F002082030400429D040040
S21400CDE0FE9C0400749A0400889D0400209D0400A4
S21400CDF0F8B51F46214B04461B780D46164623B150
S21400CE0000F47E23B3F50E2F2BD02046FFF7E8FE66
S21400CE102128044614D81A4B53F82010194B1B78B7
S21400CE20ABB1194B212C18681DD8184B1B5DD3B11C
S21400CE303268FCF7ABFD044650B129F0D4FF07E09A
S21400CE40FF2807D93A46314680B229F0E0FC002494
S21400CE502046F8BD4FF4A9710D4832F06AFC002157
S21400CE60DCE70146DAE77F2D08BF00253B46324661
S21400CE7051FA85F1FCF784FCDDE700BF1D5F00205A
S21400CE80889D04001E5F00207C690020649D0400CD
S21400CE908203040030B5134600F07E62B2F17E6F66
S21400CEA08BB00DD10A46C0F30B016846FEF71AFA9E
S21400CEB020B140F29311094832F03BFC0BB030BD74
S21400CEC05A0829F093FF0028F8D04FF49C710348C5
S21400CED00BB0BDE8304032F02CBC00BF1304040099
S21400CEE02DE9F743C70705460E46144604D540F21B
S21400CEF0E311494832F01DFCE10704D54FF4F27106
S21400CF00454832F016FC454B93F80080B8F1000F08
S21400CF1020D043F260239D4208D122463146404845
S21400CF200EF0A4FB002003B0BDE8F083C5F30B07AA
S21400CF3005F44055B5F5805F14BF4FF40F204FF44D
S21400CF400E20234632467F21384303B0BDE8F04327
S21400CF50FFF74EBF05F47043B3F5805F3FD1C5F3CE
S21400CF600B05304A05F17E65631E2B44934230D88C
S21400CF702F46DFF8A49007EB0408474542D1AA07DE
S21400CF800ED04FF6FF7336F8022BA81E43EA024374
S21400CF9004220DEB02010193FFF77CFF0235023CF1
S21400CFA0A3070ED0023C24F00103F35A04226FEAD2
S21400CFB003436FEA13430DEB020128190193FFF7B1
S21400CFC069FF002CAED0224631462846FFF762FFA6
S21400CFD0A8E740F2FD11104832F0ABFBC8E705F4B5
S21400CFE06043B3F5005F04D1C5F30B0505F53E2598
S21400CFF0BEE740F20521084832F09BFB6FF00F07B2
S21400D0004546B6E717F8013BFF2BB6D04FF4047140
S21400D010484632F08EFBB0E7130404001D5F002084
S21400D020B66E0020FF03E00F10B500F077F829F089
S21400D03029FF044618B100F079F8204610BD00F02C
S21400D0407BF804460028F6D10122014B1A70F2E75D
S21400D0501F5F0020054B1B7833B1054BC0F313014F
S21400D06000221868FCF7D6BC112070471F5F00200E
S21400D0707C690020144B2DE9F0411B7805460E46CE
S21400D0801746FBB129F0E5FE012805D9841EE4B257
S21400D090012C09D9212412E03B4631462846BDE83A
S21400D0A0F041002200F052B800F038F83B4600226B
S21400D0B03146284600F076F8044600F037F8204659
S21400D0C0BDE8F0811124FAE71F5F0020124B70B50F
S21400D0D01B7804460D461646E3B129F0BAFE012831
S21400D0E005D9831EDBB2012B08D9212410E0324675
S21400D0F029462046BDE8704000F040B800F00EF823
S21400D10020463246294629F0BFFE044600F00EF8B7
S21400D110204670BD1124FBE71F5F002008B532F0E3
S21400D12006FA014B186008BDA43E0020014B1868A3
S21400D13032F0F8B9A43E0020024B1968024B18687A
S21400D140FCF7CEB85C6900207C69002037B5054640
S21400D1500C46C0F313010848ED02006805D52246C8
S21400D16003B0BDE83040FCF709BA009313462246E8
S21400D170FCF7BEF903B030BD7C69002030B405462C
S21400D1801346074A0C46C0F313011068EA0203D59B
S21400D190226830BCFCF7FABB224630BCFCF7F0BA7B
S21400D1A07C690020F7B505460F4614461E461BB997
S21400D1B02125284603B0F0BD0029F9D029F049FE04
S21400D1C04BF23462ABB2934220D14FF0FF3322468B
S21400D1D06946CDE9003325483346FFF7E3FF0822CA
S21400D1E00546234968460EF0FDFB38B9334622460D
S21400D1F0694641F2F010FFF7D5FF0546002DD8D15D
S21400D2003246694638460EF031FAD2E741F2F0125D
S21400D21093420FD1174B311908299A6CDB6CC7D88B
S21400D220CDE9002332460DEB040138460EF01EFA17
S21400D2300025BEE702280BD1C5F30C4332199342F2
S21400D240B6D3C5F30B0104F17E6432462144ECE705
S21400D250032809D1C5F30C4332199342A8D3C5F36A
S21400D2600B0104F53E24F0E70125A2E7021008C0F2
S21400D270149E04000080E00F10B52CF0B6F82DF0D8
S21400D2806CF9BDE81040034601210220014A02F075
S21400D2900BBC00BFAA04040013B5D0E9023253F851
S21400D2A022301C7820462CF0B2F82346009001214C
S21400D2B00220024A02F0F8FB02B010BDBE040400D1
S21400D2C0014B18782BF078BC205F0020FF232DE957
S21400D2D0F04F8FB01122002108A88DF813300EF001
S21400D2E035F808A82AF026FE01210220B04A08AB2D
S21400D2F002F0DAFB41F24903AE4A0121022002F0B5
S21400D300D3FB06A82AF045FF08A90DF113002AF062
S21400D3104BFF02200021A84A02F0C6FB00202BF09B
S21400D3207CFC10B106A809F0CDFB9DF92A3001213E
S21400D3300220A24A00939DF82B3002F0B5FB2CF099
S21400D34050F8831EDBB2FC2B054631D801210220A3
S21400D3509B4A02F0A9FB01249A4E9B4FDFF8D0822D
S21400D360234632460021022002F09EFB05A9E0B2C9
S21400D3702CF039F8034650B1A0F11602012A40F20B
S21400D380AA8042460121022002F08EFB0CE09DF9A5
S21400D39014303A4601939DF816300121009302207E
S21400D3A09DF8153002F080FB0134E3B29D42D7D8D9
S21400D3B0BDF8284007F072FF23460021834A0090FC
S21400D3C0022002F071FB02200021814A02F06CFB71
S21400D3D000202BF022FC10B108A809F073FB0121F5
S21400D3E07C4A022002F060FB2BF059FF04462BF02B
S21400D3F054FF23460121784A0090022002F054FB95
S21400D40008F024FC00210220744A02F04DFB9DF82F
S21400D4101330FF2B65D000210220714A02F044FB36
S21400D42001216C4A022002F03FFB2AF0C2FE0121D5
S21400D43003466C4A022002F037FB07F007FF002184
S21400D4400346694A022002F02FFB2AF0B8FE044683
S21400D4502AF0B7FE23460121644A0090022002F01B
S21400D46023FB32F073F908F099FC01210346604A69
S21400D470022002F019FB0025DFF8B88108F08EFCC8
S21400D480ECB2A04233D832F061F90123594A19466A
S21400D490022002F009FB00202BF08EFB564B574C67
S21400D4A00093012100230220554A02F0FDFA23686A
S21400D4B063B1012102201B78524A02F0F5FA236874
S21400D4C0012102205B78504A02F0EEFA2BF079FB3D
S21400D4D00FB0BDE8F08F012102204C4A02F0E4FABA
S21400D4E062E7002102204A4A02F0DEFA98E7494B3A
S21400D4F0204603EB0416D6F8089008F009FD82468D
S21400D500204608F051FC444F00280CBFC346BB46DB
S21400D510204608F0FDFC0AF0B7FA002808BF474688
S21400D520534600210220CDE900B73C4A02F0BCFA7F
S21400D530B37901210293B388022001937388384A95
S21400D5400093337B02F0B0FA0026DFF8ECB099F8CF
S21400D5500430F4B2A34203D832F0F8F801358DE770
S21400D56014235C43D9F8007002203A5B07EB040AE8
S21400D5709AF90C3000922B4A002132EA230228BF87
S21400D5805A461346284A02F08FFA00202BF045FB35
S21400D59038B150463C5B2AF07BFE014620460AF036
S21400D5A0C1FA01210220214A02F07EFA0136CEE7B6
S21400D5B0FF0404000E0504002A05040056050400B6
S21400D5C031050400470504004E05040083050400E9
S21400D5D0A3050400ED050400AC050400CE05040018
S21400D5E0EF230400D9050400EF0504000506040037
S21400D5F01B06040094060400AC060400404300200A
S21400D600A0060400BA060400CE0604006B0504005B
S21400D6108B02040074420020D60404002606040090
S21400D62046060400F30404007C060400044D0400CF
S21400D63076050400DE040400E70404002DE9F74341
S21400D6400025134EDFF8588008F0A8FBECB2A04285
S21400D65002D803B0BDE8F0832701204616F80790ED
S21400D66008F0A2FB0B4A4B46002808BF42460021A2
S21400D67002200092084A02F017FAF05D2AF0A5FD93
S21400D68001210220054A02F00FFA0135DCE700BF4F
S21400D690744200209D530400E9060400044D040073
S21400D6A0A753040008B583685A681178C26853F80F
S21400D6B02230A1F1650251425141187808F02AFD46
S21400D6C030B9BDE8084001210220024A02F0ECB958
S21400D6D008BD00BFF406040000210220014A02F043
S21400D6E0E3B900BF0E07040000210220014A02F041
S21400D6F0DBB900BF3C07040010B5044686B018220C
S21400D700002168460DF022FE68462BF0D4F9D4E9D5
S21400D710022052F8203002EB80021B788DF80B3086
S21400D720516891F900108DF80A1091680988ADF8D3
S21400D73008106168091A032907DDD26803F01F0381
S21400D740127843EA42138DF80B30684607F054FE11
S21400D75000210346024A022002F0A6F906B010BDD8
S21400D7605807040007B500202BF0FFFD00210090AD
S21400D770034B0220034A02F097F903B05DF804FB5E
S21400D780650704006B07040013B5D0E9023253F8AE
S21400D790221003EB82035B68087819680023094CA3
S21400D7A0A222994208BF2146C01A18BF01202BF0BA
S21400D7B0D0FD01210090044B0420044A02F074F9C5
S21400D7C002B010BD00F8FF07324904007D080400CF
S21400D7D013B5D0E9023203EB820153F82230D1E9C7
S21400D7E001141878FF22003818BF01202378096832
S21400D7F02BF0AFFD01210090034B0420034A02F0FA
S21400D80053F902B010BD00BF760704007D0804007F
S21400D81008B5002101230C4A2BF00DFC0A482BF01A
S21400D8206BF90020094909F0E5F900202BF0F5F91D
S21400D83010B1054809F046F9BDE80840012104206A
S21400D840034A02F031B900BF516400208B07040080
S21400D850044D040010B52AF0B6FC034630B1BDE80E
S21400D860104001210420054A02F01EB90121BDE83E
S21400D87010400420024A02F017B900BF99070400BE
S21400D880AA07040010B52BF03BF9BDE8104003468C
S21400D89001210220014A02F007B900BFB5070400C3
S21400D8A010B52BF0FEF8BDE810400346012102201B
S21400D8B0014A02F0F9B800BFCB07040037B5D0E93B
S21400D8C00232012453F822304FF6FF701D78FE22F4
S21400D8D004FA05F100232BF0B0FD2B4600902146FC
S21400D8E00420024A02F0E0F803B030BDDF0704006F
S21400D8F0D0E9023253F822301B7823B101210220EE
S21400D900024A02F0D1B8024A13707047FE070400BC
S21400D910205F002007B568462AF03BFC07F0BEFCF7
S21400D92001210346084A022002F0BEF8684609F0C4
S21400D930C9F807F027FF01210346044A022002F037
S21400D940B3F803B05DF804FB140804002E080400C6
S21400D95037B5D0E90245406854F82530401B032807
S21400D960D8BF002004EB8504C8BFE0681978636858
S21400D970C8BF00781A78A36893F900300090012099
S21400D9802BF0D5FC38B901210220084A03B0BDE8C7
S21400D990304002F089B8064B019000930121022026
S21400D9A0044B054A02F080F803B030BD3F0804007F
S21400D9B047080400E13404005B08040007B50120B2
S21400D9C02BF0BDFC48B9009001210220084B094A03
S21400D9D002F06AF803B05DF804FB054B0190009373
S21400D9E001210220044B054A02F05EF8F2E700BF70
S21400D9F04708040072080400906104005B080400F5
S21400DA0008B5D0E9023253F8223018782BF04BFCD8
S21400DA1030B9044A0121BDE80840042002F044B8A9
S21400DA20014AF7E787080400A308040008B5D0E910
S21400DA30023253F8223018882BF033FC30B9044AEF
S21400DA400121BDE80840042002F02EB8014AF7E79D
S21400DA50C2080400F208040073B50378044613F005
S21400DA60050F0ED04588062D17D1836801215B6807
S21400DA70174A1B780193838804200093154B02F005
S21400DA8013F82378012B20D001210420114B124AD1
S21400DA9002B0BDE8704002F007B835B983880121AE
S21400DAA004200E4A02F000F8EBE7012DE9D1866863
S21400DAB00B49002009F09EF8304609F003F8294685
S21400DAC00420084A01F0F0FFDBE702B070BD00BF9B
S21400DAD0280904001F0904007A0904004509040007
S21400DAE062090400044D04002DE9F04F00268FB0B3
S21400DAF0364D09AC0FCD0FC42B6801210220344AE5
S21400DB00236001F0D1FF3446DFF8DC902AF055FBA5
S21400DB10F5B2A8420BD82AF050FB2346009001210C
S21400DB2002202C4A01F0C0FF0FB0BDE8F08F284657
S21400DB3005A92BF09AFB0346002841D19DF8143026
S21400DB40032B39D904238DF814302B4600210220EC
S21400DB50214A01F0A9FF9DF814300EAA02EB8303B8
S21400DB6000214A4653F8143C022001F09DFF284647
S21400DB709DF821A09DF815B09DF81870BDF8168088
S21400DB802BF075FB5346CDE9028000210220CDE93B
S21400DB9000B7124A01F088FF01340020E4B22BF0EF
S21400DBA03CF818B10DF1190008F08CFF0021022096
S21400DBB00B4A01F079FF01E0002BC6D10136A5E73C
S21400DBC000210220074A01F06FFFF7E71C9E0400C1
S21400DBD08C090400050A040049050400B90904007C
S21400DBE016FF0300E00904008C140400C368826872
S21400DBF0013BDBB252F8233002201B78652B14BFA2
S21400DC0000220121044B1BBF01211A70034A044A5B
S21400DC1008BF197001F048BF1F6F00201C0A0400DF
S21400DC202A0A0400D0E9023253F822301A88014B3F
S21400DC301A807047B86E002007B5D0E9023103EBB2
S21400DC40810253F8213052681988054B054812881E
S21400DC5000930088012309F029FC03B05DF804FB5B
S21400DC6059DA0000B86E0020C3688268013BDBB258
S21400DC7052F823305B78A3F1660253425341014ABF
S21400DC8013707047226F002030B5D0E9023253F887
S21400DC90223089B01D78012302AA194604462BF0CB
S21400DCA0CAF901230093102302210DEB030220463C
S21400DCB02BF0A2F9284604AA02A92BF0D8FB0446AA
S21400DCC000202AF0AAFF18B12146044807F076FB88
S21400DCD00020034908F074FF09B030BD390A04007B
S21400DCE0044D0400002330B58FB00221009309AA2A
S21400DCF0122305462BF080F905AA014609A807F06D
S21400DD00E1F8044698B1232805D1134A01210420DE
S21400DD1001F0CAFE09E0212801D1104AF6E70346C1
S21400DD20012104200E4A01F0BFFE0FB030BD0123D2
S21400DD302846194603AA2BF07EF905A903A82BF05E
S21400DD4098FB054620462AF068FF18B12946054884
S21400DD5007F034FB044AD9E7460A0400690A0400BF
S21400DD60A40A0400C50A0400044D0400F0B5D0E976
S21400DD70023253F8221003EB82039B6805461F7895
S21400DD8087B038460E782AF028FF044608BBD5E947
S21400DD90022101238DF80830194452F8210002EBC5
S21400DDA0810200888DF809709268ADF80A00127832
S21400DDB004218DF80C2028460DF10D022BF03BF9BE
S21400DDC0304602A98DF815402BF053FA04462AF087
S21400DDD0F8FE334601210420024A009401F064FE56
S21400DDE007B0F0BDDA0A04002DE9F04101218EB03B
S21400DDF00220274A01F058FE002005AB01AA09A917
S21400DE002BF02FFB00250446224E234FDFF8988088
S21400DE101CB128460EB0BDE8F08102202B463246E3
S21400DE20214601F041FE20462AF0F7FE10B10AA86E
S21400DE3008F048FE3A46002102209DF8303001F0F6
S21400DE4033FE424600210220079B01F02DFE0021F2
S21400DE500220BDF82030114A01F026FEBDF814302D
S21400DE6000210F4A022001F01FFE013501A82AF00A
S21400DE70CFFEEDB2012102200A4A01F015FE284627
S21400DE8005AB01AA09A92BF0ECFA0446C0E700BFCF
S21400DE900C0B0400520B04005A0B04000E24040062
S21400DEA06F0B0400044D0400660B04002DE9F047D8
S21400DEB0064698B0C0B92AF07EF9074600250EA897
S21400DEC02BF0D9FA01210220384A01F0EDFD2C464C
S21400DED0DFF8E080DFF8E090DFF8E0A0BC4205D392
S21400DEE0284618B0BDE8F0870127E7E713A82BF00F
S21400DEF0C2FA002E4CD0022306A913A88DF84C3087
S21400DF00FE242BF0AAFA00283FD102A913A82BF072
S21400DF10AAFA9DF8593043F001038DF85930002EC7
S21400DF203DD1234631460220214A01F0BDFD9DF831
S21400DF3059300AA943F0010313A88DF859302BF085
S21400DF4092FA00202AF069FE10B114A808F0BAFD73
S21400DF500C9B42460021022001F0A6FDBDF82820B9
S21400DF60002112F4007F0CBF4C23412312F0100F47
S21400DF700CBF6E227922022000924A4601F094FDE0
S21400DF8006A82AF045FE0135EDB20134E4B2A5E755
S21400DF9020460AAB06AA13A92BF061FAB3E752464D
S21400DFA00021022001F080FDC1E700BF790B0400CC
S21400DFB0520B0400660B0400B50B0400AE0B040005
S21400DFC030B5012499B00EA82BF055FA13A88DF899
S21400DFD038402BF0E6F9C0B9BDF84C1011EA04053C
S21400DFE013D121460220444A01F05EFD2946022054
S21400DFF0424A01F059FD214602203F4A01F054FDF5
S21400E000214602203C4A01F04FFD06A90EA82BF03F
S21400E01024FA20B11022FF2106A80DF097F904A8D3
S21400E0202BF023FA059B01210220354A0093354B3D
S21400E03001F03AFD9DF8123001210220324A009389
S21400E040304B01F031FD00212E4B304A022001F00A
S21400E0502BFD06A82AF0DCFD13A82BF00CFA0223F1
S21400E0600AA913A88DF84C302BF0FDF900283FD1F3
S21400E0700B9B009301210220254B264A01F014FD3C
S21400E0800121234B244A022001F00EFD0120FFF758
S21400E0900DFF01211E4B214A022001F005FD002044
S21400E0A0FFF704FF04462AF086F823460090012175
S21400E0B002201B4A01F0F8FC01211A4B174A0220E5
S21400E0C001F0F2FCFFF790FE1749022803461748B6
S21400E0D0174A28BF0A46084928BF01460092CDE9DC
S21400E0E0013102200121134A01F0DEFC19B030BDD7
S21400E0F04FF0FF33BDE700BF044D0400C80B04001B
S21400E100060C0400FE0B0400160C04006B3304001F
S21400E11092410400290C0400390C0400400C040051
S21400E120490C04005D0C0400C40B0400D528040050
S21400E130272904006B0C040010B5D0E9023253F80E
S21400E14022301C78201E18BF01202BF016F9054A35
S21400E150054B0020002C18BF1A46BDE810400349A6
S21400E16008F02EBD980C0400930C0400A10C0400CB
S21400E170D0E9023210B553F822301C8820462BF026
S21400E180FEF82246BDE810400020014908F018BD00
S21400E190E20C040037B5044607F058F8014638B1DB
S21400E1A000200D4A0D4903B0BDE8304008F008BD18
S21400E1B0E368A268013BDBB252F8233008481D78BA
S21400E1C00123084A00936C2D08BF02461023204600
S21400E1D02AF012FF03B030BD300D0400380D0400E5
S21400E1E0086F0020F86E002013B583689A681278CE
S21400E1F0672A22D101A82BF0D4F80446A8B9BDF8A6
S21400E2000420174908F0DCFCBDF80430DA070AD40D
S21400E21013F0020F134B144A18BF1A461349002076
S21400E22008F0CEFC19E0124AF8E702461149002031
S21400E23008F0C6FC22461049F1E7C26801A953F867
S21400E240220003EB82035B6800681B68ADF80430AD
S21400E2502BF0ADF804460028ECD102B010BD00BF8C
S21400E2606B0D04005E0D0400C83404008C0D040021
S21400E2704E0D04009E0D0400CA0D0400034A044916
S21400E2801388C85401331380704700BF0A58002013
S21400E290265F002073B5154D01242B78144E13F01D
S21400E2A0040F0CBF02230423124A2146147032883E
S21400E2B002200192EB5C104A0093104B5B8801F041
S21400E2C0F3FB002102200E4A01F0EEFB0D4B29461F
S21400E2D0009332882346022001F02CFC21460220BF
S21400E2E0094A02B0BDE8704001F0DEBB265F0020A0
S21400E2F00A580020255F0020D90D0400FC57002096
S21400E300FE0D0400200E0400044D040070B51646F1
S21400E3104FF48A52114B124DDA805980114B1B88EC
S21400E3201A1E18BF012240EA82000F4A1278003AED
S21400E33018BF012240EA0210287063B103246B70F4
S21400E3401B0AAB7009F00EFC631C2855EE54074BF5
S21400E35002341C8070BD0124F4E700BFFC57002087
S21400E360265F002008580020245F00200A5800205E
S21400E37038B5D1E902320C46054653F8223002463B
S21400E38019880C4B1878FFF7C1FFE368A2680133C1
S21400E39052F82330188828F0B9FD4DB1E368A2681A
S21400E3A0023352F823301878BDE83840FFF766BFCE
S21400E3B038BD00BF215F0020F0B50546EB68AA68AF
S21400E3C0023352F8233008461C78294685B0FFF7FA
S21400E3D0CFFF204629F048FF204E214F78B3204635
S21400E3E029F04EFF0321441C03AA284627F0F5FD1A
S21400E3F03288E4B2C2F1FF0303991B1B9BB28B4227
S21400E40022443CBFC2F1FF03039301230321009380
S21400E4103A449DF80C3028462AF0EEFD039A022C6A
S21400E420338804BF0F48110AFA5408BFC154134476
S21400E4301C44348005B0BDE8F040FFF72BBF2046F3
S21400E44007F00CFC012332880446009303210346A0
S21400E4503A4428462AF0D0FD3388E9E70A580020D7
S21400E460265F0020275F0020052307B501210093C3
S21400E4700220044B044A01F017FB03B05DF804EBDE
S21400E480FFF79EBD070E04000E0E040013B50446EB
S21400E4902AF083FF38B1CDE9004001210220034B6A
S21400E4A0034A01F001FB02B010BD00BF300D0400AE
S21400E4B0250E0400194B37B51B783BB90121022005
S21400E4C0174A03B0BDE8304001F0EEBAD0E9023298
S21400E4D0144C53F8223001211D78638802200093E3
S21400E4E0114A2B4601F0E0FA104B25711B78104DAF
S21400E4F063B1012102200F4A01F0D6FA20460E4AE7
S21400E500298803B0BDE8304029F04FBC20460A4AAF
S21400E510298803B0BDE8304029F009BD255F0020FA
S21400E5203C0E0400FC5700204A0E0400225F002028
S21400E5300A580020610E0400265F00202DE9F041F5
S21400E540D0E9023253F8221003EB82035A680C78A3
S21400E55017889A68DB68B2F80080C6B01D7800217C
S21400E560304B0220304A0094CDE9017801F09CFA45
S21400E570002D0CBF6E237923012102202B4A01F0C7
S21400E58093FAFF23002D0DF1170606AD01932046E2
S21400E5900CBF8023402342463946029600952AF057
S21400E5A0A9F90446002835D1307829F063FE0746DD
S21400E5B0B0B128462AF0F0FA1D4BFD28A8BFFD2072
S21400E5C00093234682B20DF11901022001F0B2FA3F
S21400E5D001210220174A01F067FA46B0BDE8F08133
S21400E5E0307829F04DFE60B128462AF0DAFAFD2888
S21400E5F0A8BFFD200E4B82B200930DF11A013B46D8
S21400E600E3E7307807F02AFB0B4B024600932946D7
S21400E6100123DAE7009001210220084B084A01F0A6
S21400E62043FADAE72E4204007B0E0400A00E040034
S21400E630B2560400044D0400200E040028170400FF
S21400E640AA0E0400D0E9023253F8221003EB82032C
S21400E6502DE9F04F5A680F78B2F800809A68C7B074
S21400E660B2F80090DA681B6992F800A01E780021C4
S21400E6702F4B304A0446CDE901890220009701F06D
S21400E68013FABAF1000F0CBF6E2379230121022082
S21400E690294A009606AD01F007FAFF220021284617
S21400E6A00CF054FE304629F0E5FD834608B30023FF
S21400E6B0052100932046FD230DF119022AF09CFC4B
S21400E6C02870BAF1000F0CBF802340234A4641460B
S21400E6D03846CDE900562AF0D8F80146144806F028
S21400E6E06DFE01210220154A01F0DEF947B0BDE8B3
S21400E6F0F08F304629F0C4FD60B1FD230521204689
S21400E700CDF800B00DF11A022AF076FC85F801B0BB
S21400E7102870D6E70590304607F0A0FA059A03461B
S21400E720009205212A4620462AF066FCC9E700BF6B
S21400E730214204007B0E0400BB0E0400044D0400BE
S21400E7402DE9FF471C465B68E5685B1B00255FFA02
S21400E75083F803952E46FFF7D9FDEBB298450BD903
S21400E7600C9B9B5D282B39D8202B00F2CB800136E2
S21400E770F6B2002B40F0C980FFF78CFD04B0BDE870
S21400E780F087132A2FD801A151F822F053E8000091
S21400E79065E8000077E80000ABE8000079E70000D5
S21400E7A079E7000079E7000079E70000E7E7000076
S21400E7B0E7E70000E7E70000E7E70000E7E700001C
S21400E7C0E7E70000E7E70000E7E70000E7E700000C
S21400E7D0E7E70000F7E70000D1E80000A3F1310208
S21400E7E0D1B21329CDD90136F6B2A3F14102032ADC
S21400E7F0C2D8422B6CD06C4F00213A88DFF8B0A10B
S21400E800C2F1FE039BB2FF2B28BFFF23013200910B
S21400E810DBB22046524469B22AF0CAFB3B880AF8AB
S21400E820030001331844388011E04FF00409E36810
S21400E830A2682B4452F823301F68F8B209F1FF395A
S21400E840FFF71CFD19F0FF094FEA1727F5D1013530
S21400E85083E7E368A2682B4452F823301878FFF762
S21400E8600DFDF4E7E368A2682B4452F823301888BD
S21400E87028F04CFBEBE7E368A2682B4452F8233001
S21400E8801F68B7F1807F09D2F8B2FFF7F7FCC7F32D
S21400E8900720FFF7F3FCC7F30740E0E72B4601210C
S21400E8A00820424A01F000F966E74FF00409E368E1
S21400E8B0A2682B4452F823301F68F8B209F1FF39DA
S21400E8C0FFF7DCFC19F0FF094FEA1727F5D1BEE782
S21400E8D0294603AA204627F080FB0021324F344AFF
S21400E8E03B88DDF80C9002EB030CCAB2914501F1AF
S21400E8F0010102D84B443B80A9E710F802A00CF8AF
S21400E90002A0F2E7242B3FF670AF013B232B3FF625
S21400E91033AF01A252F823F053E8000065E8000088
S21400E92077E800002BE8000079E7000079E70000B0
S21400E93079E7000079E7000079E7000079E7000052
S21400E94079E7000079E7000079E7000079E7000042
S21400E95079E7000079E7000053E8000065E800006A
S21400E96077E80000ABE8000079E7000079E70000F0
S21400E97079E7000079E7000079E7000079E7000012
S21400E98079E7000079E7000079E7000079E7000002
S21400E99079E7000079E7000053E8000065E800002A
S21400E9A077E800002BE800000A580020D40E040088
S21400E9B0265F0020094B1B7823B101210820084A56
S21400E9C001F072B8D0E9023253F82230054A1B88AB
S21400E9D0012113800820044A01F066B8255F002054
S21400E9E0FA0E0400085800203C0F0400D0E902325A
S21400E9F053F82230054A1B780121003B18BF01233B
S21400EA0008201370024A01F04FB800BF235F0020B1
S21400EA10620F0400D0E9023253F82230034A1B7812
S21400EA20012113700820024A01F03EB8245F00203E
S21400EA30910F040010B5D0E90232044653F8223094
S21400EA40132219880B4B1878FFF760FCE368A2685E
S21400EA50013352F823301878FFF710FCE368A268F9
S21400EA60023352F823301878FFF708FCBDE8104050
S21400EA70FFF710BC215F002010B5D0E90232044633
S21400EA8053F82230112219880B4B1878FFF73EFCFA
S21400EA90E368A268013352F823301878FFF7EEFBDC
S21400EAA0E368A268023352F823301878FFF7E6FBD3
S21400EAB0BDE81040FFF7EEBB215F0020D0E9023230
S21400EAC053F82230034A1B78003B18BF0123DB00B3
S21400EAD013707047215F002010B5D0E9023253F85A
S21400EAE02230044619880E4B06221878FFF70EFCD3
S21400EAF00120FFF7C3FBE368A268034452F8233003
S21400EB00188828F003FAE368A268023352F8233024
S21400EB10188828F0FBF9BDE81040FFF7BBBB00BF24
S21400EB20215F00202DE9F043D0E902324FF0FD09C5
S21400EB30013253F8221003EB82035A68C7B01788D5
S21400EB409A68B1F80080147853F8043C002C0DF154
S21400EB50170506AE18783A4614BF40238023414670
S21400EB600295CDF80490009629F0C4FE034638B10D
S21400EB70184A0121082000F097FF47B0BDE8F0834F
S21400EB80201E18BF01200A224146C000FFF7BEFB28
S21400EB90384628F0BBF92878FFF770FB4A4631461E
S21400EBA0287829F015FB044628B10B4F3D88C5F19F
S21400EBB0FF03984202DD2346084ADAE70246084881
S21400EBC03146284425440CF051FD3D80FFF762FB9A
S21400EBD0D3E700BFC70F04000A580020E30F040065
S21400EBE0265F002010B5D0E90232044653F82230E2
S21400EBF0082219880B4B1878FFF788FBE368A26891
S21400EC00023352F823301878FFF738FBE368A2681F
S21400EC10013352F82330188828F078F9BDE8104000
S21400EC20FFF738BB215F002073B5D0E902320546F6
S21400EC30023253F8221003EB820353F8042C53F8E5
S21400EC40083C0C781988234B168818780622FFF79C
S21400EC505DFB0020FFF712FB304628F057F92046F0
S21400EC60FFF70CFBEB68AA68033352F823301888CA
S21400EC7028F04CF9EB68AA68043352F82330188859
S21400EC8028F044F9204609F06DF9E8B9204606F068
S21400EC90E5FF05210446019001AA284627F09DF9C4
S21400ECA0019B01469C4206D0224631460A480BF09C
S21400ECB03BFA02B070BD094D09482E882246304402
S21400ECC034440CF095FB2C8002B0BDE87040FFF792
S21400ECD0E1BA00BF215F00200F1004000A58002090
S21400ECE0265F002073B5D0E902324FF48A5153F8FC
S21400ECF02230104D1A88104BD9805A8000232A469D
S21400ED0000930121FF232AF077F92B78044613F0AD
S21400ED10040F0A4B08BF01261B7818BF032613B141
S21400ED2008F020FFA855064B1C8002B0BDE87040D6
S21400ED30FFF7B0BA265F0020FC570020235F0020B4
S21400ED400A580020D0E9023253F82230034A1B78D2
S21400ED50003B18BF01231370704700BF225F0020DE
S21400ED6010B50C4608B907F089FE024B18715C71A5
S21400ED7010BD00BFFC57002002462DE9F341D0E944
S21400ED800253526855F82310D21A0C8805EB8301FB
S21400ED90013BDBB255F82380294D022A4868C8BFDC
S21400EDA08A682B78D8BFFF210078C8BF11783BB996
S21400EDB001210220234A02B0BDE8F04100F074BEF3
S21400EDC0FFF7CEFF06F06AFA1F4F204E3B8801463B
S21400EDD0224600931E48334629F078FE0246C8B9FC
S21400EDE098F804103B885F2917D1CDE900364FF616
S21400EDF0FF712046164B28F0CCFF28B103460121B0
S21400EE000220144A00F050FE0023134A2B70138091
S21400EE10124A137002B0BDE8F0814FF6FB718C42C7
S21400EE2008D9CDE900362146094B4FF6FF7029F088
S21400EE300EF8E2E72146064A009629F03AF8DCE7A3
S21400EE40255F00205A1004000A580020265F002084
S21400EE50FC5700206110040008580020245F0020A2
S21400EE60002210B50A2104461046FFF74FFA00208C
S21400EE7028F04CF80122044B1A70FFF70BFA2046D4
S21400EE80BDE81040FFF778BF4E64002038B51C463A
S21400EE901546012322462AF0CEF860B921462846B8
S21400EEA02AF0A5FA044620B101210420034A00F006
S21400EEB0FBFD204638BD0024FBE700BF8810040099
S21400EEC02DE9F0430C4615461F46D0E9022352F8BA
S21400EED0231002EB830293680E8893F80080D368B1
S21400EEE08BB0B3F800903246012106ABFFF7CEFF99
S21400EEF0F0B90DF1200CF4B101232A884021CDE9A8
S21400EF0002C2CDE90471CDE900932221434606AA48
S21400EF1030462AF0C7F80B4B0B4A00930B4B019078
S21400EF20002C08BF134601210420094A00F0BCFD4E
S21400EF300BB0BDE8F083624628686968032303C205
S21400EF402246DBE7E7100400CC100400C6100400DD
S21400EF50D410040007B501236A4600212AF06BF896
S21400EF606846034908F04EFB03B05DF804FB00BF9B
S21400EF7059DA0000D0E9023253F8223001491888E5
S21400EF8008F012BB59DA000010B5D0E9023203EBE4
S21400EF908201496853F8223009784FF48A5218885B
S21400EFA02AF070F8BDE81040034601210420014A0B
S21400EFB000F07ABDF1100400D0E9023253F8223096
S21400EFC002214FF48A5210B518882AF04DF8BDE891
S21400EFD01040034601210420014A00F065BD00BF31
S21400EFE00A1104001FB5D0E9023203EB820153F880
S21400EFF02230496818884FF48A5309880293094BCF
S21400F000094A0193094B1B7800931278084B2AF0A3
S21400F010A1F8012103460420064A05B05DF804EB7A
S21400F02000F042BD0C58002026600020256000201D
S21400F03016580020211104002DE9F043D0E90232D1
S21400F04053F8221003EB82035A680E8817789A68E2
S21400F050DB688BB092F80090B3F80080324604214B
S21400F06006AB0446FFF712FF28BB08AD01232A466D
S21400F0700521204629F0DFFF38B9042001210F4A78
S21400F08000F012FD284629F084F84FF48A53CDE9A3
S21400F09004930023CDE9025303232121CDE9008305
S21400F0A006AA3B46304629F0FDFF01210346044AE6
S21400F0B0042000F0F9FC0BB0BDE8F0833911040021
S21400F0C06811040038B5D0E9024303F18043023BDF
S21400F0D002220F4954F823009D000CF083FC60B90F
S21400F0E00C4B0D491A78042A0BD82C44A0680088CB
S21400F0F021F8120001321A7038BD084B08491A78F8
S21400F100F1E70121BDE838400420064A00F0CCBCF7
S21400F1105C3A040026600020165800202560002077
S21400F1200C5800207A11040008B5C368806803F103
S21400F1308043023B0222064950F823000CF052FCA2
S21400F14010B9044B187008BD0022034B1A70FAE77A
S21400F1505C3A0400266000202560002037B5D0E920
S21400F160023153F821208C0015784268521A012A81
S21400F170C5BF1B195B686C091C78DCBF44F018041B
S21400F18005F01F052946204629F0A8FE034640B193
S21400F1902346012104200E4A009500F085FC03B0AA
S21400F1A030BD0121A94074B92346FE224FF6FF70F8
S21400F1B02AF043F9012103460420064A03B0BDE8BD
S21400F1C0304000F071BCFE2241EAC461EEE700BFA9
S21400F1D090110400B011040070B5D0E9021551F882
S21400F1E0253001EB8501044618884B681A788B6831
S21400F1F0052A1B8802D85E1E072E0BD90121042083
S21400F2000C4A00F051FCBDE87040012104200A4A77
S21400F21000F04ABC6468641B032CCABFC96807496F
S21400F22009682AF00AF9BDE8704002460449002041
S21400F23007F0E0BCCE110400EE11040000F8FF0752
S21400F2400B12040008B5D0E9023253F8220003EB93
S21400F25082035968FF22038809684FF6FF702AF078
S21400F260ECF8BDE8084002460149002007F0C2BCA1
S21400F2701E12040008B5D0E9023253F822300521E8
S21400F2804022188829F0F0FEBDE8084002460249F0
S21400F290002007F0AFBC00BF3F12040008B5D0E95D
S21400F2A0023203EB8201486853F8221002784023AA
S21400F2B00988312029F02BFFBDE8084002460249A4
S21400F2C0002007F097BC00BF6012040008B5D0E924
S21400F2D0023203EB8201486853F82210027840237A
S21400F2E00988332029F013FFBDE80840024602498A
S21400F2F0002007F07FBC00BF7A1204001FB5D0E9DB
S21400F300023253F8221003EB82039B6808881A78AF
S21400F3100023D21A18BF0122CDE9023302A94023E6
S21400F320D20129F003FF01210090044B0420044A77
S21400F33000F0BAFB05B05DF804FB00BFE710040060
S21400F3409812040007B5D0E9023253F822300321A0
S21400F3504022188829F088FE01210090034B0420E3
S21400F360034A00F0A1FB03B05DF804FBE7100400BD
S21400F370A712040037B5C3688268053352F82330F5
S21400F38004211D786A460123044629F054FE38B944
S21400F39004200121064A00F087FB684628F0F9FEA3
S21400F3A02B466A4600212046FFF78AFD03B030BD93
S21400F3B0C112040007B5D0E9023203EB82014868A7
S21400F3C053F82210027840230988322029F09FFE45
S21400F3D001210090034B0420034A00F065FB03B0B4
S21400F3E05DF804FBE7100400F212040070B58569AE
S21400F3F00446EA0705F0020605D476B1C5F30720F1
S21400F40029F0EBFB09E01EB1B2210F4830F091F96C
S21400F410A069C0F3810029F0CFFBE3691BB9BA21CC
S21400F420094830F086F9204614F0D0F9E3693EB179
S21400F430607E9847AB0706D0BDE8704029F0C1BB98
S21400F44020469847F6E770BD0713040008B514F089
S21400F450D1FD28B1BDE808404721024830F069B91F
S21400F46008BD00BF071304002DE9F041FF2B04463A
S21400F4700F4690461D469DF8186005D0FF2E03D017
S21400F480D521114830F055F90023FF2D18BFAD00E7
S21400F4900E4A1CBF45F00105EDB222600C4AC4E9D5
S21400F4A0063818BFA561FF2EC4E901232361E76073
S21400F4B007D0A36943F0020323F47F4343EA0623FD
S21400F4C0A361BDE8F08100BF07130400A83E00203A
S21400F4D0EDF30000002310B5054C03610460054CF5
S21400F4E0C261C0E901430123C160836110BD00BF52
S21400F4F0A83E0020EDF3000070B58669044606F0CD
S21400F5000303032B0D4603D1FC21144830F011F9F8
S21400F510FF2D16D0B20704D440F201110F4830F088
S21400F52008F9284628F0F5FFFF28054604D14FF4D1
S21400F53082710A4830F0FDF82DB204EB45142046DF
S21400F54070BDF307FBD5A36913F00C0FF7D040F29C
S21400F5500B11024830F0EDF8F1E700BF0713040086
S21400F5600023054AC0E9063103610260C360034A0E
S21400F570034B426083607047A83E0020EDF3000016
S21400F5809937020001482BF058BE00BFA83E002065
S21400F59001482BF05EBE00BFA83E002013B50E4803
S21400F5A02BF025FE27F02EFD2AF0D3FD2AF0EFFDE6
S21400F5B02AF0F6FDFCF748FF0446FCF75FFF2346FB
S21400F5C0009001210420054A00F06EFA02B0BDE862
S21400F5D01040FCF73FBF00BFA83E00209A1304006F
S21400F5E0022808B503D130F09DF8014B186008BD1D
S21400F5F0D83E002008B50CF00FFF0122044B1A700D
S21400F60030F019F9BDE8084002490348FDF7E4B8B0
S21400F6102860002088690020DC3E0020014B18701E
S21400F620704700BF27600020024B187808B105F02D
S21400F63019BE7047186F002008B5074B1B780BB132
S21400F640002008BDFFF7F0FF0028F9D106F0E4F926
S21400F650023818BF0120F4E72760002070B5FFF7D6
S21400F660EBFF174D20B1FFF78DFF0428044613D893
S21400F6702B781BB930F0DFF801232B7027F0D0FC75
S21400F6800446D8B12B781BB9F7210E4830F051F854
S21400F690BDE87040FFF776BF27F0C4FC0028E7D02F
S21400F6A02B785BB12FF043FF0646002101202EF099
S21400F6B003F930462FF036FF00232B70204670BD2E
S21400F6C028600020BB1304001FB5FFF7C7FF0446E1
S21400F6D0FDF72CFAA04228BF204688B103A92EF0D9
S21400F6E0D7FC034638B9CDE90000064A0399064818
S21400F6F030F034F818B18E21044830F01AF80120A2
S21400F70004B010BD1F700300B83E0020BB130400F9
S21400F7100D4B70B51B780D4D0D4C0121002B0CBF09
S21400F7202B46234602200B4A00F0BEF90A4B012165
S21400F7301B780220002B0CBF2B462346BDE87040EA
S21400F740064A00F0B1B900BF186F00207B3A0400EB
S21400F7509A3A040051140400276000207014040034
S21400F76010B5D0E9023253F8223002201B7801216E
S21400F770002B15BF01240024044A054A00F094F922
S21400F7802046BDE81040FFF749BF00BF8F140400B5
S21400F790AC140400D0E9023253F82230034A1B7836
S21400F7A0003B18BF01231370704700BF186F00207E
S21400F7B038B50125084B1D702FF0B9FE04462946C2
S21400F7C028462EF079F820462FF0ACFEBDE83840EB
S21400F7D002490348FDF700B8296000209069002020
S21400F7E0043F002070B514F08BFC10F0070F1D4D81
S21400F7F011D02B785BB901262E702FF098FE0446A8
S21400F800314630462EF058F820462FF08BFEBDE8E5
S21400F810704014F039B929F0ECFD0228E9D1124CF9
S21400F8202378032BE5D914F06BFC10B92378032B4F
S21400F83014D814F029F904460028DAD02B785BB1E6
S21400F84000262E702FF073FE0546314601202EF05E
S21400F85033F828462FF066FE204670BD4FF0FF3482
S21400F860ECE700BF29600020CD6400201FB5FFF73D
S21400F870B9FF0446FDF75AF9A04228BF204688B1D2
S21400F88003A92EF005FC034638B9CDE90000064A68
S21400F890039906482FF062FF18B18C2104482FF018
S21400F8A048FF012004B010BDE9750300E43E0020C7
S21400F8B0CB14040010B5094C0949002007F080F964
S21400F8C023681B68587928F05AFE23681B68587905
S21400F8D027F093FE04F092FE002010BD04440020A2
S21400F8E05915040008B529F074FD024628B1BDE894
S21400F8F008400020014907F063B908BD7C150400E4
S21400F90008B529F07CFD024628B1BDE80840002075
S21400F910044907F055B95422BDE80840FF210248C3
S21400F9200BF014BD941504002058002038B504468A
S21400F9300D4629F068FD024628B1BDE83840002093
S21400F940034907F03DB9034B23F8145038BD00BFF8
S21400F950B2150400205800202DE9F34100240C4E77
S21400F9600C4DDFF838800C4F56F8043B0BB9D8F82E
S21400F970003035F8022B394600920020224601342A
S21400F98007F01EF92A2CEFD102B0BDE8F08100BFC7
S21400F9909C69002074580020CE1504009869002049
S21400F9A008B52A21034829F026FDBDE80840FFF7E0
S21400F9B0D3BF00BF7458002007B5D0E9023253F811
S21400F9C022301A78292A0DD8084B53F822300BB962
S21400F9D0074B1B680749002031F8121000910649B2
S21400F9E007F0EEF803B05DF804FB00BF9C6900204A
S21400F9F09869002074580020CE15040008B52A2106
S21400FA00034829F0FAFCBDE80840FFF7A5BF00BF91
S21400FA107458002038B5D0E9023253F8221003EBB0
S21400FA2082035B680C781D880020044907F0C8F83C
S21400FA3029462046BDE83840FFF778BFD9150400B0
S21400FA402DE9F34100240C4E0C4DDFF838800C4FA6
S21400FA5056F8043B0BB9D8F8003035F8022B394677
S21400FA60009200202246013407F0AAF82A2CEFD193
S21400FA7002B0BDE8F08100BF9C690020205800203D
S21400FA80CE1504009869002010B5024627F0CBFD7D
S21400FA9020B9044C236811B11343236010BD23EA38
S21400FAA00203FAE7486A00200CB413B502460C4677
S21400FAB027F0B9FD60B9094B1B681A4208D005A9A2
S21400FAC0049801910AF044FB14B105482AF0CDFAD7
S21400FAD002B0BDE8104002B0704700BF486A002080
S21400FAE0D8180400034610B5D3E9023253F8223082
S21400FAF008461C78211E18BF0121FFF7C5FF0146E6
S21400FB0048B9084A084B0220002C08BF1346074A8B
S21400FB10FFF7CAFF10BD00210220054AFFF7C4FF09
S21400FB20F8E700BFDE040400D6040400DA18040078
S21400FB30F01804002DE9F04105461F460C46DFF894
S21400FB402C808E18B44201D1BDE8F08100212846F1
S21400FB5014F8013B069AFFF7A7FF002FF2D04246A3
S21400FB6000212846FFF7A0FFECE700BF640B040067
S21400FB7002460249002007F023B800BF011904001E
S21400FB8010B5234C2348FF2127F02EFA20780228B0
S21400FB901ED003282ED0012804D02120BDE8104016
S21400FBA0FFF7E6BF1C4B19780029F7D002231B4A43
S21400FBB023701378052B0EBF00230133DBB2994266
S21400FBC0137003D1052313700020E7E7052BFBD045
S21400FBD0124B1B78052B02D103232370DDE7104A56
S21400FBE0104932F8230007F0DFFC032323700028B7
S21400FBF0D4D110BD094B0C4A1878094B03EB800191
S21400FC00897833F8200007F09FFC0123EEE700BF59
S21400FC102A6000200C3F0020336000201A6F00206E
S21400FC20C858002009FE0000B5FD00002DE9F04F81
S21400FC300D46144695B00490112200210FA899464F
S21400FC40DFF86C810BF082FB04EB45030393D9F8D5
S21400FC5000301C2B02D0039B9C4202D115B0BDE89D
S21400FC60F08F0123DFF844A18DF81C3023884C4A1E
S21400FC70ADF81E309AF800304A4D08EB83039B78A7
S21400FC8028788DF8203013688DF81D00CDF82130C7
S21400FC905368CDF8253028F096FF049B8DF8290090
S21400FCA021882878002B4AD128F05AFC002844D016
S21400FCB09AF800300FAA38F8230007A927F0CFFCDF
S21400FCC000283AD028F079FA4FF0000B074606468F
S21400FCD01C255FFA8BF2974234D8B7422BD99DF891
S21400FCE01C30032B1AD10FAB0193BDF82130002234
S21400FCF00421009301202C4B06F0E8FD9AF8003012
S21400FD0008EB83039978274B187806F05BFE9AF881
S21400FD100030002038F8231028F0A8FE5DB107A9AF
S21400FD20304629F0A6FA214B05461B78304638F8AF
S21400FD30231029F0A0FAC9F80050023487E728F00B
S21400FD4006FCB3E710460BA9059229F08EFA30B9E7
S21400FD509DF82C1031B9059AB74208BF16460BF12C
S21400FD60010BB6E7BDF82E00BDF81E209042F6D176
S21400FD709DF830009DF820209042F0D19DF81C2080
S21400FD808A42ECD1032A14BF082202220DF1210177
S21400FD900DF131000BF026FE002808BF0025DEE737
S21400FDA02B600020196F00207E1B04001A6F0020B5
S21400FDB0C858002013B503460020114A9C681278E4
S21400FDC00190052A03D01B78032B00D12CB9012003
S21400FDD002B0BDE81040FFF7CBBE6268217801ABE9
S21400FDE0FFF724FF217A0120E26801ABFFF71EFF30
S21400FDF0FF21044802B0BDE8104027F0EDB800BF70
S21400FE001A6F00200C3F0020094B1B78052B02D0F0
S21400FE100378032B02D00120FFF7AABE8168054AAB
S21400FE200B68054813604B68FF21536027F0D4B871
S21400FE301A6F00202B6000200C3F002038B50024ED
S21400FE40114B124D1870124BFF211C702C7006F0CF
S21400FE50B9FD0122032110460E4B06F037FD4FF682
S21400FE60FF712246084628F004FE044648B940F6CC
S21400FE70B832FF21084827F0A6F801232B70204649
S21400FE8038BDFFF775FEFAE7196F00202A600020DC
S21400FE9033600020044D04000C3F0020144BF0B5E6
S21400FEA01A68144913680978587988420BD11249A0
S21400FEB0D78808460022114D1E792B78D4B2A3426B
S21400FEC003D8052C0AD10020F0BD0C88BC4202D114
S21400FED08C78B442F7D001320431EFE7A342F2D176
S21400FEE020F82270013300EB820086702B70EAE760
S21400FEF004440020196F0020C858002033600020FA
S21400FF00FF2307B50021044A04480093FFF7ACFA24
S21400FF1003B05DF804FB00BF81FB00000C3F00202F
S21400FF201FB5B42303210446ADF80E3028F00FFBAE
S21400FF3098B1212320460093002203210DF10E03E1
S21400FF4028F0B4FC04460020054B064A06490094F7
S21400FF5006F036FE204604B010BD8624F3E700BF48
S21400FF602B190400381904004D190400D0E9023298
S21400FF7053F82230034A1B78012113700220024AEC
S21400FF80FFF792BD356F00205C1904000122014B7B
S21400FF901A707047356F00200A4B90F805111B78D1
S21400FFA090F8082119448A42BCBFB2FBF3F103FB68
S21400FFB011234FF0FF32B8BFDBB202FA03F380F82A
S21400FFC00A317047356F00202DE9FF410446057F52
S21400FFD0867EDFF870806E43237F98F800201344F7
S21400FFE09D4212DB607F60B9238B029363690193A5
S21400FFF0237C00936288A31D217805F0EFFDFF2384
S2140100002370002004B0BDE8F081E37EAB42E9D95D
S214010010A77E228BF1199142A4BF921BD7B205EBA2
S2140100200323E3813A4633462946204627F031FB2F
S2140100300028E7D1637F3744013301356377BEB2C9
S214010040EDB2C9E7356F002037B5054629F047F907
S2140100500D4B04461B6869461B78032B82BF0B4B6E
S2140100601B881B18284688BF9CB229F0C0F938B9EE
S214010070684629F036F918B9044B1B8823449CB20C
S214010080204603B030BD00BF40430020C06E0020B4
S214010090084B1B78FF2B0BD1074B1B78FF2B07D187
S2140100A0064B1B78022B03D04FF4807028F021BD3D
S2140100B0704700BF4C6A00205C4000202C3F0020A7
S2140100C010B50446FF2126F08FFF054B9C4202BF68
S2140100D00023A4F588742370BDE81040FFF7D8BF4D
S2140100E03C4000202DE9F0479A462A4B81461B7872
S2140100F088461646BDF82050002B49D0FF2D3ED924
S21401010038252846BDE8F087234B0C223146A01D32
S214010110636184F80090A4F802800BF069F9A28963
S214010120414642F4004242F040022046A28127F0B6
S214010130C2FA2A46514660690BF05AF941464846CA
S214010140A21D258328F00CFEA0760028D8D00544F1
S214010150013DB5FBF0F0FF28D2DC0023E076204617
S214010160A383FFF731FF054680B923794FF48070EA
S214010170B37228F081FC227C099B1A80C1E7074CE8
S2140101802778FF2FC0D040F60345BAE72770F2E77D
S2140101900225B6E7356F0020356000205C40002060
S2140101A0B0F9063010B5002B25DA144C2278237CE2
S2140101B0FF2A02D0827A9A4207D0114C2378FF2B6D
S2140101C017D0827A237C9A4213D169B9637F013BA7
S2140101D0DBB263775BB90B4A237F12782046134460
S2140101E02377FFF7F1FE0146204627F073FAFFF763
S2140101F04FFF012010BD0020FCE700BF5C4000203F
S2140102004C6A0020356F00202DE9F04F9A46B1F96F
S214010210063091B0002B0D461746DDF86880049035
S21401022080F22981B8F80030FF2B04D94FF4B87159
S214010230A6482FF07EFAA64B00241A7893F80401FC
S214010240B3F80211002A40F0A5802E7AA14A12784E
S214010250B24240F2AF800222A3F802711A70AA7A63
S214010260FF2483F804210022A3F8084183F805211E
S214010270A3F80621B8F80020954883F80C21FFF76B
S2140102808BFE3846FFF7E0FE214600EB400292481F
S21401029026F099FE4FF4807028F0EEFB8C4C94F813
S2140102A00A91B9F1FF0F20D18A4A94F805311278E4
S2140102B01344B34219DC94F80C1184F80531B4F8F0
S2140102C00631204601FB0233A4F80631FFF764FE2F
S2140102D00122824B38461A70FFF7B6FE494600EBFC
S2140102E0400204F5887026F06EFE94F80531B3429C
S2140102F060D8DFF8E0B19BF800C00CEB0302964231
S21401030058DA764994F808210878013A002853D03B
S214010310964205DAB8F8002084F80C2100220A700B
S214010320B6FBFCF901220CFB196994F80A015FFA85
S21401033089F902FA09F2D1B2024076B92889000A8F
S214010340844584F8080108D92046CDE9062105939D
S214010350FFF722FEDDE90621059B94F80A01014319
S21401036084F80A1182B994F80921B4F806C1013259
S21401037084F80921B8F80020DAF800100CEB020026
S214010380FF2826DD0323237094F80831013B9E42A3
S21401039030D138E0AE7A864202D18F4200D11C4677
S2140103A02E7A002C7FF47BAF002A3FF44FAF012A50
S2140103B03FF44CAF01205FE09642B1DA94F80C119D
S2140103C098F800209142ABD004F58870FFF778FECC
S2140103D0F0E794F80CE1F31A0EFB03C3A01C10FA25
S2140103E083F005920BF004F894F80831059A013B66
S2140103F09E4244D0012394F80A2103FA09F3013BF3
S2140104001343FF2B04D122462946384627F054F9D8
S21401041094F8083194F809219A42CBD19BF8003020
S214010420B2FBF3F103FB112212F0FF0218BF1346D1
S2140104302278022A26D1264A0234107851780128D9
S21401044004BF01315170012224F8022CEA88B4F865
S214010450041122F04002EA8094F809210A44591E48
S21401046094F80A3113FB01F31344A8F80030CAF8D4
S2140104700040FFF70DFE002011B0BDE8F08F84F8B4
S2140104800B21C0E76979002994D0032A92D1B4F8E8
S214010490062194F80B1108AE11445A1E94F80C313B
S2140104A0284613FB02F30B4400219BB2A21CA8F8BA
S2140104B00030CAF80020CDE900710296049907F0D1
S2140104C05FFD8921304628F048FC7DE7831904004A
S2140104D02C3F0020356F00203C4000203460002077
S2140104E013B5044618B101280BD002B010BDFF2386
S2140104F001460093064A0748FEF7B6FF064B1C70F6
S214010500F3E7FFF743FDFF22044B1A70EDE700BF48
S214010510C10001003C4000202C3F00205C40002030
S21401052013B501A909F0D2FE044648B9BDF8063054
S2140105309DF80420034906F043FB204602B010BD97
S2140105408120FBE71A1A040013B5694609F0CAFEB2
S214010550044688B9BDF802309DF80020074906F028
S21401056049FB2046019906F09DFA2046044906F00B
S21401057027FB204602B010BD8120FBE73E1A04008F
S214010580641A040037B5694609F0D0FE044618BB64
S2140105909DF801309DF80020104906F02BFB104D08
S2140105A09DF80120E3B29A4206D800200D4906F0D4
S2140105B007FB002003B030BD0198630003F4FF730E
S2140105C002220021184428F0E1FA294602460020BA
S2140105D006F010FB0134E3E78120EBE7661A04001E
S2140105E0951A0400044D040013B501A909F074FE20
S2140105F0044648B9BDF806309DF80420034906F0C4
S214010600DFFA204602B010BD8120FBE79F1A0400E6
S21401061030B500240B4D85B06946E0B228F025FEC2
S21401062050B99DF80030032B06D12946BDF8053098
S2140106309DF8012006F0C4FA0134202CECD105B057
S21401064030BD00BFC61A040008B50020034906F0F5
S214010650B7FABDE80840FF2000F0DEBAD81A040059
S2140106602DE9F04F85B006460D46174627F072F87D
S214010670044640B130463A46294627F055F8002050
S21401068005B0BDE8F08F4FF003094FEA15285FFA71
S21401069084FA6946504628F0E8FDB8B99DF800B0DE
S2140106A0BBF1000F12D1694650468DF800908DF8C7
S2140106B005508DF806808DF8016028F0DAFD0246B7
S2140106C00028D7D05846064906F07AFA0134202C7D
S2140106D0DDD10020034906F073FA8920D0E700BF78
S2140106E0ED1A0400141B04001FB5002304468DF800
S2140106F00F3027F01AF828B19DF80F3063F07F030A
S2140107008DF80F30182301930DF10F03002200938B
S21401071004214023204628F0B8F8024618B10020EC
S214010720024906F04DFA04B010BD00BF2F1B0400AD
S2140107301FB502A909F0E8FD044688BBBDF80820EC
S214010740184906F057FA2046039906F0ABF92046F9
S214010750154906F035FA4FF6F672BDF80810134C37
S2140107604B1E9BB2934219D82368039A1B6858798B
S214010770FFF776FF23681B79012B0BD8BDF80830ED
S2140107800022CDE900030421094B092006F09EF85A
S21401079028F0DDFA6FF0FF0004B010BD8720E9E70E
S2140107A08120F9E74E1B0400641A0400044400206B
S2140107B0651B040070B504468AB005AD1122002100
S2140107C028460AF0C3FD204604A909F091FD044617
S2140107D000283AD11E4EBDF810201E4906F0F0F949
S2140107E032681379012B28D84FF6F670BDF8101031
S2140107F04B1E9BB2834224D81368587926F0AAFF71
S21401080008B333682A461B68BDF81010587926F0DD
S2140108108AFFBDF8103001220421CDE900430920EA
S2140108200D4B029506F052F828F091FA034620B1D6
S21401083000200A4A0A4906F0C3F96FF0FF000AB021
S21401084070BD8724E5E78B24E3E78120F7E700BF47
S21401085004440020681B04007D1B0400811B040067
S2140108608C1B04002DE9F0479AB004A909F058FD45
S2140108700446002840F0B5809DF810205B4906F03C
S214010880B9F925465A4E9DF81020EBB29A4254D833
S2140108900020584906F094F99DF81050002D40F0BC
S2140108A099802C462E46544F06A9F0B228F0DDFC5E
S2140108B0C8B99DF81830032B15D13B689DF819204F
S2140108C01B685B799A420ED19DF81D2005F16803DD
S2140108D06B4403F8402C9DF81E200235013403F8C2
S2140108E03F2CEDB2E4B20136202EDDD19DF810305A
S2140108F00BB1002C77D00AABCDE90143FF230222CE
S2140109000421009309203D4B039505F0DFFF28F0F5
S2140109101EFA034660B19DF81020002A5FD0384ABF
S2140109203849002C08BF0A460020374906F048F926
S2140109306FF0FF001AB0BDE8F08705986B0003F46E
S214010940FF7302220021184428F020F9314602469E
S214010950002006F04FF9013595E70598730003F47A
S214010960FF7302220021184428F010F90027804660
S2140109705FFA80FA06A9F8B228F077FC00BB9DF86A
S2140109801830032B1CD1D9F800309DF819201B68AC
S2140109905B799A4214D19DF81D30534510D19DF8CC
S2140109A01E30C8F307229A420AD105F168036B4448
S2140109B00235013403F840AC03F83F2CEDB2E4B243
S2140109C00137202FD6D101369DF81020F3B29A4276
S2140109D0C3D88BE70025DFF820902E46F4E7084AB7
S2140109E0A2E78120A6E78B20A4E700BFE61B040050
S2140109F0951A0400044D040004440020051C04005C
S214010A00B71B0400D51B0400091C04002DE9F043A4
S214010A1089B002A909F072FC0446002867D1BDF826
S214010A200820344906F0CCF84FF6F672BDF80850A7
S214010A30DFF8D4906B1E9BB2934254D8D9F800309D
S214010A4029461B685F79384626F084FE00284CD07C
S214010A5026465FFA86F8404603A928F006FC28B920
S214010A602946384603AA26F062FE20B90136202E12
S214010A70EFD14FF0FF08404628F0F5FB014658BB82
S214010A80112203A80AF062FC2946384603AA26F07A
S214010A904BFED9F800301A79012A18D81B68BDF820
S214010AA00810587928F033F8BDF8083003220421DD
S214010AB0CDE900430920104B05F008FF28F047F95F
S214010AC0034620B100200D4A0D4906F079F86FF073
S214010AD0FF0009B0BDE8F08302460A49002006F08F
S214010AE06FF80124D5E78724D3E78B24D1E781204B
S214010AF0EFE700BF2B1C0400651B0400691C040003
S214010B008C1B0400421C0400044400202DE9F04321
S214010B10DFF894800020D8F8003021491B688BB09C
S214010B205E79002506F04CF801275FFA85F94846FC
S214010B3001A928F09AFB044690B99DF80430032BCE
S214010B400ED19DF80530B3420AD1484628F08BFBFA
S214010B500146A0B102461349204606F031F8274661
S214010B600135202DE1D1D8F8003000211B685879D5
S214010B7027F0CDFF87F001000BB0BDE8F08311220E
S214010B8005A80AF0E3FBBDF809403046214605AA50
S214010B9026F0CAFD2146304627F0B9FFE0E700BF40
S214010BA0761C0400421C04000444002037B5694644
S214010BB009F0B0FB044638BBBDF80020134906F027
S214010BC019F8134D2046019905F06CFF204611498E
S214010BD005F0F6FF2B681B68587928F0A7F870B166
S214010BE04FF6F672BDF800104B1E9BB2934209D821
S214010BF02B68019A1B685879FFF732FD0446204698
S214010C0003B030BD8724FAE78120F9E78A1C040087
S214010C1004440020641A04007FB505460024E6B2A9
S214010C206946304628F021FBA8B99DF80030032B11
S214010C3011D19DF80130AB4204D0FF2D0BD19DF8A8
S214010C400D3043B9304628F00EFB024618B100209D
S214010C50034905F0B5FF0134202CE0D104B070BD86
S214010C60421C0400034B1B681878012808BF0220A9
S214010C70704700BF40430020D0E9023253F82230CB
S214010C801A78024B1A7000F0E7BA00BF34610020F0
S214010C9070B5D0E902456B1EDBB254F8230003227F
S214010CA01B490AF09FFE54F8253004EB8504197899
S214010CB063681A78A2F10B030F2B05D9154900209A
S214010CC0BDE8704005F07CBF01290FD1124C914060
S214010CD0236840B90B43114A23600020BDE87040E9
S214010CE00F4905F06DBF23EA0103F4E702290CD191
S214010CF001230C4903FA02F20B6818B913430A4A96
S214010D000B60EAE723EA0203F9E70A460749D6E752
S214010D10AE1C0400B21C0400706A0020C81C04004B
S214010D20D01C04006C6A0020E31C0400ED1C0400C7
S214010D3007B5D0E9023103EB810253F821300B49A4
S214010D401B785268012B0A4B08BF0B4612684FF0FE
S214010D5000001A600092074A074B084918BF13465D
S214010D60074A05F02DFF03B05DF804FB706A00200A
S214010D706C6A0020081D0400001D0400121D0400FA
S214010D80409E040038B5254A254B264C00202649AE
S214010D9005F016FF0020254905F012FF22682449B8
S214010DA0002005F027FF2068224C234D05F0E2FEC7
S214010DB02146002005F004FF2A682049002005F09E
S214010DC019FF286805F0D6FE2146002005F0F8FE3A
S214010DD01B4B1C491A781C4B002053F8223005F097
S214010DE0EFFE00F00DF919490246002005F0E8FE75
S214010DF0174B00201A78174905F0E2FE164B1749E3
S214010E001A78002005F0DCFE04F020FABDE8384030
S214010E1002461349002005F0D3BE00BF409E0400E1
S214010E202C1D0400706A0020331D04003B1D0400C5
S214010E30491D0400ED0504006C6A00205A1D0400DB
S214010E40626100206B1D0400746A00207E1D040090
S214010E5047610020921D040046610020A41D040085
S214010E60B61D040007B500F071F8054B0090054A61
S214010E700020054905F0A4FE03B05DF804FB00BFA1
S214010E80CC1D0400409E04004D190400F8B504462C
S214010E900B4F0C4E0C4D00200C4A0D4905F090FEF0
S214010EA020463B7829783278F5F70AFB00233B7019
S214010EB033702B70FF21BDE8F840064826F094B841
S214010EC0626100204661002047610020409E0400C8
S214010ED0D11D04007C40002037B51248FF2126F0C2
S214010EE083F8114B187810F0100505D0002003B0D8
S214010EF0BDE8304003F01CBF0121B42004F020FB04
S214010F0004460A4B0A4A0B490090284605F058FE4B
S214010F102046FFF7BBFF4FF4806003B0BDE83040CA
S214010F2027F0E7BD7C40002062610020E81D040038
S214010F30409E04004D1904000021024A0248FEF7B3
S214010F40C9BA00BFD90E01007C40002008B5054B88
S214010F501B7823B11720FFF799FF002008BD022058
S214010F60FCE700BF6261002010B550B1054B00F1EF
S214010F70100250F8044B904243F8044BF9D1024B4F
S214010F80197010BD486100205861002037B5174D13
S214010F9004462B78DB0626D50090154B0020154A13
S214010FA0154905F00DFE1E2C0BD0652C09D0032C1F
S214010FB019D0002028F0D9F940F61C40FFF766FF4B
S214010FC00DE028F0FAF94FF4FA63B0FBF3F202FBF6
S214010FD01300C218FF21094892B225F0F4FF2B78BE
S214010FE023F010032B7003B030BD00BF62610020F8
S214010FF0011E0400409E04004D1904007C400020A0
S214011000014B1879704700BFDC58002070B54C4E74
S2140110108EB0337803F0FB02A3F10905022AEDB284
S21401102058D0042B41F6041257D0A3F108014B42C5
S2140110304B415B0013434348ADF80C3026F0BAFB36
S21401104048B9414B3F4A03F1100153F8040B8B4258
S21401105042F8040BF9D13D4B1B78002B3FD03C4B9B
S2140110600DF10E0203F1100153F8040B8B4242F806
S214011070040BF9D103A828F098F92328044610D1C7
S214011080012D49D80020334A334905F099FDBDF8B2
S2140110900C3003A823F40053ADF80C3028F085F982
S2140110A00446002C41D14FF40C7028F07CF904461C
S2140110B000283AD103F0FAFE012D36D8274A01ABB3
S2140110C01068516803C3264901A828F0D2F978B3FD
S2140110D019242AE043F60412A7E70223AAE7337885
S2140110E0042B0DD0082B0BD01E4B0DF10E0203F175
S2140110F0100153F8040B8B4242F8040BF9D1B9E7FF
S214011100104A0DF10E0302F1100152F8040B8A4247
S21401111043F8040BF9D1ADE7337803F0FB03022B58
S21401112003D10020104905F04BFD20460EB070BDDE
S214011130044901A828F09DF904460028C8D1F4E71F
S2140111406261002036610020CE1E04005861002036
S21401115048610020409E0400251E0400DF1E040096
S214011160309E0400E81E0400801E040070B50026B0
S21401117086B00446252028F0FEF8162200211648DF
S2140111800AF0E4F8154B1E60154B1878FFF76AFD58
S214011190022814BF0123042303208DF8083028F009
S2140111A038F904238DF810300E4B02A805930394EA
S2140111B003F030FD05460C4B0C4A19680C4B3046C3
S2140111C0A14208BF134600940A4A0B4905F0F8FCF1
S2140111D0284606B070BD00BFDC5800209C400020A9
S2140111E062610020CD140100706A0020001D040019
S2140111F0081D0400409E0400F91E040008B5134AA9
S2140112001378042B09BF124B01331B78C3F1060375
S214011210DBB2137003F0FD02092A04D11720FFF791
S21401122035FE172008BD0A4A1278002A14BF052287
S21401123006229A4207D1074B18680028EED0FFF71E
S21401124095FF4D20EEE70020ECE700BF626100202D
S214011250586100206C6A002073B51E4C1E4E236830
S2140112603268134334D01D4B1B6853B31C4D2B7887
S2140112703BBB03F0EBFFF8B94FF4806027F0FCFBB3
S214011280184B24681B7894B1C3F102032B7003F04A
S21401129047FD2046FFF76AFF04460020124B134A1B
S2140112A01349009405F08CFC204602B070BDC3F1D2
S2140112B0060334682B70EAE70121B42004F040F9F4
S2140112C0EAE70020094A0B4905F07AFC0224E4E724
S2140112D00224E9E7706A00206C6A0020404300207F
S2140112E06261002058610020411F0400409E0400F6
S2140112F04D190400271F04002DE9F347384D394ED8
S21401130000202A792B88384905F05AFC326828795A
S21401131022FA00F010F0010002D1344905F050FC29
S214011320334F3C783CB10822324933480AF05AFB25
S214011330041E18BF0124DFF8DC80DFF8A490DFF874
S214011340B4A014E098F8000049460130C0B288F80D
S214011350000028F002F8002835D13C783CB108227C
S214011360514625480AF03EFB041E18BF01242A797F
S2140113703368D340DB07E5D5002CE3D100922B88F8
S2140113801E4A1F49204605F01BFC1E4B1878FFF726
S21401139069FC01230322124927F0E5FF1A4A054694
S2140113A013780133137010B902B0BDE8F0872046F8
S2140113B02B46124A154905F003FC284602B0BDE843
S2140113C0F047FFF763BD0020114905F0F9FBFFF771
S2140113D015FF0028E8D102B0BDE8F04700F01CB8C0
S2140113E0DC5800209C400020471F0400781F0400A2
S2140113F06161002059610020EA580020409E0400E7
S214011400472004006261002046610020E81F0400B6
S21401141011200400356100202DE9F041214C224DB8
S2140114202378002055F82330204A214905F0C8FBCF
S214011430FFF7ECFD03461D4E1E4FDFF874802BB9F7
S2140114402378042B15D8B3B91B4B15E03246394621
S214011450002005F0B5FBFFF7D1FE00BB237832462E
S21401146055F82330414605F0ABFBFFF7CFFD0346A9
S214011470E5E7092BE8D1114B00201B68104A1149FA
S2140114801360114B187027F068FF20B1BDE8F041DA
S2140114900120FFF7FBBCBDE8F041FFF72DBFBDE81B
S2140114A0F08100BF62610020746A0020409E040043
S2140114B067200400742004006C6A0020706A002013
S2140114C09C400020DC5800203561002070B51C4C83
S2140114D023789BB3838913F4407F2FD0056835B1F9
S2140114E02A46BDE870400020164905F069BB27F082
S2140114F032FF154E03463070144A2846144905F04B
S2140115005FFB33781BB1BDE87040FFF785BF2378DA
S214011510082B0CD8042B0CD80E4B1B78C3F10603F2
S21401152023700D4BBDE870401868FFF71FBE0A2BED
S214011530F2D1BDE870401820FFF7A8BC70BD00BF0F
S214011540626100209F20040047610020409E040045
S214011550CC200400586100206C6A002030B5464D4E
S21401156003460446454A0020454987B005F028FB56
S2140115702B782BBB01A827F07EFF022301A88DF84C
S214011580043027F066FFB0B93E4901A827F063FF93
S21401159088B1152C0FD127F010FF47F23153B0FB5D
S2140115A0F3F202FB130000F51C50103080B203F07A
S2140115B0BFFB07B030BD162CFBD103F0F3FBF8E7F9
S2140115C0152C2AD100202D4A2F4905F0F9FA2B783F
S2140115D0042B11D0082B0FD02C4B1B78DA070BD419
S2140115E001A827F0DCFE18B9BDF804309B0703D428
S2140115F02B7843F010032B7027F0DFFE4FF4FA63CD
S214011600B0FBF3F2FF2102FB1300C218204892B28E
S21401161007B0BDE8304025F0D6BC27F000FF0446F1
S2140116200028C6D12B78013B092B1ED8134A19492D
S21401163005F0C6FA184A194913780133D8B2107062
S21401164027F08BFE60B12046154905F0B9FAFFF781
S214011650D5FD0028ADD107B0BDE83040FFF7DCBEB0
S21401166007B0BDE83040FFF747BE40F61C4007B064
S214011670BDE83040FFF70ABC62610020409E0400CE
S214011680F0200400309E040007210400346100208D
S2140116907C4000201A21040035610020DC5800201F
S2140116A0112004002DE9F0410B4686B004460E4693
S2140116B017463A490246002005F082FA4FF0000824
S2140116C00123CDE901380DF116030093424640236C
S2140116D00621204627F00EF9054640B1024630495C
S2140116E0404605F06DFA284606B0BDE8F0819DF843
S2140116F016202AB936B900202A4905F061FAF2E720
S214011700012EF8D082F00103002027498DF817300A
S21401171005F056FA9DF817300DF1170633B310236E
S2140117200022CDE9006306214023204627F0ADF8CC
S214011730064630B1324600201C4905F041FA3546CE
S214011740D1E74FB90821204626F001FF20B12046F7
S2140117509DF8171027F0DCF90521204626F0F7FE44
S2140117600028C0D0204627F0D0F9BCE74FB90821A1
S214011770204626F0ECFE20B120469DF8171027F0F3
S214011780C7F910230022CDE9006306214023204635
S21401179027F07BF806460028DED0CBE74923040075
S2140117A0652304007E2304009E230400BE23040058
S2140117B0002208B5034B11461B681B685879FFF7D2
S2140117C071FF08BD0444002008B5044B00221B68C5
S2140117D001211B685879FFF765FF08BD0444002006
S2140117E008B5044B00221B6802211B685879FFF7D5
S2140117F059FF08BD0444002010B50123002488B019
S21401180001A88DF80430CDE90244F5F7B7FF20466C
S2140118109DF80420124905F0D3F92046039A114990
S21401182005F0CEF92046029A0F4905F0C9F91022B3
S2140118300E4B0DEB0201188840F0604040F480101A
S214011840FBF718FC20460A4905F0D4F904A827F04E
S214011850DFF92046074905F0B3F908B010BD00BF0F
S214011860D7230400F623040015240400109E040068
S21401187034240400044D040008B525F0CCFF0020F4
S214011880024905F09DF9012008BD00BF512404005E
S2140118900023054A8360C360044BC0E9002311B1ED
S2140118A04FF6FF730B807047491015B226300211B0
S2140118B010B5044660B10020064905F081F9052CF3
S2140118C006D002F0CBF904490246002005F078F96B
S2140118D0012010BD652404007624040037B50021DC
S2140118E06A4601AB054626F057F8044668B1002261
S2140118F00F49104605F064F902F0B0F90D490246A9
S214011900002005F05DF903B030BD0B4905F058F92C
S214011910012024F05AFF01F099FF431C02D008F081
S21401192025F8F0E721462846FFF7A6FFEBE700BFBC
S2140119309F24040076240400E724040038B50546F5
S21401194001F084FF044627F0ABF84DB100200E49A4
S21401195005F036F9631C14BF2046002007F0C8FFC7
S21401196025F067FF0228044605D0012805D100208E
S214011970064905F025F9204638BD0020044905F042
S2140119801FF90024F7E700BF042504001E25040004
S2140119903725040008B50020034A044905F010F96C
S2140119A0BDE8084000F050BDE134040050250400B5
S2140119B008B50020034A044905F002F9BDE80840CD
S2140119C001F0CAB96F250400502504001FB5D0E9FF
S2140119D0023253F8223068461C78214601F0D0FBCB
S2140119E0684601F073FC28B92246044905F0E8F878
S2140119F004B010BD6846FFF771FFF9E775250400CE
S214011A000020014905F0DCB8912504007FB50DF1F1
S214011A10060102A8FFF73CFF0020264905F0D0F892
S214011A200020BDF80820244905F0CAF80020BDF8BA
S214011A300A20224905F0C4F8039A0020204905F03F
S214011A40BFF800201F4905F0D5F84FF6FF73BDF823
S214011A5006209A4229D000201B4905F0B1F8002043
S214011A601A4A1B4905F0ACF800201A4A1A4905F033
S214011A70A7F800221949104605F0A2F80020154AD9
S214011A80174905F09DF80A220020164905F098F836
S214011A900A220020144905F093F80A22002013496F
S214011AA005F08EF807B05DF804FB0020104905F03C
S214011AB087F8D4E7A0250400B8250400D125040042
S214011AC0EA250400032604000E240400E093040023
S214011AD019260400C02709003826040057260400EA
S214011AE07626040095260400B4260400D2260400B7
S214011AF01626040008B50020034905F061F8BDE884
S214011B000840012001F0FAB9F026040008B50020CB
S214011B10034905F055F8BDE80840002001F0EEB98C
S214011B200927040030B5104B104D1B5C85B08DF8AD
S214011B300F302B780446834206D00D4B0D4953F8DF
S214011B402020002005F03CF830232C700A48019331
S214011B500DF10F030093062280231921007826F049
S214011B6094FE05B030BD00BF579E04006A61002098
S214011B70649E0400212704001C6F00201FB5232348
S214011B8003900193064803AB009301228023192199
S214011B90007826F07AFE039805B05DF804FB00BFD6
S214011BA01C6F002073B5164D04462B78154ECBB12D
S214011BB025F060FE012815D0346040F6B244124B81
S214011BC01B78072B17D02D78C5B925F053FE031EB9
S214011BD018BF01230D48009522461921007826F0EA
S214011BE0D8F903E000233360002CE8D1201E18BF8B
S214011BF0012002B070BD02250123EBE70025FBE7BB
S214011C0067610020A04000206A6100201C6F002050
S214011C1008B50448FFF7C6FFBDE808400220FFF7F5
S214011C2081BF00BFC027090010B5064C208826F0EA
S214011C3070FF608826F06DFF6068BDE8104026F0F2
S214011C4077BF00BFA44000207FB523238DF8133053
S214011C500DF11303029304230648019305AB009389
S214011C60012280231921007826F044FE059807B04A
S214011C705DF804FB1C6F00202DE9F047DFF84C915E
S214011C80044699F8000090460F4626F042FC0B28C1
S214011C9099F8002005D9BDE8F04700203F4904F037
S214011CA08FBF00263E4B3F4D1E803F4BDFF820A1E5
S214011CB003EB00135B8801202B802A7104F0A8FE39
S214011CC005F050FF04F0A4FE204604F0A1FE012317
S214011CD0042C8AF800300BD8022C45D89C4216D02A
S214011CE02346BDE8F0470020304A314904F068BF7A
S214011CF0062CF5D130462F4904F062FF384604F031
S214011D0087FEFFF791FF97B18AF800600FE04FF664
S214011D10FF76294F3888801B18BF012004F078FE13
S214011D20FFF782FF3888B04201D026F0F2FE192371
S214011D306B8099F8003000202B71204B1B786B715B
S214011D40EB8843F04003EB801D4B198826F08EFE8E
S214011D50034620B1224600201A4904F031FF4046CE
S214011D60BDE8F047FFF71EBF304604F051FEFFF70F
S214011D705BFFFFF769FF26F0DBFE134B1B78002B9A
S214011D800CBF3F20202004F043FE042CCFD14FF49B
S214011D90806026F0BEFE3220C7E700BF342704006D
S214011DA0005900200459002074420020281704001E
S214011DB08027040063270400F45800201B6F0020CE
S214011DC0BA6E002099270400666100201C6F00206F
S214011DD06761002038B5044605200D46FFF7A2FED0
S214011DE0184B1A884FF6FD739A4207D10020164900
S214011DF004F0E6FEBDE83840FFF70ABF65B1134AB6
S214011E0013780133DBB2092B137014D90A22002090
S214011E100F4904F0D5FEEDE7012C0ED10B4B1D70DA
S214011E200C490D48FFF734FDBDE83840002101207C
S214011E300A4AFFF721BF012CF2D0BDE83840074817
S214011E40FFF7B0BEBA6E0020D327040069610020F8
S214011E50FE270400F4580020A4400020E09304006C
S214011E6008B50649002004F0ABFE0548FFF736FD2D
S214011E70BDE8084000210846FFF7ACBF4228040031
S214011E80A4400020814237B50346154608D20020FB
S214011E9000910F4A0F4904F093FE002003B030BDB5
S214011EA00C1A224600200C4904F08AFE40F6BB5369
S214011EB022460020094904F083FE4FF47A735C43FE
S214011EC0074B01209C4294BF2C602B60E6E700BFC5
S214011ED0281704005328040090280400AB280400A7
S214011EE080EE360010B504460820FFF71BFE0D4BAA
S214011EF03CB91C700021BDE8104006200A4AFFF7D5
S214011F00BBBE1B78092BF5D90A220020074904F02D
S214011F1057FE0020064904F053FEBDE81040FFF7C7
S214011F209FBF00BF69610020C0270900D7280400B1
S214011F301829040073B51F4D2C7834B100201E49B2
S214011F4002B0BDE8704004F03BBE0220FFF7EAFD98
S214011F50FF221A4E1A4B30781A7026F0DAFA0B283E
S214011F6007D920463278174902B0BDE8704004F020
S214011F7027BE154B1549009301EB001101231922C9
S214011F804FF6FD70498805F091FA70B12046104968
S214011F9004F016FE00220F4B0F481C700F4B1A70F0
S214011FA002B0BDE87040FFF7FDBD01240C492C705E
S214011FB0EEE700BF68610020292904001C6F00209D
S214011FC01B6F002034270400C52201007442002044
S214011FD06A29040067610020C027090069610020A2
S214011FE09029040038B5144D04462B78052B21D9C9
S214011FF01249FFF75DFC24B918B9114904F0E0FD58
S2140120000424104B195D21B9BDE838400846FFF796
S21401201069BF032C06D02B78052B03D006200A4A6D
S214012020FFF72AFE0021094B08461970BDE8384023
S214012030FFF7D0BE38BD00BF6A610020A440002073
S214012040B22904004D9E0400C027090067610020E4
S21401205030B5044689B00720FFF764FD052C0AD188
S21401206000222A4B03A91A7002A804AA01F0FEFD59
S21401207030B1022045E09CB90122244B1A7002249B
S214012080224D287878B1421E504221495041FFF72F
S21401209055FC022304462B70022C0ED10A200FE0B9
S2140120A0022CE6D1EBE7631F5A424FF005001849B0
S2140120B05A4125F0E6FB0446EEE7032C04D1002046
S2140120C0FFF770FD09B030BD062C06D1002011497E
S2140120D004F076FD01232B70E0E70F4A0F4B2878BA
S2140120E0002C18BF13460E490E4A0094002808BF5C
S2140120F00A4600200C4904F063FD201E18BF01208B
S214012100400009B0BDE83040FFF76CBF65610020B4
S214012110A4400020ED290400E6290400DF2904007C
S214012120CE290400D8290400282A040013B51F4C20
S2140121300620FFF7F7FC2278092A09D900201C4956
S21401214004F03EFD042002B0BDE81040FFF74ABF90
S214012150184B1B782BB3002024F05BFB25F08AFB81
S21401216068B9FFF771FD144B196825F07AFB024632
S2140121700420002102B0BDE81040FFF77DBD01A894
S21401218025F076FBFF2809D14FF4FA602378013356
S214012190237002B0BDE81040FFF704BD0198FFF7B9
S2140121A0EDFC4FF4FA620320E3E700BF696100200B
S2140121B0432A040066610020B4400020F023F0B5F5
S2140121C089B0CDE900033448802300221921007824
S2140121D0324E334F26F059FB0020324904F0F0FC12
S2140121E03246394603A801F041FD032804462E4D28
S2140121F01CD10626039A2D49002004F0E1FC039821
S214012200FFF7BCFC0020396800F0ACFE2E7001F030
S2140122109FF900220446264B30461A70FFF782FCCF
S21401222084BB09B0BDE8F040FFF780BF28BB7268E9
S214012230204904F0C5FC214604A8FFF729FB059BAD
S214012240726893420BD020461B4904F0B9FC072361
S21401225005202B7009B0BDE8F040FFF7F9BE1A461D
S2140122602046164904F0ACFC0523002101202B7002
S21401227009B0BDE8F040FFF7ADBD0020104904F0FD
S2140122809FFCF1E7042C05D0042009B0BDE8F0401E
S214012290FFF7A8BE09B0F0BD1C6F0020A4400020C7
S2140122A0B44000207B2A04006A610020AC2A0400A6
S2140122B069610020E72A0400202B0400742B040027
S2140122C0B02B0400F7B50446876800202378364D06
S2140122D0012B287004D0354B3549187004F070FC7A
S2140122E026785EBB334B1B78FF2B04D103B0BDE8C9
S2140122F0F040FFF78DBC304B1B78032B11D82F4CC9
S2140123000320FFF70FFC6946208827F070F80028A5
S21401231043D02B49208805F047F920B12E70FFF7EE
S21401232077FC03B0F0BD0124204B26491C7004F055
S21401233047FC0320FFF7F6FB2C70F2E7012E25D1B0
S2140123403B78002BEDD01B4D2B78FF2BE9D1A688CF
S21401235002F0A4FF864206D100201B4903B0BDE867
S214012360F04004F02DBC194BA2881B783BB132B16A
S2140123701749002003B0BDE8F04004F021BC7B689B
S21401238014491B782B700D4B1A80F2E7032E08D1E7
S21401239008226846A16809F02BF86846FFF70EFF89
S2140123A0BFE700232B70A1E767610020686100206A
S2140123B0CB2B04001B6F00206A610020BA6E002040
S2140123C0C522010090290400EB2B04006461002063
S2140123D0112C04003C2C04007FB5094B1A78FF2A07
S2140123E00AD1187001F088FB0022064B0DF1060198
S2140123F002A81A80FFF74CFA07B05DF804FB00BF8D
S2140124001C6F0020F2580020152838B517D10C4B48
S2140124101D78A5B926F0D1FFC4B2012C38BF01241E
S2140124200120FFF77FFB28462246064904F0C8FB39
S2140124304FF47A706043BDE83840FFF7B3BB38BD50
S2140124406A610020592C0400034B1B78022B01D82B
S214012450FFF770BD704700BF6A61002070B5284C59
S21401246025F003FA2578274EBDB10020264904F051
S214012470A7FB264A137801331370002323703378A1
S214012480062B0AD1BDE87040214B1868B0F5FA6FEB
S21401249038BF4FF4FA60FFF785BB3378013B082B52
S2140124A02CD8DFE803F005090D2B13191D22270090
S2140124B0BDE87040FFF7C8BFBDE87040FFF73ABD02
S2140124C000232370BDE87040FFF7A2BB2946BDE894
S2140124D070400120FFF77EBCBDE87040FFF726BEC6
S2140124E00220BDE87040FFF7B3BD0120BDE8704093
S2140124F0FFF7F8BCBDE87040FFF7B2BC70BD00BF87
S214012500676100206A610020882C04006961002050
S214012510A040002010B90520FFF764BD034B1B78CF
S214012520062B01D1FFF79ABF704700BF6A610020F2
S2140125302DE9F0478E68054633189A780C46092A25
S2140125408EB008D90020A34904F03AFB8524204622
S2140125500EB0BDE8F08750B98B899F49895C8B42E4
S21401256005D200919D4904F02BFB8024EFE79C4B9C
S214012570E7881B889F4236D09A490978012932D9C3
S21401258032B13A460020984904F01AFB7E24DEE771
S214012590964B1A70934B26791B78052B03D0012B8B
S2140125A03AD8FFF751FF5EB93146204626F0D5FBF3
S2140125B00346002851D030468D4A8E4904F000FB70
S2140125C0D4F80880A48998F8037098F80450002E6F
S2140125D04CD13046884A894904F0F2FA002101209C
S2140125E0FFF7F8FB4FE00021804B1970072A00F235
S2140125F08A8301A353F822F09525010043270100A1
S21401260043270100552901005529010055290100DC
S214012610EB2B0100EB2B0100022B17D102F03EFE43
S2140126208742B3D00020764A764904F0C9FAFFF70C
S21401263081FC46BB3146204626F08FFB034610B38D
S2140126406B4A6C49002004F0BBFA1CE06E4A00207D
S2140126506E4904F0B5FA012479E7A3681B78DA0617
S214012660AED432466A4904F0ABFAA9E700210AA8BB
S214012670FFF70EF9032F08D95F4B664A66490097A4
S214012680002004F09DFA002461E76B1E632B04D939
S214012690594B604A61490095F2E7614BE4B2DB5D54
S2140126A09C4209D0CDE901430020534B594A5D496C
S2140126B0009704F085FAE6E757B3A4B2224605214F
S2140126C0404626F063FABDF82830834203D04A4BD1
S2140126D0554A5649B6E7012F1AD0224607214046E9
S2140126E026F054FABDF82A30834203D0424B4E4AB4
S2140126F04F49A7E7032F0BD122460921404626F072
S21401270042FA0B9B984203D13B4B474A494999E70A
S214012710642D3FF463AF26F050FE6423C0B2B0FBD5
S214012720F3F203FB12030133DBB29D42BFF456AF53
S214012730CDE900530020304B3B4A3F4904F040FAB4
S214012740A1E7284B1B78052B01D03C4A7FE7EB1C01
S214012750DBB2277BF45C44B123460020374A384974
S21401276004F02EFA00210C460BE00F2F0DD8102393
S214012770204634490093314A3B4604F021FA80242E
S21401278001210020FFF726FBE1E60435EDB22046E5
S2140127902A4A2D4904F014FA7A1B7119D2B206A8F6
S2140127A025F076F805443A46E9B2304626F0EBF9CC
S2140127B0264D069A2B68264F9A42386001D100288A
S2140127C04AD1244900201D4A04F0FAF98524012142
S2140127D0D7E700BFA52C0400909E0400BD2C040082
S2140127E0BA6E00206A610020EC2C040067610020AC
S2140127F0622D04006A2D0400F22D0400072E040049
S214012800302D04003D2D0400922D04009F2D040060
S214012810BC2D04001C2E0400242E04003E2E0400B1
S214012820539E04005C2E0400B1320400962E040070
S214012830C02E0400E82E04000F2F0400432F0400CE
S2140128405D2F04008C2F0400A32F0400A440002059
S214012850B4400020CC2F040000F08EFF3E68B0424A
S2140128600AD200F089FF9D4903463246204604F00D
S214012870A7F98924012184E7079A6B689A4205D152
S2140128802046974A974904F09BF96BE796490978E1
S21401289059B19A4209D22046944904F091F99621F9
S2140128A00620934AFFF7E8F95CE7924A924905A8A1
S2140128B001F0DCF9079E48B96A68964206D88F4946
S2140128C004F07EF90520FFF7C3FB40E63246002000
S2140128D08B4904F075F939680027002000F042FBA7
S2140128E000206E60FFF74AF9864B06201F80FFF72F
S2140128F019F9854B1F7001F0B1F90646F8B94FF684
S214012900FF73824A0AA81188994214BF13463B46B0
S2140129106A88298801F012F90AA800F0D7FC58B194
S2140129200AA801F0DDF938B13046794904F048F9D2
S2140129300420FFF757FB0AE6FFF7F8FB07E6042833
S21401294005D1744B1921187825F03AFBFFE5384676
S2140129507149EBE7714B1B78062B01D0704A76E67E
S214012960DFF8A0A1EB1C94F80C90BAF80080DBB25B
S2140129702EB930466B4904F023F98724E7E5F75C66
S2140129802C1D972FE4B22FD025D8812F71D0952FEB
S21401299067D017BBB9F1100F7FF6E7AD31194A467C
S2140129A00AA824F075FF0444E4B221464A4630469C
S2140129B026F0E9F8231DDBB2053416F803A0E4B2CD
S2140129C0A9EB04035345054666DA00933846534699
S2140129D0534A5549C7E5982F43D03B460020504AF5
S2140129E0524904F0EDF8C8E7B9F10A0F7FF6BDAD1C
S2140129F01FFA89F721463A46304626F0C4F805F113
S214012A00080104463A46C9B2304626F0BCF80AAA7E
S214012A1001462046FFF736FA08B9454B0A93B9F145
S214012A200C0F12D905F10C013A46C9B23046DDF851
S214012A30288026F0ABF8044602463E49002004F002
S214012A40BFF8AAF8004044440A940A9C3A49224630
S214012A50002004F0B5F82046FFF7A4F824F010FF94
S214012A6011E63649002004F0ABF80320FFF7BAFA66
S214012A7009E6334C23786BB124F0F5FE50B1002003
S214012A80304904F09DF80023237024F0F9FEFFF787
S214012A904DFBF8E52C49E5E7DFF8A49099F80030FE
S214012AA043B9FFF7D1F88542034607D01C4A2749A8
S214012AB00095E5E524F0DEFE0128F2D110220D484E
S214012AC00AA908F08FFF10B9BAF13F0F42D9144A8C
S214012AD01F49002004F074F84FE700BFEB2F0400F5
S214012AE0432F0400233004006361002058300400A3
S214012AF0C0270900A4400020B4400020E72A0400B3
S214012B0099300400F258002069610020F458002032
S214012B10BB3004001C6F0020DA3004006A6100201C
S214012B20003104001531040042320400243204004E
S214012B30E0930400503104007B3104009A31040014
S214012B4066610020B6310400F53104007E320400CF
S214012B50BA3204006D4B187099F800304BB124F06E
S214012B6082FE30B1284624F081FE042807463FF451
S214012B708AAD51462846321924F0BBFF28B1002001
S214012B80634904F01DF8042070E799F800305544B5
S214012B9063B124F068FE48B1FF2FF4D0012F3FF453
S214012BA072AD032F16D124F069FE05462846FEF7BE
S214012BB0E5FF044602460521564824F090FE564B92
S214012BC01B689C420AD3204624F08EFF0520FFF79F
S214012BD03FFA58E524F050FE8046E7E74046FEF708
S214012BE0E1FF00287FF44FAD51E74C4B1B7803F013
S214012BF0FD03082B01D04A4A29E5A48935B1F278AC
S214012C0022B10020474903F0DBFF2EE7E4B222465B
S214012C10F11C0AA824F03CFE434BBDF82820198875
S214012C20054691420DD04FF6FF718A4209D03C4AC3
S214012C3000203E4B3E4903F0DDFFBDF828203D490C
S214012C4047E7BDF82A20598891420CD04FF6FF710C
S214012C508A4208D0324A0020374B354903F0CAFF72
S214012C60BDF82A20EBE70B9A5B689A420AD001323C
S214012C7008D02B4A2E490020304B03F0BBFF0B9A9D
S214012C802F4926E7A4B2E91C2246C9B2304625F0F0
S214012C907AFFE91DC9B207462246304625F073FF82
S214012CA0431C014606D10820FEF73CFF2548FEF7E7
S214012CB079FFE8E4384606AAFFF7E4F8A8B9214BFD
S214012CC00693214B00221978204B187824F0BCFD7E
S214012CD0069C2046FEF766FF224600201C4903F0AC
S214012CE06FFF0920FEF71EFFCDE440F6B733069AC4
S214012CF09A42E6D840F6B8320020164903F060FF43
S214012D0040F6B833DCE7812421E400BF6961002086
S214012D10ED32040010330400B44000206A61002044
S214012D20193304002E330400A4400020B02E040002
S214012D30553304000E240400DA2E04007033040018
S214012D406D3B040080EE36001B6F00201C6F0020D8
S214012D50A83304007D33040008B50420FFF742F9C8
S214012D600020FEF7DFFE0023054A19211370054AED
S214012D701370054B1878BDE8084025F021B900BF4F
S214012D8067610020686100201C6F002010B5164B9B
S214012D90164C1A78164B002053F82220154903F0DA
S214012DA00FFF2178144B154A0020002918BF1A4638
S214012DB0134903F005FF23782BB1124B00201A6844
S214012DC0114903F0FDFEFEF73FFF0446FEF73CFF08
S214012DD00E4B196824F076FD2246BDE810400346E6
S214012DE00B49002003F0ECBE6A61002067610020F9
S214012DF0649E0400C43304009A3A04007B3A04003B
S214012E00D1330400A0400020EB330400B44000207E
S214012E100434040038B5014604460020FFF788FB59
S214012E20054698B1E37C00200A4A0B4903F0C8FE28
S214012E302379042B0AD02946204625F08EFF034627
S214012E4020B10020054A064903F0BAFE6FF0FF00E4
S214012E5038BD00BF281704002C340400622D04007E
S214012E606A2D040010B51346094A127882420DD124
S214012E7063B1084A002014680A46074903F0A0FE19
S214012E802146BDE810400120FFF752BB10BD00BF30
S214012E901C6F0020044400204E34040010B50D4B76
S214012EA01C782CB1BDE8104000200B4903F088BE09
S214012EB06420FEF763FE4FF6F0716FF00F02074BCA
S214012EC00320C3E9001222462146BDE81040FEF762
S214012ED0D3BE00BF6A61002087340400A4400020EE
S214012EE0014B1870704700BF666100200021062064
S214012EF0014AFEF7C1BE00BFC0270900014B18708A
S214012F00704700BF63610020114B2DE9F041074671
S214012F100D4618680F49101A096824F0D3FCDFF82B
S214012F2040800D4E98F800400346FF2C307004D0C8
S214012F30A8420AD32C44A04207DB3A4600200749A0
S214012F4003F03EFE337888F800303078BDE8F08133
S214012F50BC400020B84000206B610020B53504005D
S214012F601D6F002050EA010208D0FF22054B091A06
S214012F701A70054B1860054B1960704711461046CC
S214012F80FFF7C2BF1D6F0020BC400020B8400020E4
S214012F902DE9F04FAFB006AD284600F0FDFD002646
S214012FA0624FDFF8D091284600F090F9044648B900
S214012FB000F0BEFD5E490246204603F001FE2FB03A
S214012FC0BDE8F08F39460020F2B203F0F9FD28463D
S214012FD016A900F0FFFD044620B15649002003F073
S214012FE0EFFD8FE0BDF85820534903F0E9FD49464F
S214012FF02046BDF85A2003F0E3FD2046BDF85C20CC
S2140130004E4903F0DDFD2046BDF85E204C4903F035
S214013010D7FD2046BDF860204A4903F0D1FD204681
S214013020199A494903F0CCFD2046BDF86820474966
S21401303003F0C6FD204646490DF16A0203F0C0FDC5
S21401304044492046239A03F0BBFDBDF85C30D907FE
S21401305005D520469DF890203F4903F0B1FDBDF807
S2140130605C309A0714D500203C4903F0C3FDBDF837
S2140130705830B3F5807F4FD1002025F0CEFD18B132
S2140130800DF1910003F01EFD0020354903F098FD77
S214013090BDF85C305B070BD50020BDF8B220314986
S2140130A003F08EFD0020BDF8B4202F4903F088FD03
S2140130B0062228460DF116030AA924F032FC04461E
S2140130C090BBBDF81620294903F07AFDDFF8A8A0C9
S2140130D0DFF8A8B00DF12808BDF81610A2B291428B
S2140130E010D9B8F800205146002003F069FD0134DC
S2140130F0D8F804205946002003F062FD062C08F19A
S2140131000808E9D16C46204600F05AFD94E80F0005
S214013110013685E80F0046E70123202200200DF145
S214013120910103F0B1FCAFE7114957E7C735040039
S21401313094370400D0350400F43504002836040022
S214013140413604005A360400733604008C360400F7
S214013150A5360400BA360400D6360400EF3604005D
S214013160044D0400023704001B3704003437040002
S214013170673704000D360400453704005537040050
S2140131802DE9F04188B004AD04462846884600275C
S21401319000F002FD6E46474507D195E80F0084E82A
S2140131A00F00204608B0BDE8F081304600F008FD6B
S2140131B096E80F0085E80F00284600F087F80137EB
S2140131C00028E8D1014B0FCBE9E700BF08A10400B6
S2140131D01FB5D0E9023253F8223068461978FFF756
S2140131E0CFFF684600F07CFD48B1042809D1074AA4
S2140131F00020074903F0E4FC05B05DF804FB054A2E
S214013200F6E70020044903F0DBFCF5E73041040053
S214013210AF370400E63A0400BB30040010B5D0E92D
S214013220023203EB8201496853F8223098B00C68E9
S21401323004A81978FFF7A4FF03AB402200932146A8
S21401324008AB04A800F0E2FC024628B100200E49B3
S21401325003F0B6FC18B010BD039808A900F00704E7
S2140132600122C0F3C70003F055FC039908A8091B07
S2140132700144064801232246008803F005FC044861
S21401328003F03EFCE6E700BFBF37040010590020FC
S214013290044D0400F0B504460D460B4BEF880FCBEA
S2140132A084E80F00AB882E899B0741BFD5F839000B
S2140132B0D5F83D1004F1080303C3EA6820462780C9
S2140132C066806260F0BD00BF9C9E0400102208B5B7
S2140132D0034908F087FB003818BF012008BD00BF6E
S2140132E008A1040008B526F0EFFCC288FF21920869
S2140132F0012A38BF0122024823F065FE012008BDDD
S214013300CC40002038B5134690B10120274A1070F2
S214013310274A00201160274A13600A46264903F00F
S2140133204FFC02F09DFB254B1870022002F09EFB1D
S21401333026F0E5FCE8B91D4D1D4C2B782BB926F07F
S214013340C3FC2268C368134423601A4B24681B68B5
S2140133509C4229D226F0B8FCC168204606F0AAF89D
S214013360002402462C7050B926F0C9FCFFF7BAFFBC
S21401337003E0FFF7B7FF0028DDD0012038BD204667
S2140133800F4903F01DFC0D4B187802F06FFB00206F
S2140133900C4903F015FC00F091F908B900F0AEF9FC
S2140133A02046FFF7B7F8E8E70124ECE76D61002057
S2140133B0C4400020C0400020E63704006C610020B5
S2140133C0123804003238040038B500F04BFA0446CF
S2140133D000F042FA241A26F077FC054618B9B12106
S2140133E01B482CF0A6F9AB8803F00303032B03D08C
S2140133F0B22117482CF09DF900F02EFA054624F06C
S21401340003FB01238340013B2B4203D0B421104828
S2140134102CF08FF924F0F8FA01238340013B234274
S21401342003D0B5210A482CF084F905F019FE0546AB
S21401343024F0EAFA4FF48063B3FBF5F3C440A342E9
S21401344005D2BDE83840BA2101482CF072B938BD22
S21401345048380400FF2108B5044823F0C5FDBDE83F
S2140134600840002211461046FFF74CBFCC40002012
S214013470F7B504460E4600F089F8054626F024FC0A
S214013480C3682B449C4220D324F0BEFA2C44C4408B
S214013490013C114F3B68DEB1A34219D10134002330
S2140134A0ADF8043000F0E4F9054605F0D9FD103515
S2140134B004FB005405F0D4FD01A90246204605F0A0
S2140134C021FE24F0B1FA386004E04FF0FF34E0E763
S2140134D0A342E4DB03B0F0BDA06A00204FF0FF3248
S2140134E00A4B10B51A600022094B1A7000F0B4F9A5
S2140134F0044600F0B7F9214602460120FFF702FF15
S21401350000280CBF0120042010BD00BFA06A0020C7
S2140135106E61002038B500F0D1F808B9002038BD3A
S214013520094D0A4C2B7823B924F07EFA012320603A
S2140135302B70246824F068FA01348440EED000F041
S21401354025F82044EBE700BF6E610020A06A00204A
S21401355070B50D4C2368002B01DA012070BD00F018
S2140135607BF9054626F0B0FB2468C66824F04CFAC1
S214013570013404FA00F1294401208A19FFF7C2FE3A
S2140135800028EAD00420E9E7A06A0020024B186868
S2140135900C3024F079BA00BFA46A0020FF2307B5D7
S2140135A00021044A04480093FBF75EFF03B05DF870
S2140135B004FB00BF55340100CC4000200E4B70B513
S2140135C01C680546036804F582641C440E46FFF732
S2140135D0DDFF2B68834208D232681A44824208D93A
S2140135E0C31A012033602C6070BD044A126813446C
S2140135F01C1A0020F7E700BFA46A0020C84000207C
S2140136002DE9F04FB3F5803F87B00F4698460190FD
S21401361003D3002007B0BDE8F08F03A904A8CDE9C5
S2140136200332FFF7CBFF0024824600F10109DFF8E1
S21401363088B05FFA89F9019BDDE90356AAB27BB12E
S2140136403046109926F047FB0028E2D1B9F1020F67
S2140136502BD1DBF800300493019B03BB2F4421E000
S2140136603946304605F04EFD0028D2D1BAF1000F9A
S214013670ECD0002CEDD105F0F3FC2E44B6FBF0F3B4
S21401368003FB10600028E4D005F0EAFC05A9024619
S2140136903046059405F036FD0028DAD0B9E7109BD0
S2140136A02B441093A8EB05050395631C4B454FF07F
S2140136B00104C0D32046ADE7C84000207FB56B4665
S2140136C00C4A1068516803C390680C2218600A4BB4
S2140136D00DEB0201186826F0FEFA0C2268460DEB87
S2140136E0020108F07FF9B0FA80F0400907B05DF8F2
S2140136F004FB00BFAC9E0400A46A00201FB5084A64
S21401370001AB1068516803C3906801A91860054BA6
S2140137100C22186805F0F6FC05B05DF804FB00BF46
S214013720AC9E0400A46A0020F7B5044615460E4672
S21401373081B9072A03D80024204603B0F0BD0D4BFB
S21401374080791968E379063000EB03200C3180B2EA
S21401375024F0A4F9002721462B4632463846009726
S214013760FFF74EFF04460028E5D039467019FFF7EB
S2140137707FFEE1E7A46A0020024B1868A0F500600E
S214013780704700BFB06A002010B58AB0684606F0E0
S2140137909DF810F0FF0027D1009BFBB1174C01A943
S2140137A0206006F00BF810F0FF001DD12268009B88
S2140137B09A4204D34FF4DD7111482BF0BAFF019BF6
S2140137C0104A11491360029A13440B600F49A3F57E
S2140137D000630A600E4A1360009B63B940F2CF1182
S2140137E007482BF0A6FF06E0044A034612680020AD
S2140137F0084903F0E5F90AB010BD00BFA86A002029
S214013800FB380400C8400020AC6A0020B06A0020E3
S214013810A46A0020A339040008B5FFF7B5FF26F017
S21401382053FA50B126F050FA064B02691B689A42C9
S21401383003D2B32104482BF07CFFFFF7C5FD01201E
S21401384008BD00BFB06A0020FB380400014B1868B1
S214013850704700BFA86A0020014B1868704700BF78
S214013860C8400020014B1868704700BFAC6A0020B2
S214013870014B1868704700BFA46A002010B5FFF717
S21401388049FE04462849002003F09AF900202749FA
S21401389003F096F90020264903F092F90020254905
S2140138A003F08EF9244B00201A68244903F088F9A6
S2140138B022462349002003F083F9FFF767FE2149DA
S2140138C00246002003F07CF91F4B00201A681F49AE
S2140138D003F076F91E4B1F4C1A6800201E4903F0B0
S2140138E06FF9226800201D4903F06AF94FF48062DF
S2140138F000201B4903F064F92268002019491032A0
S21401390003F05EF92268002017490C3203F058F9DB
S21401391022680020154902F5826203F051F9BDE8DC
S214013920104005F0D1BA00BF223A04005F3A040005
S2140139307E3A04009E3A0400A86A0020C93A0400B0
S214013940E83A04000B3B0400C84000202E3B04006C
S214013950AC6A0020A46A0020513B0400743B0400BA
S214013960973B0400BA3B0400DD3B0400003C040026
S2140139702DE9F04194B004460D460020482102AAE4
S21401398024F09DF818B9534903F01AF919E060229A
S2140139900021204607F0DAFC04224F4902A808F06D
S2140139A021F890B16DB19DF80B30002001939DF880
S2140139B00A309DF80820009348499DF8093003F025
S2140139C0FFF8012014B0BDE8F081BDF80C20B2F577
S2140139D0807F228003D0424903F0F2F8F1E7BDF878
S2140139E01420BDF80E102281DDF816206180E260F9
S2140139F00499BDF81A206160228284F8320007AD6E
S214013A0004F112020FAE2B4603CBB3421060516095
S214013A101D4602F10802F6D10F9B324A636313601A
S214013A20314B10221846002107F090FCE288A3884B
S214013A30028022894280E26842600BB90020C1E719
S214013A4000263546A388D90709D536B105F15002B7
S214013A506A4412F8482C84F838200135EDB29A07EA
S214013A6014D5208823F041FF07466EB102AB03EB65
S214013A7005080246414604F1390007F0F7FD3A46CB
S214013A8041461A4807F0F2FD2F44FDB2A3885B07B2
S214013A900DD556B105F150036B4433F8482C33F875
S214013AA0463CA4F85A20A4F85C300435EDB2002E4A
S214013AB0C4D1482D02D930460D4965E7294638203C
S214013AC002AA23F0FCFF08B90A495DE7382501265A
S214013AD0B8E700BF233C0400B89E0400553C040030
S214013AE08B3C0400EC400020F0400020F840002011
S214013AF0A63C0400F63C040030B50B4C99B0257882
S214013B006DB9FFF789FE68B129466846FFF730FFB1
S214013B10B0FA80F0054B400918700123237000208D
S214013B2019B030BD0120FBE76F61002070610020F5
S214013B30014B1878704700BF7061002070B51E46B3
S214013B40134B044618881D46884298B002D15B88FC
S214013B50934206D00F4B0FCB84E80F00204618B0D7
S214013B6070BD96B100216846FFF702FF0028F1D12B
S214013B70BDF804305B0708D53388BDF85A209A4251
S214013B80E8D8BDF85C209A42E4D395E80F00E3E755
S214013B90F040002008A10400064B10B51B7804462F
S214013BA02BB9054B0FCB84E80F00204610BD034B05
S214013BB0F8E700BF7061002008A10400F040002073
S214013BC010B50446024B0FCB84E80F00204610BD0B
S214013BD008A104000B4B10B51B78044608467BB1C0
S214013BE00021FFF7C5FE48B910222146064807F016
S214013BF0F9FE003818BF0120C0B210BD0120FBE756
S214013C000120FAE770610020F04000202DE9F04124
S214013C100E4690460E4910221F4607F0E3FE044664
S214013C2070B90C4B3A461D683046AD1B454528BF5A
S214013C304546294623F043FF28B9074902F0C0FF4D
S214013C400120BDE8F081069B20461D60F9E700BF14
S214013C50F0400020EC400020F63C04000022024B1D
S214013C601A70FFF73BBC00BF706100202DE9F041E0
S214013C709CB00F4616468046FFF74CFC05460246AA
S214013C801549002002F09CFF382D20D9012104A8F7
S214013C90FFF76EFE0446D0B9119B04A93B606F4640
S214013CA03846FFF7F7FA97E80F0086E80F00119BF2
S214013CB0AB4297BF01210324084AC8F8003094BFDD
S214013CC01170C8F8005020461CB0BDE8F0810022F3
S214013CD0024B01241A70F6E7283D040070610020AB
S214013CE070B5084D00262B7853B1FFF7F7FB044655
S214013CF01022002104482E7007F028FB204670BDD4
S214013D003446F5E770610020F040002008B5002039
S214013D10064902F055FF064B00201A78054902F0C5
S214013D204FFFBDE80840FFF7A9BD00BF473D0400AF
S214013D3070610020713D040003460120024AC3E978
S214013D40032000221A7070470100FEFF2DE9F041A2
S214013D500024264E264FDFF8A88088B000F0D4F95C
S214013D60A5B2854202D308B0BDE8F081284603A972
S214013D7023F0DBFEA2B23146002002F03BFF9DF8A5
S214013D800D2012B39DF81210BDF81030402914BF53
S214013D906E2179210020CDE900313946BDF80E307B
S214013DA002F028FFBDF814201AB10020114902F0D4
S214013DB021FF9DF80C00BDF8182070B9079B0E492D
S214013DC00093BDF81A3002F015FF00200B4902F0EF
S214013DD0F7FE01342BF0BAFCC0E7BDF81C304146B3
S214013DE0009300209DF81A30EDE700BF8A3D0400DD
S214013DF0903D0400B33D0400BD3D0400044D0400A5
S214013E00E43D040010B500F0ABFABDE810400346EF
S214013E10024A0020024902F0D3BE00BF5F490400F7
S214013E207D080400D0E9023253F8223010B5188814
S214013E3000F086FABDE810400346024A0020024917
S214013E4002F0BEBE0C3E04007D08040010B5D0E9A9
S214013E500232002486B08DF8044053F8221003EB9A
S214013E608203097801A88DF805105A681288ADF802
S214013E7006209A681288ADF80820DA681278ADF83C
S214013E800C40A24214BF402280228DF80A201A69F3
S214013E901288ADF810205A699B691288ADF8122075
S214013EA01B68059300F0D0FB034A034603492046EE
S214013EB002F086FE06B010BDAE1C04007D080400AC
S214013EC038B50024064D2BF02DFC45F824000634A9
S214013ED0C02CF8D10020BDE83840024902F070BE7F
S214013EE0F0100020133E040030B5002087B02049B2
S214013EF002F066FE00201F4902F062FE00201E4905
S214013F0002F05EFE2BF00EFC00240546A0B201A9CD
S214013F10013423F00AFE202CF8D12BF003FC1749BC
S214013F20421B002002F04CFE1549002002F048FE1C
S214013F302BF0F8FB0446012000F09EF82BF0F2FB74
S214013F400E49021B002002F03BFE0E49002002F043
S214013F5037FE2BF0E7FB044623F0D8FD2BF0E2FBFF
S214013F60021B0020054907B0BDE8304002F028BE1C
S214013F703F3E04006E3E04009E3E0400BB3E04002D
S214013F80CA3E0400E43E040010B50C4603F07CFD76
S214013F9008B9032C12D101F059F904280ED001F00A
S214013FA055F905280AD0064802F0BAFC1C2801D1AA
S214013FB024F059FDBDE8104002F0C2BC10BD00BFA0
S214013FC0177B03002DE9F04F00274FF0FF36DFF88F
S214013FD0A4B0264C87B0BBF80030B8B2834209D8EB
S214013FE0731C3BD03246FF21214807B0BDE8F04F95
S214013FF022F0E9BF01A923F098FD9DF8050001F024
S2140140005BFFF8B19DF80480B8F1000F1AD1BDF836
S21401401010A0BDF812902BF085FB18210246BBB20A
S2140140204B43E018E158007C4FF47A73A2EB010C85
S21401403050B103FB0AF363450ED30B44981A86422C
S21401404028BF06460137C6E74D466B43FAD063459F
S214014050F5D31944881AF2E74046F0E7FF210448F1
S21401406007B0BDE8F04F22F0BFBF00BFF010002040
S21401407000410020F65800202DE9F041014688B0A5
S21401408058B1022810D023F06AFD78B3D22119481E
S21401409008B0BDE8F0412BF04CBBFF23164A174889
S2140140A00093FBF7E1F9EEE700244FF001082746FD
S2140140B0134EA5B2284603A98DF80D7023F035FDE1
S2140140C09DF80D0068B101F0F7FE20B19DF80C30A7
S2140140D00BB986F810800134202C06F11806E8D1B9
S2140140E02546084B1D80FFF76DFFCCE708B0BDE8FD
S2140140F0F08100BF043F04002D4401000041002070
S214014100F0100020F6580020014B1888704700BFB9
S214014110F65800202DE9F04F634A077D89B0044622
S2140141206249002002F066FD002024F076FD20B1F1
S2140141302368218A588803F0F5FC00205C4902F0C8
S2140141403FFD637DDFF87491002B236808BF0820CC
S2140141505988574B18BF00200093228A4FF0090355
S21401416014BF4FF080084FF0400802F089FBA28987
S214014170BB1C93420CDB24F0EAFD034620B1002071
S2140141804C4A4D4902F01CFD012009B0BDE8F08FF4
S214014190A068791C89B2C55D24F0F8FC0337012DAF
S2140141A00646BFB213D82368324659885879238AFF
S2140141B00093434624F032F9824600283ED18620F9
S2140141C002F026FC284602F023FC304668E08520F3
S2140141D0F6E703A923F0A9FC9DF80C30AB4223D1E6
S2140141E023689DF80D105A7991421DD1BDF80E1025
S2140141F05A88914218D1BDF81020B24214D19DF8C8
S2140142001220424510D1BDF81410228A91420BD1DA
S214014210002D38D0BDF81810E288914204D19DF8DF
S2140142201A201B799A422ED00BF1010BB9F80030F7
S2140142305FFA8BF08342CCD88B20C1E74FF0000B9E
S214014240F4E79AF8020002F0E3FBBDF8180024F048
S21401425060FCBDF81A0024F05CFC9AF8020003F03A
S21401426081FE002883D19AF8020001F0F7FC05468A
S214014270079E002D3FF47BAFF0B2013D02F0C8FB74
S214014280360AEDB2F5E7002002F0C2FB284602F03E
S214014290BFFB304624F03DFC012DD2D1BDF81C00F9
S2140142A024F037FC63E700BF933F04006B33040040
S2140142B0044D0400A03F0400BD3F0400F658002052
S2140142C02DE9F04391B06946804623F02EFC002389
S2140142D0194F8DF801303888431E98B280453880D2
S2140142E009D16946404623F028FC684623F00CFCB9
S2140142F011B0BDE8F0834FF0180905A923F015FCAD
S2140143000E4C3E880AAD09FB06460FCE0FC596E851
S214014310030009FB084485E803000AAE404605A9E8
S21401432023F00BFC0FCE0FC495E8030084E80300CE
S21401433069463888D7E700BFF6580020F0100020FD
S21401434008B5064B1B88834205D9FFF7B9FFFFF76F
S21401435039FE002008BD2720FCE700BFF6580020E4
S21401436038B5074D2C882CB9FF21064822F03CFEB3
S214014370204638BD601E80B2FFF7A2FFF2E700BFFD
S214014380F6580020004100202DE9F3479A461823ED
S2140143909DF82890244FCDE9001203FB09731446BB
S2140143A0D3E9022324F0B2FD064620460D4603F06B
S2140143B0D9FD04F0FD03382B80460FD10094324618
S2140143C02B460021DAF8100023F0DAFBB8F1010FD2
S2140143D01BD135431ED102B0BDE8F087392CDAF87F
S2140143E010300BD107EE906A07EE103AF4EEC77A5A
S2140143F0F1EE10FAACBF01200020E7E79E4275F10E
S21401440000032CBF01200020E0E7B8F1000FE2D145
S2140144100028E0D0182303FB097701233B7402B080
S214014420BDE8F047FFF7CEBDF01000202DE9F04FB4
S21401443000252E46A846AA462C46DFF8BC91D1B0E8
S214014440694BA8B21B88834209D81CB161882079C0
S214014450FFF79AFDFFF7B6FD51B0BDE8F08F0BA947
S21401446023F063FB2BF05EF91823AFB27B4309EB15
S214014470030B59F8033005909DF82D00049301F0C5
S2140144801BFD002800F0AE809DF82C10002940F09E
S214014490A980DDE90432D01A4FF47A72BDF83830BB
S2140144A05343834200F29E809BF8103043B9BDF817
S2140144B03A30002B00F096805343834200F29280FC
S2140144C0FD230022CDE9013210AB00930DF1190254
S2140144D00DF11A03E9B20BA8EFF7FAFE002877D11F
S2140144E0BDF81A30DA1C0493D2B214B33F4B9DF8D0
S2140144F02D101B8813442279914214D1BDF82E1039
S214014500628891420FD19DF83220B8EBD21F0AD1B2
S214014510BDF83420524506D1B3424DDD0020344962
S21401452002F04EFB01E0B342F8DC61882079FFF728
S2140145302BFD02F041FA04469DF932002D4BC04393
S214014540C00F0093BDF834200A23BDF82E10C0001A
S2140145509DF8328002F094F99DF82D304FF0000B53
S21401456023714FF48A53FF26BDF834A04FEAD818BA
S214014570E38007A95FFA8BF024F077FEC0B2B0B9EA
S2140145809DF81D109DF82D20914210D1BDF81E10EA
S214014590BDF82E2091420AD122469DF829109DF899
S2140145A01C0024F0DDFBB04228BF3046C6B20BF13A
S2140145B0010BBBF1200FDCD1BDF8300024F0A9FAC5
S2140145C09DF8190002F024FA049910A802F034FAB2
S2140145D0182300225F4309EB07031A742BF0A2F895
S2140145E049F8070001352BE7F6580020005900204E
S2140145F07C400400044D0400F010002070B5002437
S2140146000126104D8AB02B88A0B2834204D80AB086
S214014610BDE87040FFF7D6BC05A923F086FA9DF8E1
S214014620150001F049FC50B19DF814303BB91A460B
S214014630CDE901360093E1B205A8EFF749FE013452
S214014640E1E700BFF65800202DE9F0430389DFF8C3
S21401465058818BB0B8F8009000930446837982881D
S2140146604188407823F0DAFE002800F09580E7893B
S21401467027B1A389BB4200F291800027B8F8003029
S214014680BDB2AB4214D84D4601264FF6FF73E28900
S2140146909A4226D146B9B8F80030AB4202D928462C
S2140146A0FFF70EFEFFF78EFC00200BB0BDE8F0838F
S2140146B0284605A923F039FA9DF814307BB92268FB
S2140146C0059B5340FF2B0AD86368069E5E4036F072
S2140146D07F4604D1BDF81C2023899A42D5D00137E4
S2140146E0CCE7E2689A422BD0002E53D1D4E90323BB
S2140146F0CDE9082305A823F007FA0028D5D1B8F894
S2140147000030AB4204BF6B1CA8F800302BF00AF84F
S21401471018236B43234AE9B2D050D418002305A8C6
S2140147201A46CDE901330093EFF7D2FD18B1002206
S2140147300023C4E90223284605A923F0FEF9B1E7C0
S214014740234605AA04F1100C174618685968083361
S21401475003C763453A46F7D11868386005A823F0C1
S214014760D6F90028C0D01F2D1AD800238DF8143092
S21401477063788DF815306388ADF81630A388ADF8E8
S2140147801830A3798DF81A302389ADF81C3000282B
S214014790B0D1ABE70020E6E7862086E7872084E7EE
S2140147A0892082E7F0100020F65800202DE9F04F0E
S2140147B0B04A90F814908DB00446AF49002002F03C
S2140147C019FA002024F029FA20B12368218A588892
S2140147D003F0A8F90020A94902F0F2F9637DDFF899
S2140147E0B8A2002B14BF802340230293236808BF7E
S2140147F008205988A14B18BF00200093228A07235E
S21401480002F03EF800230393A28909F103059542BD
S21401481011DB039B13B9184602F0FAF824F097FA55
S214014820034620B10020964A964902F0C9F90120B4
S2140148300DB0BDE8F08FA06809F1010189B210F84A
S214014840096024F0A3F93246804603468E490020CB
S214014850ADB202F0B5F98EB1012E00F08A8085273F
S214014860384602F0D5F8304602F0D2F8404624F039
S21401487050F9852FD2D00123039376E0A06809F181
S2140148800401A28989B2475D24F080F909F1060185
S214014890A289049089B2A06824F078F93A46059076
S2140148A00090049B3046794902F08AF909F108091B
S2140148B038461FFA89F503F055FB002857D13846CC
S2140148C001F0CCF9294603468146A289A06824F066
S2140148D04EF96F498346304602F08CF9A1684A4684
S2140148E029443346304602F0CFF83046634902F099
S2140148F067F9A9441FFA89F5236842465988587909
S214014900238A0093029B23F089FD18B18378BB426A
S21401491040F0AC80483FFFB2092F05D840F2113372
S214014920FB40DB0700F1A48000238DF81C302368D0
S21401493007A85A798DF81D205B88ADF82080ADF860
S2140149401E30029BCDF82CB08DF82230238AADF8AC
S2140149502430049BADF82830059BADF82A30FFF7CC
S21401496073FE074600287FF47BAFA9464CE7B346A3
S214014970C2E72946A289A06824F008F94FF0000B87
S214014980024607464349002002F01AF909F10509D3
S214014990BAF800301FFA89F5BAF800201FFA8BF929
S2140149A04A4503D81F2B31D9892759E7484607A915
S2140149B0049323F0BAF89DF81C20049B012A22D107
S2140149C022689DF81D00517988421CD1BDF81E0051
S2140149D05188884217D1BDF82010414513D19DF862
S2140149E02210029881420ED1BDF82400218A884205
S2140149F009D1BDF82800E188884204D19DF82A1023
S214014A00127991421BD00BF1010BC5E701229946A1
S214014A108DF81C20226851798DF81D105188ADF84B
S214014A202080ADF81E1002998DF82210218AADF86B
S214014A302410E188ADF8281012798DF82A2007A8ED
S214014A40ADF82C7023F060F8074600287FF408AF15
S214014A50BAF800304846994508BF09F1010307A98D
S214014A6008BFAAF8003023F068F87EE78D27F7E63E
S214014A708C27F5E6A74004006B330400044D0400C0
S214014A8008410400BD3F0400AF400400CC400400D0
S214014A90ED400400F8400400F65800202DE9F04FE0
S214014AA0074688469146002589B09A46BDF848B023
S214014AB09DF84C60149C224B1A88A8B2824235D9C4
S214014AC003A923F032F89DF80C201D4BB2BB9DF8CC
S214014AD00D10B94232D1BDF80E1041452ED1BDF8A8
S214014AE0101049452AD19DF81210514526D1BDF81E
S214014AF01410594522D13046029201F0AFF8A6F1C2
S214014B004103012B01460AD8204624F045F80D4BF7
S214014B100D4A204484420CD10421029302ACEDB22A
S214014B2032462046009503ABFFF72EFC09B0BDE8E0
S214014B30F08F14F8011F4B405343EBE70135BBE7F9
S214014B40F6580020C59D1C81930100011FB50F4C2E
S214014B502478C4B142EA03229DF818308DF8051076
S214014B6042EA43220A4BADF80C201A78094B8DF81D
S214014B700610079903EB021300908DF80400DB681A
S214014B8068460291984704B010BD00BF71610020CD
S214014B90736100202041002073B51A4DFF211A4889
S214014BA022F022FA2B7853B3184C194E23781801A9
S214014BB006EB03131A7A5968305C24F0E2FB4D28A1
S214014BC01DD0E0B1012300212278CDE90031120188
S214014BD0B25CC0B2FFF7BAFF0A2223780A48013353
S214014BE0DBB2B3FBF2F102FB1133FF2123702B780A
S214014BF0013B2B7002B0BDE8704022F0EDB902B067
S214014C0070BD00BF71610020C041002073610020AB
S214014C1020410020F8B5104F3E780A2E1AD00FC852
S214014C20DFF840C00D4D9CF80040013605EB041539
S214014C3085E80F000A230134E4B2B4FBF3F203FB68
S214014C4012440748FF218CF800403E7022F0C4F958
S214014C500020F8BD0120FCE7716100202041002002
S214014C60C0410020726100200021024A0248FAF782
S214014C7031BC00BF994B0100C0410020002337B56D
S214014C800C46124D12492A78CDE9003312018A5C8E
S214014C9001230146E0B2FFF759FFA4B90D490A788E
S214014CA08AB10A202B78013A0133DBB2B3FBF0F468
S214014CB00A70FF2100FB143307482B7003B0BDE8D0
S214014CC0304022F089B903B030BD00BF73610020C7
S214014CD02041002071610020C041002008B500F08D
S214014CE0BDF850B1054B064A0649052808BF1A46C5
S214014CF0BDE80840002001F063BF08BD1C41040068
S214014D00044D04003D41040008B5032024F053FB84
S214014D1010B90122014B1A7008BD00BF7461002052
S214014D200022024B18781A70704700BF7461002089
S214014D300246FF21014822F046B900BFE0410020AB
S214014D40114B37B51D78C5B9FF21104822F04CF933
S214014D50FFF7DAFF044600900D4B28460D4A0E4930
S214014D6001F02EFF4CB10D4B1B78DB0605D528460E
S214014D7024F0FBFA204622F038FD094B186803B0F0
S214014D80BDE83040FFF7D4BF74610020E041002049
S214014D905A410400884104004D1904006261002054
S214014DA0B46A0020FF21014822F01EB9E04100202C
S214014DB070B51A4E054633780C466BB30020184A78
S214014DC0184901F017FF032C01D0652C20D1164994
S214014DD0002001F00FFF22460020144901F0F0FEEA
S214014DE00020134901F006FF01232946082200206E
S214014DF001F04AFE00200F4901F0E2FE032C88BFB5
S214014E000023204688BF3370BDE87040FCF7BEB86B
S214014E10012CE0D00849DBE770BD00BF74610020BB
S214014E2088410400371D04009B410400EE23040062
S214014E30B9410400044D0400B1410400014B18605F
S214014E40704700BFB46A00200021024A0248FAF700
S214014E5041BB00BF414D0100E0410020054B10B5AC
S214014E601C782CB90448FF2122F0B6F8204610BD64
S214014E700520FCE774610020E0410020F8B500241D
S214014E80074B084E1D68084FE3B29D4204F101042A
S214014E9000D8F8BD394656F8230021F05CFAF3E74E
S214014EA060BC040064BC0400806B002010B5044C98
S214014EB023780BB124F06FFA0123237010BD00BFD5
S214014EC01E6F00202DE9F743254B0D461646044676
S214014ED0019350B14AB1042301AA12F8011BA94259
S214014EE035D0013B13F0FF03F7D1212003B0BDE815
S214014EF0F08317F8010F90FAA0F0000E21F067FC7E
S214014F00014608EB07039945F3DCCAB2C1F30F2348
S214014F1092FAA2F293FAA3F3120E1B0E03EB0223EC
S214014F20DB43621912F8020C99B2DBB298420CD13B
S214014F3012F8013CB3EB112F07D132462146284621
S214014F4003B0BDE8F04324F086B92320CEE74FF640
S214014F50FF71671EA5F10209C4F10108D1E700BF80
S214014F60080A0E12F0B515468FB00E4607462AF00F
S214014F7085FC254B02A81C7824F011FA15F0FD0FCC
S214014F803BD028B9BDF808309B0701D5032D36D094
S214014F901DF0A4FE58B309A824F06DFA0323306867
S214014FA071688DF824300AAB03C39DF83130012DAA
S214014FB043F002038DF8313019D105A909A824F070
S214014FC052FA002818BF022423F0FBFD032D18D83F
S214014FD00E4B0F4A0020CDE9004753F8243052F813
S214014FE025200C4901F0ECFD20460FB0F0BD032D45
S214014FF0EAD1042C08BF0024E6E70324E4E72C46A4
S214015000E2E70324F0E700BF75610020ACA00400CE
S2140150109CA00400C0480400014B1870704700BFF4
S21401502076610020024B1A6818608260704700BFE4
S214015030B86A0020024B186800B14068704700BF8C
S214015040B86A002070B5044600250A4B1B687BB180
S21401505000211E8807E05A6802EB0110013145B9AC
S214015060021B554255418AB29642F4D89B68EEE738
S214015070184670BDB86A00202DE9F04F1E46002381
S21401508093B0022E074688461446DDF870909DF8C8
S21401509074A0ADF81A3040F2C08099F800305A0773
S2140150A029D5042E40F2B98099F804B000255F4B4B
S2140150B033F83520002A00F0B68001350A2DF7D1E5
S2140150C0209B002B40F0AD80FF250023207908AA05
S2140150D00DF119018DF8193023F0EBFC70B1BDF814
S2140150E02C309DF81900238023F066FD0790C0B18F
S2140150F013B0BDE8F08F99F802B0D7E7207923F016
S21401510008FA0B28059000F28A80207923F065FDC5
S21401511007900028ECD1464A059B02EB03135B88F7
S21401512023804FF6FF73002F08BF43466288002195
S214015130CDE9002358465246238802F0FDFD18B1FA
S214015140E38843F02003E380209B07A90DA8CDE95F
S2140151500D34CDF83C90ADF84080ADF842608DF846
S21401516044708DF845A023F0B5FC08B10798BFE759
S214015170484602F025FDA01D02F010FD22464146DC
S214015180384623F0EDFDB04227D3E3882246C3F329
S2140151900E03E3809DF87C3041460393BDF87830DA
S2140151A0384602930DF11A03CDE90093F3B222F0CB
S2140151B023FF209B079003B3F8B9BDF81A2042B12C
S2140151C0092D06D81B4B03EBC5018A80209A43F8AC
S2140151D03520112023F050FC1CE0BAF1000F0AD153
S2140151E00DF11A03CDE9006322464B464146384687
S2140151F0FAF778FFDDE73820DBE7052807D1E388F3
S214015200DB0607D5002301200793FFF705FF079B61
S214015210002BDED023F0D5FCA8E7012068E721208B
S21401522066E71C2064E7EDB24FE700BF08420020A6
S21401523074420020044200204FF6FF72024B1A808F
S2140152405A809A80704700BFF858002010B5044C69
S2140152502379FF2B02D124F0CCF82071207910BDE0
S214015260F858002010B50C4C2379FF2B08D10020EC
S21401527023F0A2FC20B924F0BCF8207123F0A1FC95
S2140152802079022805D00438012894BF0020012087
S21401529010BD0020FCE700BFF85800204FF6FF7352
S2140152A010B5044C22889A4202D124F098F8208046
S2140152B0208810BDF858002010B5FFF7BDFF40F656
S2140152C01D439842044607D8B0F5416F05D2182809
S2140152D026D8152848D829D010BDA0F541630D2B36
S2140152E0FAD801A252F823F02D5301002D530100E4
S2140152F0D9520100D9520100D9520100D9520100F8
S214015300D9520100D95201007D5301008F5301008B
S2140153102953010029530100295301002953010093
S21401532040F606439842D7D11C4920E0FFF7B6FF66
S2140153301B490246002001F043FC152C05D124F040
S21401534038F8BDE8104023F0CEBB164B164A174975
S214015350B4F5416F08BF1A46002001F031FC23F076
S214015360C1FB23F0C0FBECE71628DDD11049002075
S21401537001F026FCBDE8104023F0DABC22F023FF42
S214015380BDE8104002460B49002001F019BC002080
S214015390BDE81040084901F013BC00BFE449040011
S2140153A091490400044D04008C490400AD490400F1
S2140153B0CD490400F9490400214A040007B5094A09
S2140153C00346108831B9084A084903B05DF804EB72
S2140153D001F010BC0091064A064901F00BFC03B02F
S2140153E05DF804FB1059002084160400414A0400AD
S2140153F0281704004D1904000D4B37B51B680446E9
S21401540093B11D780389012D08BF02250093C37A45
S214015410084A0020084901F0D3FB2146284603B07C
S214015420BDE8304023F09DBF022003B030BD00BF71
S21401543040430020B64A0400654A0400002010B527
S21401544023F0BAFB0D4B1B6863B15A78052A03D8C3
S21401545062B1052402220AE0FF2AFAD00020084998
S21401546001F0AEFBBDE8104023F0ABBB144610467E
S21401547023F0D3FF204623F0CEFFF3E7404300207E
S214015480BB4A040013B5134C002023F095FBFFF72D
S214015490D3FE23689BB101A822F088FE78B9236861
S2140154A01A789DF804309A4209D0D91E032906D9E4
S2140154B0D11E012903D9012A07D1022B05D10323C5
S2140154C001A8ADF8043023F052FF02B0BDE8104049
S2140154D023F077BB4043002000231946034A0133DB
S2140154E00A2B918042F8081BF9D17047044200202C
S2140154F07FB50E46054623F03CFF2A460446034682
S2140155000D49002001F05CFB96B10C4B36211A8840
S2140155109B78ADF80C208DF80E3003230022009303
S2140155204FF6FC7003AB8DF80D5023F063FE044676
S214015530204604B070BD00BFDC4A040018A1040078
S214015540FF2810B50C4604D10020044901F038FBB1
S214015550FE202146BDE81040FFF7CABFF54A040009
S214015560F8B51E460B8807460C461546002B64D137
S2140155704A88B1F9021000200029B8BF6B7830497B
S21401558001F01EFB6288132A1DD002F5FF437F330C
S2140155909BB2052B23D8A2F50042013A052A1ED854
S2140155A0DFE802F0193F1D033C09264A2649002080
S2140155B001F006FB13E0254A2349002001F01AFBFF
S2140155C02A792349F3E7022E94BF4FF6FF72B5F806
S2140155D001202049EBE700201F4901F0F1FA33468C
S2140155E02A462146384624F02DFE70B933462A460F
S2140155F02146384624F028FE48F2210362889A4262
S21401560003D13846697823F05DFA6388B3F5004F15
S21401561002D9082023F06DFA0120F8BD2A790F4936
S214015620C5E70F4A0849002001F0E4FA032E94BFAB
S2140156304FF6FF726A880B49B9E70020EDE700BF15
S214015640304B0400584B04005F4B0400704B0400C1
S214015650764B0400844B04009C4B0400B64B0400BC
S214015660D84B0400DD4B04002DE9F04116888AB0C2
S214015670DFF88C80ADF80E300DF10E03C8F800206F
S21401568015460093324610AB07460C46FAF7BCFDAA
S21401569090BB109B8DF824000693BDF80E3004A82D
S2140156A0ADF81C30AB898DF81070ADF820306B89E1
S2140156B00594ADF81E60ADF8223023F009FAD8B98A
S2140156C021463046BDF80E30109A01F0C9FF98B950
S2140156D021463046BDF80E30109AFFF741FF58B903
S2140156E0CDE9006039462046BDF80E30109A02F02A
S2140156F049FB08B9C8F800000AB0BDE8F08100BF50
S21401570000420020F0B585B004AB03E90300002396
S2140157101C469DF80D609DF80E70154AD9B202EB35
S214015720C1004568EDB99DF80C30284600939DF8F8
S2140157300A209DF80B300F4901F05CFA26B132467B
S21401574028460D4901F056FA0C4A0020002C18BFD5
S2140157502246BDF808300A4905B0BDE8F04001F020
S2140157602FBA12F831100133B94208BF2C46D5E7DB
S214015770C0A00400EF4B0400004C0400F315040025
S214015780044C04004FF6FF7310B5084C88B06288CD
S2140157909A4207D102A90DF1070022F005FDBDF8D6
S2140157A010306380608808B010BD00BFF858002034
S2140157B02DE9F04F85B0894692461C460746BDF84E
S2140157C03850BDF83C80109E002833D00346464A28
S2140157D00020464901F00EFA2388002B76D040F2CD
S2140157E00912934274D0424A4249B3F5827F08BFF8
S2140157F00A46CDF804806188002000913E4901F0F8
S214015800F9F9238893B1B8F1020F0FD933783B49E0
S21401581013F0010F3A4A18BF0A4659074FF0000025
S2140158204CBF3379B378374901F0E4F900203649A3
S21401583001F0C6F90023354931F83320AA4249D18F
S214015840334A52F833B0002331F83300DA00A84265
S21401585046D100202E490A44908041F8330047B9CA
S214015860238833B9B4F90230002B02DB082023F079
S21401587003F9012023F03DF99EB13578EB0710D5E9
S21401588015F0040004D042460121304623F07EF98B
S214015890CDE901704346224651464846009622F01D
S2140158A095FEBBF1000F06D04346224651464846B8
S2140158B0CDE90067D8474346224651464846CDE9DA
S2140158C0006722F049FB05B0BDE8F08F114A90E76A
S2140158D0114A8EE701330A2BAED14FF0000BB2E727
S2140158E001330A2BB0D1BAE7300D04002B4C04006B
S2140158F0F4150400194C0400394C04001C4C040037
S214015900244C04006A4C0400044D040008420020A4
S21401591004420020124C0400164C04000D4BF0B556
S2140159204FF00C0C1F88054600230B4EDCB2BC4220
S21401593001D30020F0BD0CFB04F43019345DAC42F9
S21401594005D144888C4202D104799442F2D00133C5
S214015950ECE700BFBC6E0020C86A002073B50126C4
S2140159602B4D2C4C2A462046FF2300210096F9F7A2
S2140159707BFD2A462046FF2300210096F9F774FD99
S2140159802A462046FF2300210096F9F76DFD2A4698
S2140159902046FF2300210096F9F766FD2A46204699
S2140159A0FF2300210096F9F75FFD2A462046FF23D4
S2140159B000210096F9F758FD2A462046FF230021CC
S2140159C00096F9F751FD2A462046FF23002100964E
S2140159D0F9F74AFD2A462046FF2300210096F9F7EB
S2140159E043FD2A462046FF2300210096F9F73CFD99
S2140159F02A462046FF2300210096F9F735FDFF23AE
S214015A002A46002120460096F9F72EFD02B070BD09
S214015A1087780300544200202DE9F84300244FF014
S214015A200C090C4B0C4F1E78DFF830803A88E5B233
S214015A30954202D33046BDE8F88309FB0585FF2170
S214015A40A86821F0D8FA18B9AB799E4238BF1E462D
S214015A500134EBE777610020BC6E0020C86A0020A5
S214015A60014B1878704700BF77610020014B187012
S214015A70704700BF77610020F8B506460C4623F054
S214015A8016F80546C8B9304622F043FD0B2815D84E
S214015A900B4B03EB00131F7B87B95A880121228029
S214015AA09A88304662809B79237100F037FA39462E
S214015AB06071304600F032FAA07101252846F8BD23
S214015AC07442002070B504460E46154622F021FDAC
S214015AD00B2802D94FF6FF7070BD094B03EB00137C
S214015AE01A7B002AF6D146B901222946204600F043
S214015AF03DFA0028EED00088EEE7012EEAD1F4E761
S214015B0074420020FF2313B50DF1070104468DF8FA
S214015B10073022F0CAFF18B19DF8070002B010BD89
S214015B20074B03EB04131B7B0BB1FF20F6E7204664
S214015B3000F03AF90028F8D0204600F0E9F9EDE740
S214015B407442002013B5F6F785FC0446F6F788FC88
S214015B50224603461249002001F032F800F084FF85
S214015B60FFF7BAFC00F0A6F80221084602F074FD21
S214015B70FFF764FC41F2490023F069FC4FF0FF1384
S214015B800093FF2368468DF8043023F03EFC4FF463
S214015B90004023F01CFC002023F039FC02B010BDAD
S214015BA0B94C040038B5054622F09FFF90B9284647
S214015BB023F059FB044628B140F60443984214BF2B
S214015BC088248D2423462A460020034900F0F8FF46
S214015BD0204638BD8D24FBE7D14C04002DE9FF4754
S214015BE005460E4617469846BDF83090DDF834A0B7
S214015BF0BDF83840CDF80090CDE9014AE4B2FFF790
S214015C00D7FD43463A4631462846CDE90094CDF8BD
S214015C1008A024F0E0FAFF21034B044A044804B02C
S214015C20BDE8F04700F01ABE0459002000590020D4
S214015C304F630020044B01461888102240F0404074
S214015C4040F48010F7F716BA129E0400024B18684B
S214015C505968FFF757BD00BF46E104000123064A15
S214015C60D15C814202D1054AD05C704702335F2B7A
S214015C70F6D10020704700BF1AA104001BA1040042
S214015C8070B500220446094B1D78094BD0B28542F7
S214015C9001D8FF2070BD1E78A64204D10029F9D094
S214015CA05E7BF607F6D401321033EFE77861002009
S214015CB0744200202DE9F04198B06B46304A1068D6
S214015CC0516803C390680CAA18602E4B14469C4674
S214015CD003F11806154618685968083303C5B34218
S214015CE02A46F7D112AA1746274B03F1180615467E
S214015CF018685968083303C5B3422A46F7D1234AC0
S214015D0003AB106851684FF0010E03C390687168C9
S214015D101860DCF83000002206AB03C30C21EC4609
S214015D20B068CDE909221860194BDFF86C8019704C
S214015D30184B0DEB01060B9206AD09A91CF8010BD9
S214015D400132187034F8020B0C2A588037F8020B0F
S214015D5083F80DE0988016F8010B03F1100303F8A1
S214015D600A0C15F8010B08EBC00043F8080C11F8F3
S214015D70010B03F8040CE1D118B0BDE8F08100BFB7
S214015D80EB4C04008AA40400A2A40400F84C04000E
S214015D90786100207442002084A10400014B187829
S214015DA0704700BF78610020034B03EB0013587B5C
S214015DB000F00100704700BF74420020F0B50446B1
S214015DC00846D9B100220E4B11461F780D4B1D46D1
S214015DD0D6B2B74201D8002010E01E78A64206D0FF
S214015DE09E68F688314489B201321033F0E75E7B53
S214015DF0F607F9D505EB02150180A868F0BD00BFCE
S214015E0078610020744200202DE9F34789469046C8
S214015E101D46074618B9002002B0BDE8F0870029E4
S214015E20F9D0002AF7D0002BF5D0002400780DF128
S214015E300601ADF80640FFF7C1FF0028EBD0394652
S214015E400DF10602BDF8066022F058FA0746002852
S214015E50E1D00DF10602BDF806A022F076FA002880
S214015E60D9D0C9F80070C8F80000037913F02002F1
S214015E7019D1DB0614D4BDF806300C4A564413FA81
S214015E8086F612FA86F20BE01A790C33920642BFB6
S214015E9013F8092C891889B29842F5D8044A0A449D
S214015EA001202A60B8E72146024BF5E79B620020F5
S214015EB079610020C4A3040008B50021FFF7E0FEC5
S214015EC0FF2817BF044B084603EB0013587B18BF87
S214015ED000F0010008BD00BF744200202DE9F0412A
S214015EE00D4616461F4622F014FB0B280AD8074C0F
S214015EF03B4604EB001032462946BDE8F041806877
S214015F0022F0D4BA0020BDE8F08100BF7442002020
S214015F10014B0001185C70477442002070B50C46B6
S214015F2022F0F7FA0B281BD80F4B03EB00139A68E5
S214015F30C2B10023142618461579D9B28D4200D86D
S214015F4070BD116806FB0311097B34B911F0800F8F
S214015F501CBF0130C0B20133EFE711F0400FF7E785
S214015F600020EDE71046EBE774420020F8B50D4639
S214015F70164622F0CEFA0B280BD80F4B4FF0140C16
S214015F8003EB00139A6800231C461779D9B28F4297
S214015F9001D80020F8BD10680CFB0300017B46B950
S214015FA011F0800F03D0AC42F4D00134E4B20133D7
S214015FB0ECE711F0400FF5E7744200202DE9F04FB1
S214015FC0064600243A4B87B01B783A4F0093009B55
S214015FD09C4207D2FF2E08D0304622F09AFA0B28B0
S214015FE0044606D907B0BDE8F08F07EB04131B7B08
S214015FF02BBB23014FF00008019307EB041A14E0B2
S21401600014221B6802FB05352B89B3F5967F01D94F
S21401601029F09CFB4FF000094FF00C0B29891FFA61
S21401602089F291420ED808F10108019B5FFA88F5C2
S214016030FB189B681A79AA42E2D8FF2ED2D1013406
S214016040E4B2C4E71FFA89F00BFB00F06B6819187D
S2140160500A7912F0100F23D19AF800E012F0400FDF
S2140160608DF80CE0B5F800E0185AADF80EE00CBF5C
S2140160704FF0400E4FF0800EADF8120028468DF816
S21401608010E022F007F95307ADF81400C8780AD5D6
S2140160900228896800D90968002203A822F0D6F9E7
S2140160A009F10109BAE702288CBF89680831F3E7CC
S2140160B07861002074420020052370B5094A0688DD
S2140160C01488B44208D19578047B2C403F2C03D920
S2140160D00D4201D0506870BD013B02F10802EFD1BC
S2140160E01846F8E734A4040070B50024074D084E9E
S2140160F02B78E0B2834200D870BD06EB0010437BDC
S214016100DB0701D522F0E4FA0134F1E778610020DB
S21401611074420020F8B50C4600210546FFF7B0FD95
S214016120FF2829D0154A060102EB00135B7B03F01A
S21401613001016CB143F001031644A142737305D00B
S214016140C4B100B202EB001022F0C2FA0120F8BD81
S2140161502346F1E77B4311682846CA18127BC95AC1
S214016160D20921F021FF0134B268E3B211799942D4
S214016170F0D8EBE71427F7E70846E8E77442002073
S214016180F0B59446497D20B339B3012918BF0421DF
S21401619000254FF6FF702F462A46144E3488644574
S2140161A011D196F803E01EEA010F0CD0B4789C4298
S2140161B009D30AB1BC4206D81EF0100F03D08AB12B
S2140161C0BC420CD370B90135072D06F10406E5D1A2
S2140161D0F0BD002908BF0821D8E70221D8E72746E5
S2140161E00020F0E727460122FAE700BF18A40400C2
S2140161F02DE9F04F0A9FBDF824E09DF82C809DF80C
S21401620030904C7D78B394B3012C18BF042400253C
S214016210194800F11C0C068896421ED190F803B06E
S2140162201BEA040F19D08678464516D31BF0100FCB
S21401623091F80FA004D0BAF1000F0ED0B1F810A05B
S214016240BAF1000F09D1A94513D0AE4511D95E5553
S2140162503E88013501363E80ADB204306045DAD164
S2140162600120BDE8F08F002C08BF0824CDE70224EA
S214016270CDE70020F5E700BF18A404002DE9F04F94
S2140162800024B1F57C4F0E4638BF4FF0010BA246F5
S214016290A1464FF6FF781F4628BF274B85B028BF7B
S2140162A0B3F800B0009001925C4503D3404605B0B8
S2140162B0BDE8F08FB6F57C4F0CD3204B3A4603EB86
S2140162C0840331465B880098FFF708FE054680B3D5
S2140162D000232AE03A463146009822F04AF9F5E7CB
S2140162E00C229CB254436A680199105B02EB040CC1
S2140162F0884219D3B9F1000F01D0504514D8614630
S2140163002846CDE9023221F0C5FF029B60B1039A0F
S214016310125BB9F1000F03D0524501D3804503D972
S214016320924680464FF0010901332A899CB2A24267
S214016330D6D80134A4B2B7E77AA104007CA1040040
S2140163402DE9F04F91461A4600238BB08DF8202098
S214016350BDF850208DF81C00ADF81E10ADF82420B5
S21401636005460F461A4604A907A8159C9DF85860CD
S2140163709DF85CA09DF860B09DF864800493ADF82C
S214016380229022F00FF8049850B92B46CDE90079F7
S214016390644A654900F014FC86200BB0BDE8F08F16
S2140163A0BAF1000F14D18378B34206D050465D4A45
S2140163B05E4900F005FC8D20EFE7037913F0010339
S2140163C006D11846574A5A4900F0FAFB8820E4E7F6
S2140163D003795B072CD583685A689B6805920693F8
S2140163E0807822F075FD049B0546DF782146022F52
S2140163F003463A4610D805A822F026FD81462B46CC
S2140164003A46214606A822F01FFDB9F1010F01D038
S21401641001300DD18720C0E7059822F015FD01282F
S214016420F8D02B463A462146069822F00DFDEFE7B6
S214016430BBF1000F6FD1049F4FF6FF722146B8786B
S21401644021F0C6FE00286BD0BDF82430C5B20093FB
S214016450CDE902549DF82030BDF82220BDF81E106B
S2140164609DF81C00019622F02FFB002895D1BDF85F
S2140164702430CDE902540093BDF822209DF8203047
S214016480BDF81E109DF81C00019622F0FBF80028AE
S21401649083D121469DF8682007A821F0D7FF002860
S2140164A07FF47BAFB8F1000F07D03B462046BDF81E
S2140164B01E209DF81C1022F06CF8BDF82430BDF8A3
S2140164C02220BDF81E109DF81C000093CDE9016442
S2140164D09DF82030FEF7E2FABDF82430BDF8222000
S2140164E0BDF81E109DF81C000093CDE902549DF8DE
S2140164F02030019622F0E7FABDF82430BDF82220BC
S2140165000093BDF81E109DF820309DF81C0022F067
S21401651091F8002041E70020064900F051FBF8E71A
S21401652001203AE7054D0400114D04003D4D0400DD
S214016530514D0400654D04007FB500258DF80830E7
S214016540BDF820308DF80400ADF80610ADF80A202D
S214016550ADF80C306946BDF82830099A01A80B9EA3
S214016560009521F01FFF044630B916B1009B9B78B9
S2140165703370204604B070BD8928FAD128460249F6
S21401658000F01EFBF5E700BF824D04002DE9F04F39
S2140165904FF0000AC7B0FFF701FC5FFA8AF6B04277
S2140165A002D847B0BDE8F08F5B4B36019A5D0020FC
S2140165B05A4900F005FB0020594900F001FB002371
S2140165C00593554B9DF8144033449B681A79A242B3
S2140165D002D80AF1010ADEE714224FF000091B680F
S2140165E002FB043422891FFA89F39A4202D8059BDA
S2140165F00133E5E70C231FFA89F803FB08F8D4F802
S21401660004B029F0A3F80BEB08052B79454913F0E4
S214016610400F3BF8083022884FF000000093424BB1
S21401662018BF0B46414900F0E5FA2946204621F0FD
S21401663031FE074600283CD13D4900F0DBFA2979B6
S214016640DFF814C111F0010F3A4818BF604611F087
S214016650020FAA78EB7832D1DFF800C111F0100FE3
S214016660354918BF6146CDE900010020334900F0E5
S214016670C1FA2B793BF8082013F0400F4FF0000BBE
S2140166804FF0FD030DF118082188CDE9023BCDE955
S214016690007821480CBF40238023805DFFF74CFF24
S2140166A086280ED12649002000F08AFA09F1010950
S2140166B098E702462349002000F09CFABFE72249EA
S2140166C0D1E7A87821F0D6FDD8B1404622F064FA89
S2140166D0421C92B201234146002000F0D5F939460A
S2140166E0208801F001FA4FF6FF73984207D0174B46
S2140166F0174903EBC0035A68002000F061FA1549F8
S214016700D1E7A87821F0BCFD20B1404622F049FA35
S214016710821CDEE7EA78DDE774420020D44D0400EF
S214016720E24D0400AC4D0400B14D0400224E0400BD
S214016730993E0400B94D0400BC4D0400364E0400D9
S214016740524E0400F3520400C44D040004A5040094
S214016750791D0400044D0400B64D0400CC4D040020
S2140167602DE9F04FC7B0BDF844A10646BAF1040FB3
S2140167700D4614461F46BDF840B163D9CDE9013B2D
S21401678000920B4602463049002000F019FAFD231C
S2140167900DF117090DF118083046029322463B46C3
S2140167A02946CDE900B8CDF80C90FFF7C5FE0646A0
S2140167B0B8B9FD22414699F8000021F009FD0746C7
S2140167C0C0B1AAF10403834238BF8926204622F0CD
S2140167D0A0F98EB1304600F01BF9304647B0BDE84F
S2140167E0F08F009023462A460020184900F0E8F969
S2140167F00027EBE78926E9E7DFF85CA0BA1CBAF8C0
S2140168000030C3F1FF039A4219DA304600F000F96E
S21401681099F8000000F0FCF8BAF800900C483A46E7
S21401682041464844B94404F021FFAAF800902346A3
S2140168302A4630460749009700F0C2F9CDE789207D
S21401684000F0E6F88926C8E75E4E0400994E04007B
S2140168504F630020C04E04000059002010B5044CC0
S21401686020600448018004490A60044A136010BD90
S2140168703C430020FE5800203843002034430020CB
S21401688030B587B00AAC0D4654F8041B0093CDE929
S2140168900114134609490246094809880068059407
S2140168A022F037F84FF48A52064B1B681880064BC5
S2140168B01B685D80DA8007B030BD00BFFE5800203F
S2140168C03C430020384300203443002008B410B570
S2140168D087B009AB0C4653F8041B0092CDE90113AF
S2140168E002460B490B48059309880023006822F0ED
S2140168F010F84FF48A52084B1B681880074B1B6828
S2140169005C80DA8007B0BDE8104001B0704700BF78
S214016910FE5800203C43002038430020344300202A
S214016920044A034611680448044A09881268006844
S21401693021F0C8BA38430020344300203C430020ED
S214016940044B054A1B6812681988044B186821F025
S2140169502CBA00BF384300203C43002034430020BB
S21401696007B5074B1B681B880192064A12680092FE
S214016970054A126821F07AFA03B05DF804FB00BFFD
S214016980384300203C430020344300201FB5144602
S214016990064A12681288CDE901430091044B054965
S2140169A01B68096821F03EFA04B010BD3843002088
S2140169B03C43002034430020014B1868704700BF59
S2140169C034430020024B1B6818715971704700BF91
S2140169D03443002010B50024084B1C70FEF75EFC03
S2140169E0074BFF2218802146064804F0AFFC064BF1
S2140169F01C80064B1C605C609C6010BD59640020C6
S214016A00025900204F63002000590020045900203D
S214016A1007490B88FE2B9FBF064AD054581C80B2EC
S214016A209DBF088000F1FF3080180020704700BF2E
S214016A30005900204F630020F8B5094F0D463B88EA
S214016A405C18FE2C0ADC074E0A46A4B20146F01872
S214016A5004F0CEFC3C80641BA019F8BD0020FCE7C6
S214016A60005900204F630020024B034A00201A60A1
S214016A70704700BF4043002080A10400014B1878F6
S214016A80704700BF7442002030B4044D044C002B04
S214016A900CBF2B46234630BC22F0A7B8200E0400BC
S214016AA0934F040070B5054608460C4622F074F86C
S214016AB0611C0246024B2846BDE8704022F095B89C
S214016AC0B256040000B5037889B0069343783E2297
S214016AD00593837808490493C37803930379029353
S214016AE04379019383790093C3790448008800F0C1
S214016AF081F809B05DF804FBEE4E04001059002041
S214016B00024B02460249188800F05AB81059002074
S214016B108C1404002DE9F04705460E46174600245E
S214016B20DFF84480DFF844A0DFF84490AC4201D19E
S214016B30BDE8F087B8F8000006EBC401534608220A
S214016B4022F053F80134B8F800003FB9044AA542D0
S214016B5008BF4A46034900F04DF8E7E74A46F9E719
S214016B60044D04008B14040010590020934F0400B8
S214016B7015FF03002DE9F0410E4E0446308822F041
S214016B804CF8A8B100250C4FDFF83080E3070AD592
S214016B9018B94146308800F02DF830882A46394623
S214016BA000F028F8002001351B2D4FEA5404EDD1E2
S214016BB0BDE8F08110590020E53A0400364C040087
S214016BC00EB417B505A9044651F8040B019103F05C
S214016BD0BFFA01210220054AF8F766FF044B1C8024
S214016BE003B0BDE8104003B0704700BF044D040079
S214016BF0105900200EB417B505A9044651F8040B28
S214016C00019103F0A5FA034B1C8003B0BDE81040C8
S214016C1003B070471059002013B50368044658792D
S214016C2000F032FF90B923685A88032A0ED0E17C1F
S214016C305B79CDE900211649164AFFF7C1FF01210C
S214016C40204622F08AF8012002B010BD637D012B98
S214016C500AD0637D33B92368228A5988587921F08E
S214016C6064FC48B9C3200AE02368228A5988587907
S214016C7021F064FC0028ECD0204621F0D0FF064B22
S214016C801B78002BDFD110F5807FDCD0C1B2D7E7AF
S214016C901B4F0400134F040050640020002970B5F8
S214016CA00F491D460F4B14460CBF6E227922002851
S214016CB008BF0B4600200C49FFF79CFF0B4E2544EE
S214016CC0AC4205D1BDE8704000200949FFF778BF06
S214016CD03146002014F8012BFFF78CFFF0E700BFC8
S214016CE0544F04004A4F04005D4F0400914F0400C6
S214016CF0223204002DE9F04FC27C8BB00592427D12
S214016D000368002A14BF80224022077D0446856856
S214016D1086895879B846B3F80290069200F0B4FE18
S214016D20A0B9059B052B05D86FF02D03059A1341D5
S214016D30DB070BD5B9F1030F08D0AB490020FFF7ED
S214016D403FFF0121204622F008F876E0E37B1BB1E5
S214016D50228A002A00F0B781607D0022B0FA80F016
S214016D605B4203F00403DFF88CB2400943EAC0003B
S214016D70ABF80020FFF74CFEE37B1BB3208A21F023
S214016D80C8FE8246A07CFFF743FE059A162A00F24B
S214016D909A81DFE812F019009E016C005600D201BC
S214016DA06C009201D9019A01E001E701EE01390177
S214016DB00202980198019801140258021402700206
S214016DC0390102029A46DDE700204B46874A884988
S214016DD0FFF7F6FE0120FFF71BFE08F10207B74298
S214016DE029D841463246284621F0D0FE80462368FF
S214016DF042465879BBF800304946C3F1FF039BB2BF
S214016E000193238A0093069B23F01FFA10B11FFA01
S214016E1087F8E2E7236842465879BBF800304946CE
S214016E20C3F1FF039BB20193238A0093069BFFF7EE
S214016E3097FC8928EBD121F08AFF01200BB0BDE831
S214016E40F08F4FF0000B0420FFF7E2FDF31E0893CE
S214016E50089B984552D3BBF1000FECD1E37B94F825
S214016E601480002B0CBF02220422624B1A804FF0C2
S214016E70000B0420FFF7CCFD5F4608F1030A5645D8
S214016E8040F29D8032464146284621F07FFE05EBC2
S214016E9008039B78F21EAA44A2EB0802079051460B
S214016EA0184692B2099321F093F90890002879D0F8
S214016EB02268099B5079CDE901A3238A49460093AC
S214016EC0DDE9063221F0B3FC82464A460020079BE4
S214016ED04949FFF78FFEBAF1000F55D10BF10103B7
S214016EE0504646495FFA83FBFFF76AFE089B08F1A6
S214016EF0030813FA88F81FFA88F8BEE732464146B7
S214016F00284621F043FE05EB08039F78089B08F10D
S214016F100301A3EB08022944824692B2384609913E
S214016F2021F056F9079068B32368099958790297B2
S214016F300191238A524600934946069B21F0C7FCDD
S214016F400746B8B10BF1010338465FFA83FBFFF73A
S214016F505FFD504621F0DDFD53464A460020264996
S214016F60FFF72EFE3A4600202549FFF729FE802F1F
S214016F703FF471AF079B08F1030813FA88F81FFA6C
S214016F8088F865E78027DDE75046FFF741FD07985B
S214016F9021F0BFFD0137524600201949FFB2FFF725
S214016FA00FFEA3E78720FFF733FD079821F0B1FD19
S214016FB00137872212490898FFB2FFF701FE059BA9
S214016FC0052B3FF43AAF002F7FF435AFBBF1000F2E
S214016FD005D10C495846FFF7F3FD8021B2E6384645
S214016FE0FFF716FD27E700BFDE0404009E4F0400EE
S214016FF0EB4F040000590020A84F0400EB4E04009C
S214017000C44F0400CE4F04000599A84AA84B00209F
S214017010152918BF1346CDF80090A64AA649FFF7D2
S214017020CFFD059B0C2B14BF16200D20FFF7F0FC9F
S21401703032462846394621F0A9FD059B3D440C2BD6
S2140170400646AD7835D1192D28BF1925E37BB3B196
S2140170504FF6FF73278A9F4211D120683246494670
S214017060069B4079FFF70AF9B84208D0BAF1000F3B
S21401707005D020828AF80000000A8AF80100002064
S214017080BBF80070FFF7C4FC236832465879059BAD
S2140170904946A3F1150CDCF1000343EB0C03CDE9E3
S2140170A00153238A0093069B21F035FB834BD85569
S2140170B0C1E6132D28BF1325C8E72046FDF776FB4A
S2140170C000287FF4BAAE81213CE62046FDF722F87F
S2140170D0F6E7B9F10A0F05EB0708A6EB070A21D177
S2140170E0DFF8DCB19BF80030E3B1E37BD3B9BAF14A
S2140170F0080F17D132463946284621F047FD88B990
S21401710098F8023073B998F80320E22A0AD1324679
S214017110391D2846059321F036FD21F003FE059B17
S2140171208BF80030414648461FFA8AF223F08FF862
S21401713000287FF482AE002104E6F21B484692B294
S214017140E91921F0E0FCF3E7F21B484692B2E9198F
S21401715021F09CFCECE7F21B484692B2E91921F0BB
S214017160BFFCE5E7F21B484692B2E91923F071F835
S214017170DEE72368EE5D5879238A0137ED5D0193DA
S214017180069B3246494600932B4621F003FA2A46CF
S2140171903146484621F07CFC4FE605987A1CE95DAD
S2140171A0B31AA0F11606704270410039009018BF5C
S2140171B0012148469BB22A4421F06CFCB8E7059BA6
S2140171C0EE5D112B3D446F7838D11220FFF720FC7D
S2140171D00025E37BB3B14FF6FF73B4F810809845F2
S2140171E010D133464A4621462846FEF7C9FF404598
S2140171F008D0BAF1000F05D020828AF80000000AF4
S2140172008AF80100BBF80080DFF8B0A0C8F1FE02E2
S21401721092B208F10103009253444A462146284699
S214017220CDE90267CDF804B0FEF7E2FFBBF8003007
S2140172300AF808000133ABF80030FCE51420FFF72C
S214017240E7FB0125C5E77B1C9E422CD3EF5D1D4461
S214017250003F18BF0127F31A9EB233462A46394625
S2140172600020FFF71BFD00962B463A464846218A2A
S21401727021F014FC5CE77B1C9E4214D3EF5DF61AEA
S214017280003F18BF01271D44B6B233462A46394689
S2140172900120FFF703FD00962B463A464846218A11
S2140172A021F0FAFB44E70020C8E500BF044D0400C6
S2140172B0994F0400DF4F0400E94F04004F6300209C
S2140172C04E64002038B54FF6FB750446A9424FF0D0
S2140172D001019DF8100098BF43F4004321702381FB
S2140172E06260A07202230020084A0949FFF768FC81
S2140172F0E07A084B40F6CA0203EB4010FF211FF06C
S21401730062FEBDE83840042021F0B6BBF94F040008
S214017310045004008443002030B5054685B028B9E2
S2140173201D4905B0BDE83040FFF74ABC0024007B8C
S21401733021F042FC2046194A19492C70FFF740FCFF
S214017340184BE87AFF2103EB40101FF04DFE204654
S214017350154B02019A5C22B901300428F9D121F0BB
S214017360C8FB696899B1B5F908302A899B1303F0FF
S21401737002038DF80430C2F30E03ADF806304FF663
S214017380FF73ADF80830002301A80393884705B0C2
S214017390BDE8304021F015BC2F500400F94F040021
S2140173A061500400844300204443002009480378C8
S2140173B073B91946084AD3720133042B117311703D
S2140173C051601181917202F11002F4D10123037010
S2140173D0704700BF4F6400204443002008B5FFF704
S2140173E0E5FF002305491A018A5C01EB03101AB177
S2140173F00133042BF7D1002008BD00BF4443002011
S21401740070B50D460646FFF7D1FF0023094800EB8D
S2140174100514A17AB14205D1217819B12B4400EBAC
S214017420031070BD0133042B04F11004F1D10020C8
S214017430F7E700BF4443002010B50446FFF7B6FF48
S2140174400E4B9C4212D003F12002944210D003F15D
S214017450400294420ED060339C420DD1032308486B
S21401746000EB0310BDE81040FFF756BF0023F6E718
S2140174700123F4E70223F2E70020F3E78443002028
S2140174804443002070B50024064D074E2846324678
S21401749000210134F8F71EF8042C05F12005F5D17A
S2140174A070BD00BF84430020397401002DE9F3410B
S2140174B005460C4617469846FFF790FF064640B924
S2140174C01C4A1D49FFF77CFB0224204602B0BDE89A
S2140174D0F0814FF6FB739D420AD94FF6FD739D422C
S2140174E004D00020134A1549FFF76AFB4FF6FD75D5
S2140174F0434621463A46284621F0FCFB044600F066
S2140175002FFE804634B1234600200A4A0C49FFF775
S21401751057FBDAE73B462046064A0A49FFF750FB87
S214017520062329463046089ACDF80080FFF7CAFEA2
S214017530CBE700BFF94F04006E50040098500400DA
S214017540CD500400F6500400F7B506460C46174623
S214017550FFF744FF054638B9104A1149FFF730FBDB
S2140175600224204603B0F0BD21464FF48A5230462D
S21401757021F088FD044600F0F3FD34B123460020D7
S214017580064A0849FFF71CFBEBE7009004233A463E
S21401759031462846FFF796FEE3E700BFF94F0400A1
S2140175A06E5004001E510400F7B506460F46FFF75D
S2140175B015FF054638B9104A1049FFF701FB0224AA
S2140175C0204603B0F0BD002240231146304621F08C
S2140175D038FF044621F033FF34B123460020064A23
S2140175E00749FFF7EDFAEBE7009001233A463146EB
S2140175F02846FFF767FEE3E7F94F04006E500400E4
S2140176005151040073B504460E46FFF7E7FE0546E2
S21401761038B9104A1049FFF7D3FA0224204602B0BF
S21401762070BD00222046114621F00DFF044621F0D0
S21401763006FF34B123460020064A0849FFF7C0FA80
S214017640ECE70090234632464FF6FC712846FFF7DA
S21401765039FEE3E7F94F04006E5004007F51040041
S2140176602DE9F0418846107800219EB014461D464B
S214017670FFF7C6FE0646002800F0FD800778002FBB
S2140176807BD0B8F80010002940F0F5800389B8F8DF
S214017690022043F40040824240F0ED8061780029E8
S2140176A06BD1A2F50042062A00F2E580DFE812F06F
S2140176B0A100A100E300E3000700B8006900E38829
S2140176C00D3DADF82430238915F00105ADF82630BF
S2140176D063798DF82830E37A03F1060214F8122054
S2140176E08DF814308DF81C2042D10BA98E460691D8
S2140176F004F10C005FFA85FC9C4500F1020009D2FA
S21401770010F8018C10F802CC01350CEB082C2EF881
S21401771002CBEFE701EB43011A440891D2B25900BC
S21401772001F10D009A42C0B20BD025186D78205C8D
S2140177307831694400EB0520013321F84C0CDBB2AB
S214017740EDE7B6F908203389002AACBF01220322EF
S214017750C3F30E038DF808206288ADF80A3005AB36
S214017760ADF80C20049302A9304621F0AEFA04E0ED
S214017770424A43490020FFF723FA38461EB0BDE8C7
S214017780F081042D02D83D4A3E49F3E72379053DB1
S214017790ADB29D42B4F8028002D0384A3A49E9E7D0
S2140177A03A4A3B4B0020002D08BF13463949334A5D
S2140177B0CDF80080FFF704FA05348DF81450B6F9B9
S2140177C00830069485B1002BACBF012303238DF846
S2140177D02C303389ADF83080C3F30E03ADF82E306C
S2140177E005AB0D930BA9BFE7002BACBF0623052302
S2140177F0EDE70B2DC7D9D4F80200D4F8061013F420
S214017800004F05AA03C20CBF042203228DF82C20C8
S2140178106289C3F30E03ADF83020ADF82E30DFE7F2
S214017820042DB0D96388ADF8303023790533DBB247
S2140178309D4206D00020114A17490095FFF7C0F96E
S2140178409BE70E4A00201549FFF7BAF9B6F908205A
S2140178503389002AACBF01220322C3F30E03ADF81D
S2140178602E3005AB0D93631D069323798DF82C20DE
S2140178708DF81430B6E700277FE700BFF94F040004
S214017880AC510400D4510400E85104009C0C0400DF
S214017890044D04000F5204002C5204006D520400E3
S2140178A0304BF0B5B0FBF3F24FF4616503FB120009
S2140178B0B0FBF5F3DCB205FB13033C25B3FBF5F394
S2140178C0DBB2A0EB04104B71C3EB0313A0EB8300F8
S2140178D04FF4FA630B8040F201134B8001230C71C5
S2140178E01F4600246425204E8871944200D1F0BDC5
S2140178F091F802C013B1BCF1020F2BD006EB0C00BD
S21401790010F801ECC87870450BBF012001300CF16E
S214017910010CC0B208BF81F802C0C87088780D2873
S21401792016D10B888F7001339BB298070B8014D148
S214017930B3FBF5F005FB103080B280B94FF4C87088
S214017940B3FBF0FC00FB1C339BB2B3FA83F35B0979
S2140179500134CAE74FF01D0ED4E70023F8E70123F0
S214017960F6E700BF80510100C6A4040010B5044626
S21401797088B006A9FFF794FF9DF81E300A480393C6
S2140179809DF81D30049402939DF81C309DF81A2032
S2140179900193BDF818300549009300889DF81B3007
S2140179A0FFF70EF908B010BD1059002086520400EA
S2140179B0026808B51188154B19805188598051798C
S2140179C01971117959714FF48A51D980D28812F000
S2140179D0200F0CBF0A464FF48B528169DA800C4A9D
S2140179E0137831B9C0880B4923F00203088013705D
S2140179F008BD43F002031370074B152218460131E8
S214017A0003F0F6FC002200F8012CF1E704590020EF
S214017A1059640020025900201359002010B5184C53
S214017A202368587920F075FD0B2822D8154B03EBF7
S214017A300010027B237F9A421BD123684288198853
S214017A408A4205D04FF6FF70814212D1120410D43B
S214017A502279023A012A06D9A37B63B9BDE8104010
S214017A600748FFF747B9198958791FF088FE00289B
S214017A70F2D1002010BD0248BDE81040FFF7CCB897
S214017A80084400207442002008B520F042FD0B286F
S214017A9096BF024B0020185C08BD00BF5E64002044
S214017AA008B5002021F088F8FF2020F065FD21F0C0
S214017AB088F820F02DFFFEF771F9012102460648ED
S214017AC003F044FC054BFF21054A0648FEF7C6FEB7
S214017AD0BDE80840FEF708BB5E640020045900209C
S214017AE0005900204F630020F0B5002204464FF6EF
S214017AF0FF750B4F90B237F830600346AE4201D1A6
S214017B002846F0BDA64209D1B4F57C4FF9D307EB60
S214017B10C3035B888B42F4D00029F2D00132E9E737
S214017B2004A5040010B50446FFF7DEFF094A034624
S214017B3010884FF6FF72934214BF074A2246BDE8EB
S214017B40104017BF02EBC30304495A680449FFF704
S214017B5051B800BF1059002004A50400A952040022
S214017B60791D0400034B18780130C0B2187000F07C
S214017B707F007047206F0020044A137818B143F045
S214017B8001031370704703F0FE03FAE759640020FF
S214017B90014B1870704700BF5C64002038B1074B7A
S214017BA01B78012B04D1038843F040030380704700
S214017BB0022BFCD1038823F04003F7E75C64002026
S214017BC068B1074A1378012B07D1064B1B7813704F
S214017BD0037843F01003037001E0022BF8D07047DE
S214017BE05B6400205A6400207FB50121264B274E96
S214017BF0197033780246D90744D42549096881B1FA
S214017C000868C1888D0641BF224CE18841F02001F9
S214017C10E180C1884C0641BF1E48C18841F0400141
S214017C20C1801D4D1D492878097840074CBFE97071
S214017C3069701B4913F00204098809D0164A1948CD
S214017C4020F03CFF337823F00203337004B070BD9C
S214017C50154B18884FF6FB73984208D80B46CDE9AA
S214017C60005201460B4A204620F000F9EEE74FF697
S214017C70FF73CDE9014200930A46074B054920F000
S214017C80D1F8E3E70020E1E75064002059640020C2
S214017C9004440020045900204F630020216F002077
S214017CA000590020125900200259002070B50379AE
S214017CB00446012B0D46164631D883681B78DB0631
S214017CC000D561B3A37B13B9E37C0B2B27D000222D
S214017CD0144B1A80637DB3FA83F35B09D800E37B08
S214017CE0ABB9FEF795FEA07CFEF792FE0B20FEF7E1
S214017CF08FFEE07CFEF78CFE2846FEF789FE2046C6
S214017D00FFF756FE3046BDE87040FFF76DBF40F006
S214017D100400FEF77DFE208A20F0FBFEE3E700204C
S214017D2070BD00BF00590020024B0A460146186884
S214017D30FFF7BCBF04440020F0B4054618460F4BBD
S214017D400C461B78BDF81010012B0D4E01D037786C
S214017D5027B1002333700020F0BC70470CB9002A0D
S214017D60F9D143B14FF65743994204D02B462246E8
S214017D70F0BC20F089BE0120EEE700BF226F002094
S214017D805D6400202DE9F04F684C4FF0000A25464F
S214017D908446964698460F46654B664E83F800A085
S214017DA00FCE0FC596E80F0085B085E80F00DDF809
S214017DB03C90BDF8383072460093394643466046DB
S214017DC0CDE9019400F0DCF8DFF89081064670B941
S214017DD00025FEF7FFFD16220021574803F0B6FAEC
S214017DE000232846C8F8003005B0BDE8F08F534B95
S214017DF0A27CC8F800401A70514B1B78002B36D075
S214017E0020F092FF4F4902465046FEF7F3FE2268E5
S214017E105046537952884C490092A289FEF7EAFEF1
S214017E20504620F0FAFE20B12368218A5888FFF7D1
S214017E3079FEE37B23B10020228A4449FEF7DAFE6D
S214017E40A36800201A78E37C41490093A37CFEF7DF
S214017E50D1FE207DA289A168121A014401230020C7
S214017E6092B2FEF711FE00203A49FEF7A9FE2F480E
S214017E70FFF79EFD2D4822F0E3F9054630BBB9F128
S214017E80000F25D12168E0880B8801904988BA1E29
S214017E90032A00918CBF002201220121E07CFFF71A
S214017EA04BFF38B923685B79FF2B3AD0FFF7B6FD55
S214017EB005468EE72368DB889A06F3D40121264C13
S214017EC01A48217020F049FF84F80090354680E773
S214017ED0B9F814309B07E5D47AE75846FEF718F848
S214017EE082465846FDF760FF88B123685046228ACD
S214017EF0598820F011FB50B13846FFF759FD236829
S214017F0089F804A083F805A0FFF788FD00B9284684
S214017F1005460136FDF742FF5FFA86FB5845DCD879
S214017F2057E70026014FDFF83890F3E708440020B2
S214017F3050640020E4A4040012590020216F0020A0
S214017F401F6F0020C2520400CB520400EC52040002
S214017F50F8520400ED0504005D640020044400208E
S214017F60045900200023054AD15C814202D31A44F9
S214017F70507870470233DBB2F6E700BFD2A40400A4
S214017F8073B515462E781A4616F0040F0CBF032655
S214017F9005269E42089C08D9224A234900960020BD
S214017FA0FEF70EFE002002B070BDBDF8183021713C
S214017FB02060E380A560A2812B7803F00103A37300
S214017FC02B7803F00403002B14BF01210021E17379
S214017FD02978C1F3C00161754FF00101217518D0F0
S214017FE0284620F0D3FD237D208202332375227D8F
S214017FF0531CDBB22375A95C0232D2B2A17422757E
S214018000EB5CE374A3899A4205D900920749054AB5
S214018010C5E72382EBE7079B0120A36100232377B3
S214018020C1E700BF300D04003B5304005753040062
S2140180302DE9F7430024204FDFF89C80DFF89C9061
S214018040E0B221F032F9FF2805460FD1234601217F
S21401805002201A4AF7F728FD194B013418781EF04A
S214018060B4FB152CECD103B0BDE8F08346B238EA78
S214018070260328BF4B4601210093022057F82430DF
S214018080104AF7F711FD002EE6DA0923E340DB0775
S2140180900AD50D4A0D4B15F0010F18BF1A460121DE
S2140180A00220F7F701FDD7E70A2CD5D1084A094B7C
S2140180B015F0010FF1E700BF1CA50400B053040042
S2140180C0236F0020D853040089530400735304001F
S2140180D0A55304009B5304009C0C0400044D0400AB
S2140180E008B554220021024803F030F9002008BDEB
S2140180F0005A002008B55422FF21024803F026F951
S214018100002008BDAC590020024B23F810100020B7
S214018110704700BFAC590020002310B4074ADCB2F8
S214018120A14203D85DF8044BFFF7DABF2A2BF9D03A
S21401813032F8024B20F813400133F0E7005A0020D2
S214018140002310B5054A994201DD2A2B00D110BD46
S21401815032F8024B20F813400133F4E7005A0020AE
S214018160024B187800F07F00704700BF6A64002059
S214018170034B18780130C0B2187000F07F007047CA
S2140181806A64002030B51C4600238BB0ADF822206F
S214018190021D92B2012A0E9DADF82030ADF81E10D8
S2140181A0ADF81C3003D94FF6FF7290420FD1002272
S2140181B0CDE90352CDE90124094B01461B784FF660
S2140181C0FF70009307AB21F08EF80BB030BD01466F
S2140181D0CDE901531846009407AA21F0A0F8F4E768
S2140181E0246F002038B505464FF480500C4603F046
S2140181F0B3FA4FF480532860236030B940F2A511DA
S214018200BDE83840014827F094BA38BDC754040089
S21401821000487047DE5C0020014B1878704700BFAD
S214018220406F0020014B1888704700BFC46E0020C5
S214018230014B1878704700BF396F0020014B187842
S214018240704700BF306F0020014B1878704700BFA1
S214018250336F0020014B1878704700BF6F64002011
S214018260014B1870704700BF6F640020014B1878EF
S214018270704700BF6E640020014B1870704700BF46
S2140182806E640020014B1878704700BF346F0020E1
S214018290014B1888704700BFC26E00202DE9F74FCA
S2140182A0414B424A0193424BDFF844911B78DFF879
S2140182B04481DFF844E1DFF844C13E4F3E4E3F4D76
S2140182C03F49404802EB431A019B524503F1200304
S2140182D009F1200908F120080EF1200E0CF1200CFE
S2140182E007F1200706F1200605F1200501930FD1BD
S2140182F000221146344B324D1C78344E344B314FEC
S214018300D0B2844203F1200346D803B0BDE8F08F13
S214018310304B314C5360002349E907432F4CDFF8BB
S214018320E0B048E907432E4CC2E902304EE9074364
S2140183302C4C11604CE907432B4C136147E907436A
S2140183402A4C49E9050348E905034EE905034CE9CA
S214018350050347E9050349F8201C48F8201C4EF898
S214018360201C4CF8201C47F8201C46F8201C46E927
S2140183700743019C45E907B3DFF888B046E90503E2
S21401838045E9050344E907B344E9050345F8201C1C
S21401839044F8201C203297E743E9085643E90617BC
S2140183A043F8101C0132ABE750470020704800200C
S2140183B0476F0020B04700209047002070470020FC
S2140183C0EC560020044D04003E6F002009CA02004E
S2140183D0F0470020617302009DB90300C1870200C7
S2140183E0E9120300F7C90300A9AA02005592030087
S2140183F0504800203048002010480020D047002078
S2140184001940030065700200002208B5074B1A6088
S2140184105A6020F006FF064B187020F002FF054B4D
S2140184201870054B1A78054B1A7008BD8E56002039
S214018430CA640020C9640020316F0020C86400208F
S214018440002100B593B008466A460AF0FBF90146DA
S214018450C8B90E4B0E4A09930E4B0D920A930E4A5B
S2140184600E4B0E920B930E4A0E4BCDE90F230C9337
S2140184700D4B6A4611930AF09BFC003818BF012089
S21401848013B05DF804FB0120FAE700BFB1B40300A6
S2140184905D810200B5B603008D4A02009792030083
S2140184A05D98020015B70300AD7B0200084B1878F3
S2140184B0112806D8012809D9064BC34003F001004C
S2140184C07047A0F143035842584170470020704757
S2140184D0CC6400203400020008B5064B1B78013B33
S2140184E0022B05D80020FFF7E1FF0138C0B208BD16
S2140184F0FF20FCE7CD640020044B00F1100250F889
S214018500041B904243F8041BF9D17047CE64002047
S214018510044B03F1100253F8041B934240F8041B6A
S214018520F9D17047CE64002030B5002491B0114BCC
S2140185300546214614220BA8CDE9094302F006FFA1
S214018540102209ABCDE900440693CDE90452CDE9EA
S2140185500252094B09490AA81DF036FD04460AA82D
S21401856021F015FC1CB1A021054827F0E2F811B056
S21401857030BD00BF0024800000444004CE640020CB
S2140185805255040070B5002490B0154B05460E46B2
S214018590142221460BA8CDE9094302F0D7FE10228A
S2140185A009ABCDE9004406933146CDE90452CDE945
S2140185B002520C4B0AA81DF007FD04460AA821F03A
S2140185C0E6FB1CB1BA21084827F0B3F8099B102B2B
S2140185D003D0BB21044827F0ACF810B070BD00BF33
S2140185E000248000004440045255040030B50D4676
S2140185F000218FB0124B0446142209A8CDE90713B7
S21401860002F0A4FE102207ABCDE90242CDE90042FA
S214018610049329460B4B08A81DF0D8FC044608A86D
S21401862021F0B5FB1CB1D121074827F082F8079B42
S214018630102B03D0D221044827F07BF80FB030BDB1
S214018640002480000044400452550400014B93F975
S2140186505A007047245600200022034B1870034B23
S2140186601970034B1A707047DF640020E064002025
S214018670DE6400202DE9F04FDFF89080064698F87A
S21401868000300D4685B0002B3AD04FF6FB7398426A
S21401869036D84FF0000B1C4FDFF874A03C7898F8E2
S2140186A000305FFA8BF94B459AF8000011D948441F
S2140186B002AA0DF10601C0B216F028FA08222946D0
S2140186C00DEB020003F08EF90BF1010B0028E6D149
S2140186D04C463B78A34208D198F80020631CDBB2D5
S2140186E09A423B7004BF00233B70324629469AF8F3
S2140186F000301C44E0B205B0BDE8F04F16F0F4BA05
S21401870005B0BDE8F08F00BFDE640020E064002005
S214018710DF6400202DE9F74F06460D4614461F4636
S2140187204FF0010BDFF8789003F10C0A15B903B08E
S214018730BDE8F08F102DA84628BF4FF010083A4626
S214018740164B5FFA88F152F8040B524543F8040BB6
S214018750F9D101919AF8002011481A70002389F87E
S2140187600F4089F800B089F80E30FFF7DDFE32467B
S21401877001340B480199E4B212F801CB10F8013B21
S21401878083EA0C0302F8013C931BDBB28B42F3D362
S214018790A5EB080816461FFA88F5C7E7E26400202D
S2140187A0E16400202DE9F04F9046914685B0009097
S2140187B0981A029383B20193009B0F46354903F141
S2140187C00C0453F8045BA34241F8045BF9D11B780F
S2140187D0314E0B7049233370019BF0731B0A3046F0
S2140187E0B373FFF7A1FE0221BB460D46737888EAF4
S2140187F0030373704FF0000A1DE0C5F11004A9EBE6
S2140188000A039BB2A4B29C4228BF1C4600231FFA4F
S21401881083FCE8186445C0B21FD82544EDB2A344D2
S214018820102D54441FFA84FA05D1002530460391D1
S214018830FFF77AFE0399D145DFD807EB080B25B180
S21401884015480391FFF770FE039901294FF00005C3
S2140188500DD00121DDF80490CCE71BF803C016F813
S21401886000E001338CEA0E0C06F800C0CFE7029B4D
S21401887009491F44094B38461C78224602F0F6FE89
S2140188802A4621463846009B05B0BDE8F04FFFF763
S21401889041BF00BFE2640020E1640020486F002071
S2140188A030B540780C4601284FF0110387B001F12E
S2140188B0100516D1144A01A90BF002F8234601ACA3
S2140188C0224618685968083303C2AB421446F7D1EA
S2140188D011230D4A002001A90AF0F2FF002007B07B
S2140188E030BD0120094A01A90AF0EAFF234601AC7E
S2140188F0224618685968083303C2AB421446F7D1BA
S2140189001123024AE6E700BF75E4010079EB010096
S21401891030B50C46407887B001284FF011030DBFE3
S2140189200B4A0C4A012001A918BF01A90AF0C8FF89
S214018930234601AA05AD144603CCAC421860596023
S214018940224603F10803F6D1002007B030BD00BF70
S21401895075E4010079EB010010B50C4688B01A23C6
S2140189600C4A01A901200AF0ABFF21460DF10E03C6
S21401897004F1100251F8040B914243F8040BF9D1AB
S2140189801A230020034A01A90AF09AFF002008B022
S21401899010BD00BF24E10100F0B58BB004460D46C2
S2140189A022F0FBFCA8B101A813F082FE88B1667B19
S2140189B0271D16F0020F05D00822384601A903F03C
S2140189C011F8D0B901AB46F0020603CB60607960BE
S2140189D066731A230A4A03A901200AF071FF294681
S2140189E00DF116030DF1260253F8040B934241F8DC
S2140189F0040BF9D100200BB0F0BD2D20FBE700BF22
S214018A0024E10100F0B50546071D00220C46384654
S214018A10082193B022F053FC6A7B0646D0070BD59B
S214018A20687808A921F0E4F8DDF83D306B60DDF8E0
S214018A3041307B6080B10BE0910709D5D20001215E
S214018A40384602F0800221F0E0F8FF28687002D173
S214018A502D2013B0F0BDD6B1687801A921F05DF8DC
S214018A609DF81C305B0604D54FF4C6710A4826F003
S214018A7060FE234603AD07AC2A4603CAA24218602D
S214018A805960154603F10803F6D10020E1E708A96D
S214018A9021F0AEF8CEE700BFD05504002DE9F04135
S214018AA006468AB01F480F4615460024FFF730FDDC
S214018AB0002C01A914BF4FF05C0C4FF0360C1023AC
S214018AC08846184A12F8010B013B8CEA000013F0A5
S214018AD0FF0301F8010BF5D105A823F056FA42462B
S214018AE0102105A823F055FAC4B93946324605A81F
S214018AF023F0B7FA2A460DF1140C0DF1240E634645
S214018B0003CB7345106051609C4602F10802F6D112
S214018B1014B10AB0BDE8F0810124C9E72A46102144
S214018B20E5E700BF116500202DE9F04791460D46A7
S214018B30C0B09DF82041DDF828811E46DFF87CA0F4
S214018B409DF8243107462246494640468AF80030B9
S214018B5002F08CFD9DB12346324641463846FFF76A
S214018B6021FEB44207D9A11B3B46012289B208EB7C
S214018B700600FFF7CFFD002040B0BDE8F087A11B3F
S214018B803B46012289B208EB0600FFF7C3FD2246E9
S214018B904146684602F06AFD324669463846234633
S214018BA0FFF700FE9AF800200DEB040109EB040024
S214018BB002F018FF0028DED02C20DDE7486F0020E9
S214018BC038B50346104601F1100451F8045BA14282
S214018BD042F8045BF9D104491BB1FFF7D3FC00202E
S214018BE038BDFFF703FDFAE71165002030B50546ED
S214018BF089B0694620F006FE6B8804ACABB122460C
S214018C002946684620F09EFD0E4A08AD234603CB52
S214018C10AB42106051601C4602F10802F6D10948C9
S214018C20FFF76AFC002009B030BD6B46054D1A46B9
S214018C3003CAA24228606960134605F10805F6D109
S214018C40EDE700BF1165002050B10B4B0B4A03F155
S214018C50100153F8040B8B4242F8040BF9D170470C
S214018C60064B054A03F1100153F8040B8B4242F8F8
S214018C70040BF9D1704700BF11650020F164002094
S214018C8008B51022024802F0B3FB002008BD00BF61
S214018C900165002008B508461022024902F0A8FB2B
S214018CA0002008BD0165002010B5044686B001A964
S214018CB0114A112301200AF003FE9DF8143001A881
S214018CC0E37023F058FD80F001000C4A01A96070A2
S214018CD0112301200AF0F4FD9DF8143001A8A370B9
S214018CE023F049FD80F00100207012F06DF86060FD
S214018CF0002006B010BD00BF75E4010079EB01004D
S214018D0010B5044686B01123134A012001A90AF0C2
S214018D10D7FDA3789DF814209A4207D08DF8143019
S214018D20002011230C4A01A90AF0CAFD11230B4A9F
S214018D30012001A90AF0C4FDE3789DF814209A42A7
S214018D4007D08DF8143000201123044A01A90AF037
S214018D50B7FD06B010BD00BF79EB010075E4010058
S214018D602DE9F04186B0064603A80C4614F0EEFC49
S214018D70054600284AD1BDF80C30980646D5102283
S214018D802946204602F0E2FA01A813F091FCC0B190
S214018D90777B06F1040817F0020F06D0082240463A
S214018DA001A902F01FFE00282ED101AB47F00207F1
S214018DB003CB7060C8F804107773238843F0080368
S214018DC02380238843F00203238013F041F8606078
S214018DD022F0E3FA30B10E4B1B68A360238843F000
S214018DE0040323800B4B1A68D1035EBF238843F02C
S214018DF010032380130203D5238843F400632380E2
S214018E00284606B0BDE8F0812D25F9E72425F7E7C9
S214018E10A0480020A448002010B5D0E9023253F83B
S214018E20223090B01C6840226946204620F053FF4D
S214018E30034630B1224600200549FDF7C1FE10B0B9
S214018E4010BD012269460820FDF764FEF7E700BF62
S214018E506656040070B500F0B1F800280CBF6E220B
S214018E60792200201349FDF7ABFE00F0A7F8F0B118
S214018E7020F045FF00280CBF6E22792200200E4903
S214018E80FDF79EFE082200200C49FDF799FE0025FD
S214018E900B4C0C4E234654F8042C31460020033567
S214018EA0FDF78EFE182D04F10C04F3D170BD3F22A0
S214018EB0E4E700BF9E560400B5560400C5560400FC
S214018EC0C8490020E456040070B520F0FDFE0446B3
S214018ED021490020FDF774FE2CB92046BDE87040FC
S214018EE01E49FDF76DBE00F0BBF805461C4B6269D6
S214018EF00020002A08BF1A461A492668FDF760FEB8
S214018F00A28800201849FDF75BFE1849E288002078
S214018F10FDF756FEA388228913F010001ABF002021
S214018F2013491449FDF74CFEE26800201249FDF78B
S214018F3047FE226900201149FDF742FE104A114BF7
S214018F400020B6F5817F38BF13460F492A46BDE893
S214018F507040FDF735BE00BF1957040026570400C0
S214018F601626040047570400655704008657040078
S214018F70A3570400C0570400DE570400FC57040042
S214018F8011570400075704001A58040038B5014663
S214018F9000230C25084A05FB03F4A01814590134D4
S214018FA004D10C2202F024FA002038BD0133082B2C
S214018FB0F1D10120F9E700BFC4490020034B18781E
S214018FC0012894BF00200120704700BF23650020C0
S214018FD038B50446044D2878A04203D0214620F037
S214018FE053FE2C7038BD00BF2365002000B58FB03E
S214018FF03422002101A802F0A9F901A8EEF75CFDD0
S2140190000598D0B182680E4BB2F5803F34BF92B25C
S214019010C2F38F2241881A81028828BF41F01001CD
S2140190201A6042689980DA80C268DA6002691A6159
S21401903042695A61027E18461A760FB05DF804FB43
S21401904048490020054B1B7820B1012B04D802208B
S214019050FFF7BEBF012BFBD8704700BF236500207A
S21401906010B5084C237853B920F02EFE0123237047
S21401907028B10368B3F5817F24BF037E237020786F
S21401908010BD00BF2265002070B5184B1B78012B60
S2140190902BD820F0FCFD164D024616490020FDF7A0
S2140190A08FFD0120FFF7CEFF2E78FF2E1DD1FFF793
S2140190B09DFFC8B1848860223146C4F340040E483F
S2140190C02C7002F043F9602231460C4802F03EF95A
S2140190D05CB1FFF7C5FF042807D9BDE8704040F230
S2140190E02B11074826F025BB287070BD236500208C
S2140190F0496F00203D580400C449002064490020FF
S2140191004F5804002DE9F04FDFF884928DB003AB81
S21401911007468846144699E8070083E80700FFF7E4
S214019120B3FFFFF79DFF944B06461D784B46012D76
S21401913040F07081012840F27281B7FBF0F200FB2B
S2140191401272002A00F06B818C4900228B46D1F8FE
S21401915000C0BCF1FF3F04D0087A6044874200F0AB
S21401916019810132082A01F10C01F0D193E80700B8
S21401917006AE0DF1240A86E807008AE80700FFF725
S2140191806FFFB7FBF0FB00FB1B7BA0EB0B094A460E
S214019190414606460AA809978DF82C9002F066FA11
S2140191A000224FF00C0E764902E00132082A0ED05A
S2140191B00EFB02F000EB010C08580130F5D19AE8DD
S2140191C007008CE807006F490A7801320A70A1454A
S2140191D004DD4FF4E2716C4826F0ABFAA41B5C4444
S2140191E04F44A1B217FA84F4B4FBF6F206FB12421E
S2140191F0C8448E1A91B1A41A08EB060107A88DF887
S2140192002020069402F032FA06A8FFF7BFFEFF28D8
S21401921004D140F2D9115C4826F08BFAB6B2B6B149
S2140192200320FFF7D5FE802E0AD83246414657481E
S21401923002F01CFA32463846544920F030FD054605
S2140192400220FFF7C5FE28460DB0BDE8F08F0025C9
S214019250F9E74FF40E714C4826F06BFA464B1B7833
S214019260012B00F0E380002C36D00320FFF7B0FE80
S214019270802C2FD822464146444802F0F7F9224670
S2140192803846424920F00BFD05460220FFF7A0FEB6
S214019290DFF8F09099F8003093B1039CFFF7E0FEF9
S2140192A0374B002798461A68511C04D0197A411A80
S2140192B0521A944224D00137082F03F10C03F2D13D
S2140192C0002DC0D1039B0133C1D003A8FFF75EFE7A
S2140192D00546B8E70125D8E72546D9E740F26D21CE
S2140192E0294826F026FA012524E0012D30D0802ECB
S2140192F02FD832462549039820F0D1FC054628E0B0
S214019300002DA0D10C247C4308EB04039DF814A087
S21401931093F808B00AEB0B03802BDFDC1B4B52469D
S21401932004A9184602F0A2F9211D5A4641445044A8
S21401933002F09CF90C2303FB07839DF814201B7A8B
S21401934013449E42D1D040F273210F4826F0F1F922
S21401935001250220FFF73CFE99F8003013B1013BCE
S21401936089F800304FF0FF3308EB040248F8043068
S214019370C2E9013367E700BF496F0020C4490020F6
S21401938064490020216500204F580400C848002089
S21401939080A504004FF00C0A0AFB02B3187AA6EB6C
S2140193A000095FFA89F9A14501D35FFA84F90AFB3E
S2140193B002FA0AF1040528444A464146584402F096
S2140193C055F90BEB0A031A7AA4EB09044A44D2B204
S2140193D0B242A4B21A7219D103200193FFF7F8FD25
S2140193E032460BEB05015BF80A0020F058FC0546F7
S2140193F00220FFF7EDFD4FF0FF32019B4BF80A20EC
S214019400C3E90122002D7FF41EAFC844002C3FF4AF
S2140194101EAF4F44104B1B78012B7FF424AFB7FBD4
S214019420F6F306FB1373002B7FF413AFE319B3FBBC
S214019430F6F506FB1535002D3FF415AF641B5B1BD7
S21401944008EB04012A4604A80393A4B202F00EF91D
S2140194508DF8145007E700BF496F002070B5134B15
S2140194601B78012B0CD1FFF70FFE0026104D55F887
S214019470043C013306D10336182E05F10C05F6D14E
S214019480002411E00320FFF7A3FD55F8044CFFF775
S214019490E7FD29460246204620F001FC044602204C
S2140194A0FFF796FD002CE6D0204670BD496F0020E0
S2140194B0C849002070B505460C46FFF7E5FD0520B6
S2140194C0FFF786FD2146284620F0F7FB06460220D8
S2140194D0FFF77EFD00220A4B2C441968481C08D071
S2140194E0A94206D3A1423EBF4FF0FF31C3E90011A6
S2140194F099600332182A03F10C03EED1304670BD91
S214019500C4490020D0E9023253F8223010B51C6855
S214019510204600F095FA28B12146BDE810400248E1
S21401952000F002BE10BD00BFCD58040008B5D0E95A
S214019530023253F82230186800F06CF920B1BDE809
S2140195400840024800F0F0BD08BD00BFEF58040017
S2140195502DE9F041D0E9023253F8221003EB8203E1
S2140195605B680F681D789AB0642D04D96421114890
S21401957000F0DAFD64252A46384601A900F002F912
S214019580044698B90C4800F0CFFDDFF8348001AEF0
S214019590013DA54202DC1AB0BDE8F081391940460A
S2140195A016F8012B00F0C0FD0134F2E7034800F085
S2140195B0BBFDF0E712590400325904005C5904005F
S2140195C0495904002DE9F04700252D4FDFF8E080CA
S2140195D0DFF8E0908CB0284603A900F0EFF810B150
S2140195E00CB0BDE8F087049B2946039A00933846E1
S2140195F000F09AFD404600F097FD059910290CD819
S21401960010290CD8DFE801F00F14320B340B0B0BCA
S214019610360B0B0B0B0B0B0B3A0020292CD01948E1
S21401962000F082FD07E0184800F07EFD0135D2E724
S214019630164800F079FD0699484600F075FD079931
S214019640134800F071FD134800F06EFD1024DFF89A
S21401965068A00DF11F06504616F8011F013C00F0E8
S21401966063FD14F0FF04F6D10B48DDE70B48E0E795
S2140196700B48DEE70B48DCE70B48DAE70B48D8E790
S214019680775904001C5A0400CC590400DC59040024
S214019690425A04005A5A040016FF0300E459040013
S2140196A0EC590400F5590400005A0400175A040046
S2140196B0BB5904002B5A04006B5A040010B50B4C1E
S2140196C08EB023785BB9EEF771F9014650B90123E4
S2140196D001A82370EEF7F0F9054B049A1A6020787A
S2140196E00EB010BD034800F01FFDF8E7246500200A
S2140196F0084D0020715A040000B58FB0FFF7DEFF59
S214019700002829D001A8EEF7D7F9059B1448198837
S21401971000F00AFD059B13485969134B002908BF41
S214019720194600F001FD059B1048598800F0FCFC25
S214019730059B0F48196900F0F7FC059B0D48D96891
S21401974000F0F2FC059B0C48197E00F0EDFC0B4B7B
S2140197500B48196800F0E8FC0FB05DF804FB00BF89
S214019760AE5A0400C05A040016260400D25A040059
S214019770E65A0400FA5A04000E5B0400084D002065
S214019780225B040070B5064615460C4679B172B1E7
S214019790FFF794FF68B121462A463046EEF796FA5F
S2140197A0014618B1044800F0BFFC012070BD21201D
S2140197B0FCE71120FAE700BF345B040037B5054625
S2140197C00C46FFF77BFFE0B1114B1B68AB421AD981
S2140197D0CCB100212422204601F0B8FD21462846BE
S2140197E01BF0AEFB88B9284601AA04F10801EEF782
S2140197F01FFA20B140F20643C01A18BF012003B079
S21401980030BD1120FBE72120F9E70120F7E700BF73
S214019810084D0020F0B593B00546FFF74FFF00282E
S21401982045D0254B1A68AA4207D829462348013A4B
S21401983000F07AFC212013B0F0BD05A8EEF73CF944
S214019840284603A91BF07CFB98BB049A22F4FF5719
S214019850C2F30C0327F01F072BB14FF40053294620
S214019860174800F061FC039E7FB125F06FFF30467C
S2140198704FF40051EEF7B6FA3346044606F50056A5
S21401988050B9039BF31ABB42EFD32A4639460D481B
S21401989000F04AFC002406E000902A464FF40051EE
S2140198A0094800F041FC201E18BF0120C3E7112023
S2140198B0C1E70120BFE700BF084D0020625B04003E
S2140198C0105C0400CF5C04007E5C040010B5044606
S2140198D038B1FFF7F3FE30B10020044B1B6823605C
S2140198E010BD2120FCE71120FAE700BF084D00203B
S2140198F010B50446FFF7E2FEB0B10C4B1A68A2425F
S21401990006D821460A48013A00F00EFC212010BD77
S21401991025F01CFF40F2C12220460649EEF748F921
S214019920003818BF0120F2E71120F0E7084D0020AB
S214019930625B0400444A002010B50446FFF7BEFEF1
S21401994070B121460848EEF753F940F203239842D6
S21401995008D040F2012398420CBF0520012010BD1B
S2140199601120FCE70020FAE7444A00202DE9F041E7
S2140199702D4D04462F68FFF7A1FE002851D0296817
S214019980A14207D84A1E2948214600F0CDFB2120D6
S214019990BDE8F0812648EEF7EBF8DFF89480024642
S2140199A0B0B943462E68964222D1BE4214BF3A460B
S2140199B006F1FF3212BB31461D48C8F80040EEF7EB
S2140199C0B7F8014600B31B4800F0AEFB0120DFE705
S2140199D02046EEF78DF8044638B10146164800F0E9
S2140199E0A3FB201E18BF0120D2E7EDF7DDFEF8E746
S2140199F053F8041B8C42DDD00132D4E70C499200A7
S214019A00081D01F0F5FCD6E729680948EEF7B0F81D
S214019A10044610B101460948D6E7EDF7C5FE2046D3
S214019A20B6E71120B4E700BF084D0020625B0400D2
S214019A30244A0020155D0400EB5C0400485D040028
S214019A40F8B50446FFF73AFE002845D0234B1A68BE
S214019A50A24207D821462248013A00F065FB21249C
S214019A602046F8BD1F4800F05FFB25F06FFE40F270
S214019A70C1221D492046EEF79BF840F20327054612
S214019A8025F064FE184E65B140F203239D421AD0BC
S214019A902946164800F048FB0124154800F044FB0F
S214019AA0DEE725F053FE29463046EEF7A1F8B84228
S214019AB009D040F20123984203D10E4800F034FB4E
S214019AC0E1E70546DFE721460B4800F02DFB20467F
S214019AD0FFF74CFF0446E0E71124C1E7084D0020DC
S214019AE0625B04007F5D0400444A00209F5D040021
S214019AF016FF030022320400B75D040010B50A46C3
S214019B00044619B1024B00211B68984710BD00BFDF
S214019B108CA5040010B5114C2378580744BF23F0D8
S214019B20040323702378990705D500F05DF82378A0
S214019B3023F00203237063781BB10023084A636095
S214019B4053600023082106486370FFF7D7FF237888
S214019B50DA0744BF23F00103237010BD0C4D00202B
S214019B60104D002038B51A4C62782378022A01D1AC
S214019B70072B11D0DD0712D52378980707D400F0FC
S214019B802BF82378054643F00203237080B96278E8
S214019B90237882B15A0716D50025284638BD1CF011
S214019BA091F92378054643F0010323700028E3D09A
S214019BB0FFF7B0FFF1E7D907ECD5064962604A60C6
S214019BC002226270E6E743F004032370E4E700BF75
S214019BD00C4D0020104D00200122024B002083F87E
S214019BE0F0207047184D00202DE9F0410A4C002561
S214019BF026464FF0010803272046C4F81C80277626
S214019C00013520F0A7F8062D04F12804F4D100232D
S214019C1086F8F030BDE8F081184D00202DE9F04FB0
S214019C20984691B00B1E0A93B44B914614BF8346D7
S214019C309B4600251A9E98F8000070B94D4538BF1E
S214019C402A464B464FF000000A9928BF09F1FF3219
S214019C50D847284611B0BDE8F08F252808F101083D
S214019C6006D02A464B460A996C1CD8472546E2E799
S214019C700023414611F8012B2B2A16D00AD8202A98
S214019C8016D0232A17D0A2F13000092834D800278D
S214019C900A2418E02D2A05D0302AF4D143F0010316
S214019CA08846E6E743F00203FAE743F00403F7E7E2
S214019CB043F00803F4E743F01003F1E7884604FB9A
S214019CC00722A2F13007414611F8012BA2F130001C
S214019CD00928F3D998F800202E2A52D198F80110B5
S214019CE008F10102A1F13000092843F480633ED84F
S214019CF000244FF00A0E11E02A2A08D156F8047BF8
S214019D008846002FBCBF43F002037F42E2E70027EC
S214019D10E0E702460EFB0411A1F13004104610F8EC
S214019D20011BA1F1300CBCF1090FF2D99046424655
S214019D3012F8011B6C292DD025D8682933D06A2941
S214019D403BD04246904618F8010B672860D8572842
S214019D5036D8452808D084D9462800F018814728E7
S214019D607FF47FAF43F4006343F0200327E12A2901
S214019D7006D156F8044B08F1020824EAE474D6E743
S214019D8090460024D3E7742901D07A29D9D143F427
S214019D908073D7E798F801106C29F8D143F4407323
S214019DA008F10202CEE798F80110682902D043F0C4
S214019DB08003C7E743F0C003F2E743F40073C1E74B
S214019DC0A0F158020F2A3FF64CAF01A151F822F03C
S214019DD0719E0100639C0100639C0100639C01006D
S214019DE0639C0100639C0100639C0100639C01006D
S214019DF0639C0100639C0100719E0100DD9F0100D0
S214019E00719E0100B39F0100939F0100B39F010063
S214019E10A0F16901C9B20F293FF623AF012249F229
S214019E20410C8A4012EA0C0218D10A2900F0158169
S214019E3007297FF416AF43F0210305930823CDE9E4
S214019E4003431023CDE9012356F8043B2A46009329
S214019E5058464B460A9920F06DF8A8E06F2800F0A6
S214019E605E8110D9782808D1102223F00C0310E067
S214019E70582839D0622800F054810A2223F01003B2
S214019E80642806D0F1E769284FF00A0223F0100390
S214019E90F6D1590548BF23F00103692803F4007180
S214019EA001D0642840D111B3073626F00706B24622
S214019EB070685AF8081BCDE9077300230593C30F92
S214019EC00028029306940B46049202DA4B4260EB9A
S214019ED04000CDE900304B462A4658460A9920F004
S214019EE06BF805465646A6E643F02003BCE7D905BF
S214019EF006F1040A04D5316805E000BF979D03000A
S214019F0058060CD53178CDE90224CDE90473002931
S214019F104FEAD1730193B8BF4942009120E0190678
S214019F20E9D5B6F90010EEE779B1CDE9077300235C
S214019F30CDE9042306F1070A2AF0070A06940293DC
S214019F40FAE80223CDE90023C5E7D80506F1040A9D
S214019F500DD5CDE90473CDE9022401913368009350
S214019F604B462A4658460A991FF0E4FFB9E75906B8
S214019F7007D53178CDE904730023CDE90224019396
S214019F80CBE7316813F0800F18BF89B2F2E743F0D0
S214019F902003CDE90173073626F007060094B6ECD8
S214019FA0020B4B462A4658460A99EAF7F1FB054644
S214019FB041E600F0DF00472801D143F40063CDE914
S214019FC00173073626F007060094B6EC020B4B46E3
S214019FD02A4658460A99EAF71FFAE8E713F00204F8
S214019FE026D04FF0010A6B1C0B932A464B460A9962
S214019FF016F8040BD84774B354460B9A21E04B4627
S21401A00020200A99D8470AEB05020AF1010A5745AA
S21401A010F5D83A1E18BF0122002A07F1FF3308BF00
S21401A020002307F1010A1D4408BF4FF0020ADAE7D0
S21401A030A246E8E7551C4B4620200A99D8472A46EF
S21401A0400134BC42F6D3A7EB0A03574538BF0023B9
S21401A0500B9A1A440B920B9DEDE53246002C52F8F2
S21401A060046B14BF21464FF0FF310B923246314448
S21401A070107808B1914211D1A2EB060A13F480625E
S21401A0800C9202D0A24528BFA24613F002030D93FC
S21401A0901BD1AAEB05032A460F9308E00132E7E736
S21401A0A0531C0E9320204B460A99D8470E9A0F9BB5
S21401A0B0D318BB42F4D3A7EB0A03574538BF002396
S21401A0C00AF101021D4403EB020AAB1B0E9304E0E6
S21401A0D01C464B462A460A99D8470E9BF51816F891
S21401A0E0010B28B10C9B002BF3D0631E002CEFD183
S21401A0F00D9B93B12A46AAEB050405E0561C4B4678
S21401A10020200A99D84732461319BB42F6D3A7EB4B
S21401A1100A03574538BF00231D440B9E8BE50822D2
S21401A120A3E60222A1E600BF0FB41FB506AA52F8A5
S21401A130043B02A90392009204484FF0FF32FFF756
S21401A1406DFD05B05DF804EB04B0704759A003003F
S21401A1501FB5034600914FF0FF3203A90248FFF7EF
S21401A1605DFD05B05DF804FB59A003001FB5CDE900
S21401A1700201009302A9134603484FF0FF32FFF78E
S21401A1804DFD05B05DF804FB61A003001FB5094B4A
S21401A190094A1868094B01A91860094B1360094A56
S21401A1A00192094A1268CDE902231BF032FF05B07D
S21401A1B05DF804FB686B0020E03D0020E43D0020D4
S21401A1C05C6B002020940400C8500020014B1868E6
S21401A1D01BF033BF686B002038B5F2F767F804460A
S21401A1E0064D2B68D3F8B002F2F754F828681BF036
S21401A1F037FF2046BDE83840F2F74CB8686B0020C0
S21401A20010B51F4CF0F728F9236F012023F0070340
S21401A21043F002032367F0F72DF9D4F8203100202C
S21401A22023F0070343F00103C4F82031D4F840318A
S21401A23023F0030343F00103C4F84031D4F860313E
S21401A24023F0030343F00103C4F86031D4F840322D
S21401A25023F0030343F00103C4F84032D4F800327C
S21401A26023F0070343F00103C4F80032D4F80832A0
S21401A27023F0070343F00103C4F8083210BD00BF02
S21401A28000800050064B1B681A7A022A01D81AB9B8
S21401A2907047032A00D070471B68024A1360704754
S21401A2A06C6B0020C85000200022024B5A60DA6016
S21401A2B01A607047CC50002008B501F037FF002225
S21401A2C0014B1A7008BD00BF256500200A460149EA
S21401A2D01FF030BFA9BD04000A4601491FF02ABF7E
S21401A2E0A4BD04000A4601491FF024BF9DBD040019
S21401A2F00A4601491FF01EBF9ABD04000A460149DD
S21401A3001FF018BF97BD04000A4601491FF012BF8F
S21401A31092BD04000A4601491FF00CBF8DBD040022
S21401A3200A4601491FF006BF88BD04000A460149D6
S21401A3301FF000BF81BD040081F0004102E000BFB4
S21401A34083F0004330B54FEA41044FEA430594EAEF
S21401A350050F08BF90EA020F1FBF54EA000C55EA2A
S21401A360020C7FEA645C7FEA655C00F0E2804FEAFB
S21401A3705454D4EB5555B8BF6D420CDD2C4480EADD
S21401A380020281EA030382EA000083EA010180EA0D
S21401A390020281EA0303362D88BF30BD11F0004F5B
S21401A3A04FEA01314FF4801C4CEA113102D0404291
S21401A3B061EB410113F0004F4FEA03334CEA1333CC
S21401A3C002D0524263EB430394EA050F00F0A780E4
S21401A3D0A4F10104D5F1200E0DDB02FA0EFC22FADF
S21401A3E005F2801841F1000103FA0EF2801843FAD3
S21401A3F005F359410EE0A5F120050EF1200E012AC4
S21401A40003FA0EFC28BF4CF0020C43FA05F3C01801
S21401A41051EBE37101F0004507D54FF0000EDCF17A
S21401A420000C7EEB00006EEB0101B1F5801F1BD323
S21401A430B1F5001F0CD349085FEA30004FEA3C0C27
S21401A44004F101044FEA445212F5800F80F09A801D
S21401A450BCF1004F08BF5FEA500C50F1000041EB21
S21401A460045141EA050130BD5FEA4C0C404141EB25
S21401A4700101013C28BFB1F5801FE9D291F0000F20
S21401A48004BF01460020B1FA81F308BF2033A3F1CF
S21401A4900B03B3F120020CDA0C3208DD02F1140CC6
S21401A4A0C2F10C0201FA0CF021FA02F10CE002F101
S21401A4B01402D8BFC2F1200C01FA02F120FA0CFCFA
S21401A4C0DCBF41EA0C019040E41AA2BF01EB045143
S21401A4D0294330BD6FEA04041F3C1CDA0C340EDC41
S21401A4E004F11404C4F1200220FA04F001FA02F384
S21401A4F040EA030021FA04F345EA030130BDC4F142
S21401A5000C04C4F1200220FA02F001FA04F340EA36
S21401A5100300294630BD21FA04F0294630BD94F0E7
S21401A520000F83F4801306BF81F480110134013DCE
S21401A5304EE77FEA645C18BF7FEA655C29D094EA3F
S21401A540050F08BF90EA020F05D054EA000C04BFBD
S21401A5501946104630BD91EA030F1EBF00210020A8
S21401A56030BD5FEA545C05D14000494128BF41F047
S21401A570004130BD14F580043CBF01F5801130BDAB
S21401A58001F0004545F0FE4141F470014FF0000036
S21401A59030BD7FEA645C1ABF194610467FEA655CE7
S21401A5A01CBF0B46024650EA013406BF52EA033589
S21401A5B091EA030F41F4002130BD00BF90F0000F77
S21401A5C004BF0021704730B54FF4806404F13204B3
S21401A5D04FF000054FF0000150E700BF90F0000F6C
S21401A5E004BF0021704730B54FF4806404F1320493
S21401A5F010F0004548BF40424FF000013EE700BF63
S21401A60042004FEAE2014FEA31014FEA02701FBFF2
S21401A61012F07F4393F07F4F81F06051704732F024
S21401A6207F4208BF704793F07F4F04BF41F400217B
S21401A630704730B54FF4607401F0004521F00041D9
S21401A6401CE700BF50EA010208BF704730B54FF063
S21401A65000050AE050EA010208BF704730B511F064
S21401A660004502D5404261EB41014FF4806404F19C
S21401A67032045FEA915C3FF4D8AE4FF003025FEA22
S21401A680DC0C18BF03325FEADC0C18BF033202EBA6
S21401A690DC02C2F1200300FA03FC20FA02F001FA00
S21401A6A003FE40EA0E0021FA02F11444BDE600BFA3
S21401A6B070B54FF0FF0C4CF4E06C1CEA11541DBF52
S21401A6C01CEA135594EA0C0F95EA0C0F00F0DEF81D
S21401A6D02C4481EA030621EA4C5123EA4C5350EA02
S21401A6E0013518BF52EA033541F4801143F4801353
S21401A6F038D0A0FB02CE4FF00005E1FB02E506F0E4
S21401A7000042E0FB03E54FF00006E1FB03569CF038
S21401A710000F18BF4EF0010EA4F1FF04B6F5007F3E
S21401A72064F5407404D25FEA4E0E6D4146EB0606B0
S21401A73042EAC62141EA55514FEAC52040EA5E5039
S21401A7404FEACE2EB4F1FD0C88BFBCF5E06F1ED8E3
S21401A750BEF1004F08BF5FEA500E50F1000041EB1A
S21401A760045170BD06F0004646EA010140EA0200C7
S21401A77081EA0301B4EB5C04C2BFD4EB0C0541EAE9
S21401A780045170BD41F480114FF0000E013C00F3FE
S21401A790AB8014F1360FDEBF002001F0004170BD22
S21401A7A0C4F10004203C35DA0C341BDC04F114043B
S21401A7B0C4F1200500FA05F320FA04F001FA05F2C7
S21401A7C040EA020001F0004221F0004110EBD37094
S21401A7D021FA04F642EB06015EEA430E08BF20EAC0
S21401A7E0D37070BDC4F10C04C4F1200500FA04F363
S21401A7F020FA05F001FA04F240EA020001F00041F5
S21401A80010EBD37041F100015EEA430E08BF20EA67
S21401A810D37070BDC4F1200500FA05F24EEA020EAF
S21401A82020FA04F301FA05F243EA020321FA04F0DE
S21401A83001F0004121FA04F220EA020000EBD37095
S21401A8405EEA430E08BF20EAD37070BD94F0000F95
S21401A8500FD101F00046400041EB010111F4801FC9
S21401A86008BF013CF7D041EA060195F0000F18BF7A
S21401A870704703F00046520043EB030313F4801FB6
S21401A88008BF013DF7D043EA0603704794EA0C0F70
S21401A8900CEA135518BF95EA0C0F0CD050EA410686
S21401A8A018BF52EA4306D1D181EA030101F0004103
S21401A8B04FF0000070BD50EA410606BF104619462B
S21401A8C052EA430619D094EA0C0F02D150EA013637
S21401A8D013D195EA0C0F05D152EA03361CBF104678
S21401A8E019460AD181EA030101F0004141F0FE4117
S21401A8F041F470014FF0000070BD41F0FE4141F49B
S21401A900780170BD70B54FF0FF0C4CF4E06C1CEA9A
S21401A91011541DBF1CEA135594EA0C0F95EA0C0F4F
S21401A92000F0A7F8A4EB050481EA030E52EA03350A
S21401A9304FEA013100F088804FEA03334FF080552B
S21401A94045EA131343EA12634FEA022245EA111558
S21401A95045EA10654FEA00260EF000419D4208BF09
S21401A960964244F1FD0404F5407402D25B084FEAB6
S21401A9703202B61A65EB03055B084FEA32024FF462
S21401A98080104FF4002CB6EB020E75EB030E22BFBF
S21401A990B61A754640EA0C005B084FEA3202B6EB7F
S21401A9A0020E75EB030E22BFB61A754640EA5C002E
S21401A9B05B084FEA3202B6EB020E75EB030E22BFBE
S21401A9C0B61A754640EA9C005B084FEA3202B6EBBF
S21401A9D0020E75EB030E22BFB61A754640EADC007E
S21401A9E055EA060E18D04FEA051545EA16754FEAE0
S21401A9F006164FEAC30343EA52734FEAC2025FEAFE
S21401AA001C1CC0D111F4801F0BD141EA00014FF08C
S21401AA1000004FF0004CB6E711F4801F04BF01435D
S21401AA200020B4F1FD0C88BFBCF5E06F3FF6AFAE79
S21401AA30B5EB030C04BFB6EB020C5FEA500C50F109
S21401AA40000041EB045170BD0EF0004E4EEA11318C
S21401AA5014EB5C04C2BFD4EB0C0541EA045170BD93
S21401AA6041F480114FF0000E013C90E645EA060ED7
S21401AA708DE60CEA135594EA0C0F08BF95EA0C0F05
S21401AA803FF43BAF94EA0C0F0AD150EA01347FF44D
S21401AA9034AF95EA0C0F7FF425AF104619462CE724
S21401AAA095EA0C0F06D152EA03353FF4FDAE104687
S21401AAB0194622E750EA410618BF52EA43067FF4D8
S21401AAC0C5AE50EA41047FF40DAF52EA43057FF468
S21401AAD0EBAE12E74FF0FF3C06E000BF4FF0010C73
S21401AAE002E000BF4FF0010C4DF804CD4FEA410CD7
S21401AAF07FEA6C5C4FEA430C18BF7FEA6C5C1BD0A4
S21401AB0001B050EA410C0CBF52EA430C91EA030F24
S21401AB1002BF90EA020F0020704710F1000F91EA81
S21401AB20030F58BF994208BF90422CBFD8176FEA4F
S21401AB30E37040F0010070474FEA410C7FEA6C5C1D
S21401AB4002D150EA013C07D14FEA430C7FEA6C5C24
S21401AB50D6D152EA033CD3D05DF8040B704700BF50
S21401AB608446104662468C461946634600E000BF9E
S21401AB7001B5FFF7B7FF002848BF10F1000F01BD70
S21401AB804DF808EDFFF7F4FF0CBF012000205DF83B
S21401AB9008FB00BF4DF808EDFFF7EAFF34BF0120C0
S21401ABA000205DF808FB00BF4DF808EDFFF7E0FF59
S21401ABB094BF012000205DF808FB00BF4DF808EDAA
S21401ABC0FFF7CEFF94BF012000205DF808FB00BF11
S21401ABD04DF808EDFFF7C4FF34BF012000205DF8F3
S21401ABE008FB00BF4FEA410212F5001215D211D53B
S21401ABF06FF47873B3EB625212D94FEAC12343F074
S21401AC00004343EA505311F0004F23FA02F018BFF5
S21401AC10404270474FF00000704750EA013005D1BE
S21401AC2011F0004008BF6FF0004070474FF0000081
S21401AC30704700BF4A0011D212F5001211D20DD58D
S21401AC406FF47873B3EB62520ED44FEAC12343F02C
S21401AC50004343EA505323FA02F070474FF00000D6
S21401AC60704750EA013002D14FF0FF3070474FF085
S21401AC700000704753B94AB9002908BF00281CBF15
S21401AC804FF0FF314FF0FF3000F08CB9ADF1080CFA
S21401AC906DE904CE00F006F8DDF804E0DDE90223F4
S21401ACA004B070472DE9F04F099D0E4604460F4645
S21401ACB0002B47D18A429446B2FA82F35AD943B15D
S21401ACC002FA03FCC3F120029F409C4020FA02F2E4
S21401ACD017434FEA1C461FFA8CFE220CB7FBF6F10F
S21401ACE006FB117701FB0EF042EA0742904208D9B3
S21401ACF01CEB020201F1FF3702D2904200F23C81C6
S21401AD003946121AA4B2B2FBF6F006FB102200FB7B
S21401AD100EFE44EA0244A64508D91CEB040400F1E1
S21401AD20FF3202D2A64500F22A81104640EA0140CF
S21401AD30A4EB0E0400211DB1DC400023C5E900434D
S21401AD40BDE8F08F8B4205D90DB1C5E900010021A0
S21401AD500846F5E7B3FA83F100294FD1B342C0F0B4
S21401AD600281824240F2FF800846002DE8D0C5E904
S21401AD700047E5E7002B40F0AF808A1A4FEA1C4EE9
S21401AD801FFA8CF70121B2FBFEF60EFB1620220CF1
S21401AD9042EA004207FB06F090420FD91CEB020282
S21401ADA006F1FF382CBF4FF001094FF00009904221
S21401ADB003D9B9F1000F00F0DC804646121AA4B29E
S21401ADC0B2FBFEF00EFB102200FB07F744EA02443A
S21401ADD0A7420FD91CEB040400F1FF322CBF4FF041
S21401ADE0010E4FF0000EA74203D9BEF1000F00F08E
S21401ADF0C9801046E41B40EA06409CE7C1F12004E6
S21401AE008B4006FA01FC00FA01FE22FA04F7E6403E
S21401AE108A401F4320FA04F34FEA174843EA0C031B
S21401AE201FFA87FC4FEA1349B6FBF8F008FB1066D9
S21401AE3049EA064600FB0CF9B1450ED9BE1900F1E8
S21401AE40FF3A2CBF4FF0010B4FF0000BB14503D971
S21401AE50BBF1000F00F0A2805046A6EB09061FFAD0
S21401AE6083F9B6FBF8F308FB136603FB0CFC49EA0F
S21401AE700646B4450ED9BE1903F1FF382CBF4FF074
S21401AE8001094FF00009B44503D9B9F1000F00F0EC
S21401AE908280434643EA0040A6EB0C06A0FB028CE8
S21401AEA066454346E14602D307D1C64505D2B8EB0F
S21401AEB002036CEB070C0138E1465DB1BEEB030201
S21401AEC066EB090606FA04F422FA01F3CE401C43A7
S21401AED0C5E90046002133E702FA03FCC3F120026C
S21401AEE099409C40D6404FEA1C4E20FA02F21FFAC7
S21401AEF08CF7B6FBFEF00A430EFB1066110C41EA16
S21401AF00064100FB07F68E420ED91CEB010100F14B
S21401AF10FF382CBF4FF001094FF000098E4202D9CD
S21401AF20B9F1000F34D04046891B92B2B1FBFEF650
S21401AF300EFB161142EA014206FB07F191420ED9B9
S21401AF401CEB020206F1FF382CBF4FF001094FF04F
S21401AF500009914202D9B9F1000F16D04646521A9D
S21401AF6046EA00410FE7841A66EB03020120174602
S21401AF70FBE6023E624421E702396244C1E66444CC
S21401AF800238D3E66444023834E7023E6244E6E718
S21401AF9002386144C8E7023B3E447BE702383E4440
S21401AFA05BE700BF704700BF2DE9F04F924685B0C2
S21401AFB089461E460D46554A0390294615F8014B0B
S21401AFC0135D13F00803F8D12D2C7CD02B2C4ED01A
S21401AFD04FF0FF3102936FF00043CDE9001336F0D6
S21401AFE0100851D037464FEAE6783A464346DDE93F
S21401AFF00001FFF73FFE002383468E46184619469A
S21401B000A44613E0ACF13704A6421FDD002B09DB92
S21401B01083457EEB010305D38E4508BF83453BD1AF
S21401B020A24239DA4FF0FF3315F801CBACF1300408
S21401B030092CE9D9ACF14104192CE3D9ACF161042E
S21401B040192C03D8ACF15704A642DFDC5A1C2FD0CA
S21401B050029A12B1404261EB4101BAF1000F03D0EE
S21401B060002B48D1CAF8009005B0BDE8F08F4FF02C
S21401B070FF30029336F010086FF000432C7801F190
S21401B0800205CDE90003ADD1302C25D0002E3AD1F2
S21401B0900A27B0463E46A8E700FB08F307FB013344
S21401B0A0A0FB07010B44201843EBE4710123BBE727
S21401B0B02223039A1360BAF1000F17D005F1FF3966
S21401B0C0DDE90001CEE74FF00047009301232C781D
S21401B0D08D1CCDE9017382E72B7803F0DF03582B33
S21401B0E00CD086B90827B0463E467EE7DDE900016A
S21401B0F005B0BDE8F08FCDE90001DFE710276C78D9
S21401B10002353E4671E710273E466EE7B1BD0400A4
S21401B1104AE700BF10B4044C13460A4601462068AD
S21401B1205DF8044B40E700BF9C6B002010B4044C54
S21401B13013460A46014620685DF8044B34E700BF13
S21401B1409C6B002020F0030110F00300C0F100000A
S21401B15051F8043B00F1040C4FEACC0C6FF00002EE
S21401B1601CBF22FA0CF213434FF0010C4CEA0C2CD4
S21401B1704CEA0C4CA3EB0C0222EA030212EACC12B4
S21401B18004BF51F8043B0430F4D0C2F1000102EAD6
S21401B1900102B2FA82F2C2F11F0200EBD20070473E
S21401B1A02DE9F04780460C464548264614F801EB43
S21401B1B010F80EC01CF0080CF7D1BEF12D0F5BD0B5
S21401B1C0BEF12B0F3AD0654633F010003ED04FF05B
S21401B1D0FF379A46B7FBF3F703FB07F96FEA09094E
S21401B1E0002630460EE0AEF1370C63451DDD002E1D
S21401B1F004DBB84202D833D1CC4531DD4FF0FF36FF
S21401B20014F801EBAEF1300CBCF1090FEDD9AEF13B
S21401B210410CBCF1190FE6D9AEF1610CBCF1190F66
S21401B22003D8AEF1570C6345E1DC731C1CD005B1A5
S21401B23040420AB1F6B91160BDE8F08733F010005C
S21401B24094F800E0654606F10204C0D1BEF1300F65
S21401B25017D06BBB0A234FF005091A4F9A46BFE772
S21401B26000FB0AC00126CBE722233046C8F800308F
S21401B270002AE1D0611EDEE794F800E00125B41C47
S21401B280A2E7207800F0DF00582807D083B908230A
S21401B2904FF007096FF060479A46A1E7102394F82C
S21401B2A001E04FF00F0902346FF070479A4697E7B6
S21401B2B010234FF00F096FF070479A4690E700BFD2
S21401B2C0B1BD0400999999196AE700BF10B4044CFE
S21401B2D013460A46014620685DF8044B60E700BF46
S21401B2E09C6B002010B4044C13460A4601462068A5
S21401B2F05DF8044B54E700BF9C6B00200F4B70B504
S21401B3000F4DAB42A3EB050607D0B610002401345F
S21401B31055F8043B9847A642F9D80A4D24F010FC8C
S21401B320094B5E1BAB424FEAA60606D00024013449
S21401B33055F8043B9847A642F9D870BD806F0020A7
S21401B340806F0020806F0020846F002070B5860714
S21401B35047D0541E002A3ED0CAB2034601E0013C43
S21401B36039D303F8012B9D07F9D1032C2CD9CDB283
S21401B3700F2C05EB052505EB054535D9A4F1100C79
S21401B38003F1100E1A462CF00F064FEA1C1CB644A9
S21401B390C2E90055C2E9025510327245F8D10CF1E6
S21401B3A0010214F00C0F04F00F0C03EB021213D081
S21401B3B0ACF1040323F003030433134442F8045BA3
S21401B3C09342FBD10CF003042CB1C9B21C4403F820
S21401B3D0011BA342FBD170BD64461346002CF4D179
S21401B3E0F9E703461446C0E71A46A446E0E700BF5D
S21401B3F088420ED98B1883420BD900EB020C002A27
S21401B4006ED0624613F801CD994202F801CDF9D10A
S21401B41070470F2A0FD8034602F1FF3C002A5FD07F
S21401B4200CF1010C013B8C4411F8012B614503F82A
S21401B430012FF9D1704740EA01039B0751D1A2F1D0
S21401B440100301F1200C70B523F00F0501F1100E69
S21401B45000F110041B09AC445EF8105C0EF1100EEE
S21401B460103444F8205C5EF81C5C44F81C5C5EF802
S21401B470185C44F8185C5EF8145CE64544F8145C05
S21401B480EAD1013312F00C0F02F00F0C01EB03119D
S21401B49000EB031329D0ACF1040C1C1F8E462CF0D4
S21401B4A003064FEA9C0C1E445EF8045B44F8045FF6
S21401B4B0B442F9D10CF1010402F0030203EB840358
S21401B4C001EB840102F1FF3C4AB10CF1010C013B96
S21401B4D08C4411F8012B614503F8012FF9D170BD99
S21401B4E0704702F1FF3C03469AE76246EAE700BF6F
S21401B4F02DE9F04F82468E463F4875461EF801BB41
S21401B50010F80B4014F00804F7D1BBF12D0F5BD0F7
S21401B510BBF12B0F6FF0004904BF9EF800B005F198
S21401B520020E33F0100010D1BBF1300F04D0002B07
S21401B5305ED10A231F4609E09EF8000000F0DF00F6
S21401B54058284ED0002B53D108231F460025B9FB9F
S21401B550F7F6284607FB16980EE0ABF1370C634565
S21401B5601DDD002D04DB864202D321D1E0451FDA22
S21401B5704FF0FF351EF801BBABF1300CBCF1090FE3
S21401B580EDD9ABF1410CBCF1190FE6D9ABF1610C69
S21401B590BCF1190F03D8ABF1570C6345E1DC6B1C0A
S21401B5A00AD004B140420AB1CDB91160BDE8F08FAE
S21401B5B007FB00C00125DDE72223CAF800305AB197
S21401B5C00EF1FF314846F0E79EF800B04FF0004913
S21401B5D005F1020E0124A4E74846BDE8F08F814636
S21401B5E0EEE710239EF801B00EF1020E1F46ADE7FE
S21401B5F010231F46AAE700BFB1BD0400242B02D8C2
S21401B600012B00D074E710B500F02EFA1623036064
S21401B610002010BD10B5242A084C1346246807D80C
S21401B620012A05D00A4601462046BDE810405FE7DC
S21401B63000F01AFA16230360002010BD9C6B002050
S21401B64010B5242A084C1346246807D8012A05D0C9
S21401B6500A4601462046BDE8104049E700F004FAD4
S21401B66016230360002010BD9C6B0020844641EA2F
S21401B670000313F0030349D1403A23D30B68036058
S21401B6804B6843608B688360CB68C3600B6903615A
S21401B6904B6943618B698361CB69C3610B6A036242
S21401B6A04B6A43628B6A8362CB6AC3620B6B03632A
S21401B6B04B6B43638B6B8363CB6BC363403040310F
S21401B6C0403ADBD230320BD30B6803604B684360E1
S21401B6D08B688360CB68C36010301031103AF3D2A8
S21401B6E00C3205D351F8043B40F8043B043AF9D236
S21401B6F0043208D0D2071CBF11F8013B00F8013B09
S21401B70001D30B8803806046704700BF082A13D315
S21401B7108B07B1D010F00303AED0C3F10403D21AE5
S21401B720DB071CBF11F8013B00F8013BA4D331F83D
S21401B730023B20F8023B9FE7043AD9D3013A11F8BD
S21401B740013B00F8013BF9D20B7803704B7843704C
S21401B7508B78837060467047024B014618681BF071
S21401B7603EBA00BF9C6B0020024B014618681BF0D6
S21401B77039BA00BF9C6B0020CAB384460B4630B56D
S21401B78004460843800719D09CF800000C78A042B4
S21401B79012D150B3012A28D0E64603E01CEB030F72
S21401B7A023D010B31EF8010F11F8014FA2EB0E03C0
S21401B7B0A04203F1FF33F1D0001B30BD032A07D8A6
S21401B7C0E2E7043A11D01EF0803F0ED1032A10D9C9
S21401B7D02068194653F8045BA446A0F1013E0434E0
S21401B7E0A8422EEA000EECD0CEE7002030BD10466F
S21401B7F07047A4461946C7E780EA010C1CF0030F00
S21401B80037D110F0030C20F0030021F0030150F8AB
S21401B810042B08BF51F8043B0ED08CF0030C6FF0DC
S21401B8207F434FEACC0C23FA0CFC51F8043B42EA66
S21401B8300C0243EA0C0300BFA2F1013C9A4201BF8D
S21401B8402CEA020C1CF0803F50F8042B51F8043B04
S21401B850F2D04FEA02604FEA1222012828BFB0EB6D
S21401B860036F08BF1B0AF4D003F0FF03000EC01AD3
S21401B870704710F0030F0AD010F8012B11F8013BA6
S21401B880012A28BF9A42F4D0A2EB030070474DF874
S21401B890045D50F8042B01F0030521F0030151F873
S21401B8A0043B022D26D04DD822F07F45B5EB132F51
S21401B8B0A2F1013C2CEA020C0DD11CF0803C08BF21
S21401B8C051F8043B0AD185EA0205B5EB036F0CD1AA
S21401B8D050F8042BE8E74FEA13235BE03CF07F4C7B
S21401B8E054D10B784FEA126554E04FEA126503F023
S21401B8F0FF034FE04FEA0245A2F1013C4FEA15452E
S21401B9002CEA020CB5EB134F18D11CF0803C08BF93
S21401B91051F8043B07D185EA0205B5EB034F09D17F
S21401B92050F8042BE6E75FEA0C4C2FD10B884FEA60
S21401B93012452FE04FEA03434FEA12454FEA1343FD
S21401B94028E000BF02F0FF05B5EB136FA2F1013C42
S21401B9502CEA020C0DD11CF0803C08BF51F8043BC8
S21401B9600AD185EA0205B5EB032F0AD150F8042B5C
S21401B970E8E74FEA13630DE012F0FF0F06D051F827
S21401B980043B4FEA122523F07F4303E04FF000000B
S21401B99020BC704705F0FF0203F0FF00012828BF16
S21401B9A0904204BF2D0A1B0AF4D0A2EB000020BC73
S21401B9B0704700BF08B5064B044613B1002100F0DE
S21401B9C0AFF8044B1B6803B19847204619F040FBBB
S21401B9D021BB010014520020002301461A461846D6
S21401B9E000F048B8032A30B415D941EA0004844669
S21401B9F00B46A40704D0541E0FE0043A032A08D9C4
S21401BA001946604653F8044B5CF8045BA542F4D033
S21401BA10F1E760461946541E7AB1431E01390219F0
S21401BA2001E09A4209D013F8010F11F801CF6045E1
S21401BA30F7D0A0EB0C0030BC7047002030BC70473C
S21401BA4038B5074D074C2C1BA41005D0013C55F802
S21401BA50043D9847002CF9D1BDE8384024F076B86B
S21401BA60886F0020846F0020014B1868704700BF64
S21401BA709C6B0020F0B5264C83B006460F46256821
S21401BA8005B36C681F2C3FDCA6B1D5F8880048B317
S21401BA90D0F800114FF0010C40F82420022E00EBE4
S21401BAA084020CFA04FC4CEA0101C0F80011C2F849
S21401BAB0803010D0631C002002346B6045F824707F
S21401BAC003B0F0BD13491448216010B10068C1F8F5
S21401BAD08800104DD5E7D0F8043143EA0C03C0F8CE
S21401BAE00431E7E70D49CDE9002369B14FF48470CD
S21401BAF0FFF732FE40B100216C68C0E94011DDE974
S21401BB000023C5F88800C5E74FF0FF30D8E700BF2F
S21401BB10A4520020185200200000000059B701006E
S21401BB202DE9F04FDFF8B49083B0D9F8006096B3F2
S21401BB30884601907568D6F888706C1E2BD401353E
S21401BB4007F1800B06EB8505B8F1000F26D1736867
S21401BB502A68013BA3423BD000232B60BAB1D6F83A
S21401BB6004A05FB30123D7F80011A3400B4225D0F0
S21401BB70D7F8040157F8241003422BD101989047B7
S21401BB807368D9F8002053451ED1B2421CD1013C3E
S21401BB90043D631CD8D103B0BDE8F08F4FB15BF80C
S21401BBA024304345D3D0013C043D621CF3D0002F22
S21401BBB0F5D1013CEFD3013CFBD2ECE7904773682B
S21401BBC0D9F800205345E0D0002AE4D01646B1E764
S21401BBD07460C3E708469047D2E700BFA45200202E
S21401BBE0431E033306D8044B984228BF18466428E0
S21401BBF038BF6420704700BF40420F0038B5194B6C
S21401BC0005461B680C4603B1984744B1236833B117
S21401BC101B68013303D0E3680BB1A3684BB91EF070
S21401BC2045FF00204FF4C172412100F0FFF92120A9
S21401BC3038BD204602F04AFC00230B4A85F83C3109
S21401BC40C5E93743C2E9003363694BB1074A42216C
S21401BC5010684FF4D272C31A5842584100F0E6F900
S21401BC600020E5E714550020E867002078550020FD
S21401BC70F8B5044623F05BFC002607460E4B1B680E
S21401BC8093B19E68AEB196F82420D20711D43546FA
S21401BC900FCC0FC50FCC0FC523682B6096F8243048
S21401BCA043F0010386F82430384623F03BFC304647
S21401BCB0F8BD1B68E4E700BFF06B002010B5044632
S21401BCC018B9054B054A136010BD00F0D9FCD4F82D
S21401BCD0E830002BF6D1F4E757A20300EC6B002006
S21401BCE0014B1868704700BFE867002008B5024698
S21401BCF00868FFF775FF08604868FFF771FF48603E
S21401BD008868FFF76DFF8860C868FFF769FF0B69F1
S21401BD10C860581C03D00B48834228BF03460B61FA
S21401BD204B69581C03D00748834228BF03468869DD
S21401BD304B61FFF755FFBDE808408861104601F0EA
S21401BD407BBC00BF40420F00D0F8E0302DE9F04147
S21401BD5005460C4613B1C38D8B424CD0D5F8DC306A
S21401BD60002B4BD09E68002E48D0D868002845D0BE
S21401BD70013800B200281ADB002106E0128A591C9D
S21401BD80A24217D209B2884211DB0B1803EBD37318
S21401BD905B1003EBC30206EB8202B2F80EC003F19E
S21401BDA0FF3EA445EAD90FFA8EF08842EDDA21204B
S21401BDB0BDE8F0814FF6FF7299B29142F7D09BB27F
S21401BDC003EBC30306EB83062846B6F9122095F863
S21401BDD03011D5F8F080EFF755F80746B8F1000FA7
S21401BDE004D00023324628461946C047EC85C5F8DC
S21401BDF0E06085F839710020BDE8F0810E20BDE8CD
S21401BE00F08100BF2DE9F04782B004460F46164682
S21401BE1001F086FE002863D14F4D2B68D4F8DCA0D4
S21401BE20D4F8E0800BB1534576D04FF00009AF60EF
S21401BE3001F09EFE0128074665D120461EF075FDDD
S21401BE40002851D12B68DAF80010D8F8002013B179
S21401BE50186888426BD020461EF019FDC5E900A877
S21401BE60D4F8F0508DF80760002D67D000222046E8
S21401BE7011460DF10703A847204600F0EDFF0546E1
S21401BE80B9F1000F0FD076B9D4F88C300BBB012F67
S21401BE9005D025B1314B002103205B689847284621
S21401BEA002B0BDE8F087B5FA85F040F207523321BB
S21401BEB0400900F0BBF83146204601F00BFA284B4A
S21401BEC005461B68414620469847D4F88C30002B1F
S21401BED0DDD000224FF40073204600F0E1FBD6E7E8
S21401BEE000231D4D6B6098E794F82530DA07A9D535
S21401BEF0D4F894305B05A5D51A4B012200212046C3
S21401BF001B6898479EE70021012000F001FC01F024
S21401BF102FFE0128FBD190E76B68002B85D04345A7
S21401BF2083D1AB689F4215D04FF001097FE769685E
S21401BF3011B10968914291D059688CE794F82A109A
S21401BF4094F839313246994228BF1946204600F006
S21401BF50D1FE91E70025A2E7E8670020F86B0020F4
S21401BF60EC6B002018550020F8B50F46054623F067
S21401BF70DEFA394606462846FFF7E6FE044620B1B5
S21401BF80304623F0CFFA2046F8BD01F0A7FD224641
S21401BF9039462846FFF736FF04460028F0D12846E2
S21401BFA01EF0C3FC0028EBD095F8253013F00103F2
S21401BFB00DD0D5F8942052050DD5B5F82A21BA42F0
S21401BFC005D0B5F82C31DB1BB3FA83F35B09034AC2
S21401BFD082F8C430D4E72346F9E700BF001E00B05C
S21401BFE013B5044669461EF064FA20461EF0A8FB07
S21401BFF0FF28024606D020469DF80010EEF7C0FF47
S21401C00002B010BD0048FBE70080FFFF38B5044DC5
S21401C010044C054B286021601A6022F0DDFE38BD15
S21401C020A8540020F46B0020AC54002010B550B981
S21401C0300548064B0160064802601868054B186003
S21401C0401868FFF7E3FF10BDF46B002004560020CC
S21401C050AC540020A85400202DE9F0418AB001AC70
S21401C06005460B462746194A02F1200C264610685B
S21401C0705168083203C662453446F7D1002B08BF23
S21401C0803B46002710681C463060384603F10C0614
S21401C09090B95FFA87F84246284621881EF048FC88
S21401C0A050B942462846E1881EF053FC20B9424664
S21401C0B0314628461EF05FFC0137032F06F10806BD
S21401C0C004F10204E4D10AB0BDE8F081D4BE040054
S21401C0D0F0B589B005460E461EF05CFC044600BB72
S21401C0E001AC06F10C070FCF0FC497E8070084E8F0
S21401C0F0070001A92846FFF7F9FD2846311D1EF065
S21401C10023FE044648B92846074901F057FA044673
S21401C11018B9284601F0C6FD044628463168FFF7DF
S21401C1209BFF204609B0F0BDCCBE040001491EF0BD
S21401C13013BA00BF75DC010070B5164E032804461D
S21401C1400D4633781ED023FA04F202F00102AA4209
S21401C1501DD053B10122A240A54023EA02032B437E
S21401C160DBB233704BB1012070BD2DB10A4B0120FB
S21401C1701B6898473378EDE73570074B00201B683E
S21401C1809847F0E79A07DED003F0FC03E9E70020C2
S21401C19070BD00BF26650020EC54002038B504466B
S21401C1A00D4605F077FD60B101F0C6FC48B9012DDA
S21401C1B007D801201EF099FB0D4B1B6823B15B6865
S21401C1C098470C4B1C7038BD23F00BFB0A4B1A68C2
S21401C1D0801A186021F07AFF4FF47A72074B1B68B9
S21401C1E002FB00301EF0B6F9012001F0ADFCE8E7D5
S21401C1F0105500204B6F0020E4540020E854002026
S21401C200F8B505460C4623F092F9104F06463B78E2
S21401C21033B1012D04D01CB90D4821F0A9FE3C70A4
S21401C22021462846FFF788FF0A4B04461B783BB990
S21401C2303B782BB91EF04DFB10B1074B1B68984796
S21401C240304623F06FF92046F8BD00BF2765002071
S21401C250C054002026650020F86B0020054A0B46D6
S21401C260117831B100211170034A01215268187802
S21401C2701047704727650020F86B0020124B0239E3
S21401C280012910B518701ED805F004FDD8B101F0CB
S21401C29053FCC0B101F034FAA8B90C4B1C6834B198
S21401C2A023689847BDE8104000201EF01EBB1EF014
S21401C2B04FF9074B186023F094FA064B1860204696
S21401C2C001F042FCEEE710BD4B6F00201055002038
S21401C2D0E8540020E454002038B5044680B123F029
S21401C2E026F901210446084621F0E6FA01210B4A07
S21401C2F008461AF048FD2046BDE8384023F012B93A
S21401C30023F015F905462146012021F0D5FA012032
S21401C3102146024A1AF037FD2846EDE70495040047
S21401C320F0B585B023F003F9344D04462B7823B1DC
S21401C330334821F01DFE002852D121F0A3FE02AAA7
S21401C34003A91EF0B0FA0346002838D01EF0BFFA43
S21401C350029B98421CD100202A4B03991B682A4E47
S21401C3609942307020D90027C91A012324482B701E
S21401C370264A3346CDE9007723F00FFA002837D155
S21401C380234A1378D90701D53178F9B1204611E04F
S21401C3901EF09BFA029B984228D0002318461949A2
S21401C3A0194A0968137003910121FFF7C5FE00239E
S21401C3B020462B7023F0B6F8002005B0F0BD2046CD
S21401C3C02B7023F0AFF8212005B0F0BD03F0FE037B
S21401C3D01370002BDAD10F4B1B6898472046E9E70C
S21401C3E0204623F09FF80E2005B0F0BD0220B3E7EB
S21401C3F0032320462F703370F3E700BF2765002024
S21401C400C0540020E05400204A6F00205DC20100A5
S21401C41026650020EC54002038B523F088F80F4D2F
S21401C42004462B789BB90E4A0E4913700E4B0F4AE1
S21401C4300F481A600F4A5A60F0F7CEF90E490F48B6
S21401C440F0F7CAF90E4B0F4A1A6001232B70F0F76A
S21401C450CDFA204623F066F8002038BD2865002076
S21401C46027650020F8BE0400F86B002021C30100F8
S21401C470B054002001C2010000BF0400B8540020DF
S21401C480EC540020D9C201002DE9F0438F78804694
S21401C4900F2F0C4685B003D9212005B0BDE8F083E7
S21401C4A027B90123374A00201370F6E70D784E7836
S21401C4B0EDB9002EF0D194F90310E08803F00AF8E4
S21401C4C02128E9D055EA0603A088DFF8C89013D0E2
S21401C4D003F064F84FF60403B9F8002001469A42C7
S21401C4E04BD1AE42334638BF2B4600262DE0082DF1
S21401C4F0D2D8082ED0D8DEE703F050F84FF6040560
S21401C50001464FF60500204A136E9BB2AB4208BFA8
S21401C5100346B1F5803FA9F800300FD9022308255C
S21401C520136680230126C2F880302B4649084FF651
S21401C530FF720139914228BF114608E08023012687
S21401C54008251666C2F880302B460029EFD1002256
S21401C55002920122013FFFB2009201972A4608F19A
S21401C560F80002F0B7FE1EB14FF48012074B5A6571
S21401C570074BA2681A60022394E703480266A9F8EB
S21401C5800030AEE72965002000C001B800D001B830
S21401C590F8540020CC6E002010B50446D0F81821BF
S21401C5A00B4B4FF40061C3F8A82090F82420D20169
S21401C5B002F4006205F0D2FA94F8243013F0100F5A
S21401C5C04FF4007314BF034A034A136710BD00BF3C
S21401C5D0001E00B0001002B8002002B8431C07D0AD
S21401C5E06FF0FF02034B10401A62A3F580531862E6
S21401C5F0704700BF00E000B8F8B504460F4616467F
S21401C60022F095FF0546A047044620B1284622F0B1
S21401C61089FF2046F8BD04F07FFC04220549D1F8C5
S21401C620D83E23EA07033343C1F8D83E024B1A67C4
S21401C630ECE700BF001000B0002002B800F01803BD
S21401C640182B0AD003070AD440F2011310F0100089
S21401C65018BF1846034B186570470020FAE70120FB
S21401C660F8E700BF001F00B0044B1868830654BFEC
S21401C670C0F30F204FF6FF70704700BFE055002053
S21401C68038B10368044A002B08BF1346034A1360F7
S21401C6907047014BFAE700BF9FA50300046C00201A
S21401C6A010B4D0E9544122400B4052EA030104D0B1
S21401C6B003495DF8044B096808475DF8044B704769
S21401C6C0046C00200F2938B505460C460ED801F03B
S21401C6D04FFA01280CD1074A2846D36B23F00F03E3
S21401C6E02343D3631EF065F9002038BD2120FCE703
S21401C6F00220FAE7001F00B0014B186C704700BF1C
S21401C700001F00B0014B002019647047001F00B0E5
S21401C71003282DE9F347884655D82C4B13F800908B
S21401C7202B4B1E5C2B4B13F800A022F000FF074694
S21401C73004F03EFB054640B100230022CDE900335C
S21401C74001200023002104F079F904F039FB48B1F7
S21401C75000230022CDE90033002000234FF40041DE
S21401C76004F06CF96EB31C4BDC6C04F008041B4B34
S21401C7703146DC64484604F02DFC524631464846B4
S21401C78004F092FC164BDC646DB1164B1868D0F8B9
S21401C7909410F83003F06EFA13490868FFF71EFF8D
S21401C7A04FF0FF330B60B8F1000F04D00F4B0021A0
S21401C7B003205B689847384602B0BDE8F04722F090
S21401C7C0B1BE3446D3E702B0BDE8F08710BF04001F
S21401C7D00CBF040008BF0400004000B8006000B8A9
S21401C7E0005000B804560020006C0020F86B0020B2
S21401C7F00F4A136F13F0A00F15D1506F10F00400FD
S21401C80013D10C4BD3F8D83E23F07F4323F0FF031C
S21401C8105BB1D368C3F30362092A07D0B2F10C00F7
S21401C82018BF01207047002070470120704700BFE5
S21401C830000002B8001000B070B50D46064620B9DB
S21401C8401A4B1B68A3B10E2011E001F091F90128E3
S21401C85029D1174B93F90040C4F11C04641BC4F1A1
S21401C8601C03002BB8BF5B42232B0CDD212070BDBF
S21401C87081EAE173A3EBE173DBB2232BF6D80C4B11
S21401C88019700020F3E786F8285022F050FE094A76
S21401C890E402D36904F4FF2423F4FF231C43D46188
S21401C8A022F040FEEDE70220E1E700BF045600203B
S21401C8B02A65002000C000B818B9034B93F90000A0
S21401C8C0704790F9280070472A65002010B5044685
S21401C8D01EF02BF810B1012001F0D4F92046FFF725
S21401C8E05BFE22F024FE0A4A0121D2F8A03004465B
S21401C8F023F02003C2F8A0300222064B08469A60B5
S21401C900054B5B689847204622F00CFE002010BDC0
S21401C910001E00B0001002B8F86B0020064B5A6AE1
S21401C920920207D4D3F8803013F4706F14BF01203D
S21401C9300020704701207047004001B8F8B50E4648
S21401C940D0F8943002EA010423EA01032343C0F835
S21401C9509430464A01F00B0323EA0401D1642340D4
S21401C960A2F58052D3647207054610D50121FFF760
S21401C970D5FF60B104F0D0FA4FF4007314F0040F41
S21401C98014BF3B4A3B4A536204223B4B1A67F306E9
S21401C99006D514F0100F14BF00221B22374B5A6520
S21401C9A037061DD5200616D54FF40012304B1A62F5
S21401C9B0012203F58053C3F8002122F0B8FD0E21B1
S21401C9C00746032003F09EF840F201222B4B38461F
S21401C9D0DA6222F0A7FD214605F1F80003F04AF9D4
S21401C9E0F10503D5E2052AD503F05CF8B30503D5B6
S21401C9F0A70527D503F062F816F48C6F1DD014F442
S21401CA00806224D095F82530DC070CD5EA8DB5F880
S21401CA102A31934219D0B5F82C31981A4342434132
S21401CA20174A82F8C430D5F8E41028461DF0B8FD40
S21401CA308022144BD864144B1A610020F8BD03F011
S21401CA402BF8D3E703F034F8D6E70123E8E77105BE
S21401CA50E9D595F82530DB07E5D5094B114683F86E
S21401CA60C4200A4B28461B689847DCE7006000B8DC
S21401CA70005001B8006001B8002002B8004000B8BC
S21401CA80001E00B0001F00B0000002B818550020BC
S21401CA90014B1868704700BF0455002037B522F0D7
S21401CAA046FD002401230022CDE90034002305467B
S21401CAB01946104603F0C2FF022002F0E7FA064BC1
S21401CAC021461C60054B02205B689847284622F0E9
S21401CAD029FD204603B030BD0C550020F86B002020
S21401CAE02DE9FF4102290D4616469846039004D1CA
S21401CAF0FFF7D4FF04B0BDE8F08122F018FD1E4F09
S21401CB0004463B683BB1B34205D022F00BFD00233F
S21401CB1021203B60EEE7194B0022C3F800803E60FF
S21401CB20002301264FF0000810461946CDE900669D
S21401CB3003F084FF124B022083F8008002F0A6FA6D
S21401CB4043462A46022003A902F0BEFA0D4B039A79
S21401CB501A6008B92046D8E70B4D2B68984721285C
S21401CB6004D0204622F0DEFC0020C3E731466B6885
S21401CB7002209847F5E700BF0C5500200855002015
S21401CB802C65002004550020F86B0020044B5B6EDA
S21401CB905B054EBF0120034B187800F0010070477B
S21401CBA000C001B82C6500200A78022A11D0101F97
S21401CBB04242424152004B781201022B0BD0191F00
S21401CBC04B424B415B000549054842EA8312FFF799
S21401CBD013BD0122EFE70123F5E700BFF0FFFF00D9
S21401CBE0B9DB01000B78022B10D0181F43424341DA
S21401CBF05B004A78022A0BD0111F4A424A41520072
S21401CC000F21044843EA8202FFF7F6BC0123F0E74E
S21401CC100122F5E7E5DB01002DE9F8430E7804462D
S21401CC20042E0D4690F830810BD100275FFA87F964
S21401CC30484601F07DFD08B14E4602E00137042F5B
S21401CC40F4D1304601F074FD002849D094F8303113
S21401CC50B34209D1AA88D4F8A8309A4204D16A8886
S21401CC60B4F832319A4238D084F83061AB88304615
S21401CC70A4F834316B88A4F83231AB8804F5987582
S21401CC80C4F8A830FF2384F82B301DF043FF84F846
S21401CC902A00284601F078FC18BB284601F03EFD24
S21401CCA0F8B9D4F8E03053B194F83011414506D0C4
S21401CCB02046B3F91220EEF7E5F884F8390120464C
S21401CCC001F09AFE0949A4F834010123084AD1F873
S21401CCD0FC1004F1F80003F0AFFC0020BDE8F88377
S21401CCE021200C2384F83031F8E700BF001F00B084
S21401CCF0581F00B0F8B5054690F830010C460C28D0
S21401CD00164623D0FF2923D01AB14FF0FF32114B1C
S21401CD101A601DF0FFFE074695F8300101F068FD28
S21401CD20844228BF0446E4B2BC4238BF3C46E0B267
S21401CD3085F82B0001F002FEFF280CBF21240024F9
S21401CD4016B9284601F068FD2046F8BD0224FBE727
S21401CD502124F9E7086C002010B590F8303104461C
S21401CD600C2B43D0D0F8E03080F82A10D3B3D0F89B
S21401CD70F020CAB990F839318B421BD300222046E5
S21401CD80FFF7B8FF40BB1A4B1B78022B23D820466F
S21401CD9001F032FE17490123174AD1F8FC1004F1BD
S21401CDA0F80003F049FC16E0B0F94220B3F912305E
S21401CDB09A42E3DD0022204694F83911FFF79AFFE4
S21401CDC050B9C4F8E00020461DF0EDFA4FF6FF73A7
S21401CDD09842014601D1002010BD2046BDE8104012
S21401CDE0FFF7C2B8FF2380F82B30F4E70220F3E701
S21401CDF0D06E0020001F00B0581F00B0F0B51D46D1
S21401CE00144B04461B780F46164685B05BB1D0F826
S21401CE10E030E3B102AAB3F912300092002218F012
S21401CE2014FF05B0F0BD02A91DF043FB9DF80810E4
S21401CE303A462046EEF726F8014626B92A46204607
S21401CE40FFF758FFEDE72046FFF786FFE9E71846AC
S21401CE50E7E700BFD6960400D0F89C30012B01D13D
S21401CE600020704770B5044665498CB01DF087FEFA
S21401CE70D4F8E0600146E58DC4F8E40026B13368D5
S21401CE8013B15B68002B71D122F051FB22F04AFBF3
S21401CE900123D4F8E4108DF80630B389D6E90120D1
S21401CEA0EB1A9BB200FB03225648ADF80430036828
S21401CEB000928B4207D020461DF072FB8022524919
S21401CEC0524BC8641A61514D00F052FE0128FBD145
S21401CED0AB689E06F8D420469DF80620009906AB5E
S21401CEE003F0E6F800283ED100F042FE0128FBD10F
S21401CEF0464A136FD801FCD493689906F9D468465C
S21401CF0006A903F08DFA054668BBE28D404B5A64CC
S21401CF1094F8243060F3410384F8243000F0EEFFE7
S21401CF20D4F8E0305969431E0E68DBB2FD2B029639
S21401CF3022D9F31C34D84B68FF2803935ED101260F
S21401CF40DA1C25D8024602A920461DF041FDE6B9A5
S21401CF50D4F8543199053FD494F8243043F00203B1
S21401CF6084F8243011E002200CB070BD1A68032A40
S21401CF708AD99B6A5B0E8EE74B6801280393DED045
S21401CF800246204602A91DF023FD00200CB070BD0C
S21401CF900133204B5B6816D0DA1C23D80393D1E704
S21401CFA01C4B01361B6818BF0126DD1C06D80293F0
S21401CFB04B68FF280393C3D00020C3E7FF284B68C4
S21401CFC019D00393C3E7DD1C0FD80246204602A9F9
S21401CFD003931DF0FDFCBBE720464FF480311DF0A6
S21401CFE07FFED2E7FF28B2D1E6E7FF28B0D10022C4
S21401CFF0204602A9EDE701200393A1E72A46C0E7F0
S21401D000FC1F00B0F4540020001F00B0000002B85E
S21401D010008001B8106C002010B50C4619B11DF047
S21401D02084FC00B10434204602F0B8FA024B4042B8
S21401D030C3F8C80E002010BD001000B0838E70B576
S21401D04093420C4615461CD3836C8B4208BF0024C2
S21401D05022F06DFA4FF49C530B490646CA68C2F398
S21401D0600362D340DA0702D50B6F9B0304D4012277
S21401D0702946204601F016F8304622F053FA0020E1
S21401D08070BD2120FCE700BF000002B82DE9F84F73
S21401D090064615460B4611B92120BDE8F88F002A31
S21401D0A0FAD0032905D8002201F05EF903460028CC
S21401D0B0F2D01C889978B4F5804F01F0070080F013
S21401D0C0C580A0F1070C1A7993F805A0DF88DCF17A
S21401D0D0000343EB0C0305282B7394BF0023C1F315
S21401D0E00013C1F3801C6B738B0985F810C003F025
S21401D0F00203C1F3C00C43EA0C03C1F340116B7485
S21401D100A974AF82002A40F0828096F81E31013B56
S21401D110DBB2EB74D6F89430DF0600F18380063874
S21401D12001287FD8B6F81280F76908F1FF38484B16
S21401D130083C04EA08045B6D3B5D0134802B0EBF9E
S21401D1406FF07F03323B5BB2AB730023AB6096F8A4
S21401D150279004EA0804B9F1000F61D1631D03EAC0
S21401D16008035A1C02EA0802BA5CFB5C43EA022383
S21401D170D9040FFA83FB4CD5D6F8E43013B11B68FB
S21401D180022B05D841F24D724C210020FEF74EFFCE
S21401D190D6F8E420CBF30B0392F82420DB000AB187
S21401D1A0B3FBF2F39A4508D83BB1CAEB0A2ABAFB9D
S21401D1B0F3FA6FEA0A0A5FFA8AF9D6F8EC3023B175
S21401D1C0484695F90E1098478146631C85F80F90DE
S21401D1D003EA0803F95C013303EA0803FA5C013346
S21401D1E003EA080341EA0221FA5C013303EA080371
S21401D1F0F85C41EA0241002341EA00616A7C30465C
S21401D20003F0D8FA06232860AB71002045E7531EC9
S21401D2107EE717F804904FEA49095FFA89F9CCE7E7
S21401D2209946D2E700230020EB730A4B5A69C2F3F2
S21401D2300723120448BF63F0FF035AB212F1800FAE
S21401D2401CBF323B5AB2AA730346DCE7022024E72E
S21401D250004000B800C000B838B5148811F00305C6
S21401D2604FEAC40422D13F2C20D9B4FA84F4C4F185
S21401D2701903DBB2052B01D8192C15D0052B28BFB5
S21401D280052301240633DBB29C40C4F3CF0313808D
S21401D29003828161448700F02DFF054A631E234304
S21401D2A0C2F8A430284638BD2B46EAE72125F9E71F
S21401D2B0001E00B011F5004F1FBF01F30E01044B15
S21401D2C0C1F30E01002014BF99642120704700BFEE
S21401D2D0008001B8F8B504460E4619B990F8243016
S21401D2E05A063FD44FF6FF73618ED4F8E470994224
S21401D2F004D0314B1B680BB1204698472F4D2B6845
S21401D300BB424DD02E4B1B683BB11FB13A68002A79
S21401D31048D0BF683946204698470727204601F07F
S21401D3206BFB002E32D006270126264B94F92820C7
S21401D33093F900302449C3F11C039B1ACA69DB0226
S21401D34022F4FF2203F4FF231343CB61D4F8E43025
S21401D3501E4A2B601E4B976720461E701DF029FB48
S21401D3600020F8BD4FF6FF71144DD0F8E4702A681E
S21401D37066F386139742418680F8243017D0104B07
S21401D3801B68002BC1D101F037FB072711493B462B
S21401D390114AD1F8FC1004F1F80003F04DF9C2E788
S21401D3A00127BBE71746204639469847B5E701F0FF
S21401D3B023FB0127EAE700BF00550020F4540020B4
S21401D3C0FC5400202A65002000C000B8006000B8A8
S21401D3D02B650020001F00B0581F00B0054A1268D8
S21401D3E01AB190F81E1119B91047084602F0AABBE7
S21401D3F001487047F054002000FEFFFF344B2DE932
S21401D400F7431C6801F4007900F00103174653EA5C
S21401D410090206460D4635D04FF000083BB30023FF
S21401D420002200210120CDE9008803F007FB04203B
S21401D43001F02CFE41462046FFF7D0FF012241466F
S21401D440208610461CF061FFD4F8941004F1F80011
S21401D45002F010FC1F490868FFF7C0F84FF0FF33D1
S21401D4600B6094F8243043F0040384F82430B9F1B7
S21401D470000F07D0012120461DF032FC25F400756F
S21401D48006430D432B4632462046FFF709F9FB07B4
S21401D4900FD51149114A086800211368116001214E
S21401D4A00F4A117003B198470E4B002102205B68AA
S21401D4B0984717F00E0F08D04FF409723B21002051
S21401D4C003B0BDE8F043FEF7B1BD03B0BDE8F0839D
S21401D4D004560020006C0020085500200C55002042
S21401D4E02C650020F86B002008B548220021024870
S21401D4F0FDF72CFF002008BDDC1E00B073B57821B7
S21401D5006422A0F8141182210C23C0E94112C0E95B
S21401D5104322C0F8002107224FF0FF35002680F88D
S21401D52030314FF6FF730446C28700F14C02826425
S21401D5301E4AC385A0F8403080F82C3043864263EB
S21401D540038780F82860C0F8A850458580F82650E3
S21401D55003F03EFC2046FFF7C7FF94F9281020464B
S21401D560FFF76AF9602340F6FF71114A2046D3643B
S21401D57002F11C42D162D1650E4A2946D36440228B
S21401D5800D4B1A67D4F89420FFF7D8F90E23002222
S21401D590CDE9003340F202231046194603F04EFA55
S21401D5A001F0E2F8304602B070BD00BF4000FFFF58
S21401D5B0004000B8005000B8002002B810B50C4674
S21401D5C0FFF792FFBCB1A378082B16D8E278082A99
S21401D5D013D843EA021313F0FF030CBF1946616820
S21401D5E0074AC2F8DC10217882F82011617882F8A7
S21401D5F0233182F82111002010BD2120FCE700BF55
S21401D600001E00B0012A10B512D8032B10D803EB68
S21401D61082020123074C934094F82201DBB221B128
S21401D6200343002084F8223110BD20EA0303F8E703
S21401D6302120F9E7001E00B0034670B50C68B0F86B
S21401D6403421013408BFD3F800418D6808BF0C604F
S21401D6504C68F830013404BFD3F80C414C606E1CA2
S21401D6603CD1D3F80841CE688C60751C3CD1D3F808
S21401D67004510E69CD60013604BFD3F8F8600E611F
S21401D6804E69013604BFD3F8FC604E618E690136DF
S21401D69004BFD3F810618E618E695EB35A32B2420E
S21401D6A038BF32460E688A6116B15A2E38BF5A26DE
S21401D6B0C3F808414C68C3E94065C3E943420A69B7
S21401D6C0C3F8F8204A690C49C3F8FC20D1F8FC10CD
S21401D6D007230A4A02F0B0FF002070BD02F15A0487
S21401D6E0AC4238BF2C46BEE702F17805B54238BFDA
S21401D6F03546BEE76422D5E7001F00B0581F00B0CC
S21401D70070B521F014FF04460B4E00F031FA0128E3
S21401D71005D0204621F006FF0225284670BDF36895
S21401D72013F0706FC3F30365EFD1B36ADB06ECD574
S21401D730204621F0F7FEF0E7000002B838B521F0E8
S21401D740F6FE4FF6FF710A4A13888B4203D121F089
S21401D750E9FE0E2038BD074C074D1B046566A4F58F
S21401D76080546366118021F0DDFE0020F2E700BFE1
S21401D770CE6E0020006001B80000FFFF2DE9F743E0
S21401D78004460F4615461E46FFF732F830B3A38A05
S21401D79023B320461CF0CFFE78B9002E40F0F2806D
S21401D7A0794BD3F8D83E03F03002102A00F0EA8015
S21401D7B003F0C003402B00F0E580DFF80082D8F8C4
S21401D7C01430D90740F1DE8021F0B1FE0646032071
S21401D7D001F058FD30B1304621F0A4FE022003B01E
S21401D7E0BDE8F083D8F8142012F00608F3D13046CD
S21401D7F021F098FE644B4FF400612046D3F8D89E82
S21401D800D3F8AC6E04F0BEF940B14FF400720121BA
S21401D8105E4B08461A6742461CF077FD94F82530A1
S21401D820DA0707D5D4F894305B0542BF4FF40022DF
S21401D830574B1A6739462046FEF796FB524BC3F8FC
S21401D840D89EC3F8AC6E0028C9D194F82430980647
S21401D85001D4002D57D0C5F3400003F023FB02236B
S21401D86015F4807F1BBF0021494A484A136717BF3A
S21401D870484A13675161136303F04EFB4FF480630C
S21401D88015F0040F14BF444A444A15F0400F536282
S21401D8904FF004023D4B28461A674FF0400314BF71
S21401D8A03F4A404AC2F88830FEF7C8FE20461CF0C0
S21401D8B06CFF38B14FF4807315F0010F14BF344A72
S21401D8C0324A1367A90647D54FF6FF72B4F84030BF
S21401D8D093420FD0344A3549526E100CC2F30112EE
S21401D8E00132B3FBF2F308802B4A2C4930481B0463
S21401D8F048665366003D18BF012594F8243065F349
S21401D900451384F8243020461DF00FF8F0B1204668
S21401D9101CF03BFFD0B14FF40031204604F032F941
S21401D920431C03229BB2234801A91DF0B6F89DF8BB
S21401D930042002F00703052B9DF8053015D11207C8
S21401D9400DD443F480731C4AC2F8B830002003B0EB
S21401D950BDE8F0431DF0AEB8FFF7F0FECAE713F0DE
S21401D960040F09D19DF80630EBE703F03002202AB8
S21401D97005D113F0010FF4E74FF48073E3E79DF848
S21401D9800630E0E70E202AE7001000B0002002B8BB
S21401D990001002B800400054005001B8006001B801
S21401D9A000D000B800E000B8004001B8CE6E0020FC
S21401D9B00000FFFF08400054001E00B000C001B880
S21401D9C02DE9F3410646884615461F4621F0AFFD70
S21401D9D00446032001F056FC38B1204621F0A2FD92
S21401D9E00E24204602B0BDE8F081042001F04AFC76
S21401D9F00028F2D1204621F095FD01232A46414612
S21401DA003046FFF7BBFE04460028EAD1DFF8C8809F
S21401DA105FB388F8000039463046FEF735FD00282A
S21401DA204CD198F80030012B1CD02022244B1A67C9
S21401DA30244BDB6CB3F5817F1FD201201DF07BF8F0
S21401DA4021F075FD204B06461B680193CBB901F00A
S21401DA5093FC15F0800526D101F0E0FC284603F082
S21401DA60F5F925E003F008FABBE798F80030012B3A
S21401DA70F8D0002BD9D12124B3E78022134B1A61A9
S21401DA80DBE7042001F002FB00230122042001A9A8
S21401DA9001F01AFB0028DAD103F056FA21243046A9
S21401DAA021F040FD9DE70022094B9A6701F0B6FC84
S21401DAB0084B01215B6800209847F0E7044690E791
S21401DAC0001002B8001F00B0F8540020000002B891
S21401DAD000C001B8F86B00202965002008B50C4B82
S21401DAE0D3F84C114B1C12D011F080410FD1094BC9
S21401DAF01B6813B10320FEF70BFE4FF080624FF454
S21401DB000071054BDA67054AD16201225A6108BDE8
S21401DB100080E00F04560020001002B8004000B854
S21401DB204FF40022034B186F03F500531A67C0F336
S21401DB30C0407047000002B8024B586900F001006F
S21401DB40704700BF00C001B8084B5A69D10707D516
S21401DB5008B901F077BA5B69DA0706D401F064BA4E
S21401DB605B69DB0701D40028F8D1704700C001B813
S21401DB700F4BDB68C3F30363013B0B2B0FD8DFE8C6
S21401DB8003F006060C06060606080A080808022020
S21401DB907047042070470520704703207047054BE7
S21401DBA05B6913F0060F0CBF01200420704700BF0D
S21401DBB0000002B800C001B8094AD368C3F3036382
S21401DBC00B2B08D06FF49050184100F0010080F044
S21401DBD0010040007047106F10F48030EDD170479F
S21401DBE0000002B80C4AD368C3F30363062B07D8B8
S21401DBF0042BD8B20BD8C31E584258414000704778
S21401DC00072B06D1D2F830010028ECD1704702204C
S21401DC1070470020704700BF000002B8094BDB6860
S21401DC20C3F303639A1E012A8CBF00220122012B33
S21401DC3002701EBF4FF4026222FA03F303F00103DF
S21401DC400B707047000002B8094AD368C3F3036338
S21401DC50032B01D0072B08D1536FDB0605D4906F39
S21401DC6080F00800C0F3C00070470020704700BF76
S21401DC70000002B8024B002219681CF037BE00BF34
S21401DC8074BF0400024B1B6803B11847704700BFFE
S21401DC9024550020024B1B6803B11847704700BF8C
S21401DCA02055002010B5FF224FF6FF7104461CF0E8
S21401DCB03FFE68B9FF224FF6FF7120461CF049FE71
S21401DCC030B92046BDE81040FF2202491CF053BE81
S21401DCD010BD00BF18BF04002DE9F0411C46184BCB
S21401DCE005461E680F46904646B1306801F01CFE98
S21401DCF0F3681BB1B368186801F016FE114B1B6878
S21401DD002BB1DA681AB19B68186801F00DFE9DF810
S21401DD101830640744EA08425B0503F0BC6342EA34
S21401DD20C7621A432846084942F4C87203F016FF30
S21401DD30002228461146FFF781F90020BDE8F08150
S21401DD4070BF040074BF04009007E12D08B5FFF70B
S21401DD507BFF88B1094BDA6912030DD5186F10F4F1
S21401DD60003009D19B6F13F0100F4FF010030CBF5A
S21401DD70034A044A936708BD0220FCE7000002B884
S21401DD80001002B8002002B838B50446F8B1124AAD
S21401DD90D3691B031DD5556F104BC5F38115032D94
S21401DDA0B3F8B4300DD10822083B9BB221460C488B
S21401DDB01CF073FE0020084B25729B6F1B0A6372D2
S21401DDC038BD022D05D1023B2A469BB2EEE7212043
S21401DDD0F6E70220F4E700BF000002B8001E00B01C
S21401DDE038400054431EDBB2FD2B14D9FF280B68C4
S21401DDF001D14A68134313F0802F1EBF42F201027D
S21401DE00074BC3F8282251F82020054BC3F85022AF
S21401DE10C3F8542270470128F5D10023E9E700BF73
S21401DE20004001B8F0B585B06D460E460F4B07466B
S21401DE3014460FCB85E80F000D4BD3F8480200902F
S21401DE40D3F84C2201923EB1631EDBB2FD2B0AD9F8
S21401DE503060FF2C00D172602246294638461CF0FD
S21401DE60B7FD05B0F0BD012CF4E700BF20BF0400EC
S21401DE700080E00FF0B585B06E460D4B07460D46A7
S21401DE800FCB86E80F0000F039F83146044602460B
S21401DE9038461CF016FF4DB140B9FF2C1BBF04AB32
S21401DEA003EB8404009B54F8103C2B6005B0F0BDD6
S21401DEB020BF040030B50C4B0546187085B008230A
S21401DEC080B90A4AC2F8FC3351B96C46084B0FCBED
S21401DED084E80F00074B2A4621461868FFF7A2FF81
S21401DEE005B030BD044AEDE74C6F0020001002B8C3
S21401DEF030BF040004560020002002B8014B1878F9
S21401DF00704700BF4C6F0020124BD3F8E020D203BD
S21401DF101ED54FF480321049C1F8E020A1F580519A
S21401DF20C1F8EC201A6CD1B2C2F30722C3F88010F4
S21401DF30C3F880200422C3F880200022C3F8802082
S21401DF40C3F88020C3F88020C3F88020C3F880205F
S21401DF50704700BF0040005400600054F0220A4B96
S21401DF6001219A64A022A3F580539A64074B826C20
S21401DF70C3F8C010FC21C3F89810C3F89C204FF4D6
S21401DF800052C3F8BC207047006000B8004000543F
S21401DF90F8B50D461746064621F0C9FA01230421B5
S21401DFA0084C094A2363A760E6602561C2F8E010C1
S21401DFB0064AC2F8843121F0B5FA0DB10223236373
S21401DFC0F8BD00BF004000540060005400E100E0CE
S21401DFD00222024B58611A63704700BF004000548A
S21401DFE00122044B1A6640F6FF729963D863DA651C
S21401DFF0704700BF004000542DE9F04F042A054643
S21401E0000B4683B039D901260978141F81615A78E5
S21401E01003F1040982619A788261DB78836103687F
S21401E020D0F808B003F0070306339E4006F1FF3A26
S21401E0300AEA0B084768A6EB0802944247F0005725
S21401E0400ED84946224607EB0800FDF70FFB46EAC5
S21401E0500A0604EB0B023240AA6003B0BDE8F08F5B
S21401E060494607EB08000192FDF700FB019A384686
S21401E07009EB0201A21B4244E7E7013A032AECD866
S21401E080DFE802F00B08050213F8012B826113F892
S21401E090012BAA6113F8012BAA611B78AB6103B0AF
S21401E0A0BDE8F08F38B50C46154601460F4B60B1FA
S21401E0B001220F48C3F8C0202246FFF79DFF1DB17D
S21401E0C004220A4BC3F8C02038BD64B1D3F8A4209B
S21401E0D0A24284BF0122C3F8C0200222C3F8A04096
S21401E0E0C3F8C020EBE70122FAE700BF0040005466
S21401E0F09840005438B5044621F019FA01211A4A0D
S21401E100638F054611663BB3B3FA83F3C3F1190374
S21401E110DBB2A069C2F8901093660723D066C2F8F6
S21401E1208C304FF4A02302F50052C2F8E030A2F57D
S21401E1308052C2F8EC3000220C4B1A600C4B1B6F5D
S21401E1405B0209D54FF480020A4B04F1F8001A6706
S21401E150D4F8941001F08EFD4FF4E0232846E363D3
S21401E160BDE8384021F0DEB90040005428550020B3
S21401E170000002B8002002B82DE9F84305460C4617
S21401E180B1B1D0F81880478F21F0D1F9B5F83CC06D
S21401E190791E01EA0C0323F00702032C0646DFF87A
S21401E1A0F8E042445CD1DEF8004024B921F0BAF927
S21401E1B00E20BDE8F88324F00104DEF8000020F00C
S21401E1C00100A04251D10023CEF8003023889442AA
S21401E1D06FEA43436FEA534323803CD1EB8F08EB4E
S21401E1E007091846083880B202F108044C4528BFD2
S21401E1F04446082804D9B4F800E0BEF5804F3ED264
S21401E20063440F431B1A3B409BB2AB87E8871188D8
S21401E21094781C4AC1F30C0151645367C2F88C0010
S21401E2204FF48022184B04F00704C3F8E0200122C3
S21401E230164BC3F88421FFF767FE042C0BD14FF46D
S21401E2408002134B05F1F8001B6F124B1A67D5F8C5
S21401E250941001F00FFD304621F064F90020A8E784
S21401E260601E012898BF1446A7E7E88F4344E31AC7
S21401E27048BFDB1908389842A8DC304696E72246A4
S21401E280B0E700BF004000540060005400E100E029
S21401E290000002B8002002B828550020144B10B523
S21401E2A01968CA8F8B8F488F13440138073B8C69D6
S21401E2B0034023F007031C4402F108030D4A9BB2F6
S21401E2C0CB87C2F88C304FF480220B4BC3F8E0208A
S21401E2D001220A4BC3F88421A07800F00700042825
S21401E2E003D1074AD3681B03FCD4064B1C6010BD40
S21401E2F004560020004000540060005400E100E095
S21401E300000002B82855002010B5064C216839B126
S21401E310CB0703D4044B1868FFF72EFF00232360B6
S21401E32010BD00BF28550020045600204FF480324F
S21401E3300B4B0C49C3F8EC20A3F50053C1F8E020C1
S21401E340D3F888109A6E012302F007020632934032
S21401E350C1F30C01083B994201D8FFF7D5BD7047C0
S21401E36000600054005000542DE9F04780460C46EA
S21401E37016468769458F21F0DAF8B8F83C2005F192
S21401E380FF3C02EA0C0323F00701032C82463944C2
S21401E390B8F83E0019D1494C24689CB90244073AA2
S21401E3A002EA0C0222F00702BC183B44E31A48BFFB
S21401E3B05B19834210DB504621F0B4F80024204656
S21401E3C0BDE8F08724F00104EFE7012C02D0022C0F
S21401E3D0EBD108380C46E8E7002E3DD08C423FD101
S21401E3E0374AD2F844903649B8F81270D1F88820E6
S21401E3F0C2F30C02934247DA2588B5F5804FDAD28C
S21401E400A378C5F30C0503F007037A1EA5EB0905EF
S21401E4103A43052B337005EA02052DD82DB2E843A1
S21401E42040F241420421C00FFDF700FE7580E378FB
S21401E4303374D8F81C207B1E03EA0903D118B16097
S21401E440A9B213FA85F5AF422FBF0023FF1AB78092
S21401E450F26024BFB180F360504621F063F8AEE766
S21401E460A4F10802974284BFED0802EBC502B2F898
S21401E4700090C9F30C09B6E7124B5B6D003B18BF61
S21401E4800123A5EBC305C9E70B6C7A1EA3EB0903B1
S21401E4903A431A400C4915B2002DCB680BDCC3F386
S21401E4A00363D81E43424341DB0033708B6F728097
S21401E4B01B0A3374BDE70823F7E700BF2855002081
S21401E4C000400054004000B8000002B8054BA822E6
S21401E4D0D3F84C013121431C0CBF0120C0F38070DE
S21401E4E0FDF7A4BD0080E00F38B5094D0446286845
S21401E4F040F69702003818BF01202B21FDF796FD44
S21401E500FA235C432B680A20B4FBF3F4604338BD5E
S21401E5105C550020174B30B51A68431C164B22D0A9
S21401E520B2F1407F1FD3154D00F03F04D5F800210E
S21401E53022F03F021443C3F8C84001F03F042243CF
S21401E540C3F8D020D5F804310D4A1A400D4B03EA22
S21401E550500003EA510110431143074BC3F8CC00A6
S21401E560C3F8D41030BD00200146C3F8C800C3F874
S21401E570D000F2E70080E00F001F00B0000002B8F4
S21401E5801FF087E1E0FFFF7F73B5574E04463178F1
S21401E59019B91C225548FCF7D9FE2378544A6188DC
S21401E5A0137051804FF0FC62524CFF21C4F8FC20DE
S21401E5B04FF47F02C4F808214F4A022B4F4D1170C9
S21401E5C033D1042307224E49C4F8FC23C5F8FC3393
S21401E5D0C4F800114FF4C071C5F80011C4F8FC234B
S21401E5E04FF48052C5F8FC33C5F870214FF4005241
S21401E5F0C4F87021C4F808314FF4FF13C4F8FC3096
S21401E6004FF4BB13C5F8FC308023C4F8703148F2D0
S21401E610C8023C4BC3F8D8203B4B3C4A0020C3F809
S21401E620C02F0123337002B070BD394A012BC4F8E4
S21401E6300021384B27D14FF4C072C5F80021D3F81A
S21401E6403802D3F83C12FFF765FF0723C4F8FC3302
S21401E6500223C5F8FC334FF48053C5F870314FF4EC
S21401E6600053C4F870310423C4F808310DEB0300DD
S21401E670ECF740FB9DF80530023B012B9CBF802345
S21401E680C5F87031C3E7244AC5F80021D3F8300233
S21401E690D3F83412FFF73EFF0723C4F8FC330123F7
S21401E6A0C5F8FC338023C4F870314FF4805301A8B9
S21401E6B0C4F87031ECF71EFB9DF80530012B05D12F
S21401E6C09DF8043053B948F25D1309E0FBD9023BCB
S21401E6D0012B9CBF4FF40053C5F8703148F2581314
S21401E6E0084AC2F8D83097E72D650020C41F00B04D
S21401E6F0D06E0020002002B8506F0020001002B833
S21401E700C0F10F00001F00B0001000B0305500200F
S21401E710C0F70F000080E00FC0F60F00034B1A6829
S21401E72002609B8883800020704700BFD06E002067
S21401E73010B5044601F026F80A4BD3F8F83724B989
S21401E74083F40023C3F3C04010BD012C05D113F49C
S21401E750C02F0CBF01200020F6E7A31E58425841E7
S21401E760F2E700BF000002B86FF07F42154BD3F806
S21401E770FC37934208D0144A03F03F031370F12389
S21401E780124A1370124A13701249134B09781A6809
S21401E790A9B1B2F1A06F12D3D3F850120F4A104BA1
S21401E7A0B1F1FF3F18BF13460E4A136041F66A02E5
S21401E7B00D4B1B68B3FBF2F30C4A13607047084B12
S21401E7C0F2E700BF000002B8516F0020526F002030
S21401E7D0536F00204F6F00200080E00F5082E00F43
S21401E7E054BF04002C550020785500205C550020AD
S21401E7F0012807D0022802D030B100207047034B11
S21401E80018787047024BFBE7024BF9E7516F00207F
S21401E810526F0020536F00200023F0B590F830416E
S21401E82085B002462046CDE90133CDF80B30FFF71F
S21401E830DFFF92F82B30411EC9B28B4228BF0B4630
S21401E840002C3CD0012C38D1042418464FF00F0C74
S21401E850384E0DEB0405B0FBFCF7F75D013CC01B21
S21401E860C0B2814238BF00206055002CF3D1052488
S21401E8700F278DF80830B3FBF7F0305C0344DBB2AA
S21401E8808B4228BF0B462B5501340B2CF3D10F2698
S21401E89002F1A800D43215F8013BB3FBF6F14C1C8B
S21401E8A0C1EB01115B1A0133DBB2E4B21B0443EA8C
S21401E8B0045340F8043F8242EDD105B0F0BD042474
S21401E8C018464FF00F0C1C4F0DEB0406B0FBFCF581
S21401E8D0EDB27D5D013C401BC0B2814238BF0020D5
S21401E8E0A055002CF2D105240F258DF80830B3FB76
S21401E8F0F5F0385C0344DBB28B4228BF0B46335538
S21401E90001340B2CF3D10F2502F1A804D43216F8EA
S21401E910013BB3FBF5F1481CC1EB01115B1A013356
S21401E920DBB2C0B21B0443EA005344F8043FA242E0
S21401E930EDD1C2E74DBF040040BF040038B5284BF7
S21401E94005461A7827490C2A02D1FF20087038BDDF
S21401E95010461CF0DFF804461046FFF749FFA842B0
S21401E96028BF2846C0B2A04238BF20460B78C0B2A6
S21401E9708342ECD0087088B1431EDBB2022A1A49E2
S21401E9800ED14FF0FC62C1F8FC20A1F50051D1F880
S21401E990FC2042EA4353C1F8FC30D8E70346EDE7D2
S21401E9A0124A134C1268AC32C4F8C02F4FF47F02DF
S21401E9B0C1F808210F49CA6FD202C8D40F22B3FB8F
S21401E9C0F2F2551CC2EB02129B1A0133D1F8084130
S21401E9D01B0443EA05532343C1F80831B7E700BFD8
S21401E9E0D06E0020506F0020002002B80456002090
S21401E9F0001000B0000002B82DE9F04F90F8305139
S21401EA000646D0F8A82087B035BB1F2A38BF1F227C
S21401EA10093A4C24844B85481B6A96F82B10C3F39D
S21401EA208213DC400368DFF82CA29342DFF82882C9
S21401EA307F4B04F0010414D11F78A74211D19AF834
S21401EA400070AF420DD17B4F3F788F4209D1B8F8A5
S21401EA50040007B0BDE8F08F032A38BF0322023A4C
S21401EA60D7E7026098F800001C70FFF7C1FEFF2987
S21401EA7024D128461CF04EF807466F493CB3D6F819
S21401EA80E4702FB13B68082B40F2CB8097F83870C2
S21401EA901DBB0B6840F27121B3FBF1F353431922FE
S21401EAA0B3FBF2F339462A4605A805931CF008F88D
S21401EAB002023C04059842F0110988E0471E8F4285
S21401EAC028BF0F46012F38BF0127FFB2D5E7012D1A
S21401EAD029D0022D01D0B5B327460B6840F271212B
S21401EAE0B3FBF1F353431922B3FBF2F33946012288
S21401EAF007EB072405A8059307EB04241BF0E0FFAA
S21401EB007F00032F38BF0327020242EA001242EABF
S21401EB100009033F00F01F0007FA00F0FFF7E4FCCE
S21401EB2000F5FA6758E00F23B7FBF3F3581CC3EB65
S21401EB300313FB1A0133DBB2C0B21B0443EA0053D2
S21401EB40C3F30747C9E70C6840F27121B4FBF1F43F
S21401EB500F2354431922B7FBF3F3B4FBF2F43748FF
S21401EB60374A0068A2FB0412013350FA83F313F804
S21401EB70013C0392A3F140012A4603A801931BF02E
S21401EB809FFF039F2F4AE41BA2FB04120090302133
S21401EB90049204A82A461BF093FFDDF810B08146C4
S21401EBA0A4EB0B0401220594102144F2100405A8DD
S21401EBB01BF086FF009B1A02019B42EA091244EAF7
S21401EBC00344059B42EA000907EB0B001844FFF7D4
S21401EBD08BFC00F50C57283740F6FF711A4B384668
S21401EBE0C3F8C010A3F58053C3F8C090A3F58053B3
S21401EBF0C3F8C440154C276001F0B0FC4FF47A729C
S21401EC00134B4042986523680A49B3FBF2F3A8F810
S21401EC10043096F82B30B7FBF2F08AF800500B70F0
S21401EC2017E7002734E700BF004001B8086C002052
S21401EC302E6500204D6F0020785500202C550020B1
S21401EC4069C2F568911E856B006001B860550020A9
S21401EC50001F00B04E6F0020D06E0020014B1870D0
S21401EC60704700BF4F6F002010B5044603F012F83E
S21401EC7078B1174B1B786BB964B1164B1B784BB147
S21401EC80154B1B78013B012B04D84FF40042134B64
S21401EC90DA6710BD124BDB6F1B04FAD420F047FC79
S21401ECA04FF400420F4B0446DA67A3F5A0435B68B6
S21401ECB02BB1FEF741FF10B102201BF03CFF0222F0
S21401ECC0094B2046BDE81040C3F8842420F02ABC36
S21401ECD02F6500203065002064550020002002B812
S21401ECE0000002B8001002B800D003500122024B07
S21401ECF000201A70FFF7B8BF2F6500200022024BD4
S21401ED0001201A70FFF7B0BF2F650020F7B5064641
S21401ED10504C00F037FD504B2578504F1E7085BB88
S21401ED202846FFF7A1FF2378013B012B19D8E37B87
S21401ED3001A88DF80430237C8DF80530E9F7FAF93F
S21401ED40C7F884544FF6FF72454BC3F88420F82267
S21401ED50A3F58053C3F884200022404BC3F88424D3
S21401ED600DE04FF6FF723E4BC7F88454C3F884207B
S21401ED70F822A3F58053C3F88420C7F88454394B8E
S21401ED805BE00020FFF770FF2378013B012B08D8DA
S21401ED90E37B01A88DF80430237C8DF80530E9F774
S21401EDA0C9F90023C7F88434002ECBD062685AB361
S21401EDB02D4B1B6803EB5203B3FBF2F3013B1B0223
S21401EDC043F0F80326782649022E284A1ED0032E41
S21401EDD04FF6FF75214826D0012E34D143F00203A9
S21401EDE0C1F88450C2F884300723C0F88434E37B2A
S21401EDF001A88DF80430237C8DF80530E9F76EF90B
S21401EE000120FFF731FF17E0F823DBE74FF6FF702D
S21401EE1043F00103C1F88400C2F8843006220F4B88
S21401EE20C3F88424E3E743F00503C1F88450C2F82D
S21401EE3084300423C0F884340D4B4FF08042002008
S21401EE40DA6703B0F0BDC1F88450C2F884300023FD
S21401EE50F0E700BF645500203065002000C0035075
S21401EE60006000B8002002B878550020005000B8B5
S21401EE70001002B8F0B5294F06463D4604460FCEAF
S21401EE800FC5336885B02B6000F07CFC0022244B54
S21401EE90C3F88424A17A627A42EA0142C3F8902434
S21401EEA0217CE27B42EA0142C3F88C24217B627B0F
S21401EEB041EA0240C3F888043B78032B2AD8DFE8EE
S21401EEC003F022020C178DF8041004218DF805209A
S21401EED00DEB01000022E9F7CDF8E37B00228DF867
S21401EEE00830237C042102A88DF80930E9F7C2F81E
S21401EEF0637A01228DF80C30A37A042103A88DF8D9
S21401EF000D30E9F7B7F8074B187805B0BDE8F040C3
S21401EF10FFF7FCBE212005B0F0BD00BF6455002000
S21401EF2000C0035030650020034BDB6F002BBCBFD5
S21401EF30024BC3F888007047000002B8004000B8D2
S21401EF402DE9F0471BF05BFE4FF47A762D4BB0FBB4
S21401EF50F6F618604FF4FA73734307462A48190EFB
S21401EF601B021818294A4FF0000341F10001FBF774
S21401EF7081FE274BA0F5807205461A6320B9482208
S21401EF802B21FDF753F801254FF47A724FF0000A52
S21401EF906A43534650083102FBF76CFE1C4B1D4A70
S21401EFA0B7F57A7F9A601C4B4FEA056819601B4BD0
S21401EFB08946044618604FEA152505D29B222B2167
S21401EFC05046FDF733F801264FF47A73A8FB030188
S21401EFD003FB05117308C01841F1000100233246F6
S21401EFE0FBF748FE0E4B023419600E4B49F100093F
S21401EFF0A408186044EA8974054B013C9C63BDE88B
S21401F000F08700BF7855002020A1070040420F007E
S21401F01000C001B802110100885500208455002067
S21401F020805500207C5500201022044BC3F8842113
S21401F0305A600122024BDA60704700BF00E100E02F
S21401F04000C001B81022064BC3F88421C3F88420FF
S21401F050BFF34F8FBFF36F8F0422024BDA60704706
S21401F06000E100E000C001B810B50446A242A2EBE0
S21401F0700000A3EB010104D2034B01399B6B013362
S21401F080184401F0030110BD00C001B838B50125D0
S21401F0900A4B02019D504FF480730446084A834090
S21401F0A0536620F044FA074AA540137823EA05037D
S21401F0B01370BDE8384020F035BA00BF00E101B852
S21401F0C000E001B8396500202DE9F84F16460546DF
S21401F0D08A461F4620F02BFA022E00F090808046CA
S21401F0E020F032FA594B5A4AD3F82090147D5A6EC2
S21401F0F0E4B2520744BFD3F82090013404F003046D
S21401F10020F01DFA4846214600F036FA8446DAF821
S21401F1100000012E04BF01306044ACEB000C08BFB8
S21401F120CAF80000BCF1804F7DD300F037FA814564
S21401F130A1EB040188BF454BDFF834C188BF01F15C
S21401F140FF3101F0030188BF9B6BA0EB090E0CF8A1
S21401F1500510A1B1F90742BF41F61F723D4B5A6730
S21401F160BA0742BF3B4B3C4A5A677B0742BF002265
S21401F170364B9A673C0742BF0022344B9A651124EE
S21401F1804FF0010A314B05F11002120103EB051B8A
S21401F190CBF80C0131499C501A6A0AFA05F4586EEC
S21401F1A00B78A2EB0902E4B2234372450B7025D318
S21401F1B04FF48073AB40034220D11CF80520002A8F
S21401F1C040D10EB3264AF807536607D541F61F719C
S21401F1D040F201101F4B596750675967B90706D5AA
S21401F1E01C4B1D4A1E491F485A6748675A677A07CB
S21401F1F042BF01221C4B1A613B071AD4404620F03D
S21401F20091F90120BDE8F88F184A2D0142F805A0B2
S21401F21042F89C3C20F08BF910490B7823EA040352
S21401F2200B7020F07FF9404620F07CF90020BDE805
S21401F230F88F2120FFF778FE4FF48032034B4046CB
S21401F240DA60DCE7064A40465366D8E700C001B8F4
S21401F250E855002000E001B800001F1F39650020B6
S21401F26000D001B800000101000002B800E101B8B9
S21401F27031650020024B1878003818BF012070470E
S21401F28039650020034B10300001185800F00100CA
S21401F290704700BF00C001B870B50646FEF74CFCCB
S21401F2A0044608B1FFF7CEFE0023084D3046AB6199
S21401F2B0EB612B6200F072F9054BC9B21975286231
S21401F2C00CB1FFF7B1FE002070BD00BF00C001B851
S21401F2D0E85500202DE9F0419DF818800D46B8F15B
S21401F2E0000F08BF0022214EB5F5803FB1680746E2
S21401F2F021F4700141F4A001B1609DF820409DF811
S21401F3001C104FEA042444EA016444EA031444EA64
S21401F310084444EA02044FF0180140F2E9222CBFE7
S21401F320002001207465FCF781FE3564B8F1000FFA
S21401F3301AD00F4BBC68D3F888305A2C38BF5A24E1
S21401F3405B0606D500F0F0FB18B10A4BB3FBF0F3F1
S21401F3501C44204600F022F90130854238BF0022C5
S21401F360024B34BF5A645864BDE8F08100C001B84E
S21401F37000C000B800093D00214B10B51A6E1A6690
S21401F380596C59B11F49C96800292EDB596D4FF0D8
S21401F390FF3301F00F018B409A4326D11024202021
S21401F3A0FFF7C2FD184B9C6002F088FB2022174B2A
S21401F3B0C3F8842101F0F4FC48B1002200200821A2
S21401F3C0FEF71CF8124B5C66A3F580531C670D4ACA
S21401F3D0D36803F07063B3F1807FF9D9084B0D4A07
S21401F3E05A6741F201429A6710BD01F0D9FC002824
S21401F3F0F4D0094B064A5366A2F580521367EDE72F
S21401F40000C001B8000002B8001002B800E100E038
S21401F41000E001B8011B01181000002008B52120EA
S21401F420FFF782FD4FF48032014BDA6008BD00BF62
S21401F43000C001B8F8B5184D04462B6A1B0426D542
S21401F44000F0E6FB2B6AA0FB044613F0787F4FEA38
S21401F4509367C3F34450C3F3044505D140F25A42BF
S21401F4602B21FCF7E3FD0120AD01B5FBF0F010EB1D
S21401F470871005D140F25F422B21FCF7D7FD012012
S21401F4800246002320463146FBF7F4FBF8BD00F0A8
S21401F4904BFBA0FB0401F9E700C000B802460120BF
S21401F4A030B50B4CA0F12003C0F1200524FA05F578
S21401F4B004FA03F32B4304FA00F595428B4100D37B
S21401F4C030BD0F2801D00130ECE7FF20F8E700BF80
S21401F4D040420F0010B50C46FFF7ACFFC30943EAE4
S21401F4E04163C01A61EBD111FFF7D8FFFF2814D092
S21401F4F00F220C4B40F01000C3F88820A3F5805370
S21401F500C3F88800A3F580531B6ADBB2802B06D0B4
S21401F5102046BDE8104000F067BB212010BD022048
S21401F520FCE700BF00E000B838B520F00DF8084B46
S21401F530084A1D6A147D5A6EE4B2520744BF1D6A1A
S21401F54001341FF0FCFF284604F0030138BD00BF5C
S21401F55000C001B8E85500200346064A103302EB06
S21401F56000111B01D1F80C01D158C1F340011BF069
S21401F570EDBA00BF00C001B8064B1B68434303EB5E
S21401F5808171054B1B68A3FB003013F1004341EB6F
S21401F59000007047805500207C5500200C4A20F062
S21401F5A04043014610B5002014684FF00042E4FBCA
S21401F5B00320084A890F126802FB0300064B9B6B67
S21401F5C0984204D901330131C01A01F0030110BD7C
S21401F5D0845500208855002000C001B8044B01F076
S21401F5E0F071103041F0030100011950704700BF5F
S21401F5F000C001B808B52220FFF796FC4FF4802220
S21401F600014BDA6008BD00BF00C001B808B5064B63
S21401F6104FF030401A6805499200FCF727F8BDE81C
S21401F620084001F0E3B800BF90BF040094BF040097
S21401F63070B50C68651C15D0C4F302669E42C4F30F
S21401F640074530D1A4B294422DD804EB8506B242C8
S21401F65029D2141BA50824F003040E59340F04D034
S21401F660012C08D00022212402E06B1C51F8232033
S21401F670C0E9002470BD0E4C34F8133042EA03434F
S21401F6801A686B1C51F8234001EB83014B6822403A
S21401F6905E4036F0704404D11B0F032B04BF8B6809
S21401F6A01A430024E4E7013501EB8501C1E700BFF9
S21401F6B068BF040007B501A8EBF71CFB4822164BF0
S21401F6C05A65164AD2F8D43023F4FC33C2F8D43043
S21401F6D0134B1B689DF80530023B012B19D84022BD
S21401F6E0104BC3F8FC23104BD3F85C32DBB2FF2B74
S21401F6F000D10623094A1B03D2F8FC139BB20B4325
S21401F700C2F8FC33D2F83021084B1A6003B05DF81A
S21401F71004FB00F0E7FEECE7008001B8000002B849
S21401F720002000B0001002B80080E00F1C55002039
S21401F73000224FF400710F4B10B51A675A679A678B
S21401F7400D4AD162012102F5E8325161DA6812F000
S21401F750706FFBD14FF0304201245A6602F5FC521D
S21401F76008329C66DA64054B1B689847044B5C615B
S21401F77010BD00BF000002B8004000B80C6C0020AD
S21401F780002002B801230F4A0F49C2F880328A6A64
S21401F79022F002028A620D4A53600D4A53600D4AF6
S21401F7A05360A2F580425360A2F54042536002F5D1
S21401F7B0C032536002F580425360A2F500425360A6
S21401F7C0704700BF0080005000C0005000D000B855
S21401F7D000500054005001B808B5FFF7D3FF0E4B98
S21401F7E00E4ADA6700F076FEFFF764FF03220C4B41
S21401F7F0C3F8E020012203F54043DA674FF4607254
S21401F8005A614FF40072DA67FEF778FBBDE80840EC
S21401F8100021FEF74FBB00BF000002B80048F00011
S21401F820005001B82DE9F04F054687B002900F460B
S21401F83057F8044B631C06D1029B2C60E81A801013
S21401F84007B0BDE8F08F5FEA147B18BF0123344A86
S21401F850C4F3016108BFC4F3074332F81120A4B210
S21401F8604FEAC30A2F4844EA02440AF104022A4432
S21401F87082421BD20722CA4002F0010201929A007C
S21401F88004EB830303930123B94603FA0BF808F04C
S21401F890940305F1080604920593039B09F10409F4
S21401F8A0A34208D1049955443944C0E71D4A9542FC
S21401F8B0E0D80020C4E7059B53B918F0420F19D1D0
S21401F8C018F0280F0BD146F8084C59F8042C21E003
S21401F8D04FF4206232210020FCF7A8FBF3E740F644
S21401F8E0042232210198FCF7A1FB04F5805246F868
S21401F8F0082CEAE740F60D2232210198FCF796FB28
S21401F90004F50052BBF1010F46F8082CDDD159F879
S21401F910042CD24346F8042C04340836BDE700BF55
S21401F92068BF0400003000B0F8B50546F0B1002607
S21401F930154B34461F46154953F8042BBAB9A00097
S21401F94000F13040294600F50150FFF76BFF30B952
S21401F95040F6AE323621BDE8F840FCF767BB0C4BEB
S21401F9600134044447F8265023F81640F8BDAA424D
S21401F970FCD001360C2E02D031F81640DCE740F6FA
S21401F980C83236210020E6E78C550020D25D0020E3
S21401F990D45D002070B50446A8B1C1B1384A52F80A
S21401F9A0043B984215D1002336498A689206FCD456
S21401F9B09B00354A03F1304303F50153C2F8B030DA
S21401F9C02022324B9A6070BD01330C2B02D1304D90
S21401F9D012E0012352F8041BA142F5D12D4A32F858
S21401F9E01330E1E704D16268C3E90012083403E08A
S21401F9F0012A01D1043419602268531CE3D0C2F3F2
S21401FA00016335F81300110C93B211F0FE0F43EAAF
S21401FA10004360680DD00434CAB2022A2168E1D9D5
S21401FA20D4E90160033AC3E9001698600C340C333C
S21401FA30F3E7120F072AD9D8DFE802F00704090D09
S21401FA401013181DC04303F500531860CEE71A685B
S21401FA5042401A60CAE703F58053F6E71BF06BF8DD
S21401FA60C4E7012203F580538240F2E7012203F541
S21401FA7000538240EDE71A6830EA0202FBD1B5E78F
S21401FA808C550020000002B8001E00B0001002B81D
S21401FA9068BF0400D25D00200122014BDA6770477F
S21401FAA0001002B80122014BDA677047002002B845
S21401FAB04022014BDA677047002002B84022014B12
S21401FAC0DA677047001002B80B4B1B68D3F8E430B6
S21401FAD023B11A68022A01D9186A7047074B9A6D32
S21401FAE090B238B1064BC2F307421B68DB0853439A
S21401FAF0B3FBF0F0704700BF04560020004001B889
S21401FB0078550020064BDB68C3F30363984206D1A1
S21401FB10044AD36B23F0F00343EA0111D163704723
S21401FB20000002B8001F00B0054B1B68D3F8E43094
S21401FB3013B11A680A2A01D8FFF7C6BF186C7047B6
S21401FB40045600202DE9F74306461AF0EDFF00247F
S21401FB508046DFF890901FF0EAFC0DF1070105469C
S21401FB600DF10600FEF75AF89DF806308BB9721CA7
S21401FB7029D01AF0D9FFA0EB080428461FF0D2FCC2
S21401FB809DF8063013B99DF807303BB3A642E2D87C
S21401FB9024E0D9F80C3013F4603FE8D0D9F810000F
S21401FBA01BF02FF8731C074603D01AF0BDFFA0EB1D
S21401FBB0080428461FF0B6FC17F5007FE0D038464B
S21401FBC003B0BDE8F08328461FF0ACFC9DF8063074
S21401FBD0002BC0D19DF80730002BBCD1004FEEE7BB
S21401FBE000FEFFFF00C000B810F1800F04D04D28C2
S21401FBF0CEBF7F20323040B2FF22044BC0B21A6221
S21401FC00A3F5805318620020704700BF00E000B8DB
S21401FC100B4A10B5136E0B4C116E03F00703E35C31
S21401FC20C1F3CD0101FB0333126E0748C2F345420F
S21401FC3002FB033300688001B0FBF3F010BD00BF88
S21401FC40004001B860BF040078550020084910B58F
S21401FC50D1F89C3040B11C46CA68D1F89C309C4211
S21401FC60F9D1C2F30362027003F00F0010BD00BFAA
S21401FC70000002B8094B01F080011B6F03F48003FA
S21401FC800B4309D14FF40012054B1A62837F1BB157
S21401FC900122044BC3F80021704700BF000002B8E0
S21401FCA0006001B8005001B82DE9F04F404F804682
S21401FCB085B038680C461AF03EFC20B90024204670
S21401FCC005B0BDE8F08F224600214046FBF73EFB1B
S21401FCD0384B5D6915F00105F0D1FCF701F80646D1
S21401FCE00028EBD03F6838461AF05DFB4FF6FF73ED
S21401FCF0984234D04FF060512F4E304B304AD3F8F3
S21401FD002090D6F88C3011624FF00061A2F5805237
S21401FD10116224220421C6F88C202A4A4FF4804B13
S21401FD2091604FF480520027DFF8A4A0CAF868B0AB
S21401FD30F262A7421ED30421234A9160A2F5F03253
S21401FD40C2F88C304FF060521D4B1A6209EA02036A
S21401FD501E4A13624FF480421D4B9A66AFE7314646
S21401FD6038461AF0C4FA01463846FCF7FDF8002872
S21401FD70C0D0A3E7B26E5104FCD5B268D205F9D55E
S21401FD80CAF868B0D6F890200135012D0392D0D973
S21401FD90E21B042AA8BF042208EB070003A901936B
S21401FDA00092FBF763FC009A019B3A4497B2C0E7C6
S21401FDB004560020000002B8004000B8004001B818
S21401FDC0006001B8001002B8002002B8005001B867
S21401FDD0006000B84FF604014FF60502044B0120FF
S21401FDE01B6C9BB28B4208BF1346024A13667047D0
S21401FDF00080E00F00C001B82DE9F74F81460F469D
S21401FE004FF0FF35FFF790FB002601908A462C46FF
S21401FE103046DFF8D8B006F110031B015BF803305B
S21401FE2003F00308B8F1010F15D13046FFF794FB34
S21401FE3002460B4601985146FFF716F9DBF8643087
S21401FE4006F10802D340DB0739D5002F40D0002544
S21401FE502C463E6040460136082EDCD160B3234A6C
S21401FE600027D2F808C0916B0CF440330131A4FB93
S21401FE700141641941F10001B3F5003F30D1536BE4
S21401FE800CF4405C013347F10006BCF5805F22D1DB
S21401FE90156B15F5807505FB06F647F1000203FBA9
S21401FEA00266A5FB03323244594304FB0212A3FB4C
S21401FEB004341444C9E9003403B0BDE8F08FA84205
S21401FEC071EB0403C6D207B13E6005460C46C1E796
S21401FED03D463C46BEE7320242EA13621B02E3E7B6
S21401FEE0136B13F5807347F10002DDE700C001B81C
S21401FEF008B51AF09AFE044B5A7C0123023293404D
S21401FF00024A536108BD00BFE85500200020005892
S21401FF102DE9F34105460F4668461146FFF76CFF8B
S21401FF200646B0B1AFB1DDE900321B0A43EA02630F
S21401FF30A5FB0384094B120A05FB02441A6812B991
S21401FF401AF05DFE0246002340462146FAF792FE6D
S21401FF503860304602B0BDE8F08100BF7855002019
S21401FF6037B50446FFF70EFCE17822791B4841EAD3
S21401FF700243C0F8CC34E579A37943EA0543C0F8D7
S21401FF80D03423784BB18DF8041004218DF8052068
S21401FF900DEB01000022E8F76DF863785BB10421F0
S21401FFA0A37900228DF80430E3790DEB01008DF87A
S21401FFB00530E8F75FF8227801235AB1084AC2F8FB
S21401FFC0C834627802233AB1054A0020C2F8C83420
S21401FFD003B030BD034AF2E7024AF6E700C0035019
S21401FFE000D0035000E0035070B52C4B0C461A7835
S21401FFF012B92B4A926D1A702A4AD26F52054AD507
S2140200001D78294B05F00F06B0FBF3F040434FEA8C
S214020010151505D140F27C622B21FCF707F801206A
S214020020224A0A217243B2FBF0F34843B3FBF1F6CD
S21402003002EB5002B2FBF0F201FB1633042BD2B2F3
S21402004007D8C3EB8310C3EB80035BB283B96DB2F0
S21402005017E0C3F10B0303EB8303DBB2B3FBF1F34D
S2140200602B44DDB20F2DF2D9013AD2B2053DEEE7AE
S214020070053B5BB293FBF1F31D44EBB26DB2002D70
S21402008004DB002042EA0512226070BD013205330D
S214020090D2B25DB2F5E70220F7E700BF3A6500206C
S2140200A0008001B8000002B8403B25008096980008
S2140200B04FF0000C2DE9F84FA2FB017BC84EDFF88B
S2140200C05CE3BE1999466BF10003B6457CEB03036D
S2140200D008D240F23E220E216046FBF7A7FF02201E
S2140200E0BDE8F88FD0F8E4A00C461546BAF1000F2A
S2140200F004D0DAF80030032B00F21B81B94BBA4A5F
S2140201009B6BD2F8FCA0C3F31408B84BD3F8EC30C0
S2140201105E00B64B48BF48F400181B6E48EA4568B6
S21402012058074EBF4FF440039B0503F0E07348EABE
S21402013003081DF0D5FA012D0646D0D10028CED0F0
S214020140AB4B984200F0048103F5122303F5F863E3
S214020150984200F00381A74B984200F02F810025B9
S21402016002462B4600204FF00071FAF783FD2B461D
S214020170013007FB03F3C8F3130100FB0B33A1FBAB
S2140201800662A7FB007001FB0522034420339B098D
S214020190C9F80030F60C984B46EA423618F4801F2F
S2140201A01C6008BF7642954B954DC9F814403444FE
S2140201B01E602C60BAF1000F00F0B980002391494E
S2140201C0C8F381528A5C194618F0807F18BF64080B
S2140201D0002EB8BF764292066008C2FB060122468F
S2140201E0FAF748FDDAF800300E2B08D97F4B7D4A25
S2140201F0926BD969D3F80C31C90600F1D68018F48F
S214020200001814BFC42240F207127F49C0F313003D
S214020210A1FB04614FEA511102FB01F1C9F8040087
S214020220DAF818004FF4FA73B1FBF0F118BF4FF08A
S214020230000801FB03F3A4FB0262FA33A3FB0030BF
S21402024004FB0822B342904138BF0131C9B241F4DF
S214020250006CC9F808C000297ED0DAF81C00A1FBA1
S214020260003624B1B4FA84F20E2A40F38880E20300
S214020270002E77D1B2FBF3F2530003FB0113A3FB6C
S21402028000764FEA044EBE454FEA144474EB060667
S21402029009D34E003344A0FB0371BE4574EB010143
S2140202A002F10102F6D2C2F30E024CEA023C4CF014
S2140202B00063C9F808301DF013FA2B68002B00F013
S2140202C08880B3FA83F4D4F102044CBF1C4623FAA6
S2140202D004F44E4B9C4288BF6408002846D0B4FB08
S2140202E0F0F3642100FB134201FB02F2904244D871
S2140202F05A1E52085B08013B120242EA0313C9F86F
S2140203000C301DF0B9F900285CD0B4FBF0F2642181
S21402031000FB124401FB04F4A0425ED8531E5B08A5
S2140203205208013A1B0243EA0213C9F810300020B1
S214020330D6E6042BDAF828807FF4FBAE18F0807F2E
S2140203400CBF08F0E0734FF4400328F0E078EEE6C6
S21402035000232F481D460CE72120C1E600232D4826
S2140203601D4606E70B46002289E7044640F2C242D3
S2140203702B210020FBF75AFE2346013BB8E7C2F1C9
S2140203800F0702F1110E06FA0EFEFB4043EA0E03B9
S214020390A7F1200E26FA0EFE43EA0E03FE400133B4
S2140203A004FA02F246F1000662E702F4801203F44F
S2140203B000131A4308BFC0F5801020E70023164832
S2140203C01D46D6E640F2E5422B21FBF72FFE621EC3
S2140203D0A4E70028C9D01C46CFE71446F7E700BFBB
S2140203E0006CCA88008001B8001F00B0004001B847
S2140203F000F04902005A6202C4550020C05500208F
S214020400BC55002078BF0400D34D62103FBE402585
S2140204100A3BB2DF313641DCD694BFD6807C814AB5
S21402042010B50B46044686B039B982790168214870
S2140204306B460068FFF73CFE6B461F4A196851631D
S2140204401E4AD2F8FC2062B35A6842B11C4A1D49C1
S214020450C2F80C115968A2F58052C2F80C119A68BB
S21402046042B1174A1849C2F8EC109968A2F58052B0
S214020470C2F8EC101549D868D1F8642122F4EE626D
S2140204800243C1F86421D1F85C21186922F4EE62B5
S2140204900243C1F85C21A1F5FF4158692839FFF7EC
S2140204A0A3FD0020A2880A4B9A6203F5A0331864C3
S2140204B006B010BD04560020008001B8001F00B030
S2140204C0006001B8FFFF0F00FFF8FF0F000002B840
S2140204D0004000B84FF48062014BDA67704700BFF5
S2140204E0001002B84FF48062034BDA67034B1B78A6
S2140204F00BB1034A93657047002002B83A650020A4
S214020500008001B840B10368012B05D90069034B8E
S214020510002808BF184670470048704780BF04008E
S21402052010B590B10468012C0FD902696AB111683E
S214020530094B102C196051685960916888BFD268BF
S214020540996094BFD960DA6010BD1022002102487B
S214020550FAF7FCFEF8E700BFCC550020084BC1179F
S2140205601A68A2FB000302FB013310F1807043F10C
S2140205700003400E40EAC310803820EAE07070475D
S214020580DC5500200722164B70B5DA66154B164A64
S2140205901D68164BEC08E005C0184FEA153141F10C
S2140205A000010023FAF766FB114B124E18604EF656
S2140205B06020FFF7D3FF4042C6F884000E48FEF7DD
S2140205C0EDFF024658B1E301500818184FEA1571BC
S2140205D04FF0000341F10001FAF74CFBF06570BDE5
S2140205E0000002B87855002065CD1D00B2E60E0068
S2140205F0DC550020001F00B040420F0010B5044634
S21402060098B10B4BD3F8FC00FFF78AFF4FF47A73CE
S21402061003FB04F0074BA0F6AC50DA689B68104464
S214020620C01ABDE81040FFF799BF4EF66020F8E703
S214020630001F00B0CC5500202DE9F84305460846B9
S21402064014461E46FFF76CFF0DB306F0020716F0BF
S21402065004061ED1DFB14FF47A706B685843002B44
S21402066040F08C80FFF77AFF60626B69002B00F027
S2140206708C804B4AD0684FF47A7202FB0300A0F5D6
S21402068003501038FFF76AFF2062002E57D1BDE8EC
S214020690F8832869002868D04FF47A735843404B91
S2140206A0A0F6AC509B68C01AFFF758FFE061A88B13
S2140206B000285DD04FF47A735843394BA0F6AC50FD
S2140206C09B68C01AFFF74AFF2061364BE968D3F8E9
S2140206D0008000294FD04FF47A735943304BA1F66D
S2140206E0AC519A685B68891AC91A2F4BC8171A68E0
S2140206F0DFF8BC90A2FB011302FB003311F18071FC
S21402070043F10003490E41EAC3118039274B616168
S214020710DB6EA361D9F8003053B140461AF005F9F2
S21402072030B12246D9F800301D49D8F8D80098478B
S2140207300021A869FFF762FFA062002F8BD1A8688C
S21402074030BB47F23050FFF709FFA0604FF47A70D3
S2140207502B6858432BB1124B1B6803F51C531033FE
S2140207601844FFF7FBFEE06091E74EF660209BE739
S2140207704EF66020A6E74EF66021B6E7084B1B68E9
S21402078003F51C53103318446CE747F2305079E7F0
S2140207904FF47A735843A0F503501038D3E700BFDE
S2140207A0CC55002004560020DC550020001F00B067
S2140207B0C855002038B5054608461C461AF0D7F933
S2140207C00246D5F8E400FFF79DFE4368A018002B0A
S2140207D0044AA8BF4FF4FA721A44034B92FBF3F290
S2140207E0104438BD0CFEFFFF18FCFFFF70B5124C1C
S2140207F088B001AD0FCC0FC594E8070085E8070066
S2140208008C2200210D48FAF7A1FDD42200210C48C3
S214020810FAF79CFD0B4B0C4A5A6301F04DFA0B4B50
S2140208201B783BB1044E01AD0FCD0FC695E807000D
S21402083084E8070008B070BDC41F00B0A01E00B058
S2140208402C1F00B0001F00B0101111112D650020E2
S21402085008B51EF06CFE0E4B1A78A2B90D4A126845
S21402086012F4843F0FD10C4A1021D1671B7863B96A
S214020870084B1B68DB0508D4074B2022DA67BDE865
S21402088008401EF04FBE054AEEE7044BF5E700BFF0
S21402089040650020B8160020002002B8001002B8FA
S2140208A00A4B197801F0FF0229B100211970084994
S2140208B09202C1F8B420597801F0FF0229B1002152
S2140208C059709302024AC2F8B83070473B6500205E
S2140208D0005000B8064BD3F8D80E064B5B6F1A01D1
S2140208E003D4054B9B6E1B0401D500F58070704740
S2140208F0001000B0000002B8004000B810B51EF0AC
S21402090016FE0E2104460320FFF7FCF840F20122F1
S214020910034B2046BDE81040DA621EF003BE00BF5D
S214020920004000B808B51EF002FE4FF00042224B0F
S214020930C3F88020BFF34F8FBFF36F8F0122C3F837
S2140209408420BFF34F8FBFF36F8F0222C3F8842039
S214020950BFF34F8FBFF36F8F0422C3F88420BFF319
S2140209604F8FBFF36F8F0822C3F88420BFF34F8FD9
S214020970BFF36F8F1022C3F88420BFF34F8FBFF3ED
S2140209806F8F2022C3F88420BFF34F8FBFF36F8F81
S2140209904022C3F88420BFF34F8FBFF36F8F4FF40C
S2140209A08072C3F88420BFF34F8FBFF36F8FBDE80A
S2140209B008401EF0B7BD00BF00E100E008B51EF01B
S2140209C0B6FD4FF00042094B1A6001225A6004221B
S2140209D05A6008225A6010225A6020225A60402228
S2140209E05A60BDE808401EF09DBD00BF00E100E071
S2140209F0012370B5074C2370074B1E68074B324025
S214020A00D3E9005319402840FCF7F8FC0023237072
S214020A1070BD00BF3E650020E4550020B8160020D9
S214020A200022044B1A70044B197811B11A70FFF7A2
S214020A300FBF70473F650020406500202DE9F04754
S214020A40DDF820A003EA0108099B06460C4602EAE6
S214020A50000703EA0A09BAF1000F40F04E81031FAD
S214020A600B4300F00E81052871F1000380F0E4804C
S214020A7050EA010300F06081431E0B4300F024811C
S214020A80FFF750FFAD4AD2E9005323EA040325EAF2
S214020A9006053D4343EA0807A94BC2E900571E680C
S214020AA0DFF8F48226EA0A0646EA09061E60FFF71F
S214020AB0CFFE15F02A4F14BF48F202034FF400434C
S214020AC0A04AB007D26EA04848BF43F4005383EA58
S214020AD0020122EA0302C2669C4A0B408166D36682
S214020AE0C5F380421203290348BF42F48072EB0624
S214020AF048BF42F40052964BAC0648BF42F400721E
S214020B006806D3F80C3248BF42F48062290648BF12
S214020B1042F400628F4882EA030123EA0203C0F825
S214020B200C328D4B0A40C7F34024A404C0F80812C6
S214020B30C3F80C22EA0448BF44F48034AB0348BF2F
S214020B4044F48014A80748BF44F4800415F4001F38
S214020B5006D0D8F800001AF03EF908B944F400248A
S214020B60E90248BF44F40034FA0648BF44F40004DD
S214020B7073077A4B48BF44F004041A6A44F400141C
S214020B8084EA020323F0010375491A400A621C40F4
S214020B90CB61744B16F0010F1C62734B734A18BF7D
S214020BA01A46734B7C071B6F48BF42F000627148BF
S214020BB082EA030123EA020303676F4B0A40416697
S214020BC01A676E4A05F00103516CA0F5803081EA7F
S214020BD0030221EA0301416482631A40684B280239
S214020BE05A64D8F8002048BF664B92F8F62058BFE1
S214020BF0654B690748BF43F4806322B115F4C06FA2
S214020C0018BF43F480733207604A48BF43F000437C
S214020C10D2F8EC105E4883EA010222F4A0221140C8
S214020C20C0F8EC101340C0F8E0205A4ABDE8F0477E
S214020C30C2F8EC30FFF7C2BEA0F580630B4306D0C5
S214020C4020F48063A3F500730B437FF419AF1EF004
S214020C506EFC3A49D1E9003223EA060322EA04028C
S214020C6042EA08023B43C1E900324B4A126892F854
S214020C70F610474A09B313F4C06F1ED04FF48073C0
S214020C8011E01EF054FC2D4AD2E9003123F0040391
S214020C903B4341EA080157EA0807C2E900314FF42C
S214020CA080633B4A0BD0C2F8E030A2F58052C2F80D
S214020CB0EC30BDE8F0471EF035BC4FF48073C2F846
S214020CC0EC30C2F8E030F4E71EF031FC1B4AD2E901
S214020CD0003123F001033B4341EA0801C2E9003137
S214020CE001232E4A57EA08071BBF9363A2F58052D8
S214020CF05364536408BF9363DBE750EA01037FF44F
S214020D00BFAEBAF1010F7FF4BBAE1EF010FC0C4A68
S214020D10136823F0010343EA090313604FF4806368
S214020D20144AB9F1000F04D05366A2F58052136735
S214020D30BFE713675366BCE7BDE8F087B816002026
S214020D40E4550020004000B8006000B8005000B82B
S214020D50004001B8006001B8005001B8000002B8B7
S214020D60002002B8001002B8041C00030418000396
S214020D7000C001B800E001B800D001B800C000B859
S214020D8000D000B80D0A0A09090A0A0900400054F0
S214020D9000600054005000540456002000E000B8E2
S214020DA0024B5868C0F3C000704700BFB816002058
S214020DB0024B186800F00100704700BFB81600200A
S214020DC0024B5868C0F3C030704700BFB816002008
S214020DD010B50446FEF700FDFFF7A4FD2046FDF71A
S214020DE0BDF8FEF7A5FCFEF7ABF8FEF71DF9FFF718
S214020DF0C9FB13490723134AD1F8FC1004F1F80083
S214020E00FFF71AFC4FF080710020FEF7E7FB4FF069
S214020E1000720D4B4FF400110120C3F80021FEF7BB
S214020E20DDFBFEF7D7FF20B940F292321421FBF722
S214020E30FDF819F003FFBDE810400120FDF766BF7C
S214020E40001F00B0581F00B000D001B88023074A28
S214020E501367082340B11367054AD2F8A03023F07F
S214020E602003C2F8A0307047024AF4E7001002B826
S214020E70001E00B0002002B810B51EF058FB01217B
S214020E8004460020FFF7E2FF044B1961044B5B683F
S214020E9098472046BDE810401EF044BB000002B84A
S214020EA0F86B0020F8B5194C0546207840F2E4426B
S214020EB0B0FA80F03E214009FBF7B8F855B96078E1
S214020EC040F2E442BDE8F840B0FA80F03E21400924
S214020ED0FBF7ACB84FF440660D4F0E4DD7F8B43062
S214020EE040F2E442C3F381232370C5F8B46060780D
S214020EF03E21B0FA80F04009FBF798F8D7F8B830F0
S214020F00C3F381236370C5F8B860F8BD3B65002063
S214020F10004000B8006000B8F8B5084C084D236FD2
S214020F200423084F2B67236F5B0300D4F8BD042607
S214020F3002203E6719F0FFFD2E67F4E7000002B8B4
S214020F40001002B8002002B8A82238B51A4B1D6F4E
S214020F5003F500531A6710229A60A3F5804302F144
S214020F6000521A675A66FFF79BFC144B1B7813B99C
S214020F700320FEF78BF80024114B9C67FFF7CCFF8B
S214020F80104A114BD2F8D81E0B40C2F8D83E0422A3
S214020F900E4B1A670E4BAA06C3F8AC4008D503F5EB
S214020FA08073DB6CB3F5817F22BF8022024B1A610D
S214020FB0BDE83840FCF7C2BB000002B83D65002021
S214020FC000C001B8001000B0DF0000FF002002B829
S214020FD0001E00B010B549B930B3164AD3681B0ECE
S214020FE013F00E0F20D193689A061DD4FFF786FCE5
S214020FF0104C0020FEF72AFE032801D0092805D14E
S214021000636FDB03F5D4E36D0C2BF2D9FFF784FF95
S2140210104FF40072084BDA62012203F5E8335A6194
S214021020042203F580531A674FF4C062034BDA6258
S21402103010BD00BF000002B8004000B8006001B852
S21402104008B503210920FEF75DFD2022014B1A6137
S21402105008BD00BF000002B838B505461EF067FAA4
S2140210600E4B04461868FDF745F835B1FFF7D8FC75
S2140210702046BDE838401EF055BA094B1B78002BB7
S214021080F6D0084B1D78002DF2D1FFF7C9FC2A4690
S2140210904FF480400021FFF7ABFCE9E7045600203E
S2140210A03F6500203E6500202DE9F84F5C4B064662
S2140210B00D4614461B6F002A40F0AE8013F0A00FB8
S2140210C014BF4FF001094FF00009FCF737FBA023CD
S2140210D04FF0000ADFF868810320C8F87030FDF789
S2140210E0D5FF0420FDF7D2FF4E4FFFF799FC4E4B7B
S2140210F04FF0040B7B67C7F878A0FFF70DFF4B4B4A
S2140211004FF48071D3F8A020494842F02002C3F879
S214021110A020FF22C8F80820414A1161D0F8D82E34
S21402112044491140C0F8D81EC8F870B0C3F8ACA045
S2140211307B6913F0060F04D0FEF75CFA5846FDF7FB
S214021140A5FFB9F1000F08D04FF400623A4B1A67B8
S2140211504FF40042A3F5E0339A6666B1374BDB6C78
S214021160180701D4FFF7CAFBFFF76AFF0420FDF752
S2140211708DFFFFF795FB2A4B5A69D10747D5DA68E8
S21402118012F0706FFBD12E4B2E4A1A672E4AD36B83
S21402119023F0F003D36315B12046FFF75DFF2B4B18
S2140211A0D3F84C315A1C01D05B0002D50122244BE5
S2140211B05A6164B3214BDA6E03F500539A6603F55F
S2140211C0D0331B6A1E4A23F00103D361204BD3F8A7
S2140211D00C1203F50053C3F8081203F50053D3F8B4
S2140211E0841003F5005399671A4BD3F8EC1003F5F5
S2140211F00053C3F8E010184B596C03F5005399637B
S214021200164903F5803359664FF6084313670020E4
S214021210BDE8F84FFCF736BD4FF0000955E700BFB2
S214021220000002B800C001B800000101001E00B0B4
S214021230001000B0DF0000FF001002B8004000B847
S214021240002002B810003000001F00B00080E00F3F
S214021250004001B80040005400C000B85000002F03
S2140212609B4B2DE9F04F9F6EDB6E85B01F40994B6E
S2140212709F66994BD3F8E050D3F8EC301D40974B5D
S214021280C3F8E050964BD3F80822D3F80C3202EAA1
S2140212900309944BC3F8089203F52043DA691B6AE4
S2140212A002EA0308904B08F47702DA618F4BD3F810
S2140212B00422D20605D4D3F80431C3F30016DB06A3
S2140212C051D51EF034F98A4B5A695E6E1B6F12F0C6
S2140212D0060F06EA0306874A26F0007314BF4FF08D
S2140212E0010A4FF0000A23F400637407536604D51C
S2140212F0814A137D0133DBB213751EF013F9002FFA
S21402130000F0E28017F4004300F0D3801EF00FF9DD
S2140213100146FFF7DFFA0446784BD3F800B0DBF855
S2140213200020DBF800309A42FBD0DBF800209A421D
S214021330FBD0FFF7CFFAA04217D108461EF0F2F80C
S2140213406F4B1C606F4BD3F870B01BF4E0520ED19B
S21402135024F07F4424F0DF040CB9FFF7F5FD4FF0CC
S214021360807B002414E0B246C9E70446D7E7019220
S214021370FFF7EAFD5C4B019A1BF480541A6740F0B3
S2140213809A801BF4806F0CBF4FF0805B4FF0806B2F
S214021390B80715D55B4A5448126F02F460410167DC
S2140213A0002900F08B80110400F18B8012F4005F9C
S2140213B00CBF4FF000524FF0006200244BEA020BC3
S2140213C0C7F340377F00504A2A40002A4AD015F415
S2140213D0206F0AD040F6A31206210020FAF726FE56
S2140213E00020FFF739FE25F48025EB0506D5FF2100
S2140213F03D4A4BF4C06B9160FFF780FA15F0090F77
S2140214000AD040F6B81208210020FAF70FFEFFF7BE
S21402141017FE0121304A116315F0106F0CD040F60A
S214021420C11209210020FAF701FEFFF709FE002289
S21402143011461046FCF736FE15F4202F0AD040F669
S214021440C91207210020FAF7F1FD0020FFF704FE7B
S21402145025F48025E80301D5FCF768FF002DB8BF08
S21402146047F0080769070DD51B4AD26A12F4005FD7
S2140214704FF4005217BF19492449CA624BF4000BB5
S21402148008BFCA626A0548BF4BF0040B15F48023F6
S214021490019300F0A480FCF701FF0138062837D834
S2140214A0DFE810F028012B0128012E01310134015A
S2140214B034019B4655E74FF0804B52E74FF00072DF
S2140214C07BE74FF0004278E7BB463C467BE700BF2F
S2140214D0004000B8006000B80040005400600054AD
S2140214E0004001B8006001B8002002B800E100E048
S2140214F000C001B800E001B8E855002014BF04009F
S214021500E0550020000002B8090B0B890050005479
S21402151040F6FA1203210020FAF788FD01218548D9
S214021520826ED0F8883002F00702063201FA02F222
S214021530C3F30C0CA2EB0C0292B2072A12D97E4A13
S214021540126F53020ED47D4B826B806D5B6D5BB166
S21402155002F0070206329140C0F30C00091A89B263
S214021560072901D84BF4007B754A1278002A36D038
S214021570704AD2F8E02012F4A02F30D1714A724994
S21402158012789AB9F20411D40A787AB14FEADB02D9
S2140215906E4842EA447282F00102D0F8D80E02F097
S2140215A00102520020FA02F2930718D10420FDF736
S2140215B06DFD674A67485067FFF732FA62490A7854
S2140215C04AB9654A127832B1644A654912680BEA2A
S2140215D002020A4201D14BF4804B26F48056B9F13E
S2140215E0000F1DD019F4805F18BF4BF4802B19F43E
S2140215F0807F18BF4BF4002B19F4005F18BF4BF026
S214021600100B19F4007F18BF4BF0200B19F4806FF3
S21402161018BF4BF0400B19F4006F18BF4BF0800B4D
S214021620B8F1000F48D018F4001F0AD04D4A1368CC
S2140216303BB1414A4C48116F00680022C1F3C061B9
S214021640984718F4802F18BF44F4007418F4803FAB
S21402165018BF4BF4805B18F4801F18BF4BF4003B96
S21402166018F4800F18BF4BF0020B18F4003F18BF97
S2140216704BF4801B18F4000F18BF44F0100418F443
S214021680002F19D0394AD2F8A02012F0C00F13D07A
S2140216902949CA68C2F30362032A01D0072A05D180
S2140216A04A6FD00602D48A6F120732D54FF4002151
S2140216B02F4A28F40028D161002E00F01B81330542
S2140216C040F18F802B48DFF88890C2782A49002A9A
S2140216D058D04FF40063013AD2B24B66C27032B9A8
S2140216E0264A1278C2B140F60141254A51670022C5
S2140216F0002173E04BF4803B10E74BF4006B0DE7E0
S2140217004BF4806B0AE74BF4807B07E74BF0080B41
S21402171004E74BF4001BCFE7D9F8782012F4A05F59
S21402172015BF4FF4807240F60142C9F85820C9F836
S2140217307820DCE700400054000002B8004000B801
S214021740406500203F65002042650020001000B082
S21402175000C001B80000010141650020B816002053
S214021760088D01001855002004560020001E00B007
S214021770002002B83165002000E001B83D65002077
S21402178000D001B80320FDF781FCD9F81420A84B3D
S21402179012F0060F04BF41F61F72A649A64808BFFC
S2140217A04A674FF40061A34A5166D9F8142012F032
S2140217B0060208BFC9F878205A8A12F4006162D07D
S2140217C022F400625A82027802F0FF09002A5ED1F1
S2140217D0FDF710FFFFF7B8FB4A4620214BEA020B43
S2140217E00C43B00009D52E20FDF79EFB4FF00051AA
S2140217F0904A44F0080411675166F10606D52B207C
S214021800FDF792FB10218B4A1167516616F0306F76
S21402181005D1F20463D5BAF1000F00F0C08033019F
S21402182017D52920FDF780FB844A526C12B110218D
S214021830834A9160FFF7B4FA48B1824A82487D49EA
S2140218404A66026700F54050C068400422D444F05D
S214021850040416F0007A28D00420FDF717FC27208F
S214021860FDF762FBFFF770FB4FF00071714A51669D
S214021870764AD2F8D82E520679D40221704A91605E
S21402188044F0020428E002784FF40052A6E74FF430
S21402189000422DE70A6720204A66FDF745FB2D2009
S2140218A044F00C04FDF740FBD3E716F0807FDFF828
S2140218B08C9147D00420FDF7E9FB2820FDF734FB86
S2140218C0D9F87820002A3AD1FFF73EFB594A5D49FB
S2140218D044F00104116751660021584A9165720569
S2140218E008D55B498A78002A00F0D880013A8A70C7
S2140218F000221743574AD2F8A020130603D55846AB
S2140219002146FCF7C7F93A4658462146FFF770F8D3
S214021910019B0BB1FCF7F8FC01224F4B05F0043596
S214021920C3F8E0504D4B18F4002FC3F884211EBFB5
S2140219304FF40022424BDA6105B0BDE8F08FC9F8D9
S21402194078A0C3E7F104C7D50420FDF79FFB444AFD
S214021950C9F87420FDF74EFED9F8642012F0407FD5
S214021960BAD12A20FDF7E0FAFFF7EEFA80E7394A05
S214021970D2F8A0108B0683D402203A4988603A49EE
S214021980096891F82510C8077FF57AAF92F8C42047
S214021990002A3FF475AF8021344A116170E7344A59
S2140219A01268013202D04BF0010B98E728490A79F7
S2140219B052B1013AD2B20A7112B9234A2D4951677D
S2140219C000224BEA020B8AE70420FDF75FFB0320A6
S2140219D0FDF75CFB194A224951671DF0A8FD8146B6
S2140219E00DF10F00FEF732F9234A824612780AB149
S2140219F0FEF784FFBAF1030F0ED1DFF870A00020C5
S214021A00FEF724F9032807D1DAF87420D103F6D4B6
S214021A10DAF85C200C2AF2D99DF80F20032A2FD17F
S214021A200121164A484611701DF07CFDC8E700BF2A
S214021A30E855002000E001B83D65002000C001B86E
S214021A40002002B81000002000D001B8001000B03C
S214021A5031650020001E00B00060005400E100E086
S214021A6000000101001002B804560020000002B86F
S214021A70006C00200000010D436500203F65002039
S214021A80094AD2F8E02012F4A02FC9D1FEF7C8FF07
S214021A9048461DF047FD4FF4804292E70220FDF7CC
S214021AA0F5FA012225E700BF004000540122024B4E
S214021AB01A62DA61704700BF002002B80D4B10B5FB
S214021AC0DC691A6A14400C4A24F47F01D161E207E9
S214021AD006D5D9684FF0FF30C1F3036119F0B8F8A4
S214021AE0630706D5BDE81040042200200021FEF759
S214021AF07FBF10BD000002B8002002B80C4A08B52D
S214021B00936B526C13400B4A9363DB070FD50A4B59
S214021B1040F663421878122100F00100FAF786FABE
S214021B20BDE80840002201200021FEF761BF08BD83
S214021B3000C000B800E000B8B8160020054AD2F887
S214021B408430DB07FBD4936FD2F884201340024A1A
S214021B5093677047008001B800A001B870B51446BC
S214021B600D461DF0E4FC064BD3F8A06074402C40F2
S214021B707440C3F8A0401DF0D5FC06EA050070BD0F
S214021B80001E00B0034BD3F8A03099430CBF0120CF
S214021B9000207047001E00B02DE9F04117460A43A8
S214021BA0012A1D469DF818409DF81C60DDF820802D
S214021BB029D8B44227D2082E25D8032B23D8B8F129
S214021BC0000F20D00A460021FBF71CFDFF21EB0088
S214021BD09940C943DFF834C008F1FF38FF00E2B28B
S214021BE0964202D80020BDE8F0813D190CEB85052F
S214021BF0D5F8E02018F8010F0A4098401043C5F8BF
S214021C00E0000134EBE72120EDE700BF001E00B044
S214021C10034B1868034B002808BF1846704700BFDE
S214021C200056002064E004002DE9F843DFF86090D7
S214021C300646D9F8008008461746B8F1000F03D0CA
S214021C400E242046BDE8F88306B3336801331DD15F
S214021C50E1B1FAF70DF805460028F1D0C9F8000000
S214021C60FAF72CF8284618F007FB044640B140461F
S214021C70C9F80080FAF722F8284618F0F8FAE0E7E2
S214021C803560002FDDD02846B847DAE72124D8E7AA
S214021C9004560020024B1868003818BF012070470F
S214021CA004560020002108B5024B08465B68984798
S214021CB0002008BDF86B00200523064AA2F84A3029
S214021CC092F8493003F0010363F0730382F8493057
S214021CD0704700BF001F00B00023F0B585B0CDE905
S214021CE001330393124B134D1B78134E8DF80430B9
S214021CF01DF02AFC2A78337804469A420F4F0CD0FD
S214021D003178386801AA297018F0D7FF50B140F62A
S214021D1008210B481DF00DFD04E0386818F0ADFFF1
S214021D200128EDD020461DF00AFC05B0F0BD00BF2C
S214021D30256F00205C6F00205D6F0020205600207B
S214021D4009950400F8B52B4B1B7823B140F6FC31FD
S214021D5029481DF0EEFC1DF0F7FB284B07461C88B1
S214021D6014F0060409D001214FF480701CF0A0FB89
S214021D703846BDE8F8401DF0E2BB21464FF48070BD
S214021D801CF096FB204600F0ABFF022808D180220A
S214021D901B4B8021186818F039FBFFF79DFFE7E719
S214021DA0204600F09DFF054638B1012807D040F6D0
S214021DB0314111481DF0BDFCDAE70246E8E7FF2292
S214021DC00F4E104B30681A70FFF76CFF306818F031
S214021DD054FF0128CCD02A462946306818F04FFF17
S214021DE021462C201CF090FB21460A201CF08CFB7E
S214021DF0BEE700BF4965002009950400EE5D00209D
S214021E00205600205C6F0020002101481DF096B984
S214021E10786C00207F2837B5044610D14FF6FF7342
S214021E20022217480DF10601ADF80630EBF722F94B
S214021E30BDF80640E2054CBF6FF04A0464B21DF0DE
S214021E4083FB104B05461C700F4B1B88DB0710D517
S214021E500E4B1B78002B0E4B0CBF21466FF07F01FA
S214021E60186818F0F8FA20B140F6786109481DF0B3
S214021E7060FC284603B0BDE830401DF060BB00BFE2
S214021E80641002C0546F0020EE5D00204A650020F8
S214021E90205600200995040010B513F0D2FE60B15A
S214021EA013F0D1FE0B4A80B141F20D03BDE810409B
S214021EB041F20D0107481CF04DBC074B1A781B79FE
S214021EC09A4204D100220023F0E70D23EEE7034AEC
S214021ED0F9E700BF400D0300256F0020488D010082
S214021EE0F8B5164E0D46337802F0010423B140F2DF
S214021EF0C53113481DF01DFC124B134F1D60134DC8
S214021F00A4B1134B997801B1012120201CF0D0FA1C
S214021F102B783B700F4B1C780F4B00211C70042350
S214021F2033700E48BDE8F8401DF008B9214620205F
S214021F301CF0BEFA2B783B70EEE700BF4965002026
S214021F400995040010560020466500205E6F0020AA
S214021F50145600204765002048650020786C002053
S214021F602DE9F8431DF0F0FADFF8A0810546B8F82F
S214021F700030614C13F4807F03D0237873BBFFF7E5
S214021F80E1FE002108461CF0BFFA5C4B1A78FF2AD5
S214021F9013D01A7802F0FF0632BBFF221A7023789B
S214021FA0052B0AD10023284623701DF0C8FA3046B6
S214021FB018F013FF1DF0C8FA05462378504E062B7C
S214021FC009D13378FF2B06D03378022B15D10021A6
S214021FD04C481DF0B3F8FF2333702BE000214FF47A
S214021FE080701CF065FACCE71A78012A4FF0FF02DF
S214021FF014BF33264C261A70D4E7337813B13378DD
S214022000012B22D11CF0F4FA07463E4896F80090BF
S21402201001F0DCFBFF235FFA89F9337077B1B9F17F
S214022020010F44D16421374884F800901DF086F8E9
S214022030FFF752FE28461DF082FA06E02846277071
S2140220401DF07DFA384618F0C8FEB8F800301B06B8
S21402205005D5002180201CF02BFA17F0B2F901F00A
S214022060F1FA294E308000B32778012F42D11CF0B6
S21402207079FF054610B301301DF039FC00F44060CC
S214022080B0F5006F1AD10422394628461CF0AAFE83
S21402209028441DF02CFC4FF6FF7398420ED1002008
S2140220A0318800F0FFFC00233380BDE8F88300236C
S2140220B0284623701DF043FA3F20C4E7114801F07A
S2140220C085FB002108462170012500F09DFC23783F
S2140220D00BB9FFF737FE0020318800F0E3FC00233F
S2140220E03380002DE1D020780028DED1BDE8F84309
S2140220F018F0BEBF0025EAE7496500205B6F0020A6
S2140221005A6F0020786C0020EC5D0020EE5D002007
S21402211008B513460A461946064B186818F028FAF8
S21402212030B1BDE8084040F2F44103481DF001BB5F
S21402213008BD00BF205600200995040008B51346C6
S2140221400A461946064B186818F00CFA30B1BDE874
S214022150084040F2FB4103481DF0EBBA08BD00BF41
S2140221602056002009950400024B1878431E584258
S214022170584170474965002008B5064B1B7823B1C5
S21402218040F2255104481DF0D4FAFFF7DBFD00208B
S21402219008BD00BF496500200995040008B5054B37
S2140221A001EB81011868490018F057F9002818BF9A
S2140221B0212008BD2056002008B5044B1868F9F700
S2140221C00FFF0A2390FBF3F040B208BD2056002012
S2140221D0014B1878704700BF5D6F002008B5044BAE
S2140221E0186818F0A5F8B0FA80F0400908BD00BFDC
S2140221F02056002038B5124D0C462B78012B04D9F8
S21402220040F246510F481DF094FA21460020FFF78F
S214022210E5FF90B10C4B1C702B785BB9FFF792FD73
S2140222200A4B93F900100A4BC901186818F0E9F82E
S214022230002038BDFFF750FDF2E72120F9E700BF86
S21402224049650020099504005D6F00204B6500205B
S2140222502056002008B5074B186818F067F830B10A
S214022260054BB3FBF0F083B20BB1184608BD012054
S214022270FCE700BF2056002040420F002DE9F3473E
S2140222805C4E01201DF052FA3388990704D440F6BA
S2140222903F4159481DF04DFADFF8808198F800302A
S2140222A0053B012B04D940F6414153481DF041FA43
S2140222B0524F3B6823B940F644414F481DF039FA65
S2140222C0348814F0200478D0012122201CF01CF956
S2140222D04FF47A74FFF7BEFF3B681B78093343431B
S2140222E004EBC30498F80030A5B2062B0BD11CF001
S2140222F047FD0446FFF7AEFF602358430C2303FB5B
S2140223000400284485B2D7F800903D4B99F8008027
S2140223101C7808F1FF381FFA88F8002C52D133884F
S2140223205A0505D409F101001DF0E1FAC0F3401484
S2140223303449354A887812784B7812FB00F2334FCC
S21402234093423B70A4BF9B1A3B703B78CA78BD6031
S214022350934238BF13463B7013F07BFC002833D001
S21402236013F075FC012814BF102508252543002309
S214022370DFF8ACA00093802243464946DAF8000014
S21402238018F09DF820B14FF43B611B481DF0D1F9BF
S2140223901F4BDAF8000019781E4B197033889B061B
S2140223A014D52A461C4B009718F085FCC0B90020AD
S2140223B002B0BDE8F0471DF0B9B9214622201CF054
S2140223C0A3F887E70024B3E72546D0E72A460F4B53
S2140223D018F06FFC014618B925201CF095F8E6E7C0
S2140223E0214626201CF090F840F6F43102481DF0F3
S2140223F0A0F9DCE7EE5D00200995040010560020E7
S2140224004C650020256F002046650020286C0020C1
S2140224105D6F00205C6F0020145600204965002086
S21402242020560020184B10B51B889B0704D440F694
S214022430A66116481DF07DF9154B1B78053B012B4E
S21402244004D940F6A76111481DF073F9114B1B68B9
S21402245023B940F6A9610D481DF06BF900240E4B16
S2140224600E4921201C701CF04FF8014618B9BDE831
S2140224701040FFF703BF022804D12046BDE81040F3
S2140224801CF0D8B810BD00BFEE5D00200995040010
S2140224904965002010560020446500203D260200B3
S2140224A0F8B55A4C23889A0704D54FF43E7158481B
S2140224B01DF03FF9574801F089F91DF045F82388C9
S2140224C005465B070DD54FF0FF3018F03FF8524B2C
S2140224D01B68C01AB0F5717F03D9002104201BF0D7
S2140224E0E7FF28464D4D1DF02AF82B78042B32D1F3
S2140224F01DF02AF8238806465F0708D545480021BE
S2140225001CF01CFE3046BDE8F8401DF018B81DF061
S21402251016F81DF019F8424B06461B78414F13B9C0
S214022520238859050FD50523012102202B701BF0A5
S214022530BFFFFFF777FF30461DF001F83B68DA78F9
S214022540394B1A70F8BD386801301DF0D0F9820692
S214022550E9D50623E8E7062B4DD1344B1B78FF2B33
S214022560F0D1334E13F077FB3378002B3DD01CF0BE
S214022570EBFF238805465B0705D5264800211CF09D
S214022580DDFD2846BFE71CF0DAFF3378013B3370E7
S2140225901CF0DAFF0446012102201BF089FFFFF738
S2140225A041FF20461F4C1CF0CAFF206801301DF078
S2140225B09EF900F44060B0F5006F13D12468012143
S2140225C0042220461CF00EFC20441DF090F9014621
S2140225D0184B04201A783378D21AD2B2BDE8F840E3
S2140225E01DF04EB94FF6FF71F2E740202B70BDE8A2
S2140225F0F84018F0F2BB012BA4D100232B700E4B2F
S2140226001868FFF74FFB3F20F1E700BFEE5D0020A2
S21402261009950400786C00200C56002049650020BD
S2140226204C65002010560020456500205A6F002099
S214022630466500205E6F00202056002008B50A4B33
S2140226401A7882B9012210281A7004D040F69D61C9
S21402265006481DF06EF8002120201BF029FFBDE879
S2140226600840FFF70BBE08BD44650020099504002C
S21402267008B5094B1B88DB0604D440F2C351074851
S2140226801DF057F8102000211BF012FF044B1868AB
S214022690BDE8084018F006BBEE5D00200995040070
S2140226A020560020012208B5074B1146186818F07C
S2140226B0E6FA00212C201BF027FFBDE80840002187
S2140226C00A201BF021BF00BF20560020014B400805
S2140226D0185C7047566F002008B513460A4619461E
S2140226E0064B186817F04AFF30B1BDE8084040F6BE
S2140226F0E94103481DF01DB808BD00BF2056002062
S2140227000995040008B5044B186818F0B6FA0138A3
S21402271018BF012008BD00BF20560020054B10B58B
S2140227204C0022460146186817F085FE031B5842E5
S214022730584110BD2056002070B505461CF004FF17
S2140227400E4B0F4E1B880446DA07357008D50D4B24
S2140227500D4D1B78012B08D90121286818F037FB8C
S2140227602046BDE870401CF0EABE1BB113F067FAC3
S214022770C305F1D4317881F00101EEE7EE5D002069
S214022780556F00204A650020205600200C4B10B5DD
S2140227901B880446DB0711D5FFF77EFB094B84F046
S2140227A0010208211868D20017F030FE30B1BDE8E9
S2140227B0104040F6367104481CF0BBBF10BD00BF87
S2140227C0EE5D0020205600200995040008B5044B53
S2140227D00146186817F0DDFE003818BF012008BD54
S2140227E02056002010B50A4C23787BB1FFF75AFF1B
S2140227F0002104201BF05CFE002102201BF058FE84
S21402280000232370BDE81040FFF79CBA10BD00BF3E
S2140228104965002038B5094800F0E8FC0024084D58
S21402282095F84430E0B2834200D838BD05EBC000CC
S214022830043000F0DBFC0134F2E700BFC45600208F
S2140228402456002008B5104602494822F8F70EFF23
S214022850002008BD7C56002008B505481DF0D9F8B2
S214022860014620B9BDE8084001481CF067BC08BD17
S214022870986C0020002238B51C4B15461C461A7070
S2140228800132082A5D609D8043F8085FF8D148222D
S21402289000211748F8F75AFD4FF6FE73A4F8683081
S2140228A06FF48033E365134B00211A88124B1868C5
S2140228B0F8F74CFD114BC4E91255C4E9283584F8E3
S2140228C0445084F85050656584F8A850E9F73CFFF8
S2140228D0FF220B4B012118700A4B00201A70E2F7F8
S2140228E0D3F80020FFF7B8FF002038BD245600209A
S2140228F07C560020C66E0020586B00200000FFFFAA
S2140229004D650020A265002010B5AC24084B04FBE0
S2140229100030836C53B990F850403CB931B1C0E9ED
S21402292012122046FFF798FF204610BD2120FCE732
S21402293024560020AC2370B503FB00F5094E73192C
S21402294093F850405CB9204610F0AAFC735D20460E
S21402295043F002037355FFF77FFF204670BD012048
S214022960FCE700BF24560020AC235843024A135CFF
S21402297023F00303135470472456002070B51646FE
S2140229801F4A04461278C2BBAC211E4D01FB005101
S2140229908A6C92BB91F850203AB1022B2DD191F855
S2140229A04410072907D91C2026E091F8441007296D
S2140229B0F9D8012B08D0AC2000FB0450CA00011D38
S2140229C00C30F8F715FD0021AC2303FB04F00024BD
S2140229D09DF8143000EBC1012944CB71049B8E8014
S2140229E08B602B1893F84420204601328C7183F8B2
S2140229F04420FFF731FF204670BD0120FCE700BFF0
S214022A004C65002024560020F8B5234B04461B785C
S214022A100F46002B3ED1AC23204D03FB0053B3F8E8
S214022A20A03023B940F245311D481CF082FEAC228C
S214022A3002FB0452D2F8A46036B192F8A3303946AB
S214022A400020B2F8A020B047AC2300216343EA1866
S214022A50A2F8A010C2F8A410482192F8A82001FB00
S214022A6002322A44D2F89820964213D0EB5C9B0797
S214022A700CD5AC226243AB5C204623F0020343F043
S214022A800103AB54BDE8F840FFF7E6BE10F02AFC9F
S214022A900028EED1F8BD00BF4C6500202456002069
S214022AA0609504002DE9F04F89B0059008460D4662
S214022AB01CF058FA044618B9212009B0BDE8F08F78
S214022AC028461CF06BFAC0B20838215C221892F82D
S214022AD002A00491D1785268277803920022B4F8B3
S214022AE00130ADF81E20434A029192F800B0BBF1C5
S214022AF0000F08D0404B1B681BB120464FFA8AF2E3
S214022B0098470020D9E703F00703022B70D0013460
S214022B100922594620461CF065F9023F3F1A3B0639
S214022B2006465FFA87F8C7D4344FD7F89090B9F1C3
S214022B30000F27D100210DF11E0B43462246084600
S214022B40CDF800B010F0E4FAC3B20546002B4BD124
S214022B50BDF81E0018F085F9E0B9BDF81E0018F0A1
S214022B607CFA8146BDF81E0018F07BF9F0B906EB38
S214022B70080201232146584692B200F07BFDD0B1EE
S214022B8019209AE75B465A4601212846C84700287C
S214022B90D0D191E7D7F89430BDF81E00002BDCD0D8
S214022BA0A11998470028D8D1022086E7424648460F
S214022BB0A119F8F75BFDBDF81E001CF0D3F9029BC5
S214022BC0059A0372049B80F809A08372039B1BBAC2
S214022BD0C360AC2303FB027393F85020BDF81E00BB
S214022BE022B1DB6C03B19847E8B266E7BB6FF9E740
S214022BF0012062E74C65002008560020245600207B
S214022C002DE9F84308460F46164602F1010918F068
S214022C1029FA8046384618F01DF9042856D1384657
S214022C2018F03CF948F661054FF6FF7248F6410384
S214022C30294C904208BF1D46B4F85C10301D1CF0AB
S214022C4058FE384618F02AF90146B01D1CF051FE0F
S214022C50B4F85E1006F108001CF04BFE06F10A04FA
S214022C6038460DF067FF10B145F01005ADB22946A3
S214022C7048461CF03EFE384618F0EFF9424601463A
S214022C802046F8F7F3FC384601211CF0A3F9444429
S214022C90074660B11CF082F9054638461CF062F918
S214022CA0EDB201462A462046F8F7E0FC2C440B4AD1
S214022CB0A41B13780134591C1170F370347030461B
S214022CC0BDE8F843092201211CF08CB848461CF0E6
S214022CD00EFE4C460546C3E7245600204D650020EE
S214022CE0AC2210B548245043094B1A1892F8A81083
S214022CF004FB0100034493F87700022806D092F8FA
S214022D0050301BB9032818BF012010BD0020FCE775
S214022D102456002070B508B1012070BD234C94F8EB
S214022D20A850002DF8D12946B4F85C20FFF706FA21
S214022D3029462846B4F85E20FFF7EAF929462846CF
S214022D4004F16002FFF7C8FC94F87730002BE3D05A
S214022D50284694F85860FFF73BFA864215D10020C1
S214022D6094F95A50FFF728FA854216D10020FFF749
S214022D70B7FF044600201BF0EBFF0028CDD021460B
S214022D80BDE870400020FFF7F7B9284694F85810BF
S214022D90FFF730FA0028E2D0BFE7002094F95A1075
S214022DA0FFF7FCF90028E1D0B7E700BF2456002061
S214022DB00346AC2010B51446164A00FB032292F8CE
S214022DC0770002280CD1E07F022809D141B11249CE
S214022DD00978012913D992F85810227891420ED117
S214022DE018462178FFF7FAF990B1482221460B4897
S214022DF0F8F73CFC00201BF0ABFF08B9002010BD22
S214022E00044B93F8A8000028F8D1FFF783FFF5E7F4
S214022E102120F4E7245600202B6F00207C56002049
S214022E2038B5AC230D4C054603FB004300205A6D13
S214022E30D86483F8500012B15865FFF719FCF5F70D
S214022E404BFBFF281EBFAC2303FB054484F8A800F7
S214022E500020FFF75FFF002038BD00BF2456002089
S214022E607FB51D4C94F8A83023B1002084F8A80042
S214022E70FFF750FF94F85A30B4F8A0608DF80F3080
S214022E8026B940F2FD2115481CF053FC144B31467E
S214022E901D6800202A46FFF7B3FEE46F02469CB187
S214022EA00DF10F0301930023294630460093A047F5
S214022EB002462C7854B920462146FFF7A5FD204647
S214022EC0FFF7CAFC04B070BD0122F2E729460020D3
S214022ED0FFF706F8F6E700BF2456002060950400C8
S214022EE0586B002038B5494B1C78002C58D14848FE
S214022EF000F06CFC20461BF02BFF002850D0454CFF
S214022F002378D90733D594F850201AB123F0030357
S214022F10237045E023F00103237010F0CBF92378E9
S214022F2005469A0701D510F0BBF9294600200FF096
S214022F3053FF40B92378284643F001032370BDE8C7
S214022F40384010F0ADB90023482284F8A33094F834
S214022F50A83084F8A25002FB0343D3F89830A4F8B2
S214022F60A000C4F8A430BDE83840FFF779BF94F853
S214022F704400B0B104F1A003251D95E8030083E8E0
S214022F800300FFF76DFF94F844202846D20004F1B0
S214022F900C01F8F72DFA94F84430013B84F84430DB
S214022FA038BDA26C62B99B0711D52378002023F0A6
S214022FB0020343F001032370BDE83840FFF74CBC20
S214022FC00123A06484F85030904723789EE710F0DF
S214022FD089F90028E9D194F8A83073B1F5F77CFA9C
S214022FE094F85030002BDBD1FF2818BF84F8A800D5
S214022FF0BDE838400020FFF78DBED4F88C30002B99
S214023000ECD098470028CBD1E8E700BF4C650020FB
S214023010986C00202456002070B5044600201BF051
S21402302097FEAC235C430B4E351995F850300BB126
S214023030002070BD0028FBD007481CF0EAFC0028E0
S214023040F6D1335D002BF3D195F84400B0FA80F048
S2140230504009EEE724560020986C002010B5084A76
S214023060034618F00DF814684FF6FF7203EB4003A0
S2140230709C42184603D9018802339142F8D010BD0B
S214023080E05600202DE9F047204F05463B88A3B3C3
S214023090B0F90230002B30DBDFF87C801C49D8F810
S2140230A00000F8F7A9FB20B94FF4EA7119481CF0A2
S2140230B040FB0026DFF85CA0DFF860903A88B3B2E7
S2140230C09A4204D84FF4EB7150461CF032FBD9F802
S2140230D00030B2B253F83200D8F8001003EBC20444
S2140230E068B943F83210A38828460133A38017F044
S2140230F0C7FFE38803EB4003E380BDE8F087F8F7F9
S2140231007BFB01360028D9D1EDE700BFF05D002039
S2140231102D95040037950400B86C0020D456002084
S21402312038B5094C094D22682B689A4204D94FF4E7
S214023130877107481CF0FDFA28682368C01A20F039
S214023140010080B238BD00BFE0560020E8560020DD
S2140231503795040038B5124C124D21462846F5F72D
S21402316041F823680BB12B681BB9DE210E481CF010
S214023170E0FA2A680D4B0E491A60236823F0010311
S21402318013440B600B4B1A602AB9BDE83840F8218D
S21402319005481CF0CEBAFFF7C3FF6428F5D938BD40
S2140231A0D8560020DC56002037950400E45600204E
S2140231B0E8560020E056002038B5094C094D226832
S2140231C02B689A4204D34FF48A7107481CF0B1FA6E
S2140231D028682368C01A20F0010080B238BD00BFFC
S2140231E0E4560020E8560020379504002DE9F04109
S2140231F01D4B04461B78012B24D100881BF094FE3D
S2140232000546D8B10426DFF864802C461CF09CF9EB
S21402321007462046FFF736FF638843EA08036380C3
S214023220A05B1BF081FE044638461CF088F91CB1F0
S214023230B4F90230002BE9DA062E01D1BDE8F0819E
S2140232400626E2E7022BF9D11CF07EF90246208818
S2140232501BF06AFE18B10388C3F30E0323801046E0
S214023260BDE8F0411CF06BB94E6500200080FFFF00
S2140232702DE9F04F0024BA4B97B006461C801CF08E
S21402328063F90123DFF8EC82B64F3B70B8F80030E2
S214023290A8F80040ADF81630B34B1B6801931CF03B
S2140232A04EF9B24B21461A88B14BD2001868F8F78D
S2140232B04DF80DF11600FFF799FF002E3CD1DFF80E
S2140232C0B8924FF0000B0125D9F80040019B9C42B2
S2140232D039D3BBF1000F39D1002DF2D0D9F8004016
S2140232E0DFF898A225462246019B9A4273D3022310
S2140232F00DF116003B70FFF779FF002E40F08F802D
S214023300D9F800603246AA4280F0A28090881BF06C
S2140233100BFE18B10388C3F30E039380D0881BF00C
S21402332003FE18B10388C3F30E03D3801046FFF7DB
S21402333095FE0246E7E79847E3B256F82330013493
S214023340002BF8D1BBE7BBF1000F3ED00BF1FF33E9
S2140233505FFA83FB16AB03EB8B0252F8402CB2F9F2
S214023360020051880028B1DA4B04AFD4924641F4E9
S2140233708040931D2AF8020F02933AF8020F1BF0C0
S214023380D3FDF0B1B0F902E0B0F802C0BEF1000F12
S21402339017DB6FEA4C4C6FEA5C4CA0F802C0039055
S2140233A0FFF770FEBBF10F0F8FBF002516AB039A17
S2140233B003EB8B009EBF0BF1010340F8402C5FFA33
S2140233C083FB029B9A45D8D180E72046FFF746FE4C
S2140233D022460446C3E7104617F052FE8346B2F969
S2140233E00200118800280AEA010108DA20461BF0CA
S2140233F091FD084381B204EB4B0402EB4B051046E9
S2140234001180FFF72BFE02466EE798475FFA8AF3B3
S21402341056F823300AF1010A002BF6D170E74FF076
S214023420000AF3E73046FFF719FE82467EB1B6F988
S21402343002307188002B0ADA3088C0F30E001BF0C7
S21402344073FD864203462DD1C1F30D0171805646A7
S214023450AE42E7D3DFF81CA11CF076F80021064640
S214023460504617F070FE1BF05FFD0546002800F080
S214023470878030461CF063F8284617F001FE0646A1
S21402348020461BF047FD81467600324629462046F6
S214023490F7F7AEFF002249460DF116001CF091FA2E
S2140234A03444D9E71BD9304617F0EAFDC1F30D01C3
S2140234B0420071801846314692B2F7F799FFC6E786
S2140234C05046FFF7CBFDD146854203D9B0F902300C
S2140234D0002B01DA824603E0FFF7C0FDF4E7B146AF
S2140234E0554507D9BAF80000C0F30E001BF01CFDC4
S2140234F08245E5D3B9F1000F30D0B9F80000C0F329
S2140235000E001BF011FD034638B93346CB469945EB
S21402351013D8B1459BD0D946ECE7484617F0B0FD24
S214023520B9F802204946C2F30D02A9F80220420069
S21402353092B21846F7F75CFFE7E718460193FFF7E3
S2140235408DFD019B9B46854203D9B0F90230002BC4
S21402355001DA0346DBE7FFF781FDF4E7CB46DAE75D
S214023560F25D00204E650020E0560020F05D00204F
S214023570D4560020F45D0020E45600200080FFFFB1
S214023580BDF816303870A8F80030044B30461C6080
S2140235901BF0D5FF17B0BDE8F08F00BFE056002045
S2140235A02DE9F04105461BF0BFFC0F460446D8B194
S2140235B01CF0F1F920B940F2FB4120481CF0B9F8A2
S2140235C028461BF0EBFC05462046FFF747FDBD42AA
S2140235D0064609D004D840F2035118481CF0A9F850
S2140235E02588ED0B02D02781BDE8F0816780204652
S2140235F017F046FD074604EB40081BF0A5FF104BEC
S2140236001A68B2420AD1C3F800801BF098FF2A4615
S2140236104046BDE8F041FF21F7F798BEA6EB080644
S214023620B5B21BF08CFF072DF1D90023083D44F8F4
S2140236301730C8F80430A8F80250D5E737950400CA
S214023640E056002038B51BF07FFF002105460448EF
S21402365017F079FD044628461BF071FF204638BD58
S214023660F45D0020024B1888B0FA80F040097047DB
S214023670F45D00202DE9F74F044600881F461BF034
S21402368053FC8846154606461CF085F920B940F2DA
S214023690FE613F481CF04DF83388DB0B009306D0E2
S2140236A033892B443381002003B0BDE8F08F208895
S2140236B01BF074FC82463046FFF7D0FC01901BF0EC
S2140236C043FFDFF8D0B0019BDBF8002081469A4228
S2140236D01DD1FFF725FDA84204D248461BF02FFF56
S2140236E01A20E1E70AEB050373803FB120881BF03E
S2140236F039FC2A4641465044F7F7B8FF3046FFF7F2
S214023700ADFCCBF8000048461BF019FFCBE71BF0D8
S21402371016FF20881BF042FC2844009980B21BF05A
S21402372095FC06460028DBD01BF01CFC8146208850
S2140237301BF018FC824620881BF030FC51460246DD
S2140237404846F7F793FF3046AFB11BF00BFC07462F
S21402375020881BF023FC2A4641463844F7F786FFAA
S214023760012120881BF036FC0121024630461BF060
S21402377045FC268097E71BF0F5FB804620881BF069
S2140237800DFC2A4639464044F7F7E0FDE8E700BF5D
S21402379037950400E0560020342101481BF0C9BFCB
S2140237A04B950400036910B55BB18268064B9A42DA
S2140237B001D1002010BD44691BF0B4FF201AF9D5D0
S2140237C0F7E74FF0FF30F5E79937020082681C4BA7
S2140237D070B59A420446056819D11BF0B5FE2369F6
S2140237E023B1A34206D100222A601A61BDE87040C6
S2140237F01BF0A5BE1A4611461269A242FBD12A68E0
S214023800A24208BF29600B6100232361EEE7036929
S21402381093B198426E6803D19D210A481BF089FF36
S2140238202B46B44209D122699D4218BF1A614FF055
S214023830000308BF6A60236170BD33463669F0E74D
S214023840993702004B9504002DE9F04707460025FC
S2140238504FF0010A154EDFF858808AB0347914B951
S2140238600AB0BDE8F087D6F8009087B900972A46D6
S214023870B8F80010234603A81CF03AF92246484638
S21402388003A9E9F723FC2544EDB20836E6E722460B
S21402389003A94846E9F7EEFBCDF800A023462A46E0
S2140238A0B8F8001003A81CF023F9ECE790E0040037
S2140238B0F65D00200148FFF799BC00BFF65D0020C8
S2140238C09C46174BF7B5054608461988164611B1A9
S2140238D0144B1C78CCB1014662463046BDB103B0EB
S2140238E0BDE8F040E9F7C6BB1C44E4B208373B79B2
S2140238F0002BF0D03A689642F6D185F001052246B2
S21402390000951CF0F5F803B0F0BD074FEFE7E9F7B6
S214023910DDFBB0B203B0BDE8F04015F056BD00BF07
S214023920F65D00205F6F002090E0040010B5074CA3
S214023930238843B10020FFF787FF0020FF22044BB5
S21402394020801A7010BD0220FCE700BFF65D002042
S2140239505F6F0020142810B518D8082805D115F076
S214023960ADFDC401E4B2204610BD0E2802D115F00A
S214023970A8FDF6E7064B53F82040002CF3D00A28A1
S2140239802478F0D107F0C2FB0443EBE7FF24EAE712
S214023990E0E00400014BB3F86800704724560020AC
S2140239A0004870478E560020014B1878704700BFBB
S2140239B0C5640020014B1878704700BFC864002019
S2140239C0014B1870704700BFC8640020204B0228C5
S2140239D010B5204C187002D00438012822D823785B
S2140239E0042B0BD000211C481BF0A8FB2378033BBA
S2140239F0012B03D9002119481BF0A0FB184B1B68AA
S214023A009A0022D513F0805F40F6114418BF4FF497
S214023A104164204616F007F9C8B92046BDE81040B2
S214023A2015F0D1BC0C48FFF7D1FE0C48FFF7CEFECE
S214023A3017F002FE2378033B012B03D816F0EDF8AD
S214023A401624E6E70DF0BAFFFAE71524E1E710BD03
S214023A50CC640020CD640020DC6C002010480020DE
S214023A60A4480020024B187800F00F00704700BFF1
S214023A70CC640020034B187800F00F00831E5842D7
S214023A8058417047CC64002008B517F0C0FDC0B19D
S214023A9017F0D6FDA8B10FF01BFD90B90A4817F033
S214023AA009FB70B1094817F005FB50B115F00EFD81
S214023AB038B116F0BAF820B9BDE80840044817F045
S214023AC0BCBB002008BD00BFF85D00202C5E0020B5
S214023AD0EC56002030B505460C4693B081B910B9B5
S214023AE0002013B030BD1023214A69460120FFF79B
S214023AF0E7FE9DF805305A1E052A28D91720F0E75A
S214023B00182200212046F7F721FC002DEBD1FFF703
S214023B10B1FF30B315F082FB6A4601460020FEF77D
S214023B2091FEBDF80430204623819DF80230A37230
S214023B309DF80030E37217F048FF002304F11401E9
S214023B40237304F1100004F0F7FDE081C8E7094A88
S214023B509DF8041012789142D0D12B70002CD6D149
S214023B60BEE7054B1B78033B022BD3D9C6E700BF43
S214023B7064EE0100326F0020CC64002030B593B0B2
S214023B8005460C46FFF776FF20B90C4B1B78033B25
S214023B90022B10D815F042FB6A4601462846FEF76D
S214023BA051FE00209DF80230607023709DF80030B0
S214023BB0A37013B030BD1720FBE700BFCC64002013
S214023BC0054B1878012805D000F0FD00A0F131035E
S214023BD058425841704700BFCC6400202DE9F3419B
S214023BE00E46002105461BF0E6FE0023124FADF8F6
S214023BF006002B800DF1060017F05CFA044610B1A1
S214023C0002B0BDE8F08121460DF1060017F09BFADE
S214023C1080461BF0A7F9438AB34207D99B1B43820F
S214023C202246414628461BF0CCFEE3E743895B0763
S214023C30E0D53B88F3E700BFC86E002008B50A4807
S214023C40FFF7C4FD09484FF47A71FFF7C7FF07482C
S214023C5017F030FA30B9BDE808404FF47A710248DE
S214023C601BF06CBA08BD00BFBC6C0020D66E0020EC
S214023C701FB50146002201A81BF030FB064801A929
S214023C801BF0FCFE20B11BF06DF94089C0F340002A
S214023C9005B05DF804FB00BFD66E002030B585B0D7
S214023CA00D460022014601A81BF018FB084801A990
S214023CB01BF0E4FE50B11BF055F9044601460822FB
S214023CC02846F7F795FB6089C0F3400005B030BD83
S214023CD0D66E002010B5044C204617F022FA6388F0
S214023CE0181A80B210BD00BFD66E0020F8B5054681
S214023CF0F8B100210F481BF05EFE0446A8B10D4F36
S214023D0020461BF02FF906461BF0D4FA830705D48B
S214023D10082229463046F7F765FE38B1214638466E
S214023D201BF06DFE04460028EAD10024201E18BFB0
S214023D300120F8BDD66E002010B50C460146064896
S214023D401BF09CFE30B11BF00DF943891C4214BFD8
S214023D500120002010BD00BFD66E00201FB51446FD
S214023D60024601A81BF0BAFA074801A91BF086FE14
S214023D7040B134B11BF0F6F8142201462046F7F79C
S214023D8037FB012004B010BDD66E00201FB50146D9
S214023D90002201A81BF0A2FA094801A91BF06EFE38
S214023DA058B11BF0DFF84389024613F0020004D034
S214023DB0507B80F00800C0F3C00005B05DF804FB3D
S214023DC0D66E00200146014817F0D1BAD66E002002
S214023DD0F8B504460E46142000211BF037F90546B6
S214023DE0204617F09EF96388834225D925B33146CB
S214023DF0204617F0BCFA08BB28461BF0B3F8074665
S214023E000A223146F7F7F4FA082206F10A0107F108
S214023E100A00F7F7EDFA0A4B1B887B82238823B940
S214023E204FF47A7107481BF089F92046002229468A
S214023E301BF0C7FD0020F8BD1C20FCE72E20FAE789
S214023E40C86E0020BC6C002010B5044686B0B0B127
S214023E501BF030FA10F0020011D1CDF80E006168A6
S214023E60CDF81200ADF81600206801AB03C3228914
S214023E70044801A91A80FFF7ABFF06B010BD212047
S214023E80FBE700BFD66E0020F8B50D4616461F4665
S214023E90044648B31BF00EFA30BB2046FFF792FFEB
S214023EA0E0B1214611481BF0E9FD1BF05BF843899F
S214023EB005734673877343F00203218943812046C4
S214023EC001F0F2F9FF28044606D001F0F3F818B123
S214023ED00022074B43F82420002004E02046FFF788
S214023EE0B3FF0028DDD0F8BD2120FCE7D66E002007
S214023EF0E0450020F7B59DF824400D4601949DF854
S214023F002040064600941F460DF076FC4FF6FF71E1
S214023F108842044610D0BB0711D4284600F0CCFFD6
S214023F2020461BF03FFAFF281FBF084A32F810301F
S214023F3023F4804322F81030204603B0F0BD024638
S214023F402946304617F01AFAEAE700BFBC5D0020A1
S214023F5073B50E46014614481BF090FD0546D8B1CF
S214023F601BF000F843890446334012D09B0736B252
S214023F700BD5002E09DAA17B437B0289007B0191D7
S214023F80012100912146FFF7B5FF638923EA060364
S214023F906381628912B1012002B070BD29460248CF
S214023FA017F0F0F8F7E700BFD66E00200148FFF7DB
S214023FB01DB900BFD66E00201FB50C460B4A01463F
S214023FC001A81BF08BF901A8FFF7FCFE60B101A95E
S214023FD007481BF053FD1AF0C5FF036823604368C9
S214023FE00020636004B010BD2D20FBE74EE1040004
S214023FF0D66E002013B53E4C12F0E5FBD4F8FC3129
S2140240001020C3F307430193FFF7A4FC000650D524
S2140240100020FFF79FFC01064BD5019B802B3ED16B
S214024020236A9A0704D440F61544204602B010BD0F
S214024030E3699B07F7D52F4816F017F9012016F00B
S214024040E7FE12F0D3FB04460028EED100F086F914
S214024050294817F0CCF800F0F1F9E8F775F912F0F4
S214024060B1FB0AF0F1FC0AF043FDF4F717F9F4F796
S214024070CBF9F4F7E5F904F003FD15F021FA15F093
S21402408022FA15F0D5FD1D480CF00CFC07F092FE46
S21402409015F08DFD0028C8D015F08BFDC5E7019BF5
S2140240A0812BC0D1D4F80C315B00BCD5D4F80C31CE
S2140240B0BFE71020FFF74EFC0006BCD40020FFF737
S2140240C049FC0106B7D5019B802B05D1084B1A6A1D
S2140240D0D207A8D5DB69ACE7019B812BA3D1044BA1
S2140240E0D3F80C21002A9EDAD3F80C31A1E700BFE0
S2140240F00080E00F690345ECEC560020713C02009C
S21402410010B517F096FA70B301F0B8FB80F0010410
S214024110E4B20020FEF7F6FA44EA800424B217F06E
S21402412076FA10BB0220044316481BF072FC44EADF
S214024130401415481BF06DFC24B244EA00141348E0
S2140241401BF067FC24B244EA801411481BF061FCA1
S21402415024B244EA40240F481BF05BFC24B244EA33
S214024160C02080B210BD0124D3E70B4816F0A2FF90
S2140241700028D7D0094816F09DFF80F00100C0B293
S2140241804000D0E71C6D0020006E0020A8480020EA
S214024190806D0020E06D0020F85D00202C5E00207F
S2140241A008B501F047F90EF0DFF8FDF7D9FE15481D
S2140241B016F080FF08B906F065F9134816F07AFF84
S2140241C008B907F0E1FD03F059FC0CF01DFD0F489D
S2140241D017F03FF80E4B1B78043B022B09D80D480C
S2140241E01BF017FC28B1FFF78BFF102801D109F04E
S2140241F07DF915F06DF917F0CFF8BDE808400648CE
S214024200FFF736B8F85D00202C5E0020EC56002042
S214024210CD640020006E002058E10400014B1868AF
S214024220704700BF20560020F8B54FF6FF77104BB8
S21402423006461B780C46033B012B0F8009D83046F6
S2140242400AF0BAFC4FF6FF73984220800ED0002088
S2140242500DE00CF023FEB84205462080F7D130462A
S21402426000F002FDA8422080F1D1E8E72D20F8BD3B
S214024270CD6400204FF6F77370B5984204460D469B
S21402428086B05AD817F089F8A04207D108222C49DE
S2140242902846F7F7ADF8002006B070BD294EB6F8EE
S2140242A06830A3420AD10022082106F16A0017F0FC
S2140242B006F818B9082206F16A01E9E7ACB1224B02
S2140242C01B78033B012B1AD80023012219462046ED
S2140242D000930AF01BFBFF2823D1294620460AF04A
S2140242E0BFFC80F00100C0B2D6E7184B1B689B07E4
S2140242F0E5D4284608F0DCF90028E0D0CBE72046D3
S21402430000F06AFFFF2806D129462046FFF754FE32
S2140243100028D9D1BFE7294600F080FF0028F3D055
S214024320B9E702A918F067FA0028D6D1DDF80D30F1
S2140243302B60DDF811306B60ADE70120ACE700BF03
S2140243404F65002024560020CD640020A44800209B
S214024350014B1870704700BF326F002010B5054C35
S214024360082221460448E8F785FE204617F04FF853
S21402437010BD00BF4F65002034B608C00048704725
S2140243804F650020082208B50349F7F72BFBB0FA61
S21402439080F0400908BD00BF4F650020014B187031
S2140243A0704700BFC0640020074B44F6FF701A78BF
S2140243B040F6FF73012A18BF1846044B1B780BB150
S2140243C040F40040704700BFCD640020C064002067
S2140243D0F7B50D46044616461F460021284601F04C
S2140243E0F1FF0B4B002183F859402A4633462046FC
S2140243F000970EF0AFFC014630B10222204603B011
S214024400BDE8F04000F006B8012003B0F0BD00BFE2
S2140244102456002013B513460C461AB1022A0CBFC6
S214024420134601230021044A019100922246FEF718
S214024430A5FA02B010BD00BF15B7030000B50020F4
S21402444093B0FEF717FA1E4B18880CF031FA1D4B84
S2140244501D491A7800200EF0A1FD3422002168467C
S214024460F6F774FF0B238DF800306FF48033019358
S2140244704FF6FE73ADF8103003238DF81D30134B44
S214024480134A0893134B10680993134B51680D9304
S214024490124B6A460E93124B0F93124B1093124B0B
S2140244A0119302AB03C300210846FEF781FC6A465D
S2140244B001210020FEF77CFC13B05DF804FB00BF70
S2140244C0C06E0020456F002070A50400E54802007B
S2140244D04F650020B1B403005D8102008D4A0200E0
S2140244E05D98020015B70300AD7B0200014B1878F9
S2140244F0704700BF57650020014B1888704700BF01
S214024500DA6E00202DE9F74F814610460E46904699
S2140245101BF0EDF9DFF840B105469BF8003033B9E1
S2140245204A4B1B681BB94A4B1B68002B7FD015F4FD
S214024530406A05F040071BD19FBBB5F5804F61D29C
S2140245404FF48074B9F1400F73D0B9F1800F63D085
S214024550B9F1100F6BD100239BF800003D4AD9B287
S214024560884264D932F8021B0133A142F7D166E0D1
S21402457008F103001BF0BBF94FF6FF73984214BF15
S2140245800124022487B1052705F44043B3F5004F02
S21402459044F0080425D0B5F5804F24D244F4807444
S2140245A021E054460327EFE7B5F5804F4FF00507A5
S2140245B0F4D3BAF5406F14BF0220082038444044B2
S2140245C01BF095F9019016F005FF019B05F4404596
S2140245D098420CBF44F0080444F00404B5F5004FBA
S2140245E001D144F08004BAF5006F0FD108EB070042
S2140245F01BF07DF9054616F0D0FEA842A2D144F083
S21402460010049FE7544603270220D7E7BAF5406F07
S21402461008BF44F0200495E70C4B1B683BB1002210
S214024620D1B233F8110033F91110002903DA002051
S21402463008E0074BF1E7A04202F10102F0D106B111
S2140246403480012003B0BDE8F08F00BFFC56002086
S21402465000570020565E00209F650020034B1A7804
S214024660022A04BF09221A70704700BF586500204C
S2140246700C22034B1A211A700320002202F024B8DF
S214024680586500200C2208B5054B1A211A70002224
S214024690104602F019F80022024B1A6008BD00BF4D
S2140246A058650020085700200C2270B50D4B0546B1
S2140246B01E781A7030B93046BDE8704000221A21C2
S2140246C002F002B8084B1C78E1B21A29F3D825FA90
S2140246D004F3DB0703D54422304601F0F5FF01342C
S2140246E0F2E700BF58650020616F00200C22024BE3
S2140246F01A7015F093BA00BF58650020F0B50C8802
S21402470005460E468BB0E4B94FF6FF77ADF8247037
S21402471015F097FA10B902200BB0F0BDCDE90340B0
S214024720CDE90544134A0294B2F85C306032019334
S21402473000923B464CF60101FF2009AA18F0A4FBA2
S2140247403080284616F0BFFF0B4C70B1237863B159
S214024750013BDBB22846237016F0B5FF38B120784D
S214024760B0FA80F04009C0B2D6E70523F2E701208E
S214024770F9E700BF24560020606F0020034B114665
S2140247801B6803B1184714F0DCBD00BF08570020B1
S2140247900C22024B1A700AF0F1BC00BF58650020CA
S2140247A00148FEF723BD00BFFA5D00207FB505462F
S2140247B00C4616461AF0A6FE00286BD1062D03D824
S2140247C05223EB40DB071AD4B4F1006F05D3E30E95
S2140247D01C3B032B18D94F202EE000222F4B1A60C9
S2140247E02F4B1D7016F094FD03460A2D54D8DFE8B1
S2140247F005F02D183E49182518535341360002F08D
S2140248003BFCB4F1006FE2D20022244B042D1A6066
S214024810234B1D70E6D1022001F02EFC16F078FD27
S2140248200346012202921F4A01921F4A00921F4A21
S214024830314620460EF088FE04B070BD3146204652
S2140248401B4A04B0BDE870400EF066BE31462046F4
S214024850184B194A04B0BDE870400EF041BE002263
S2140248600292164A0192104A0092154AE0E7022284
S2140248700B4B1A7000221046124904B0BDE8704075
S214024880FEF742B8002202920F4A0192064A0092AE
S2140248900E4ACDE74D20CFE70120CDE7085700208E
S2140248A058650020A9460200E548020001B7030049
S2140248B091470200854602007D470200ED4602004F
S2140248C0FD4602005D46020071460200C3B60300C2
S2140248D008B50EF069FE0C22014B00201A7008BDC6
S2140248E058650020F0B585B0ADF8060018B97621F7
S2140248F064481AF01EFFBDF8060016F0ABFA04462E
S214024900BDF8060016F0A6FA082846D00C2CBDF80C
S214024910060042D116F0A1FB07461AF0E8FF0DF199
S2140249200F010646BDF8060014F0B3FD002879D044
S2140249300922002138461AF055FA9DF80F30103336
S214024940C518BDF806001AF029FBEDB2854269D2F9
S2140249502946BDF806000EF035FF06F44C4416F460
S2140249604066054614D0F81C1AF0C1FF4FF6FF73D6
S214024970984208BF44F04004B6F5006F08D1781D8F
S2140249801AF0B5FF4FF6FF73984208BF44F01004C2
S2140249909DF80F305BB3072D44D1BDF8060016F024
S2140249A04FFA0446BDF8060016F054FA082817D047
S2140249B0A30615D524F0200189B2BDF8060016F02C
S2140249C02AFABDF8060016F048FB002109221AF062
S2140249D009FA00F1100189B20DF1060018F07DFB0C
S2140249E00022BDF8061028481AF0EBFF1AE0082D40
S2140249F016D8BDB1013D072D14D801A353F825F0F2
S214024A005D4A0200694A0200254A0200294A02005B
S214024A10254A0200754A02009B4902007B4A0200B0
S214024A207C2D24D005B0F0BD24F48844A4B2B4F59D
S214024A30084FF7D1BDF8060016F007FABDF80610C3
S214024A400BF0D0FF0028A8D0BDF8060016F068FAD2
S214024A500022014602201AF013FFE3E724F48064E2
S214024A60A4B2B4F5484F97E7B4F54C4F94E7B4F5C3
S214024A704C4F92D04CF6500301E04CF640439C4219
S214024A808AE700BF59950400F85D00202DE9F74338
S214024A900F469046994606461AF064FA0446304691
S214024AA01AF07CFAC5B2083D2C44E178094BA2788C
S214024AB01970094B31461A70002043463A46CDF823
S214024AC0009012F035FB003818BF012003B0BDE895
S214024AD0F08300BF7C6500207B6500202DE9F04F47
S214024AE0DFF84081DFF8409198F8002099F800300E
S214024AF006469A4285B004D340F2191142481AF08B
S214024B0018FE30460DF10F011AF000FC20B14FF4EA
S214024B108E713D481AF00DFE98F800709DF80F4011
S214024B203D1B15F0FF0530D04FF0FF3C374B0121FF
S214024B301B78A140184699F800304FF6FF790CFA18
S214024B4003FC0023324A01F1FF3E0193C1F1000A41
S214024B509DF80430984243D8122004FB00002D4BE7
S214024B60A0F1120105EBC5025200194404F1010935
S214024B701844F6F73DFC4FEA89092748A9F10401D3
S214024B800144AA004844F6F733FC224904EBC40267
S214024B9001EB420321F81260204A013712784FF6E1
S214024BA0FF71DA731A745A7412025A801C4A0D2064
S214024BB012781A7110225A7100229A73C3F80620CC
S214024BC0C3F80A20144B43F8242088F800701AF021
S214024BD057FE0EB908F05CFF204605B0BDE8F08F20
S214024BE013884B450AD053680AEA030B03EA0E03FE
S214024BF00B4403EB4B0343EA0C035360019B08325E
S214024C0001330193A4E700BF6C9504003F6F0020B8
S214024C103C460020AC5B0020E04500207C6500207E
S214024C2059650020C66400203D6F00202DE9F04142
S214024C30074600250A4B0B4E93F80080ECB2A045BF
S214024C4003D8FF242046BDE8F08108223846B11D6D
S214024C50F6F7C8FE01350028F4D01236EEE700BF9C
S214024C60C6640020AC5B002008B5FFF7DFFFFF2814
S214024C701DBF00B2044B00EBC0004FF6FF7018BF1A
S214024C8033F8100008BD00BFAC5B002007B50DF17D
S214024C9007011AF03BFB30B19DF80730034803EBDF
S214024CA0C30300EB430003B05DF804FBAC5B0020DB
S214024CB02DE9F843294E044633785D1E2D1A8342A9
S214024CC0EDB204D84FF4A17125481AF032FD012343
S214024CD0A3404FF0FF305F1E3B4400214FF6FF7E9D
S214024CE06FEA03081F4A92F800C01F4A12789040E3
S214024CF01E4ACBB29C4523D8BDB127B204EBC404EE
S214024D001B48640005EBC50204F11201014452007F
S214024D102044F6F76DFBBF001648AA00391D014471
S214024D2002F0FC023844F6F763FB33780022013BBC
S214024D3033704FF6FF71BDE8F8430E201AF0A0BD9F
S214024D401388734507D0536808EA03093B4003EB10
S214024D5059030343536008320131CAE7C664002090
S214024D606C9504003F6F00203D6F00203C460020FB
S214024D70AC5B0020E045002010B50A4C207858B9FC
S214024D80094B1B781A2B03D9992108481AF0D1FC33
S214024D900322074B1A7010BD0138C0B2FFF788FF16
S214024DA0ECE700BFC66400203D6F00206C9504004F
S214024DB0C26400202DE9F04705461AF075FEFF286A
S214024DC0044624D1DFF884901E4B99F800201B7805
S214024DD09A422BD22846BDE8F047FFF77FBE3888B6
S214024DE03B79504518D86F2B4FEA131214D85B073D
S214024DF010D0123708F1010899F800105FFA88F609
S214024E00B142ECD80023104ADEB28E4214D32046BA
S214024E10BDE8F087022AECD90DF0E2F90028E8D1C5
S214024E2029463046BDE8F04716F08EBC4FF0000823
S214024E304FF6F77A044FDFE7107901338F28EFD861
S214024E401232E1E73D6F0020AC5B0020C664002012
S214024E504FF6F773984210B514D8FFF7ABFFFF284A
S214024E6010D0134C00B200EBC00004EB400412F06A
S214024E70B8FB104938B962880B7802EB0313A3EB30
S214024E801213638010BD227C637C09789A42E27317
S214024E902374617407D98B4203D213468B4228BF10
S214024EA00B461B02EDE78A42F8D31346F9E700BF2A
S214024EB0AC5B00207C6500202DE9F04106460F46DB
S214024EC000240E4DDFF8388098F80030A34201D84F
S214024ED0BDE8F081082229463046F6F783FD40B940
S214024EE035F8063CBB4204D02046FFF7E1FE013C03
S214024EF0E4B20134E4B21235E6E700BFB25B00204A
S214024F00C6640020F8B5054608460E46FFF78EFE34
S214024F10FF2830D01D4B294653F820703046FFF745
S214024F20CBFF2846FFF746FFFF28044625D10CF0A4
S214024F3083F8FF280AD1164C207838B114F071F99C
S214024F402378B0FBF3F202FB1300C0B2294616F038
S214024F50FBFB044623B20F4D03EBC30305EB4305ED
S214024F6008223146A81DF6F743FA2B79204603F0AD
S214024F700F032B71F8BD0027D3E7074B1B78002BD6
S214024F8018BF0027014B43F82070E3E7E0450020F6
S214024F903D6F0020AC5B0020626F002038B50B4BE3
S214024FA004461B780D46834204D840F25A2108482C
S214024FB01AF0BFFB074804EBC40400EB4400294682
S214024FC0BDE8384008220630F6F712BA3D6F0020D8
S214024FD06C950400AC5B002070B5044608460E468D
S214024FE01AF062FDFF28054610D02046FFF71EFE87
S214024FF0FF2807D0084B1B7823B9084B53F820200C
S21402500043F8252021462846FFF7C8FF31462046AA
S214025010BDE87040FFF750BF626F0020E0450020F9
S2140250202DE9F8430024804601272646114DDFF875
S2140250304C9099F80030A34210D83E430134E4B2B3
S2140250401A2C4FEA470705F11205F2D14FF0FF304E
S214025050094B1B7898403043BDE8F8832B884345BC
S214025060EBD0284616F0C8FB0328E6D82B796F2B20
S214025070E3D8E3E7AC5B00203D6F0020C664002067
S21402508010B5084C00EBC00004EB400423795B0724
S21402509007D1204616F0B0FB237923F00703184306
S2140250A0207110BDAC5B0020014B1878704700BF22
S2140250B0636F0020014B1878704700BF626F0020B4
S2140250C070B51A48FEF782FB194B1B78033B012B7F
S2140250D028D805F0A3FB03F057FBBDE870404FF459
S2140250E07A5112481AF02AB823798F2B4FEA1311F5
S2140250F011D80131204616F0AFFB062901D8032944
S21402510009D12379002223F007034FF6FF710F20FF
S21402511023711AF0B5FB123401353278EBB29A429B
S214025120E2D8D6E70025034C034EF6E7DC6C0020F7
S214025130CD640020AC5B0020C66400200022084B31
S2140251401878084BD1B2884203F1120300D8704790
S21402515013F80D1C013221F0100103F80D1CF1E7C3
S214025160C6640020AC5B00202DE9F0470226122719
S214025170DFF85C90DFF85C8099F8004000250CE0D0
S21402518007FB05F338F803A00021504616F049FB4A
S21402519010B15CB1013CE4B2013599F80030EAB2D4
S2140251A09342EDD8A34204D14FF6FF7A5046BDE8AB
S2140251B0F08714F036F899F80030012EA3EB0403BA
S2140251C090FBF3F202FB1300C4B2EDD00126D5E742
S2140251D0C6640020AC5B002010B504461AF064FCDE
S2140251E0FF2808D120461AF0DDF8FF281FBF024B21
S2140251F01B78C018C0B210BD3D6F0020044B0021C2
S2140252001A78044B04481B781A449200F6F79EB8A4
S2140252103D6F0020446F0020E045002010B5134B80
S2140252200C461B7886B0834212D9114900EBC000A7
S21402523001EB4001082220460631F6F7D9F8002293
S2140252400821204616F03BF880F00100C0B206E0C6
S214025250C01A01A9C0B20CF02BFA10B1002006B099
S21402526010BD01AB03CB20606160E8E73D6F002014
S214025270AC5B002008B5074B024653F820308B4241
S21402528006D915204FF6FF711AF0FAFA002008BD6B
S2140252900120FCE7E0450020024B013143F82010D4
S2140252A0704700BFE04500202DE9F34781460C46D3
S2140252B000272A4EDFF8ACA09AF80030FDB2AB42C7
S2140252C010D86946204617F0CBFBC0B308226946C1
S2140252D04846F6F787FB90B34946204616F062FD2D
S2140252E0FE2537E006F10608082241464846F6F74C
S2140252F079FB90B94FF6FF739C422BD03388A342BA
S21402530028D020461AF04EF8FF2814D149462046E7
S21402531002B0BDE8F047FFF7F5BD14B91236013703
S214025320CAE73388A342F9D100220821404615F085
S214025330C6FF0028F2D12846FFF7BAFCCCE749465A
S214025340002019F0FFFFFF28054603D0044B1B7808
S2140253500344DDB2284602B0BDE8F087AC5B00200D
S2140253603D6F0020C664002008B5FFF7E7FE054B38
S2140253701B78013B012B03D8BDE808400CF084B92A
S21402538008BD00BFCD6400200F4B1B7883420CD8AB
S214025390C01A0E4AC0B232F81030D90411D443F4FF
S2140253A0805322F8103001207047094B00EBC000F2
S2140253B003EB40035A79D10603D442F010025A7125
S2140253C0F1E70020704700BF3D6F0020BC5D002063
S2140253D0AC5B0020F0B5134B06461B78FBB10025EC
S2140253E01148DFF84CC090F800E0104807781F44D8
S2140253F0E8B2864501D80020F0BD7C1B94FBF3F092
S21402540003FB10440CEBC4003CF83440B44204D115
S214025410002AF1D184788C42EED00135E8E71846AE
S214025420EAE700BF3F6F002090480020C4640020D7
S2140254303C46002070B511F0B7F914250F49104EFE
S2140254400B78328830809B1A03449BB2B3FBF5F488
S21402545005FB14330B700B49E2B20B78934292BFF2
S21402546000239B1ADBB2032A0B7088BF002306496F
S2140254709EBFD2000B68D3400B6070BD5C650020F7
S214025480FC5D0020C364002090480020084B18688A
S214025490084BC2B21B789A4208D2074BC0F30720C9
S2140254A01B78984234BF00200120704701207047C5
S2140254B0904800203F6F00205B650020F8B5054647
S2140254C01746FFF7E3FF064610B9184B1A783AB9A3
S2140254D0212001224FF6FF711AF0D2F90020F8BD02
S2140254E01348DFF854C003780133B3FBF2F402FB2F
S2140254F0143303700F48DCF8002000EBC30420F8D6
S214025500335002F10132A1703846CCF80020FFF782
S21402551087FDE670606015F040FFA84201D10120C9
S214025520DDE7E3780133E370F9E700BF3F6F002061
S214025530C46400203C4600209048002010B50B4C66
S2140255400B4A2378063B137011F02EF90022094B02
S214025550FF211880084B09481A602278D200F5F716
S214025560F5FE0422064B1A7010BD00BF3F6F0020E6
S2140255705B650020FC5D0020904800203C46002031
S214025580C364002048B139B1044B1B780B70044B3E
S2140255901B78037001207047084670475A65002042
S2140255A0646F00202DE9F84307461AF0BBF805465B
S2140255B01A481AF02EFA1A4B48B31C683C1B2C44A5
S2140255C0A4B20022174BDFF864901B78164D99F8A8
S2140255D0006005EB03155FFA82F8464509D9AB88E9
S2140255E005F11000A34215D9B21A29461201F5F7A1
S2140255F0FFFE013689F80060AC80B8F1000F03D1D7
S2140256003946064819F09AFD2846BDE8F8833C4616
S2140256101D60D6E705460132DDE700BFFC6C0020C0
S2140256200C5700205E650020E04400205F650020E5
S2140256302DE9F74F1AF076F84FF0000E284D294F55
S2140256402978294C97F800A004EB011303EB0A1201
S2140256500092F3465246DFF898801FFA80FC064610
S214025660B8F80000ACEB0009A0EB0C001FFA89F9B1
S21402567001900098984217D1BEF1000F00D0297011
S214025680524503D200203A70FDF7E6F83B7823B382
S2140256902B78164804EB0314A188C8F8006003B000
S2140256A0BDE8F04F19F04ABDB3F804C0CC450FD898
S2140256B04FF0010E93F802C001310CF1FF3C013AA3
S2140256C0A3F804B083F802C0C9B2D2B21033D0E74E
S2140256D001988444A3F804C0F8E703B0BDE8F08F4D
S2140256E05E6500205F650020E0440020FC6C002020
S2140256F00C5700207FB56C461E4B1F4D1E78013E90
S214025700F6B21E7095E80F0084E80F001B4B284681
S2140257101A7805F1100132441201F5F769FE9DF878
S214025720026016F00F0511D1BDF808000EF0C4F99C
S214025730360918BF29464FF00002BDF8000008BF20
S214025740039904B0BDE8704003F0F4BCBDF8040051
S214025750FFF728FF0346828804ADADF804202246F0
S21402576003CAAA4218605960144603F10803F6D128
S21402577004B070BD5E650020E04400205F65002036
S214025780F8B50024084D094F094E3B783178E2B24D
S2140257900B449A4204F1010400DBF8BD2846FDF7EB
S2140257A025FD1035F1E700BFE04400205F650020CC
S2140257B05E65002070B5134B06460D46104612492C
S2140257C01A78124B09781B780B44934206DB1F208B
S2140257D04FF6FF711AF054F8002070BDFFF7E2FE94
S2140257E0013506808570044619F097FFE0800EF0BA
S2140257F069F940F602432081E3600020FDF72CF8A9
S2140258000120EAE73C6F00205F6500205E6500200D
S2140258102DE9F84386460023144FDFF85C803E7875
S21402582098F8005012497219DCB294421CDA4FEA18
S214025830041C31F80C900133F14501EB0410F3D14E
S214025840631CD21A0CF1100C12016144F5F7D0FD5C
S214025850A5428BBF05F1FF3506F1FF3688F80050EA
S2140258603E700CB9034B1C70BDE8F8835F650020E0
S214025870E04400205D6500205E650020044B054A7A
S2140258801B781278D3420CBF01200020704700BF5D
S2140258905E6500205F650020024B1878003818BF4E
S2140258A0012070475E650020002108B5084B0948B4
S2140258B01970094B1970094B1970094B1A781201A5
S2140258C0F5F744FDBDE808400648FDF77FBF00BF78
S2140258D05F650020E04400205E6500205D650020D4
S2140258E03C6F0020FC6C002010B50B4C23784BB1AB
S2140258F00A4803F0ABFD58B1084B0121188815F091
S2140259008EFE08B9002010BD0122054B1A70FAE778
S214025910FFF7F0FEEAE700BF5E650020E0440020E5
S2140259205D65002010B50E4B1B78BBB10D4C23886D
S21402593083424FF0000311D10B4AE160137049B95C
S214025940A3781033A37016F060F918B9A37823F081
S2140259500F03A370FFF7CEFE012010BD1846FCE72A
S2140259605E650020E04400205D65002070B592B0C0
S2140259700C46064613F052FCE17A05460020FCF778
S2140259802DFC28B394F90A0015F0A7FC10BB134BA4
S214025990E27A294683F85820A27A83F85A206A4681
S2140259A0FCF750FF4FF6FE739E420CBF4FF6FF7396
S2140259B023896A4629460020ADF80660ADF8043011
S2140259C0FDF7F6F940B92289054B5A8012B070BD30
S2140259D05520FBE75620F9E72120F7E7245600205A
S2140259E01057002010B50446014608220948F5F76C
S2140259F0FFFC237B022B0AD8002B14BF3122012284
S214025A0005490B7017234B61044B1A7010BD002317
S214025A100122F5E71457002010570020CC6400201E
S214025A20014610230120014AFDF74ABF64EE010039
S214025A30014B5861704700BF10570020014B187881
S214025A40704700BF1057002010B5054C2378112B65
S214025A5003D0E221034819F06CFE4123237010BDE7
S214025A60CC64002077950400064B01461B78042B75
S214025A7004D1054A137E053313767047034819F09E
S214025A805DBB00BFCD640020105700201C6D0020B7
S214025A9008B50648FDF7AAFB0548FDF7A7FB13F075
S214025AA004FDBDE8084001F003BB00BFF85D00201E
S214025AB02C5E0020064B1878332806D000F0EF0044
S214025AC0A0F143035842584170470120704700BF77
S214025AD0CC640020002208B5074B4FF6FE701A7001
S214025AE015F067FC4FF6FF7015F080FC034B586903
S214025AF0BDE8084013F067BCCC64002010570020B5
S214025B0008B5064B187838B10548FDF74BFE4FF43A
S214025B107A73B0FBF3F0C0B208BD00BFC1640020C8
S214025B20504800202DE9F0438BB0074615469846AC
S214025B300E469DF8489049B9104605AC19F032FC5D
S214025B4021460BF0B5FD172818BF2646B9F1000FFF
S214025B500AD1124B1B781BB9284616F0A6FFD0B9FD
S214025B602846FEF713F902E0284616F09EFF80F05C
S214025B700104E4B29DF850302A4602939DF84C3058
S214025B803146CDE9009338464346039415F0A5FE08
S214025B900BB0BDE8F0834C46ECE700BFC8640020BB
S214025BA02DE9F04F97B099469DF88830BDF880B041
S214025BB0219D08939DF88C300E4658460FA90492F4
S214025BC0079317F0ECFB05B3002800F0208195F848
S214025BD001A00FACCAF3400A8E4B19F0800F1B7857
S214025BE014BF4F4649F08007022B17D04FF6FF78B6
S214025BF0002D40F087810225584615F026F92B46DF
S214025C004246214615F042FCBCE0584615F09EF985
S214025C100446002800F0FB80AA46DDE71EB97E4B4C
S214025C201B78002BE2D00DF13A012046FEF7FCFA73
S214025C30584615F09EF9012838BF0120C3B20593D5
S214025C4095B3281D19F053FE804609F0020320463C
S214025C50069315F07DFB214609908146002019F037
S214025C6071FB069A099B12BBFF2820D1F2F7E6FACF
S214025C706A4A1278824200F032814FF6FF72099B1E
S214025C80934214D1FEF726F8002800F028814FF63A
S214025C90F773984523D916F055F811A98146FEF7F1
S214025CA0E9FA0028F7D02EE0BDF83A80CDE74FF6A5
S214025CB0F772904520D8934211D898450FD01946CE
S214025CC022460AA819F00AFB0A980B9913AB03C3DB
S214025CD0BDF83020022113A81A80FEF739F9404693
S214025CE011A9FEF7C7FA024628B9082111A815F02D
S214025CF0E6FA002866D0C1464FF6F67209F1FF337F
S214025D009BB29342C7D8BAF1000F03D1444B1B781B
S214025D10002B60D1584615F098F8059B4A46019329
S214025D200123214600933B46FEF7E4F84FF6FF7345
S214025D309842804600F0D380014600220AA819F055
S214025D40CDFA0A980B9913AB03C3BDF83020022193
S214025D5013A81A80FEF7FCF8002D3FF44DAF002E74
S214025D6040F0D28045460123C7F3C0074246CDE93C
S214025D70016321462B4604980397CDF800A015F040
S214025D80ACFDA846BAF1000F0FD04FF6FF73984548
S214025D900BD0404619F006FBFF281FBF214A32F8F7
S214025DA0103023F4804322F81030089B7BB315F0A2
S214025DB0F4FA249B014600934246234607980CF0C9
S214025DC0EDFC24E00822204611A9F5F70BFE002878
S214025DD07FF461AF8FE7002D64D0134B1B689807E2
S214025DE027D5049B0F2B21D0281D19F080FD0223F6
S214025DF00121CDE901310023C7F3C0070246009313
S214025E0021464FF6FF730498039715F066FD17B008
S214025E10BDE8F08FCC640020C1640020C564002079
S214025E20C8640020BC5D0020A4480020079B012B0C
S214025E30DAD1281D19F05BFD804619F0B3FA0990F5
S214025E40404619F031FE4FF6FF71BDF83A208A42FD
S214025E5056D04245099B53D1FF2B4AD0184616F01E
S214025E603AFE784010F0EF0F14BF01230023BDF86E
S214025E703A00099319F096FA0690BDF83A0019F01E
S214025E8013FE099B66B14FF6FF7CBDF83A106145DA
S214025E9006D0414504D0069A0240D2B2FF2AA3D1C8
S214025EA0002BA1D1224649460AA819F017FA0A98E9
S214025EB00B9913AB03C3BDF8302058461A8014F072
S214025EC0C4FF3A460146059B13A8FDF7DDFF30B92D
S214025ED04FF6FF73BDF8548098457FF43DAF4FF6FA
S214025EE0FF789DB10126281D19F001FD4546804622
S214025EF039E7FF2804D0069BB3FA83F35B09B6E7BB
S214025F000023B4E70226EEE70026ECE7012573E657
S214025F100022014B1A7670471057002008B50B4B2B
S214025F201B78022B10D10A4B1B78033B012B0BD993
S214025F30084B187800F00100FEF730FA0023064AF4
S214025F40C2E90133538008BD0020F3E7CC64002089
S214025F50CD640020C16400201057002038B5174DCC
S214025F602B78033B012B1CD8154BB3F868204FF651
S214025F70FF739A4215D10320FDF728FD02F0CEFBEF
S214025F80FFF7CCFF2B78033B012B01D909F0FCF875
S214025F90002018F0DDFE78B1BDE83840002015F08C
S214025FA06AB8FDF7FDFC0446FDF7F4FC0146204600
S214025FB008F05EFB0220DFE738BD00BFCD6400209C
S214025FC02456002008B5114A114B58611378032B4A
S214025FD01BD0D3B1332B01D0432B10D10D4B1B78E2
S214025FE0033B012B05D803231370BDE8084013F0CA
S214025FF0EAB913F0E8F9BDE80840FFF7AFBF21237E
S2140260001370BDE8084002F09DB908BDCC640020BC
S21402601010570020CD64002038B504461348FDF71B
S214026020D5FB134B1B78013B012B1DD8114D5CB9D8
S2140260302B7823B140F619402C7013F0C4F90024D3
S214026040FFF76CFF204638BDFF2C05D04FF47A715F
S2140260500648614319F072F82B78002BEFD1012322
S21402606040F618402B70E8E70224E9E75048002083
S214026070CD640020C164002038B5114D04462B784B
S214026080834218BF287013F0D4FD80B124B920468D
S21402609013F0D1FD02220DE0012013F0CCFD2B7887
S2140260A01A1F012A05D9062BF4D1032202E0002C7E
S2140260B0F5D10122BDE838400021084615F033BB71
S2140260C0CD64002030B5044685B068460D46FFF71D
S2140260D0A7FC94B100212846144A02F043FB144B55
S2140260E020681B7861688DF80430124B1B788DF897
S2140260F0053002AB03C306F0B1FA0F4B93F85820F3
S21402610093F85A308DF803208DF8023015F062F9B4
S214026110ADF8000015F041F91023ADF80600694607
S2140261200020064AFDF7CCFB05B030BD00F8FF079D
S214026130326F0020CD6400202456002064EE010059
S21402614010B5144B04461A78134B002083F85820D7
S21402615018F0FEFD10B1002014F08DFF0021084655
S214026160FFF7B0FF0D4B1B78033B012B0ED813F045
S21402617054FD2046FCF754FE40F6174013F023F970
S2140261800023074A1380074A138010BD0BF016FC43
S214026190EFE700BF6065002024560020CD64002093
S2140261A0D25D0020D05D00201FB504466846FFF78A
S2140261B037FC54B100238DF80530102369460020C1
S2140261C0064AFDF77DFB04B010BD15F0E6F8ADF803
S2140261D0060015F0FFF8ADF80000EEE764EE0100E9
S2140261E010B5014604460020FBF7F8FF90B10C4BB1
S2140261F01B78023B032B0FD80A4B1C7019F082F94E
S21402620060B9094A0949FCF77FFB003818BF01202C
S214026210800010BD5520FCE70220FAE74D20F8E783
S214026220CC640020606500200599020041610200EE
S214026230F8B5064619F066F9044668B918F088FDFE
S21402624050B1064D204695F8587085F8586014F0FF
S21402625012FF10B185F858704D20F8BD2456002064
S2140262602DE9F04180461846033B012B0E461746A1
S21402627002D918B121243CE0FFF7FEFE294B1B7819
S214026280012B4CD0284B1D78022D08D0032D46D169
S214026290B8F1000F03D1254B1B689B073FD4332070
S2140262A0FDF794FB01F0E8FCB6F1006F34BF204B1B
S2140262B0052231464FF0060038BF1A78FEF776FA06
S2140262C0044628BB1B4D2873012000F029FF15F059
S2140262D081F868802846B8F1000F0DD0022300F836
S2140262E0043B15F072FB6C732F613946304612F090
S2140262F0A4FF2046BDE8F081012300F8043B15F018
S21402630064FB6C732F613946304612F095FFF0E756
S2140263102846FDF75BFBB8F1000FF4D0E5E7022450
S214026320E7E700BFCD640020CC640020A44800202C
S214026330656F002010570020034B187818B9034BDE
S214026340034A1B78D05C7047CB640020CD640020E3
S2140263504BE2040038B5174B04461B78033B012B6F
S21402636006D8437BDB0703D590F9090013F054FCEB
S2140263700025114B83F859502079FFF759FFFFF794
S214026380DBFF61882488034622462846FEF720F86B
S214026390044620B11720FFF715FE204638BD172306
S2140263A0064DC82106486B6118F0C8FE03232B76FB
S2140263B0F3E700BFCD6400202456002010570020CB
S2140263C01C6D0020F0B51A4D06460C4693B0A5F893
S2140263D0680005F16A0729BBC5F86A10796012F0F1
S2140263E01DFF6A4601460020FCF72CFAD5F86A30F3
S2140263F0ADF81060CDF812307B68CDF8163012F08A
S2140264000DFF6A4601460020FCF7D2FC4FF6FF73EA
S214026410B5F86800984203D014B1064912F010FF8E
S21402642013B0F0BD08223846F4F7E2FFD7E700BF04
S214026430245600208E5600202DE9F041DFF8B88061
S2140264401F4698F8003005460C4616461BB1022534
S2140264502846BDE8F081531E052BF8D819F052F8ED
S2140264600028F4D13B7B032B14D14FF6FE739C42DB
S21402647012D1012E09D0022EE9D114F08EFF4FF66A
S214026480FB73984203D814F088FF044604E015F024
S21402649059FCFAE7012EDAD0EDB939462046FFF765
S2140264A065FA05460028D3D198F80030332B03D07E
S2140264B0532B1CBF0E4B18613046FFF7DDFD002143
S2140264C04FF6FF70FFF77EFF0A4B1B78002BBFD0FC
S2140264D00BF048FABCE7397B721ECB1E5942594173
S2140264E05042504107F054F905460028D5D0AFE790
S2140264F010570020666F0020CC6400202DE9F84378
S21402650005468846914614F048FF3F4E04463378C7
S214026510033B012B06D86B7BDB0703D595F90900F5
S21402652013F07AFB14F039FF384B394F188014F009
S21402653051FF384B1880FDF72DFA374B1880FDF7C0
S2140265402FFA082201463548F4F752FF14F0EEFE01
S214026550334B18702879FFF76BFE00216888FFF727
S21402656031FFFDF72DFB60B14FF6F672631E9BB24C
S214026570934206D915F0E6FBB7F868300446834224
S214026580F8D0204614F015FF288814F02FFF49464D
S214026590B7F86800C047044628B91920FFF712FD6D
S2140265A01920BDE8F883B7F8681014F08DFC0023B4
S2140265B01C4D87F859302B7803F0FB03022B02D0D0
S2140265C0204615F07AF9002220461146FFF7F2F827
S2140265D00446A8B117236B613378042B09D1C8216E
S2140265E0114818F0ABFD03232B7684F00100C0B2ED
S2140265F0D7E74FF416710C4818F0A0FD0023F3E716
S2140266001720FFF7DFFCF0E7CD640020025E0020D3
S21402661024560020005E0020FE5D002061650020FA
S21402662069650020105700201C6D0020F0B50C464E
S2140266301E460B462049074689B004F1140053F85B
S214026640045B834241F8045BF9D11B8802AD0B80E0
S214026650D4F80E00D4F81210238803C5ADF8103013
S21402666023798DF812208DF8133000233A468DF8E0
S21402667014304FF6FE71012002ABFFF7DDFEC8B9FB
S21402668002A8FFF7AFF9237B4BB10C4D0C4B01AAC6
S21402669029460120019313F09BFA2A781AB920465C
S2140266A0FFF758FE03E020460199FFF727FF08B9D7
S2140266B0044B1E7009B0F0BD045E00201057002087
S2140266C0E1B903006A65002001232DE9F341304E4B
S2140266D005460F4600202F491446737300F0EEFC61
S2140266E013F09CFADFF8AC8038B9012D01D9042DDD
S2140266F00FD12146384612F02AFE102000210AF059
S2140267007FFC00283CD0002002B0BDE8F041FCF738
S214026710A3B8002CF1D1204B1B78212B03D0062BDB
S21402672001D0532B02D101F00DFEE6E7FDF748FA41
S2140267300028E2D000F0EEFC28B9307BC0F1180049
S214026740FFF740FCD9E7154B41462046019300F07F
S214026750B5FC20B140F61901114818F0EAFF01AA6B
S2140267600B4998F80C0013F033FA32781AB9094834
S214026770FFF7F0FDC1E701990648FFF7BFFEBCE749
S214026780FFF78AF80028BED102B0BDE8F08100BF4C
S21402679010570020045E0020CC640020E1B90300FC
S2140267A0779504001FB5144B04461B88DB0707D4F5
S2140267B04FF6FF700021FFF705FE002004B010BD63
S2140267C00A230E4A012001A9FDF77AF84FF6FF7355
S2140267D0BDF80C209A42EBD00822FF2101A814F043
S2140267E06EFD0028E4D10CB90120E7E7BDF80C00E5
S2140267F001A9FFF7E7FDF7E71C5E002026E101008E
S21402680038B50C46154614F0D4FD03F0AFFE294603
S2140268102046FFF7D7FD00F07DFC48B1074BDB7939
S2140268200E2B28BF0E230133DBB2054A137038BD88
S214026830044B1B78013B18BF0123F6E7045E0020D9
S21402684080650020CD64002038B500220821044669
S21402685014F035FD0546C8B914F09FFD2A464FF6DA
S214026860FF71FFF7CDFF2046217CFFF72BFC626904
S214026870E189207C01F076FF054B1B78012B01D1C4
S21402688007F0F6F8FFF76AFB002038BD0120FCE7A8
S214026890CD64002038B51D46FFF7CEFD0446C8B9C4
S2140268A02B7B2846032B03D1BDE83840FFF7CCBF2D
S2140268B0FFF798F8084B25469C8114F037FD012116
S2140268C0064B81401A780620FDF770FF044608B191
S2140268D0034B1D70204638BD10570020656F002000
S2140268E0CC64002030B5012087B0FFF75BFF6B4613
S2140268F00446144A1068516803C384B905F0BCFE06
S21402690002A8FFF78DF84FF6FF752246BDF80E0077
S2140269102946FFF775FF12F099FC07B030BD6B46AB
S214026920094AD2F86A00D2F86E10B2F8685003C369
S21402693005F0A2FE02A8FFF773F86A46BDF80E003D
S214026940E6E700BFDF1E04002456002073B53A4B6C
S21402695004461B781BB10224204602B070BD18F014
S214026960D1FD0028F7D100F0E5FB14B12288334BA5
S2140269701A8000210DF10700FDF7ACF8002856D169
S21402698015F014F804460028E6D12D4D9DF80700B0
S214026990FFF772FB2B785A1E012A1FD8FFF7A2FFB9
S2140269A02B78033B012B01D801F014F9FFF7D6FA36
S2140269B0012014F082FC034600283AD12A78033AD2
S2140269C0012AC9D81D4A108810F0020521D00522D6
S2140269D001201C49FFF744FC0446BDE7033B012B9C
S2140269E004D82046FFF7DEFE0028D7D12B78053BD9
S2140269F0012BB1D8FFF776FFFFF7B0FA2B78052BFD
S214026A000CBF04200520FCF7E1FF012014F055FC22
S214026A10E2E70D4E0223314601200C4AFCF750FFF6
S214026A2033885B0798D5284601F0E8F894E71724E0
S214026A3092E7044690E700BFCC6400201C5E00206C
S214026A40CD64002000F8FF07CE5D002027E101009C
S214026A507FB50024184E194D3278E3B29A4201D817
S214026A6004B070BD4FF6FF73B5F868209A421AD08C
S214026A70134B1B88DB0714D5124AB5F8683010682A
S214026A805168ADF80C3001AB03C30F4A0A2300204D
S214026A9001A9FCF715FF022300200C4A0C49FCF75B
S214026AA00FFF0134D8E700220821064814F007FC3D
S214026AB00028F6D1DCE700BF3E6F002024560020F7
S214026AC01C5E00208E56002026E1010027E1010010
S214026AD0CE5D002010B501F0CFF802F013F8D8B161
S214026AE00E48FCF773FE0E480E4C017A0E30FFF786
S214026AF0E9FA23781BB100F0BFFA002323700022C4
S214026B00094B1A73FFF72AFA08F056FD01F044F90A
S214026B10BDE81040FFF79CBF10BD00BF1C6D0020F3
S214026B20045E00206A6500201057002010B5254834
S214026B30FCF74CFE01F0E6FF30B1234B1B781BB985
S214026B40BDE81040FFF7C6BF01F0DCFF78B11F4C6E
S214026B50237E83B1C8211B4818F0F0FA0021237E59
S214026B600846013B2376BDE81040FBF7E3BEFDF77F
S214026B7027F80028EBD1FDF723F8154B1B7858B9F8
S214026B80112B03D003F0FD03412B19D1BDE81040B1
S214026B900E4B5869FFF716BA332BF7D10D4B1888F0
S214026BA014F007FC0C4B188814F020FC0B4B0C4915
S214026BB01888FFF707FC0B4B1878FFF739FBE5E759
S214026BC010BD00BF1C6D0020C864002010570020B6
S214026BD0CC640020025E0020005E0020FE5D0020E5
S214026BE061650020696500202DE9F04F0F4685B0EB
S214026BF002AD044629463846914616F0D0FB4FF0C1
S214026C00000B82463846CDF804B014F026FA4678D1
S214026C10022C804606F0020609D85CB1FCF7D0FFCB
S214026C200446002848D1754B01241B7865E0043CD5
S214026C30022C3AD9FCF7C4FF384614F087F9002430
S214026C400546A046DFF8D8A1384614F006FA50F8F2
S214026C5009300DF10500019318F049FE9DF807B0C2
S214026C600746B8F1000F4DD1BBF1000F5BD0DFF83D
S214026C708C9199F800300BB1002E63D0002C61D0B5
S214026C805F4B1B78022B5DD1BBF1000F53D1384608
S214026C9014F08FFB58465946FFF714FA08F08CFC9E
S214026CA040F6074012F08FFB34E014F04EFEFCF77D
S214026CB087FF0446F8B15C464EB1524B1B78012B57
S214026CC002D0043B012B0BD805B0BDE8F08F4B4B2E
S214026CD01B782BB14B4B1B7803F0FB03022BF3D034
S214026CE0BAF1000F404608BF002516F04BFB4FF0E6
S214026CF001088246A8E7414B1B78002BF0D0002EF5
S214026D00EED1E1E7BAF1000FAED05046FDF73AFBFE
S214026D100028A9D1002018F01BF80028D4D00020A3
S214026D2014F0A9F9D0E74FF6F7739F429FD91720C0
S214026D30FFF748F9EEE7FCF743FF48B13248FCF7A5
S214026D4045FDF4E7FCF73CFF10B1BBF1000FF5D1AF
S214026D50FCF736FF0028DDD02846FDF767FFFF2840
S214026D60DFF89CA0294C03D09AF80030012B04D1FE
S214026D702946B4F86800FEF7C5F8FEF781F92A46F8
S214026D803846B4F86810FFF73BFD214B214A93F9C9
S214026D9006301B0213809AF80030012B19D0312BD3
S214026DA014BF432311238AF800301B4B1648196878
S214026DB018F0C4F900F00EFF0023124C99F80010E8
S214026DC0237641B9104818F0B9F940F61B436361BF
S214026DD0A0E71123E7E7B8F1000F03D016B1FFF7DB
S214026DE079FEF2E70D4B1B78042BEED105210648FF
S214026DF018F0A4F909232376E7E700BFC864002049
S214026E00CC640020105700201C6D00202456002061
S214026E10045E00201A5E00203C6D0020CD64002037
S214026E204F6500202DE9F043084693B00E4614F055
S214026E3014F909220021804617F0D4FF0446304692
S214026E4014F084F8052207460DF1090330460AA914
S214026E5012F013FB022881461DD09DF809303146F8
S214026E601C440023E4B204F1100218F80450012076
S214026E700093D2B210F05CF968B1072D09D855B16B
S214026E80013D062D07D8DFE805F00918068A062513
S214026E9041007C2D45D013B0BDE8F0835B4B1B78D8
S214026EA0013B012BF7D8304613F0CFFF00233246C2
S214026EB01946009414F04DFDEDE7554B1B78012B57
S214026EC0E9D1544B18780028E5D122463146FFF71F
S214026ED08BFEE0E74D4B1B78013B012BDBD8384697
S214026EE009F0DCFF4FF6FF739842044606D03046A0
S214026EF013F0ABFF2246394614F0B7FA444B1B7820
S214026F00022BC8D1384612F020FAC4E73F4B1B7852
S214026F10013B012BBFD8494630460AAA00F01EF9AB
S214026F20B9E73A4B1B78013B012BB4D8A04498F83A
S214026F30012098F80230652AADD16D2BABD13046D0
S214026F4018F02CF81334E4B28442A4D2082239464C
S214026F5003A8F4F74DFA214630460DF10A0216F060
S214026F6061F9002897D1BDF80A30002B93D005A806
S214026F7009F0B0FA0123284DBDF80A002B7018F06C
S214026F800DF80446BDF80A0017F0ECFFE2B203461D
S214026F9005A903A812F073F900232B707BE71B4B9D
S214026FA01B78013B012B3FF676AF062200214046B6
S214026FB017F018FF404418F09AFC0746FCF758FEF4
S214026FC0044600287FF467AF304613F039FFC30447
S214026FD07FF561AF46F204030121ADF8143038465E
S214026FE00223CDE9004405AA16F06BF905460028EF
S214026FF03FF451AF394613F067FF304613F025FFD2
S21402700022462946FDF706FA45E700BFCD64002072
S214027010CC640020105700209B65002008B5084B62
S214027020187050B1074B1B883BB14FF47A71064873
S214027030594318F083F8002008BD0120FCE700BF82
S214027040BF640020DC6E002050470020014B1878F9
S214027050704700BFBF640020014B188000207047B5
S214027060DC6E002008B5FCF7B1FB0022014B1A705B
S21402707008BD00BFBF64002010B50024044B0548BD
S2140270801C80054B1C70FCF7A1FB204610BD00BF00
S2140270901E5E0020406D00207465002008B503487F
S2140270A0FCF794FBBDE80840FFF7E6BF406D002002
S2140270B00148FCF79BB800BF1E5E0020F7B5134BD5
S2140270C004461B780E46EBB183421DD900211048B8
S2140270D018F071FC002501460D4F09B9012009E0A0
S2140270E0AC4209D10024162322463046009418F0FA
S2140270F0FFFC204603B0F0BD384618F080FC013590
S2140271000146EAE71820F5E72720F3E77465002032
S2140271101E5E0020014B1878704700BF7465002081
S21402712025289DBF024B187000202120704700BF03
S214027130686F0020012307B51846064A0DF10701BD
S214027140FCF7BEFB9DF80720034B1A7003B05DF8F0
S21402715004FB00BF29E10100DE6E0020F8B50746F9
S2140271600E46144613F0F2FE1A4B05461B78022B07
S2140271702FD1194818F04DFC58BB284612F09AF940
S21402718038B322463146384612F090F908B312F068
S21402719048F80446384613F058FE104B012E1A786B
S2140271A04FF00F0303FA02F39BB2B4FBF3F203FBB6
S2140271B0124404F10104A1B206D1094B094A1E7019
S2140271C02B6813606B6853600348BDE8F84017F0FD
S2140271D0B5BFF8BDCC64002070480020676F002061
S2140271E0736500206B65002084B010B502AC84E89D
S2140271F00F00082227480DF11601089CF4F7F2FB4F
S21402720008BB9DF815309A0705D4234B1B7803F06C
S214027210FD03312B1DD121496378097803F00F0253
S2140272208A4203D0012922D1022A12D1227882B9B7
S2140272301B09022B0DD11A4BA0781B78022B1AD1F0
S214027240C0F3800006E000220821124814F037F846
S21402725020B90020BDE8104004B07047114BBDF8BD
S21402726008205B889A42CCD0002BCAD0F1E70229CC
S214027270EFD1012AD9E7030609D40B4BB3F86820ED
S214027280BDF80A309A42E4D1FEF714FCE2E7012088
S214027290E0E700BF14570020CC640020326F0020C5
S2140272A0CD6400201057002024560020284BF0B54D
S2140272B05D88002387B08DF80830264B0DF10B0051
S2140272C01B7805F0010743F020038DF8093014F00F
S2140272D07CFB6FF07F43ADF813308DF8153014F059
S2140272E0F2FB1D4B8DF816001B7805F01006DB002E
S2140272F0DCB2F0F7A3FF194B1B7883422CBF44F095
S214027300040344F084032FB1A9061ED426B143F029
S214027310020301E0AA07F9D4002108468DF80A30D4
S21402732017F094FEADF8060058B101230F2202A909
S2140273300DF10600FCF79EF918B90DF1060012F0E1
S21402734044FCBDF8060007B0F0BD43F00103DDE7DC
S214027350DE6E0020326F002080650020C5640020AB
S21402736010B5FCF733FA0A4B1B78022B0CD1094BEB
S2140273701B78033B012B07D9074C207828B1002045
S21402738012F09BF80023237010BD14F041F8F9E7C1
S214027390CC640020CD6400207365002084B02DE903
S2140273A0F0478EB016AC84E80F00DFF878C1594B70
S2140273B0BCF802009DF85DA010F001049DF9622061
S2140273C0BDF870E09DF875909DF976709DF878503E
S2140273D09DF97A109DF95E809DF860601B7835D025
S2140273E09DF87D00C0F34004C0F38000002B4AD015
S2140273F0494B1B78022B09D18A4244DB24D1A81BB5
S214027400C0B280288CBF0020012016E0434B1B78B8
S214027410012B01D1002C7AD078B19CF800301E33B3
S2140274205BB29F42D4BF002701279845D4BF0023F2
S2140274300123BB4206D18A42E0DA0EB0BDE8F0472D
S21402744004B070473846F8E70020F6E710F0020F5F
S21402745018D0C3B1490814BF01200020520814BF37
S214027460012300238342E8D1AB1BDBB2802B0AD96F
S214027470AE42E9D1B84506DB49D1CA452CBF002049
S2140274800120DAE70BB90120D7E7AE4216D002ACEC
S2140274901CAF0FCF0FC497E8030044F8040B2180FB
S2140274A0DDE91A0116AB0090ADF804100FCB12F00E
S2140274B086FB0028E7D1AE42A1D1BEE7BDF8583020
S2140274C073451ED008AC0DF1700CBCE80F000FC45B
S2140274D09CE8030044F8040B2180114C6388734532
S2140274E00FD10822211D0DF12E00F4F77BFA024679
S2140274F038B90821201D13F0E2FE10B96388002B6C
S214027500C1D1B845BFDBC2D1CA45BCD3BFE720460E
S21402751093E700BF74650020CD640020CC64002091
S21402752010570020DE6E002084B02DE9F04F8FB099
S2140275306A4E18AC08AD84E80F00162200212846D1
S214027540F3F704FF33783BB90024654B32781B7897
S2140275509A4239D2002726E00021624818F02BFA18
S21402756000270446B846DFF87C91002C45D13FB18F
S214027570224639465B4813F005FE3378013B3370EA
S2140275803378002BE0D0002156484FF0000918F05F
S21402759012FA4F468046CA46DFF848B1B8F1000FE5
S2140275A06CD1002FD1D01621002218A813F070FD3E
S2140275B0014648B1002F00F08B802246494813F05E
S2140275C087FD337801333370454B32781B789A4205
S2140275D007D944480022018813F0D4FD3378013BD2
S2140275E033703378012B03D13F49404817F0A6FD8C
S2140275F00FB0BDE8F04F04B07047002221461623B4
S2140276002846CDF8008018F073FA1622294618A8E4
S214027610F4F7E8F90028EBD09DF864209DF82430B2
S2140276209A4225D1BDF86020BDF820309A421FD17B
S21402763008220DF12E010DF16E00F4F7D3F9B8B958
S21402764002AF0DF1600CBCE80F000FC79CE8030008
S21402765047F8040B39800EAB13E903000090ADF82F
S214027660041095E80F00FFF799FE0028C0D02746C1
S2140276702146484618F0C3F9044676E71623002248
S21402768041462846CDF800A018F032FA02AF0DF1B6
S214027690600CBCE80F000FC79CE8030047F8040B19
S2140276A039800EAB13E903000090ADF8041095E89C
S2140276B00F00FFF773FE074620B1B9F1000F04BFB3
S2140276C0444681464146584618F099F9804665E791
S2140276D03A46044818F075F973E700BF746500204F
S2140276E0686F00201E5E002020BF0200406D002052
S2140276F02DE9F04F002104469FB00DF140081622F6
S21402770040460E91CDE90C11CDF83B10F3F71EFE64
S214027710052220460DF11F0316A911F0AEFE02281F
S214027720074600F0F880204613F097FC064618F04D
S214027730DEF88146F01C18F0DAF8ADF84000701D4D
S21402774018F0D5F8012FADF84200204640F0E6804A
S21402775013F083FC0546204617F004FC0D35022381
S2140277602D1A0093214643460820EAB20FF0E0FCA9
S214027770002800F0D080204613F074FC012F8346C8
S2140277809DF84D3040F0E38000252F4643F001037C
S2140277908DF84D3016AE3388022B4DD1F178204647
S2140277A002310CF00FF81B2846D1F178204603313F
S2140277B00CF008F819283FD1F178204604310CF075
S2140277C001F84A2838D14FF0050AF17820460131EF
S2140277D051440BF0F7FFF1780590514420460BF028
S2140277E0F1FF059B00EB032083B200F03F02932BD0
S2140277F0059240F09B800023F778214602375744D3
S214027800FFB23A4600930CA80F2318F071F907F15D
S2140278100F01204615F09CFC07F111010546204693
S21402782015F096FCADF84200059B023353445FFA0E
S21402783083FA33795345C8D806360DF17603B34238
S214027840A9D19DF84D20C5F3C03363F3410220460B
S2140278508DF84D2013F098FB8DF84400204613F067
S21402786088FB8DF84500204613F088FB9DF83230E1
S214027870BBF1190FC3F3C3028DF84720DDF833209E
S2140278808DF84600CDF84E20DDF83720CDF8522090
S21402789094BF00229DF83E208DF8482003F0030294
S2140278A08DF84A206E4A1278022A9DF84D200CBFA7
S2140278B0C3F38003DB0963F382026A4B8DF84D2023
S2140278C01B78022B57D1BDF8406013F083FD864229
S2140278D051D108A814F079F8BBF1190F48D908223B
S2140278E00DF14E0108A8F4F77DF800283DD1B9F550
S2140278F0004F02D0B9F5624F0DD140F6FF7325F462
S21402790040459D4207D1002208210DF14E0013F09A
S214027910D6FC00283FD01FB0BDE8F08F13F09DFBC9
S2140279200546204617F01EFB073518E7412B7FF465
S2140279307BAFF1782046023151440BF043FF4A4BAD
S2140279401B78C3F1B30318448DF849006CE76FF354
S2140279500003F01D8DF84D3017F0C9FF0CA905463F
S214027960204614F066F80B276BE700F0B3FFBEE77D
S21402797000F0B0FFCFE7B9F5004F02D0B9F5624F7D
S214027980C9D140F6FF7325F440459D42C3D1BBF1F1
S214027990190FC0D9B7E7BBF11A0F06D007F11F01BE
S2140279A042462046C9B212F012F9304C304D637B83
S2140279B0DBB12B78012B1DD1012323730CAB029371
S2140279C014AC94E803000090ADF8041098E80F0099
S2140279D0FFF70AFC90B194E803000090ADF804109B
S2140279E098E80F00FFF7A0FD08E0FCF7E9F800288A
S2140279F0DFD0E1E703F0FD03042BDDD02B78012B6B
S214027A0001D0042B87D11B4BDDF84E001B78DDF826
S214027A1052108DF82230BDF84030ADF820309DF877
S214027A204D30C3F340038DF823309DF8313003F018
S214027A300F038DF82C309DF848308DF82D3009ABA9
S214027A4003C30D4B1B681BB1414608A8984762E763
S214027A509DF946209DF8451008A811F074FC5AE7D7
S214027A60CD640020CC6400207B65002010570020E7
S214027A70586500207A650020045700202DE9F0435F
S214027A80424B434C1B7885B0033B012B22D817F0A0
S214027A9049FE2378022B31D13E4A1468A0422DD0EB
S214027AA03D4910600A68121B10443C4A086012786E
S214027AB072B1013A93403C2253434FF47A725343D5
S214027AC098421BD9032005B0BDE8F043FBF77EBF02
S214027AD00A23F2E717F026FE2378022B0ED12D4A50
S214027AE01568A8420AD00027DFF8BC802C4E10602A
S214027AF0451B98F80030FCB2A34202D805B0BDE898
S214027B00F08356F8243020462B4446F8243017F0EB
S214027B10A1FCC3074FF0000910D5204609F0FEF974
S214027B2070B156F82430242B08D9102200232046A0
S214027B30CDF8009009F00CFA46F824900137D8E701
S214027B40184B1B5D13F00F031FBF03F1FF32022316
S214027B5093403C220CBF0A2353434FF47A7253439A
S214027B6056F824209A42E9D9204609F067F902A974
S214027B7014F076FF28B1204609F060F902A911F048
S214027B8060FB204615F002F8D8E700BFCD6400205F
S214027B90CC6400209C480020984800202D6F0020CE
S214027BA0B446002071640020446F0020064B1B88F8
S214027BB0DB0708D50022054B43F82020044A135C55
S214027BC063F00F0313547047205E0020B446002073
S214027BD07164002008B517F0A5FD0022024B18605C
S214027BE0024B1A6008BD00BF9C480020984800203F
S214027BF0014B1868704700BF9848002008B50C482B
S214027C00FBF7E4FDFBF736FF80B10A4B0322B3F81D
S214027C106810012011F0FDFF4FF47A71064B0448FC
S214027C201B885943BDE8084017F088BA08BD00BF54
S214027C30606D002024560020BE6E0020014B188086
S214027C4000207047E26E0020044A054B1870138825
S214027C5023F003031843108000207047205E0020A4
S214027C602E6F0020034B1888C0F30E00003818BF92
S214027C7001207047CE5D002008B5FFF7F3FF30B154
S214027C80002004490223044A0880FBF719FE00205C
S214027C9008BD00BFCE5D002027E10100024B188818
S214027CA0C0F30E00704700BFCE5D00200023084AD6
S214027CB001201370074A08491370084B084A1B78BC
S214027CC043F0040313800223064AFBF7F9BD00BF04
S214027CD07765002076650020CE5D00202E6F00209E
S214027CE0205E002027E1010013B514468DF8071028
S214027CF0DAB9CAB20E2A18D80E4B1B881341DB0714
S214027D0013D517F04FFBFF2811D09DF807200A4B1A
S214027D100DF107011A5400F58330012200F5807038
S214027D20E5F7D4F9204602B010BD0124FAE7022492
S214027D30F8E700BFE26E00207164002030B5012132
S214027D4000240B2385B0104D019400918DF80C3061
S214027D508DF80D000323B5F8680003AA8DF80E40CF
S214027D6015F0AFFA68B1B5F8681013F04BFF40B1E2
S214027D700522064B64211A70054B06481C7017F044
S214027D80DDF905B030BD00BF245600207665002020
S214027D9077650020806D0020064B1B78033B012B85
S214027DA006D8054B1B781BB9044B1878FFF7C6BFDD
S214027DB0704700BFCD640020756500202D6F00203F
S214027DC010B51548FBF702FD144B1978F9B9144A99
S214027DD013787BB1013B1370124B1B78042B02D134
S214027DE00846FAF7A7FDBDE810404FF496710A4818
S214027DF017F0A4B90C4A128802F00302022A0AD12A
S214027E00BDE81040032201200849FEF729BABDE862
S214027E101040FFF7C1BF10BD806D002077650020BF
S214027E2076650020CD640020CE5D002000F8FF07B6
S214027E301FB50C238DF80C300B4B0C461B8801210A
S214027E4023F004038DF80E3000238DF80D00CDE9E3
S214027E5000132046032303AA15F033FA10B1214675
S214027E6013F0D0FE04B010BD205E0020F8B5064622
S214027E7013F056F80546304615F047FA411C0446FC
S214027E8089B230460BF09EFC02340746A1B2304659
S214027E900BF098FC394602462846FFF725FF0228D3
S214027EA016D02946FFF7C4FF0A4B1B8803F00303CC
S214027EB0022B0DD1284617F075FAFF2808D00022AB
S214027EC0054B43F82020054A135C63F00F03135456
S214027ED0F8BD00BF205E0020B4460020716400207A
S214027EE0084B1A785AB10223013A93404EF66022A2
S214027EF0534303210448B3FBF1F117F01FB942F2D2
S214027F001073F6E72D6F0020806D002070B50546D1
S214027F101748FBF75BFC0122164B28461A7015F031
S214027F20F4F9411C044689B228460BF04BFCA11C0E
S214027F30064689B228460BF045FC0F4C02232080E9
S214027F40214600200D4AFBF7BBFC86B9238803F0C6
S214027F500303022B03D1FFF73DFEFFF7C1FF238881
S214027F605B0704D5BDE870400548FFF747BE70BD05
S214027F70806D002077650020CE5D002027E101009D
S214027F80606D00202DE9F0431F4C0546238889B01A
S214027F90002B33D01D4E00214FF4807009F09CFA5E
S214027FA03378DB0728D50121208817F013F8074617
S214027FB0208813F052F8023017F099FC05A9804683
S214027FC0208815F0A8FA3378384613F0020F104BC3
S214027FD018BF0025B3F8009016F0E0FF06463846B4
S214027FE016F0C0FFF6B20290424606212846CDE9B8
S214027FF0009605AB11F065F900232380054809B009
S214028000BDE8F043FBF7E2BB285E0020786500205F
S214028010245E0020A06D00202DE9F047304F8046F8
S2140280203D880E4614469946ADB3104612F023FF1D
S214028030B0F5006F2FD1204612F030FF824617F0BF
S214028040B1F9FF2827D02EB1264A32F810302B433A
S21402805022F81030B5F5007F36D0B5F5806F33D0F4
S214028060B5F5807F17D1204B1B88A3421CD14FF653
S214028070FF718A450FD0204612F026FF284609F0E7
S21402808059FA50B93046FFF77DFF0023174A13808E
S214028090174A3B801370BDE8F0870220002108F0E3
S2140280A0AFFF0028EED1F0E7104D2B88A342F2D1A5
S2140280B04FF6FF718A45EED024B1204612F004FF37
S2140280C000232B800023E3E70023094A3B8013703A
S2140280D031464B4622464046BDE8F04713F01ABBEF
S2140280E0225E0020BC5D0020285E0020265E002066
S2140280F05D65002010B5044640F62140FFF742FFBA
S21402810001214FF4807009F0E7F978B10022084B9C
S2140281101C80084B1A700BF0D5FCBDE81040064BCD
S2140281201880064B0648198817F008B810BD00BF1D
S214028130285E002078650020245E0020C06E0020A5
S214028140A06D0020044A137818B943F00103137097
S214028150704743F00303FAE7786500202DE9F04FF5
S214028160DFF84C9187B099F80060002E40F08C80C2
S214028170DFF840B1DFF840A19BF80030F4B2A3422A
S21402818007D80022424B1A8007B0BDE8F04FFDF731
S214028190ABBB20463AF8145008F0C0FE80460028D2
S2140281A060D0204608F04AFE15F40071074645D016
S2140281B001464FF6FF720E2013F047FE05460028D2
S2140281C050D0394612F080FE4FF400730027304E2E
S2140281D0204633803AF8142022EA03032AF81430A1
S2140281E010220023009708F0B3FE2A4B1B88DB07F9
S2140281F007D5294B294A43F82470135D63F00F0311
S2140282001355182000216043254B264C00930191FC
S21402821001232A46205CFAF7B1FB002814BF01238B
S214028220002389F8003005D13388B3F5807F01D169
S2140282301D4B1880404607B0BDE8F08F680513D581
S214028240059113F07FFD012205990346009207204F
S2140282503A46CDE90111FDF765FC4FF48063054609
S214028260002DB3D1013687E7104B18880028F9D0C5
S214028270EA05F7D5394612F027FE0C4B1D880A4B45
S2140282801D804FF48073EBE74FF00008D2E700BF83
S214028290225E0020205E0020B4460020716400208A
S2140282A019800200F0130020265E0020285E0020BF
S2140282B05D650020446F0020BC5D0020042230B5BE
S2140282C001F0400387B0002B054614BF01240024AA
S2140282D08DF80C208DF80D1004D004A914F0C0FB04
S2140282E038B304ABCDE9004301210223284603AA92
S2140282F014F0E7FF0446F0B1104B1B78033B012B4A
S21402830004D80F4BB3F8681012F0DEFD4FF6F77381
S2140283109D4209D9322202212046FDF74BFA80F00F
S2140283200100C0B207B030BD2946204613F06AFCF1
S214028330F5E70120F6E71920F4E700BFCD64002038
S2140283402456002010B5FFF797FC04F0DBFF13F06D
S214028350B2FA002014F07FFB17F0D4F808B1FCF74D
S214028360B7FA204C2378532B12D103232370002311
S214028370FF2219460120FDF773FF002016F0E8FCE5
S21402838010B1002012F077FEBDE8104011F045BC97
S214028390062B01D0212BF0D10120FDF705FF4FF669
S2140283A0FE7013F006F84FF6FF7013F01FF8002069
S2140283B0FDF732FE0020FDF75FFEFDF7AFFD00F091
S2140283C087FB11F02DFC2378212B02D1FDF782FBCF
S2140283D0D3E70020FBF7FAFA00214FF4004014F02E
S2140283E03CF9CAE7CC64002010B50A4C0A48FBF7F1
S2140283F0EDF92378062B02D10120FDF7D5FE23786E
S214028400062B01D0532B03D1BDE81040FFF79ABFCD
S21402841010BD00BFCC640020C06D00202DE9F84FCF
S214028420DFF8CC8004460E461746FFF725FC98F880
S214028430005015B90220BDE8F88F212DFAD0DFF8DA
S214028440B49099F80030012B01D1A306F2D4274844
S21402845017F0DFFA0028EDD114F020043946304632
S214028460DFF894B0DFF894A005F00F051BD010F0EB
S214028470E6FE012D8BF80070AAF8006033D12123A6
S21402848088F80030FFF75EFF0020D4E7212388F843
S2140284900030FFF757FF00214FF6FE70FDF792FF00
S2140284A0FEF7D6FAF0E710F0C9FE012D8BF8007041
S2140284B0AAF80060EAD0062321464FF6FD7088F837
S2140284C00030FFF7FBFE40F6020240F2262199F842
S2140284D000300648033B012B88BF114616F02EFEDD
S2140284E0002CD1D1D7E75323E6E700BFC06D0020AA
S2140284F0CC640020CD64002079650020E46E002064
S2140285002DE9FF410F460546511C38460BF05AF935
S2140285100446384612F0A1FD0646023017F0E7F987
S214028520424B80461B7804F04002022B02D0043BEA
S214028530012B06D83E4B1B68580205D5A10603D46C
S21402854052B304B0BDE8F08132B33A4A1278D11E73
S214028550012917D8384BB3F86830AB42F1D173789B
S214028560180714D5304614F00DFFFBF70BFF002852
S214028570E7D00122294604F0200004B0BDE8F0410D
S214028580FFF74CBF022ADCD1DF01DAD4E7E712F0AC
S21402859004FF4045D5D1ECE7264B1B78013B012B67
S2140285A0CFD87378D906CCD502A9384614F0F7FE90
S2140285B0002002A916F0C6FEFF2806460BD0A20629
S2140285C001D413F065FA304608F038FC04F0BAFE1F
S2140285D0304614F0DBFA284617F066FAFF280DD06C
S2140285E0FCF766FB14F0200608D112F0D6FE28B17E
S2140285F033460222284602A905F0E0FF12F0CDFE1D
S21402860000289ED1A3069CD402A94FF6FF7302222D
S21402861028460EF04EFD4FF6FF720346009228469D
S214028620022202A910F0FDFE8BE700BFCC640020F8
S214028630A4480020CD6400202456002038B5044605
S2140286400D4616F0AFFEFF28034615D00B4A1278E9
S21402865042B10B4A32F81020520403D514F096FAAF
S214028660002038BD184613F013FA204645F04001A4
S214028670BDE83840FFF722BE0120F2E7C8640020BA
S214028680BC5D002038B5054612F0E7FC04462846D5
S21402869014F03BFE411C89B228460BF093F84206C2
S2140286A00DD563781B070FD5204614F06BFE0146E6
S2140286B0002016F047FEBDE8384014F067BA0348BB
S2140286C0BDE83840FFF790BE38BD00BFC06D002041
S2140286D038B54FF6FF75A842044617D012F07AFE58
S2140286E0A04213D04FF6FD72094B198891420DD95C
S2140286F0084A1288AA4201D0A24207D11C804FF42F
S2140287007A71BDE83840044816F018BD38BD00BF7F
S214028710CA6E0020E66E00203048002008B50448E5
S214028720FBF754F84FF6FF72024B1A8008BD00BFE3
S21402873030480020CA6E002037B505460C4608238E
S21402874069460120064AFBF7BBF815B19DF80630CC
S2140287502B700CB1009B2360BDF8040003B030BD43
S21402876025E1010007B508238DF80600ADF80410D0
S214028770009269460020034AFBF7A2F803B05DF8B0
S21402878004FB00BF25E10100024A13780BB1013B4E
S21402879013707047BB64002008B512F027FE002154
S2140287A04FF6FF72054B08461A80FDF78BFCBDE8B4
S2140287B0084040F6164010F006BE00BFCA6E002003
S2140287C008B5FBF703F80A4B1B78023B032B08D8C5
S2140287D04FF6FE73074A108898424FF6FF7301D190
S2140287E0138008BD9842FCD0BDE80840FFF7D4BF0E
S2140287F0CC640020CA6E002010B5084B1B78042BF0
S2140288000AD012F0CAFD002104460846FFF794FF7C
S214028810231A5842584110BD0020FCE7CD640020C0
S214028820F0B5002689B00546CDE90566ADF81C60B0
S21402883014F06BFD0A23024604462946009605A854
S21402884017F056F99DF815309DF814701F2B27D88F
S21402885003A813F0BAF808220DF1160103A8F3F7DD
S214028860C1F80646E0B9092F1CD1FFF7C5FFB8B11B
S214028870144B1B78A3B1144B1A884FF6FD739A4219
S2140288800ED9124C124A23780433DBB223701278C4
S214028890013AB3EB820F03DD58B20EF05FFE26708C
S2140288A009B0F0BD0A34E4B2214628460AF08AFF2F
S2140288B013F014F9611C284614F04AFCFFF708FF6F
S2140288C0EEE700BF466F0020CA6E0020BB640020A1
S2140288D02C6F002038B5134B1B78033B012B20D995
S2140288E0114B4FF6FF711B78ABB1104D2B888B42A4
S2140288F017D112F06FFD4EF6602104460C4816F0B2
S2140289001DFC4FF6FE7322462B800021BDE8384040
S214028910092013F0F1B8074A13888B421CBF0133B3
S214028920138038BDCD640020466F0020CA6E00203A
S21402893030480020CA5D002010B5044661B1FF2110
S21402894012F02CFB0021204612F02EFB12F05CFAED
S2140289500146204612F02EFB2146BDE810400022BA
S214028960014817F02EB800BF2C5E00202DE9F0411A
S2140289700D461746044612F070FB06782846FBF7AB
S21402898077F929468046204612F09EFA12F005FD37
S214028990A84206D120460121FFF7CEFF0120BDE8FE
S2140289A0F0812846B8F1000F0AD0FBF7EFF950B96C
S2140289B0144B3A462046BDE8F0411978FCF7FABE59
S2140289C014F073F8F3E706F00306012E08D012F04F
S2140289D0E4FC00232246294602F030FF0028D9D1C3
S2140289E0204612F02DFA430505D52046BDE8F04193
S2140289F0002112F014BE204614F02AF8B0FA80F0D5
S214028A004009CCE72A6F002010B586B0044614F061
S214028A107CFC104B0246186819790290D3F80500C0
S214028A205B7A01328DF8143000238DF80C10049016
S214028A302146009392B2052304A817F059F805229E
S214028A4004A902A8F2F7CEFFB0FA80F0400906B0F9
S214028A5010BD00BFB4E1040008B50748FAF7B6FE39
S214028A60064B1B78033B012B05D8BDE808400021C6
S214028A700846F9F75FBF08BDE06D0020CD64002010
S214028A8008B5114812F0B8FB104B1B78012B06D81C
S214028A90FF2009F0FDFBFCF751FD08F09DFCFCF7FA
S214028AA06BF902F06BF9FFF701F914F0C5FD0BF054
S214028AB05BFBFCF7F9FE0BF085F810F0C4FBBDE893
S214028AC0084003F0B1B900BFEC5600202B6F00201F
S214028AD008B5EFF701FDFF2803D0094B1B78012BE1
S214028AE006D9002009F0D4FBFCF728FD08F074FC38
S214028AF0FCF742F902F042F9BDE8084003F094B9E7
S214028B002B6F0020064B1878112806D000F0FD00C7
S214028B10A0F141035842584170470120704700BFF8
S214028B20CC6400202DE9F0410446FCF7AFFC18B1F6
S214028B3000263046BDE8F0811D4B1B78033B012B17
S214028B4009D81C4BB3F868104FF6FF739942EFD062
S214028B50204612F0B9F9184B022120461A88FCF773
S214028B6029FE06460028E3D0204612F076FA90F850
S214028B7007800546043016F0BAFE074612F00DFCD2
S214028B80414602463846FCF799FCA81C16F0AFFE92
S214028B904FF6FF73984202D12046FFF7ABFA2B78C6
S214028BA09B07C6D101212046FFF7C6FEC1E700BFDC
S214028BB0CD640020245600202A5E00202DE9F04FC6
S214028BC0002585B00746039512F047FA064604309C
S214028BD016F08DFE8046B01C16F089FE33780446E9
S214028BE04046009316F0DEFB82464046FBF740F80E
S214028BF03378BAF1FF0F0CBF83464FF0010B9A078A
S214028C000AD112F0CAFB404514BFD9464FF00109FB
S214028C10B3791BB90320B9E0A946F9E712F0BDFB08
S214028C20A04205D112F0B9FB0446994B1B7836E0F8
S214028C30984B1B78052BF8D0033B012B03D8964B99
S214028C40B3F86840F1E7204616F04BFF737840B35E
S214028C5013F00402DFF838820BD198F800301A4479
S214028C6021463846D2B2FFF781FE0028D2D0002035
S214028C708CE0384614F00BFB0146054638460AF0EF
S214028C80A1FD421C52002946384602F0FE0212F0AE
S214028C9079FF737823F00403737098F8003000228B
S214028CA0DDE75B0726D5384614F0F1FA014606469C
S214028CB038460AF087FD824606F101091FFA89F94D
S214028CC0494638460AF07EFDDFF8C481BAF1000F45
S214028CD001D0FF2805D10022494638460AF086FD13
S214028CE0DBE7B11C01EB4001C9B2384614F030FA9A
S214028CF00446D2E7204603AA02A914F026F805463F
S214028D00B9F1000F4AD0009B03F0C003802B0ED1AE
S214028D10FF2320468DF809300BF03EFAFF281BD0C1
S214028D200DF109020DF10A010BF02AFC14E0402BAA
S214028D3034D19DF808308BB3FF2320468DF80930D6
S214028D400BF02AFAFF2807D00DF109020DF10A01ED
S214028D500BF016FC2D281CD13378404603F03F0357
S214028D60337016F0BEFE10B912F017FB80460023D1
S214028D7042461946204608F04FFE00283FF44AAF06
S214028D80C822072138460AF055FF012005B0BDE883
S214028D90F08F9DF80930FF2BDED12546039838B9AF
S214028DA09DF80820002A62D1394B2C461B7856E7DC
S214028DB009F032FA039AFF280346127908D1CDE960
S214028DC000204FF4E171354816F0B3FCDDE90023CC
S214028DD0B9F1000FE4D002F03002102A0AD0202A9D
S214028DE0DED1BBF1000F24D05146184609F016FC1E
S214028DF00028D5D1DFF8A89099F80030012B45D08D
S214028E00204610F0E6FE28B92A4621464046F37967
S214028E1013F01EFFA54212D1039A137923F00C0316
S214028E2013719DF80830ABB92C46194B1B783022CB
S214028E3015E7039B1B7913F00C0FDBD1B0E799F80B
S214028E400030022BE8D0039A137923F00C0343F088
S214028E500403E5E70121204612F0E3FC20B9204690
S214028E600BF09AF9FF280FD0094B1B78DFE7012198
S214028E70204612F0D6FC00287FF4D7AE20460BF030
S214028E808BF9FF287FF4D1AE02207FE7A542D9E70F
S214028E902A5E0020CD64002024560020ED950400B2
S214028EA07D65002038B50E4B04461B780D46033B05
S214028EB0012B10D900F108039BB2012B0DD812F03A
S214028EC06CFA002302462946204608F0A5FD80F0EB
S214028ED00100C0B238BD0120FCE70220FAE700BF5D
S214028EE0CD6400202DE9F041064610460D4614F0EA
S214028EF00CFAA0F11004E7B256FA84F42146EA1BF3
S214028F0004F10E00F2F774FA2823DFF84480F355D2
S214028F1098F80030637301F045FF611C0246012099
S214028F2010F091FE08220949601DF2F761FA98F8DE
S214028F30000013F000FC05F10E0130463B4600220D
S214028F40C9B201F0E1FF1220BDE8F0814F650020B2
S214028F50C76400202DE9F04F89B0044612F07DF870
S214028F600546204611F0DCFF0746281D16F0BFFC1A
S214028F708146A81C16F0BBFC0390384695F807A05D
S214028F8016F0AFFD2B780490990761D12146042094
S214028F9002F0C2F800285BD0204614F0B6F901466B
S214028FA020460AF00FFC820752D1204614F0ADF993
S214028FB0014620460AF006FC10F00303059347D14B
S214028FC02046FFF721FD002842D0204614F092FAF0
S214028FD0461C204615F0E2FFF6B206F10A0B834560
S214028FE080F29F80504A06AB1068516803C3711C1A
S214028FF020460AF0E7FB3146804620460AF0E2FBAE
S214029000594600EB082820460AF0DCFB8346059BFF
S2140290102146B21C009306A8082316F069FD1FFA23
S21402902088F8204611F07CFF5A46414610F0FFFDB4
S2140290300122404606A901F09BFB002871D10220BE
S2140290400BF036F8013003D1404606A9EFF712FBC3
S21402905012F0A3F948453A46514608D112F00FFCE1
S21402906000285ED109B0BDE8F04F01F077BB484654
S21402907012F005FC002854D12C4B1B781BB939463C
S214029080484612F099FD3A4651464846FCF716FA0B
S214029090002846D0297811F0030102D12046FFF7B6
S2140290A04BFCAB79002B3CD0214B1B78DA1E012AF5
S2140290B037D9062B35D06B78DB070DD503982E7A79
S2140290C013F0D8FB10B3F30803F01C0326F01F06B8
S2140290D0334343F001032B724FF6FF71204611F023
S2140290E0F3FE049BDBB910F09CF800F03F0202216D
S2140290F02046FCF75FFB4FF6FF73039A9A4210D1A5
S214029100204609B0BDE8F04FFEF7F4BF06F01C0398
S2140291101C2BE1D0042B04D9043E2E72DCE700227D
S214029120E5E709B0BDE8F08FDF1E0400C364002047
S214029130CD6400202DE9F04385B004460E4617465E
S21402914011F088FE0C2820467BD111F086FF0922FA
S214029150002115F047FE00F11005EDB22946204623
S2140291600AF030FB042853D006D8012815D002286E
S21402917022D005B0BDE8F0837C28FAD1204615F04F
S2140291800DFF0546204615F0EDFE02463046E9B2D2
S21402919005B0BDE8F04310F070B846B9132120467A
S2140291A013F0D6FF05B0BDE8F04312F01FB905B0C4
S2140291B0BDE8F043FCF7ACBE9D4B1B78013B012B90
S2140291C0D7D82046E91C0AF0FDFA074686B978B9D0
S2140291D0691C204613F0BCFF0546214613F099FA97
S2140291E03A462946102005B0BDE8F04316F048BBC3
S2140291F0002508232146152200950DEB030016F0E4
S21402920077FC284602A916F09DF813F0BFFCB0E7DB
S214029210884B1B78022BACD146B9FEF73FFDC2073E
S2140292200AD5FEF7D7FC002F08BF3F26304605B00A
S214029230BDE8F04310F02DB8FEF714FD0028F0D07C
S214029240F1E711F00AFF8046043016F050FB07469D
S21402925008F1020016F04BFB4FF6F77398420546EC
S2140292600CD8754A138801339BB213800BB9734A24
S21402927013801EB1714A13880133138098F8009048
S21402928009F00309B9F1010F40F08380204614F07B
S2140292903CF8014620460AF095FA043809283FF6BB
S2140292A068AF01A353F820F0D19202007391020036
S2140292B073910200F592020073910200739102000C
S2140292C073910200DD92020073910200DD920200A9
S2140292D0204605B0BDE8F043FFF7D4B9544B1B78DF
S2140292E0042B7FF446AF0021084605B0BDE8F043E4
S2140292F0F9F720BB4E4B1B78013B012B3FF639AFEB
S214029300404614F03FF800274D4B01465B898DF826
S2140293100A70ADF8083000283FF42BAF384616F036
S21402932011F80546204613F0F0FF421C032321469F
S214029330009792B202A816F0DBFB9DF80A30E6B957
S2140293403C4A1278022A18D1BBB9FF2DBDF8084054
S2140293500AD03C4A214632F81530284623F4806368
S21402936022F8153013F0F1FB204613F0CFFC002252
S2140293702146102016F084FAFBE6022B3FF4F9AEE3
S2140293802BB9304B33F815305B053FF5F2AE284665
S2140293903BE7B9F1000F7FF4ECAE3146204604F00D
S2140293A0BBF8002E3FF4E5AE4FF6F7739D423FF64C
S2140293B0E0AE98F80160284616F0040620D113F0B5
S2140293C0F2FC044628467CB113F06FFB0346F0B964
S2140293D00C2200902946384612F04CFD0C2200233F
S2140293E039462846009308E013F05FFB0346B8B9F7
S2140293F0154A009012782946384612F03BFDB8E628
S21402940013F053FB034678B90B220090F3E70622CB
S214029410334629463846009612F02CFD0622DEE731
S214029420234600940622E6E74B46CDF80090F9E77D
S214029430CD640020CC640020D25D0020D05D0020E8
S214029440B4E10400BC5D00206A6F00202DE9F04FF5
S21402945005888BB00446284611F0FFFD804604308E
S21402946016F045FA074608F1020016F040FA05A97A
S2140294700190284613F093FF284613F046FF014654
S214029480064628460AF09EF998F80030029003F045
S2140294900303012B0CBF82464FF0FF0A16F03DF97C
S2140294A0B4F806B0814611F078FF98F807300090BD
S2140294B03846039301F08AF8002838D1019801F063
S2140294C085F8002849D1FCF7B9FAA9EB0B0B1FFA6D
S2140294D08BFB8146FAF774FB002844D1FFF712FB98
S2140294E0002840D1A14B1B78033B012B42D8BAF18E
S2140294F0060F00F0BE80BAF1040F00F0BA80FFF744
S21402950001FB20B1029B03F00303012B32D0FAF7D2
S214029510B1FA28B9964B1B7803F00F03062B6FD1CE
S214029520944B2846B3F8681011F0CEFC22E0284689
S21402953011F093FD023016F0DAF94FF6F7739842FF
S21402954006D9039B23B92846FFF75EFA0028B5D151
S214029550A37823F00F03A37054E0019816F0C1FA23
S2140295600028B0D1F4E7A9F104095FFA89F9B9F144
S214029570020FB7D8BAF1010F40F0A280284611F0C8
S2140295808DFC4FF6FF7398426AD100233146284677
S21402959007AA13F01EFB80460028D9D042799DF810
S2140295A02530934209D9711D284689B20AF01EF960
S2140295B0A37823F00F030233A3700FF032FE7E234C
S2140295C0B0FBF3F202FB130303F58073A3809DF84E
S2140295D0263013F0180F0BD0A378190708D1009B7A
S2140295E0BB4205D0384698F8052005A90FF061FE63
S2140295F09DF82700003818BF01200BB0BDE8F08F99
S2140296002823A3800020F8E7584B1B78033B012B46
S2140296105FD940F6B8339B459AD80FF002FEFF2377
S2140296208DF81330002300F03F00C0F5FA70A080DA
S21402963007A90DF113008DF81C30FBF7A3FF0546B2
S21402964098F80710384612F00EF9002D80D09DF8D3
S2140296501C20013A032A7BD8DFE802F0807A697D73
S2140296604FF6F773019A9A4224D898F80130DA072F
S21402967020D4284611F012FC16F0D0F9012808BFB3
S2140296803D4BA27809BF1B78FA2303EB830303EB57
S214029690830302BF9B00FA339BB212097FF458AFD2
S2140296A05B45FFF455AF0FF0BCFD00F01F00103015
S2140296B0A08053E02D4B1B78033B012BA9D8D8E79B
S2140296C04FF6F773019A9A429ED898F80130DB0754
S2140296D09AD4BAF1020F53D10123314607AA28467B
S2140296E013F077FA074611F058FEBDF8223098427A
S2140296F036D1002F3FF42CAF01227B883146284614
S21402970008F00EFB1D4A13780133DBB288F80730E7
S21402971013707B88BDF81E209A421FBFA37823F0E1
S2140297200F030233A3704FF4C873A38016E0009BA6
S214029730BB4213D000283FF40BAF426801323FF41D
S21402974007AFC2789DF813309A42BFF401AF05E026
S214029750009BBB4202D0A2781209EBD101204CE753
S214029760184616F0BEF90028C3D182E7CD64002061
S214029770CC640020245600203C6F0020CA640020DF
S214029780BAF1030F7FF475AF009BBB427FF471AF53
S214029790711C284689B20AF015F80C287FF469AFC6
S2140297A0FBF7E2FC4FF6FF73984201463FF461AFC7
S2140297B0284611F089FB5CE72DE9F3410446008850
S2140297C011F04BFC0546043016F091F80646A81C2C
S2140297D016F08DF8074615F0A0FF05463046B4F899
S2140297E0068000F0F3FE064648B9384600F0EEFE64
S2140297F058B9194AA3781278033A012A0BD8A378E3
S214029800002623F00F03A37021E0384616F069F90C
S2140298100028EED1F3E71B09F1D1A5EB0805ADB29E
S214029820B5F5C86FEBD80DF10301384601AA0193CE
S21402983013F08BFA9DF80350014645B94FF6FF73B5
S214029840984204D00126208811F03EFBA5803046BF
S21402985002B0BDE8F08100BFCD6400202DE9F041E2
S21402986005460C4611F0F6FA082802D10120BDE89A
S214029870F081201D16F03BF80646284694F807802D
S21402988011F04EFB0746284611F0DAFA010612D509
S214029890184B1B78042B0ED1174B1B78022B0AD1C0
S2140298A0164BB3F868204FF6FF739A4203D0002196
S2140298B00846F9F73FF8124B1B78002BD6D1A01CAE
S2140298C016F015F84FF6F773984202D86378DA075F
S2140298D00DD523789B070AD13A464146304611F009
S2140298E0CEFF80F00100C0B200F00100BFE7012009
S2140298F0FAE700BFCD640020CC6400202456002086
S2140299007F6500202DE9F04F9DB0044611F0A2FAC3
S2140299100546204611F09EFA08285AD14FF4004315
S214029920102200212046ADF8503012F02BF92046C6
S21402993015F018FB0DF037FE002321461A460C20C0
S21402994000930DF0F5FB98B3204615F00BFB14A917
S21402995002461020FAF7D6FD0501204615F002FB56
S21402996014A902464020EDB2FAF7CCFD10B120460B
S2140299700FF06BFC204615F0F5FA14A9024680207B
S214029980FAF7C0FDB8B99DB1102517A806F0A2FDDA
S2140299902046BDF8507015F001FB0646204615F02D
S2140299A0E1FA29460090F3B2384617AA0FF0EBFC0C
S2140299B01DB0BDE8F08FBDF8503017A8ADF85E4078
S2140299C0ADF85C3010F02DF90028DCD145F08005AA
S2140299D0DBE7204611F091FAB0F5006F40F0058102
S2140299E0204611F09DFA0646042D40F001812046DD
S2140299F011F026FA80F40060C0F3C020002231463F
S214029A00400015F03DFF954B1A78022A0DD0FFF75D
S214029A1079F850B902F0FD03312B06D0043A012A38
S214029A2003D98F4B1B78002BC2D02146022001F0AF
S214029A3073FB05900028BBD02046ADF8464011F0D7
S214029A400CFB0446BDF8460011F06AFA0546201DD6
S214029A5015F04DFFA31C83461846039315F047FFE7
S214029A6012A90746BDF8460013F099FC63780690E3
S214029A70BDF8460094F80080099313F046FC63781C
S214029A80064608F0030828460C93FAF7F1F8B8F1F0
S214029A90010F0CBF032302230E93724B08BF4FF035
S214029AA00B091D80237818BF4FF00A0903F03C0308
S214029AB0082B0D907FF47CAFBDF8460015F06EFAC9
S214029AC0B0427FF675AFB8F1010F03D0237898073E
S214029AD07FF46EAF644BB3F86830AB420DD1634A85
S214029AE0634BB2F9001093F90030002900F0A5800C
S214029AF001EB0313A3EB211313804FF0010AA6F127
S214029B001003DBB207938DF8453010224846BDF8A5
S214029B104610CDF800A00DF145030DF009FB002814
S214029B203FF446AF099B13F002030A9300F00A8142
S214029B30504B1B78002B3FF43BAFBDF8469048468F
S214029B4013F0E3FB002308904846CDE91733199338
S214029B50ADF8683011F0E4F9089B039003F10E01AA
S214029B60484689B213F0A4FB002870D00023494669
S214029B70089A009317A80E2315F0BAFF50460DF167
S214029B805D0110F06EF89DF869300B9004939DF815
S214029B905C30282B5BD10DF16100FAF7F3FB0F90D6
S214029BA0002854D1049812F0C6FD0F9B002867D1F6
S214029BB0314B049A1B78D31A190648D404F04CFD8C
S214029BC050453CD115F0AEFD2C4E0546346824B106
S214029BD004F048FD2C1B844239D30023FF22194689
S214029BE01846FCF73DFB356031E04FF6FD76FBE6A6
S214029BF04FF6FF70301A18BF01200022314640008F
S214029C0015F03EFE0C2D0DD12146012001F084FAFE
S214029C1000283FF4CDAE214600201DB0BDE8F04F2F
S214029C20FDF700B92DB920461DB0BDE8F04FFDF78F
S214029C305FBD042D7FF4BCAEE5E61B025CE704F0D4
S214029C400BFD022803D104F0E9FC0028BAD000225A
S214029C501920039915F014FEAAE600BFCC64002072
S214029C607F650020485E0020245600201A5E0020F1
S214029C707B650020C8640020C7640020345700209B
S214029C8010214846089ACDF800A012F092FB002850
S214029C90DDD0A64B049A1B78934240F0AA80039923
S214029CA00DF1610214A815F019FB012114A8FAF7A8
S214029CB043F8824648F2030114A8FAF749F9BAF1C2
S214029CC0000F03D0082114A80FF066FF484613F0D1
S214029CD03AFB03990DF16100FBF7E6FAFE2882468D
S214029CE0B5D0FF280AD1039815F0DEFEFF2882467B
S214029CF000F087800DF16101FBF750F98B4B049A57
S214029D001B78934200F0A38050460B99FBF7B2FAF9
S214029D1000283FF44DAE50460B99FBF7BDFA237868
S214029D209A070FD1484613F0F0FA0146484609F062
S214029D3049FD00F00300012804D103980DF16101EA
S214029D40EEF798FCBDF8460011F07AF8030440F1ED
S214029D508580204615F0CBFD40F4007189B220467E
S214029D6015F0C7FD00224FF40041BDF8460011F081
S214029D7058F8DDF81490012310220093BDF846101F
S214029D800E980DF145030DF0D3F900283FF410AEFE
S214029D90032866D1204615F0AAFD40F4007189B268
S214029DA0204615F0A6FD284615F09BFE002840F03A
S214029DB0B780DDF81490B8F1010F40F0C18003209F
S214029DC0BDF8461001F0A8F9002840F0B9803146E7
S214029DD0BDF8460009F0F6FC0F2801467FF6E8AD0E
S214029DE04FF6F7739F423FF6E3AD284611F02EFF7B
S214029DF0DEE55046049903F049FD00287FF44FAF94
S214029E0025E7237803F00303012B08D1484613F015
S214029E107CFA0146484609F0D5FC082892D0444B05
S214029E201A78444B1B789A4209D20DF161010398C5
S214029E30FBF768F8039815F037FE82465EE7A01C2B
S214029E4015F055FD4FF6F7739842EED9FFE65046E9
S214029E50FBF79AFA00283FF457AF5CE74FF0000989
S214029E6089E7284615F03DFE0028A4D00A9B002B61
S214029E7058D1B9F1000F53D1B8F1010FBDF8460021
S214029E809DD0314609F09EFC8246DFF8B09099F8E4
S214029E900030002B5FD011F080FA87427FF488AD45
S214029EA0B8F1010F40F08280BAF1070F78D8BAF104
S214029EB0050F7FF67DAD204B1B78022B02D0043BAC
S214029EC0012B03D899F80030002B4BD00C9B980638
S214029ED040F1BB800D9B002B40F0B380284615F066
S214029EE061FAFF2840F0AD805D457FF461AD069BC8
S214029EF0002B00F0A48012AB46F204020124ADF857
S214029F005C200193214602232846009417AA13F0E8
S214029F10D8F900283FF44CAD214611F080FB47E506
S214029F20DDF81490284607F053FD44E7C764002086
S214029F30C66400203D6F0020CC640020C864002068
S214029F403146BDF8460009F03DFC0A9B824613B92D
S214029F50B9F1000F99D0A84B1B78022B02D0043B14
S214029F60012BB3D8284600F031FB814600287FF447
S214029F701FAD11F012FA854222D1A04B1B78033B8B
S214029F80012B19D89E4BB3F8684011F006FA4B46DF
S214029F9001460D222046CDF8009011F06BFF07E532
S214029FA0AAF10E03DBB2012B85D901E50AF0030301
S214029FB0012B7FF4FDAC7EE7012000F0A5FBF7E461
S214029FC0284615F08EFD58B911F004FA4FF6FF73C5
S214029FD0984205D015F096FA10B92846FAF738FFD7
S214029FE0284615F07EFD88B111F0F4F94FF6FF739E
S214029FF098420BD015F086FA40B9B8F1010F02D19B
S21402A000BAF1060F02D0284607F04CFA069BA3B90F
S21402A01019460122584600F0ABFB814600287FF421
S21402A020C7AC204613F0AEF94A460146384600F061
S21402A0309FFB00283FF44AAFBAE412A9E9E7069B61
S21402A0405AE7637823F0200363704FF6FC739F424F
S21402A05075D16A4B1B78033B012B7FF6A9ACA3791B
S21402A0600BB1013BA3716378590727D500235846E5
S21402A07017AA14A9179312F068FE1798F0B108F001
S21402A080CBF88146384615F08DF9179A01461379B2
S21402A09003F03000102806D003F00C0008281CBF7E
S21402A0A023F00C031371137903F03303202B05D12D
S21402A0B0FF2903D00122484608F078FA284615F010
S21402A0C071F9FF281EBF00224E4B43F82020099B41
S21402A0D003F001094FF6F7739F4200F21381B9F1BC
S21402A0E0000F40F01C812946584611F065FD11F01C
S21402A0F054F9874200F0DF80384615F0F2FC00285B
S21402A1004AD0B8F1010F30D1BAF1010F20D14A4638
S21402A1103146BDF8460007F05FFE384615F0E1FC12
S21402A120394B1B78002B78D1584615F0DAFC0028FC
S21402A13070D1384615F0D5FC00286BD138E44FF6BE
S21402A140FD739F428BD12D4B1B78042B87D12FE4B6
S21402A150384615F0C6FC50B3BAF1030F27D1314684
S21402A160BDF8460011F0BEFE22E4384615F0B9FCF2
S21402A170384612F09AFC002848D000233946584642
S21402A180BDF8462001F05AFB00283FD00021BDF85A
S21402A1904600FEF7D1FB0BE4384615F0A2FC18B1D8
S21402A1A0B8F1010FD8D0E3E7B8F1010FE0D1164BB2
S21402A1B01B78002BB8D0BAF1050F2ED111F0EDF8AE
S21402A1C08DF85C0011F0E9F8000A8DF85D000123B5
S21402A1D0022217A90DF14600F9F74CFA00287FF47F
S21402A1E0E7AB711CBDF8460089B209F0D9FA0378CC
S21402A1F00133037011E000BFCC640020CD64002060
S21402A20024560020B4460020436F00209A4B1B7849
S21402A210002B89D0B8F1010FCDD063785A070CD540
S21402A220BDF84640204613F032F8411C89B220465B
S21402A23009F0B6FA0378013B0370904B1B78033B98
S21402A240012B30D8B8F1010F06D1BAF1050F1FD194
S21402A25011F0A3F8834522D1BDF84600FEF7AEFC06
S21402A26002281CD10021584617AA08F021F930B15D
S21402A2700379458003F03C0343F040030371002357
S21402A2807F4A009339465846127811F0F3FD06E0ED
S21402A290BDF84600FEF792FCBAF1030FE0D10022A9
S21402A2A039461C20D6E4BDF84600FEF787FCB8F116
S21402A2B0010FD5D1F0E7B8F1010F7FF467AF0AF1CD
S21402A2C0FF330C2B00F2AA8001A252F823F000BF43
S21402A2D033A3020033A302005FA1020049A30200D7
S21402A2E059A302007DA302009FA30200CBA3020093
S21402A2F0E1A30200E1A30200EDA3020005A402000E
S21402A30011A40200B8F1010F00F09480B9F1000F19
S21402A31008D1BDF84600FEF71DFEFFF749BBB8F1AF
S21402A320010FCCD0237A03F00303012B7FF440AB5A
S21402A330EFE7AAF102035A423146BDF846005A41F7
S21402A34007F04AFDFFF734BB32465846BDF84610C2
S21402A350FEF7D6F8FFF72CBB711CBDF8460089B293
S21402A36009F030FA0236F6B20246BDF846305846D2
S21402A370009612A90AF054F8FFF71ABB3F4B1B7857
S21402A380013B012B3FF614AB079B012100930020F3
S21402A3902346BDF8462011F0DCFAFFF709BB374B1F
S21402A3A01B785A1E012A07D90120079ABDF84610C3
S21402A3B0FCF71AFCFFF7FCBA022B7FF4F9AAF9F7AE
S21402A3C0FFFB0028F0D1FFF7F3BABDF8460006F00F
S21402A3D069FEFFF7EDBABDF84600FEF721FA98E7E8
S21402A3E0BDF84600FEF71CFAFFF7E2BA234B1B78CD
S21402A3F0013B012B3FF6DCAABDF84600FDF736FD11
S21402A400FFF7D6BABDF84600FDF780FDFFF7D0BAD3
S21402A410BDF846000FF0FFFBFFF7CABA33462246E6
S21402A4205046BDF846100FF0C8FB00287FF4C0AABD
S21402A4305146DAE40AF1FF330C2B3FF6B9AA01A221
S21402A44052F823F033A3020033A302005FA10200F6
S21402A45049A3020059A302007DA302009FA30200A3
S21402A460CBA30200D7A30200D7A30200EDA30200EB
S21402A47005A4020011A40200436F0020CD64002050
S21402A4806A6F002010B50021114810F05CFE0446E9
S21402A490E8B110F06EFD0F4B1870204610F06EFDFE
S21402A4A00D4B1870204610F06FFD0C4B18702046AE
S21402A4B010F06FFD0A4B1860012015F037F92046A0
S21402A4C0FFF720FABDE81040002015F02FB910BDA6
S21402A4D0F85D00207C6500207B6500207A65002000
S21402A4E02C57002070B5164E044633680D46E3B16D
S21402A4F010F0B0FC0C2818D1204610F0AEFD092250
S21402A5000021044614F06EFC235C042B0DD10D4B87
S21402A5101B78033B012B08D80B4C25B10B4B22783A
S21402A5201B789A4203D300232370002070BD08488C
S21402A530316814F003FE2378012001332370F5E717
S21402A54030570020CD6400207E650020696F002011
S21402A550E06D0020014B93F9010070471A5E00205F
S21402A560014BB3F8680070472456002070B50024EB
S21402A570124D2C70EDF762FEE6B2B04212D8104BC6
S21402A5801B78013B012B04D800214FF6FF70FBF726
S21402A59019FF00220B4B1A700B4B198801B11A8057
S21402A5A0012070BD304614F055FFC30748BF2B7814
S21402A5B004F1010444BF01332B70DBE7C5640020BD
S21402A5C0CD640020BC640020CC5D002038B50B4B67
S21402A5D005461B7873B101335C08094B188814F0E2
S21402A5E0C1FC002330F81320AA4205D00133DAB2A8
S21402A5F0A242F7D3002038BD0120FCE7BC6400204D
S21402A600CC5D002030B5054685B008460C4615F0F0
S21402A61064FAFF280CD011F095FB012200210346B4
S21402A620CDE90112009221462A460720FBF77AFA64
S21402A630284614F0B7FEFF2804460FD014F00AFF8F
S21402A640C2070DD5204614F005FF830708D40B4A2F
S21402A65032F8143043F4806322F8143005B030BD6B
S21402A66011F070FB012200210346CDE9011200928F
S21402A67007202A46FBF756FAF0E700BFBC5D00202B
S21402A6804FF6FA72431E9BB2934270B504462AD81E
S21402A690FFF79CFF38BB194B1B78042B23D02046B0
S21402A6A015F002FAFF2801D0FAF702FB204612F054
S21402A6B025FB08B107F0C6FD2046114E04F046FA07
S21402A6C020460EF0F4FD31780E4D69B1288814F05C
S21402A6D049FC054601461E220230F0F789FE2C8010
S21402A6E033781E2B07D970BD202014F0AFFC2880CB
S21402A6F00028EBD1F7E702333370F4E7CD6400208D
S21402A700BC640020CC5D002037B5134B05461B7891
S21402A710022B1FD110F041FE044610F03EFEFFF75A
S21402A720AFFF11F00FFB10F044FE0020FBF73CFDDC
S21402A73040F607400EF047FE3DB100230D222146AB
S21402A7404FF6FD70009311F095FB03B0BDE8304064
S21402A75004F032BF03B030BDCD640020034B1B783B
S21402A76013B90120FFF7D0BF704700BFC3640020B3
S21402A770F7B504460D46174610F00FFE0646002DA6
S21402A78047D04FF6FB739C4243D82046FFF71EFF86
S21402A79030B1A64204D1204B1B78033B012B38D99B
S21402A7A02046FFF713FF10B1012003B0F0BD20468C
S21402A7B00EF04DFDC0B1A642F6D00CB36946204657
S21402A7C0F9F758FD0246D8B90821684610F077FD19
S21402A7D0B0B9082269462846F1F704F980B129463D
S21402A7E0204611F0DFFADFE7A642E6D12846F9F75F
S21402A7F0C9FD28B90120FFF787FF06F0DFFDD3E782
S21402A8003FB121462846FAF7E7FB2146284604F0E0
S21402A810B9F90020C9E700BFCD640020044A1378C6
S21402A8202BB1013BDBB213700BB9024A138070479F
S21402A830BC640020CC5D00200148F8F7D7BC00BFFE
S21402A840CC5D00202DE9F047804617460D468CB0B9
S21402A85061B903AE00211B4815F0ADF84FF00009B0
S21402A8600446DFF860A01CB920461DE00E46F1E75C
S21402A8700022214624233046CDF8009015F038F900
S21402A880082241463046F1F7ADF8A8B9337C9BB9A9
S21402A8906FB945B92A4621460A4810F073FC0A4A9F
S21402A8A01388013B138001200CB0BDE8F0873B887B
S21402A8B0B28953405B06ECD52146504615F09FF808
S21402A8C00446D0E7305E00202E5E0020024B188839
S21402A8D0003818BF012070472E5E002040232DE965
S21402A8E0F04397B0074611A88946ADF80E300EF031
S21402A8F0F4FD02238DF84430002304AE3146384678
S21402A90004937360F9F7B6FC0546002840F095807C
S21402A91038460FF05EF9804610F03FFD04460028E8
S21402A92040F0BB8099F80130042B40F0B980EDF777
S21402A93091FC022840F08480EDF78CFC022840F05F
S21402A9408B8096E8030003238DF8443012AB83E82D
S21402A95003009DF85130002143F00603102209A897
S21402A9608DF85130F0F7F2FC09A911A80EF04AFF53
S21402A97040B111A80EF0B1FD30460DAB09AA11A9DF
S21402A9800FF045F8BDF846300DA943F0040311A8B0
S21402A990ADF846300EF08FFF102209F10A010DA81D
S21402A9A0F1F720F80546002872D1EDF753FC02288D
S21402A9B006D13146FF2009AA0EF04BFF00286AD1C5
S21402A9C034240025EDF746FC022808D19DF85130C4
S21402A9D01B0704D430460DF10E0111F003FC21468C
S21402A9E0304611F028FC10238DF8183004238DF819
S21402A9F01A303346002203CBCDF81B00CDF81F10C9
S21402AA0006A80B218DF8195010F042FB024638B109
S21402AA10002D14BF012303233146384603F078F88D
S21402AA20B8F1000F09D0342C07D106A832463946B1
S21402AA3014F054FC06A80FF0B2F817B0BDE8F08385
S21402AA40234621463046009411AA01F05FFE0028F4
S21402AA503FF472AFAD25C6E7EDF7FCFB012891D1B6
S21402AA60104B1B6803F08403842B8BD196E80300FB
S21402AA7002238DF844301023ADF8463012AB83E83B
S21402AA8003009DF8513043F002038DF8513079E708
S21402AA903324AD2596E7052494E72C46A325A2E7A2
S21402AAA0AA25A0E7A44800202DE9F04336488DB039
S21402AAB0F8F78CFE14F036FE344D2B68C41A4FF4A9
S21402AAC07A73B4FBF3F4A4B214B114F02BFE28602C
S21402AAD02F4F4FF6FF763B88DFF8B880ADF80A3086
S21402AAE000233B8000210DF10A0010F02CFB0546E6
S21402AAF058B9284B1B882BB14FF47A712248714300
S21402AB0014F01CFB0DB0BDE8F0834FF000092423BF
S21402AB104A462946CDF8009003A814F0E9FFBDF88E
S21402AB201A30A34294BFDB1A1B1B9BB2ADF81A3035
S21402AB30CBB910F032FCBDF8183003F040031843CE
S21402AB4080B218B9322103A80EF023FCBDF81830E3
S21402AB501B0602D508980EF029FEB8F80030013B15
S21402AB60A8F80030BEE79E4228BF1E4601234A468A
S21402AB702946009303A8242314F0BAFF4A4629461E
S21402AB80384614F01EFFADE7B047002038570020C5
S21402AB90305E00202E5E0020F0B50446304A8DB0AE
S21402ABA01068516801AB03C3A378012B54D1162257
S21402ABB000210DF11A00F0F7C9FBD4F82110D4F8E1
S21402ABC01D0003AB03C32388190644BF62680892BC
S21402ABD0DA050BD5221D08AE04F1140735461068B7
S21402ABE05168083203C5BA422E46F7D1ADF818307E
S21402ABF013F0040318BFA3690593EDF749FB00237E
S21402AC00ADF81A008DF81C3010F0C7FBE0B906A9A3
S21402AC1003A811F0E7FA0022242103A810F038FA5C
S21402AC200446D8B10020FFF73FFF002221460D4818
S21402AC3014F0C7FE0C4A0020138801331380FFF776
S21402AC4033FF00200DB0F0BD082201A903A8F0F7DB
S21402AC50C9FE0028DFD0DAE70220F3E71920F1E781
S21402AC60DF1E0400305E00202E5E0020F7B504468C
S21402AC7000200E46FFF718FF104B1B88A34202D88F
S21402AC80212003B0F0BD00210D4814F094FE0025EB
S21402AC9001460B4F0029F3D0A54208D100242423F5
S21402ACA022463046009414F023FF2046E9E7384651
S21402ACB014F0A5FE01350146ECE700BF2E5E00202B
S21402ACC0305E00200148F8F791BA00BF305E0020DF
S21402ACD0014B1888704700BF2E5E002030B5154A1B
S21402ACE08DB051680546106801AB03C307A80EF085
S21402ACF0F4FBDDE90101032308AC84E803008DF8C8
S21402AD001C309DF8293003A943F0020307A88DF8EA
S21402AD1029300EF077FD10B12D200DB030BD234640
S21402AD202868696803C303A907A80EF050FD002827
S21402AD30F3D0F1E7DF1E040070B50C4611460E4A4A
S21402AD4023781278064613F0200542EA03022270A0
S21402AD5018BF611D0822F0F74BFB002D0CBF052023
S21402AD600D20D4F80130B3602378337303F0180350
S21402AD70082B08BF013070BDC8640020042307B545
S21402AD8001200DEB0301054AF8F79AFD019B044AE0
S21402AD901B03136003B05DF804FB00BF63E51100FC
S21402ADA09448002010B5064C2368C3F30B0313B96E
S21402ADB00448E2F74FF92068431C236010BD00BF29
S21402ADC09448002063E51100014B1868704700BFE5
S21402ADD09448002007B50020054B064A1860042355
S21402ADE00DEB03010190F8F76BFD03B05DF804FB71
S21402ADF09448002063E511007FB511230A4A01201A
S21402AE0001A9F8F75DFD094B9DF814201A70084B4E
S21402AE101B780BB1052B05D10EF002FA012007B004
S21402AE205DF804FB0020FAE779EB0100C764002016
S21402AE30C86400202DE9F04F0646CBB0884600884D
S21402AE400121174614F0C6F82E4B3A463188ADF863
S21402AE50160006A811F082FA0DF1280B5A46414652
S21402AE60C419308811F004FAE4B208EB0003A342D6
S21402AE7008BF044605464FF004091CBFA4EB0804AD
S21402AE80E4B223465A460121CDE900090BEB050A36
S21402AE90CDF808B02D1B06A8EDF746FEEDB20BEB7B
S21402AEA004030093019523465A464146308811F022
S21402AEB00DFA34883946204608F084FC394600F0FC
S21402AEC0F802204608F092FC0121308814F082F83D
S21402AED001234A46514680B10DF11600F8F7CAFB27
S21402AEE001210446BDF81620308814F087F8B4FA1B
S21402AEF084F040094BB0BDE8F08F3046F8F7BAFB55
S21402AF000446F4E74F6500202DE9F04FC9B0044629
S21402AF1088469246C118224A04A81F46FFF70CFF2D
S21402AF204FF00409C519EDB208AB0293A5EB0A0B64
S21402AF30A8EB0A035FFA8BFBA8EB0506DBB2F6B2B8
S21402AF4004EB0A02009301215B46CDF8049004A8A4
S21402AF50EDF7EAFD06F590730DEB03025A44A2F5EF
S21402AF608072136808A844F80830E35D324623F07E
S21402AF700703E3552C442146F0F778FB08ABCDE9EE
S21402AF80019308AA00230121009604A8EDF7CCFD40
S21402AF903246204608A9F0F769FB49B0BDE8F08FB3
S21402AFA04F650020F8B5064612F0A4FA811C054645
S21402AFB089B2304612F07CF9F0B1EDB1294630463E
S21402AFC008F000FC1228074616D80C4B691C1C5CBD
S21402AFD089B2304608F0F6FB2C44052FE4B205D1C0
S21402AFE0052809D8064B1B5C1C44E4B221463046B1
S21402AFF0BDE8F84012F05CB90020F8BDFAE10400A2
S21402B000F4E10400F8B5054612F07FF90446284636
S21402B01010F023F8A11C074689B2284612F048F918
S21402B02000283ED0002C3CD02146284608F0CAFB19
S21402B0300646611C284689B208F0C4FB0F2E30D89B
S21402B040194B9B5DE118731E89B2092B0ED8DFE8F7
S21402B05003F009050D0D120D0D181E1EC40644BF81
S21402B060083189B2820601D5083189B22846BDE880
S21402B070F84012F01DB97B78DB0612D501EB4001D1
S21402B080F3E700F01F0000EB40000144EDE71F2845
S21402B09005D8092E0ABF4000022080B2F5E7C8286C
S21402B0A0E4D00020F8BD00BF0DE20400F8B5064665
S21402B0B00FF0D3FF09220021054613F093FE00F19C
S21402B0C01004284614F013FCE4B207462146304624
S21402B0D008F078FB0546304613F060FFBA05A0EB91
S21402B0E00403DBB20AD47C2D0AD0082D0AD8064AFD
S21402B0F0505D98428CBF00200120F8BD1220F8E770
S21402B1000320F6E7FF20F4E71EE20400014B18785E
S21402B110704700BF6B6F002038B5114B04461B7892
S21402B12008469BB9012038BDA24205F101050FD1A0
S21402B13003EBC1035B6898470028F3D11E20224622
S21402B1404FF6FF7114F09CFB0020ECE70025054B40
S21402B150E9B213F83120002AE6D11446EEE700BF22
S21402B1606B6F0020C4E104004FF6FF7307B502229E
S21402B1700DF106010348ADF80630E1F7A7FF03B06C
S21402B1805DF804FB603202E0002307B5ADF8043038
S21402B190134B984221D10B88DA0703D5232003B03C
S21402B1A05DF804FB9B0748BF4FF47F434FF0020253
S21402B1B00C480DF1060148BFADF80430E1F75AFF1E
S21402B1C04FF6FF73BDF806209A42E7D102220548E1
S21402B1D001A9E1F77BFF0020E1E72120DFE700BFBE
S21402B1E01FD1BACA603202E0002313B502220380DE
S21402B1F004460DF106010F48E1F73CFF2D2801D069
S21402B200112805D14FF6FF73ADF80630FFF7ACFFF5
S21402B2109DF80630BDF806201BB1238843F00103D3
S21402B22023800020FF2A82BF238843F00203238064
S21402B23002B010BD603202E0034B1B78002B14BF35
S21402B240442056200E307047C86400202DE9F04F87
S21402B2508DB0179C06468946CDE90223BDF8587084
S21402B260D588ADF816103CB9EC0605D500970EF059
S21402B2702BF90DB0BDE8F08FC5F380242B054FEAFD
S21402B280043448BF44F40064A80511D544F0800491
S21402B2900A2E00F26981DFE816F09A002F001700E6
S21402B2A0370067016701370010009A0037009E00DA
S21402B2B0E90548BF44F04004EAE74FF001084FF0C2
S21402B2C0020B4FF0000A14E008A95FFA89F011F0A9
S21402B2D092FADDF82500DDF8291006AB03C3A44B6D
S21402B2E033F81930ADF816304FF00008C3460DF1AA
S21402B2F0180A002F5DD125E006AA0DF116015FFAA5
S21402B30089F003F003FCEFE74FF6F773994540F236
S21402B3102B8115F4026F40F02781964B1B78022B87
S21402B32003D0043B012B00F2218147BB032E4FF0D2
S21402B33001080CBF4FF00C0B4FF0080BBA4624F472
S21402B340C074A4B28C4B18884FF6FF73984206D08E
S21402B3508A49F8F78FFF10B124F48054A4B2039BF5
S21402B36038460093BDF81620534644F4027108F09E
S21402B37051FAADF82000002838D1192079E738466E
S21402B38013F00CFE0246FFF757FF032E08BF0138E4
S21402B390824201DD38206CE7032E4FF001080CBF15
S21402B3A04FF00C0B4FF0080B4FF0000A24F4C07459
S21402B3B0A4B2029B1B889BB91A4639460620009304
S21402B3C00BF0D9FE0028BDD140F6014051E74FF000
S21402B3D00008C34675E74FF001084FF0030B70E70D
S21402B3E0002339461A4607200093E9E74FF6FF7313
S21402B3F0614A118899421CD00FF02FFE03465E4A1E
S21402B40004301188039314F074FA5D49039B09789B
S21402B41014F4805FD9715949574A1FBF086898606B
S21402B4204868D8604FF6FF7313804FF0FF330B6007
S21402B4304B605946029A08A808F0A8FA00289CD041
S21402B440504C2378002B3CD1A7B1384613F0A6FD0A
S21402B4500746BDF8200013F0A1FD23780744002B11
S21402B46014BF12220022EB1003F0040317443B44DD
S21402B470842B8FDC15F400570AD0BDF820402046F6
S21402B4800FF0DEFC40F4806189B220460FF0C3FC68
S21402B490A6F10803012B05D801221021BDF82000D1
S21402B4A00FF0BFFC179BBDF8204043B32046BDF803
S21402B4B016100FF009FDBDF82030179A00201380F1
S21402B4C0D7E6AA06C0D56B0103F020030A2E14BFE6
S21402B4D043F0010363F07E03DBB2B8F1000F08D03D
S21402B4E000215246009108A800F086FE0028ABD044
S21402B4F0BFE61A46514608A811F05BF8F6E7204662
S21402B50011F003FF179B02462146042000930BF01E
S21402B51032FE00283FF458AF0A2E18D84FF4D963EB
S21402B520F340DB0713D5072E0AD00A2E08D0BDF843
S21402B530200010F051FB80F00100C0B2800098E6B7
S21402B54008A80EF049FB0028F1D0042091E617B1B6
S21402B55025F04005ADB22B463146BDF820005FFA15
S21402B56089F201F01BFF84E6012082E6162080E6BF
S21402B570145B0020CC640020E86E00206C6F002074
S21402B5808A650020C8640020F7B50F469DF828108B
S21402B5900446DDE90B061D46F1B94FF6FF739C42E1
S21402B5A01CBF174B1C804FF000041CBF154B1A70B3
S21402B5B0BDF8240008F080FA00232A46CDE90043AD
S21402B5C0394606209DF82030FFF740FE10B90EB12E
S21402B5D0AB7A337003B0F0BD78B14FF6FF739C427E
S21402B5E01FBF074B1C80074B1A7000220FF050FD3E
S21402B5F004460028DCD11920ECE72120EAE700BF48
S21402B600E86E00208A6500202DE9F04788469DF8FE
S21402B6102810074616461D469DF820A0BDF8249021
S21402B6200B9839B158B300220FF032FD044610B918
S21402B630192025E00C464FF6FF739D421FBF114BA3
S21402B6401D80114B83F800A04FF6F7739E4208D870
S21402B6500E4B4FF6FD761A784FF6FF73002A18BF88
S21402B6601E46484608F028FA00233A46CDE9084323
S21402B67031464346BDE8F0470320FFF7E7BD2120E9
S21402B680BDE8F087E86E00208A6500206B64002023
S21402B6902DE9F04786B09DF838600546DDE90FA82B
S21402B6A00C4617469946B6BB374B1B78022B1DD164
S21402B6B025BB4FF6F7739C4214D80026484608F07E
S21402B6C0FBF900233A46CDE900632146FF232846CC
S21402B6D0FFF7BCFD38B9B8F1000F04D0BB7A88F882
S21402B6E0003000E0012006B0BDE8F087043B012BE5
S21402B6F0DED908460EF06DFA10B31DB3022D31D115
S21402B700ECF796FDA042EDD9204B33F814204FF605
S21402B710FD739A4219E0BAF1000F32D01A4B1B7829
S21402B720022B05D1FFF788FDB042E6D23820DAE7D1
S21402B730043B012BF6D908460EF04BFA0028F1D14D
S21402B7401620D0E74FF6F7739C42CBD8002EB4D023
S21402B7503146002250460FF09BFC06460028ADD12B
S21402B7601920C0E7012DBDD104AA0DF10E01E0B2E9
S21402B77003F0CCF9064B1B78A342B3D9BDF80E20D2
S21402B780C5E72120AFE700BFCC640020145B002091
S21402B790376F002030B5104B87B005460C46186848
S21402B7A0596803AA03C298680C4910609A88DB8815
S21402B7B052BA23F04003ADF812300023CDE900431D
S21402B7C0ADF81020FF23098803AA0720ADF80E5013
S21402B7D0FFF73CFD07B030BD3C5E0020485E00200F
S21402B7E038B50C461146124A124D108022682A605D
S21402B7F062686A60A268AA60E288500616D5EA887D
S21402B800520613D561B1002218460FF041FC0146DC
S21402B81050B16088FFF7BEFF0522074B1A7038BD8D
S21402B820084611F0B3FCF2E71920F5E70220F6E726
S21402B830485E00203C5E00209B6500202DE9F04F0C
S21402B840074689B0104615461C468A4611F05DFD2D
S21402B8500146284607F0B6FF064628460FF0FDFBCF
S21402B860043014F044F880460FF097FD804550D01F
S21402B870B2074ED1DFF8AC80284605A9B8F800B06A
S21402B88011F049FE9DF81930A8F8007003BBBDF808
S21402B8901430EBB928460FF0E0FB023014F027F81C
S21402B8A04FF6F773984294BF4FF000094FF0010924
S21402B8B001230134E4B22A463846CDF8009005A9A1
S21402B8C0039303F0C5FE039B40B901339C421ED28C
S21402B8D00020A8F800B009B0BDE8F08F022CF8D11D
S21402B8E0012BF6D10C4A0D4BA3F800A01378591C75
S21402B8F011700B4A7F3B16F00C01137007D1BDF88E
S21402B9001A305B0603D5BDF81600FFF743FF022385
S21402B910D1E70020DFE700BFCA640020E86E0020FF
S21402B9208A650020485E00202DE9F04FABB00F4636
S21402B930ADF81E000FF091FB00F1020A06465046D3
S21402B94013F0D5FFBDF81E400546204611F0DDFC7B
S21402B9500146204607F036FF814600F00308301DF8
S21402B96013F0C5FF434C20800FF017FDA8422DD0E0
S21402B9704FF6F7739D4229D87378DA0726D42846FD
S21402B98011F093F830B101232946BDF81E20208815
S21402B990FFF754FF0FF001FD364B1B8883420FD191
S21402B9A0BDF81E40204611F0B0FC0146204607F0C6
S21402B9B009FF10F00C0103D1BDF81E0001F0ACFD2A
S21402B9C000222D4B1A602BB0BDE8F08F2B49BDF834
S21402B9D01E0011F0A0FD2A49BDF81E0011F0DFFC82
S21402B9E00028274B08BF0023234ABDF81E00136019
S21402B9F00FF0BFFA234B1870BDF81E000FF0BEFA08
S21402BA00214B1870BDF81E000FF0C3FA1F4B1860CA
S21402BA1000238DF82230002F3ED0184BDB889B0681
S21402BA203AD50FF0BAFC10B3194B1B689D071ED40B
S21402BA30B8F1010F14BF082318230DF12202009259
S21402BA4000220DF11E00114600F0D6FB20B3B8F11D
S21402BA50010F9FD10F4B1B78112B9BD110F048FE84
S21402BA60002897D140F61D40F9F7E2FF92E7082337
S21402BA70E3E700BF485E0020405700203C5E0020FF
S21402BA80826500207C6500207B6500202C57002004
S21402BA90A4480020CC640020504613F028FF8246BB
S21402BAA0BDF81E0013F07AFAA0F11005EDB22A4690
S21402BAB031460AA8EFF7DAFDFF238DF82F304FF64E
S21402BAC0F7739A4540F2DF80B8F1010F00F0E78085
S21402BAD0B8F1020F00F04681B8F1000F7FF45AAFBA
S21402BAE0A44DBDF81E00EB88ADF8240004930FF0B9
S21402BAF0B4FABDF824600746304611F006FC01464B
S21402BB00304607F05FFE8DF82300B81C7E7813F0EF
S21402BB10EEFE07460FF041FC06F00106B4F8009070
S21402BB2003906C88002E7FF435AF4FF6F77A4246C4
S21402BB30494657458CBF0620082013F0A1FEBDF8E3
S21402BB4024B0584611F0E1FB59460246434604200B
S21402BB50CDF800800BF0ECFA574583460AD8B5F9C3
S21402BB600620EB88002A05DB580603D54146204608
S21402BB70FFF710FEBBF1000F3FF40CAF2B88002B33
S21402BB805AD16B79002B57D14FF6F7730DF1260178
S21402BB909F42BDF8240094BF4FF0000B4FF0010BFC
S21402BBA010F088FEDFF8D8A100F1FF38BAF80030AE
S21402BBB01FFA88F10593EB88BDF82600069307F076
S21402BBC001FE069B04990190009322465B46059867
S21402BBD0C1F340110EF00AF800283FF4DBAE04234E
S21402BBE006200093BDF82610624B5FFA88F20BF02F
S21402BBF09FFA00283FF4CEAE48F202036A889A42C1
S21402BC0005D1BDF82410BAF8000000F08DFF594D9A
S21402BC1009AA29460DF123000DF0E6FF0346002887
S21402BC207FF4B8AE2104BAF80000BDF8242060D52F
S21402BC302346294610F053FE9DF823304D4D03F05F
S21402BC400C030C2B75D1288910F014FE00283FF443
S21402BC50A1AE039B002029894B4514BF022603266A
S21402BC6002F02CFE444B18704FF6F7739F42BDF855
S21402BC70240075D8A4F138025342534132463D4956
S21402BC8004F066FC86E6B8F1020F6BD0394BB3F9C6
S21402BC900630002B26DAB8F1010F7FF41DAF0FF045
S21402BCA07CFB238883423FF475AE0520BDF81E1048
S21402BCB0FFF732FA00283FF46DAE2E4AD3885B06B1
S21402BCC007D50023CDE900330A20FF232188FFF79A
S21402BCD0BDFA3A469DF822302188BDF81E0002F0D1
S21402BCE023F957E629460AA800F070F80028D2D0B1
S21402BCF050E60221DFF88C8088F800102946CDF83D
S21402BD0000B003F0A5FC132C96D0EB885D0493D408
S21402BD101A4B1B78D80703D598F80020022A8BD036
S21402BD2099077FF537AE98F80030012B7FF432AED4
S21402BD3082E700222B79124800936B79114600881D
S21402BD4002F0E4FD0C4B18709DF8233003F00C0350
S21402BD50082B89D1039B4B4514BF0426052683E78F
S21402BD6001238BE74846BDF81E20024901F048FB36
S21402BD7010E600BF3C5E00209A6500206D6400203D
S21402BD80485E00208B65002010B5002108480FF0A1
S21402BD90DAF9044650B101460420FFF7BDF928B18E
S21402BDA02046BDE810400121FFF7BEBD10BD00BF12
S21402BDB02C5E0020034BFF211A7803489200EFF70F
S21402BDC0C5BA00BF386F0020CC44002070B54518B5
S21402BDD004464FF0FF31AC4212D1104B10481A788D
S21402BDE005460023934211DB0E4C2078431CB3FB1E
S21402BDF0F2F602FB163345F82010237000200CE002
S21402BE0014F8010BE0F7B6FA0146E4E750F8044BE3
S21402BE10A14201D00133E5E7012070BD386F002052
S21402BE20CC4400208C650020042307B501200DEBCE
S21402BE300301054AF7F744FD019B044A1B031360FE
S21402BE4003B05DF804FB00BF23E111003C5700205D
S21402BE50014B1868704700BF3C570020014B18681A
S21402BE60704700BF3C57002010B5064C2368C3F34A
S21402BE700B0313B90448E1F7EDF82068431C23606E
S21402BE8010BD00BF3C57002023E111002DE9F04F02
S21402BE9093B003930023DDE91C79069399F80030EA
S21402BEA083460DA804930E4615460DF016FB99F828
S21402BEB0003013F003043ED0039B0DF1250A8DF8E3
S21402BEC024300022082138460FF0F9F9002870D0F5
S21402BED028880FF0C2F899F800301C074CBF0430CF
S21402BEE0023013F004FD07A98046F7F7D7FE9DF847
S21402BEF024300446980633D5288806F10D0111F041
S21402BF00D7F9A8B100230093384608232988721D62
S21402BF1013F0EEFD99F8003003F01803182B4AD1FF
S21402BF20B8F1000F47D0A94BB3F86830434542D06A
S21402BF3040F60A4327E02888711D11F0B9F9002857
S21402BF40F6D0009405233246298809A813F0D0FDBE
S21402BF509DF824300DF1240A03F018030393B0E78A
S21402BF6014BB39464046F8F785F90028D2D099F82E
S21402BF7000309907DCD0402322462146404610F086
S21402BF805CFD40F6094399F8002012F0030440F0E5
S21402BF90F780288803930EF0C3FF224601461A2034
S21402BFA013F06EFC039BEBE007AB03CB38607960C3
S21402BFB0B0E74FF6FF780DF0FAFD044620B10421F3
S21402BFC03846F7F793FE04461E9B002B5AD00923E9
S21402BFD01E990DA88DF834300DF0F9FB209B0BB19D
S21402BFE0209B0693039B002B40F08E800DA8ECF757
S21402BFF0FDFD99F800309A0700F09880FFF734FFAD
S21402C0005146024601200DF01EFE99F800309B07AD
S21402C01010D55946288811F044FA0BF1090350FA54
S21402C02083F35FFA83FB5946288811F011FA00EB76
S21402C0300B06F6B299F8003013F0C20F0AF10403A9
S21402C0400DD09DF82420624942F020028DF824206B
S21402C0500A68CAF804204A685A600AF10C030122E8
S21402C06009A800921B1A324629889BB213F040FD9B
S21402C070324659462846FEF7DDFE002800F0A48028
S21402C08000237DE01F9B5BB19E460DF1340CBEE89B
S21402C0900F00ACE80F00DEF80030CCF800309DE769
S21402C0A0049B594603F020032888049307F08AFB72
S21402C0B010F0030F0CBF012300230593049B059A7F
S21402C0C0003B18BF012342EA430300930DAA06ABC6
S21402C0D038461F9900F01AFB049A034682B10028DC
S21402C0E080D0059B0DAA0093384606AB1F9900F038
S21402C0F00DFB034699F8002022F0200289F8002062
S21402C100002B3FF46FAF3EE7039B102B06D1BDF822
S21402C110363043F00103ADF8363067E7039B182B41
S21402C1204FD1BDF8363043F00203F4E701200DF19B
S21402C13025010DF096FD99F80030824613F0040FA3
S21402C140288821D1069B1BB3002C35D00EF0E8FEC2
S21402C15000220146162013F093FB84B17FB14FF6FE
S21402C160FF7398450BD000230DA91A4638460DF0EA
S21402C1704EFC394640469DF835200DF030FD012331
S21402C180184613B0BDE8F08F002CDFD1104F01E047
S21402C190002CDBD100233246009359463B4610F072
S21402C1A008F900283FF4C4AE002C3FF469AF069AA3
S21402C1B00AF10103136063E71B685345C6D80124DE
S21402C1C0E8E740F60A43DBE71923D9E724560020BE
S21402C1D04F650020002307B5054A0648136004226F
S21402C1E00DEB02010193E0F771FF03B05DF804FB6B
S21402C1F03C57002023E111002DE9F04F0446B1B070
S21402C20000888DF82F3016468A4611F07EF80146D1
S21402C2108146208811F01CF900EB0908208811F0ED
S21402C22069F900239DF82F505FFA88F815F0010788
S21402C2300790ADF8363008D101460DF13602208857
S21402C24010F0F0FF08B1ADF8367016B9CDE90E66FB
S21402C2500EAEFEF73BFB18B145F020058DF82F50C9
S21402C2600023CDE9033302930DF12F03CDE90063DA
S21402C2702246534641464846FFF708FE0546002832
S21402C28000F0CA809DF82F3013F0010747D123F043
S21402C29020038DF82F300FF080F868B17C4A10AB7F
S21402C2A01068516803C3184600F002FA0546FEF706
S21402C2B00FFDBBB298423BD83A9B13B100233A9A81
S21402C2C01370BDF83630CBB10121208812F082FE01
S21402C2D027880546002800F0CA800121384612F059
S21402C2E079FEBDF836700546384612F057FE002332
S21402C2F000903A461946284610F017FF0023CDE96B
S21402C300033302930DF12F03CDE900632246534611
S21402C31041464846FFF7BAFD054600287CD00FF096
S21402C3203CF8002840F0BA80284631B0BDE8F08FCD
S21402C33018AB14AA26A9F8B20DF0BEFB002840F0EE
S21402C3409480082210A927A8EFF74CFB8346ADB1CC
S21402C3509DF8A53013F0020F08930FD0082212A9F9
S21402C36027A8EFF73FFB48B9089B590706D53A9B23
S21402C37013B101233A9A1370089507E03A9B002BF3
S21402C38061D1BBF1000F70D1002308930DF1740C3C
S21402C39014AB0FCB8CE80F00BDF83630CBB10121C1
S21402C3A0208812F017FEB4F800B000284FD0012102
S21402C3B0584612F00FFEBDF8362083461046099204
S21402C3C012F0ECFD00231946099A0090584610F028
S21402C3D0ACFE304B0DF1740B0493002303930DF166
S21402C3E02F03CDE900632246534641464846CDF820
S21402C3F008B0FFF74BFD002837D1002D33D012AA24
S21402C4005B464FF482714FF4005000F0D9F8089B57
S21402C41013B126A80DF05CF90EF0BFFF88B11E4BD3
S21402C4201B689A070DD4FEF751FA50B1184A18AB9A
S21402C4301068516803C3002226A918A80FF096FEBA
S21402C44000BB002570E700233A9A137099E7BDF8FF
S21402C45036200A901046099212F0A0FDDDE9092363
S21402C46007990090B2E72A46CAE701371FE7BDF8E8
S21402C47036B0584612F092FD2B4600905A46384681
S21402C480079939E726A918A80FF0ACFED3E700BF34
S21402C490DF1E0400A0480020A44800209DF82F308C
S21402C4A003F01103102B7FF43FAF3E4B1B78432B58
S21402C4B07FF43AAF3C4B1B685B067FF535AF2088AE
S21402C4C008F1050110F0F4FE834600283FF42CAF75
S21402C4D04146208807F076F9344B10F0200F08BF4B
S21402C4E01E4612A800F0E4F80822314612A8EFF71A
S21402C4F079FA002852D0314612A80DF031FB0123FA
S21402C50026AE00933246002314A912A800F0FEF8C5
S21402C51000287FF409AF12AB0DF12F07CDE90360B7
S21402C5200290009322465346414648460197FFF73B
S21402C530ADFCA8B3BDF89A30102043F0080318AA41
S21402C54014A9ADF89A300FF0EEFD00287FF4ECAE99
S21402C55012ABCDE90360CDE9017000932246534643
S21402C56041464846FFF792FC054600287FF4DCAEBB
S21402C57018AB4FF49071002012AA00F021F84FF089
S21402C5800051002010F069F8BBF1000F3FF459AFDC
S21402C5904FF08051002010F060F852E78346AEE775
S21402C5A014ABE6E7CC640020A44800208E56002098
S21402C5B001461A230120014AF7F782B924E1010055
S21402C5C0F0B5164691B0074609A80D461C46FFF779
S21402C5D0EFFF3EB1336845F04005CDF8263073686C
S21402C5E0CDF82A301B4B1A6822EA070242EA0501F6
S21402C5F019604B040DD5BDF824200B0A03F4E24360
S21402C600C9B222F4E3420B4322F07F021343ADF891
S21402C61024301A230020104A09A9F7F751F9B4B1B9
S21402C62004A80CF05AFF02236A468DF8103015460D
S21402C630234604F11006144618685968083303C4E2
S21402C640B3422246F7D1294604A80DF0C0F811B02D
S21402C650F0BD00BFA448002024E1010047F2FF100D
S21402C660044B196841F48042014041F480411A604B
S21402C6700FF0F3BFA448002000B589B0FEF7BCFB5C
S21402C68001A8FFF795FF0948BDF8042001681302C8
S21402C69021F0FF0103F4E2030B43D2B2134343F447
S21402C6A08043036009B05DF804FB00BFA448002085
S21402C6B010B50C4B0446186888B0830706D54FF0B1
S21402C6C0FF3323600120636008B010BD10F0400005
S21402C6D0FAD001A8FFF76CFFDDF806302360DDF81C
S21402C6E00A30EFE7A448002008B5074B02461B684D
S21402C6F013F0400305D118461946FFF761FF0120E3
S21402C70008BD0020FCE700BFA44800202DE9F04742
S21402C7109EB080460C461D4691469DF898A0A2B152
S21402C720164630460CF0D9FE1AF0020F0FD004B9A6
S21402C73017AC22463146404601AB0DF09BF90DB1CF
S21402C74000232B601EB0BDE8F0870DAEE9E701AB13
S21402C7503146404605AA0DF05AF973780AF0010AE6
S21402C760FF2B26D0002840F0B68054B105AA09AFA8
S21402C770134603CBBB42206061601A4604F10804EC
S21402C780F6D125B17278554B03EB82032B60BAF1D2
S21402C790000F01D10020D5E7BDF80430D906F9D440
S21402C7A018204FF6FF71727813F06AF840F60E40C2
S21402C7B0C8E74B4F3DB10EF0F0FD10B13B689A074B
S21402C7C02BD500232B603B6803F03003102B01D0DF
S21402C7D0202B24D117A8FFF7EBFE082240460DF1C6
S21402C7E05E01EFF7FFF820B13B6803F04403402BED
S21402C7F015D0BAF1000F15D109A80FF032FF0223A7
S21402C8003370002C4CD1B9F1000FC3D00EF0C5FD29
S21402C81060B3301DFFF74CFFBCE7324BD2E740F661
S21402C8200A408FE73B68DB03E6D509A80FF019FF3D
S21402C8300223337074BBB9F1000FB1D00EF0ADFD18
S21402C840F0B1301DFFF734FFAAE73B6803F084031C
S21402C850842B2CD009AB0DAF1A4603CABA4220600D
S21402C8606160134604F10804F6D105E025463B68EC
S21402C87003F08403842B28D0301DFFF719FF26E02F
S21402C8803B68012503F08403F4E73B68012503F0C7
S21402C8908403DDE70EF081FD0028F6D00125D9E7F6
S21402C8A00EF07BFD05460028CFD00025D2E712A861
S21402C8B00CF013FE022312A88DF84830ECF796F916
S21402C8C0224608214046ECF7E9F810237380002D33
S21402C8D03FF460AF64E72D2034E700BF2844002011
S21402C8E0A4480020A048002049B9084B197849B14D
S21402C8F04EF66023594328B1054812F01FBC41F298
S21402C9008831F8E70248F6F761BF00BF6C64002082
S21402C910F047002070B586B005460EF03EFD10B911
S21402C920022006B070BDF7F745F80028F8D001A837
S21402C930FFF7BEFE06460028F2D08DB92E4B1C68C5
S21402C94014F0020406D02D4B1B78112BE8D12C4B89
S21402C950B3F868404FF481630221ADF80C3023E04F
S21402C9602846F7F70FFD0028DAD1234B1C6814F08F
S21402C970020406D0214B1B78112BD1D1204BB3F8E1
S21402C98068400822294601A8EFF72CF80028E1D0D3
S21402C9904FF4027300260A21ADF80C302B68CDF84E
S21402C9A00E306B68CDF81230002203A80EF070FB32
S21402C9B0024608B91920B4E70F4B196801F0300394
S21402C9C0102B17D0202B14BF01230323490001F09C
S21402C9D004010B432046002101F09AF80028E9D012
S21402C9E000210120FFF780FF16B10122054B1A70C5
S21402C9F0002096E70323E9E7A4480020CC64002041
S21402CA00245600208165002030B5002585B0CDE98A
S21402CA100055F6F7DBFE0EF0C0FC1E4C60B905F0C2
S21402CA20AFFF0D25002108462170FFF75DFF29465E
S21402CA3068460CF0AEFC18E023784BB3164917484C
S21402CA400A780078904223D90132012B0A700ED15F
S21402CA502A464FF4A071284602F012FDC0B2B8B9B9
S21402CA6041F288310E4812F069FB05B030BD022B48
S21402CA7009D1284602A9F7F7FDFB0028EED102A845
S21402CA80FFF748FFEAE7032B02D101F0FBF9E5E7DF
S21402CA900425C7E78D6500208E650020746F002090
S21402CAA0F047002070B51B4A1B4D044651681068BB
S21402CAB086B02E7801AB03C31EB10224204606B010
S21402CAC070BDF6F7CFFF0228F7D10EF066FC0028FD
S21402CAD0F3D003A800F03AFE082201A90DF10E00D9
S21402CAE0EEF780FFA0B10D4B32464FF4A0713046F0
S21402CAF01C7002F0C5FC04460028DFD10123084A58
S21402CB0041F2883107482B70137012F017FBD5E7F5
S21402CB102324D3E727E204008D650020746F0020EB
S21402CB208E650020F0470020F0B50C4600219BB031
S21402CB302B4F0646492207A80691EEF707FC3B78DC
S21402CB40012B34D19EBB0DF10E0120460FF0B2FE32
S21402CB500546BDF80E0012F021FA441BE4B2BDF8F9
S21402CB600E1023462A46009606A812F0C1FF30464B
S21402CB7004A9F7F77FFBD0B9CCB19DF81920B2B95A
S21402CB80BDF8233003F47E43B3F5285F1ED3B3F516
S21402CB90385F0ED31349BDF80E000B6843F400034A
S21402CBA00B6029460CF0F6FF18B104233B701BB04D
S21402CBB0F0BD01220C4B04A81A70FFF7ABFE41F23F
S21402CBC088310A4812F0BAFA0223EFE711463A70A1
S21402CBD0FFF78AFE1E2104A80CF0DBFBE7E700BF86
S21402CBE08D650020A44800208E650020F0470020B6
S21402CBF0014B1870704700BF8E650020014B1878F5
S21402CC00704700BF8D650020014B1870704700BF4B
S21402CC108D6500202DE9F04F0446408891B00E291C
S21402CC208846ADF81A0079D094F80890A7790EF0E5
S21402CC3014FA09A90546BDF81A00E67910F06BFC4D
S21402CC40BDF81A000EF0FCF8420542BFBDF82A30C5
S21402CC5043F40053ADF82A30E379DB0642BFBDF851
S21402CC602A3043F48053ADF82A30BDF82A309806AD
S21402CC7013D5022F57D10CA9207A0FF0BCFDDDF890
S21402CC803500DDF8391007AB03C307AA00210423D9
S21402CC9000910DF11A00FFF7AFFA0121BDF81A0054
S21402CCA012F098F9022F824649D1474B33F81950B1
S21402CCB0B8F1000F7ED0BDF82A2051067AD54FF67D
S21402CCC0FB739D4276D8414B1B78033B012B04D85D
S21402CCD03F4BB3F86830AB426CD0D30502D528463A
S21402CCE00FF06BFFBDF82A30D80463D5002F33D17E
S21402CCF0BDF81A000EF0A4F8C10663D548F2340354
S21402CD00BDF826209A4209D1324E3078FF2805D047
S21402CD1003222946FBF782FBFF233370002323609E
S21402CD2011B0BDE8F08F012F01BF237A2A4A03EB28
S21402CD30430302EB830314BF00229A1CA6E7012FCB
S21402CD4005D10C2303FB09F3234AD55AB0E7A81CE6
S21402CD5012F0CDFD0546ABE7284601F0F7FEBDF81A
S21402CD601A000EF06DF8C206C8D4638950460593C1
S21402CD7012F014F98346504612F0F4F8059B02901E
S21402CD805FFA8BF04A46394601900093404609AB5B
S21402CD900CF097FAB8F1000F14BF0B20092016F01A
S21402CDA0030218BF02F1FF32294618BFD2B212F0B0
S21402CDB067FDA3E7BDF81A000EF042F8C3069DD43D
S21402CDC0002FD2D1A946D0E7145B0020CD64002004
S21402CDD024560020786F0020545A002038B50024CC
S21402CDE00F4B104D2A78A24205D8C2B9BDE838408A
S21402CDF00D48F6F7EBBC598869B9013AD2B2A2429D
S21402CE002A70EFD0121B184603F110011201EEF73A
S21402CE10EFFA0346E6E701341033E4B2E2E738BD40
S21402CE202C44002091650020006E002070B51A4B3D
S21402CE301A4A1D780023DCB2A54200D870BD1446FB
S21402CE4066880133864202F11002F4D1E379A5889E
S21402CE50E16003F040028DB9CAB123F00403E37126
S21402CE600EF0FBF8037803F07F0303702188002995
S21402CE70E4D1BDE870400A4812F060B9002165802E
S21402CE80A180002AE9D1BDE87040FFF7A7BF20467F
S21402CE90FFF7C0FEF7E700BF916500202C44002094
S21402CEA0006E00202DE9F047044686B040880F4603
S21402CEB015460EF0D2F8A3798046082B52D8DFE842
S21402CEC003F0052E1851515151510500023012F04F
S21402CED00EFD002D4ED06946F7F7CCF9002841D159
S21402CEE0684601F0DDFEB0FA80F0400906B0BDE803
S21402CEF0F08702A9207A0FF07EFC6B466E46DDF8BC
S21402CF000D00DDF81110334A03C3237A32F813906A
S21402CF10314AD05C75B131460FF091FCE6E7237AD0
S21402CF202E4903EB430301EB830231F82390907AF8
S21402CF30961CEFE74FF6FB7AD14515D9304603F03B
S21402CF40ADFF4FF6FF739842054615D001463046B0
S21402CF5001F018FE554508D9E379DA060ED440F6F4
S21402CF602243E3600020C1E74D46294608F102004D
S21402CF7012F0BFFC0120B9E74D46EDE74FF6FC780C
S21402CF80454512D103F00C030C2B1CD1DFB1304601
S21402CF904FF6FD7101F0F6FD40F61F412046E160B6
S21402CFA0FFF738FEFFF71AFFDCE74FF6FD739D42E8
S21402CFB009D10023304619461A4602F02DFB414697
S21402CFC0304601F0DFFDE37943F00C03E37140F6EF
S21402CFD02343C6E7145B002078640020545A0020DE
S21402CFE073B5044640880E460EF037F8023012F04B
S21402CFF07EFC0CF0EEFD18B1A11C201D0CF0EEFD1F
S21402D000E6B1E5790135EDB2E57115F0400514D0CB
S21402D010EBF708F90122054600212046FFF742FFFA
S21402D02018B1394B1B882B449DB2384B1B78042B06
S21402D03001BF354B1B885B199DB225800022314605
S21402D0402046FFF72FFF20B360880EF006F8E2793D
S21402D0502F4922F00C03E3710B7805460133DBB24D
S21402D0600B70C3712B4BA61C1B780BB3E379980687
S21402D0701ED52949097871B159060CD592070AD5E9
S21402D08000220423114630460092FFF7B5F810B18D
S21402D090E06002B070BD00220123114630460092C5
S21402D0A0FFF7AAF820B1E37943F00303E371EFE751
S21402D0B030460CF091FD0028EAD16088FBF77EFD31
S21402D0C00328E6D8DFE800F0020D1D19E37943F0E5
S21402D0D00403E3711B06DCD5104B1A78104B1A704A
S21402D0E0D7E740F62443E360E37943F00803E371AD
S21402D0F02B7803F07F032B70CBE740F62543E360E3
S21402D100C7E740F62643FAE7C06E0020CD6400204B
S21402D110CA640020C8640020756F00207064002076
S21402D120906500202DE9F74F064612F0F6FA5F4B9F
S21402D1300546B3F8009018805D4BA0EB09041B78F7
S21402D140A4B2A34298BF00234FF000084FF6FF7721
S21402D15088BF1B1B564A88BFDBB21370DFF864B168
S21402D160A9EB00030093534B5FFA88F219789142B9
S21402D1700ED80EB1FFF732FE4FF6FF739F4200F055
S21402D1808E8039464C4803B0BDE8F04F11F0D6BF4A
S21402D190BBF80220002A3CD0484B9BF807201878A0
S21402D1A0BBF800A0042818D00020BAF1000F08BF70
S21402D1B0A2462044504523D2BBF80010009B1944D7
S21402D1C0ABF80010002E4ED002F04802482A4AD190
S21402D1D000215846FFF704FF45E00192F6F790FF5C
S21402D1E030F01003019ADFD1FAF702FD344B019AB0
S21402D1F0B3F800C08445D7D9ACEB000080B2D4E7C0
S21402D20002F00C00042807D10022ABF800200BF134
S21402D210100B08F10108A6E7510602F0030C02F013
S21402D22008000ED528B3BCF1030F25D1DEB1DBF81A
S21402D2300C105846002908BF4FF44261FFF7EAFC7B
S21402D24011E040B3BCF1010F25D11206EED44FF423
S21402D250C862ABF800209BF8072022F0030242F0D7
S21402D26002028BF80720BBF80020974228BF174619
S21402D270CDE703208445D9D213060ED50C4B1A7877
S21402D2800AEB0200844208DA4A44521B0AEB020105
S21402D290ABF80010E7E70120ECE7012199E7064822
S21402D2A003B0BDE8F04FF6F791BA00BF325E002039
S21402D2B09065002091650020006E0020CD6400205D
S21402D2C0C06E00202C440020F8B500250A4E0B4FF5
S21402D2D03378ECB2A34204D8BDE8F8400848F5F724
S21402D2E085BF07EB0414A01CF5F780FF201DF5F799
S21402D2F07DFF0135ECE700BF916500202C4400203D
S21402D300285E002070B500240B4D0C4E2B78A342ED
S21402D31008D81B1BDBB22B706BB9BDE870400848FF
S21402D320F6F754BA06EB041040F621410134FFF733
S21402D33071FCE4B2EAE770BD916500202C4400203F
S21402D340006E00202DE9F041002506462F46114CBE
S21402D350DFF8448098F80020EBB29A4203D8BDE882
S21402D360F041FFF73BBD60880DF077FE023012F009
S21402D370BEFAB0420AD16088F8F74AFA00230E21B4
S21402D3801846628803F086F92780678010340135D4
S21402D390E0E700BF2C44002091650020F8B5154E4A
S21402D3A0DFF858E035789EF800E0134FAE454FEAB6
S21402D3B0051C07EB051419D0002503F4835343EA32
S21402D3C01323A1712272E371608027F80C50A580A6
S21402D3D006F078FB40F60243E3603378608101335F
S21402D3E028463370FFF79EFE2846F8BD40F60340F7
S21402D3F0FBE700BF916500202C440020366F00201A
S21402D4002DE9F04F344B0D461C78174685B05CB9B3
S21402D410B1F90680DFF8C890DFF8C8A0DFF8C8B018
S21402D42099F80030A34202D805B0BDE8F08F0AEBA7
S21402D4300416B08800B9708801A910F06CF8AA7AB0
S21402D4409DF80E309A4244D1B8F1000F0FDA297ACD
S21402D4509DF80C202B89914209D820480078084470
S21402D460824236DA521A1B0A1341D90731D5384698
S21402D47010F040F8BDF80A3004469A0602D5EB884A
S21402D4809B06D1D5F37903F00C03042B08D17088E0
S21402D490F8F7BEF9002372881946184603F0FAF820
S21402D4A000213046FFF7B6FBFFF798FC384611F02E
S21402D4B075FD844208D2337A01228BF80030294661
S21402D4C00023384603F044F8B8F1000FACDA002423
S21402D4D0A6E70134E4B2A3E78F650020356F00208B
S21402D4E0916500202C4400209A65002008B512F0B1
S21402D4F014F9074B1B88C01A80B2B0F5807F05D995
S21402D500BDE808400021034811F018BE08BD00BF60
S21402D510325E0020006E00202DE9F04788B00446F7
S21402D5200D460FF0F2FE0146204606F04BF910F0CB
S21402D530030340F0848010F00C0F06D129462046E3
S21402D54008B0BDE8F047FFF771BC20460DF078FC46
S21402D550C10659D420460FF0D8FE0146204606F0F2
S21402D56031F9074620460DF078FD0646023012F0E5
S21402D570BEF905A98046204607F00C0796F806A0D5
S21402D5800FF0C9FF73780C2F0CBF03270627012163
S21402D59013F0010F204618BF032711F01BFD2B4B7B
S21402D5A081461B78033B012B1DD9BAF1010F1AD90C
S21402D5B04FF6F773984502D8337A1F2B13D9301DCE
S21402D5C012F095F9F17982460EF04DF9064650466C
S21402D5D0F7F726FDDEB173685A1C04D0834340F683
S21402D5E0284308BF1D461A4B1B88A34212D1B5FA20
S21402D5F085F04009FAF7A6FD20460DF04FFC002202
S21402D6000146072012F03CF908B0BDE8F08740F664
S21402D6102845E8E706F056FA8246484611F0BEFC70
S21402D6200646484611F09EFCF6B20290424639463D
S21402D6302846CDE900A605AB0BF043FEDCE7012B3E
S21402D640E2D110F00C0FDFD178E700BFCD640020E6
S21402D650285E0020002210B5094B1C78094BD1B277
S21402D6608C4201D8002010BD197A814202D19979E4
S21402D670022902D010330132F1E70120F3E700BF9E
S21402D680916500202C4400200146002210B5084B6C
S21402D6901C78084BD0B2844201D8002010BD187AFC
S21402D6A0884202D198790128F8D010330132F1E786
S21402D6B0916500202C440020002210B40A4B1C78EE
S21402D6C00A4BD1B28C4203D85DF8044BFFF786BBF7
S21402D6D0197A814205D19979012902BF0021198060
S21402D6E0598010330132ECE7916500202C4400206B
S21402D6F0044B1B6813F0300F03D0202130200EF0AD
S21402D700ACBF7047A4480020002310B50446084961
S21402D7101A4601EA00414FF07F60FEF751FFE30729
S21402D72003D5002130200EF098FF002010BD00BF68
S21402D73000007207044B5B8823F4784323F08D03C2
S21402D74003800020704700BFA448002008B50022CE
S21402D7500346C3F80220C3F806200B4A02301268BA
S21402D760D1B212F0200F18BF41F0100119809307B2
S21402D77001D4FEF79DFF054B1B78023B032B8CBFA3
S21402D7801720002008BD00BFA4480020CC6400205B
S21402D79038B505460C46FDF72FFB98B10E4B1878A8
S21402D7A078B10E4B1B681A040FD58CB113F0420FDA
S21402D7B000D17DB103F44073B3F5407F0CBF002067
S21402D7C0232038BD40F60840FBE740F60B40F8E75A
S21402D7D02046F6E72320F4E7C8640020A448002089
S21402D7E0F0B504468DB007A80D4616460BF075FE3A
S21402D7F01022002103A8EDF7A9FD5CB1234603AC75
S21402D80003F11007224618685968083303C2BB4260
S21402D8101446F7D1012703A986EA070307A88DF85D
S21402D8201C708DF81D300BF0C3FF80EA070401A8B8
S21402D830E4B2EBF739FAB6B101A88DF80650EBF769
S21402D8405FFA64B1002303A907A88DF81D300BF018
S21402D850BEFF0C4B1B78432B01D1F7F7CFFC0A4BCC
S21402D8601D700DB0F0BD01A88DF80750EBF748FA11
S21402D870002CF6D003A907A88DF81D700BF0A7FFA1
S21402D880EFE700BFCC640020C7640020F0B5012596
S21402D89093B007460DA80C460BF01FFE05A90DA86F
S21402D8A0ADF834500BF0AEFF01A8EBF7FDF909A96D
S21402D8B00DA88DF835509DF806600BF0A3FF0DA855
S21402D8C09DF807500BF034FF70BB731BDBB2802B46
S21402D8D028D91FB1A64225D0A54223D105A90DA855
S21402D8E00BF075FF03A8EBF7DFF903A88DF80F60BE
S21402D8F0EBF706FA0122294609A8FFF771FFF7F7A8
S21402D90033FD01214FF4007003F0E6FDFDF75CFAEB
S21402D910B0F1004F01D9FDF75DFA044B18780BF011
S21402D92036FD012013B0F0BD0020FBE7C7640020DF
S21402D93070B50E46144605460320FFF765F946F015
S21402D9400402294620460BF09CFF0022014B1A6077
S21402D95070BD00BFA0480020F0B587B00788054616
S21402D9601022002102A8EDF7F1FC3E4B1B78002B9B
S21402D97076D1BC055ED407F08403842B63D00022E4
S21402D980394C11461046FFF72BFF17F4045F276049
S21402D99005F102061CD0B9040AD5304605F0A4F9F2
S21402D9A000284ED1236823F4005343F48073236087
S21402D9B030460EF0E0FE002842D10BF08AFD18B980
S21402D9C0236843F480332360236843F020032360F4
S21402D9D022680DF1060042F400432360FFF7AAFE18
S21402D9E012F4805FBDF8063031D043F02003ADF864
S21402D9F006302168334611F0400218BF05F12302B3
S21402DA004FF07F60FEF7DCFDBDF80630DA0703D57F
S21402DA10002130200EF021FE23689B0506D5012248
S21402DA2095F8221005F11200FFF7DAFE00200F4BE0
S21402DA30186006E005F112000EF09DFE00289AD04E
S21402DA40292007B0F0BDB80799D52320F9E723F0BF
S21402DA502003ADF80630FDF7BDF9FEF7BBFBC8E7BD
S21402DA600220EEE7CC640020A4480020A048002054
S21402DA7008B5054B1B7833B1FFF73AFEBDE8084000
S21402DA800248FEF731BE08BDC86400204F6500207C
S21402DA9010B5154B1B78D3B1144B1B78033B012BE7
S21402DAA015D900200FF02AF9044698B1EAF7EAFBE6
S21402DAB0237913F0300F0AD148B1012803F0CF02C0
S21402DAC006D0811E4B424B415B011343237110BDAE
S21402DAD01023FAE7F7F7DAF80028F8D021462046AE
S21402DAE0BDE8104004F096B8C8640020CD6400205B
S21402DAF008B50DF052FC054B18B91868C0F3800043
S21402DB0008BD1868C0F30050FAE700BFA44800201A
S21402DB102DE9F04F064689461046002189B0154683
S21402DB20984605F04FFE102807460AD86A4B03416E
S21402DB30DB0706D4C8F340049DB9002009B0BDE84F
S21402DB40F08F664B1C78002CF6D0FFF7D1FF00282A
S21402DB500CBF4FF4F0744FF4D074FC4004F0010490
S21402DB60EAE74FF0000A18F0010F534652462946DC
S21402DB704FF00500CDF800A00CBF4FF0080B4FF495
S21402DB80027B09F0F8FA0028D7D0C8233246009361
S21402DB9059465346284605F03DFEADF80E000028CD
S21402DBA0CBD018F0080A4AD14FF6F773A7F10F0246
S21402DBB0D2B29E428CBF09230123012A01D843F028
S21402DBC04003474A8DF810301378591C11708DF8AF
S21402DBD01130002C4FD09DF81030052F43F0200353
S21402DBE08DF8103033D03F4B1D78002D5AD04FF6AB
S21402DBF0F77300259E424FF00F0248D9012304A96D
S21402DC000DF10E00F5F736FD002896D1002C4DD109
S21402DC10BAF1000133463A4618BF0121BDF80E009C
S21402DC20CDF800900BF0DFFFADF80E00002884D090
S21402DC3018F0040F4DD031460DF0E4FF7EE749465A
S21402DC400DF10E0005F02AF80028ADD175E7012186
S21402DC50BDF80E0011F0BEF9012105F0B3FD012357
S21402DC60834013F0620F1CD11E4B1B78E3B14FF6B4
S21402DC70F7731825BEE71B4B25461B780222002B9E
S21402DC80BCD04FF6F7739E42B8D8052FB6D0BAF17D
S21402DC90000FB3D19DF8103043F040038DF81030DA
S21402DCA0ACE710250F22A9E71825FBE7BAF1000F0B
S21402DCB00AD002234A46009029460DF10E00FEF7CE
S21402DCC09BFA0028A4D038E741235246CDF800A09C
S21402DCD0F2E70DF081FF31E79FFEFEFFC8640020E9
S21402DCE0C9640020BA6400202DE9DF431E46144BA7
S21402DCF080461B680F469B0791460A9C1BD420460B
S21402DD0014B10BF058FFC0B20622CDE902403B46E2
S21402DD100020CDE900890B490FF077FA024650B190
S21402DD200021002E0CBF01230323084604B0BDE8E1
S21402DD30D043FFF7EDBE002004B0BDE8D08300BF9D
S21402DD40A4480020859504002DE9F04F8DB0814649
S21402DD508A461F4693469DF85C803AB903A8FEF7AA
S21402DD60A7FCB0BB00200DB0BDE8F08F1546002220
S21402DD70232110460DF08CF9ADF80A000028F1D0E8
S21402DD8011F0F0F80523044618F0100F00F8023BD5
S21402DD90677020D011220021EDF7D8FA04F113069D
S21402DDA0032F4FF0080237D159463046EDF720FBD5
S21402DDB0C8F3801306F1090533720BF0F8FE00284B
S21402DDC03ED000232B706B700123033505F8013C0F
S21402DDD036E003ADCBE7012610221699EDF708FBD5
S21402DDE006FA07F313F0620F02D104F11206D7E720
S21402DDF007A80BF072FB05A88DF81C60EAF754FF23
S21402DE009DF8162018F0200F9DF8173008BF13460D
S21402DE1004F11306A374C3E751463046EDF7E8FA59
S21402DE20012306F10802121B28460093BDF80A10C9
S21402DE30082392B211F05CFE042F06F11005BCD046
S21402DE402D1BA9B20DF10A000FF047F9002889D15F
S21402DE5018F0040F0BD0484611F0A4FAFF281FBF93
S21402DE60074A32F8103023F4804322F81030434633
S21402DE7051464846BDF80A20FFF74AFE73E700BF40
S21402DE80BC5D002070B5032690B08DF807600DF0DB
S21402DE9084FA18B90224204610B070BDF5F78AFD40
S21402DEA00028F7D002AD2846FEF702FC0028F1D083
S21402DEB01B4B1C6814F00204ECD140F20F43194AC3
S21402DEC0ADF82430136804A8CDF826305368CDF890
S21402DED02A300BF002FB95E8030005AB83E803004B
S21402DEE0062304A88DF81D308DF81060EAF77EFE32
S21402DEF001210DF12E020DF10700EAF7CFFD2246B1
S21402DF001A2109A80DF0C4F8024608B91924C2E776
S21402DF10012329462046FFF7FBFD0028BBD1F5E783
S21402DF20A44800204F6500202DE9F04F06460F4614
S21402DF30002199B01F2210A803930F91EDF706FA5D
S21402DF4030460FF0E2F90146304605F03BFC8DF80C
S21402DF501B0030460DF081F89DF81B30457881464F
S21402DF60C5F340059806304648BF45F002050FF057
S21402DF70C1FA0446304611F011F80023001B5FFA7E
S21402DF8080FA00935346232B28BF2323224631468A
S21402DF900FA811F0ADFD002840D19E4B9DF83C80A5
S21402DFA01B789DF83DB0002B3BD0FFF7A1FD002863
S21402DFB00CBF4FF4F0734FF4D07323FA08F3D9076B
S21402DFC02FD5AA072DD4B8F1080F24D1BBF1040F20
S21402DFD024D1FAF797FD08BB012322460093314667
S21402DFE005200DF11B0309F0A3F8B8B1A8F1050846
S21402DFF0B8F10D0F12D8DFE818F02800A001C7010B
S21402E000EC01F5011100110011001100FB019D0247
S21402E010A902D702D702B8F1050F08D019B0BDE899
S21402E020F08FB8F1100F05D1039B002BF6D0FAF74C
S21402E03069FDD1E7FAF766FD0028CDD0B8F1050FE5
S21402E040CAD0B8F1110FC7D0E8E7BBF1050FE5D883
S21402E05030460CF065FF059009F1020011F047FC0E
S21402E06081460DF11E00FFF765FB01239DF83D700A
S21402E070BB4013F06203039305D0BDF81E309B0726
S21402E08001D5AE07CAD50DF088F90028C6D0FAF732
S21402E09039FD08B9002DC1D00DF13E0A50460EF0EA
S21402E0A06AFB039B0490BBB1032F9DF84EB01AD1B6
S21402E0B00DF14F040DF071F9814540F01781032DE3
S21402E0C0ACD19DF856105246003918BF01210DF109
S21402E0D04E000BF095FDA1E7032FDDF80CB07BD1C7
S21402E0E00DF14E04E6E74C4B1B689C0729D5FF2230
S21402E0F008210DF157000DF0E2F8804608BB0346F2
S21402E10001460DF157020220FEF75AFA0DF045F9C4
S21402E11081450DF157060DF14F0422D04FF6F773E5
S21402E120994540F2E8800022082120460DF0C7F803
S21402E130002800F0E080002259465046FFF750FBC8
S21402E1406CE70DF157060DF14F0430460EF0ADFAAE
S21402E150002846D00DF021F9814540F0C8804FF0E6
S21402E16000082046F6F70EF9002800F0C080012FBE
S21402E17058D0042F7FF452AF0EF0BAFA10B1032D26
S21402E1807FF44CAF049B002B7FF448AF324602214B
S21402E1905046FFF7CDFB214B1B7863B1FFF772FEAB
S21402E1A0FEF72CFD022806D10120FEF721FD0121F3
S21402E1B00846FEF799FB1A4B1B78022B1FD1032148
S21402E1C030460BF0E6F8FEF719FD014600287FF40C
S21402E1D025AFFEF789FB21E70DF156060DF14E0439
S21402E1E0B3E70F4B1B78432B7FF418AF012F7FF456
S21402E1F015AF0DF0D2F8814579D1B846B1E7412B7B
S21402E2007FF40CAF044B1B6858057FF507AFF8F791
S21402E21061FC03E7C8640020A44800208165002052
S21402E220CC640020B64C2378022B22D02378412BD4
S21402E2303FF4F4AE049B33B9FAF764FC594602463F
S21402E2405046FFF7CDFAFAF75DFC00283FF4E6AE3B
S21402E2500EF04EFAAB4F98B13B681A0502D42378FB
S21402E260432B0DD1AB070BD440F61A40F7F7E0FB71
S21402E270D4E60EF03DFA0028D8D0A907D6D4CDE6CB
S21402E280386810F0020002D1059903F0C3FC237827
S21402E290112B16D13B685F0513D50020FEF73AFB1B
S21402E2A0044600287FF4BAAE0DF04FFB40F61C4041
S21402E2B0F7F7BEFB21462046FEF716FBF7F7C4FB30
S21402E2C0ACE6AC0701D5FFF713FAB8F1000F9ED003
S21402E2D00BF0FFF818B94FF480310EF0BEF90022A9
S21402E2E0894B30461A600EF0D7F990E70026039B5A
S21402E2F0002B7FF413AF4FF6FF73204608A9ADF844
S21402E3002030F5F791FF20B120460DF021F8ADF848
S21402E31020004FF6FF73BDF8200098423FF47EAE11
S21402E320049B3246002B0CBF042315232146CDE95D
S21402E33000A33B46FFF708FD70E60DF02EF8002816
S21402E3407FF46CAE714B1B78002B3FF467AEA807C8
S21402E35004D46C4B1B6899013FF560AEBAF10C0F02
S21402E3600DF1450094BF002412AC11F0C0FA02462B
S21402E3709DF8470003283FF651AE394600940DF14A
S21402E3803D0304F00BFA49E60DF13D00F5F7FAFFFE
S21402E39028B1022239460020FAF740F83EE65C4BE6
S21402E3A01B78013B012B3FF639AE0DF13D0002F022
S21402E3B075FD4FF6FF739842044606D10DF13D00F7
S21402E3C00CF0C6FFA0423FF429AE0021FAF736F958
S21402E3D024E6EA077FF522AE2A4638460FA904F05D
S21402E3E0DBFA1BE69DF83D100120FFF74FFA15E613
S21402E3F0474B1B78013B012B3FF610AEEB077FF530
S21402E4000DAE0DF13D0002F049FD4FF6FF73984246
S21402E4100546804640F080800DF13D000CF098FFE6
S21402E42040450546074677D10DF13D00F6F71CFC40
S21402E430B84205463FF4F2AD304610F0AFFD00227A
S21402E4400934E4B2071BFFB2394610460CF020FE30
S21402E450ADF81C0000283FF4E1AD4FF0010900239F
S21402E4602A460821CDF8009005F0D4F9ADF81E0032
S21402E47000283FF4D3AD214630460FF012F84FF095
S21402E480000A80461622514609A8CDF820A0ECF7CD
S21402E4905DFF434622463146CDF800A008A811F09B
S21402E4A027FB4B46424608A90DF11E00F5F7E2F897
S21402E4B000287FF4B3ADA7EB0807FFB2394607A8DA
S21402E4C00EF00BFE284610F06DFFFF2818BF114A0B
S21402E4D0444418BF32F81030E4B21CBF23F4804321
S21402E4E022F81030BDF81C00234632460021009761
S21402E4F00EF01BFE2946BDF81E000DF083FB8DE5CF
S21402E500CC640020A4480020A0480020C864002054
S21402E510CD640020BC5D0020284610F043FFFF2893
S21402E520074689D0F6F7C6FD002885D0384603F0A0
S21402E53099F881E71E4B1B78013B012B3FF66EAD27
S21402E5402A4638460FA9FCF7C9F967E5194B1B7826
S21402E550022B20D1002F7FF461AD08A8FEF7A8F8A1
S21402E56000283FF45BAD144B1F709DF83D30002B26
S21402E57014BF64246524FEF741FB032806D13846FF
S21402E5803946FEF7B1F93846FEF73EFB214608A8A3
S21402E5900AF0FFFE42E5043B012BDBD938460BF0BE
S21402E5A018FB0028D6D139E530460BF014FB35E5CA
S21402E5B0CD640020CC640020816500202DE9F34163
S21402E5C005460E46174698460EF092F8044640B1A7
S21402E5D001233A4631462846CDF80080FFF784FBF1
S21402E5E004460EF085F830B1FFF782FA78B10A4B8E
S21402E5F01B689B010BD400233A4631462846CDF8C9
S21402E6000080FFF771FB002C0CBF0446012404F0C7
S21402E610010002B0BDE8F081A448002070B58AB0BF
S21402E62005A80AF05AFF022301AA15468DF81430EF
S21402E630084B03F11006144618685968083303C4D9
S21402E640B3422246F7D1294605A80BF0B1F80AB024
S21402E65070BD00BF2FE20400014B1878704700BF60
S21402E660766F0020014B1888704700BFEA6E0020C4
S21402E6704FF6FF732DE9F043994280460D4685B06A
S21402E6800BD000274FF6FD791C4EE9F7D1FDFCB200
S21402E690A0420BD84FF6FF701DE0F5F773FE002878
S21402E6A0EFD005B0BDE8F0430CF077BE36F8143074
S21402E6B04B4517D8694620460EF061F808224146B7
S21402E6C00DF10500EDF78EF94FF6FF7360B99D4226
S21402E6D004D136F8140005B0BDE8F08326F81450CD
S21402E6E00EF016F80137D0E79D42FBD036F814300C
S21402E6F0AB4208BF26F81490F4E700BF145B002074
S21402E7002DE9FF4706460F4600254FF6FD79DFF84E
S21402E7103C80DFF83CA0E9F78BFDECB2A04202D8C1
S21402E72004B0BDE8F08738F814304B450CD869467B
S21402E73020460EF024F8082231460DF10500EDF7CA
S21402E74051F908B90AF804700135E4E7145B0020B1
S21402E75078640020014B33F810007047145B0020E9
S21402E760F0B5064600250D4F85B0E9F761FDECB21F
S21402E770A04201D805B0F0BD37F81430B3420BD131
S21402E780694620460EF037F89DF80030022B1CBF73
S21402E7904FF6FD7327F814300135E6E7145B0020C8
S21402E7A030B585B004460D46E9F742FDA0420FD9C2
S21402E7B0084B33F814204FF6FD739A4208D8694680
S21402E7C020460EF018F829460DF10500FFF750FF17
S21402E7D005B030BD145B002030B585B00446E9F7BD
S21402E7E027FDA04219D92046FEF734FF0546B0B9E8
S21402E7F0694620460DF0C3FF9DF800302BB16946EE
S21402E80020468DF800500DF0D8FF4FF6FF7200201C
S21402E810044B23F8142005B030BD2820FBE740F651
S21402E8200440F8E7145B00202DE9F0410B7805461A
S21402E8300E461BB9BDE8F041FFF7CEBFE9F7F8FC7C
S21402E840A84231D92846FEF705FF78BB374617F8A7
S21402E850058B4FF6FF713846FFF70AFF0446384627
S21402E86000F01EFAB0FA80F04009B8F1000F15D099
S21402E870B8F1030F15D04FF6FF724FF6FD739442B0
S21402E88008BF1C460B4B314623F815400A4B585519
S21402E89028460DF092FF0020BDE8F0814FF6FF7487
S21402E8A0F0E74FF6FE74EDE72820F5E740F6044061
S21402E8B0F2E700BF145B0020786400202DE9FF41D8
S21402E8C00D4604464FF6FE780F4F0E0AE9F7B0FCE7
S21402E8D0A04204D8FF24204604B0BDE8F08137F8F1
S21402E8E0143043450CD1694620460DF048FF9DF88A
S21402E8F00520EBB29A4203D19DF80630B342EAD025
S21402E9000134E4B2E2E700BF145B00202DE9F04FC9
S21402E9100C461746984600254FF6FD7B87B09DF8B5
S21402E92040A0DFF85C900190E9F782FCEEB2B042BC
S21402E93001D8FF2616E039F816205A451ED830466A
S21402E94002A90DF01CFF3FB99DF80920424515D1DA
S21402E9509DF80C20524511D144B939F81620019B76
S21402E9609A420BD1304607B0BDE8F08F0822204607
S21402E9700DF10D01EDF736F80028F3D00135D3E797
S21402E980145B002010B514460DF0F9FE2046BDE8D3
S21402E990104008220149ECF72BBD00BF4F6500204E
S21402E9A02DE9FF47074615460846082224491E4613
S21402E9B0EDF718F8044600283FD14FF6FF7ADFF845
S21402E9C08490E9F735FC5FFA84F880450BD385B36B
S21402E9D0384608F08EFC01250C9B18700120357015
S21402E9E004B0BDE8F08739F8183053451FD06946A1
S21402E9F040460DF0C4FE7A789DF801309A4216D150
S21402EA007A88BDF802309A4211D13A799DF80430DC
S21402EA109A420CD108220DF10501781DECF7E2FFAF
S21402EA2028B9002DD7D1404608F07EFCD3E7013442
S21402EA30C7E7FF2008F078FCCEE70020D0E700BF4B
S21402EA404F650020145B0020F0B50025154E164FCA
S21402EA5085B0E9F7EDFBECB2A04201D805B0F0BDF7
S21402EA60694620460DF08BFE9DF80030032B06D932
S21402EA700023694620468DF800300DF09EFE9DF874
S21402EA80002062B14FF6FD734FF6FE71032A08BFEF
S21402EA900B4626F81430002301353B55D9E74FF6CE
S21402EAA0FF73F6E7145B002078640020F8B50E4684
S21402EAB004464FF6FF770C4B0C4D1B7803EB4303D3
S21402EAC005EB8305A54202D800242046F8BD23881C
S21402EAD0BB4206D008223146A01CECF783FF002872
S21402EAE0F3D00C34EEE700BF376F0020545A0020F4
S21402EAF0044BFF211A78044802EB42029200ECF71C
S21402EB0025BC00BF376F0020545A0020F8B50446D3
S21402EB100C4B0D461B781046A3420DD90C2702213A
S21402EB2017FB04117C43084E08223144ECF760FCC4
S21402EB30335B00202B80F8BD0023136053604FF632
S21402EB40FF73F6E7376F0020545A002038B50446A4
S21402EB504FF6FD75FFF704FE0022084B1878084BA7
S21402EB60D1B2884200D838BD33F80C1C0132A1421B
S21402EB7008BF23F80C5C0C33F2E700BF376F0020A7
S21402EB80605A002070B505460E460846FFF7DEFFBF
S21402EB9031462846FFF76CFD29460648FFF786FFF2
S21402EBA000B970BD044624F80C6B0DF0B1FD294681
S21402EBB02046F3E7545A002010B5082286B02349AF
S21402EBC00446ECF70FFF20B906B0BDE810400CF083
S21402EBD0E4BB082220461E49ECF704FF20B91D4B71
S21402EBE0B3F8680006B010BD0023012221464FF696
S21402EBF0FF700093FFF78AFEFF2806D0164B33F805
S21402EC0010004FF6FB739842ECD903A8FEF79EFD60
S21402EC1058B9BDF80C305B0607D5082221460DF11F
S21402EC200E00ECF7DFFE0028DCD021460B48FFF78B
S21402EC303DFF40B14FF6FB724FF6FF7300889042DD
S21402EC4088BF1846CEE74FF6FF70CBE74F65002029
S21402EC508E56002024560020145B0020545A0020B2
S21402EC6070B5002204464FF6FB7608460A4B1D781E
S21402EC700A4BD1B28D4201D8002009E01988B14270
S21402EC8007D8A14205D10822991CECF7B1FB012056
S21402EC9070BD0C330132ECE7376F0020545A002067
S21402ECA037B5014605460E48FFF700FF044640B159
S21402ECB0807A29460DF0C3FD80F00100C0B203B091
S21402ECC030BD03460090012229464FF6FF70FFF73B
S21402ECD01DFEFF2816BF034B2046185CE9E700BF5F
S21402ECE0545A0020786400202DE9F341224B044652
S21402ECF01B780F468342154638D9FEF7C5FCB8BBCB
S21402ED004FF6FD739D421D4E0ED004EB440326F8CB
S21402ED1023504FF6FF739D421FD12046FEF7CCFCD0
S21402ED20002002B0BDE8F0810DF106013846F5F785
S21402ED307BFA4FF6FF72BDF806303846934218BF8C
S21402ED401D460C236343F55206EB0308FFF7A8FFA4
S21402ED50B0FA80F0400988F80A000C2303FB04602E
S21402ED60082239460230ECF743FBD9E72820D8E7D9
S21402ED7040F60540D5E700BF376F0020545A002002
S21402ED8038B504460D46FFF7BBFC21460448FFF79C
S21402ED908DFE00B938BD857221460C30F7E700BFFC
S21402EDA0545A00200023074A1370074A1370074A72
S21402EDB0118801B11380064B1A880AB100221A8004
S21402EDC0704700BF9365002092650020385E0020E1
S21402EDD0365E00202DE9F04F4C4C9846238889B0C9
S21402EDE005900F4610469DF848A05BB952B10EF04A
S21402EDF08DF920804FF4FA61454809B0BDE8F04F1E
S21402EE0010F09CB9DFF81C91B9F80050002D69D0BB
S21402EE10284610F0C3F8C0F34704284610F0A2F8BC
S21402EE20DFF804A10294BAF80030DFF800B10193CB
S21402EE30BBF80030054600930022434601203549C0
S21402EE400EF0E3F9ADF81E0010B305EB44080124FA
S21402EE50454512D1E4B9BDF81E50CDB12E4B1B78F4
S21402EE602BBB2B4600223946059800F043FA0023B6
S21402EE70ABF80030AAF800300AE0012329461A4609
S21402EE800DF11E00F4F7F6FB023504460028DFD02B
S21402EE900023224AA9F800301378013BDBB2137034
S21402EEA0002BA7D109B0BDE8F04FFFF77BBF0CF0EF
S21402EEB03DFA0146284604F085FC0A21804628468B
S21402EEC004F080FC0646A64202D8FF2CCFD1C8E743
S21402EED0284604F10B0104F075FC8045C1D80134C4
S21402EEE0E4B2F0E70E4C237823B910F00BFB08B916
S21402EEF001232370524641460520F5F757FC0028A9
S21402EF00D0D1207009B0BDE8F08F00BF385E002077
S21402EF10206E00208B9504009465002093650020E7
S21402EF2092650020365E0020D05D0020D25D002073
S21402EF3030B5154D87B02C889CB923464FF4A07285
S21402EF4048F2380103A80DF05DFD21462046F9F788
S21402EF50F3FB22460D4B009403A9FFF73BFF07B0D5
S21402EF6030BD20460CF079F8043010F0C0FC03A93E
S21402EF70044628880EF0CFFA0023009320462A88FB
S21402EF8003A900F065FBEAE7385E002000F8FF07F9
S21402EF9037B5002001A9F9F7CFFB0D4C01462378BF
S21402EFA00C4D7BB10C4B019A1878F9F7DBFB2078F5
S21402EFB0F7F716F9002323702B700848F4F706FCBF
S21402EFC003B030BD2B78002BF7D0FFF7B1FFF4E784
S21402EFD0966500209365002095650020206E00202F
S21402EFE008B50548F4F702F90448F4F7FFF8BDE857
S21402EFF008400348F4F7FAB8385E0020365E002070
S21402F000345E00202DE9F04F89B089460446CDE9EA
S21402F01005239DF84870139E30B316F801ABBAF17B
S21402F020000F23D00AF1FF34A400E4B231460120D7
S21402F0300AF017FEC00E1BD1DFF838B131460120A8
S21402F0400AF00FFE9BF8005034442279BDB1002F1F
S21402F05047D180234846CDE90277CDE900773E4A7C
S21402F060059900F047F93CE08246DFE75446DDE7C3
S21402F0701B28ECD9314601200AF0F3FDE7E7DFF85A
S21402F080F880FF2A00EA08080BD14246E379A17904
S21402F090607901EB032189B209B0BDE8F04FF9F7B8
S21402F0A061BB2E4909688B070AD5FE2A35D1012392
S21402F0B00135EDB2202D4FEA43030AD1FF250AE0BF
S21402F0C0294628460792F9F737FB4845BFD1079AE3
S21402F0D0EBE79845ECD1224B1B78FF2B04D0AB42D2
S21402F0E004D009B0BDE8F08FFF2DFAD029460020E3
S21402F0F0F3F774F80028F4D09BF800306479002BFC
S21402F100EFD1FFF74FFE17484FF4105110F016F8E4
S21402F110154B8BF800501C70E3E7052A97D8BAF116
S21402F120010F94D8B8F1000F91D0002FD9D173797E
S21402F130002BD6D00D49098821B9082B28BF0823F1
S21402F1400B490B70434648461292DDE9051209B098
S21402F150BDE8F04FFFF73EBE8B950400A4480020A2
S21402F160776F0020206E002095650020385E002014
S21402F170936500209665002000F8FF07014B188073
S21402F180FFF7D6BE365E002037B5184B1B78022B2B
S21402F19003D01725284603B030BD00210DF1070025
S21402F1A0F4F798FC05460028F3D1114B1B78013B77
S21402F1B0012B01D90225EDE7F4F7F6FB0028F9D07A
S21402F1C00AF02FF80446F4F7EFFB0A4B4FF47A7175
S21402F1D018700B23B4FBF3F203FB12440A34A4B2F6
S21402F1E0614305480FF0AAFFD4E700BFCC640020B5
S21402F1F0CD640020BD640020D04700202DE9F043F6
S21402F200384B00241E784FF4F813374FA5B00393FB
S21402F2103D78ADF81040F7F78FF8BDF90E30ADF82F
S21402F2201200A342ADF8144006DB304B1C780134C2
S21402F230E4B21C7044F080048DF82C40A9460224E7
S21402F2404FF000088DF82D60B14529D300222146E3
S21402F2500BA83D708DF82D800BF01AFFE8B1B8F1BF
S21402F260000F09D000234FF6FC71CDE9000303AA74
S21402F270FF230620FBF7EAFFB5422FD209F0D1FFA3
S21402F2800B23B0FBF3F24FF47A7102FB13000A3041
S21402F29080B2414316480FF051FF25B0BDE8F08317
S21402F2A0484606A902F004FA98B9512C11D804F17E
S21402F2B090030DEB0302083406AB013508F1010892
S21402F2C003CBE4B242F8640C42F8601CEDB25FFA7B
S21402F2D088F809F101095FFA89F9B5E70448F4F7F5
S21402F2E075FADAE7BD640020BE6400209865002047
S21402F2F0D04700200CB42DE9F04F8BB014AA0E466E
S21402F30052F8041B07460992002940F08F80BDF888
S21402F3105400ADF82200002800F0A18033794FF6A1
S21402F320F778002B40F0868047458CBF4FF00908DF
S21402F3304FF008084C4B1C78FF2C40F08380B6F93F
S21402F3400230002BA9BF494B347A1C780134A2BF85
S21402F350E4B21C7044F08004DFF81CB1224600219F
S21402F36004F044FA9BF80030BDF82200002B6CD063
S21402F370DFF808A14FF00009BAF8003007930FF043
S21402F3800DFE0546BDF822000FF0ECFDEBB2CDE90E
S21402F3900193FF23CDE903090093224633463946FB
S21402F3A00798FCF7F1F84FF6FF7305468BF80090C6
S21402F3B0AAF80030382D33D13246394640460DF190
S21402F3C022030AF00EFC00284BD04FF6F7739F423A
S21402F3D026D8B6F902307088002B21DA48F20402E9
S21402F3E02349244B4FF00008904214BF89469946A1
S21402F3F00BF0D3FF494603468A220120CDF800804F
S21402F4000DF003FF814658B12246414604F0EEF95C
S21402F410FF23324639464046CDE90098FBF716FFF1
S21402F42028460BB0BDE8F04F02B0704701200DF041
S21402F430C9FE6EE7002347458CBF4FF00608984684
S21402F440337177E7FF221A7086E7CDE9000332466A
S21402F450FF2339464046FBF7F9FE0546AAE719257B
S21402F460DEE70546DCE700BF796F002098650020DE
S21402F4709C95040091950400976500203A5E002052
S21402F48070B54FF4003300240546164688B0ADF832
S21402F4901A100DF10F0204A90593ADF81840ADF845
S21402F4A01C4004948DF80F400AF072FB9DF80F3052
S21402F4B028460193049B044A009305A93346FFF7A6
S21402F4C019FF08B070BD00BF9595040030B54FF423
S21402F4D08035002487B00395BDF82850CDE9001288
S21402F4E08DF81030074A034603A9BDF82C008DF8A4
S21402F4F01140ADF81250ADF81440FFF7FBFE07B00E
S21402F50030BD00BFA1950400B1F1006F2DE9F043B4
S21402F51014462CBF392238228BB01D464FF000030A
S21402F520ADF81E204FF480022CBF4FF00109994619
S21402F530FF2C0646ADF81C300892ADF824304FEA90
S21402F54011471FFA81F80FD10CF0BDFAB9F1000F7E
S21402F55019D1154ACDE9020543463046CDE9007475
S21402F56007A9FFF7C7FE1AE0FE2C0AD10CF0ABFA89
S21402F5700130C0B20CF0B2FAB9F1000F12D00B4A49
S21402F58002E0E8B2F8E70A4ACDE90305012330466D
S21402F590CDE90174CDF8008007A9FFF7ABFE0BB0EA
S21402F5A0BDE8F083034AD5E7999504009F950400C9
S21402F5B098950400A09504004FF498124FF08063CB
S21402F5C010B586B0CDE903230023ADF814300BF056
S21402F5D0E4FE0446F6F7B0FE054B01900093054A9A
S21402F5E0234603A94FF6FD70FFF784FE06B010BD52
S21402F5F04F650020A595040008B5064B1B78022B24
S21402F60002D0043B012B03D8FFF7D6FF002008BD2B
S21402F6100220FCE7CC64002030B500244FF480655D
S21402F62087B0CDE900128DF81030084A034603A9C8
S21402F6304FF6FD708DF811400394ADF81250ADF8F8
S21402F6401440FFF757FE07B030BD00BFA99504006F
S21402F6502DE9F04F9BB00E4605460EA91046CDE9A1
S21402F6600A329DF890700DF025F9BDF838A0804654
S21402F67050460FF093FCB6F902300446002BB6F85B
S21402F6800690B6F802B004DA0022B24B1A700020D6
S21402F69049E050460FF082FC4045F5D3A4EB08043F
S21402F6A0E3B2002F18BF4FF4A079152B099328BF99
S21402F6B015230024013308F1FF325146DBB292B221
S21402F6C0009414A810F014FA6FEA4B436FEA5343FF
S21402F6D0A1499DF8502008684968ADF846300FAB3E
S21402F6E003C3ADF84840ADF84440ADF84A90ADF8D3
S21402F6F04C20BBF1000F24D10DF15100F4F742FE6D
S21402F700A0B10BF04AFE5C4606460DF1590A0DF111
S21402F71051030A9A9AF80080012A2DD157B384F031
S21402F720010404F001001BB0BDE8F08F0DF151009A
S21402F73001F0B4FB4FF6FF74011B4C4206464C41E7
S21402F740E3E7BBF1010F40F09480BDF851600BF087
S21402F75024FE86420AD030460FA90DF081F980F0C9
S21402F7600104E4B20DF1530A0FABD2E77B4B0DF165
S21402F770530ACEE70A9CD4E797B3002C75D1B8F1AA
S21402F780010F72D837D10BF008FE0BF006FE2246A8
S21402F79006469AF80170714B00210120CDE90061FE
S21402F7A002976F490DF031FDADF83A0000285CD0A3
S21402F7B0002C53D1B8F1010F50D12646DFF8B8A17C
S21402F7C09AF800305FFA84F8434538D940460FF07D
S21402F7D041FEC20702D5BFB1013FFFB20134EFE7D7
S21402F7E0B8F1010F05D1002CCDD081229AF8017014
S21402F7F0D2E7002CF9D1B8F1010F94BF0022012202
S21402F8009AF80170D201C7E7404601F017FB0123C0
S21402F810ADF8340002220DA90DF13A00F3F72AFFE3
S21402F82018BBBDF83A000FF0B9FB804648460CF00C
S21402F830B3FE08F1010801368045F6B2CEDBB6B15A
S21402F84032460C21BDF83A0003F0D0FF00222846CB
S21402F850BDF83A3011A9FFF74DFD06E00C210DF177
S21402F8603A000DF03AFC0028F0D001205BE70D21AB
S21402F870F5E70A9B002B7FF40AAF7388342B57D127
S21402F880099B092B7FF403AF002F7FF400AF9DF98D
S21402F89059603A46B41008210DF1510004F02004D4
S21402F8A00BF00DFDD0B12F4B1B78012B3FF4EFAEC2
S21402F8B0022B27D12C4B1B6813F0807F25D12A4BB5
S21402F8C01B685B0201D5002E30DA00232846274A41
S21402F8D011A9FFF70FFD264B1C70D8E60DF151005B
S21402F8E0F4F750FD0028DED10DF1510001F0D6FAF2
S21402F8F04FF6FF73984208D02146F8F79FFE03465C
S21402F90018B903E0033B012B06D9C8232846174A39
S21402F91011A9FFF7EFFCBAE6164BB3F86830AB4214
S21402F920CDD0114B1B6813F0805FC7E78D23EDE740
S21402F930099BCDE9059204930DF15103CDE90283AB
S21402F94031462846CDE9007A0B9B11AA00F058F8FA
S21402F9509DE600BF8B650020DF1E04004F65002079
S21402F960AD950400CD640020A44800208F4C04000E
S21402F970786F002024560020446F0020024B18782F
S21402F98040F08000704700BF9865002038B50A4BEB
S21402F99005461C7824B10BF000FDB0FA80F4640929
S21402F9A0F8F72AFF08B144F04004E8F74DFC44EAB1
S21402F9B04020284038BD00BFC8640020014B188094
S21402F9C000207047F26E00204FF6FF710346028851
S21402F9D01B798A4217BF074901200A8041881EBF49
S21402F9E0054A00201180FF2B1EBF044A0020137018
S21402F9F0704700BFEE6E0020EC6E00209965002076
S21402FA002DE9F04FB7B09946BDF80431439C0D93EB
S21402FA109DF8083183460E93BDF8143120460F93A5
S21402FA209DF81831B1F802A00F4690469DF8005195
S21402FA3010930FF05CFFBAF1110F064600F28A80AF
S21402FA400BF0ABFCB04200F08F80BAF1060F19D172
S21402FA504FF6FD739E423ED0DDB9BC4B1B78033B8E
S21402FA60012B36D930460FF09DFCFF2814BF8923A0
S21402FA70812300224146CDE900625846B44AFFF788
S21402FA8039FC06E02DB9BAF1030F08D8BAF1010F16
S21402FA900AD80022AF4B1A7037B0BDE8F08FAAF131
S21402FAA00403022BF5D8D8E7A84B1B78033B012B9F
S21402FAB00DD930460FF076FCFF2814BF8923812328
S21402FAC041465846A44A0096FFF714FCE1E7802315
S21402FAD0F6E78023CDE7A14B1B7859074CD40BF0F1
S21402FAE05CFC0026034632460120994900960DF03A
S21402FAF08CFB2379ADF86C000F930028CCD0DDE99F
S21402FB000E320D9803EB42090FF048FA5FFA89F9B4
S21402FB1009F10507FFB28742BED239460D9803F0B7
S21402FB2051FE109007EB40070D980FF037FA874208
S21402FB30B2DADDE90F321343DBB2002B40F0328239
S21402FB40002DA9D12F463A460421BDF86C0003F0D9
S21402FB504DFE76E1814BBAF13A0F1B7811D948F285
S21402FB603B039A4508D014E07C4B1B785A070BD50A
S21402FB70AAF10403022B07D8FB8843F48043FB80D8
S21402FB808AE7BAF11B0F1ED8AAF102039AB2132A09
S21402FB905ED9109B494602930F9B5046CDE900530F
S21402FBA00E9A5B460AF001F80F287FF475AF012221
S21402FBB0684B1A70694B1B789B0740F1D982002D5F
S21402FBC07FF46AAFD8E7AAF11C021E2AE1D801A187
S21402FBD051F822F0F903030093FB020093FB0200A4
S21402FBE01900030093FB0200F9000300F90003006A
S21402FBF093FB020093FB020093FB020093FB0200BE
S21402FC0093FB020093FB020093FB020093FB0200AD
S21402FC1093FB020093FB020093FB020093FB02009D
S21402FC2093FB020093FB0200290103002901030053
S21402FC309503030093FB020093FB0200AF0303004D
S21402FC4093FB0200490403005F0403006D040300F3
S21402FC50132B9ED801A252F823F000BFADFC02007F
S21402FC6075FD020093FD020071FE0200DFFA02003B
S21402FC7093FB020093FB020093FB020093FB02003D
S21402FC8093FB020093FB020093FB020093FB02002D
S21402FC9093FB020093FB020093FB020093FB02001D
S21402FCA0B3FF020093FB02002504030000241BABF3
S21402FCB05A4648460E9900931DAB1D948DF86C402B
S21402FCC009F067FF0BF069FB204B05461B78012BFA
S21402FCD003D0022B14BF02240124E8F7B5FA162833
S21402FCE094BF0020012044EA4014F6F725FB1C4B83
S21402FCF00646B3F800A0FBF79FFA1A4B07464FF6E4
S21402FD00FF70B3F80090FFF741FE174B9DF86C208A
S21402FD101988124B1B7813F002031CBF134B1B7877
S21402FD200B921D9ACDE90701CDE9093240234146DF
S21402FD30CDE9014358460023CDE90579CDE9036AAA
S21402FD400B4A0095FFF7D6FAA6E600BFCD64002060
S21402FD50919504008B6500209C9504006D6400203C
S21402FD60F26E0020EE6E0020EC6E002099650020F8
S21402FD70B39504000BF011FBA34BA44A1B88CDE9F4
S21402FD80400300234146584637B0BDE8F04FFFF720
S21402FD90B1BAA4781DA9631EDBB2EF2B204610D998
S21402FDA0F22C0ED008F0F1F982240BF0F6FA0023BA
S21402FDB04146CDE90003964A23465846FFF79AFA8B
S21402FDC06AE608F0E2F9002850D00BF0E6FA9DF851
S21402FDD078209DF87A100492BDF8762049000392A6
S21402FDE0BDF87420C9B2CDE901429DF879200346D8
S21402FDF05200D2B208320A440092012000228549FB
S21402FE000DF003FA9DF87930ADF86C008DF8673086
S21402FE1000283FF441AE002601230DF167011A4681
S21402FE201BA8F3F727FC054600287FF435AE9DF89D
S21402FE306730EAB2934209D89DF87A308DF8673077
S21402FE4016B1BDF86C3033E00126E5E731462046B0
S21402FE5008F09DF90123ADF8680002221AA91BA832
S21402FE60F3F708FC01350028E1D015E683249CE769
S21402FE700BF093FA044608F0A9F9234600900022F4
S21402FE80012063490DF0C1F900283FF405AE0025B4
S21402FE902C46ADF8740008F099F9EEB2B0420DD8CF
S21402FEA022460421BDF8740003F0A0FCBDF87430AD
S21402FEB0002241465846FFF71DFAEDE5304608F0A7
S21402FEC062F9FF288DF86C000AD0012301341A4625
S21402FED01BA91DA8E4B2F3F7CDFB00287FF4DCAD26
S21402FEE00135D8E75046B4F8029008F04CF9FF28DE
S21402FEF08DF8680000F0CF821DA908F046F9BDF81B
S21402FF0074304B4507D04FF6FF72914540F0C382DE
S21402FF101B0400F1C0829DF8793012930E9B0533C4
S21402FF20DBB213930F9B1493002311934FF0000937
S21402FF304B4613E017934900139BC9B219440D9818
S21402FF4089B20DF005F94FF0000A179B1590129929
S21402FF505FFA8AF28A4217D309F10109149A5FFA04
S21402FF6089F19142E6D39DF87A201292169A13925C
S21402FF70002B40F08582119B002B40F08C820123DF
S21402FF801193109B1493D1E711999DF8680017936B
S21402FF9008F0FDF8159A179B0AF1010A824208BF7B
S21402FFA00123D4E709F106095FFA89F33746169367
S21402FFB072E2A71C39463046A57A09F04AF90122B0
S21402FFC039463046FAF7D4FB30460CF09FFE3846E8
S21402FFD000F064FF2288824207D04FF6FF729042FA
S21402FFE003D00FF0DFF90CF0D1FD85F00804C4F35E
S21402FFF0C00421463846FEF7C3FE2146384637B0CF
S214030000BDE8F04F09F0FEBDF06E0020C095040079
S21403001091950400C4950400AD4B1B78033B012B5C
S2140300207FF63AAD0BF0B9F958453FF435AD09F014
S214030030F8F80B23B0FBF3F24FF47A7102FB1300CC
S2140300400A3080B24143A3480FF078F8F3F7ACFCCC
S21403005000283FF421AD0123002218469E4994F858
S21403006000A00DF0D2F8ADF8680000283FF414ADF8
S2140300700026354634460E9B1BAF01330E93F2B271
S214030080524514D3002C3FF407AD01232A461DA97D
S2140300901AA8F3F7EFFA00287FF4FEAC22460221F3
S2140300A0BDF8680003F0A2FBBDF8683000E74FF028
S2140300B000090E99D200D2B20A4408230D99384695
S2140300C0CDF800900FF014FD394648460FF03AF984
S2140300D0FF280FD0814B1B5C0F2B0BD997E803002F
S2140300E005F1D8036B44643B83E803000835013409
S2140300F0EDB2E4B20136C2E7002D7FF4CDAC1807AB
S2140301003FF53AAD534622464146584603F066FE4F
S21403011000287FF4C1AC842341465846704A37B062
S214030120BDE8F04FFFF7E6B823780F9810930CF06E
S21403013033FA00210646584604F0BAF9644BBAF17E
S214030140310F1B780746A3F103030BD1012B13D9F9
S214030150644B654A1B7812781344DBB20D9316235F
S2140301600E930DE0012B03D9604B1B780D9353BB05
S214030170002D7FF491ACCEE701231621CDE90D3196
S2140301800024109B224600930120234658490194DD
S2140301900DF03BF800283FF47FACF61BF3B226467F
S2140301A0544FDFF85C911193ADF86C000F940D9BE0
S2140301B0E5B2AB4209D832460221BDF86C0003F023
S2140301C015FB0F9AC0E40523CAE7162200211DA8D3
S2140301D0EBF7BCF8BAF1320F3DD13B7903F00302DB
S2140301E0032A21D18DF87620109B0136F6B2B3424E
S2140301F015D2BDF86C000EF0D1FE0E9B1844119B71
S21403020098420CDC01230E9A1DA91BA8F3F732FAB9
S21403021000287FF441AC0F9B0133DBB20F9301340C
S214030220083709F11209C2E7B9790029DCD1324946
S214030230C3F3C203CB5C1DA8012A08BF43F0010326
S21403024039888DF876300FF054FB79880DF17700F6
S2140302500FF04FFBC8E71DA80BF0B7FB4FF0FF33BB
S214030260CDE91F331F4B1B78AB4261D999F8043095
S2140302706F2BD4D828461FA9F4F7D0FF0028CED07A
S2140302801E4BB9F80020B3F8683092B9003B18BF8C
S21403029001235B0143F004038DF8863002238DF8B7
S2140302A08730B9F802301B0A11468DF8893021A829
S2140302B0CEE79B1A18BF01235B0143F005038DF8B5
S2140302C0863002238DF887300F238DF88830E8E7D1
S2140302D0CD640020D0470020CE9504007164002032
S2140302E08F4C0400C6640020C5640020426F0020C3
S2140302F0CC950400265D002040E20400245600202E
S214030300AC5B00200132D2B2551EEDB228461393E1
S21403031012920FF09FF8DDE9122310F0010FF1D0CF
S21403032063490978611A994205D00133DBB2E9E7DC
S21403033001220023E8E75F4B1FA918782844C0B2C0
S214030340F4F76CFF00283FF46AAF284600F076FD0A
S214030350129028460FF07EF810F0010F129A0FD174
S21403036016238DF88630544B1B780133DBB20F2BE4
S21403037028BF0F238DF88830504B33F8153092E79B
S214030380284612920FF066F810F0020F129AE7D181
S2140303901223E6E71A073FF5EFAB23465A464146D4
S2140303A00F9803F073FD00287FF476ABE0E695B173
S2140303B0434B1B78033B012B7FF66EAB0AF0EDFF36
S2140303C018B9BBF1000F7FF467AB207837B0BDE8F0
S2140303D0F04FF5F721BE0AF0E0FF20B1384B1B784B
S2140303E0033B012B01D8802396E62B46414658460D
S2140303F0344AFEF77FFFE8E70AF0CFFFB0427FF408
S2140304004BABA01CF3F7BEFF00283FF445AB0AF046
S214030410C4FF04460AF0C1FF2B4B2C4ACDE9400328
S2140304202346AFE420460FF062FAFFF7AFFA002840
S2140304303FF432AB4090002341465846244A37B037
S214030440BDE8F04FFEF756BF4B46424659460020DE
S214030450CDE9405437B0BDE8F04FFEF7D3BD4B4669
S214030460424659460120CDE94054F3E72B464A4617
S21403047041465846409437B0BDE8F04F09F0C7BB35
S21403048001231AA91A461BA8F3F7F4F800287FF4E9
S21403049003AB0137FFB2013607F098FE5FFA86FA20
S2140304A050453FF61FAD002F3FF44AABFFF74BBB5B
S2140304B0C66400203D6F002080650020AE5D0020EE
S2140304C0CD6400208F4C04004F650020D1950400B6
S2140304D09C950400F8B5164B04461D88154B20F86A
S2140304E0025B196879B10822EAF782FF124B0C20E7
S2140304F01B78124EA372124B19780023DAB291427C
S21403050005D8FF2209E0C4F802104160EEE7013384
S21403051000FB03F7F75BAF42F0D10A4BE2721B789E
S2140305202373094B1B786373084B1B682361F8BD61
S214030530485E0020405700209A650020485A002055
S214030540376F00207C6500207B6500202C57002039
S214030550F0B589B006460C4615460CF0CBFF0DF1F8
S2140305600A02014630460CF05DFE144F0346F0B90E
S21403057001223A702288BDF80A102AB1024600907A
S214030580072006F0D5FD90B103A8FFF7A3FFBDF83B
S2140305900A000EF003FD0646BDF80A000EF0E2FC64
S2140305A021460090F3B2284603AA08F084FE0023EF
S2140305B0034A3B70136009B0F0BD00BF9B65002083
S2140305C04057002073B5ADF806000DF106000AF09B
S2140305D071FD014608B102B070BD0DF106000AF0C8
S2140305E0B2FD04460EF0BEFCC67A002EEDD12046C0
S2140305F00CF047FAFF28E8D00EF014FF054BD3F8AB
S2140306008850002DE1D03346224641213046A84784
S214030610DBE700BF2456002073B5002200210C2020
S21403062000F0C2FC002119480FF0C5F90125044665
S214030630164E84B120460CF024FAFF2805D1214635
S21403064030460FF0DCF90446F3E704220023009556
S21403065000F07EFCF3E721460D480FF0ACF90125C8
S21403066004460B4E0CB902B070BD20460CF009FAD6
S214030670FF2804D008220023009500F069FC2146D9
S21403068030460FF0BCF90446ECE700BF4C5E002092
S2140306904E5E00202DE9F84F10460E461746994643
S2140306A00AF0E9FB254A264B0021B0F5006F14BF7C
S2140306B09046984640460FF07EF94FF0000A0446EF
S2140306C0DFF880B00CB9BDE8F88FBC4228D12046CD
S2140306D00EF048FC857A80F80BA0013DEDB28572DA
S2140306E016B13F2E00D02DBB0EF02EFF054620463A
S2140306F00AF0C1FBB0F5006F4FF00002214615D19A
S2140307000F480AF03FFDFFF787FF28460EF017FF56
S214030710DBF8885025B14B463A4631460020A847B9
S214030720214640460FF06BF90446CBE703480AF030
S21403073029FDEAE7FFF770FFF2E700BF4E5E0020F1
S2140307404C5E00202456002000232DE9F34706467E
S2140307500F464FF6FF78284CDFF8A090ADF806302A
S21403076020460AF0A7FC054648B9294620460FF05E
S21403077022F982460EF0F6FB0389B34217D94C459D
S21403078001D1FFF749FF002120460FF014F9054673
S21403079007F1FF3A5FFA8AFAD5B94C4516D1BDF888
S2140307A00600FFF70FFF404602B0BDE8F0877B1E4A
S2140307B0DBB2FD2BD4D9294620460AF0C4FC2A46D0
S2140307C051460DF106000FF0FCF8C9E74C46C7E7A3
S2140307D0BAF1FD0F09D928460EF0C4FB03899B1B0B
S2140307E09BB2984528BF98460381294620460FF0BA
S2140307F006F90546D0E700BF4E5E00204C5E00209B
S21403080008B50EF08AFF0B4AFF2113881080C31A1F
S21403081098B2FFF799FF4FF6FF73014699420648D1
S21403082003D1BDE80840F2F7D1BFBDE808400EF09B
S21403083085BC00BF505E0020406E0020174B00288A
S2140308402DE9F041164D18BF1D460F4628464FF0BA
S21403085000010CBF4FF008084FF002080FF0ABF88A
S214030860044610B92046BDE8F08120460EF07AFB18
S214030870C37A064623B1214628460FF0C0F8EFE7B1
S21403088020460AF027FB424601463846EBF7AAF80D
S2140308900028F0D1B378002BEDD1E3E74C5E0020BF
S2140308A04E5E0020014B1860704700BF445700207F
S2140308B010B504460548F2F789FF0023044A13805F
S2140308C0044A1380044B1C8010BD00BF406E0020FA
S2140308D04E5E00204C5E00204A5E002008B50448A9
S2140308E0F2F784FCBDE808400248F2F77FBC00BF7D
S2140308F04E5E00204C5E00202DE9F34104468846F8
S2140309000EF00BFF324B074620461E880CF0B9F854
S214030910054620460AF0AFFAB0F5006F32D1FF2D38
S21403092006D00123042200932846002300F010FB80
S214030930B8F1000F1DD10EF007FE214605462548E7
S2140309400AF0BDFB28460EF0FAFD23480FF061F8C7
S214030950224BA8B31988711A17FA81F086B220467B
S2140309600EF000FB032306818372002002B0BDE86D
S214030970F0810EF0E9FD00222146054615480FF0EA
S21403098020F8DFE716480AF0CCFB04281ED8FF2D14
S21403099006D00123082200932846002300F0D8FA45
S2140309A0B8F1000F05D10EF0CFFD214605460C48E1
S2140309B0C6E70EF0C9FD0022054621460848DEE7D5
S2140309C0314605481F800EF0B9FBC8E71C20CDE76B
S2140309D04A5E00204C5E0020406E0020505E0020E1
S2140309E04E5E00202DE9FF4708460C460AF028FA1B
S2140309F000F4805820460AF0A9FA054620460AF075
S214030A007CFAB0F5404F1BD1B8F1000F14D029463D
S214030A100020FFF713FF054670B10EF0A3FA00237C
S214030A20404A81780446009218462A460193F1F715
S214030A30A5FF08B90123E372012004B0BDE8F087DF
S214030A4028460EF054FF81460EF0ACFCFF280746FE
S214030A5037D00125A0F12006C0F12003324925FA3C
S214030A6003F305FA06F61E438540D1E900232A431D
S214030A703343C1E900230EF0AFFC044638B13846D1
S214030A800EF0E8FC10F00C0F14BF01240024B8F19C
S214030A90000FD1D04FF0000A03A90120ADF80C9047
S214030AA0FFF7CCFE81460EF05DFA8046B9F1000FE3
S214030AB01ED1BAF1000F14D1FF2FBDD0002CBBD12D
S214030AC028E01A4B1B684BB148469847044628B1A2
S214030AD0B8F1000FB0D000252E46DBE7B8F1000FC3
S214030AE001D10020A9E7002501242E46A246D3E71C
S214030AF074B100230B4A8178009218464A46019344
S214030B00F1F73CFF002897D1012388F80B3093E7D1
S214030B10FF2F91D0064BD3E9001229433243C3E992
S214030B20001289E795060300D016002044570020DC
S214030B30C816002038B504460AF09DF90546204637
S214030B400AF0C8F9A5F50063044601465842584121
S214030B50FFF774FEB0B9B5F5006F01D0002038BDBD
S214030B6020460EF0C4FE0EF01DFCFF28F6D0064B02
S214030B7000B21B6833F8100000F4E260003818BFB8
S214030B800120ECE70120EAE7485700202DE9F74368
S214030B904FF000090746ADF804900EF05BFC10F02A
S214030BA00C0F29D04FF00208154D2B88A5F800909E
S214030BB0ADF806300DF106000AF07CFA044630B1B3
S214030BC0B8F1010F14D04FF001080E4DEDE72146A2
S214030BD00DF106000AF0B7FA06460BF052FFB842CC
S214030BE02246314614BF284601A80EF0EAFEE1E786
S214030BF0BDF80400FFF7E6FC03B0BDE8F08300BFD2
S214030C004E5E00204C5E00202DE9F04FDFF8208179
S214030C1085B0D8E9003213437CD105B0BDE8F08F28
S214030C2002EA040103EA0700014327D022EA04028A
S214030C3023EA0703C8E90023DAE9002304EA0205E6
S214030C4007EA030C55EA0C056FEA04006FEA07018E
S214030C5024D130460EF0FEFBC2070FD530460EF009
S214030C60E1FBDBF89C30002B45D11D46304600F0F7
S214030C70E5F8DBF884300BB12946984724197F4101
S214030C8009F10109284B5FFA89F61B78B342C4D9E8
S214030C90D8E9002352EA0301C2D1BEE702400B4063
S214030CA03046CAE900230EF0D5FBC307E6D51F4B33
S214030CB030461B6833F8163003F48873102B10D0B5
S214030CC00EF0B0FBDBF89C3013BB1D46012310224D
S214030CD000933046002300F03BF90020F1F7BCFDFB
S214030CE0C4E70EF09FFBDBF89C300125002BBDD03C
S214030CF00122039502E000252A460395039200216C
S214030D0030469847039A002AB0D0002DAED1DDE7CF
S214030D100025EDE74FF0000901244F46DFF814A045
S214030D20DFF814B0AEE700BF7A6F00204857002004
S214030D30D0160020C816002024560020F8B5034617
S214030D40084613B309B3402A1FD8114900260B607F
S214030D5010490027086010494FF0FF350A7000213C
S214030D600C460433914205DB00215200EAF7EEFA03
S214030D700020F8BDC3E9036703F8044C23F8024CCC
S214030D801D605D6001311833ECE72120F1E700BFF9
S214030D904C570020485700207A6F0020F0B5144CBB
S214030DA0DDE905672568EDB1F0B912480078884299
S214030DB01AD901EB41014FEAC10C05EBC10415F842
S214030DC0311011B92169C90710D4002005F80C00A9
S214030DD062801A6846F0010662605A68C4E90467CE
S214030DE0A260F0BD0220FCE72120FAE72E20F8E7F8
S214030DF04C5700207A6F00200E4B30B51A68A2B10C
S214030E000D4B1B78834212D900EB400002EBC00364
S214030E10C100002400200025C3E9044550544FF0C8
S214030E20FF3258805A609A6030BD0220FCE72120CA
S214030E30FAE700BF4C5700207A6F0020094B1B6867
S214030E4063B1094A1278824208D900EB400003EBEB
S214030E50C0031A69D20701D5588870474FF6FF704A
S214030E60704700BF4C5700207A6F0020094A03469C
S214030E70106870B1084A12789A4209D903EB430303
S214030E8000EBC303186910F0010002D0181D704769
S214030E90002070474C5700207A6F0020F8B50E4BA1
S214030EA005461C6834B128B100260C4B1F78F3B2F4
S214030EB09F4202D84FF6FF7009E008222946201DFC
S214030EC0EAF790FD20B92369DB0701D56088F8BDF2
S214030ED001361834EBE700BF4C5700207A6F00202A
S214030EE00C4B1B689BB14FF6F77291420DD80A4A1A
S214030EF01278824209D900EB400003EBC0031A695B
S214030F00D20704D50020598070472120704702205D
S214030F10704700BF4C5700207A6F00200A4A0346EA
S214030F20106878B1094A12789A420AD903EB430348
S214030F3000EBC300036913F0010003D0C3F30010F2
S214030F4070470020704700BF4C5700207A6F002080
S214030F5070B51C46124B9DF810601968D1B1114B41
S214030F601B78834218D900EB4000551E01EBC001E5
S214030F702543D1E9040301D0C5070FD52EB110438D
S214030F802343C1E90403002070BD20EA020023EADC
S214030F900403F6E70220F7E72120F5E72D20F3E721
S214030FA04C5700207A6F0020134BF0B51B6803B331
S214030FB000266FEA000C6FEA010E104C2778F4B295
S214030FC0A74201D80020F0BDD3E9044514F0010F71
S214030FD007D014F0020F04D132B104430D43C3E922
S214030FE0044501361833EAE70CEA04040EEA05055D
S214030FF0F5E70220E7E700BF4C5700207A6F002092
S2140310000B4B70B51B682BB100240A4A1678E2B264
S214031010964201D8002070BDD3E9042502400D4056
S2140310202A4304F1010403F11803F0D00120F2E788
S2140310304C5700207A6F00202DE9F0470026FF2743
S214031040B246164DDFF8588098F800305FFA86F9F6
S2140310504B4502D83846BDE8F0872B792F2B0FD99E
S21403106028460AF0C9FB2B796C7903F0070304F0D2
S214031070030483422CBFE4182418E4B2A24506D91D
S2140310805446B946A2464F4612350136DCE7288851
S21403109001F0A6F80028F3D1F4E700BFAC5B00200C
S2140310A0C66400202DE9F04F89B0814609F038FF69
S2140310B0029048460CF029F90024411C054689B2E3
S2140310C0484602F07FFBA246A346A046274600F00A
S2140310D01F00023500EB4000EAB27D4E50FA85F55C
S2140310E0EDB2AA4274D9DFF8FCA19AF8003033B106
S2140310F0A400E4B2B4FBF3F4042C08BF0324029860
S214031100F3F7C4FD054600283CD1FFF795FFFF28FB
S2140311105BD0704B05B2049018780AF054FB8742F4
S2140311202CBFE1192118002F14BF01230223684E98
S21403113005EBC50506EB450553FA81F328460393ED
S2140311400AF05AFB95F804C06B790CF0070103F01C
S214031150030388422CBF1B185B18039ADBB29A4220
S21403116033DA049A2FB921B19AF80030033B5B4572
S2140311702BDC104602990AF0E7FA05B205EBC50523
S21403118006EB45052B791E09002F00F081803946B2
S21403119028460AF05BFB032128460AF05DFBB8F1FC
S2140311A0000F09D1002E40F0868008F03AF8C0F30D
S2140311B00B0149480DF0C2FF6B79484623F0030341
S2140311C01C446C7109F041FEA87309B0BDE8F08FAA
S2140311D050D0424B49461B8807A8ADF81C304FF049
S2140311E000038DF81E3000230093032303920EF0B2
S2140311F07FFC9DF81E30BDF81C101B09039A18BF10
S21403120008F10108CDE9041318BF5FFA88F80392C2
S2140312100AF0C3F80499039A8842059B03D19DF804
S2140312201E7007F00F072E4890F800C016E016F859
S2140312300E0C10F0070003D00BF1010B5FFA8BFBCB
S214031240AA4207D036F812EC8E4503D113B108B183
S2140312500134E4B20AF1010A5FFA8AFAAA4206F1F5
S21403126012060BD1D4450FD916F80E0C10F0070052
S214031270E2D1EFE700234FF6FF71D4E736F8120CFE
S214031280884201D8D445D2D80332123ED2B228E7D8
S214031290022E14D95B0707D0394628460AF0DCFA33
S2140312A0B8F1000F81D087E7032128460AF0D4FA65
S2140312B0B8F1000F80D1062E3FF677AF7CE73146B4
S2140312C028460AF0C9FA58EA06063FF46EAF73E7F3
S2140312D0AC5B00207C6500201048002048E2040038
S2140312E0C66400203D6F00202DE9F0430823002448
S2140312F085B08DF808300646022301214FF6FC70B0
S214031300CDE9004402AA0BF0DCFFADF80A00D8B121
S2140313102746DFF8A080DFF8A09099F80020E3B214
S2140313209A4224D8BDF80A4020460BF0EEFF411C33
S21403133047F06002204689B202F058FA0022BDF850
S2140313400A001146F4F736FA07F06BFF184AC0F3A3
S2140313500B01137801F55A51013113B1013B89088A
S2140313601370304605B0BDE8F0430DF0E7BE18F83D
S2140313700E5C6F2D17D8404630F8123D2D01ADF8A0
S2140313800C300AF039FA05F0700528448DF80E0083
S2140313900123032203A90DF10A00F2F76BF90028D3
S2140313A0D2D10137FFB2013408F11208B5E700BF06
S2140313B0C2640020BE5B0020C664002010B5054C46
S2140313C02046F2F703FA2046BDE8104000210DF050
S2140313D0B5BE00BF104800202DE9F0432A4D87B064
S2140313E0F6F7F8FB2A7829492948FFF7A7FC0921CD
S2140313F02A782848E9F7AAFF0026244FDFF89C80BE
S214031400DFF89C902B78F4B2A34202D807B0BDE86D
S214031410F08304F582300B2203A900F5C070DBF7D6
S21403142029FE4FF6F670BDF814209DF81630511EAF
S21403143089B2814215D80020C3F3C003DB1840EB02
S2140314400001CDE90031214603ABFFF7A7FC0028D6
S214031450DCD14FF4805327F8143048F8240029F8D9
S214031460140004F5833001220DF10A0100F58070A3
S214031470DBF700FEBDF80A20064B01361A5580221C
S214031480054B1A55BEE700BF446F0020BC5D002025
S214031490F013002071640020B3640020B4460020DB
S2140314A0AE5D002010B50A4B1C780DF07BFFFF28BD
S2140314B00DD0012C38BF0124064A230232F810103F
S2140314C019B101EB1313A3EB111322F8103010BD5F
S2140314D07C650020AE5D00202DE9F047002506461A
S2140314E00F46AA46DFF84490DFF8448099F80030A8
S2140314F0ECB2A34202D85046BDE8F08720460DF072
S214031500A9FFC2070CD520460DF0A4FF830707D416
S21403151038F8143037B133434FF0010A28F8143043
S2140315200135E3E723EA0603F6E700BF446F00202E
S214031530BC5D002010B5084B084A1C780023D9B2BE
S2140315408C4201D8002010BD32F8021B013330EA6A
S2140315500101F4D10120F6E7446F0020BC5D0020B2
S214031560F0B50C464FF6F77187B08A4286461D469D
S2140315709DF8306002D9002007B0F0BD596818689E
S2140315800DF10C0CACE803002C49ADF814200978D7
S214031590A142F0D900218DF81660B61006F00206B7
S2140315A00191704621460096FFF7F8FB0028E2D12A
S2140315B0234B244A43F824009DF83830224E1B025E
S2140315C022F814304FF4A04304F582300B2226F899
S2140315D0143003A900F5C070DBF778FD9DF83430AE
S2140315E01A4913F0040F17BF0123194B0B5536F88E
S2140315F014300CBF1B7843F0080304F583300CBF8C
S2140316000B5526F814300122214400F58070DBF7D1
S2140316105DFD00210F4B104A1B782846234442F8F1
S2140316202310E7F713F80D4B1855284607F044FF29
S2140316300B4A01201378013313709DE7446F002093
S214031640B4460020AE5D0020BC5D0020716400201F
S2140316502D6F00203D6F0020E0450020B36400207E
S214031660C5640020054B1B78834206D90021044B32
S214031670044A1B78034442F823107047446F002043
S2140316803D6F0020E0450020074B084A18780023EA
S214031690D9B2884200D870471188013321F48051AB
S2140316A022F8021BF4E700BF446F0020BC5D002055
S2140316B030B585B004460D46E6F7C0FDA04202D815
S2140316C0172005B030BD20460DF0C4FEC007F7D581
S2140316D004F582300B2201A900F5C070DBF7CAFCC3
S2140316E09DF80E2001AB03CB69609107286030D4C8
S2140316F012F0080F0CBF042303232B722046FFF7B8
S2140317009DFB154B68811B5D20466B730DF08AFEAF
S214031710124A2873135D4FF47A7103F00F03AB7309
S214031720135D002013F00F031FBF03F1FF320223E4
S21403173093403C2218BF5343094A08BF0A2352F872
S2140317402420B2FBF1F29A422CBF00239B1A2B6192
S214031750B7E70223D1E700BFB3640020716400201B
S214031760B4460020F8B51F4E04463378834237D07C
S214031770FFF764FB4FF6FF77B84231D0204634704C
S214031780FFF704FA2046FFF759FB054609F005FE66
S214031790012301461A4628460BF050FF2046FFF762
S2140317A02BFB0546E0B9104A1378013B1370F4F798
S2140317B0B5FB294620460BF0C8F980220B4B204682
S2140317C023F814500A4B1A550A4B23F8145009F001
S2140317D06FFD2A46394611200EF052F8FF23337068
S2140317E0F8BD00BF7B6F0020C5640020BC5D0020F1
S2140317F0B3640020AE5D00202DE9F04F0E4615467B
S2140318004FF000098BB01F469DF854309DF850A04A
S214031810DFF84CB1049005939BF800205FFA89F437
S214031820A24207D84FF6F7739D421CD817F0020B57
S2140318303FD01AE02046FFF701FB804604F58230CE
S2140318400B2207A900F5C070DBF714FC4FF6FF72F6
S2140318507EB9904516D14FF6F7729DF8263095421D
S21403186003F0EF0311D94FF6FF7528460BB0BDE81A
S214031870F08F904506D00822304607A9EAF7B2F85B
S2140318800028E8D009F10109C6E79F4207F00208DD
S2140318902CD0F3F70FFC002857D12D4B2D4A1B787D
S2140318A0234412F823B020460BF070F9B8F1000F6A
S2140318B0DBD1E6F7C3FC284B1B788342D3D0002149
S2140318C008460DF03FFDFF280446CCD0059B014695
S2140318D0CDE901A32A46334604980097FFF740FE56
S2140318E00028C0D0F4F71AFBD8460FE02046FFF7CF
S2140318F0A5FAA842CDD1B8F1000FB6D13046E6F727
S214031900A5FE164B1855304607F0D6FD5146204621
S2140319100BF0EFF82046FFF791FA054609F03DFD78
S21403192000230146012228460BF088FEF3F7C2FB8C
S21403193028B9074B074A1B78234442F823802046DE
S2140319400BB0BDE8F04FFFF779BA4FF0000BAAE7EC
S2140319503D6F0020E0450020C5640020B3640020EE
S214031960446F0020F8B50026104F3C78F5B2AC4221
S2140319700FD800250E4B6400224629460D481D70DD
S214031980E9F7E4FC22462946BDE8F8400A48E9F7A9
S214031990DDBC2846FFF7FAF8002128460BF0D5F8F9
S2140319A02846FFF729FA0136DFE700BF446F002019
S2140319B0C5640020BC5D0020AE5D0020024B802184
S2140319C01A780248E9F7C2BC446F0020B3640020CB
S2140319D038B50DF0E7FCFF28044616D00B4D35F856
S2140319E010301B0711D50A4B0A491B7801220B54EA
S2140319F0014400F5833000F58070DBF767FB35F8AC
S214031A00143023F0080325F8143038BDBC5D0020DD
S214031A102D6F0020716400202DE9F04F794B0546A9
S214031A201B788946022B17468BB004D00026304617
S214031A300BB0BDE8F08F0EF054F806460028F5D13B
S214031A404FF6F9739D4262D04FF6F8739D4276D0F7
S214031A502B0A28460DF11E018DF81C308DF81B50FD
S214031A60F2F708FC002814BFB0464FF02008B34630
S214031A7014BF06230E23022229463846039300F09A
S214031A80EBFC01220446039B002840F0B880DFF8F5
S214031A9080A18DF818209AF800204946CDE9000069
S214031AA08DF81A208DF81D0006AA4FF6FC708DF8E7
S214031AB019800BF006FC81460028B7D009F06DFCB0
S214031AC0B8420FD0484609F0C8FA394604300DF03C
S214031AD010FF384604A90AF0C3FF70B1484604A9AC
S214031AE00BF07DFC484B1B78033B012B2BD84FF6A2
S214031AF0FF7148460AF086F806469AF80030FF2B30
S214031B000EBF01230133DBB28AF800308FE74FF0B4
S214031B1008084FF0200B3C4B1B78033B012B85D961
S214031B2009F03BFCB84281D109F037FCFC238DF861
S214031B301B30FF2305468DF81C3006239BE74FF02A
S214031B401008C346E7E70BF0EAF880460028D4D02F
S214031B5009F023FCA8422DD12C4B1A7852BB032143
S214031B604846F3F727FE0028C7D09AF80030A8F8AF
S214031B70007088F80430002388F8053088F80830A9
S214031B8009F00BFCA84202D1204B1B7853B109F095
S214031B9004FCB84206D12CB1237923F0030343F0A7
S214031BA00103237100224FF6FF710C200DF068FE2F
S214031BB00126A2E75946284608F1070200F078FCFA
S214031BC00446002899D0002203214846F3F7F2FD85
S214031BD00028CAD1237903F00303012B8DD109F022
S214031BE0DCFBA84203D1094B1B78002B85D0237955
S214031BF043F0030323714FF6FF7323807DE71646F6
S214031C0015E700BFCC640020CD6400207C6F002065
S214031C109C65002037B50E4B05461B780C46033BE8
S214031C20012B11D9E6F72EFB01280FD0821E534253
S214031C305341590128460DF1070200F039FC18B14B
S214031C40002144800BF052F803B030BD1021F1E7B9
S214031C50CD6400202DE9F0438BB0857AB0F806906A
S214031C6004460E46174609F098FB8145804605F064
S214031C70400541D10021608809F0D3FD0246002EBD
S214031C8044D1082304A9C14501EB03060CBF23492D
S214031C9002A90868496803C6A2B3022100268DF884
S214031CA0172001228DF81010217A45F020058DF8B3
S214031CB01210A18808338DF81310090A8DF8141032
S214031CC0E188CDE900268DF81510090A8DF816105F
S214031CD06088314604AA8DF811500BF0F2FA0546D7
S214031CE080B1618809F0F0F879003246284601F0A1
S214031CF0FE01F3F75FFD06E0E08802A90AF0B0FEF6
S214031D000028B7D100200BB0BDE8F08330687168B7
S214031D1006AB03C345F010051023B3E74F65002059
S214031D202DE9F74389461E460746904609F095F97E
S214031D3000210446304609F074FD054609F1070103
S214031D40384601F02DFD7DB1B8F1000F02D10378BE
S214031D501D44EDB2057063781A0716D569463046FA
S214031D60F2F788FA024618B1002003B0BDE8F08304
S214031D700821684609F0A3FA0028F5D120460BF09F
S214031D8001FB08226946E9F733FB09F006FB014627
S214031D90201D0DF0AEFD6378DB0603D538460C49EF
S214031DA00BF01DFB3146A01C0DF0A3FD3146384653
S214031DB009F08AF8074A13780133DBB21370E3712C
S214031DC0A3790BB10120D0E70123A371FAE700BF83
S214031DD04F650020CA640020FF232DE9F04F8FB023
S214031DE08146164605918DF822301AB301230BAAB5
S214031DF00AF0EFFE9DF836500446EF0625D5002779
S214031E00059BBDF8308003F108024946D2B2082389
S214031E10009709A8CDE909770DF06AFE3A464046D1
S214031E2009A9F8F7A5FC002840F08C80A90627D559
S214031E3010220DE013460BAA0AF0CBFE9DF836508F
S214031E400446A80663D5062202E0AA0618D5082289
S214031E5000230599BDF832700A44CDE90933494693
S214031E600093D2B2082309A80DF042FE384686F046
S214031E70010209A9F8F77CFC002863D1002E46D09E
S214031E80BDF8307009F089FA874249D038460DF01C
S214031E9028FE8046002E45D1BDF82EB000215846B8
S214031EA009F0BFFCBDF82C300390184606930DF0DE
S214031EB018FE064609F071FA069B834242D0B64BDB
S214031EC01B78033B012B3DD915F04003049339D10E
S214031ED0039B0BB9002E35D09DF83570039B05F098
S214031EE018051F44FFB2082D8DF835706CD12023DA
S214031EF00493002C40F041810AF011FF054608B315
S214031F00002E40F0B28033460126B24674E0BDF898
S214031F10327009F042FA8742B8D14FF00108BBE7A6
S214031F204FF00108002C43D09C4BE279678803EB03
S214031F30C20633F83220BDF832309A4205D04FF647
S214031F40FF7323800FB0BDE8F08FBDF82EA0B8F165
S214031F50000F08D0002130460AF0C8FEA6F802A0FB
S214031F600AF0D6FBEEE7BDF830000AF0C7FE0546DA
S214031F70414630460AF0BAFEA6F802A0884E2DB1B6
S214031F80414628460AF0B2FE63886B800AF0C0FB1F
S214031F903378002BD6D03B46002248460599FFF7F8
S214031FA0BFFE0028CED03946484609F02BFEC9E7C7
S214031FB00AF0AEFB7A4B1B78002BC3D0B8F1000FA8
S214031FC0C0D14FF6FF77E6E7102D01D1049590E7D1
S214031FD0B8F1000F8DD1002C3AD0C2460021BDF8CF
S214031FE032000DF1220200F063FA03460028A9D05E
S214031FF0002E40F0CA8025460499BDF830000DF146
S2140320002302079300F054FA044600289AD0644A41
S214032010079B1278002A78D0BAF1000F26D1024621
S2140320202C466179B9427ED92546A4F802B0677179
S2140320301446002B00F09E809DF82230EA799A42DF
S21403204000F09880002E40F08E80EB7100253FE074
S2140320500AF065FE044600283FF474AF4FF0010A09
S214032060BCE7002201261346DBE70126B8F1000F82
S2140320701ED107F0D6F87E23B0FBF3F202FB130063
S21403208005993A4605315FFA80FA484601F0AEFBF9
S2140320904FF6FF71484608F017FF039B032B2CD916
S2140320A0AAF17E0A022148465FFA8AF2F3F782FB18
S2140320B0069BA5F802B02B809DF834306F712B7108
S2140320C000232B72002E42D19DF82230EB7101259E
S2140320D0B8F1000F3FF436AF484609A90BF05FF995
S2140320E000283FF42FAF2A4609A90BA8FFF7B2FD35
S2140320F028E7002625463446BBE7039B012B94BFFF
S2140321000AF1020A0AF1420ACCE7BAF1000FCFD16C
S2140321106979B94209D9A5F802B06F71002B8BD142
S214032120002E93D024E025461446049A002A3FF452
S21403213009AF8F427FF406AF039307F072F8830765
S2140321407FF400AF039BA5F802B06F7171E7FF231E
S214032150EB71002CBBD001252379A4F802B023F041
S21403216003032371B4E7FF23EB71002C3FF46EAF38
S2140321700025F1E7002CD3D168E7002E7FF471AF7A
S214032180B24625460126534636E7BAF1000FB0D1CC
S2140321905646524645E700BFCD640020265D002024
S2140321A0436F002070B50C4B4FF6FF751C78002369
S2140321B002460A489C4201D1002005E00688964262
S2140321C006D1AA4201D10B7070BD8679002EFAD0D3
S2140321D001330830DBB2EDE7426F0020265D0020B6
S2140321E0002210B50A4B1C780A4BD1B28C4201D898
S2140321F0002010BD5988814204D11979890701D17D
S214032200997911B108330132EFE70120F1E700BFF6
S214032210426F0020265D002010B5084B01461C784F
S2140322200023074AD8B2844201D8FF2010BD91424A
S21403223003F10103FAD00832F4E700BF426F00202F
S214032240265D002038B50446FFF7E6FFFF2805465F
S21403225003D13F210B480DF06CFA4FF6FF7320466F
S2140322602380A37103210AF041FD074B07481A7820
S21403227000210732D21002FB0500BDE83840E9F71B
S21403228065B800BFD5950400446F0020A264002003
S214032290F8B504460026124D124F3A78F3B29A4226
S2140322A009D800224FF6FF710F4B1D780F4BD0B2A3
S2140322B085420BD8F8BDFF2C02D0AB79A34202D1DE
S2140322C02846FFF7BFFF08350136E6E7FF2C02D0A6
S2140322D0187AA04201D1198019720A330132E6E74F
S2140322E0265D0020426F0020416F0020FE5C002028
S2140322F0FF28F8B504462CD0164B1B78834203D828
S214032300802115480DF015FA4FF6FF75134A32F87B
S214032310341002EBC4000379A94203F0030318D078
S214032320012B16D100220E4B1F780E4BD6B2B742A6
S21403233003D8BDE8F840FFF785BF1E88AE4205D038
S21403234093F807C0A44504D0B14202D00A33013241
S214032350ECE7F8BD426F0020D5950400265D00200B
S214032360416F0020FE5C00202DE9F74304F01CFAC1
S214032370324B1B78033B012B21D9314B1D88451B60
S214032380ADB2E5B118804FF6FF7700202D4A1378DB
S2140323902B44C3F3C81403F07F0313702A4B2B4A52
S2140323A01E78C3B29E420DD800264FF6FF77284C00
S2140323B0DFF8A09099F80020F3B29A4216D803B03B
S2140323C0BDE8F0831388BB420DD0137999070AD171
S2140323D004EB9311022928BF022103F03F0389B2BD
S2140323E043EA8113137108320130DAE734F80A8CB2
S2140323F0B84506D014F8043CAB4205D95B1B04F879
S214032400043C01360A34D5E708F0C7FF804534F8A4
S2140324100A3C04F8027C24F80A7C09D018460DF11D
S2140324200701FFF7BFFE18B19DF80700FFF760FF2F
S21403243014F8030CFFF75CFFE3E700BFCD6400204E
S214032440525E00209D650020426F0020265D00201E
S214032450085D0020416F0020F0B500244FF6FF779B
S21403246003461048DFF844C006780F48E5B2AE428C
S21403247001D800200FE005889D4210D13AB1012A09
S21403248016BFC57905793CF83550A94207D1BB423A
S21403249002D114238371F0BD057A002DFBD00A30D8
S2140324A00134E3E7416F0020FE5C0020265D002038
S2140324B0F8B50D46114607461646FFF773FE002885
S2140324C036D102464FF6FF7C1E4B1F4C1978D3B20B
S2140324D0994206D800231C4C8B4221D1F8BD083400
S2140324E0F5E7B4F800E00132E645F8D1337001238E
S2140324F0278023710021A17165B1144B45F00805AF
S2140325001A782571D31DDA103078114B02FB003090
S214032510E8F71CFF2379204603F03F032371DDE72A
S21403252022799209022AE1D001330834DBB2D3E7D9
S214032530037904469A071EBF23F0030343F00103FF
S2140325400371D7E7426F0020265D0020446F00200A
S214032550A264002073B50DF107010546FFF722FEBE
S21403256040B103799A0705D113F0300404D043F041
S2140325700303037102B070BD28460AF0C7FB094B7C
S2140325804FF6FF711D7823469DF80760064AD8B2BA
S2140325908542EFD9D0790133B04204BF118011725E
S2140325A00A32F4E7416F0020FE5C002030B50A4B88
S2140325B0CC081B78094D0733DB1000FB03400123CF
S2140325C001F007018B402C5CDBB212B11C432C5488
S2140325D030BD24EA0304FAE7446F0020A264002017
S2140325E070B50B4B04461B78834204D840F24B214C
S2140325F008480DF09EF80025074E3378E8B283426C
S21403260000D870BD00222146FFF7D0FF0135F4E75E
S214032610446F0020D5950400426F0020FF2810D099
S214032620FF290ED0084BCA081B7801F007010733B1
S214032630DB1000FB0323054AD05CC84000F0010012
S21403264070470020704700BF446F0020A26400203C
S2140326500148F0F7CBBD00BF545E00202DE9F047DC
S2140326601E464D4B8CB01B681546074688469DF89C
S214032670509003F0080A08F090FEA8423FD1B9F143
S214032680000F14D06EB9ADF806603D46042422460A
S214032690414628460AF0D6FB00F001000CB0BDE820
S2140326A0F0870023ADF806303D4606243AE0384668
S2140326B00CF078FEFF28044605D0F2F7FBFC10B1B9
S2140326C02046FEF7CFFF96B10023ADF80630F8F7A5
S2140326D0FDF80028E8D0062440460DF1060202A9BC
S2140326E009F044FDD8B94046F8F7F8FA17E0ADF814
S2140326F00660F8F7EBF80028C7D00424ECE73EB3EF
S214032700BAF1000F2ED000230B24ADF80630B9F132
S214032710000F0AD1F8F7DAF82F460028DCD13D4639
S214032720002EB4D0BAF1000FB1D004F00402414633
S21403273042F0110228460AF085FB22460646414629
S21403274028460AF07FFB002814BF30460020A3E784
S214032750BAF1000F14D00124ADF80660B9F1000FEA
S21403276095D1D7E70B24284602A9F1F783FD074640
S21403277068B902A807F0C4F920B9ADF80600EDE77A
S2140327800124F0E744F00204ADF80670E6E7002300
S214032790ADF80630E2E700BFA44800202DE9F04775
S2140327A01E46744B8CB01B7807460D461446DDF860
S2140327B05080002B3ED008F0F0FD30B36E4B1B6804
S2140327C0980722D44FF6F7739C4233D843463A46CB
S2140327D031462046FBF7F2FE08F0DFFD854200F0A7
S2140327E0C5803046FEF75AFBA04203D10CF0DAFD53
S2140327F00AF0CCF9BA1E534253412946002220461A
S2140328000CB0BDE8F0470AF019BFE7B1F91ED1F1E5
S214032810000949EB01094FF6F7739C4216D90321C9
S214032820204606F00FFD03233A4631462046009520
S21403283006F0F7FD08F0B1FDA84200F097804FF6CA
S214032840FF739C42CBE74FF00109E4E72B463A4679
S2140328503146204604F02DFC2146CDE900082B46E0
S2140328603246384607F09CF980460146204606F075
S214032870E9FCB8F1000F61D1B9F1000F12D10023C2
S2140328803A4631462046009506F0CBFD88F0010314
S2140328902A4631462046CDF8009003F00103FFF7A1
S2140328A0DDFE99E7002FEAD003AA9246334B03F1E5
S2140328B0100E9446186859680833ACE8030073454D
S2140328C06246F6D107A806F008FE0323306871684F
S2140328D08DF81C3008AB03C39DF8293007A843F0D6
S2140328E002038DF8293006F023FF90B13068716833
S2140328F008AB03C3042307A88DF81C3006F018FFA3
S21403290038B1022307A88DF81C3006F011FF002803
S214032910B5D1514607A806F04BFF0028AFD0F4F711
S21403292095FB0028ABD103233A4631462046009553
S21403293006F077FD08F031FDA84250E743463A46D5
S21403294031462046009506F06CFDB8F1010F9DD088
S214032950B8F1020F7FF440AF284607A9F1F78AFCC7
S21403296020B93246284607A90AF033FA0CB0BDE868
S214032970F08700BFC8640020A448002052E2040089
S214032980044B1A880AB100221A8000210846F9F778
S214032990ABBF00BF545E002000232DE9F0478EB086
S2140329A004460D46CDE903334F7808F0F6FC50B1E4
S2140329B0B64B1B689A0706D4092103A806F0E9FC60
S2140329C00EB0BDE8F087204603A9F1F753FC064690
S2140329D0002840F05781022F3DD0042FECD1E5F7B5
S2140329E039FC002846D0E5F735FC022840F0228162
S2140329F00DF12408334632464146304607F007F8C1
S214032A00012103A89DF8255007F0F4F82840FF2875
S214032A1000F0348105AD284608F05CFC002840F041
S214032A202F8195E80F0088E80F003A46414603A831
S214032A3006F027FF0246002840F02081032303A95F
S214032A40CDE9005320463B46FBF77EF900280CBF32
S214032A5013210621B1E78D4B1B689B07ACD40235C7
S214032A60082229468A48E8F7BDFF0028A4D0E5F7E0
S214032A70FDFB08B91121A0E7864B874E1B78FBB9EF
S214032A80FFF77EFF3088002860D103AF294638461B
S214032A9006F021FD002800F0CA8028460DF10A0141
S214032AA0F1F7C2FB40B90DF1240A504608F012FCB8
S214032AB08046002800F08780FFF762FF0F217CE73F
S214032AC03088002842D101460CF0C0FA3080002836
S214032AD03AD001230822304603A9F0F7CBFD98BB72
S214032AE00123082229463046F0F7C4FD60BB0123C4
S214032AF00222694809A9ADF82440F0F7BBFD034656
S214032B00308823B1002848D04FF0100920E00CF09D
S214032B1045FA61490746204601F0CAFC30880CF0A6
S214032B203DFAFFB2874209D1FF238DF824300123F3
S214032B3059481A4609A9F0F79DFD28B90021012036
S214032B40F9F7D2FE0C2138E73088DBE74FF00709A8
S214032B500CF008FA074630880CF004FA3488112182
S214032B6000F10808204600F02DFE1021824620467C
S214032B7000F028FE0822044603A94046E8F732FF81
S214032B80002840F08180082229463846E8F72AFFC5
S214032B90002879D1B9F1070F01D010210DE704EB16
S214032BA00A244546A4B271E730884FF0010828B1DD
S214032BB0122100F007FEFF2881461ED12A46B94699
S214032BC02046402304E03A46A9464346BDF80A0099
S214032BD043F00303CDE900A349460323FBF7B4F808
S214032BE000283FF469AF0721484606F0D2FBB8F148
S214032BF0000FD9D0FFF7C4FEE2E6002108460CF02A
S214032C0025FAADF8140048B1204605A901F050FC9A
S214032C10BDF814000CF0C2F90028CFD1142300939A
S214032C204A4639462046338801F0FAFBC6E7FFF7E3
S214032C30A7FE1FE7E5F70EFB012801D00621BCE639
S214032C4005AD324633462946009603A8F9F75EFDDE
S214032C50024608B10A21B0E60C4B20461B6803A9BE
S214032C605B0003F0040343F00303CDE900533B4644
S214032C70FBF76AF80028E1D113219EE605219CE6BE
S214032C8012219AE60B2198E60E2196E6A448002028
S214032C904F6500206C640020545E0020012330B58D
S214032CA00D4C85B022788DF80430D5188DF80520A4
S214032CB00E228DF806200A682570CDF807204A688C
S214032CC001A9CDF80B200B22F0F7D4FCB0FA80F064
S214032CD0400905B030BD00BFC9640020014B187819
S214032CE0704700BF9E650020142230B58BB00546A2
S214032CF00DEB02011548DAF7BDF910BBBDF8143029
S214032D00DA0720D413F0060FC3F3410208BFC3F358
S214032D1041220F4B0DF116019C5C68462246E8F7EC
S214032D20A5FCBDF8263004F128026A4402F8283CC4
S214032D3002341B0A02F8273C69462A46E0B209F029
S214032D40F2F90BB030BD2320FBE700BF703214E06E
S214032D5062E2040010B58AB0ADF826200022CDE961
S214032D60052204920CAA02924FF6FF720446AC2187
S214032D7001200192064A039004FB0122603200926E
S214032D804CF620010DF126020AF07EF80AB010BDBB
S214032D902456002000B58BB0ADF824309DF83030B3
S214032DA003208DF82630002303900A4909A8CDE9AD
S214032DB00130CDE90533049301F160030093B1F8C4
S214032DC05C3002204CF660410AF05EF80BB05DF80A
S214032DD004FB00BF2456002010B54FF6FF741E4AAE
S214032DE08AB0B2F86800B2F85E10A042ADF82600CA
S214032DF0B2F85C304FF6FD70ADF8241018D081425F
S214032E004FF0000094BF48F660014CF66001CDE930
S214032E100500CDE90300CDE9010094BF09AA60329D
S214032E2000920DF1260204200AF02EF80AB010BD17
S214032E3081424FF000008CBF603209AA00928CBF1B
S214032E404CF6604148F66041CDE90500CDE9030044
S214032E50CDE90100014AE6E7245600208E560020FD
S214032E6000B50E4B0022B3F85E308BB0ADF82430BD
S214032E704FF6FF73CDE90522CDE90322CDE9012202
S214032E8009AA00924FF400610DF126020720ADF85F
S214032E90263009F0F9FF0BB05DF804FB245600203A
S214032EA030B58BB08DF825301B0A8DF826300023FD
S214032EB00D4991F85840CD6DB1F85C00CDE9053366
S214032EC0049307236031039308ABCDE90103009114
S214032ED04FF6FF734CF62041082008958DF82440E2
S214032EE009F0D2FF0BB030BD2456002070B54FF664
S214032EF0FE76294C1D46B4F85E10B4F85C30B14239
S214032F0094F85C00A2B04FEA132321D14FF440415A
S214032F106034ADF808108DF80B008DF80C3003CC38
S214032F200DF11504CDF80D00CDF811102270120A1C
S214032F306270002211461046A270E270ADF80620B9
S214032F4008F069F8ADF8060090B9002022B070BD0D
S214032F504FF400448DF80D10090AADF808408DF8BB
S214032F600B008DF80C308DF80E100DF10F04DDE715
S214032F70043402A9621A012392B20DF10600F0F797
S214032F8079FB0028E1D1BDF806002A4601210CF0A2
S214032F9035F8BDF80600D9E724560020202A10B5D8
S214032FA0144614D8012A04D10C88B4F5004418BF7B
S214032FB00124620030B10748E8F71AFA064B0020EE
S214032FC01C7010BD0548E8F713FA054BF7E72120F8
S214032FD0F7E700BF565E00209F650020965E002040
S214032FE0A06500202DE9F047104617460CF07FFC3D
S214032FF0DFF814A1DFF814919AF8003099F800204E
S2140330000546134302D10020BDE8F08710F440685C
S21403301000F0400619D186BBB0F5804F5CD24FF462
S214033020807400239AF80000344AD9B288425DD8E7
S214033030002399F80000324AD9B28842E3D932F81D
S214033040021B0133A142F7D155E0F81C0CF04FFCEC
S2140330504FF6FF73984214BF0124022486B1052657
S21403306005F44043B3F5004F44F0080424D0B5F507
S214033070804F23D244F4807420E044460326EFE7CF
S214033080B5F5804F4FF00506F4D3B8F5406F14BF7F
S21403309002200820304438440CF029FC194B05F470
S2140330A04045B3F85C3083420CBF44F0080444F058
S2140330B00404B5F5004F01D144F08004B8F5006F61
S2140330C00ED1B8190CF013FC0E4BB3F85E308342E6
S2140330D0A7D144F01004A4E7444603260220D9E708
S2140330E0B8F5406F08BF44F020049AE732F8021B95
S2140330F00133A14299D1012086E700BF965E0020E6
S214033100565E002024560020A06500209F65002000
S2140331102DE9F04F104685B0164698460CF0E7FBAF
S2140331205D4F00F00803B7F85C10044600F007098B
S214033130F01C02930391B7F85EB00CF0D8FB06F1CF
S214033140050A054650460CF0D2FB03464FF6FF70C1
S214033150854218D00399A1EB050CDCF1000545EB7D
S2140331600C056D004FF6FF718B420ED145F004053A
S2140331700CF0C8F9029B6BB1B9F1000F11D04220D5
S21403318005B0BDE8F08F0125ECE79B4508BF45F089
S2140331900805EDE7B9F1030FF1D8DFE809F0021BE4
S2140331A0795D0CF0AFF908B9A807E8D524F0080450
S2140331B0A4B2B4F5004F05D0B4F5624F02D0B4F50F
S2140331C0404FDCD10025294697F8A820002007F0B9
S2140331D022FF3CE0D7F88030E3B9002132460846A8
S2140331E0FFF700FFD8B948F6410224F038039BB234
S2140331F09342C4D10A2D49D0062DC0D197F8773013
S214033200023B012BBBD8EEF7AFFF0028B7D140F641
S214033210040505E04146304698470028DDD00825DA
S214033220E20648BF45F08005A30648BF45F480552F
S21403323005F00C03042BC6D1F01D0CF058FB97F8D1
S214033240A8303246009341462B4607F0B9FE08B332
S2140332500E9B1880002093E7A90705D14FF6FF734E
S214033260B7F85C209A428AD104F44063B3F5006F42
S2140332700AD0B3F5406F82D1082250460749E8F7D3
S214033280B1FB00287FF47BAF0C25C9E70425C7E70D
S214033290432075E7192073E7245600208456002040
S2140332A0034B1A781AB1FF2A04BF00221A7070471C
S2140332B0A265002070B5084C084E2378F55C1DB156
S2140332C03E2107480CF035FAFF2223782846F254AD
S2140332D00023237070BD00BFA1650020A2650020F7
S2140332E0E3950400034B044A1B78D05CFF3818BFF1
S2140332F001207047A1650020A26500200023074A2D
S21403330007491360074A1360074A1360074A1160A8
S2140333100121074A1170074A136070475C57002063
S21403332013D003005857002054570020606E002027
S2140333307D6F0020645700200E2A70B50C460646A3
S2140333401546194603D9FFF7D9FF502070BD01284B
S21403335007D10020EEF722FFB0B1FFF7CFFF212001
S214033360F4E780220021224B1A70224B1960224B6D
S2140333701B684BB134200BF069FE204B188018B93C
S214033380FFF7BCFF0120E1E724F0FF6323F4FF23EC
S2140333901BB1FFF7B3FF4F20D8E774B92046EEF70B
S2140333A017FF0124032510F0800F43B21BBF00F064
S2140333B01F039C409C4044F078440020104B24F0AC
S2140333C078441E700F4B10491D70104B1C60104B39
S2140333D01870104B1A68EFF797FA18B1FFF78EFFBD
S2140333E00420B3E79DF810200B4B1A70AEE700BF1E
S2140333F0A36500206057002054570020D65E0020A7
S214033400A8650020A6650020FD360300645700204B
S214033410A76500205C570020A46500207FB5244BD9
S21403342000251A7801232348234903FA02F2007879
S2140334301A440A60ADF80E5020B3984236D11F4C9A
S2140334401F4B20781B680DF10E0198471D4EBDF8E3
S2140334500E20307092B11C4B294600932846022357
S2140334600195EFF78BFA3278237822B1012A12BF3F
S2140334701B230133DBB2237004B070BD013818BFC1
S2140334800120F0E778235A43013A0A6008220F49DD
S2140334900BF022FD0B49094A0978137821B101295B
S2140334A012BF1B230133DBB21370E5E71846E3E7CD
S2140334B0A6650020A865002068570020A7650020A1
S2140334C0606E00207D6F00203937030091F40300FF
S2140334D0024B1868003818BF012070475457002065
S2140334E037B505461C460CF00DF868B974B1084BA1
S2140334F01A60084B0A461C600123294600930323DF
S214033500FFF71AFF03B030BD4D20FBE72520F9E790
S214033510505700205857002013B504460BF0F2FF0F
S21403352058B962B1074B1A6001230A460093214635
S2140335300323FFF701FF02B010BD4D20FBE7252054
S214033540F9E700BF545700202DE9F0410446DDE9B2
S21403355006861D469DF820700BF0D4FF88B99EB1F1
S214033560A2B10B4B01201A600A4B0A46C3F800802F
S214033570094B21461E602B460697BDE8F041FFF730
S214033580DBBE4D20BDE8F0812520FBE72120F9E7CF
S214033590606E00205C570020585700200148EFF764
S2140335A025BE00BFD65E00202DE9F0410020EFF7D0
S2140335B019F9114B114C1E68114B20881D68114BCD
S2140335C0114FD3F8008010B13978EFF7E9FF0020E8
S2140335D03870FFF793FEEFF723FC0EB14046B04773
S2140335E03DB12088A84700232380BDE8F0410CF0B6
S2140335F01BB9BDE8F08100BF58570020D65E0020F7
S2140336005457002064570020A9650020F8B52F48BA
S214033610F0F7DCF82E4B187830BBEEF7D9FD2D4FBC
S21403362006463B6803B32C4B2C4D1C6824B195F916
S21403363000301A461946A047294B1B6883B1294C0C
S2140336402378312B0CD8284B18880BF08BFC237867
S2140336505A1C22702A78C25423785A1C2270C654E5
S21403366080232B7000233B60204C23781A2B22D810
S2140336701F4A1278012A09D100211E4A156825FA25
S21403368003F0C007DAB20ED501B122700020EEF7C0
S2140336909FFD2178884212D10022174B1A70FFF73C
S2140336A0BDFE40B9F8BD0133D8B21A284FF0010168
S2140336B0E5D90A442270BDE8F840FFF775BF00203D
S2140336C0EEF798FD0028E7D0F5E700BF646E00200C
S2140336D0A86500206057002050570020A3650020EF
S2140336E054570020A9650020D65E0020A765002059
S2140336F07D6F002064570020A565002008B50B4B9E
S214033700187880B90221EEF737FD094B1B782BB1E9
S21403371000214FF6FF720846EEF710FDBDE808409D
S2140337200448FFF773BF00210846ECE7A8650020AE
S214033730A4650020646E002038B5144B0C461D7833
S214033740012D21D181B90846EEF742FD104A05FA4C
S21403375000F013680F4923EA0003136020462A4645
S214033760BDE838400BF0B8BB0B4A13780133DBB225
S214033770022B137004D9BDE838400848FFF746BF4C
S214033780FFF74CFE0028F6D138BD00BFA865002021
S2140337906457002091F40300A5650020646E0020A2
S2140337A038B50C4605460BF0F9FBA04203D82D218D
S2140337B003480BF0BEFF28460BF0D4FB204438BD6D
S2140337C0F795040070B506460D460BF0CBFB044692
S2140337D048B130460BF0E2FBA84203D83521024835
S2140337E00BF0A7FF605D70BDF795040070B50C463F
S2140337F0064615460BF0D2FBA04203D83E210448EA
S2140338000BF097FF30460BF0ADFB00B1055570BDCE
S214033810F79504002DE9F0431E46574B8FB01B78EF
S2140338200746033B012B0C4615469DF8588007D8E0
S214033830F4F718FA20B1F0F71DF908B144F4005470
S2140338404E4B1B7813B924F40074A4B2200509D593
S21403385046B9284604A9F0F70DFD002846D024F4FF
S2140338600064A4B2ADF81840ADF81A5007F095FD01
S214033870434BADF81C00B8F1000F02D01A7842454E
S21403388001D293F800803F4AE105137848BF0DF153
S214033890210103F10103DBB2137058BF08A9220507
S2140338A08DF81E808DF81F3006D53368083141F831
S2140338B0083C736841F8043CE30407D5324A0831F0
S2140338C0136841F8083C536841F8043C0DF11808A6
S2140338D0A1EB08005FFA80F9002148460BF0B6FB1F
S2140338E0064628B900200FB0BDE8F08304AEB9E75A
S2140338F00BF038FB41464A46E7F7B8FE30460BF076
S2140339004DFB804630460BF02DFB0023024600930A
S2140339104FF6FF7004235FFA88F107F051FBADF80A
S2140339200E000028DED040F201131C421AD14FF6D7
S214033930F7739D4216D80BF031FB0DF10E010446CA
S214033940284600F0B5FDBDF80E000BF027FBE4B2E9
S214033950A04207D9BDF80E0007F07FFB437843F07B
S21403396004034370BDF80E003A4601210BF046FBF4
S214033970BDF80E00B7E700BFCD640020C864002082
S2140339802F6F0020CA6400204F650020F0B5082979
S214033990D58889B028D00C2926D0AE0424D405F0C7
S2140339A040030B43424C267816B105F0200423430C
S2140339B02FB2002FB8BF43F08003032920D1122370
S2140339C0AC068DF80430937A10D48DF805300DF1DB
S2140339D0060401A9621A012392B2EFF74BFEB0FA6E
S2140339E080F0400909B0F0BD0B46DBE732228DF8C4
S2140339F005308DF80420002EE9D00DF11304E8E716
S214033A000C298DF804300ABF138953798DF80530D5
S214033A10548805BF1B0A8DF806308DF805300DF166
S214033A20070318BF0DF106031C70240A5C70148884
S214033A3002399C70240ADC70147901291C7111D890
S214033A40917A002F597131DA022112899971DA714C
S214033A50120A03F109041A72002EBAD0AB06B8D5BF
S214033A600534B6E7A9071AD4002F0CDA117A51B138
S214033A70917A59711189127A03F1080492B10222DC
S214033A809A71D971E8E70B4C217801F1010C84F89F
S214033A9000C091729C1D002F5971DDDAEAE7917A16
S214033AA09C1DF8E70122090A9A71EAE79C1DD3E7F1
S214033AB0C8640020C9640020014B1880704700BF0B
S214033AC0D85E0020014B1888704700BFD85E0020E0
S214033AD02DE9F84307460BF025FE05461B480BF079
S214033AE098FF1B4B60B31C683C1B2C44A4B20022FB
S214033AF0184BDFF868901B78174D03EB830399F890
S214033B00006005EB43055FFA82F846450AD9AB88A1
S214033B1005F10A00A34216D90A23B21A29465A43C4
S214033B20E7F766FC013689F80060AC80B8F1000F51
S214033B3003D1394605480BF001FB2846BDE8F88358
S214033B403C461D60D3E705460132DCE7846E002061
S214033B506C570020AA6500207A5B0020AB65002026
S214033B601FB5154A154C1378013BDBB21370616819
S214033B70206801AA03C221891180114A1278D2183B
S214033B8005D00A2320465A43E118E7F731FC9DF88F
S214033B9006301B070DD0BDF80C00FFF799FF034650
S214033BA08288ADF8082001AA03CA128818605960F3
S214033BB01A8104B010BD00BFAA6500207A5B0020FE
S214033BC0AB650020002108B5084B09481970094B5E
S214033BD01970094B1A7802EB82025200E7F7B6FB1C
S214033BE0BDE808400548EFF7F1BD00BFAB65002010
S214033BF07A5B0020AA6500203B6F0020846E0020BD
S214033C00F8B50024084D094F094E3B783178E2B2E7
S214033C100B449A4204F1010400DBF8BD2846EFF793
S214033C20E5FA0A35F1E700BF7A5B0020AB650020B2
S214033C30AA650020F8B516460C4B0D4A1B78127879
S214033C40074613440B4A0D46127893420CD030466F
S214033C50FFF73EFF013506810780857004460BF0AB
S214033C605CFDE0800120F8BD0020FCE7AA6500208B
S214033C70AB6500203B6F002010B5064C207828B1BA
S214033C800548F5F799FD10B1034B188810BDFFF7EB
S214033C9067FFF3E7AA6500207A5B002008B50A4AA7
S214033CA00346107860B1094A1088984209D121B9B1
S214033CB09378103323F00F039370FFF751FF01201F
S214033CC008BD0020FCE700BFAA6500207A5B002041
S214033CD02DE9F74F00260BF025FDDFF8F890B246E6
S214033CE099F80070B3463A46DFF8EC801FFA80FE78
S214033CF0B8F800C0344CAEEB0C039BB201932378A8
S214033D00324D009303EB830305EB4303ACEB0E0C3E
S214033D105FFA86FEBE4515D3BAF1000F01D0009BAD
S214033D202370BA422AD3002F37D00A222378C8F842
S214033D30000002FB03532648998803B0BDE8F04F02
S214033D400BF0FCB9B3F804E001998E4512D84FF096
S214033D50010A009993F802E001310EF1FF3EC9B261
S214033D60013AA3F804B083F802E00091D2B20A3312
S214033D700136CDE7E644A3F804E0F8E789F8002027
S214033D804AB10A222378C8F8000002FB03531048FE
S214033D9099880BF0D3F9237813B903B0BDE8F08FF5
S214033DA0FFF76AFF06460028F5D007F077F80146C6
S214033DB0304607F027FF20B100212888FFF76EFF63
S214033DC0E9E740F60241F8E7AA6500207A5B00209F
S214033DD0846E0020AB6500206C5700202DE9F0416F
S214033DE092F808801F4608F1FF33DBB2EF2B054637
S214033DF00E46144688B00BD982238DF80E30314612
S214033E0028469DF80E30204AFBF774FA012037E067
S214033E100E22002104A8E7F799FAB4F809308DF8C2
S214033E201180ADF81230E37A03F07F02032A08D03C
S214033E30012B24D103238DF81030A389ADF8153058
S214033E400EE0032B14BF022301238DF81030E36822
S214033E50CDF815302369CDF81930237D8DF814304D
S214033E60A7F121014A420DF10E034A410093214670
S214033E700DF10F0304A8FAF793FD0028BFD1002025
S214033E8008B0BDE8F08100BF8F4C04002DE9F04F69
S214033E9000241D7895B0CDE90201049223462246FC
S214033EA00120CDE90054404909F0AFF9ADF81E00F2
S214033EB0F8B1A346264627460DF120090DF1380A28
S214033EC0E4F7B6F95FFA84F8404516D83A46022175
S214033ED0BDF81E00FFF78AFC32460421BDF81E001B
S214033EE0FFF784FCDDE903100022BDF81E30FBF764
S214033EF001FA012015B0BDE8F08F4A4640460AA9EC
S214033F00FAF740FD9DF8282022B12DB1013DEDB210
S214033F100137FFB20134D3E7BBF1000FF8D199E8BC
S214033F2003009DF829308AE803008DF84030BDF879
S214033F302A30032A8DF841304FEA13238DF8423096
S214033F4017BF032301238DF843309DF82C30DDF88B
S214033F503110DDF82D0014BF8DF84C308DF843304A
S214033F6011AB03C302980CBF4FF00E084FF01508B1
S214033F7008F012FB0590BDF81E000BF00FF805992C
S214033F8000EB080399420BDB0123424651460DF131
S214033F901E00EFF76FFB0028ABD10136F6B2B7E78A
S214033FA04FF0010BB4E700BFCC95040038B50546C7
S214033FB00D4B0E481C88EFF7F5FB012D0CD10C4B6F
S214033FC01C88FA21614358B1884209D28408012C1F
S214033FD0204638BF012038BD022D08BF0224F0E773
S214033FE002480BF0ABF8F2E7765B00207047002040
S214033FF0745B0020012208B5054B06481A700021A1
S2140340000BF09CF8BDE808400020FFF7CFBF00BFC9
S21403401099640020704700201E4B73B51A8802F17E
S21403402008039BB2012B02D81B4B1B7823B902B0A3
S214034030BDE87040EFF7CABB0024184B184D1C7040
S214034040184B1C702B787BB14FF6FC73164E0093FF
S214034050224623462146308808F0DCFC4FF6FD73E3
S2140340602C70338001200FE0104B10461978F4F7BC
S21403407019FF0028F6D10C4B1A884FF6FD739A42A7
S214034080F0D0012302202B7002B0BDE87040FFF78A
S2140340908DBF00BF785B0020996400209C640020DD
S2140340A09A6400209B640020725B00209D640020BD
S2140340B0012808B50AD002280CD020B9084B18707E
S2140340C00848EFF783FB4FF0FF3008BDBDE8084014
S2140340D0FFF790BF0020BDE80840FFF767BF00BFAB
S2140340E0996400207047002002280CD859B1064A6C
S2140340F013780133DBB21370044A12789A4202D85B
S2140341000220FFF7D5BF70479B6400209E64002003
S21403411038B5A0F61343012B04460D4615D80E4AB0
S21403412013780133DBB213700C4A12789A420CD818
S2140341304FF6FD720A4B00201988914201BF0022F8
S2140341401D80084B1A70FFF731FF29462046BDE84D
S214034150384005F0B4B800BF9C6400209F6400207C
S214034160725B00209A64002000234FF6FD71054A17
S2140341701370054A1370054A1180054A1370054AE1
S214034180137070479C6400209B640020725B0020C1
S2140341909A6400209964002030B5094B02461B78C8
S2140341A033B1084B084C19780023D8B2884201D3A0
S2140341B0FF2004E0013334F823509542F5D130BD97
S2140341C03A6F0020A1640020525B00200022FF21EA
S2140341D0044B05481A70054B1970054B1A78920064
S2140341E0E7F7B4B8A1640020565B0020A064002063
S2140341F03A6F0020F7B58DF807100DF10701044656
S21403420003F002F8234B1D78002D41D02046FFF71C
S214034210C3FF214EFF283178204B05D1204A107862
S21403422085422DD9451C1570884219D01C4A1B4D52
S21403423092F800C00022D7B2BC450CD92F4697F897
S21403424003E00132864505F10405F4D102B203EB1F
S2140342508202D278FA7002B203EB8202D170307017
S21403426002B203EB820123F82240FF228A709DF8F4
S2140342700720FF2A02D003EB8203987003B0F0BD39
S2140342800A46104603EB8202D278FF2AF9D1CBE71F
S214034290FF20F3E73A6F0020A0640020565B00205F
S2140342A0A16400202DE9F843FFF776FFFF280446B4
S2140342B069D04FF6FF72354F03B2DFF8DC80344E19
S2140342C027F8232098F80050A54202D10020BDE825
S2140342D0F883337820B28100A34207EB800090F87E
S2140342E003E010D00023294A5FFA83F94D4594462C
S2140342F006D99CF803900133A14502F10402F3D1D9
S2140343008CF803E001E086F800E0013DEDB22A1BDD
S214034310D2B2043192003944E7F76AF888F80050BD
S2140343203378FF2B04D0A34224BF03F1FF3333704B
S21403433000214FF6FF70154BCAB2AA420CD30023D6
S2140343404FF6FF71134ADCB2AC42BBD2013332F8EC
S21403435023008842F7D1B5E79A78A2420BD118809A
S214034360DA78FF2A04D0A24224BF02F1FF32DA70C1
S21403437001310433E0E7FF2AF2D0A24224BF02F160
S214034380FF329A70ECE72D20A1E700BF565B0020B2
S214034390A0640020525B0020A1640020F8B51C4BEB
S2140343A005461B78084673B3FFF7F6FEFF28044658
S2140343B029D02846FFF7F0FEFF2806D0154B164EE9
S2140343C01A780023D9B2914218D3FF212846FFF763
S2140343D011FFFF28014616D00546104F23B207EB00
S2140343E0830237F823009678FFF704FFA84208BF36
S2140343F0FF25FF2E214608D12846F8BD013316F8BF
S21403440023108142DED1FF25F6E73446E6E700BFF8
S2140344103A6F0020A1640020545B0020565B002006
S2140344202DE9F04180460E461F46002386B001A8BC
S21403443014469DF830508DF80330FCF74BF8ADF872
S21403444004802EB13368CDF806307368CDF80A3091
S21403445038460AF087FD0DF103034219214601A8E9
S21403446004F039FF9DF8033093B931464046E4F72C
S21403447001F90E4B1B785BB10B2C09D8FF21404684
S214034480FFF7B8FE064605EB4404E4B2A54202D1A4
S21403449006B0BDE8F0812946384608F059FE314695
S2140344A0FFF7A8FE02350646EDB2EFE73A6F0020A7
S2140344B000232DE9F3470DF107028DF80730044674
S2140344C00E4602F08CFE9DF80730054663B920467B
S2140344D0FFF762FE04465EB130880AF05FFD5FFABE
S2140344E080F8FF2C45D10025284602B0BDE8F087AA
S2140344F0B046F6E701320C2AF5D02DB207EB850558
S214034500AD78FF2DF6D112F0FF0AECD04FEA4A053C
S2140345100235EDB2002EE7D0304605EB080108F071
S214034520DCFD0028DFD1524641463088FFF75EF9AE
S2140345300AF1FF3208F1010108F102093088D2B20C
S214034540C9B25FFA89F9FFF751F924B207EB84047D
S214034550A478FF2CC8D023B2494637F823203088E6
S21403456008F006FE0028BED109F102095FFA89F9B0
S214034570EBE725460022014FBFE700BF565B00204E
S214034580FF2818BF064B10B51BBF03EB800433F898
S21403459020302D200B801EBFA3780020137010BD83
S2140345A0565B002008B5D1F7E9FBD0F797FF00F07C
S2140345B02BFAD2F707FCBDE80840D0F7C7BB10B507
S2140345C0044601880120D1F797FCE3880BB9C8237A
S2140345D0E38010BD37B50446D1F79CFC6588854259
S2140345E00ED8A188E288814205D3431B5343491B57
S2140345F0B3FBF1F39AB280B240EA024003B030BD97
S2140346000022F8E770B50C46088800F04BF994F8DA
S2140346104430054683420FD004F11C06304600F0B2
S21403462085F984F8445000F085F9618BA064304620
S214034630BDE8704000F075B970BD38B5044690F813
S21403464044108378826CCB1A59425941D0F7E4FB65
S214034650E37893B1257985B900F06CF90346A2682F
S214034660218A04F11C009C1A8C4236BF5218294634
S214034670D11ABDE8384000F054B938BD09B100F08E
S214034680FDB800F005B938B58388044603B3E3786C
S2140346900088A17804F10C05A3B10023B1FA81F1D7
S2140346A0E3704909FFF7EAFF4FF6FF72A3882189F3
S2140346B093421CBF03F1FF33A3802846BDE838406E
S2140346C000F02FB90123E370FFF7D8FFE188F4E782
S2140346D038BD10B5044681780088FFF7CFFF012365
S2140346E0E3700023A38010BD10B581780446B1FAA9
S2140346F081F100884909FFF7C1FF0023E370A38017
S21403470010BDFFF7F1BF70B50446054600262B46DD
S21403471055F8040B10B11B1B0C2B00DD70BD237C5E
S2140347208680002BF3D0637C13B1FFF7D2FFEEE74E
S214034730FFF7DAFFEBE7FFF7E6BF70B5044605467B
S2140347404FF6FF762B4655F8040B10B11B1B0C2BAC
S21403475000DD70BD8388B342F4D04FF4FA724FF68F
S214034760FF731146D0F7ACFBECE709B100F086B84F
S21403477000F08EB810B50446C0600830D1F72EFDA1
S21403478021792088B1FA81F14909FFF7EEFFA37971
S21403479043B121796088B1FA81F1BDE81040490937
S2140347A0FFF7E3BF10BD00F0B2B80346184613F890
S2140347B0012B8A4201D0002AF8D1704710B53B215D
S2140347C004460068FFF7F1FF0022034603F8012BB7
S2140347D02068236010BD10B540B1421E0A24002095
S2140347E012F8013F303BD9B2092900D910BD04FBAA
S2140347F00030F5E708B500F087F808B540F2BA428E
S21403480000211020D1F7F6FA41F2E823584340F688
S214034810FF7300F2FF70B0FBF3F080B208BD50F8F0
S2140348200C3C23B150F8041C30F80E0C18477047A4
S214034830084619B1FF21103002F0CEBB704773B59E
S21403484005460E466DBA1446D1F7FEFBADF8045086
S2140348507EB1012C04D0032C09D00022012101E0F3
S2140348602246022101A8D3F705FC02B070BD002240
S214034870F7E7042132460DEB0100F4E707B540BA2B
S214034880ADF8040001A8D3F729FC03B05DF804FBD8
S21403489007B540BAADF8040001A8D3F74BFC03B044
S2140348A05DF804FB002307B540BAADF804000DF12C
S2140348B0030101A88DF80330D3F768FC9DF80300C5
S2140348C003B05DF804FB007800F0DF03552B07D038
S2140348D0642807D0663818BF4FF0FF30C0B2704761
S2140348E001207047032070474FF0FF307047704732
S2140348F00020704770477047704718B12D280CBFCB
S214034900012002207047704708B501F057FF08B52D
S21403491000F06FF8BDE8084004F0A3BC50E902308D
S21403492018470A460830FF2102F04DBBFF21083026
S21403493002F05ABB08B50AF054FFBDE8084009F078
S214034940C5BB2DE9F041044600274FF00C0E8F42FD
S21403495002DB0020BDE8F0812078904204D10025D8
S21403496094F80780454502DB01370C34EFE70EFB6E
S21403497005F6D4F808C00CEB06003CF806609E4229
S214034980E8D00135EEE7F0B585B005460E46174686
S214034990D1F77AFC0446A0B131462846D1F72CFC61
S2140349A083783A46002BA36831460293A3782846B9
S2140349B001934FF0000300930CBF80234023E0F7DE
S2140349C06DF805B0F0BD08B51288D1F75DFC50B19F
S2140349D00279BDF80C309A4207D881680298E6F748
S2140349E007FD002008BD8620FCE78920FAE7D1F7FB
S2140349F049BD002004F0B9BC08B504F026FD002824
S214034A0014BF0320002008BD704708B502F0C0F9A4
S214034A10FFF7C8FDD1F7A2FD642004F06FF8642009
S214034A2004F06BF802F0B6F9D0F7BCF908F0A8FF6B
S214034A30F8E7F8B5D0E90176437B04460D4613B193
S214034A4033463E461F46FFF775FF012D2064384662
S214034A500ED1D0F7ABFB3046D0F7CCFB257360788E
S214034A604FF47F42BDE8F8404FF48171FFF78BBFE8
S214034A70022D05D1D0F7BEFB3046D0F797FBEDE706
S214034A80D0F7B8FB3046D0F7B5FB0025E6E738B5D8
S214034A90037B04468B420D4607D190F844305BB344
S214034AA0BDE838404830FFF741BFFFF743FF216CAE
S214034AB0431AC72B0CD80123C83184F8455084F811
S214034AC04430091A04F14800BDE83840FFF729BF0F
S214034AD00DB1237B2BB929462046BDE83840FFF7A6
S214034AE0A8BF00212046FFF7A4FF0123C82184F8AE
S214034AF0455084F84430E5E738BD90F84510FFF795
S214034B00C6BF0121FFF7C3BF0221FFF7C0BF0021C5
S214034B10FFF7BDBF4FF60173994210B5044602D1A5
S214034B200021FFF7B4FF2046BDE81040D1F7E4BEEE
S214034B30032910B504462BD0007B30B9012903D0D6
S214034B4002290CBF0120FF2010BD032A07D8DFE887
S214034B5002F00208101401291CD002291FD0FF20DE
S214034B60F2E70029FBD1B4F85C20012A12D0022A0E
S214034B70F4E704290ED00529F0E7042914D0052903
S214034B8014D00029EBD1B4F85C20111F0129ECD80E
S214034B900220D9E75A1E534253415800D4E7022B4A
S214034BA00CBF02200120CFE70020CDE70120CBE792
S214034BB030B587B005460C46D1F752FC012820D104
S214034BC01CB1611E4B424B4158006B784FF4807208
S214034BD08DF804304FF48273ADF806304FF48173CA
S214034BE0ADF8083001238DF80B30002385F89000CC
S214034BF001A8CDE903238DF80A408DF81430D1F7C8
S214034C0067FC07B030BD41680346C978027B99B993
S214034C108168C97899B9002A08BF0321D1F730BF44
S214034C209B7B002B0CBF01210221F7E79B7B002B0C
S214034C300CBF02210121F1E7012AF1D17047012AB5
S214034C40F4D17047042910B5044604D831B1BDE841
S214034C501040D1F799BF05290DD010BD037B55220F
S214034C60002B08BF0321A0F85C1040781221FFF741
S214034C708AFE2046EBE743681A8A83681A82E6E7C9
S214034C80012303730378013343734FF44073C381E3
S214034C90032303740023A0F85C3080F89030704739
S214034CA0F8B54568B0F8F820AB8B04469A4208D0AE
S214034CB0A0F8F83040F2055240F604310078FFF7CA
S214034CC062FEEB8BB4F8FA209A4208D04FF4A16246
S214034CD040F604312078A4F8FA30FFF754FEB5F90D
S214034CE02030B4F9FC209A4208D040F20B5240F62A
S214034CF004312078A4F8FC30FFF745FE2E6BD4F879
S214034D0000319E421ED000200346C4F8006104F121
S214034D108F07C3F12005A3F1200126FA03F200FA58
S214034D2005F52A4320FA01F108330A43302B07F826
S214034D30012FEED120780022BDE8F84040F2027140
S214034D40FFF721BEF8BD10B50446806BD8B1E278F4
S214034D50022A04D0636B5B7972B984F83C3094F80A
S214034D603C306BB1FFF7B5FC60784FF60272BDE8D6
S214034D7010400621FFF707BEB3FA83F35B09ECE79F
S214034D80FFF7B2FCF0E710BD10B50446406BD0F752
S214034D900DFA2046BDE81040FFF7D5BF10B5044610
S214034DA0406BD0F727FA2046BDE81040FFF7CBBF8D
S214034DB010B50446406BD0F743FA2046BDE81040D2
S214034DC0FFF7C1BF10B50446002206214078FFF75F
S214034DD0DAFDA378022B01D0FF2B04D12046BDE8D1
S214034DE01040D2F773B910BD4FF60273994210B54F
S214034DF0044601D1FFF7A7FFE378022B02D0204633
S214034E00FFF7A1FF2046BDE81040D2F75FB910B503
S214034E10D0F8A4407CB103791BB14079D2F716FAD7
S214034E2048B9A3883BB932222046BDE81040012387
S214034E301146D0F745B810BD10B50446FFF7E7FF97
S214034E40A278237982B913B12046D2F725FA2046F1
S214034E50D2F762FA03236078A4F86C305522BDE8D3
S214034E6010401221FFF78FBD012B02D12046D2F747
S214034E7013FAA379012B02D12046D2F74DFA012368
S214034E80E9E710B583780446ABB9FFF7C0FFA3780C
S214034E908BB9237913B12046D2F71EFA2046D2F7F0
S214034EA07FFA04236078A4F86C305522BDE81040DE
S214034EB01221FFF768BDB4F86C30022B0DD02379AE
S214034EC0032B02D12046D2F7E7F9A379032B02D1AD
S214034ED02046D2F721FA0023E4E72046D2F7A2FAC7
S214034EE0F9E7827883685AB9DB78002B14BF03236B
S214034EF00423A0F86C30552212214078FFF743BDF7
S214034F001A7922B9DB78003B18BF0123F1E70223A5
S214034F10EFE77FB500239E6A0446B6F5804F0D463D
S214034F200CD201A8D2F72AFC039B5B0506D52946BB
S214034F302046336C04B0BDE87040184704B070BD1B
S214034F4000239B6AB3F5804F05D21B6BB3F5804FE6
S214034F5001D29B6818474FF4817070471FB5002332
S214034F609A6AB2F5804F04D340F2011005B05DF89B
S214034F7004FB126BB2F5804FF6D2012201A8CDE9ED
S214034F8002338DF80420D2F7F9FB039BDB03EBD542
S214034F90029B1A0EE8D0012A03D1C3F307430A2B58
S214034FA0E2D900239B6A1B6B1B6C9847DEE708B5A8
S214034FB00AF0D6FDB0FA80F0400908BD134610B5D6
S214034FC042B103439B0707D10AF0C6FDB0FA80F04F
S214034FD0400910BD0120FCE70020FAE70023036028
S214034FE0704703680B600160704710B538B132B183
S214034FF029B100230139D45C14B90023037010BD12
S2140350008B42FAD200F8014B0133F4E7034638B17A
S2140350100020814204D01A5C02B970470130F8E7D9
S21403502070474FF0FF31FFF7F1BF70B50C461646D9
S214035030054660B15AB151B1FFF7F3FF844206D972
S214035040211A32462844BDE87040FFF7CEBF70BD34
S214035050FEE7FEE700239A4200D1704710B550F8EA
S214035060234041F8234001339A42F8D110BDD2F7CA
S214035070E5BF4369426CD91C143AB1FBF2F103EB6A
S214035080C1000330B0FBF2F00230704738B5054676
S2140350900C46FFF7EEFF6A6CE31D143AB3FBF2F31C
S2140350A0013304EBC30402FB004038BD38B50546A4
S2140350B044692146FFF7EAFF6A6CE31D143AB3FB23
S2140350C0F2F3013304EBC304204438BDF7B50746B7
S2140350D00E4600257C6CA819644280EA06031C4031
S2140350E003D02C46204603B0F0BDFB6B01225B6960
S2140350F001A99847019B0133F4D10435EAE770B55B
S21403510005460C46D4F770FDEB6B2046BDE87040B1
S214035110DB68184770B50025044686B00562E36968
S214035120AB4202D8206A06B070BD666C2068E36B9B
S21403513005225B6901A906FB0500984701A800F054
S21403514023FC00F046FC10B1236A013323620135C9
S214035150E5E738B50446456C006804F1400305FBF3
S2140351600101E06B00F042FC05462046FFF7D2FF44
S214035170284638BDF0B50546002687B0EC69013CE5
S214035180B44203D80C46204607B0F0BD01B14C1E0E
S2140351906F6C2868EB6B05225B6901A907FB0400AB
S2140351A0984701A800F0F0FB00F013FC0028EAD1B2
S2140351B021460136E2E7F0B504460D46466CE36B3E
S2140351C0006887B005225B6901A906FB05009847BE
S2140351D001A800F0D9FB00F0FCFB20B101A800F009
S2140351E0AAFB07B0F0BD29462046FFF7C3FF0646D5
S2140351F0676C2068E36B05225B6901A907FB060061
S214035200984701A800F097FB431CEAD0B54238BF85
S2140352100130E6E72DE9F0434FF6FF79D0F8248016
S21403522004460E46C84514BF45460025002787B0EA
S214035230E369BB4202D807B0BDE8F083E26B23689C
S214035240606CD2F814C000FB0530052201A9E047C4
S21403525001A800F099FB022806D0C8450CD1721CA1
S21403526029462046FFF775FFE3690135B5FBF3F2E0
S214035270013703FB1255DBE729462046FFF79BFF62
S214035280B0F1FF3F14BF024632460132E8E7036837
S214035290F0B5CC1A436C0646B4FBF3F4002587B08E
S2140352A0F36937685A1E9542706C08D3706C33687E
S2140352B000FB043007B0BDE8F04000F095BB0134B6
S2140352C0B4FBF3F203FB1244F36B05225B6901A9FB
S2140352D000FB0470984701A800F056FB00F079FB2A
S2140352E00028E3D10135DBE710B423F0030422449E
S2140352F09B070A44436C18BF04325B4281EA0204EC
S214035300234203D05DF8044BFFF7C1BF10465DF898
S214035310044B70472DE9F041D0E90A369E42044615
S21403532086B028D11422C369456802FB1355284664
S21403533006B0BDE8F0812068676C331AB3FBF7F359
S214035340E26B07FB0300D2F8148001A90522C047CD
S21403535001A800F019FB012804D0636C1D44013B2F
S2140353603340ED1A31462046FFF791FF0646A36AFF
S214035370B342E0D1DBE70025F9E708B5083013466A
S214035380D1E90012D4F7B6FB012008BD13B50C46CD
S214035390002121760093616813462246D2F7A4FFC4
S2140353A018B1E37D03B1A07EA075A07D02B010BD49
S2140353B073B5164600F108050C46284609680DF134
S2140353C0070200F098F9032E06D16368834203D1DF
S2140353D02846216800F076F9012002B070BDD01E81
S2140353E0009B42424241187E824211D11A688A4289
S2140353F00ED85A688A420BD35A6901325A61D3E9E6
S214035400030282423FBF986840F8221001321A61B5
S2140354100120704710B5032A029C07D1A26A5340A5
S214035420626C5242134201D100F04CF9012010BDC8
S21403543008B5C36800209847BDE80840D4F7DCBB2E
S214035440012814BF0420022070B5002442431C70B8
S214035450CC7D101D02F002024CB91AB1012220F0D5
S21403546003001A7000F108034868184470BD1AB1A7
S214035470012220F003001A7000230C7E01F12005A0
S214035480DAB2A24201D30020F0E735F833205E1CDF
S214035490824206D901EBC30300F10802D86910441F
S2140354A0E4E73346801AEBE773B5054690F84260A7
S2140354B01C4630460DF10303FFF7C2FFEB6B012ECC
S2140354C05B690DD1324601A998479DF8033013B1A5
S2140354D0BDF806300193BDF80430236002B070BDFA
S2140354E00122214602B0BDE870401847F0B50546D4
S2140354F000244868EB6B87B00E4601225B69029472
S21403550002A908309847274695F84230012B40F009
S214035510AC80632C00F2AB80612C08D805AB224626
S21403552031462846FFF7C0FF9DF814305BB305AB42
S2140355302246314628468DF81070FFF7B5FF95F8DA
S2140355404230012B059B7FD14FF6FF72934256D014
S214035550082205A904A800F063FA059B9DF810101D
S214035560C3F3072291424AD1DBB2029A1A4402924B
S21403557045E0DCD005AB224631462846FFF794FFCC
S214035580BDF81430D2E795F84230012B39D1612C9F
S2140355902ED822463146284603ABFFF785FF314611
S2140355A0284604AB621CFFF77FFF3146284605AB4F
S2140355B0A21CFFF779FF102208230DEB02010DF161
S2140355C007008DF8073000F02BFA102205A90DF11D
S2140355D0070000F025FA039BDAB24AB99DF80720C4
S2140355E0B2EB132F04D1DDE9043203EB024302933B
S2140355F095F84230012B14BF012302231C440134C7
S21403560082E7302CF4D822463146284603ABFFF710
S2140356104BFF3146284604AB621CFFF745FF1023B9
S21403562020220DEB03010DF107008DF8073000F083
S214035630F7F9039B9AB2002ADAD19DF80720B2EB5A
S214035640134FD5D1049BD2E70133D8D0102205A936
S2140356500DEB020000F0E4F9059B9DF81010C3F370
S21403566007429142CBD19BB27FE7312C81D9029876
S21403567007B0F0BD13B500240194049C0094D3F73F
S2140356800FFB02B010BD13B501240194049C0094D3
S214035690D3F706FB02B010BD00234FF0FF3230B540
S2140356A044689C4202D10023037230BD016801EBBB
S2140356B0C30541F833206A600133F2E7C0E90012FC
S2140356C0FFF7EABF0023F0B545689D4210D0046893
S2140356D0DF0054F8332004EBC306B2F1FF3F08D0D3
S2140356E0C2F31302914204D14FF0FF33E3517360C8
S2140356F0F0BD0133E9E70023F0B545689D4202D1CA
S2140357004FF0FF300EE00468DE0054F83340671CA9
S21403571009D0C4F31307B94205D1240D14700368E6
S21403572033445868F0BD0133E8E7704770B594001A
S214035730224605460E460AF00FFA431C0AD058B90D
S214035740224631462846E6F74DF9002814BF3D2089
S214035750002070BD6E20FCE77120FAE713B50446FF
S21403576001A8D5F7C7FA9DF8063023804FF4807357
S2140357706380D5F7CDFA6060002002B010BDD5F780
S2140357803DBA08B5D5F72EFA002008BD10B5044675
S21403579044EA010313F00303084609D1934201D1F7
S2140357A0002010BD54F8231040F823100133F5E70A
S2140357B021469200E5F75AFFF2E710B504460AF0D1
S2140357C0CFF9431C10D088B9D5F7A2FA234620F0A8
S2140357D003002044984201D1002010BD53F8042B47
S2140357E00132F7D03E20F8E76E20F6E77120F4E7A3
S2140357F0704713B50023044601461B220DF107002C
S2140358008DF8073000F00CF922689DF80730B3EBEB
S214035810D26F0CBF0120002002B010BD13B50023C9
S2140358200446014620220DF107008DF8073000F0EC
S214035830F7F80DF107001A22211D00F0F1F862684F
S2140358409DF80730B3EB926F0CBF0120002002B027
S21403585010BD0068431C584258417047006810F05A
S2140358607E0F0CBFC0F3C160002070470068C0F312
S214035870D3107047006800F07F0001288CBF00201B
S21403588001207047036813F07E0F14BF042008201E
S2140358907047036813F07E0F03D1406820F07C4006
S2140358A0704713F078001CBF03F07F03D81F7047C0
S2140358B0006800F07F007047032809D0022803D150
S2140358C0C1F10201C8B2704700290CBF07200020AF
S2140358D0704737B5054601F10C0443696946012252
S2140358E020469847BDF80030012201932046AB6955
S2140358F001A9984703B030BD37B501F10C044369DD
S214035900012269460546204698474FF6FF72009BDC
S21403591099B291420DD16FF30F0343F4254343F03D
S214035920A503019301222046AB6901A9984703B05A
S21403593030BD0020FBE737B5044600251B22011DBA
S2140359400DF107008DF8075000F06AF860689DF8BF
S2140359500720B2EBD06F03D120F0784003B030BD00
S2140359600DF107001B2204F108018DF8075000F023
S21403597057F8A0689DF80730B3EBD06F01D1C0434A
S214035980EAE74FF0FF30E9E74BF29A22036810B5D7
S214035990B2EB134F044613D19BB2012B13D1FFF77F
S2140359A0CAFF01300CD04FF6FF72E068B2EB104F1F
S2140359B04FEA104309D180B2C01A18BF012010BDA8
S2140359C02368013303D00420F9E70220F7E7032016
S2140359D0F5E701288CBF0020012070470338012813
S2140359E08CBF002001207047143070472DE9F0412A
S2140359F005469846036908460E46174698470446E2
S214035A0038B943463A4631462846D4F765F904463C
S214035A1018B131462846FFF75CFF2046BDE8F08103
S214035A201F2A0B689EBF4FF0FF3191408B435908E6
S214035A3001F055315B1A03F033319B0803F033331F
S214035A400B44017803EB13130A444FF0013103F0C0
S214035A500F334B43A2EB13620270704708B507F08F
S214035A6037FEBDE808400021D4F740BA02210320E0
S214035A70D4F73ABC704770477047704770B5054611
S214035A8014460E4609F053FD2B685C4034405C40D8
S214035A902C60BDE8704009F045BD10B5002422B166
S214035AA0032A0CD00360047110BD11F4000218BF62
S214035AB04FF07F4221F07F4313430C0EF2E721F0B1
S214035AC0FF03CCB2EEE730B5012400F580534568FA
S214035AD05C60CB784A785B0443EA02230A78134374
S214035AE08A78120402F480321343C0F89830EB0726
S214035AF05CBF00F50050446030BD70B501260C460F
S214035B00054600F500535E600B78497803F00703FB
S214035B1043EAC103E17843EA0123A178090101F0CE
S214035B2030010B430367C36AA17923F48B3323F451
S214035B30807343EA01432179090201F4E0610B43D0
S214035B406179090301F480510B43C3621146FFF7E1
S214035B50BAFF05F580535E60E37903B1EE6070BD6E
S214035B6008B50A6FC96F02F00702FFF796FF08BD74
S214035B7013B5044601A8D5F7BDF8042C04D8DFE80E
S214035B8004F0061603101300002002B010BD40F206
S214035B909C4040F2BA439DF80520012A08BF1846E8
S214035BA0F3E740F6B830F0E74FF41660EDE740F25F
S214035BB0E240EAE74FF050234FF400321A6770478B
S214035BC04FF0B0435A6812B19A6A002AFAD1704766
S214035BD070B5054614460E4609F0A9FC2B685C40D2
S214035BE034405C402C60BDE8704009F09BBC012249
S214035BF0417803788A4030214B4342F2100103F187
S214035C00A04303F570335A50704721FA00F2D207C7
S214035C1030B5034600F0FC040FD500220132D2B2A1
S214035C20042A02D14FF0FF3008E0831803F0030381
S214035C30234421FA03F5ED07F0D4184630BD0020BF
S214035C4070470020704700207047002070470120EF
S214035C507047012070470F207047E6F7DDBB00232F
S214035C6007B5CDE90033012369464FF0FF308DF8C1
S214035C70023004F0C8FB03B05DF804FB0020704755
S214035C8010B508B9212010BD0029FBD0036813F016
S214035C90704205D1C3F30E030B607BB10020F2E71D
S214035CA003F05044B4F1004F05D0B2F1304F02D0A8
S214035CB0B2F1404FE6D103F07F03EDE74368002BD4
S214035CC0E0D00B60EAE737B50C46054610B921204D
S214035CD003B030BD0029FAD0002301A90193FFF7D2
S214035CE0CFFF0028F4D12968019A11F0704102F120
S214035CF0030222F0030201D12260E9E7AD68B1F1A5
S214035D00004FC5F38033C5F3403504D103EB450399
S214035D1053432360DCE7B1F1204F01D12B44F7E76F
S214035D20B1F1304FFAD0B1F1404FF7D0CFE737B5E6
S214035D300C460546002800F08780002900F0848082
S214035D4000230B60036803F070430B60C26822B144
S214035D50032A79D143F080630B60AB689A0149D478
S214035D6003F08073EA680AB9002B6DD1226822F02B
S214035D70407213432360EA68032A05D12A69F62A88
S214035D8062D962F317432360AB681B0442BF2368E0
S214035D9043F400432360EB68032B1FBF23682A6882
S214035DA062F30E0323602B68AA68002B2ADB12F427
S214035DB0C84F49D12B6803F0704303F10043B3F196
S214035DC0804F05D2530542BF236843F480632360A4
S214035DD00023284601A90193FFF752FF40B92B6819
S214035DE013F070421FD12368019A62F30E032360F7
S214035DF003B030BD03F04073B3F1407F18BF4FF0DC
S214035E000073AFE7500402F4005105D4E1B12368F0
S214035E1043F400532360CDE7236843F480432360B1
S214035E200029C7D0F3E703F05043B3F1004F05D082
S214035E30B2F1304F02D0B2F1404F05D1019B5A1E4A
S214035E40236862F30603D2E72120D1E738B131B1E4
S214035E5001234B604FF0005300208B6070472120D6
S214035E60704737B50C46054608B9212016E00029C9
S214035E70FBD001234B60C368A3B901A90193FFF7C5
S214035E8022FF58B9019B6A699A4209D32A69002AF4
S214035E90EBD0226043F000530020A36003B030BD74
S214035EA01D20FBE7032BE0D10023F5E7436813B976
S214035EB0416070475B685A68012AFBD15960704796
S214035EC0FFF7DCBE08B5FFF7D9FE002814BF6FF056
S214035ED09200002008BD1346428870B50732072A91
S214035EE00C464FEAD20101D0A14222D1466805886A
S214035EF0202218460021E5F729FA360A0346DEB9BA
S214035F00BCB141F20102954205D0B5F5885F02D0D7
S214035F10B5F5905F02D100205C6070BDB5F5105FEB
S214035F200DD1182C03D0202C01D0102C01D11C60CD
S214035F30F1E76FF08600F0E76FF08B00EDE76FF0A8
S214035F408500EAE7F0B51C46436806461B0A0F467B
S214035F50154689B035D122462946FFF7BCFF68B9F6
S214035F60EB1C23F00303C4E90307636145B920224E
S214035F7000212046E5F7EAF96FF0860009B0F0BD88
S214035F80014620226846E5F7E1F96A462946304687
S214035F90FFF7A1FF0028EAD12368009A9A42E6D1C8
S214035FA06368019A9A42E2D1A368029A9A42DED1C2
S214035FB0A369069A9A42DAD1E369079A9A42DDD030
S214035FC0D5E76FF08B00D9E7D5F7DCB9D5F7F6BA86
S214035FD070470020704700207047C36819448368E1
S214035FE053F8210030F8023B13607047012310B5C5
S214035FF080F888300378044653B100F061FA2146EE
S2140360002046D5F7CDFB2046BDE8104000F04DBA3C
S21403601010BD38B50D460446D5F7AAFB6B68204677
S214036020C4F8B032A96800F096F94FF0FF33204663
S214036030C4F8B432FFF7CDFF38BDD0F8B43210B58C
S2140360400133044601D0002010BD00F0BCFAC4F8AA
S214036050B4020130F7D194F8B80280F00100F3E7F8
S21403606008B5D5F7C1FB08BD0A7801382D2A0ABF43
S214036070012200228918D5F713BC07281BD8DFE8AE
S21403608000F0060A0D1013150417012070470022AE
S2140360900820D5F705BC00221020FAE700222020AE
S2140360A0F7E70820FFF7E0BF1020FBE72020F9E71B
S2140360B00846D5F757BC002070472DE9F743072855
S2140360C00C46DDE90A7690461D4608D801380628B0
S2140360D00AD8DFE800F01D27303A44574A00212843
S2140360E050D003B0BDE8F083002220461146E5F702
S2140360F0F9F83368C0B205EB83013A6845F8230024
S214036100013348F8221033603B6801333B60E8E70D
S214036110002220461146E5F7E5F8336880B205EB22
S2140361208301EAE7002220461146E5F7DBF83368E9
S21403613005EB8301E1E7002220461146E5F780FAE6
S214036140336840B205EB8301D7E7002220461146A9
S214036150E5F776FA336800B205EB8301CDE7002254
S21403616020461146E5F76CFAE1E7002389461E460A
S2140361701D468DF8063019F8013F7D2B06D1257094
S2140361802D0A65703B6848F82340BDE7202BF2D004
S21403619006F00102013612B98DF80430EBE710223F
S2140361A0002101A88DF80530E5F74AFA6319013591
S2140361B09870ADB2DFE72DE9F04F9B46002385B01C
S2140361C08B45814688469246CDE902336BDC1A46F8
S2140361D01E4619F80340212C09D81F2C04D8103C5E
S2140361E0072C98BF012200E001260133F1E7FF2CBC
S2140361F0FBD15B4436B1013B43450ADD2B2005B09A
S214036200BDE8F08F62B1013B4345F7DC35463746C0
S21403621002E000252F462E46454504DB0020EEE728
S2140362209845F3D0EAE75D453BDB19F80730202BAA
S21403623018D109EB07035B78FF2BDFD1CEB92046D5
S2140362405AF82510FFF719FF78B303AB019302AB97
S21403625000932046DDE90E235AF82510FFF72DFF9D
S2140362600135D9E7212B0ED109EB07035B78FF2B0A
S214036270C4D1029B5AF825200E99012641F8232003
S21403628001330293ECE7A3F11004072C02D91C4652
S2140362900137D3E709EB07035B78FF2BAED1E4B2F4
S2140362A0CCE70624CAE72120A9E72620A7E72DE99D
S2140362B0F04F07460E4615469846044685B0DDF869
S2140362C04490DDE90FAB206808B3DAF80020D8F86D
S2140362D000108A421BDA0E9B53F82210D1F7E2FD18
S2140362E048BBDAF800200132CAF800206268117B46
S2140362F0FE291BD10E9B1068012100932A464346B4
S214036300CDE902B9CDF804A0FFF7D1FF04462B78F8
S21403631043B999F800302BB97EB101233C4689F87E
S21403632000302B70204605B0BDE8F08F01238BF8B4
S21403633000302B70EBE70C34C5E73446F2E710B5B4
S2140363400446236803B910BD237A13B92046D5F74C
S2140363503FFB0C34F5E710B541B10A7932B9012495
S2140363609C300C71FEF73DFE204610BD0020FCE776
S2140363702DE9F041BAB005460AAA084603A900F07B
S2140363805FF90446B0B90DF10A0301930DF10B034F
S2140363908DF80A0000930AAA284604AB03A9D5F78A
S2140363A0C7FC9DF80A20B2B19DF80B2048B12AB16C
S2140363B0D5F70EFB20463AB0BDE8F081FFF7BFFFE6
S2140363C0F8E7D5F89C50002DF4D0A86808B1FFF77D
S2140363D0B6FF2D68F7E700B346681AAB06F10C085C
S2140363E02AAF01934046049B039900970AAAFFF736
S2140363F0E2FE04460028DDD1039B05A8CDE9063757
S214036400049B0595CDE90838D6F75AFF05A83368E7
S214036410984705A800F03FFDCCE72D24CAE710B542
S2140364200446AC30E4F78EFE04F1AB031A180020E2
S214036430934200D110BD13F8011F0029FAD00A2990
S21403644008BF0130F4E70023F0B50B60136006467F
S214036450D0F8AC0278B196F8AC0060B1012406F12E
S214036460AC07D6F8AC02844210D306F1AC00B3F501
S214036470007F10D30120F0BD0D6801350D6015684F
S21403648001351560F85C01330A2802D0B3F5007FA6
S214036490F2D30134E5E7C15C0A29EBD00029E9D041
S2140364A01168013301311160E1E710B50021D0F81E
S2140364B08C200446E4F74AFF0023C4E9243310BDC6
S2140364C073B5044600F1AC0580212046FEF79EFD19
S2140364D04FF4007106462846FEF798FD0136C0F5D0
S2140364E00070864220461FD8E4F72CFE0646284650
S2140364F0E4F728FE01362946421CA819E4F778FF7C
S2140365002046E4F71FFE214602462846E5F7AEF886
S2140365102046E4F717FE0A23204480F8AC30002315
S214036520C4F8AC3202B070BDFFF779FF01AAC4F815
S214036530AC0269462046FFF786FF0022009B2344F1
S21403654083F8AC20C0E773B50D460446FFF767FF34
S2140365506B1C19D1D4F8AC3213B1013BC4F8AC327E
S21403656000252046E4F7EEFDA84215D82046FFF79F
S2140365709CFFD4F8AC322BB16946204601AAFFF73C
S21403658062FFA0B902B070BD012DFBD1D4F8AC32C6
S2140365908342F7D20133E1E7082000F023F82020F6
S2140365A000F020F8082000F01DF80135D9E7009D1B
S2140365B004F1AC06019BAB42E4D9715D2046D5F7E6
S2140365C0E5FC0135F6E707B500200DF1070100F0FD
S2140365D0E7F820B99DF8070003B05DF804FB4FF019
S2140365E0FF30F9E710B5C1B20446002000F0C8F842
S2140365F000280CBF20464FF0FF3010BD0FB407B580
S21403660004AA52F8041B00200192D5F75BFE002073
S21403661003B05DF804EB04B0704710B54C1C0B4692
S2140366200119045D222C03D07B2C01D05C2C05D1F0
S214036630D21A1844E4F7DCFE012010BD0020FCE764
S2140366402DE9F047054691468846E4F77BFD2A4642
S21403665006461346197801322029FAD0C9F80030C5
S2140366605C1B01236FF0404AC8F80030A64201D8ED
S214036670002014E02F5D29197B2F12D0222F2ED154
S214036680D8F80030621C53442A4449F82320012CCE
S21403669009D911F8013C13F0DF0F04D02120BDE81F
S2140366A0F0877D27F3E701342B5DBB4209D12B1915
S2140366B05B7813F0DF03F1D1222F00D12B55013481
S2140366C0D4E75C2B07D1324621462846FFF7A5FFC1
S2140366D00028E3D0013E0134A642E5D8DEE75C2F6E
S2140366E008D1324621462846FFF797FF0028D5D023
S2140366F0013EE4E7202FE2D10022631CB3420A7076
S214036700DDD2EA18EB5C202BD9D0D8F800300F2B5B
S21403671005DC49F823200133C8F80030CFE71E20F4
S214036720BDE700F000B800207047D1F7A9BB70B5ED
S2140367300C46154610B9D5F7B9FD38B143682BB1E9
S2140367402A462146BDE8704000681847232070BDDE
S214036750F7B50D4616461C4638B9D5F7A7FD04B956
S21403676001AC20B9232003B0F0BD03B901ACC76860
S214036770002FF7D02346324629460068B847F2E78B
S21403678007B501228DF807100DF10701FFF7CFFFBC
S21403679003B05DF804FB0B4601461846FFF7F0BF4F
S2140367A000230122FFF7D4BF08B508F0BBFFFA2386
S2140367B0B0FBF3F080B208BD0420704740F20160DE
S2140367C0D5F76ABE7047012070470020704749BA64
S2140367D089B280EA0103C3F303125340180380B25D
S2140367E058405B0103F4FF535840704708B5D6F78B
S2140367F01FFA58B1A0F15903042B06D8042B04D86A
S214036800DFE803F00404040304005C2008BDD6F7A5
S21403681067BB7047F8B50C468D18073552421540CE
S214036820A5F108070646384600F0DFF9A188381BAD
S214036830628801EBE00189B2A2EBE00225F8041CB2
S21403684025F8062CA288C310AAB1A4EBC202B2F89C
S21403685002C0D18003EB0C015180E28892B1D31AB7
S2140368609BB204EBC20425F8023CA380B36803443E
S214036870B3603846F8BD15F8082C42F0020205F856
S214036880082CEAE725F8022CF0E72DE9F04F4FF045
S214036890000887B09946531C109B0546174614BF3D
S2140368A014460824CDF81480002B00F0C580C3F8E6
S2140368B00080002900F0C28042688A4240F2BE800F
S2140368C0073121F0070608F03FFE05AACDE900824E
S2140368D082463A464B463146284600F08AF9059FDB
S2140368E0834607B130B9504608F029FE192007B091
S2140368F0BDE8F08FB7F8028029694FEAC802C0EBFB
S214036900C8080139B8F1270F29617AD9B9F1000F00
S21403691051D1864206F1080848D022463946284611
S214036920FFF778FF04460590059B9844404600F021
S2140369305CF9059906F10F004A88C308A2EBD0025A
S214036940A8F80220CA88A8F80430002A30D0D31A40
S2140369509BB201EBC202A8F8063093808B88F60838
S214036960A380B8F804303A46E3804146002328461D
S214036970668000F0A6F9AB680833AB60237843F073
S214036980010323702B6901332B616288AB68504681
S21403699003EBC203EA68AB60934288BFEB6008F080
S2140369A0CEFD109B083400201C60A0E73C46BBE7E6
S2140369B0A8F80620D2E707EB08042046039200F067
S2140369C014F90BF10703DB080599638008F1070345
S2140369D0DB08A380CB8893B1DB00039AD81D821A09
S2140369E05A44C2F3CF020B44E2809A80A38808F18C
S2140369F0FF384FEAD808A1F80280CB80BBE7E380D4
S214036A00F4E7B9F1010F1BD107F10803B3FBF4F266
S214036A1004FB1233B3B1224639462846FFF7FAFE83
S214036A20044623783A4643F00103237021460123A4
S214036A30284600F046F9A8E7222058E7212056E723
S214036A408642E8D13C46ECE707B500224FF0FF311B
S214036A5001AB0192D5F7A4FE019803B05DF804FBE1
S214036A602DE9F74F04460D46002900F0AB80D0E928
S214036A70056808F069FD15F8087C35F8061CFB0761
S214036A80009000D531B9009808F059FD012003B0F5
S214036A90BDE8F08FA368D4F8109035F804ECA3EBA8
S214036AA0C10B09F10103A5F1080C4A1CC4F808B090
S214036AB02361BEF1000F7BD0ACEBCE03D888B3F8CE
S214036AC002A00190187807F00207C00765D4002FCC
S214036AD064D10198A0EB0A07012F69D18A1CABF198
S214036AE008075244C4F81090A76035F802ECBEF1CC
S214036AF0000F61D0D4E900700CEBCE0A07EB000957
S214036B00CA4559D21CF83EC057461CF0010C15D195
S214036B10AEEB0101012911D1BAF80210AAF802C09E
S214036B2001310A44BAF80610002943D00AEBC1071C
S214036B30216901392161A1680839A16015F8081C8B
S214036B40013A21F0010105F8081C002125F8061C6E
S214036B505A801A7861F300021A707FB3C3F10702F2
S214036B603A44C2F3CF02DA80BA804EB3B34227D395
S214036B707288002A08BF1E46B8F1000F06D04345A8
S214036B8004D8B8F80220002A18BF43460098C4E980
S214036B90056308F0D4FC002079E74FB115F8087CAC
S214036BA0724427F0020705F8087C00279F809CE7BD
S214036BB063469AE70F46BBE70027BFE7DF80D4E7C5
S214036BC01E46D9E7222062E710B50446D5F700FE35
S214036BD02146BDE81040FFF743BFFFF7F5BF084661
S214036BE0FFF732BF0846FFF7F8BF00230360436092
S214036BF07047F0B5D0E90554561C08BF0822002B91
S214036C004FF0000008BF2C46DDF818C0CCF8000093
S214036C10002C37D09DF814706588FF0007EBC50578
S214036C20C2F1000E2078C00708D51BBBE088A0B1D0
S214036C3004EBC004658807EBC505F3E78D42F4D380
S214036C4063B904F10806B6FBF2F002FB106670188F
S214036C500EB1A842EAD8CCF80040F0BD082A0FD0FF
S214036C606088013004EBC000461A06EA0E06801B55
S214036C708542F0D2A0880028EFD0A4EBC004D9E761
S214036C800846E8E72046E8E703460069C0B10AB9C4
S214036C9051B91A6810460378DB0711D531B9C38892
S214036CA05BB100EBC300F6E79A69F3E7012904D169
S214036CB0838823B1A0EBC300EDE700207047184696
S214036CC070472DE9F041D0E9055407468846164635
S214036CD0ABB1954200D00ABB424600213846FFF7C7
S214036CE0D3FFB442054600D02EB9424601213846AA
S214036CF0FFF7CAFF0446C7E90554BDE8F08195428D
S214036D0008D08D4228BF0D46B44205D0444538BF4F
S214036D104446F0E70D46F7E74446ECE79442EAD1EB
S214036D20E3E770B500261C46C3E90001C3E9026623
S214036D30C3E905001E611A775E62FFF756FF2369F3
S214036D400139C908013341802361A36830460833FB
S214036D50A360E3680833E36070BD002307B56846A5
S214036D6000938DF80430D3F7AFFC03B05DF804FB53
S214036D7010B508F0DCFB044606F03CFD2046BDE8F3
S214036D80104008F0CFBB70474FF4C870D5F780BDEE
S214036D90D5F732BE00F01CB87047704708B503F04D
S214036DA07BF903F083F903F08AF903F099F9BDE858
S214036DB0084003F0A8B9704708B503F068F903F074
S214036DC067F903F066F903F066F9FFF7F4FF08BD09
S214036DD008B503F099F903F098F903F098F9BDE8BC
S214036DE0084003F09BB97047012070472DE9F34133
S214036DF012F001050446884622D110F0030525D17A
S214036E002F465208BA4209D1D3F7ECFE0026B74202
S214036E1004EB860008D1D3F7F1FE11E054F82730CF
S214036E2001330CD10137EDE7042258F826300DEB79
S214036E300201019308F090FE30B1D3F7DFFE3D2543
S214036E40284602B0BDE8F0810136E0E70125F7E702
S214036E507047B0F1006F0FD300F07843B3F1006FC3
S214036E600CD000F06040B0F1404F09D0B0F1604F55
S214036E7014BF04200320704700207047012070478A
S214036E8002207047002070471AB111B180B2D6F7BE
S214036E9027B82120704701F094BEDEF7D7BEFFF770
S214036EA08DBCD0E9023253F8223000211878DEF781
S214036EB01FBB704702F0D5B901F015BEC3688268E0
S214036EC0013BDBB252F823305B78652B02D10020FE
S214036ED0E0F75EBE6E2B01D10120F9E7662B01D1E8
S214036EE00220F5E7704710B5D0E90232044653F89E
S214036EF02230187802F09FFAE368A268013352F84A
S214036F002330BDE81040187802F093BA10B5044653
S214036F10C0B2D7F7B3F9200ABDE81040D7F7AEB929
S214036F20D0E9023253F822301878D7F7AFBA02F016
S214036F3032BADFF72BBB08B501F0F6FEBDE8084012
S214036F40E0F714BDD0E9023253F82230186801F096
S214036F50E9BE0020E0F710BE0120E0F70DBE0221D7
S214036F60D7F72ABA0321D7F727BA0521D7F724BAC2
S214036F7008B501460C20D7F7FBF9BDE80840D7F75C
S214036F8089B908B501460020D7F7F2F9BDE80840ED
S214036F90D7F780B907B5C2688368043253F822303E
S214036FA001211B880DF10602ADF806300023D7F742
S214036FB087FF03B05DF804FB08B508F0C7FBBDE820
S214036FC00840EDF7EDB810B51446D8F795FA214604
S214036FD0BDE8104008F0B2B808B5D8F78DFABDE89A
S214036FE00840002108F0AAB808B5D8F785FABDE826
S214036FF00840ECF7EBBB08B5D8F77EFABDE80840C7
S214037000ECF7D0BB7047704708B508F09FFBFFF757
S214037010FAFF03F0DDF8BDE80840D8F7B9BA7047C1
S214037020012070470120704708B5D8F74DFB0028AC
S2140370300CBF0420012008BD70472DE9F341044628
S2140370400D4616461F46DDF8208008F017FC3B4623
S214037050324629462046CDF8008003F0BAF83B4670
S214037060324629462046CDF80080FFF7E5FF02B0FA
S214037070BDE8F04101F0A5BD2DE9FF4704460D46E6
S21403708016461F46BDF830809DF83490DDF838A0CC
S21403709008F0F4FB3B46324629462046CDE9019AE2
S2140370A0CDF8008001F040F804B0BDE8F04701F0E9
S2140370B088BDF8B504460D4616461F4608F0DEFBA7
S2140370C03B46324629462046DDF74CFF044601F090
S2140370D078FD2046F8BD70472DE9F34104460D467A
S2140370E016461F46BDF8208008F0C8FB3B463246CE
S2140370F029462046CDF8008003F06EF83346424614
S214037100294620460097FFF7E6FF02B0BDE8F041A8
S21403711001F057BD704708B508F0B0FB03F05DF803
S214037120FFF7F8FFBDE8084001F04BBD01207047AC
S2140371302DE9F74304460D4616461F469DF828904C
S21403714008F09CFB3B46324629462046CDF8009085
S214037150FFF7ECFF80463B46324629462046CDF8ED
S214037160009003F03BF801F02CFD404603B0BDE869
S214037170F083012070472DE9F74304460D46164673
S2140371801F469DF8289008F079FB3B463246294671
S2140371902046CDF80090FFF7ECFF80463B4632468C
S2140371A029462046CDF8009003F019F801F009FDB2
S2140371B0404603B0BDE8F083F8B504460D461646D0
S2140371C01F4608F05BFB3B4632462946204603F043
S2140371D007F8BDE8F84001F0F4BC00207047F8B5A6
S2140371E004460D46164608F049FB32462946204615
S2140371F0FFF7F3FF074632462946204602F0F1FF23
S21403720001F0DFFC3846F8BD38B504460D4608F0F5
S21403721035FB2946204602F0E5FFBDE8384001F07D
S214037220D0BC10B5044608F029FB204602F0DBFF6D
S2140372302046FDF7DCFBBDE8104001F0C2BC7047FA
S21403724038B504460D4608F019FB2946204602F0D9
S214037250D9FF29462046FFF7F2FFBDE8384001F084
S214037260B0BC704770B504460D46164608F006FBDC
S21403727032462946204602F0C7FF324629462046B4
S214037280FFF7EFFFBDE8704001F09BBC704738B5D1
S21403729004460D4608F0F2FA2946204602F0B6FFE9
S2140372A029462046FFF7F2FFBDE8384001F089BCC7
S2140372B070472DE9F34104460D4616461F469DF8D2
S2140372C0208008F0DBFA3B46324629462046CDF8B6
S2140372D0008002F09DFF3B46324629462046CDF805
S2140372E00080FFF7E5FF02B0BDE8F04101F069BC9E
S2140372F0704738B5054608F0C1FA284600F0E1FEA7
S21403730004460146284601F0AAFF01F05AFC20462F
S21403731038BD38B504460D4602F07BFF29462046A5
S214037320FFF7E6FF38BD704738B5054608F0A6FAFE
S2140373302846DEF737FC04460146284601F08DFF53
S21403734001F03FFC204638BD38B504460D4602F032
S21403735061FF29462046FFF7E6FF38BD704710B5A4
S214037360044608F08BFA204602F055FF2046FFF746
S214037370F5FFBDE8104001F024BC704738B504465D
S2140373800D4608F07BFA2946204602F045FF2946BB
S2140373902046FFF7F2FFBDE8384001F012BC704705
S2140373A070B504460D46164608F068FA3246294676
S2140373B0204602F032FF324629462046FFF7EFFF0B
S2140373C0BDE8704001F0FDBB704738B504460D4676
S2140373D008F054FA2946204602F020FF29462046A4
S2140373E0FFF7F2FFBDE8384001F0EBBB704738B556
S2140373F004460D4608F042FA2946204602F00FFFDF
S21403740029462046FFF7F2FFBDE8384001F0D9BB16
S214037410704710B5044608F031FA204602F000FF24
S2140374202046FFF7F5FFBDE8104001F0CABB7047E2
S21403743010B5044608F022FA204602F0F2FE204673
S214037440FFF7F5FFBDE8104001F0BBBB7047704780
S21403745070B504460D46164608F010FA324629461D
S214037460204602F0E1FE324629462046FFF7EFFFAC
S214037470BDE8704001F0A5BB704710B5044608F0A0
S214037480FDF9204602F0D1FE2046FFF7F5FFBDE8E2
S214037490104001F096BB704738B504460D4608F019
S2140374A0EDF92946204602F0C1FE29462046FFF79D
S2140374B0F2FFBDE8384001F084BB7047F8B50446D8
S2140374C00D4616461F4608F0D9F93B46324629466E
S2140374D0204602F0ADFE3B46324629462046FFF7DD
S2140374E0ECFFBDE8F84001F06CBB704770B504468E
S2140374F00D46164608F0C2F932462946204602F0E3
S21403750098FE324629462046FFF7EFFFBDE8704057
S21403751001F057BB70472DE9F34104460D46164666
S2140375201F46DDF8208008F0A9F93B463246294677
S2140375302046CDF8008002F07DFE3B4632462946C3
S2140375402046CDF80080FFF7E5FF02B0BDE8F04126
S21403755001F037BB0E2070470E20704738B504463F
S21403756008F08CF92046FFF7F7FF0546204602F0A1
S21403757062FE2046FFF7EEFF01F023FB284638BDE8
S214037580704710B5044608F079F9204602F054FE19
S2140375902046FFF7F5FFBDE8104001F012BB0020C0
S2140375A070470020704738B5044608F067F9204650
S2140375B0FFF7F7FF0546204602F03FFE2046FFF79B
S2140375C0EEFF01F0FEFA284638BD704708B508F00E
S2140375D055F902F033FEFFF7F8FFBDE8084001F067
S2140375E0F0BA002070477047704708B5D8F73EF9E1
S2140375F000280CBF0420012008BD70470B68DA7B07
S2140376001AB9DB7C0BB9D8F755B98120704708B592
S214037610D8F768F9BDE80840D8F772B97047D8F7C5
S21403762061B9D8F76DB9082808D84FF48B73C340EF
S21403763013F0010F0CBF2120002070472120704754
S2140376400121D8F74FBA0221D8F74CBA0421D8F74C
S21403765049BA0821D8F746BA1021D8F743BA012009
S2140376607047D0E9023253F822301878D8F7E6BBD1
S2140376700868C37B1BB9C37C0BB9D8F70FBC812042
S2140376807047D0E9023253F822301878D8F748BC4E
S214037690704730B50546044615F8100B85B00295BD
S2140376A065691D44CDE900250B46A21D618801F0DE
S2140376B036FE05B030BD704710B492F80A4192F812
S2140376C0053103EB04230B8100235DF8044B1A46B4
S2140376D001F023BE1FB50446084671B12178FF2981
S2140376E00BD0238B029363690193237C00936288F8
S2140376F0A31DDEF773FAFF23237004B010BD0868DA
S214037700C37B73B9C37C032B0BD8DFE803F00208F3
S2140377100406D8F705BFD8F735BFD8F765BFD8F73F
S21403772013BF812070477047704700207047137857
S21403773010B5032B0CD15479CBB29C4208D1937964
S214037740B3EB112F04D153781B1A5842584110BD7E
S2140377500020FCE77FB505460E4600246946E0B2E6
S21403776001F083FD28B96A4631462846FFF7DFFF56
S21403777018B90134202CF1D1002004B070BDFFF7F6
S214037780E9BF0868C37B9BB9C37C052B10D8DFE829
S21403779003F0030D070B0905D8F7CABFD9F706BAD6
S2140377A0D9F760B8D9F7B2B9D9F730B9D9F702B86B
S2140377B0812070470020704730B5102587B001AA96
S2140377C000210195FEF709FC04462A46002102A87B
S2140377D0E3F7BCFD2A46214602A8E3F709FE01218A
S2140377E002A8D9F7C1FB07B030BDD9F74FBB704726
S2140377F0FFF7FDBF0B68DA7B5AB9DB7C012B04D09D
S214037800022B04D02BB9D9F7D3BFD9F7DDBFD9F7ED
S214037810E7BF81207047002307B5012101A8019324
S214037820D0F786F908B9CFF7BFFF012003B05DF89C
S21403783004FB08B502F06EFA052803D0003818BF1B
S214037840012008BD0220FCE77047D0E9023253F856
S21403785022301878003818BF0120DBF741BBDBF76E
S21403786045BB00207047002070477047FF207047D5
S214037870FF207047002070470020704700207047A5
S214037880704706207047DAF7E9BD0868DBF7C2BA27
S21403789070B50D46044600212846164601F076F9D3
S2140378A0324620800221284601F070F93246608075
S2140378B00421284601F067F90023A360E3606060B3
S2140378C0082070BD034641B181424FF0640005D9DC
S2140378D04343B3FBF1F0C0B2704708467047DBF78B
S2140378E013BBDCF709B9DCF711BAB0F5807F05D016
S2140378F0A0F500735842584140017047082070476E
S21403790030B599B00D4669461446DCF763F930B9CD
S21403791015B1BDF802302B600CB10D9B236019B076
S21403792030BD2DE9F04788B00E46904604A905AA57
S21403793007461D46FFF7E4FF044638BB28800DF1D3
S2140379400C09DDE904A39A4520D20622514638469F
S214037950CDF8009006ABDCF759F9D8B9039B062B94
S21403796018D12A88DDF81A3042450ED2BDF8181011
S21403797026F832102A8806EBC20253602A8853443C
S214037980013206332A800493DBE7F7D9204608B092
S214037990BDE8F0870124F9E72DE9F0438FB00F46E1
S2140379A0904601A9002204469946FFF7A9FF18B19D
S2140379B001200FB0BDE8F083062220460DF1020336
S2140379C002A9FFF7AEFF0028F2D105460246BDF82E
S2140379D00210019CEEB28E42EAD20EAB03EBC60651
S2140379E056F82C3C36F8306C0634BE4217BFE41803
S2140379F0012213460022013522B1C8F80040C9F817
S214037A000030D6E71A46E5E770B50024012602F0F3
S214037A105BF9E5B2C26806FA05F59542234604F11A
S214037A200104F4D3D8B270BD70B586B0DBF720FF7F
S214037A3000F11006E1F714FB00240546142201A901
S214037A40301902F048F91CB99DF80430FF2B16D004
S214037A50002303F118026A4412F8142CFF2A06D1F5
S214037A601C44601E90FBF5F080B206B070BD2B443C
S214037A70DBB2132BEDD91434B4F5826FDED14FF09D
S214037A80FF30F2E7DBF72ABD07B504220DEB020150
S214037A9002F021F9019803B05DF804FB37B50546FB
S214037AA008460C46FFF7F0FFA84206D004222046FD
S214037AB00DEB02010195E1F725FB03B030BD07B5D9
S214037AC00B460092002102460120DBF799FD03B026
S214037AD05DF804FB08B50121DBF7CAFCBDE80840E6
S214037AE0E1F7BCBCDCF708B808B5FFF7F3FF0020E6
S214037AF008BD08B513460A4601461846DBF714FECA
S214037B0080F00100C0B208BD00207047704708B17E
S214037B10DCF712B9704730B4DDE902451DB10294B3
S214037B2030BC00F0C6B930BC70471F2804D81422F6
S214037B3000F5A030D5F79EBA70471F2804D8142244
S214037B4000F5A030D5F7C2BA7047152808B505D199
S214037B50FFF7DCFFBDE80840DCF734BA08BD10B514
S214037B60142486B02246002101A8E3F7EFFB202366
S214037B70224601A94FF4A03001F095FC06B010BDD3
S214037B800020704713B500230C461A460146CDE97C
S214037B900033E0B2DCF7DAFF02B010BD13B5002302
S214037BA01446019001220093E0B2DCF7CFFF02B047
S214037BB010BDD0E9023253F822301868DDF73EB91B
S214037BC0194491420ADC4218002003B9704712F8A0
S214037BD0011D013B01EB0020DBB2F6E700207047F6
S214037BE02DE9F04F4FF0000A85B0019381460F460A
S214037BF015465346019A11785FFA8AF2914203D8E2
S214037C00002005B0BDE8F08F019909EB050801EBEC
S214037C104202517892F802B011F04004009101F04C
S214037C203F061BD0AC19BC42D4BF00240124334604
S214037C306400A20740F18880009B1B0640F19280F7
S214037C400E9B324603EB0B000021E3F77FFB3D461A
S214037C5000231D44ADB20AF1010ACBE7042E07D870
S214037C6066B1B31E022B0BD8DFE803F012213000F7
S214037C703E2E37D03F2E5BD03D2E4BD00320C0E7A1
S214037C80BD4234BF00240124012664003346D0E7F6
S214037C90AB1CBB4250DC02233A4629464846FFF754
S214037CA08FFFADF80A0002230DF10A08C1E7EB1CAB
S214037CB0BB4243DC03233A4629464846FFF780FF88
S214037CC00390042603230DF10C08B2E72B1DBB42D9
S214037CD036DC04233A4629464846FFF771FF0390ED
S214037CE00423F0E77A1E95422CDA02233A46294605
S214037CF04846FFF765FF4FF6FF7380B298420EBF04
S214037D000223023083B25C19A742B4BF03240124C2
S214037D1004268EE7BD4215D298F80030FF2B0CBF21
S214037D2001230133EC18BC42CCBF03240124EFE744
S214037D300124042600237CE73446B4E70224C0E784
S214037D400224CDE70324E3E70E9A02EB0B0014B1FB
S214037D5042F80B807DE7324641460093E3F786FC04
S214037D60009B76E702204CE710B5144686B01881D0
S214037D701A460A9B0291CDE9034301230193099B0B
S214037D80014600930320BDF82030DDF775F906B0F1
S214037D9010BD1FB500240294079C0194BDF818403B
S214037DA00094FFF7E1FF04B010BD2DE9F0410E4645
S214037DB01746054686B098B391B38AB34FF00008CA
S214037DC002A95FFA88F001F050FA044640B99DF81C
S214037DD00830032B08D008F10108B8F1200FEFD1C3
S214037DE0204606B0BDE8F0819DF809202B799A421B
S214037DF0F1D1BDF80A206B889A42ECD19DF80C307D
S214037E00BDF80D006B7128812B4622464FF6FF7195
S214037E10CDE90067FFF7BDFF0028DCD00446DFE7A7
S214037E202124DDE710B586B00A9C04949DF824400F
S214037E300394BDF8204002940124CDE90034134690
S214037E400A4601460620DDF717F906B010BD1FB532
S214037E5004460846194600230094CDE90123079BF0
S214037E60BDF81820FFF7DEFF04B010BDF0B50228FA
S214037E7005460E4614461F468BB00AD106A9F0B235
S214037E8001F0F3F998B99DF8193023719DF81C3069
S214037E906371119B224604930023CDE902330193B9
S214037EA0109B3146009328463B46DDF7E5F80BB0BA
S214037EB0F0BD13B500240194049C0094FFF7D6FF8D
S214037EC002B010BD2DE9F0450646884614469A468C
S214037ED0002701258BB006A9F8B201F0C6F920BB2E
S214037EE09DF81830012B19D19DF8192033799A4241
S214037EF014D1BDF81A2073889A420FD19DF81C300E
S214037F0032467371B9B2CDE9030ACDE9010043469F
S214037F1002200094DDF7B0F8054610B90137202F8C
S214037F20D9D128460BB0BDE8F0850546F9E700230E
S214037F30FFF7C8BF10B50446DDF77CFE0021631EBD
S214037F4004F10F0213F8010FFF2808BF19709342BC
S214037F50F8D10023237410BD0020704770B5064681
S214037F601D46DDF7DBFC044608B9212070BD30460C
S214037F70DDF7A2FF0028F8D0A0682A46FF21FFF706
S214037F8022F89DF81030002063719DF81430A37119
S214037F90ECE713B59DF81040CDE9003413460122F3
S214037FA0FFF7DCFF02B010BD08B5DDF7B7FC28B15C
S214037FB08068FF21FFF718F8002008BD2120FCE7A2
S214037FC00122FFF7F1BF1FB50B466A460146184666
S214037FD001F041F96A460823002032F8021B013BF0
S214037FE013F0FF0380EA0100F7D1012838BF012010
S214037FF080B205B05DF804FB2DE9F04F87B0DDE9EC
S214038000109B05468846484619461F461446BDF843
S21403801048609DF84CA0FFF7D6FF042D0346ABF847
S21403802000001AD8022D1DD9042D07D04FF2F222D4
S214038030A188914222D1E28891071FD5E17A0022D6
S214038040CDE9013720463346CDE90392CDF800A0AB
S21403805001F056F907B0BDE8F08F6A1F012A11D95F
S2140380602120F7E700224146CDE911922846224611
S214038070109707B0BDE8F04F01F051B94FF6FF7601
S2140380800C21DCE7052D0ED10023E17A0022CDE991
S2140380900137CDE9039200912346524641463046C6
S2140380A001F021F9D6E74FF2F222A188914204D1DA
S2140380B0E288920701D5E17AE8E74FF6FF760C21CE
S2140380C0E4E7F0B585B00546DDF7E8F848B16B8818
S2140380D0B3F5006F05D1681D05B0BDE8F04000F0AC
S2140380E0EFBC284600F003FD0446C8B9E7B269466C
S2140380F0384601F0BAF878B99DF8006066B92946A3
S214038100384601F0B6F820B140F60443984207D04B
S2140381108C26304605B0F0BD0134202CE6D1F7E7B7
S2140381208D26F6E7DDF7A0BA2DE9FF4704460D4690
S2140381300146184617461E46BDF830809DF8349013
S214038140DDF838A0D8F72CF8D0B92146284601F038
S21403815036F933463A4629462046CDE9019ACDF804
S2140381600080DDF725FB33463A4629462046CDE90F
S2140381700D9ACDF8308004B0BDE8F04702F02BB876
S21403818004B0BDE8F087DDF7BDBCDDF775BCDDF7F1
S21403819099BC10B5044601F01EF908220146204694
S2140381A0BDE81040E3F724B901F017B9002101F048
S2140381B014B901F026B90020704720207047EAF76B
S2140381C0AFBFEAF7F9BFEDF79BBC7047DDF7E6BD37
S2140381D070B506460C46154600F04CF850B13CB157
S2140381E035B1204600F0D8FC013080B2A84200D951
S2140381F0002070BD304600F043F840B1002CF7D0A5
S214038200012DF5D9204600F0CCFC0230EDE73046D0
S214038210DDF724FDEAE7F8B5BDF8185010B39678F5
S21403822055B9D478A6F14107012F07D8621ED2B2FA
S21403823000F0D1FD0020F8BD2C46F3E7433E012EA7
S21403824004D8A21E92B200F0DEFDF3E7D27813B98B
S2140382500DB1AA4206D811B9E3F778F8EAE7E3F7CF
S214038260C7F8E7E78920E6E7413803288CBF0020F4
S21403827001207047413801288CBF00200120704739
S214038280433801288CBF0020012070470020704728
S214038290002070470388B3F57C4F01D3FFF7F8BF80
S2140382A00846FFF7F3BF10B54A880488A2420DD1EB
S2140382B0037B0C79234009D0B2F57C4F08D3FFF734
S2140382C0E7FF0B891B1A5842584110BD0020FCE7F4
S2140382D00120FAE738B50D88D488A5420AD1038869
S2140382E0B3F57C4F08D2FFF7D5FF13891B1A584204
S2140382F0584138BD0020FCE70120FAE72DE9F04796
S21403830015460446B8B149B1EAB100264FF0140A3F
S214038310B04690F80490F3B2994501D800240AE0D9
S21403832027680AFB06773846FFF7BDFF013628B1F4
S2140383303C46A5F800802046BDE8F0877B89434489
S2140383401FFA83F8E7E71446F5E72DE9F0470E46EC
S21403835015460446B8B149B112B300274FF00C0ACC
S214038360B846B0F80890BBB2994501D800240AE095
S2140383706368324620460AFB0731FFF7ABFF28B196
S2140383800C46A5F800802046BDE8F0870B79013738
S21403839013F0300F02BFCB7843441FFA83F8E2E7AB
S2140383A01446F0E72DE9F04186B00D46144698468C
S2140383B004AA05AB03A90646DDF726FD40B30DB1B7
S2140383C0049B2B6034B3049D03982946FFF762FF92
S2140383D02B88074602467188307800F050FBD8B1E8
S2140383E0297911F010030BD0EB782A46CDE9004328
S2140383F03B4671883078FCF7E6FA06B0BDE8F081B4
S2140384002A4620460599CDF80080FFF704FFF4E7D7
S2140384108620F2E72046F0E77E20EEE71FB51C46EF
S2140384200023ADF80A20BDF818208DF80400ADF837
S2140384300610ADF80C2069461A4601A800938DF87D
S2140384400840FFF7AFFF009804B010BDF0B587B043
S2140384500E4605AB04AA03A90446DDF7D5FC08B30C
S214038460049D03982946FFF715FF2B880746024607
S2140384706188207800F005FBB0B1297911F010016E
S21403848008D000963B462A4661882078CDF7CCFF75
S21403849007B0F0BD009101232A4631460598FFF741
S2140384A0BAFEF5E78620F3E77E20F1E72DE9F041F3
S2140384B0064600254FF014080779E8B2874201D82C
S2140384C000241AE008FB05F0D6F800C00CEB000405
S2140384D03CF8000081421AD132B1802A10D194F9B7
S2140384E00CC0BCF1000F12DAB0F57C4F05D3204662
S2140384F0FFF7CEFE834200D04BB92046BDE8F0819D
S214038500402A04D194F80CC01CF0400FECD101357E
S214038510D3E70121DDF7B4BB08B513460022DDF728
S214038520DDFC003818BF012008BD08B513464022FD
S214038530DDF7D4FC003818BF012008BD08B5134684
S2140385408022DDF7CBFC003818BF012008BD08B534
S21403855040220023DDF7C2FC003818BF012008BD07
S21403856008B580220023DDF7B9FC003818BF0120C8
S21403857008BD0023DDF7B2BC0021DDF71FBD10B533
S21403858004460121DDF71AFD2046BDE8104001F040
S21403859056BE7047F8B516461F469DF81820BDF818
S2140385A01C300546DDF79AFC78B10421DDF784FD1F
S2140385B0044650B1284600F010FB3A46314628469A
S2140385C0A047BDE8F84000F0FCBAF8BD2DE9F74F28
S2140385D01E46DDE90C9B074688461446BDF8383030
S2140385E02AB3B9F1000F22D00EB392F804A099F87B
S2140385F00020504612F0080F0CBF802240226188EC
S214038600DDF76CFC98B10821DDF756FD054670B121
S214038610504600F0E2FA3346224641463846CDE954
S214038620009BA84703B0BDE8F04F00F0CABA03B0FA
S214038630BDE8F08FF8B5BDF8187016461A463B46E7
S2140386400446DDF74BFCE0B177B90221DDF734FDD4
S2140386500546B0B1204600F0C0FA31462046A8478A
S214038660BDE8F84000F0ADBA1021DDF725FD05465C
S21403867038B1204600F0B1FA3A4631462046A847BC
S214038680EEE7F8BD73B5BDF8184016461A462346FE
S2140386900546DDF723FCB8B1C4B92021DDF70CFD90
S2140386A0044670B1284600F098FA099B31460093B9
S2140386B028469DF820309DF81C20A047044600F06D
S2140386C080FA204602B070BD8624FAE70024F8E755
S2140386D02DE9F04186680446007800F07EFA00250E
S2140386E014273279EBB29A4203D8BDE8F04100F082
S2140386F068BA7B4332682078D15A02EB030800F04D
S214038700C2F901214046DDF7D7FC034608B12078BD
S21403871098470135E5E72DE9F04F1C4689B09DF8EB
S2140387204C30BDF8488001939DF850309246029332
S2140387302246434607460D46DDF7D0FB8DF81470F8
S2140387400646ADF816508DF81840ADF81AA0ADF8E9
S2140387501C8018B9012009B0BDE8F08F05A9FFF702
S214038760A2FD0028F6D000252F46A8462C4634E066
S2140387700C231FFA85F903FB09F931887368B1F5F1
S2140387807C4F33F8092003EB090B1AD333F809009F
S21403879050452CD3019BA3422DD900F0BAF99BF880
S2140387A00200DEF735F9029B43B19BF8043013F061
S2140387B0010F0CBF05200720DEF72AF90134A4B207
S2140387C019E0ADF81A205946304605AA0393FFF779
S2140387D081FD039B0028D9D101353289ABB29A4279
S2140387E0C6D804EB0800C31B58425841B3E708F148
S2140387F001081FFA88F80137BFB2EDE710B5012468
S21403880088B006949DF83C4005949DF8384004943F
S2140388109DF8344003949DF8304002940B9C0194D9
S214038820BDF828400094DDF78BFD08B010BD2DE998
S214038830F04786B0BDF83880DDF83C909DF840A040
S214038840CDF80080CDE9019A04460D4616461F462C
S21403885000F013F9B8B1431EDBB2012B10D8002386
S2140388600122811E48424841CDE90432CDE902A0E7
S2140388703B46324629462046CDE90089FFF7BEFF30
S21403888006B0BDE8F0870120FAE730B500240125DD
S21403889087B0CDE9044503959DF82C5002950A9DB3
S2140388A0CDE90045FFF7AAFF07B030BD30B5002479
S2140388B0012587B0CDE9044503959DF8285000941B
S2140388C0CDE901354023FFF799FF07B030BD10B55A
S2140388D0012486B0CDE90444002403949DF828407F
S2140388E00294099C0194BDF820400094FFF786FF8C
S2140388F006B010BD1FB5089C03949DF81C40029457
S214038900069C019400240094DDF716FE04B010BD07
S21403891070472DE9F84F0229074688460C9D04D870
S2140389204FF0000A5046BDE8F88F1BB10429F7D96B
S21403893042F004023A702BB303247B701B0ABB700D
S214038940DFF710F94FF000099DF82830385504F189
S214038950020A01343B550B9A5FFA89F3D45C002C68
S214038960E0D0732C10D82E464C2C56F804BB3DD0C2
S214038970532C15D0622C45D1AC8805F1080600238C
S2140389801A4616E00124DBE7A4F17503032BC7D8C8
S214038990763C2E1D022C52D8DFE804F0565A5800B7
S2140389A06A6805F1080694B2D2B2B2F1FF0318BFA3
S2140389B001230AEB040119448845B1DB50461946E6
S2140389C0002947D153441FFA83FA5CB1BBF1000F69
S2140389D0A6D0224607EB0A005946E2F747FE544460
S2140389E01FFA84FA354609F10109B4E74FF6FF7317
S2140389F06A6805F1080694B222469C4214BF022315
S214038A000023D6E76C2C05D1584600F0CAF8841C20
S214038A10A4B2B4E7732C04D1584600F0BDF8441C46
S214038A20F6E7A4F13003DAB2092A01D89CB2A6E726
S214038A30A4F14103062B3FF673AF373CE8E7012367
S214038A4000242A68A346B4E70223F9E70323F7E7DB
S214038A500423F5E700F1010C01393A54C9B2120AAE
S214038A601FFA8CF0ACE70020DDF75ABF0022DDF7D3
S214038A7077BF0023DDF78ABF7047012070470120C8
S214038A8070470120704770470020704700207047EA
S214038A900020704700207047002070470020704772
S214038AA070470E2070470020704700207047002054
S214038AB07047002070477047FF2070470E207047AE
S214038AC08420704770477047002070470020704727
S214038AD00020704700207047002070470020704732
S214038AE00020704770470E20704700207047002014
S214038AF0704770470020704770477047704770474D
S214038B000E207047704700207047812070477047DB
S214038B10704738B50546C0B2DDF77AFF0446280A23
S214038B20DDF776FF14B1002808BF0024204638BDC1
S214038B30F8B50546C0B2DDF76BFF0446C5F307205C
S214038B40DDF766FF0746C5F30740DDF761FF064618
S214038B50280EDDF75DFF24B12FB136B1002808BF1C
S214038B6000242046F8BD3C46FBE73446F9E710B43C
S214038B70CC18944203DC5DF8044BFFF721B80020C1
S214038B805DF8044B70470423FFF7F1BF08B50223D3
S214038B90FFF7EDFF80B208BD0078FF2808BF00206E
S214038BA0704708B502220021FFF7F0FF4FF6FF7368
S214038BB0984208BF002008BD003818BF01204000B7
S214038BC070470020704708B5FFF7A3FCFF284FF057
S214038BD0FF3018BF0020C0B208BD08B5FFF7F3FF8B
S214038BE0FF280CBF2120002008BDF8B506460C461A
S214038BF015461F4600F011F810B12544AC4200D1CB
S214038C00F8BD3946304614F8012BDDF7F3FFF5E7D8
S214038C10014600220220DDF77DBF0120704737B5ED
S214038C200546DCF707FA044601950CB981201CE0DB
S214038C30237823B12046DCF705FA0446F5E72B68CC
S214038C4062685B889A42F5D1A368EA7B99B272B1EF
S214038C502A8A9142EED16A7DB2EB134FEAD1002005
S214038C60E36801A998478128E4D003B030BD4FF6E6
S214038C70FF72EEE72DE9F84304460F469046994601
S214038C800BB3012A1FD80C20E2F766FD064610B97F
S214038C901920BDE8F8831020E2F75EFD18B93046C8
S214038CA0E2F762FDF4E70123002547EA0847706010
S214038CB00570C0F80C904460876033803046DCF75C
S214038CC0B1F92846E5E72120E3E738B504464368CB
S214038CD008460D469847B4F90830002B02DB2B787C
S214038CE0042B06D1002320466360BDE83840DEF738
S214038CF013BB38BD30B54FF48A5587B0ADF8162090
S214038D000DF116041A46029543B100230122CDE95C
S214038D100033234600F01EFA07B030BD0194012449
S214038D200094F7E7FFF7EBBEFFF7BDBE00207047E2
S214038D3008B500F014FB20B900F05BFB08B9DBF7BD
S214038D400FFBFFF7CFFEBDE80840FFF7DBBE0020B2
S214038D50DEF74ABF0021DEF7E7BF0022DEF7A6BF35
S214038D601FB5D2880B4612F0200F4FF6FD7114BFC5
S214038D7049245224ADF80610510544BF083CE4B21A
S214038D80110544BF083CE4B2120444BF023CE4B2FB
S214038D90032805D8DFE800F0020F161CADF80630EE
S214038DA0BDF80600FFF788FEFF281CBF241AE4B2AE
S214038DB0204604B010BD02AA0DF10601D8B200F099
S214038DC08CFAEDE7D8B200F052FAADF80600E7E702
S214038DD0013CE4B2E4E7F8B5064617460D4681B112
S214038DE00C78FF2C0BD00846FFF7D6FEB84228BFF8
S214038DF03846C4B22246691C701CE2F7F9FA34708E
S214038E00F8BD0C46FBE770B5044615460E4611B989
S214038E104170017070BD0B78FF2B05D14B78FF2B8B
S214038E2002D103704370F5E73046FFF7BAFEA84257
S214038E3028BF284685B22A46B11CA01CE2F7D8FAFA
S214038E4025702D0A6570E5E7F0B523B9013A531C82
S214038E502FD1002020E0042AFBD800231C46551EF1
S214038E606E1C1AD1042A10D00121D200501E01FA1A
S214038E7000F020421EBF914049420C4318421EBFD9
S214038E804FF0FF3101FA02F213439C421EDCB4BFDB
S214038E904FF0FF30002040B2F0BD40B1465DEF001A
S214038EA0BE4034434E5D013DBE403343D8E70646DD
S214038EB0F5E78C5C38B90346A34202F1FF32C6D20B
S214038EC04FF0FF30E8E7835CA342F5D90120E3E7E0
S214038ED0283807288CBF0020012070471D2810D093
S214038EE004D840B11C2804D0552070471E380128EA
S214038EF0FAD81A2901E00B390F298CBF5520002018
S214038F0070470829F9E7002000217047F7B59DF858
S214038F1020400546082C104619469DF8246036D88E
S214038F20002213462C44AC4208D106F0FD04382C2C
S214038F300ED10096FFF7E7FF03B0F0BD14F8017DEE
S214038F401B0243EA12631202BA1843F10003EAE76C
S214038F50392E10D107EE100A07EE902AB4EEE77A00
S214038F60F1EE10FACCBF77EE677A77EEC77A002178
S214038F7017EE900AE0E7824273EB010403D2801AED
S214038F8061EB0301D8E7101A63EB0101D4E7002075
S214038F900146D1E738B5C36814461944836853F8C5
S214038FA021501AB12846E2F7CDF82070284638BD7E
S214038FB02DE9F3411C4616460DF107029DF8205095
S214038FC0FFF7E8FF9DF807308046A34288BF8DF879
S214038FD007409DF807700DB1E41BE5B22A46002151
S214038FE03046E2F7B3F93A4641467019E2F700FA1B
S214038FF0384602B0BDE8F0812DE9F3411D4616461A
S21403900001AA9DF82040FCF7E8FF019B80469D429D
S21403901038BF0195019F04B1EC1B22460021304660
S214039020E2F794F93A4641463019E2F7E1F9F8B225
S21403903002B0BDE8F08173B50024154601AA1E46AA
S2140390400194FCF7CAFF019B072B0AD92146CCB231
S21403905016B1C4F10704E4B2425C013108292A556B
S214039060F5D1D8B202B070BD1FB5030A8DF80E3025
S2140390700323009303AB8DF80D0000F0BBF805B097
S2140390805DF804FB1FB58DF80F100421030A8DF855
S2140390900E30009103AB8DF80D0000F0ABF805B071
S2140390A05DF804FBF0B589B016689DF83C50CDF822
S2140390B009608DF811305668BDF83830012D109FC1
S2140390C0BDF84440CDF80D60ADF812308DF814505D
S2140390D014D0032D19D13B68CDF815307B68CDF835
S2140390E019309DF848308DF81D3016230093BDF8CF
S2140390F04C2002AB00F07EF809B0F0BD8DF81540A9
S214039100240A0F238DF81640F0E70120F4E71FB575
S2140391100446084611461A4602238DF80D1000939E
S214039120214603AB00F066F804B010BD10B5144634
S2140391301A460B6886B0CDF80D304B683421CDF84F
S21403914011300A23009303AB8DF8154000F052F854
S21403915006B010BD2DE9F041B6B014461D460646CE
S2140391600F469DF8F080DFF703F803AA8DF80C008E
S2140391701046330A8DF80F703F0A8DF80E308DF8BF
S2140391800D602B468DF810708DF8114005EB4405E5
S214039190AB4202F102021FD16200D2B2931DDBB2D0
S2140391A03D99D8336B44073203F8CC8C01EB480562
S2140391B0D3B250FA82F2A94202F1020212D103EBB1
S2140391C04803009006213046BDF8F820DBB2DEF7F0
S2140391D0D9FF36B0BDE8F08133F8021B1171090AD6
S2140391E05171D5E731F8024B02F8024C240A02F813
S2140391F0014CE0E72DE9F0411C4605460E461746AE
S2140392009DF81880DEF7B4FF207043463A46314691
S21403921028460694BDE8F041DEF7B4BF0020704749
S2140392207047D3F791BA08B5E9F778FA002840F6FD
S214039230124018BF002008BD70477047704770473C
S214039240704770477047002070477047704700208C
S21403925070477047704702F066BFFEF775B8FEF7B3
S21403926058B803F0D7BAF5F7B7BA03F0C4BAF5F7A8
S21403927071BAF5F7D9BAF5F793BAFEF737B9FEF729
S2140392801DB910B49DF8044001945DF8044BFEF735
S21403929010B8FEF764B8FEF771B8F1F75BB9F1F7EB
S2140392A05FB9EEF7CBBCEEF7CFBCEAF753BBFEF7DE
S2140392B0B0B8FEF775B8FDF7C0BEFEF798B8FEF770
S2140392C084B830B4BDF808409DF80C50CDE902458B
S2140392D030BCFDF7D1BEFDF76FBFF5F717BCDEF761
S2140392E0A1BFF5F7DDBC70B49DF80C40BDF8105077
S2140392F09DF814600394CDE9045670BCF2F744B9A4
S21403930070B49DF80C40BDF810509DF8146003949B
S214039310CDE9045670BCF2F777B9F2F761BA10B428
S2140393209DF8044001945DF8044BF2F7B1B910B40C
S2140393309DF8044001945DF8044B01F0BABF01F0B8
S214039340BABFFDF77DBFFDF78DBFFEF71AB9FDF770
S2140393509EBFECF785BFEDF7DDBEEDF7AFBEECF7CE
S214039360A9BB02F051BBEDF761B902F0A7BBEDF75D
S214039370EDBAECF751BEEDF7D3BEEDF74FBEEDF702
S2140393806BBEEBF713BAFEF7C6B8FEF761B8FEF787
S21403939074B8FEF781B800F036BC00F02FBCF4F7C3
S2140393A0D5B9F1F721BFF4F7AFB9F4F7D5BAF1F7AA
S2140393B0EBBEEAF7BBBAF3F775BBFFF732BFFAF7B4
S2140393C093BEFEF703B9FDF72CBFFEF731B801F0E5
S2140393D020BDDEF785BEEAF7D1BFEAF77BBB01F017
S2140393E0DCBF01F0B3BFEAF7C9BBEAF717BFEAF77A
S2140393F041BFEAF737BBDEF78FBEDEF7A1BEDEF767
S21403940079BEEAF7D7BADEF77FBEF6F7DDBA01F024
S2140394109BBF01F062BFEAF7D3BAEAF799BFEAF750
S21403942029BB10B4BDF8044001945DF8044BFDF766
S21403943053BEDEF721BFDEF713BFF6F765B8F6F7C0
S2140394409DBA03F0FABA03F000BBF6F7D5B8F6F701
S214039450B5BA00F06DB900F0ABB900F0D3B900F0BF
S214039460B9BA00F029BB00F092BADFF71DBC00F0D2
S214039470F0B900F01DBA00F030B810B51C4601F084
S214039480ECFD06F034FA0023C0F3402023704000BE
S21403949010BD002208B50B461146FFF7EEFF023853
S2140394A018BF012008BD002070477047B1FA81F04D
S2140394B04009704701207047704770470020704787
S2140394C070470020704770470E2070470120704792
S2140394D07047012070470120704714220021E1F7EE
S2140394E035BF704770B505460C468AB02522002165
S2140394F00DF10300E1F72AFF6B68CDF81D30AB686A
S214039500CDF82130234601AC03F110062246186835
S2140395105968083303C2B3421446F7D101236A7B62
S2140395208DF8023012F0040F0CBF4FF480734FF423
S214039530A073110748BF43F48063ADF80030930768
S21403954048BFBDF80030684644BF43F00803ADF893
S2140395500030F1F721FB0AB070BD30B5427B0D46F3
S214039560D10704468BB007D5407801A9F1F77EFBF7
S214039570D8B12D200BB030BD9307FAD5C2F38003C4
S21403958010074FEA8313ADF8023044BF43F48063F9
S214039590ADF80230BDF80220201D0AB10DF102021B
S2140395A001A902F0DDFD0028E3D001AB03CB9DF853
S2140395B01430A1602373BDF810306060590642BFB3
S2140395C0627B42F0040262735A0542BF627B42F03A
S2140395D0080262731B0742BF637B43F00203637395
S2140395E02B4606AC0AAD224603CAAA421860596047
S2140395F0144603F10803F6D10020BBE7F0B5044692
S2140396000D4693B0252200210DF12300E1F79EFEBF
S214039610636804F1040CCDF83D30A36809AECDF8B9
S21403962041302B4605F1100732461868596808334F
S21403963003C2BB421646F7D105238DF82230637B5F
S2140396405B0103F40073ADF820306378FF2B1AD167
S214039650002360461A4601A900F0D9F99DF80530A3
S214039660FF2B0DD1002301A91A46184600F0CFF9A7
S2140396709DF80530FF2B03D11C26304613B0F0BDF2
S2140396809DF8053063700020617808AA00F0B4FAEC
S21403969006460028F1D1607801A900F03EFA2B4671
S2140396A003AD2A4618685968083303C2BB421546F9
S2140396B0F7D1637B6078DB0648BF9DF81C3001A9B1
S2140396C044BF63F07F038DF81C3000F03DFAD4E707
S2140396D010B504468AB02422002101A8E1F736FE1D
S2140396E0637B590744BF4022ADF810201A0742BFD8
S2140396F0BDF8102042F48062ADF81020DB070FD5CA
S214039700607801A9F1F7B2FA10B12D200AB010BDA6
S21403971001AB03CB637B606043F00203A16063731A
S21403972004A9201D02F01EFD0028EED00020EDE760
S2140397301FB5694600F066F8002818BF2D2005B04F
S2140397405DF804FB73B50D4614460646DEF7D4FEF5
S2140397506B881A071AD522463146102002F0E3FC1E
S2140397602046DEF7C9FE6B88D90717D500232246A5
S21403977001210DF107008DF80730DFF78FF96B88AD
S214039780002B0CBF2120002002B070BDDE06EAD5F8
S21403979022460821281DDFF781F9E1E79A0701D55C
S2140397A00223E4E75B07EAD50323E0E70F207047CD
S2140397B01FB50C46694600F025F810222146684678
S2140397C0E2F710F9B0FA80F0400904B010BDB8B162
S2140397D0B1B14388A3B90378013B082B10D8DFE85F
S2140397E003F00507090B0F0F0F0F0D00DFF758B82F
S2140397F0DFF7B2B8FFF776BEFFF700BFDFF740BA72
S2140398002120704738B50D4609B300B30378013BF2
S214039810082B1AD8DFE803F0050D101319191919C8
S2140398201600DFF775F80446284602F099FE204630
S21403983038BDDFF7B1F8F6E7FFF78FFEF3E7DFF79C
S214039840E1F8F0E7DFF726FAEDE72124ECE7212439
S214039850EDE770B586B0064601A80C461546FFF739
S2140398603CFE04238DF804301CB12068616802AB0B
S21403987003C3294601A88DF80560FFF7A8FF06B0C5
S21403988070BD70B586B0044601A80D461646FFF7B0
S21403989024FE0323206861688DF8043002AB8DF83C
S2140398A0116003C3294601A8FFF791FF06B070BDF8
S2140398B00022FFF7E6BF30B585B00D46694604467D
S2140398C0FFF7A0FF20B92A4621466846FFF73AFF6E
S2140398D005B030BD30B5437B044613F001020D4698
S2140398E08BB007D0407801A9F1F7C0F970B12D20ED
S2140398F00BB030BD9B07FAD5ADF8022001A90DF1D8
S2140399000202043002F02CFC0028F0D000210E22C4
S214039910A81CE1F71BFDBDF810302B80039BAB6042
S214039920BDF81230AB819DF81430237301AB03CB23
S2140399306060A1600020DBE770B5437B0446DB076D
S2140399400E468AB003D42D2528460AB070BD694654
S214039950407800F04DF905460028F4D1DDF81D30B7
S2140399600E226360DDF821300146A360637BB01CE2
S21403997043F002036373E1F7E9FCBDF80030069A8F
S21403998043F004033380059BB2607360DCE70B4649
S21403999010B50446102200211846E1F7D7FC2278BA
S2140399A0032A09D0042A0DD0022A11D101462046E3
S2140399B0BDE81040DFF7D4B901462046BDE81040A5
S2140399C0FFF788BF01462046BDE81040FFF7B4BF47
S2140399D0262010BDF8B5074608460C4616461D4613
S2140399E0FFF77BFD04232370637B314643F00103BB
S2140399F0204667706373FFF705FF08B12D20F8BD97
S214039A0029462046FFF7C3FF0028F8D0F6E7F8B547
S214039A10054608460C461F461646FFF75EFD04231A
S214039A20237025B108222946E018E1F7E1FC637BA1
S214039A3043F0020363734EB932460121284600F011
S214039A40E4F8FF28607007D12D20F8BD3146204684
S214039A50FFF7D8FE0028F7D1637B43F00103637357
S214039A600DB90020F1E7002FFBD039462046FFF75B
S214039A708EFFF6E7F8B50C460746084616461D461B
S214039A80FFF72BFD03232046394600F8043B082244
S214039A90E1F7AEFC637B314643F002032046637373
S214039AA0FFF7B0FE08B12D20F8BD29462046FFF784
S214039AB06EFF0028F8D0F6E7F8B5074608460C46CA
S214039AC016461D46FFF709FD03232370637B3146C5
S214039AD043F00103204667706373FFF793FE08B1F4
S214039AE02D20F8BD29462046FFF751FF0028F8D061
S214039AF0F6E718B18022012100F087B8FF207047EF
S214039B00002307B51A4619460093F2F7FFFDB0FA8D
S214039B1080F0400903B05DF804FB0B4610B519222C
S214039B200446FF211846E1F711FC7E2C01468CBF44
S214039B3004F5C43004F583304FF01902BDE8104035
S214039B4088BFAD30D3F796BA7E2888BF00F5C430F9
S214039B504FF0190294BF00F58330AD30D3F7B6BA91
S214039B6030B589B00D46FFF7C4FFFF2804460DD075
S214039B7001A9FFF7D2FF2868696801AB03C3204633
S214039B8001A9FFF7E1FF002009B030BD2D20FBE758
S214039B90704770470020704770470F207047704724
S214039BA09DF8000070470F2070470F207047002075
S214039BB070470F207047002070470020704784B01E
S214039BC08DE80F00002004B07047002070477047F0
S214039BD0704700207047704700207047704700208A
S214039BE07047012070477047002070470120704778
S214039BF00E207047FF2070470E2070470E207047D8
S214039C000020704770470E207047FF20704770474C
S214039C1070470020704770477047704700207047B2
S214039C207047002070470020704700207047704739
S214039C307047002070477047002070470020704729
S214039C4070470020704710B50024E3B210B9C3F183
S214039C500303DBB20134042CCA544FEA1222F4D1B4
S214039C6010BD10B50B784C788A78C97828B9104699
S214039C702246044608461946034642EA012043EABA
S214039C80042343EA004010BD7047DFF71DB908B54B
S214039C90CDF78CFE002814BF8620002008BD08B52B
S214039CA0CEF754F8003818BF012008BD08B5CEF724
S214039CB00DF8003818BF012008BD08B5CEF792F896
S214039CC0003818BF012008BD08B5DFF7DDF9BDE889
S214039CD00840DFF78BB970B504460D461646DFF726
S214039CE0D3F90420DFF774F9324629462046FFF7F6
S214039CF0DDFF04460220DFF76BF9204670BD08B58A
S214039D00DFF7C2F9BDE80840CDF7C4BFDFF7F4BC00
S214039D10DFF7D4BC08B5DFF7D1FC20B1BDE80840B7
S214039D200020DFF709BE112008BD10B5044608B1B0
S214039D30DFF7E4FE2046BDE81040FCF74EBF10B543
S214039D400446006A10B1616AFFF7EFFF0020C4E91A
S214039D50080010BD38B50546FFF7F1FF2B7E044615
S214039D60012B0ED0023B012B0ED8EB69012B18BF3B
S214039D706FF09604282200212846E1F7E7FA2046EA
S214039D8038BDEB69002BF2E76FF09604F2E7182272
S214039D900021E1F7DBBA70472DE9F84F9846DDE975
S214039DA00B490D9B15469A0706460F4623D02A46AF
S214039DB00A9B03EB040A1444A24220D10D9B9B0783
S214039DC005D5A2EB050AD14505EB0A0420D82046A3
S214039DD0BDE8F88F434639462020B0470AF1010A0A
S214039DE0CA450AEB0B02F5D3A9EB04024C4588BF20
S214039DF000222A44DCE7A246A5EB040BF0E702F1B7
S214039E00010B434639461AF8010DB0475A46D3E7C5
S214039E104346224639462020B0470AF1010AD2E7D4
S214039E202DE9F047DDE90D7616F0020F9DF8288040
S214039E30DDE90854DDE90BCE1FD106F001094FB169
S214039E40B9F1000F06D0B8F1000F02D116F00C0FCF
S214039E5000D0013F4FF0300A04E0202C04D005F870
S214039E6004A001347445F8D3B9F1000F05D04FF0C0
S214039E703009A74201D9202C2DD116F0100F1FD080
S214039E8016F4806F2CD15CB3744501D0BC4227D145
S214039E90B4F1010E23D0BCF1100F46D1023C16F0EC
S214039EA0200F28D1202C28D04FF0780C05F804C0BA
S214039EB00134202C21D04FF0300C05F804C00134B7
S214039EC0202C1AD0B8F1000F23D04FF02D0C05F834
S214039ED004C0013412E005F804900134C9E774465F
S214039EE0BCF1100FDBD0BCF1020FE2D1202C04D062
S214039EF04FF0620CDAE7202C08D12024CDE90A764D
S214039F00CDE90854BDE8F047FFF746BF4FF0580CBD
S214039F10CCE716F0040F02D04FF02B0CD7E716F061
S214039F20080FEBD04FF0200CD1E7BCF1020F7446BC
S214039F30C1D1DDE72DE9F04391B0189D1A9E1D9F10
S214039F400DB927F010077C0500D515B317F0200FC1
S214039F5014BF4FF0410E4FF0610EAC4600250DF1D5
S214039F602008AEF10A0EBCFBF6F906FB19C95FFA28
S214039F7089F4B9F1090F94BF30347444E4B2B4459C
S214039F8008F8014B05F10105BCFBF6F401D3202DBF
S214039F9010D11C9C069705941B9CCDE903649DF881
S214039FA06440CDE9015408AC0094FFF739FF11B0C3
S214039FB0BDE8F083A446D6E72DE9F04F95B0269E7C
S214039FC0CDE90A23DDE91E74DDE9229B57EA040383
S214039FD008BF26F010067205CDE9080102D557EA38
S214039FE0040337D016F0200F14BF41236123002546
S214039FF00DF1300AA3F10A0821464A465B46384665
S21403A000E0F738FED2B2092A94BF303242444F45B5
S21403A010D2B274EB0B0405F101050AF8012B01D348
S21403A020202D14D1259B06960593249BDDE9080174
S21403A030CDE903939DF88030CDE901530CAB009333
S21403A040DDE90A23FFF7ECFE15B0BDE8F08F0746FF
S21403A0500C46D1E70025E5E708B100F014B87047D1
S21403A06010B1D1E900311847704738B5441E14F8CB
S21403A070015F25B90A2000F006F8284638BD2846B1
S21403A08000F001F8F3E701460020FCF779BB7047C0
S21403A0907047E9F75FB8704708B5FCF742FBCDF7A2
S21403A0A085FCBDE80840CFF795BD704708B5CDF7EA
S21403A0B0C5FFFAF7DCFFBDE80840DEF7E5BF08B5E5
S21403A0C0FBF7FEFEDFF74EFDFBF7D8FDE0F7ECF8F7
S21403A0D0E0F7D8F8E0F75AF8BDE80840D2F7A4BF8F
S21403A0E008B5D0F7BBFFFBF7B8FDD0F7C3FFFBF708
S21403A0F0B6FDD5F7ABF9D5F751FAD5F759FBBDE859
S21403A1000840D5F777BA70477047E0F765B808B5E3
S21403A110FCF752FFBDE80840FCF776BF704707B56B
S21403A12000220346114601200092D4F709FB03B030
S21403A1305DF804FB07B500920B46027D81898068B3
S21403A140FDF74EFD003818BF0120C00103B05DF8CF
S21403A15004FB08B50020DBF701FC0020DDF792F9CD
S21403A1600020D5F7CDFE0020D6F7BAF90020D6F7A3
S21403A170E3FE0020D9F712FA0020D9F77DFF00206E
S21403A180DAF772FDBDE808400020DAF75DBE08B5D1
S21403A1900120FDF73CFABDE808400120D6F7A0B938
S21403A1A008B50220DBF7CEFC0220DAF767FE0220B2
S21403A1B0DDF776FC0220FFF7ABFD0220FDF792FCED
S21403A1C00220D9F759FFBDE808400220DBF75AB949
S21403A1D07047FDF7A7BF70477047704770477047D3
S21403A1E070477047704710B50446DBF765F820469E
S21403A1F0D7F7B4F92046D8F707F92046BDE810404C
S21403A200FDF7A3BCFDF7BEBCFDF7C8BCDAF736BD49
S21403A210704770477047704770477047704770477E
S21403A2207047704705F029BB70477047DAF7C0BD23
S21403A230704770477047704770477047704770475E
S21403A240CCF744B8FEF748BC704700207047FEF7CB
S21403A25045BCFEF74FBC7047431E012B03D9031FB3
S21403A2605842584170470120704700F021BC4FF414
S21403A270D0720021E1F76AB870B50446E3F73EF9F9
S21403A2800546A8B9A169F1B1238AD3B1204604F1E2
S21403A2901002E2F7E1FF38BBE16919B3638AA3B1A1
S21403A2A0204604F1120200F0CAFA78B1054603E02C
S21403A2B00023A3612361E3610023284663612362CD
S21403A2C070BDA061E8E72082E6E7E361216A002922
S21403A2D0F2D0A28A002AEFD02046E38ABDE8704077
S21403A2E000F06FBA6182F1E76582E561DEE711B9D6
S21403A2F0D0F8DC1021B1CB6813B18B68D8897047CE
S21403A3004FF6FF707047E2F7DDB910B50C461146FD
S21403A310E2F7FEF9E3F72CFC012801D1002010BD7B
S21403A320002CF7D10520FAE700F0CFB900F0E3B927
S21403A33070B500232425D0F8DC00C4689C4201D104
S21403A340212070BD826805FB0322D6898E4202D87F
S21403A350128A8A4201D20133F0E70020F1E7F8B50A
S21403A36006460D46E1F74AFCD8B94FF6FF734FF0A1
S21403A370240CEF68C1B28F4208D81C4621463046EB
S21403A380E1F7F2FD00F09AFB2046F8BDAA680CFB45
S21403A3900122D4899C4202D2002CEFD023460130FE
S21403A3A0E8E70024F0E7C08D70470A7838B505461D
S21403A3B01046FFF751FF60B14C782046FFF74CFF7D
S21403A3C038B12243530704D42846BDE83840E2F7A1
S21403A3D0EBBB212038BD10B504460878FFF73CFFD9
S21403A3E058B14A781046FFF737FF30B1042A04D035
S21403A3F02046BDE81040E2F7F5BB212010BD00F073
S21403A400E8B8E2F757BF084600F008BBE2F796BA8B
S21403A41038B504460D4600F08EF850B1294620465E
S21403A420E1F7A2FD30B929462046BDE83840E2F7F9
S21403A4304DBA0E2038BD70B516460C4605F077F8B3
S21403A440314605462046E5F72FFC0446284605F028
S21403A45069F8204670BD00F032B970B50446002096
S21403A4600E4600F027FBD4F8F0503DB100233146EA
S21403A4702046AC46BDE870401A4660472B4601228C
S21403A48031462046E2F7BAFC284670BD38B5044686
S21403A49048880D4600F00EFBD4F8F0302BB9294659
S21403A4A02046BDE83840E2F7B7BB022038BD00F0CF
S21403A4B003BB00F03CB9E2F7D7B8E4F7CFBB70B5FF
S21403A4C0BDF81060054606B16BB1334428469BB20F
S21403A4D000F077F9044620B91EB13146284600F04D
S21403A4E0ABF9204670BD2124FBE7E3F73DBFC0F878
S21403A4F0EC1000207047E2F7C9BD00F05EB910B457
S21403A500BDF8044001945DF8044B00F09FB80B4679
S21403A51010B514461846A1689288E1F7A7F8E168D3
S21403A520034631B1A0886288121A92B21844E1F742
S21403A5309DF8002010BD0346408A18B1188A0038DB
S21403A54018BF012070470846E4F794BC00F0ECBA45
S21403A55000F0EABAE4F7A0BE084708B5E2F7CCF87D
S21403A560C0B208BD022A01D800F0E2B92120704724
S21403A570022A01D800F0EDB921207047022A01D83B
S21403A58000F0F9B921207047E3F7E0BB0846E3F78C
S21403A590FBBB00F018BA00207047002070477047D6
S21403A5A0D0F8943003F06003402B0DD0602B03D01B
S21403A5B0203B58425841704749B10B68012B06D9D6
S21403A5C0486940F00100704740F2011070470020D0
S21403A5D07047F7B504461046D4E954C7DDE90826A4
S21403A5E08CEA020587EA06010540194085EA0C0550
S21403A5F07940C4E95451002523F4004106EA0103D7
S21403A60020F0010043F40073024043F00203CDE957
S21403A6100055E6F713FA94F824309A0713D5D4F8BE
S21403A62054319B050FD54FF48811204600F058FB94
S21403A63094F82430024665F3410384F82430204618
S21403A6400B46E2F72DF8002003B0F0BDF0B587B057
S21403A6501C461746BDF830601AB90024204607B0DA
S21403A660F0BD002BF9D00029F7D001AAE3F77CFE52
S21403A6700028F2D0BDF80630A2199A42BDF8085059
S21403A680C4BF9B1B9CB2B54212D90399AD1BADB296
S21403A6903144A5420391ADF808500DD22A463846F8
S21403A6A0E0F7E4FF0499621B7819E0F7DFFFD5E7CC
S21403A6B00499761B3144049122463846F5E708464A
S21403A6C0E5F792BA0220E4F7DDBD08B5D0F8E4302A
S21403A6D04BB11A68022A06D993F825204AB1186A9C
S21403A6E0B0FBF2F008BD4FF446624C210020E1F7C0
S21403A6F09DFC0020F6E7D0F8E42008B57AB113688D
S21403A700022B0CD9536A13F47F4FC3F3072106D0E9
S21403A710126ADBB253438B42B3FBF1F006D200203E
S21403A72040F67F424C21E1F781FC002008BD03463A
S21403A730D0F830010860B3F8343100208B807047BE
S21403A74090F830310C2B14BF90F82B00FF20704785
S21403A75038B50C464FF400610546E7F713FA70B1B7
S21403A7607CB195F81E3173B94FF480724FF4807143
S21403A7702846E7F7F3F9003818BF012038BD220250
S21403A780F4E72246F2E70020F8E74FF48071E7F794
S21403A790F9B908B54A024FF40071E7F7DFF900206C
S21403A7A008BD08B58A024FF48061E7F7D7F90020A1
S21403A7B008BD4FF40071E7F7E5B9062300208B7157
S21403A7C07047B2F5805FF8B50F460646154619463C
S21403A7D02ED89A422CD33F2A26D9B2FA82F40122E3
S21403A7E0C4F11F03DBB29A4092B2AA422CBFC4F153
S21403A7F01904C4F11A04E2B20124931DDBB29C408F
S21403A800A4B2AC4212D096F8F5309BB9012096F864
S21403A810243060F3C71386F824303846E3F7B8FBD2
S21403A82000203762B582F8BD0022ECE70020EEE791
S21403A8302120F8E70E20F6E70846E3F7C9BB70B514
S21403A84005460E46144602B313883F2B1DD9B3FAAA
S21403A85083F3C3F11901C9B2062901D8192B12D003
S21403A860062928BF062101238A1DD2B2934030460B
S21403A8702380E3F7B5FB23882846EE616B82E3F774
S21403A88039FC002070BD0021EDE72120FAE710B562
S21403A890144608460121E5F77DF82046BDE810403A
S21403A8A00121E5F777B8F8B504460E46174604F0D7
S21403A8B03EFE3A46054631462046E5F729FB044662
S21403A8C0284604F02FFE2046F8BD022070470320DA
S21403A8D07047E4F7CFBC10B50023E2F74FFF0446FA
S21403A8E008B9E6F7C9FA204610BD704770B50546A5
S21403A8F00E46144600F0E3F831462846FFF72FFDD0
S21403A90000F0DDF8230704D50B2C9CBF24F00804C5
S21403A910A4B221462846E1F7F5FE00224FF40031A3
S21403A9202846E7F71BF9002070BD8021E7F72AB910
S21403A9307FB5531C05AAADF814100292022100221B
S21403A940DBB2CDE900211146E7F726F907B05DF83B
S21403A95004FB7FB5531C05AAADF81410029204211C
S21403A9600222DBB2CDE9002100220121E7F714F928
S21403A97007B05DF804FB1FB5531C029100220821A3
S21403A980CDE900210122DBB21146E7F705F905B050
S21403A9905DF804FB07B591F82830009391F82B3047
S21403A9A091F8292091F82A10E3F796F903B05DF899
S21403A9B004FB10B50446E1F79FFE01462046BDE8BA
S21403A9C01040E1F79FBE002914BF212000207047E6
S21403A9D038B5054610460C46E3F704FAD5B1D5F864
S21403A9E0E030BBB15B69ABB1421ED2B2FD2A13D9CC
S21403A9F00A68013204BF6FF001020A600A68FF2882
S21403AA001A6007D16268013202D16FF001026260F8
S21403AA1062685A60002038BD0128F2E738B505465B
S21403AA20E5F79EFA04460021A878E3F743FA2046A2
S21403AA3038BD2DE9F74F01251C469DF830300646F4
S21403AA4001930368174603F0070306339D4005F199
S21403AA50FF380B46A1B1416804EA080BA5EB0B0AC5
S21403AA6041F00059524509EB0B0114D952461846DA
S21403AA70E0F7FCFD49467A1B5A445044E0F7F6FDDE
S21403AA80019B2BB13C4448EA050804EA0804F46039
S21403AA9003B0BDE8F08F1846F0E737B50025144637
S21403AAA00095FFF7C6FF204603B030BDE3F716B8A0
S21403AAB0002070470020704700207047704770479B
S21403AAC030B549000446056812B102291FD9033977
S21403AAD0C90395B9E1B1B1FA81F3C3F12003C3F118
S21403AAE00F00012838BF012003F01F03D940A942F5
S21403AAF001D901384908216030BDB5FA85F339B16B
S21403AB00B1FA81F29B1A002BE9DC0F20EFE7002154
S21403AB100F20F0E7012805D9023818BF4FF0FF30A1
S21403AB20C0B270470120704708B5E4F7FDFCBDE8E6
S21403AB300840E4F721BD38B50446FFF7F5FF0546A0
S21403AB40FFF7F2FF431BA342FAD338BD38B50D46D1
S21403AB500446E4F7E9FC35B1844200D901392046BE
S21403AB6001F0030138BD844238BF0131F7E708B569
S21403AB700121FFF7EBFFBDE80840E4F7FDBC0B0C33
S21403AB8023F48053B3F5284FF7B50D468FB2064628
S21403AB9099B216D04AF60103994214D04AF6020334
S21403ABA0994212D0B1F5204F14BF04240324D6F8DB
S21403ABB0E0300BB1196851B9D6F8DC3093B9286880
S21403ABC00EE00024F3E70124F1E70224EFE723462F
S21403ABD068463A46E4F72CFDDDE90003002BEBD18B
S21403ABE003B0F0BD19680029E9D0234668463A4603
S21403ABF0E4F71EFDDDE90003002BE0D1F0E702F0E9
S21403AC006FBD0204C0F3891307D56FEA83536FEA57
S21403AC10935313F5007F18B206D0A3F1C8006FF460
S21403AC20FF739842B8BF184670474FF038435969C8
S21403AC309A6903F500530A405A6170470E2070471D
S21403AC40E6F70EBBE6F70CBBE6F70ABBE6F708BB70
S21403AC5008B50846E6F72AFF08BDE6F701BB02205B
S21403AC60704702207047002070470120704700207D
S21403AC7070470E20704700207047E2F779BF0846FA
S21403AC8011460122FFF741BB70B505460C46114637
S21403AC901A46E6F7BDFF06682B462046B446BDE8CF
S21403ACA07040604710B5E6F7B3FFBDE81040836811
S21403ACB01847FFF710BEE2F783BEFFF7A9BBE2F71C
S21403ACC08DBB70B504460D4616464FF4881100F04A
S21403ACD01CF8324629462046BDE87040E3F7A2B882
S21403ACE038B505460C4604F022FCD5F890301C40D7
S21403ACF0D5F88C302343C5F88C3004F013FC211EA2
S21403AD0018BF01210020490238BD38B504460D4658
S21403AD1004F00DFCD4F890301D40D4F88C3023EAB0
S21403AD200505C4F88C5004F0FDFB284638BD38B53D
S21403AD3004460D464FF48811FFF7E7FF29462046E1
S21403AD40BDE83840E3F796B873B50D7806460C466B
S21403AD5035B304238DF804302379304601A98DF8E2
S21403AD600530FFF738FB0546B8B92278A37952BBFE
S21403AD708DF80430E379304601A98DF80530FFF7E6
S21403AD8014FB054648B923783BB161883046E2F7A1
S21403AD9043F901213046FFF7DBFC284602B070BDBD
S21403ADA02946FFF7D5FC29463046FFF7F2FC29462D
S21403ADB03046FFF7F6FC2378002BCAD123798DF8AB
S21403ADC004306379C9E702228DF80420D3E7FFF73E
S21403ADD0E0BCFFF7EEBC0020704710B50446E6F76C
S21403ADE0B1FF21460020E7F70FFEBDE81040002024
S21403ADF000F03EB970470120704708B5E8F732FC0B
S21403AE0080F00100C0B208BD4FF0FF30FFF79EBBD5
S21403AE1070470020704710B50C4604F0A3F8048072
S21403AE2010BD38B50C46154604F09CF803881DB1D2
S21403AE301C43A1B2018038BD23EA040189B2F9E7B5
S21403AE4008B504F08FF8008808BD08B504F08AF842
S21403AE50C07808BD08B504F085F8008800F00C003B
S21403AE6008BD08B504F07EF8008800F00C00031F48
S21403AE705842584108BD38B5054604F073F80446F1
S21403AE802846FFF7EEFF30B904F1100004F02FFD5B
S21403AE9000F4406038BD4FF40060FBE738B5054664
S21403AEA004F060F804462846FFF7DBFF014648B97E
S21403AEB010342046042203F095FF2044BDE83840B2
S21403AEC004F015BDA08838BD10B50C4604F04AF84A
S21403AED0848010BD38B5054604F044F80446284679
S21403AEE0FFF7BFFF014608B1201D38BD103404220A
S21403AEF0204603F077FF2044F7E738B5054604F00D
S21403AF0031F804462846FFF7ACFF30B904F11000C9
S21403AF1004F0EDFC00F4404038BD4FF40060FBE75E
S21403AF2038B5054604F01EF804462846FFF799FF91
S21403AF30014648B910342046062203F053FF204446
S21403AF40BDE8384004F0D3BCA08838BD38B5054604
S21403AF5004F008F804462846FFF783FF014608B1C5
S21403AF60201D38BD10340622204603F03BFF204444
S21403AF70F7E708B503F0F6FF007A08BD08B503F057
S21403AF80F1FF90F9090008BD08B503F0EBFF807ADE
S21403AF9008BD08B503F0E6FFC06808BD10B50C464B
S21403AFA003F0E0FF047210BD10B50C4603F0DAFFA1
S21403AFB0447210BD10B50C4603F0D4FFC46010BD38
S21403AFC02DE9F8430F468046002107F11000164688
S21403AFD0994604F03BF80446D0B103F0C3FF054698
S21403AFE0204603F0DBFF002102462846E0F7AEF9D1
S21403AFF000232046AB7049F00401FFF70CFFA5F8C9
S21403B00004802EB13A46314605F11000E0F72EFBD8
S21403B0102046BDE8F883F8B505460F461020002104
S21403B02004F014F80446B0B103F09CFF064620462D
S21403B03003F0B4FF002102463046E0F787F9002309
S21403B04039462046B370FFF7E6FE25B12A460121AE
S21403B050204603F0D3FF2046F8BD08B503F082FF71
S21403B060103008BD08B503F099FF1038C0B208BD0C
S21403B0700020E7F7F1BB08B5E7F74CFE002008BD54
S21403B0804088C0F30C00033080084000043070474B
S21403B09070B50E4605461146304603F0D7FF044604
S21403B0A035B128B103F05EFF32462946E0F7A0F932
S21403B0B0204670BD0088B0FA80F04009704738B566
S21403B0C005880022044604F07CFC05B1258038BDC3
S21403B0D0F8B507460D4600880021164603F07AFFAA
S21403B0E0B042044605D129463846BDE8F840FFF786
S21403B0F0E6BF0021204603F06DFFB04205D0204690
S21403B100002103F067FF0446F3E72A4620460021A2
S21403B11003F074FF32462846BDE8F840002103F0EA
S21403B1206DBF38B5044638B1002104F044FC002353
S21403B13001465D1C09B998B238BD204604F05FFC91
S21403B1402B460146F5E7F8B5058807467DB1CCB230
S21403B1502146284603F03EFF8542064609D10023D2
S21403B1603B8000222146304603F048FF35462846FA
S21403B170F8BD214603F02EFF21460246284603F07B
S21403B1803DFFEEE72DE9F0470788824688461446DA
S21403B1905FB3384603F002FF3D460646E4B2214657
S21403B1A0284603F017FF4045814616D1214603F093
S21403B1B011FF21460246284603F020FF474504D1E7
S21403B1C0454508BF0025AAF8005000222146404600
S21403B1D003F014FF3046BDE8F0878742FAD003F049
S21403B1E0DDFE30444D4686B2D9E73E46F2E70022FE
S21403B1F00123C0E900237047F8B50446012700265B
S21403B20004F0A2F923683BB904F099F900226368B5
S21403B210012B0ED16360F8BD1D691F61266004F023
S21403B2208EF9012DF2D02B462D691E61012DFAD120
S21403B230E6E719691A610B46EAE7036823B940682B
S21403B240012803D0E8F7AEBA002070474FF0FF306E
S21403B2507047F8B5054604F065FA0123064600274D
S21403B260A8602B7304F070F92B6802467BB11C6947
S21403B2702169A1420CBF2F6019612761104604F0B3
S21403B2805EF9012C08D0204663689847EAE76C68A5
S21403B290012C04D104F053F900232B73F8BD616924
S21403B2A0711AB1F1004FF5D8216969602361E5E7AA
S21403B2B07047022070470220704700207047014401
S21403B2C0884201D10120704710F8013B9342F7D022
S21403B2D0002070470821FDF7A6BF70B50146064655
S21403B2E092B00020E6F75AFF044670B9FDF796FFC2
S21403B2F0054601466A462046E7F7A4FA6A46294603
S21403B30020468DF80260E7F753FD204612B070BD65
S21403B31000B593B0FDF782FF6A4601460020E7F7C3
S21403B32091FA9DF9020013B05DF804FB00B593B0E3
S21403B330FDF774FF6A4601460020E7F783FA9DF897
S21403B340000013B05DF804FBE7F740BA012070472E
S21403B3507FB54FF6FF7101AAE8F700FD20B1BDF8EF
S21403B3600C0007B05DF804FB4FF6FF70F9E708B56D
S21403B37004F084FB003818BF012008BD08B510464A
S21403B380E9F7C0FDBDE80840E9F77ABE70477047A5
S21403B39070477047704770477047002100B593B0F9
S21403B3A06A460846E7F74EFABDF8060013B05DF89E
S21403B3B004FB002110B592B004466A460846E7F738
S21403B3C041FA00216A460846ADF80640E7F7F0FC66
S21403B3D012B010BD002100B593B06A460846E7F7E1
S21403B3E031FABDF8040013B05DF804FB002110B574
S21403B3F092B004466A460846E7F724FA00216A46EE
S21403B4000846ADF80440E7F7D3FC12B010BD70470A
S21403B41073B50646E8F7C8FF04463046EBF746FF23
S21403B4202246034600213046F7F760FD0546D0B1B5
S21403B430FFF713FE0446284603F094FD0023E21D9F
S21403B440121A294608200093D2B2FBF794FE01385D
S21403B450C0B2012807D801222946304602B0BDE80B
S21403B4607040E8F7D7BF02B070BD134610B50A4662
S21403B47000210446F7F714FD014628B12046BDE82F
S21403B48010400222E8F7C6BF012010BD07B500939F
S21403B49013460A460021F7F77DFC28B1002103B0C6
S21403B4A05DF804EBF5F728BA012003B05DF804FB5A
S21403B4B02DE9F04F87B00C4691460746FFF7CAFCC6
S21403B4C00546661C304604F012FA042D40F09080C0
S21403B4D03846FFF7C2FD0378092203F00303012B66
S21403B4E014BF0223032301212046039303F07AFCAF
S21403B4F0092200210546204603F074FC21788DF8C6
S21403B500170001390022204689B2FFF7C1FD04EB7C
S21403B51009088346F0B14FF0010A2A460146CDF8E2
S21403B52000A003980DF11703FBF725FE0228054636
S21403B53026D1584603F032FD00222070C0B2431EC7
S21403B54000929BB252465946304604F0D1FA23780D
S21403B550534423703846FFF773FC020424D498F848
S21403B560013021789B071FD50139A1EB09013A4623
S21403B5704046C9B2EDF7B6FC23781844207013E0B2
S21403B58020B92070284607B0BDE8F08F032809D1FC
S21403B590404604F0ACF920F4007189B2404604F04A
S21403B5A0A8F9D7E70428D5D101250022204621781B
S21403B5B0FFF76EFD07460028E4D04FF0000801466B
S21403B5C0434601224046CDF80080FBF7D4FD02280F
S21403B5D019D1384603F0E2FCC2B2013A207093B2A6
S21403B5E0394601223046CDF8008004F081FAC9E7D7
S21403B5F080F0800520F0800081B23046C5F3C01588
S21403B60004F077F9D1E70028BCD12070BAE708B573
S21403B6100020FFF7F2FB80F00100C0B208BD0A4627
S21403B62008B501460020E8F7F5FEB0FA80F04009B9
S21403B63008BD0020E7F7F0BC00210846E7F794B9F9
S21403B6400020FFF7D8BB70B5044604F050F9042277
S21403B65000210646204603F0C5FB204404F047F9C4
S21403B660032205460021204603F0BCFB204404F0D9
S21403B6703EF94FF6FF730540ADB29D4214D1F30772
S21403B68012D506220021204603F0ACFB204404F02A
S21403B6902EF90446E8F730FF844214BF022406243A
S21403B6A0E8F724FF204070BD2046FBF77CFFC4006C
S21403B6B0E4B2F5E708B5FFF7C6FF003818BF012068
S21403B6C008BD0120704710B50446FEF7B5FA08B961
S21403B6D0FEF7B4FA03050FD40C231B2B01D100206D
S21403B6E009E020FA03F1C90703F1010206D5DBB22C
S21403B6F0E31A5842584110BD0B23F9E71346ECE70B
S21403B70010B50C46098819B90846F7F7A9FB208037
S21403B710012010BD08B510461A4600F0B8FABDE879
S21403B720084004F082B870B504460D46164692B03B
S21403B7306A46E7F787F86A46294620468DF81F606B
S21403B740E7F736FB12B070BD10B50C46E9F7B0FA52
S21403B7502046BDE81040E9F7C1B90129F8B505460A
S21403B7600C461DD003291ED0052920D0072922D038
S21403B7700026002400270120E6F7A8FF3044854270
S21403B7801DDA0320E6F7A2FF2044854219DA0520D6
S21403B790E6F79CFF38448542B4BF07200520F8BD72
S21403B7A06FF00406E5E76FF004040526E2E70026DB
S21403B7B06FF00407DFE7002405272646DBE70120B2
S21403B7C0EDE70320EBE738B5054600242046E6F709
S21403B7D07DFF0134A842E4B202D9062CF6D1072431
S21403B7E0204638BD38B14379490023F00C0301F0F5
S21403B7F00C010B434371704710B5044678B1417989
S21403B8004088490801F006010131000AFFF7A5FF49
S21403B810024601462046FFF7E5FF104610BD072205
S21403B820FBE738B50D46E9F731FA044608B90020B8
S21403B83038BDFFF7E1FF002DFAD1237913F0070394
S21403B840F5D0984238BF1846C0B2F1E7037923F023
S21403B8500703194301717047037903F00F0343EAA3
S21403B8600113037170470022E9F7B4BD00210122DA
S21403B87008B5E9F7AFFD401A18BF012008BD38B573
S21403B8801546FFF7F0FF0446284604F00DF984B189
S21403B890FF2804D0626822FA00F3DB0701D50120F3
S21403B8A038BD0123834013436360E3780133E370B9
S21403B8B0F5E72046F4E7E9F7F7BF10B503F052FBC8
S21403B8C000F11004204604F012F820F4007189B247
S21403B8D02046BDE8104004F00CB82DE9FF4115469C
S21403B8E0019101218DF80D301B0A8DF80E309DF85D
S21403B8F02C308DF80C008DF80F3028460423009169
S21403B90003AA9DF828809DF830709DF8346001F0F6
S21403B910D8FC044670B12946FFF7D6FAB8F1000FF3
S21403B92002D12046FFF7C9FF2FB146B9314620465C
S21403B930F4F7E2FF0024204604B0BDE8F0810022BD
S21403B94020461146E9F736FFF4E74FF47A70EAF734
S21403B9508BB8F0B5064687B010461C460F4615460C
S21403B960FFF77BFB9DF83030184443789CB1617831
S21403B970012211F0020F0CBF032100210020CDE9A4
S21403B9800142CDE903100722394630460095EAF70F
S21403B99007F907B0F0BD22462146EFE708B5E7F7FB
S21403B9A015FFBDE808400020EAF736BB00B58BB0AC
S21403B9B06846EAF735F8009BBDF8060004A9069327
S21403B9C0E9F7D4FF0BB05DF804FB1FB504466846E1
S21403B9D0EAF726F802AB03CB2060616004B010BD23
S21403B9E01FB5062304468DF80C30EAF7A5FC0023A2
S21403B9F08DF80D00CDE9003301210223204603AA6A
S21403BA0001F05FFC04B010BD70B50C46054601207E
S21403BA10EBF786FB237B4BB1FFF7BFFC01462346C0
S21403BA202A46BDE870400120EAF734BF4FF6FE71A0
S21403BA30F5E7F8B50E460746FFF70FFB054603F096
S21403BA4056FF00F44040B0F5404F14BF00220622D4
S21403BA5002F10A03EB5C0B325C0004F00E045B0895
S21403BA60144403F0380338461C44FFF7FBFA8442B9
S21403BA7008D2001BC2B20F2A28BF0F22304629194C
S21403BA80DFF7F4FD2046F8BD40F62740ECF77ABA18
S21403BA9013B5F5F7D3F96946044600F0E1FF58B14C
S21403BAA0FFF77BFC40B1E7F785FF28B100230222AE
S21403BAB069462046F2F782FD02B010BDFF224FF61C
S21403BAC0FF71ECF7ABBC07B500210DF10700ECF7EF
S21403BAD033FE9DF8070003B05DF804FB13B5044678
S21403BAE001A90020ECF728FE019A01462046ECF750
S21403BAF039FE204602B010BDF0B50F46002187B0D0
S21403BB00044608461646ECF717FE012305460DF1D4
S21403BB100A008DF808408DF80930FFF756FF092C08
S21403BB201DD131460DF1120003F0E3FE05AB0021F3
S21403BB3002AA9B1A2846CDE90011DBB2642101F064
S21403BB40C0FB0546E0B1092C15D1ECF755FE0446BB
S21403BB5088B12846ECF764FE204607B0F0BD3146B0
S21403BB600DF113008DF812704FF6FF7503F0C1FE4A
S21403BB700DF11503DBE7284600F02EF80446EBE745
S21403BB800446E9E77FB50D461646ADF80E0003F00A
S21403BB9005FA841BE4B2BDF80E20631B9BB2104665
S21403BBA029460093731901F0C0FA21460DF10E00E1
S21403BBB001F093FA04B070BD38B504460D4603F0A1
S21403BBC090FF40B1AC4206D0204603F0EBFBBDE845
S21403BBD0384000F0DBBF38BD10B50446FFF73DFA2A
S21403BBE0023003F084FE4FF6F7739842204603D9DB
S21403BBF0BDE81040ECF796BFECF7E0FFB0FA80F034
S21403BC00400910BD0022ECF7B1BE70B50546FFF73C
S21403BC1024FA0646284601F078FB01462846F7F73D
S21403BC20D1FD04462846FFF739F94FF6F7739842D5
S21403BC3008D8337803F00303012B05D1A31E58421B
S21403BC40584170BD0120FCE70020FAE741F20333B8
S21403BC5030B585B00D46ADF808300446FFF79DFBBA
S21403BC608DF80A00FFF799FB0021000A8DF80B00F8
S21403BC7005232046CDE9001102AA8DF80C5001F0E9
S21403BC8020FB10B12146FFF7BDFF05B030BD2DE9FF
S21403BC90F041044617460D46E1B13F294FF0000632
S21403BCA000D135462046FFF7D5F8082814D10121E0
S21403BCB0204603F08FF9064603F070F90446304633
S21403BCC003F050F93B4601462A46E0B2BDE8F04190
S21403BCD0FDF75BBB0126E5E72046FFF7BBF8024608
S21403BCE030B9BDE8F0414FF6FF71012003F0C8BD3F
S21403BCF02046FFF7C0F8B0F5006F0ED12046FFF7D9
S21403BD00CDF84FF6FF739842014617D0002D0CBFAF
S21403BD1003200520002203F0B3FD29462046E9F759
S21403BD2001FE68B929462046EEF7DCFB40B93246E9
S21403BD3029462046BDE8F041EDF7FCB90120E9E7C6
S21403BD40BDE8F08137B54FF6F675FDF76AFA431E80
S21403BD509BB2AB420446F8D8E8F798FF0028F4D124
S21403BD6069462046E8F786FA0028EED0204600F01B
S21403BD70DCFF0028E9D12046FFF778FD0028E4D150
S21403BD802046EEF723FC0028DFD1204603F0A9FE69
S21403BD900028DAD12046FDF75AFA0028D5D12046E6
S21403BDA003B030BD73B504460E46EEF70FFC0546EA
S21403BDB088B92046EEF764FC21462B460D224FF643
S21403BDC0FD70009500F056F83146204602B0BDE8F7
S21403BDD07040EEF717BC02B070BD37B50546144683
S21403BDE00C2914D8DFE801F02C132C1313130713B4
S21403BDF01313132424006946E8F73CFA18B9012103
S21403BE006846F2F7BDFF41202946F8F781F9D4B119
S21403BE102046FFF722F9023003F069FD4FF6F77369
S21403BE20984210D9204603B0BDE83040EDF792B8EB
S21403BE3040F6144040F613430B2908BF1846E3E7C1
S21403BE40F6F788FBE3E703B030BD1FB503460846A5
S21403BE5003218DF80D308DF80C1001230021ADF869
S21403BE600E20CDE9003103AA042301F02AFA05B017
S21403BE705DF804FB2DE9F34106460F4614461D46BE
S21403BE809DF82080FFF789FAB04207D100222146A9
S21403BE90384602B0BDE8F041FFF79FBF3A46314649
S21403BEA02046FFF7D2FFADF8060060B10D2C05D192
S21403BEB000224FF6FF71282003F0E2FC35B9BDF8E7
S21403BEC00600FFF789FE02B0BDE8F0810123424673
S21403BED029460DF10600E7F7CDFBBDF80630002B2B
S21403BEE0EDD1F0E7F7B50C460546FFF7B6F8611C4B
S21403BEF006462846F7F766FCA11C0746284601F0C7
S21403BF0027F9014604463846FDF7D7F90D2F34D1F5
S21403BF102046EEF75BFB78B1301D03F0E8FC0446E1
S21403BF202846F679FEF7FCFF31460246204603B064
S21403BF30BDE8F040FFF7A3BCB01C03F0D8FC4FF6F7
S21403BF40F773984202D92846EDF704F82046EEF731
S21403BF5097FBFFF722FAA04205D1002003B0BDE805
S21403BF60F040EEF7D1BB6B46B068F16803C3694691
S21403BF702046EEF747FB03B0F0BD2A463946204677
S21403BF8003B0BDE8F040FFF728BF14220021DFF717
S21403BF90DDB92DE9F04F11F00F0704460E4615469E
S21403BFA08FB05CD10120DCF74FFE09A8FDF795FAA8
S21403BFB0092309A88DF82430FDF793FA09A8DCF7BE
S21403BFC015FE01A909A8FDF71DFC26F00F08A844D5
S21403BFD004F1100904F10F0A454511D1236901A99B
S21403BFE03344236109A8FDF7F2FB0020DCF72CFE9F
S21403BFF0B6F1005F28BF272738460FB0BDE8F08F9D
S21403C00005AA234696469446186859680833ACE84A
S21403C01003004B456246F6D12B46224605F1100B2C
S21403C02053F8041B5B4542F8041BF9D1714609A873
S21403C030FDF7CDFB09A8DCF7D9FD224621460120F2
S21403C040DCF7BEFD013D631E13F8012F15F8011F33
S21403C050534582EA01021A70F6D15D46BCE7022711
S21403C060CAE7F0B5174685B005460C4610220021F0
S21403C0706846DFF76BF9BFB3C4B30F2C04F00F06A3
S21403C08008D924F00F043A4621462846FFF781FFD5
S21403C09040BB2744324639466846DFF7E7FA802234
S21403C0A02F6906F1100337446B44B7F5005F03F8B6
S21403C0B0102C2F61C6F110061AD3062E1FDDFB00C7
S21403C0C01A0E8DF80A201A0C5BBA8DF80B20ADF801
S21403C0D00C306A4610212846FFF75BFF00202B69C9
S21403C0E0103B2B6105B0F0BD3E46D8E72646D6E7A3
S21403C0F0022E04DDFB005BBAADF80E30E9E76A46B4
S21403C10010212846FFF745FF2B691022A3F11004E0
S21403C110002168462C61DFF719F9B7F5005F4FEA8F
S21403C120C403CDD2E7E770B50E46054686B001A830
S21403C1301446FFF72AFF3246294601A8FFF791FF68
S21403C1402246054601AB05AE1C4603CCB44210603E
S21403C1505160234602F10802F6D1284606B070BDA8
S21403C160EEF770BB0A460021EEF76CBBF0B58BB05A
S21403C1700C4601A9EEF766FB054680B3252200218F
S21403C180E01CDFF7E3F80123A3700E23BDF810705D
S21403C1902380FA0510D523464FF4877206AE23F89C
S21403C1A0042B0DF1280C324603CA62451860596009
S21403C1B0164603F10803F6D13B0605D5238843F05C
S21403C1C080032380069B636001AB03CB039BC4F809
S21403C1D01D00C4F82110A361EFF740FE60612846F6
S21403C1E00BB0F0BD30B505460C4687B001A8FDF789
S21403C1F074F92868696802AB03C39DF8113043F0ED
S21403C20002028DF8112074B12288510644BF43F010
S21403C21006038DF81130530542BF9DF8113043F0E5
S21403C22008038DF8113001A8FDF752FAB0FA80F032
S21403C230400907B030BD70B58AB00D46002201A98B
S21403C2400446EEF7FFFA88B1204604A9FFF7CAFFB3
S21403C25060B1BDF81060FFF7A0F838B9720601D5D3
S21403C260730503D529462046FDF793F80AB070BD3B
S21403C2702DE9F3410F460546164602F08FFE4FF0B2
S21403C2800008C41BE4B2294623463A463046CDF896
S21403C290008003F02DFC0121284602F09BFE88B1A6
S21403C2A00121284602F096FE074602F077FE054671
S21403C2B0C3B2424630193946CDF8008003F018FC65
S21403C2C02544ECB2204602B0BDE8F0812DE9F04FDC
S21403C2D085B00C46054691461F464FF0010ADDF829
S21403C2E038809DF83CB002F059FE22463B4629466C
S21403C2F00646CDF800A0484603F0FAFB514628460A
S21403C30002F068FE3C4418B35146284602F062FE2B
S21403C310F6B2B442814610DAE7B2F31BDBB240460C
S21403C32022462946CDF800A003935F4403F0E0FBC2
S21403C330039BBF1B984407F0FF0B012300220E93B9
S21403C34049465B46404605B0BDE8F04F03F0D0BB18
S21403C3505B4622462946CDF838A0F3E72DE9F0419F
S21403C360002686B0074608460C4615469846CDE98D
S21403C370026604968DF8146002F010FE411BCBB2E1
S21403C3800D2B28BF0D232A462146009602A803F04C
S21403C390AFFB424602A93846EEF7CEFC06462946D0
S21403C3A020469DF80820F7F721FA304606B0BDE888
S21403C3B0F0812DE9F04F0E46CBB001210546174616
S21403C3C01C4602F007FE23463A462946814606A83F
S21403C3D0FFF7C4FF0DF1280A00EB070B5246314660
S21403C3E028465FFA8BFBFFF743FFB34503D20020D3
S21403C3F04BB0BDE8F08FABEB06085FFA88F808F1A0
S21403C40004039842F3DB331F18440423C4B2019396
S21403C410A31BDBB20093524643460021CDF808A087
S21403C42006A8DCF781FB0028E1D1A4EB0B040AEB9A
S21403C4300803E4B252462846314600930194434625
S21403C440FFF744FF39462846F7F7BCF9394600F0AC
S21403C450F8022846F7F7CAF90121284602F0BAFD82
S21403C460002818BF4D462846ADF8165002F096FD34
S21403C470011FC9B20DF1160000F02FFE0120B7E729
S21403C4802DE9D841064600F040FF411C044689B218
S21403C490304600F00DFF98B394B321463046F7F7C5
S21403C4A091F900F00C03042B074629D000F003088B
S21403C4B0B8F1020F00D11BBB384600F0AFFF3B06B6
S21403C4C00444A4B216D5611C304689B200F0F0FECF
S21403C4D0B0B121463046F7F775F9B8F1010F0146BA
S21403C4E000F003030CD0032B0AD0384600F0A5FF58
S21403C4F003199CB221463046BDE8D84100F0D8BEA9
S21403C5000020BDE8D881F8B5064600F0C0FE054613
S21403C51004463046FEF7A1FD43785B0718D5AC1CEE
S21403C520A4B22146304600F0C3FEB8B129463046D1
S21403C530F7F748F90746691C304689B2F7F742F918
S21403C5401FB1874201D8FF2808D104EB4704A4B2E1
S21403C55021463046BDE8F84000F0AABE0020F8BDEC
S21403C56013B5044601A8EEF73FFEBDF80430DA071C
S21403C57010D49B0707D410220021204602B0BDE842
S21403C5801040DEF7E3BE224621461020FFF7CBFD20
S21403C5900028F0D102B010BD024608B5EEF74CFEF7
S21403C5A0510544BF0838C0B2130544BF0838C0B2AB
S21403C5B008BDF0B5D30705460C468BB04AD50088B0
S21403C5C000F0A3FE00230646029314B9CDE9034404
S21403C5D003AC002208212046FEF771FEA8B1288886
S21403C5E0FEF73BFD023003F082F921460746E7F7E4
S21403C5F041FE50B1002240231146384600F01DFA92
S21403C60040F6094528460BB0F0BD31462888F7F7B3
S21403C610D9F810F0030F0CBF01260026EEF756F9E3
S21403C62046EA4000C0B200900021204602AB05AAAD
S21403C630F0F76CF80546EEF749F90028E2D0002D2E
S21403C640E0D000212046009602AB05AAF0F75EF87C
S21403C6500546D7E740F60A45D4E700231A46EFF720
S21403C660AFBF30B58BB005AD04462846FCF735FFA3
S21403C6700223284601A98DF81430FDF7C3F8234694
S21403C68001AA144603CCAC4218605960224603F153
S21403C6900803F6D10BB030BD08B500230246194691
S21403C6A01846EFF78DFF012008BD37B504466846E8
S21403C6B0EFF7FEFF054648B1082221466846DFF736
S21403C6C091F9B0FA80F0400903B030BDFF2208218B
S21403C6D02046FEF7F4FD034628B106212846FFF759
S21403C6E0BCFF0120F0E722460146EFF769FFF8E7B3
S21403C6F007B56846EFF7DCFF10B16846FDF700FAAA
S21403C70000F0010003B05DF804FB0120F0F70ABD5A
S21403C710704737B504460846FEF7DCFB0546FEF7CA
S21403C7203CFE00230146009322462B460120F6F7E3
S21403C73035F803B030BD30B50124054689B003A8EB
S21403C740FCF7CBFE01A88DF80C40DCF7ADFA9DF89C
S21403C75006209DF80730AA4209D0AB4209D103A8A8
S21403C7608DF80D40DCF742FA012009B030BD0024F5
S21403C770F5E70020F9E700221021FEF7A0BD7FB5FC
S21403C7800D4600F582300D22694600F58070D0F71D
S21403C79071FC6B462A4602AE1C4603CCB4421060BC
S21403C7A05160234602F10802F6D12068106023790F
S21403C7B0137100236B7304B070BDF0B585B06A4681
S21403C7C005460B46164601F10807144618685968CD
S21403C7D0083303C4BB422246F7D118680D222060F3
S21403C7E01B7905F582303146237100F58070D0F74A
S21403C7F06DFC05B0F0BD38B504460D46DBF718FDF5
S21403C800A04205D920462946FFF7B9FF002038BDC8
S21403C8102820FCE730B5002485B08DF80040DBF710
S21403C82007FDE5B2A84204D8F2F70EF9002005B0DA
S21403C83030BD69462846FFF7C0FF0134EFE738B539
S21403C8400446002002F07EFDFF2805460FD002F0C6
S21403C85001FE10F0010009D0284602F0FBFD400857
S21403C86040EAC17080F0010000F0010038BD04F01A
S21403C8700100FBE70146F8B506460020F2F71EF86E
S21403C880FF2801D00120F8BDDBF7C2FC00240546D3
S21403C890871CDBF7C1FCE3B2984201D80020F2E71D
S21403C8A035F82430B34203D117F82430002BE9D1EE
S21403C8B00134EEE738B50D460121044602F08AFB43
S21403C8C030B10121204602F085FB2880012038BDC7
S21403C8D020462C8000F00EFE0130C0B2F7E72DE9AB
S21403C8E0F04788B00746894610460DF10A011D46F3
S21403C8F09046FFF7DFFF4FF0000ABDF80A600446D4
S21403C9003046CDE905AACDF81BA002F047FB031B72
S21403C910DBB20B2B28BF0B2322463146CDF800A0F3
S21403C92005A803F0E5F848F21F039D4243D00BD851
S21403C93085F40043012B15D923464246494628462B
S21403C9400097FDF730F933E048F23A039D42F3D1FE
S21403C950FEF723FDB8422BD02246414605A8FDF735
S21403C96057F925E09DF8143013BBBDF81D40DDF8DC
S21403C9701500DDF8191003AB03C3204603A9DBF744
S21403C98079FE0122204603A9EDF7F2FEA7420646EA
S21403C9900ED0012103A8F2F7F3F948F201039D42F2
S21403C9A006D12EB9334632463946204600F046FEB7
S21403C9B008B0BDE8F0879DF81450002DF8D12F4637
S21403C9C09DF815800234EAB24245F1D2D200D2B2C3
S21403C9D022440823314692B2009703A8CDE9037791
S21403C9E003F086F803A8F4F759FA02F0DBFC00F02C
S21403C9F0CDF80135E7E708B5E6F7E8FEBDE80840F9
S21403CA00F2F7FCBB10B50024418084800480C2800A
S21403CA10038110BD13B5BDF81040CDE900340023E3
S21403CA20F2F754FD02B010BD13B5BDF810400190E7
S21403CA300094F2F74BFD02B010BD07B50093012337
S21403CA40FFF7F2FF03B05DF804FB0123F2F7E4BD42
S21403CA500121F3F751BF01464FF6FF70F3F774BE9B
S21403CA6010B50C4602F09EFCFF2808D0F4F7FEF93A
S21403CA7020B10368236043680120636010BD002073
S21403CA80FCE710B50446FEF7F6F9B0F5006F20464E
S21403CA9005D1FEF703FABDE8104002F083BCFEF7AB
S21403CAA019FABDE8104003F018B808B502F07AFC8E
S21403CAB0FF280CD002F0CEFC10F0010309D040088A
S21403CAC040EAC17080F0010000F0010008BD0020BC
S21403CAD0FCE71846FAE71FB500F582300B2201A9DA
S21403CAE000F5C070D0F7C6FA9DF80E0005B05DF8E5
S21403CAF004FB30B589B001F0010503A90446F4F739
S21403CB00D7FD9DB190B9204602F0A4FC10F00101B8
S21403CB1009D0204602F09EFC430843EAC17383F023
S21403CB20010303F0010103A8F2F72AF92046F5F7FB
S21403CB3057FD9DF81430294600932046BDF816206D
S21403CB4003ABFCF79EFB09B030BD7FB50C4605462C
S21403CB50F4F774F9A04217D04FF6F7739C4213D834
S21403CB6005F5823606F5C0760B2201A93046D0F7C6
S21403CB7081FA01A90B223046ADF80C40D0F7A6FA8D
S21403CB8021462846F4F7ACF904B070BD10B5044648
S21403CB90DBF754FBA0420FD92046F4F74FF94FF6C4
S21403CBA0FF73984208D020460021FFF7A2FF2046D5
S21403CBB0BDE81040F4F7D6BD10BD10B50446FEF729
S21403CBC0ECFB0023024619462046BDE81040F4F766
S21403CBD023BF2DE9F04114460F4605469846FEF757
S21403CBE03CFA0646043002F082FE20802846FEF712
S21403CBF097F96080B379791CE372C9B22846F6F7D1
S21403CC00E1FDB91CA072C9B22846F6F7DBFDFE1C8F
S21403CC102072F6B2B8F1000F18D03146284600F05D
S21403CC2097FA0537FEB23146A080284600F090FA00
S21403CC30B11CE080C9B22846F6F7C4FD6072217ABB
S21403CC40A0880122BDE8F041F5F706BC2088EAE794
S21403CC502DE9F04186B090461E4604460D46FEF783
S21403CC609CFB4FF6F7739845074632D80523A04238
S21403CC708DF80C304FF0010214BF012300234FF050
S21403CC80000118BF8DF80D30CDE9002114BFADF8B3
S21403CC900E008DF80D30284614BF0423022303AA82
S21403CCA000F00FFB0546A0B1A7421AD0FEF7D5F950
S21403CCB0074621460430803E02F01BFE2046FE71E6
S21403CCC004A9FFF7CDFE40B9204604A9E6F7E6FF20
S21403CCD018B9002006B0BDE8F081284604A900F084
S21403CCE07EFB41462846FEF78DFFF3E7037923F0E4
S21403CCF00303194301F03F010171704707B50DF1B6
S21403CD000701F5F74FFA03B05DF804FB08B5FFF724
S21403CD10F5FF18B1BDE80840F5F794BA08BD002240
S21403CD204FF6FF701146F5F797BB10B50446FFF7AD
S21403CD30E5FF024638B901462046F5F78DFB003875
S21403CD4018BF012010BD0120FCE7F8B517460446BE
S21403CD500E46FFF7D3FF0546386068B1037903F044
S21403CD600303337023B93A68137903F03F0313714F
S21403CD703B685C882046F8BD01462046FEF751FD19
S21403CD80074628B1E8F790F9874201D83570F1E7EE
S21403CD9031462046FCF701FF0028EBD003234FF66D
S21403CDA0FF743370E6E707B501AA0DF10301FFF739
S21403CDB0CCFF9DF8033053B9019828B1037913F0DB
S21403CDC0300F14BF0120002003B05DF804FB0020E1
S21403CDD0FAE72DE9FF410646104688461546F4F75E
S21403CDE05DF80746FEF7D9FA044648BB4FF6FF73CD
S21403CDF09E4225D09F4206D00146384604B0BDE881
S21403CE00F041EBF71BBC07238DF804302B68024672
S21403CE10CDF805306B68092101A8CDF80930FEF777
S21403CE2037F9024618B9192004B0BDE8F08101238A
S21403CE3041463046F0F76CFE0028F4D02046F3E770
S21403CE400220F1E72DE9F04390460F4606464FF0E1
S21403CE50010991B00BA803ADFCF73FFB07AC2946CD
S21403CE600BA8ADF82C90FCF7CDFC95E80F0084E8F2
S21403CE700F004B46002239463046CDE90048F0F70E
S21403CE8063FF11B0BDE8F0832DE9F04F002785B0AE
S21403CE9081460C467E2039469846BDF83CB09DF840
S21403CEA044A0BDF84C500192ADF80E7002F0CEF8D7
S21403CEB00646002800F0AA8002F054F839467E227F
S21403CEC0DEF744FA304602F04DF80090304602F0A2
S21403CED049F8B9F1FF0F0CBF274644F003073B0A96
S21403CEE014F44062077043705FD14FF00808C31C08
S21403CEF0184642460199DEF77BFA034604F440449B
S21403CF00434484B1790606D419464FEA1B2201F836
S21403CF1002BB5A700B46B4F5004F56D0A4F54042F8
S21403CF2054425441E400224618460E99DEF760FA4E
S21403CF30009A03462044A0EB02085FFA88F89DB1E6
S21403CF404FF47C521A53841C284602F00BF883468F
S21403CF50284602F023F8C5B22A4659462046DEF78D
S21403CF6085FB60190235EDB2B9F1FF0F2FD052469B
S21403CF70109900F8019BDEF779FB08F101015AFAD4
S21403CF8081F129443046E6F70BFB0C210022FF0013
S21403CF9007F0800710463943FEF73DF8ADF80E005C
S21403CFA0E8B9002005B0BDE8F08FB2F5006F80F851
S21403CFB003804FEA182880F8048000F1050314BFA5
S21403CFC04FF008084FF0020892E70224ABE708EB9D
S21403CFD00A0129443046E6F7E3FA0821D6E7304645
S21403CFE001F0C0FF0446304601F0D8FF0123024695
S21403CFF021460DF10E00E6F73DFB0028D1D10121B5
S21403D000BDF84820BDF80E0001F0F8FFBDF80E008D
S21403D010C8E710B50C46098821B90846F5F720FF7E
S21403D020208008B1012010BD0220FCE72DE9F0475F
S21403D03080460F460646002402F1FF39BC4202D260
S21403D04019F8015F25B9A6EB080080B2BDE8F087A2
S21403D0509A46A5F13102012A5AF8041B10D8324623
S21403D060322D02F8011B06D10134A4B2A74232D3F3
S21403D0700912B21C7170013453461646A4B2DDE79A
S21403D080342D0CD10334BC42DDDA0B0A31707370D5
S21403D0900B0C090EB370321DF170A4B2EBE7A5F1C9
S21403D0A03302062A0DD8303DADB22B19BB42CADA7D
S21403D0B02A463046013CDEF79BF915FA84F47219CA
S21403D0C0EBE7A5F14102062A01D8373DECE79D8838
S21403D0D003F1080AE9E71646B5E770B50546008882
S21403D0E00C4601F05BFFA04228880AD201F056FFE7
S21403D0F00023221A19462846BDE8704092B2E6F786
S21403D100B9BA2146E6F74CFA002070BD38B5054695
S21403D11001F028FF0446284601F040FF002201469E
S21403D1202046BDE83840FDF7B3BFF8B516460C46B3
S21403D1301D46BDF8187001F015FF0444304601F093
S21403D14011FF3A4641192046BDE8F840DEF750B9CC
S21403D15070B50C46013189B20646F6F733FB214615
S21403D16005463046F6F72EFB00EB052080B270BD71
S21403D1701FB50123ADF80C2000930A46022301468F
S21403D18003A802F0B5FC05B05DF804FB0FB437B591
S21403D190069D0021A8B201F059FF044601F0E2FE05
S21403D1A02CB1002207AB0193D1B28D4205D820469D
S21403D1B003B0BDE8304004B0704753F8041B8154F5
S21403D1C00132F1E773B504460D46402000211646AA
S21403D1D001F03CFFADF8060001F0C4FEBDF80630D2
S21403D1E013B9002002B070BD402133462A462044BE
S21403D1F0FFF71CFF211889B20DF10600FFF76DFF3C
S21403D2000028EED1BDF80600ECE70EB403B503AA7A
S21403D21052F8041B0192FFF7D5FF02B05DF804EB4A
S21403D22003B070472DE9F7430F46012181461646A2
S21403D23001F0D0FE054658B1FFF768FF308088B985
S21403D240284601F0ABFE68B1192003B0BDE8F083B1
S21403D250484601F0A3FEFF2FA0EB0704E4B214D068
S21403D26014B934800020F0E72A4621462846FDF705
S21403D2700FFF80460028E7D03B464A4629460094DF
S21403D280FFF753FFA6F80080ECE70120DDE708B5BB
S21403D290FDF7E3FE437803F001001A074CBF103096
S21403D2A00830DB0644BF0830C0B21030C0B208BD39
S21403D2B010B50C4601F072FEA04234BF00200120D8
S21403D2C010BD7FB514460091024641F2092141F68E
S21403D2D009209DF820601D46002E18BF0146099BB5
S21403D2E00020F6F797FAADF80E0010B9002004B048
S21403D2F070BD01232A4621460DF10E00E6F7BAF962
S21403D3000028F3D1BDF80E00F1E738B50546FFF760
S21403D310BEFF0446284601F041FE631C9BB28342CF
S21403D3200FD82846FDF799FE43785B0707D52146B5
S21403D3302846F6F747FA013004EB4004E4B22046E9
S21403D34038BD0024FBE71FB5ADF80E0001F026FE3E
S21403D3500446BDF80E00FFF7D8FF00F10E03DBB25C
S21403D360BDF80E200146E01A80B200901046FFF783
S21403D370DCFEA4F10E0189B20DF10E00FFF7ADFE3F
S21403D38004B010BD4278034612F0080006D0D20758
S21403D39002D403F10800704703F10900704737B55C
S21403D3A005460C46FDF759FE437813F0100212D0DB
S21403D3B09CB103F001021B074FF0000329460093BC
S21403D3C020464FF0080354BF1832203202F090FB79
S21403D3D0012003B030BD1046FBE72046F9E773B5DE
S21403D3E005460C46FDF739FE437813F0100211D0BC
S21403D3F094B1012603F001021B0729464FF00803E8
S21403D400204654BF18322032009602F071FB304695
S21403D41002B070BD1046FBE72046F9E700F00303B1
S21403D420012B08D0C30606D400F00C000C2814BF4A
S21403D43008200920704702207047034611F00300B6
S21403D44005D003F00303022B14BF0220032070470A
S21403D450F8B50C46064601F0A1FD631C834202D9CB
S21403D46000252846F8BD21463046F6F7ABF90746B1
S21403D470FFF7D4FF3B060546F3D50444304601F0D8
S21403D4808DFDA4B2631C9BB28342E9D82146304685
S21403D490F6F798F901463846FFF7CFFF2844C5B29A
S21403D4A0DFE770B506460D46FFF7D2FF044610B910
S21403D4B00024204670BD29463046F6F783F98206D7
S21403D4C0F7D5304601F06AFD2544ADB26B1C9BB21E
S21403D4D08342EDD829463046F6F774F900F0180370
S21403D4E0082B14BF05340634E4B2830644BF08345D
S21403D4F0E4B2DEE738B50546FFF707FF044608B98A
S21403D500002038BD01462846FFF7CBFF0028F7D09A
S21403D5102044C0B2F5E72DE9F04387B005460C4634
S21403D520FDF79BFD804602F0E2F907462846FFF723
S21403D530ECFE064601462846FFF78AFF002203460E
S21403D54000922946324602A802F0D2FA9DF80860F5
S21403D55006F00C030C2B06F003090BD0B9F1010FF0
S21403D56059D0F10657D49DF809300DF10A0500206D
S21403D570637107E0FF230DF10900637102F0B7F949
S21403D5800DF10B05208198F80130DA0704D508F170
S21403D590020002F0ACF92081B9F1010F5FFA89F8B5
S21403D5A03DD0F3063BD4284602F0A1F96080A81CC0
S21403D5B002F09DF9053515F8013C208023712B7880
S21403D5C0B006A37206F0400348BF43F020033906B3
S21403D5D027D543F40073F80448BF43F48063390542
S21403D5E048BF43F400633206E38011D56A7812F02D
S21403D5F003020DD06FEA43436FEA5343A978B8F1A9
S21403D600020FE3800B4611D1EB7841EA0321218117
S21403D61007B0BDE8F083FF230DF10905A7E7FF2355
S21403D620CCE77A0648BF43F48073D4E7012A04BFE5
S21403D6300B029BB22381EBE7F6F7C8BD0BB1F6F7F7
S21403D64031BE0AB9F6F7AABEFF21F6F7D3BD431CCF
S21403D65008BF0020DFF730B9034B5868C0F3080053
S21403D660003818BF0120704700ED00E0014B186832
S21403D670704700BF50690020084B1B6F03F0070379
S21403D680022B04D0032B05D0012B05D0FEE7044B59
S21403D69018687047034BFBE7034870470080005049
S21403D6A05069002058690020002D310108B5FFF7A6
S21403D6B0E3FF054B1B6FC3F301330133B0FBF3F0FA
S21403D6C0024B186008BD00BF008000504C69002064
S21403D6D00048704700B4C40400487047002D310169
S21403D6E0014B1868704700BF58690020174A9368B3
S21403D6F0C3F304430C2B0AD8DFE803F00B0909092C
S21403D7000909072119091B1D1F001148704700202E
S21403D7107047936803F04073B3F1807F11D0B3F181
S21403D720007F10D0002B0B4818BF002070470A4814
S21403D73070470A4870470A4870470A4870470A48BD
S21403D74070470A4870470A48704700BF0040015AAE
S21403D750405DC60000093D00C0EA210180BA8C0185
S21403D7600048E801005A62020024F40080841E0088
S21403D77040420F00014B1868704700BF54690020F1
S21403D78007B500F065FC6A4600F0C2FC18B14721F5
S21403D790034801F0CEFFDDE9000103B05DF804FBAA
S21403D7A0FB0204000229F8B596BF104B00245C5C0C
S21403D7B0012805460E4608D0022809D008B944F0C9
S21403D7C002040B4B1F6837B9F8BD44F00804F8E7AA
S21403D7D044F02004F5E77B681A68144203D0314608
S21403D7E028465B6898473F68EDE700BF669A0400E3
S21403D7F01C3E002038B5104D2B78ABB10F4C237868
S21403D8001BB100F031FA00232370002001F0A4FFBF
S21403D8100B4C50B100F07AFA0023012120782B70CC
S21403D820FFF7C0FF0123237038BD0122054B1A7092
S21403D8302278054B1A70F7E70E5F00200C5F002076
S21403D840135F00200F5F0020105F00200E490B7847
S21403D850FF2B01D198B170470BB990B970470028D8
S21403D86014BF0122FF2213440B7060B1074B1B78D1
S21403D870012B08D9064B1B782BB9FFF7BBBF1A46FB
S21403D880F1E70122EFE77047125F0020135F0020E5
S21403D8900F5F002010B501F04AFE064B04461B78C6
S21403D8A01BB1BDE8104001F03DBEFFF7A3FF2046C5
S21403D8B0F7E700BF0B5F002002282DE9F04147D0B1
S21403D8C029480378FF2B41D1002941D11A46134436
S21403D8D0DBB2037000293BD0244E3278012A37D9B5
S21403D8E0002B3ED001F023FE214F04463B780BB3BA
S21403D8F0204D2B781BB901222A701F4A1370DFF8BC
S21403D9007C8098F8003023B100F0AEF9002388F845
S21403D9100030204601F006FE012001F01DFF01F055
S21403D92006FE2B7804461BB100F0F0F900232B709B
S21403D93000233B70204601F0F5FD01243078A04219
S21403D94006D02146FFF72EFF347001E013B931B934
S21403D950BDE8F081002914BF0122FF22B7E70122A8
S21403D960B5E70224EAE700BF125F0020135F00203A
S21403D9700E5F00200B5F00200F5F00200C5F00206F
S21403D9802DE9F04385B0EFF3108572B6AFF3008050
S21403D99001F0B7FF002800F09280624E624F3378A2
S21403D9A023B10020FFF752FF00233370387878B98D
S21403D9B003A900F01DFB044650B95C4B039A1B6891
S21403D9C09A4200F284800120FFF740FF0123337060
S21403D9D03B78002B40F09980554B1B78002B00F0CA
S21403D9E091804FF00208534CDFF868912078404549
S21403D9F007D099F8003013B94146FFF7D3FE84F8F1
S21403DA000080B8F1020F0FD1DFF8248198F80030B8
S21403DA1053B9494B1B7823B900F020F90122474B31
S21403DA201A70012388F80030207800F0F7F899F888
S21403DA30003013B1424B1B782370AFF300802846A7
S21403DA4001F085FEEFF3108572B63E4B1A7852B19D
S21403DA5000221A703A4B20781B78984203D1012192
S21403DA602170FFF79FFE384800F082FA01F05DFF51
S21403DA708046002893D12E4F3B789BB189F800004F
S21403DA80DFF8B89099F800301BB100F0EDF889F88C
S21403DA900080002001F060FE002839D000F036F93F
S21403DAA000233B70337823B10020FFF7CFFE00231B
S21403DAB0337000212078FFF775FE00232370AFF341
S21403DAC00080284605B0BDE8F04301F040BE1F4B7A
S21403DAD0D3F8008000F048F9039B80449845BFF4D0
S21403DAE072AF00F03BF98200039942F0020292B251
S21403DAF0CDE900422346164AA1EB0801124801F07D
S21403DB002DFE65E700F09CF86BE74FF001086AE727
S21403DB10012000F083F8284601F019FEEFF3108584
S21403DB2072B6B6E70D5F0020125F0020243E002089
S21403DB300E5F0020135F0020115F00200C5F0020A3
S21403DB40105F0020095F0020283E0020203E0020B2
S21403DB5095D803000F5F002010B501F0E8FC002203
S21403DB60054B1C781A7001F0DDFC00F005FBE4B2EF
S21403DB702043C0B210BD00BF0A5F002038B501F0D5
S21403DB80D6FC094B05461B78012B04D801F0CAFCCA
S21403DB900024204638BD054B1C6800F0E5F8044415
S21403DBA0284601F0BFFCF4E7135F0020203E002068
S21403DBB01549164A0B6F10B503F007031360144A92
S21403DBC0144C9269032B02F00200C2F34002227047
S21403DBD017D0D1F8203103F00703022B11D0D1F868
S21403DBE0803203F001030C4A137048B143B9064B65
S21403DBF0D3F8003103F00303591E4B424B41137015
S21403DC0010BD0123EFE700BF00800050843E0020D4
S21403DC1000C00150185F0020195F0020012805D0BE
S21403DC200238012808D80020CCF72EBD034A136912
S21403DC3023F00403136130BF704700BF00ED00E01C
S21403DC40044B054AD3F8203103F007031360F7F7B4
S21403DC5013BF00BF008000508C3E00200122014B02
S21403DC601A707047175F0020F8B51F4B1B78002B00
S21403DC7039D01E4C2378B3B91D4B9A6DD10302D508
S21403DC80DA6D92072FD49B6DDB072CD401F0A9FD28
S21403DC90184B194A1860136F23F0070343F0030366
S21403DCA01367FFF703FD01F09CFD124B134D1B6832
S21403DCB0134EC01A2B78134F56F8232046F823002A
S21403DCC0111A3A681048521A0A213A600932B2FB0E
S21403DCD0F1F20133DBB20260B3FBF1F201FB123364
S21403DCE02B7000232370F8BD195F0020165F0020F9
S21403DCF000C000507C3E002000800050155F0020CE
S21403DD00543E0020503E00204C3E002008B5F7F756
S21403DD10B4FE0D4A0D49136F096823F007030B433E
S21403DD2013670B49D2F82031096823F007030B4326
S21403DD30C2F82031074B1B7813B10122064B9A62B7
S21403DD40BDE80840FFF7B2BC00800050843E0020C8
S21403DD508C3E0020195F002000E00050014B18782D
S21403DD60704700BF195F0020054B187818B1054BA4
S21403DD70186800EBD000044B1B681844704700BFBC
S21403DD80195F00204C3E0020803E002008B50D4B56
S21403DD901A7892B100221A700B4A136F23F0070306
S21403DDA043F001031367D2F8203123F0070343F04F
S21403DDB00403C2F82031FFF779FC0122034B5A67AC
S21403DDC008BD00BF175F00200080005000E0005031
S21403DDD00D490B68A0B10022A3B1834203D1836827
S21403DDE022B90B6003E01A469B68F5E793608368E5
S21403DDF00BB9002070475A6941690A445A61F8E72B
S21403DE002220704702207047983E002010B501F08C
S21403DE1004FD0A4C0A4B19682368C31A09B9206023
S21403DE2010BD002BFBD04A699A423ABF9B1A0022C8
S21403DE30D21A4A6128BF00238968EFE7943E002080
S21403DE40983E002038B5154D2B682BB35B69B3B1EC
S21403DE50134A022014681C4400F088FA204600F097
S21403DE6047FA00220F492B680A70012A05D823B106
S21403DE70D88880070AD501230B70002038BD0220FE
S21403DE8000F074FA022000F093FAEAE79B68002B8E
S21403DE90F3D058690244E8E72220EFE7983E0020D3
S21403DEA0943E00201B5F0020C38870B504460D46D1
S21403DEB03BB9FFF763FE8542064602D2F8F758FFE2
S21403DEC035460E4A656113689BB91460A3600FE07C
S21403DED02D1A986819466561034618B15869A84211
S21403DEE0F6D941B18C60A36013B15A69521B5A61CB
S21403DEF070BD0021F2E71460F5E700BF983E0020EE
S21403DF0070B516469DF81420C0E903360271049ACC
S21403DF10BDF818300260002204460D468260C380B6
S21403DF2006BB01F07AFC2844A0613DB9E36865614D
S21403DF3013B120462168984796B1354601F0F7FAA3
S21403DF400646FFF763FF29462046FFF7ADFF074B5C
S21403DF501B68A34201D1FFF775FF304601F0E2FAD2
S21403DF60002070BD01F059FC3044DDE7983E0020E8
S21403DF70F8B50546D0B101F0DAFA0646FFF746FFD4
S21403DF800B4B28461F68FFF723FF044620B1304695
S21403DF9001F0C8FA2046F8BDAF42F8D1FFF752FFAA
S21403DFA02228F4D1022000F0EDF9F0E72224F1E76D
S21403DFB0983E002038B50C460546A8B1A1B100230B
S21403DFC00B7001F0C1FA0121084B1B6833B901F04D
S21403DFD0B6FA002038BD9D4204D121702278002A6B
S21403DFE0F9D0F4E79B68F1E72220F3E7983E002098
S21403DFF0F8B506460F4601F0A7FA00250446124B6D
S21403E0001B6823B9204601F09AFA1B2011E05A69CF
S21403E0101544DA88B2420DD101F0FFFB0B4E33688C
S21403E020C01AA8420AD3002320463B6001F087FAB1
S21403E0300020F8BDFF2EEFD09B68E2E701F0EDFB72
S21403E04033682B441B1AEFE7983E0020943E0020CB
S21403E05070B501F079FA064601F0DFFB084B04467B
S21403E06001201D6801F0C9FB18B101F0D6FB044678
S21403E0700135304601F063FA2046294670BD00BFDD
S21403E080A03E0020014B1868704700BF9C3E00204E
S21403E090F8B50C4B05461B680E4683420FD3002487
S21403E0A040F2E7302146084B4FF47A721F6800238C
S21403E0B0E5FB0701DCF7DEFD30602046F8BD2120D6
S21403E0C0FCE700BF903E00209C3E00200F4B10B59F
S21403E0D01A689AB14FF47A71531E1342A0FB0101DA
S21403E0E00ED1B2FA82F2C2F11F04531CD243E040AF
S21403E0F001FA03F3184321FA02F20243104610BD55
S21403E1000023DCF7B7FD0246F8E700BF9C3E00207D
S21403E11038B5164B14468342154B8B4123D3154B08
S21403E1201A6802B34FF47A75A0FB050305FB0131A9
S21403E130531E134211D1B2FA82F3C3F11F055A1CC0
S21403E140DB4301FA02F2E84021FA03F310431843D3
S21403E150E940C4E90001002038BD0023DCF78AFD4E
S21403E160C4E90001F7E72120F6E700BFEFA7C64B97
S21403E170378941009C3E002010B501F0E5F9034BBA
S21403E1801C7801F0DCF9E4B2204610BD1A5F0020CB
S21403E19008B5084B1B7803F0FF004BB101F021FBD9
S21403E1A0054B1B689B69C01A02288CBF0020012000
S21403E1B008BD00BF1B5F0020983E0020C2072DE964
S21403E1C0F843044607D5474A136801331360FFF73D
S21403E1D01DFEFFF737FEA30740F1818001F0B4F977
S21403E1E04FF0000805464646FFF710FE3E4F3C68D4
S21403E1F00CB16369A3B100223C4B012E1A7003D104
S21403E20018F0020F18BF1E70FFF71CFE222802D15B
S21403E210022000F0B7F82846BDE8F84301F08FB9AE
S21403E22023465A693AB91A792179914288BF1C461E
S21403E2309B68002BF5D1284601F081F9D4F81080AD
S21403E240B8F1000F3FD001F0E8FAA269851AEB1780
S21403E250454573F1000337DB23691344A3610123A8
S21403E2602269CAB1C3B9A38BB8EB050833B1E28BF5
S21403E27013449BB2B3F57A7F1CD2E38301F064F9AF
S21403E280054641462046FFF70FFEA3692269284646
S21403E2901344A36101F053F9E36813B120462168E0
S21403E2A09847B4F8068001F04FF901360546FFF7A4
S21403E2B0ADFD9CE7A3F57A73E383A36918F1FF38F2
S21403E2C0013BA361DAE7454601F03EF98146204665
S21403E2D0FFF77EFD484601F032F90023C0E7BDE8AC
S21403E2E0F88300BFA03E0020983E00201A5F00205F
S21403E2F010B5044601F01BF94FF0B042936A1907B4
S21403E300FCD4136A116C5269120704D4CA1A032A7E
S21403E31001D899420ED1E21A022A98BFDC1CB4F146
S21403E320FF3F38BF013C4FF0B04308221C6403F59F
S21403E33080539A6101F0F6F8054A13783BB14FF023
S21403E340B041CB6B43F00203CB630023137010BDC5
S21403E350F76E002007B5044B01A9187901F08DF973
S21403E360019803B05DF804FBA498040000F00103D1
S21403E3708207034A48BF43F008039361704700BF10
S21403E38000100058820700F001030AD50121064A4F
S21403E39043F0080311704FF0B041CA6B22F003023A
S21403E3A0CA63024A93617047F76E00200020005844
S21403E3B0830742BF0822014B5A617047001000587A
S21403E3C073B502AB164603E90600044600F052FF97
S21403E3D00546204600F05EFF9DF800208DB1202CF8
S21403E3E033780ED8012B2ED84FF6FF752D4803EB46
S21403E3F04313234430F81310A94202D0013120F806
S21403E4001310294B294E33F8141036F814008142A2
S21403E41032D34FF6FF75A9424FF0010502D0013102
S21403E42023F8141004F0FD01092927D1998AB68A26
S21403E4300A44B242B4BF9A829E8233F814308342AF
S21403E44027D202B070BD022BDBD14FF6FF704FF61A
S21403E450FF75144B33F81410814218BF013104F1D1
S21403E460210018BF23F8141033F81010A9421CBF5C
S21403E470013123F81010C4E70025D0E71D2CDCD1AA
S21403E480598F8E18864203DA01390A445A87D4E72D
S21403E4905887002DD5D1204602B0BDE8704001F064
S21403E4A0D7B900BF28590020005A0020AC590020D5
S21403E4B038B50D46044601F047F8064A13889BB262
S21403E4C02DB123431380BDE8384001F038B823EA62
S21403E4D00403F7E7EE5D00200022034B01214FF40F
S21403E4E080701A70FFF7E4BF4965002008B5054B36
S21403E4F01868FCF7C2FB00F00300C31E58425841DD
S21403E50008BD00BF2056002038B5044601F03EFA89
S21403E5100C4B05461978187981420FD0631E082BD9
S21403E5200CD8DFE803F0050D0B0D0B0D0D0D0D00DC
S21403E53000220146044B1868FCF79DFB284638BDAD
S21403E5400022F7E7256F00202056002038B54FF04D
S21403E550FF300C46FFF77BF80A4B05461868FFF7B3
S21403E56076F8641B241A20B210F1630F06DB10F151
S21403E570240F05DA64308000C0B238BD0020FCE703
S21403E580FF20FAE72056002008B5134B1B78062B0E
S21403E59004D040F62101114801F0CBF8104B1B883C
S21403E5A01B0704D440F622010C4801F0C2F80D4BB9
S21403E5B02A201978FFF7A8FF00210820FFF778FF25
S21403E5C00222094B1A70094B1868E3F76BFBBDE888
S21403E5D0084001F02AB900BF4965002009950400E8
S21403E5E0EE5D0020466500205A6F0020205600206E
S21403E5F010B50E4C236823B940F6A3410C4801F02E
S21403E60098F82068013001F072F900F0070003283B
S21403E6100AD1246809220121204600F0E3FB205C8E
S21403E620031F5842584110BD0020FCE71056002037
S21403E6300995040038B50C4640B100210420FFF7C5
S21403E64037FF01F0F2F8012C1DD038BD244B1B8890
S21403E6509B07F6D50129234A2FD1117869B30139CF
S21403E660C9B2117011B92020FFF722FF0021022042
S21403E670FFF71EFF04221C4B00211C481A7000F0F3
S21403E6805DFD01F0D2F81A4C2068013001F02FF935
S21403E69000F44060B0F5006F1FD124680121042206
S21403E6A0204600F09FFB204401F021F90146BDE817
S21403E6B038400022202001F0E3B800210D4D02204F
S21403E6C01170FFF7F5FE2B78FF2B04D040F299610B
S21403E6D0094801F02EF82C70B3E74FF6FF71E6E712
S21403E6E0EE5D00204865002049650020586C002038
S21403E6F0105600205B6F00200995040038B5134CB4
S21403E70005462388580709D5FFF7F0FE014607207C
S21403E710FFF7FAFEFF210120FFF78CFF23889907F6
S21403E7200BD50B4B284619788A1F51425141FFF7E8
S21403E730EBFE01210020FFF77DFF23881B0703D58F
S21403E740BDE83840FFF720BF38BD00BFEE5D0020B0
S21403E75049650020F7B5124CD4E9006586EA020C39
S21403E76085EA03070CEA000C0F405CEA070E15D097
S21403E77086EA0C067D40C4E90065CDE900230B4616
S21403E780084902460868FBF73AFE38B14FF4FD71B4
S21403E790054803B0BDE8F04000F0CBBF03B0F0BDC2
S21403E7A0C0160020205600200995040008B50A4B21
S21403E7B01B88DB0604D440F64701084800F0B9FF7F
S21403E7C000211020FFF774FE002000F06BFBBDE86D
S21403E7D0084001F02AB800BFEE5D0020099504004A
S21403E7E02DE9F04F5706804614461D4691B005D5D1
S21403E7F0FFF77CFE01460120FFF786FEEE0403D5F5
S21403E80000212D20FFF780FEA00224D54046FCF70A
S21403E810E0FA0146F8B94020FFF74AFE40460AA947
S21403E820FBF7B4FEB8B99DF83030022B40F0D98020
S21403E830BDF8280000F0B6FDFF2808D14046FBF7D8
S21403E840A3FE40B901214020FFF732FE03E000F0AB
S21403E850C3FD0028F2D1A10305D5FFF747FE014605
S21403E8600320FFF751FEE20104F0807640F1C080FA
S21403E870854B1B889B072DD5844E3068FBF71BFE04
S21403E88040BB834B834F18703B78FF2B04D040F27A
S21403E8905761814800F04DFF4FF000090021022028
S21403E8A0FFF706FE87F800907C4F3B78062B07D1D0
S21403E8B001210820FFF7FCFD49462820FFF724FE28
S21403E8C03B78052B06D100212B20FFF71DFE306871
S21403E8D0E3F7E8F900F0A9FF220717D56B4F0321EA
S21403E8E0386805AAFBF701FE064620B940F2C9615F
S21403E8F0694800F01EFF9DF81430072B00F0D08007
S21403E900FFF7F4FD01460420FFF7FEFDE10505D5FC
S21403E910FFF7ECFD01460420FFF7F6FD14F4863FEF
S21403E92005D0FFF7E3FD01460220FFF7EDFDA20148
S21403E93013D5FFF7DBFD01460820FFF7E5FD0021B1
S21403E9400420FFF7B5FD554B1B78012B03D14F4B26
S21403E9501868E3F7A7F900F068FF14F0084F09D02A
S21403E960FFF7C4FD01460720FFF7CEFDFF21012078
S21403E970FFF760FEA30009D5FFF7B8FD01460620A2
S21403E980FFF7C2FDFF210120FFF754FEA70705D5B9
S21403E9903D4B1B881E0701D5FFF7F6FD6C0603D516
S21403E9A000210A20FFF7B0FD280602D50120FCF758
S21403E9B021FAE90540F1858140460AAA05A9FCF734
S21403E9C058F99DF81430222B00F06D8100F28281F5
S21403E9D0152B40F26A8140F60A112F4800F0A9FE73
S21403E9E06FE1032B7FF437AF0AA801F06AF830E72C
S21403E9F005F0020756EA07030DD0284B26201978A0
S21403EA00A1F1060EDEF1000141EB0E01FFF77CFDDE
S21403EA100121304611E004F0805656EA07030FD072
S21403EA201E4B26201978A1F1060CDCF1000141EB00
S21403EA300C01FFF769FD02213846FFF7FBFD4BE7A4
S21403EA4004F0884151EA060309D0144B27201978AD
S21403EA508F1F79427941FFF757FD0221D9E705F069
S21403EA6008030B4302D02320FFF74EFD680703D5A8
S21403EA7000212420FFF748FDE9077FF52DAF00218D
S21403EA802520FFF741FD27E7EE5D002020560020F6
S21403EA90486500205B6F0020099504004965002047
S21403EAA0314638680AAAFBF726FD20B14FF4DA612F
S21403EAB09E4800F03EFEBDF81630386802330AA9B9
S21403EAC0ADF82C30FBF719FD20B140F2DF61974813
S21403EAD000F02FFE0023009331460423386804AA6F
S21403EAE0FBF70DFD042804D040F2E4618F4800F0E4
S21403EAF020FEDFF8589299F80030C3BB0DF11100E1
S21403EB0000F0F5FE00F00700022830D1FFF7EEFC18
S21403EB1001460920FFF7F8FC854B1B78062B23D10B
S21403EB20844B9DF813201B789A421DD19DF83530EF
S21403EB3023B940F2FA617D4800F0FBFD0DF11100A8
S21403EB4000F0D5FEC0F3001631462920FFF7DCFCA3
S21403EB5000210820FFF7ACFC774B1E70FFF748FD3B
S21403EB6010B93868E3F79EF800F05FFECEE6BDF80E
S21403EB7016000121083080B200F068FA039030B91D
S21403EB80FFF7B4FC01460420FFF7BEFCECE700F0F9
S21403EB90E9F905AA014606463868FBF7B8FC99F872
S21403EBA000A0BAF1000F22D106F1010B584600F07F
S21403EBB09EFE83065AD53868FCF70BF90746FFF71F
S21403EBC095FC05370146F8B2FFF79EFC584600F061
S21403EBD08EFE00F007000328584F2DD00121042095
S21403EBE0FFF766FC4FF0FF30FBF7B0FC38600022FF
S21403EBF05349BDF816300978F718F1549DF83630A6
S21403EC00BB709DF83730FB700A9B190E3971190CCF
S21403EC107971FB71190A99F80030B97123B97378C1
S21403EC2092B343F020037370002000F069F9787004
S21403EC30039800F071FA97E701210922304600F0A5
S21403EC40D1F8305C01210428C9D1FFF731FC4FF01D
S21403EC50FF30FBF77BFC3B4B38601B885806C6D55A
S21403EC6051464020FFF724FC0122C1E7FFF73EFC94
S21403EC7001460920FFF748FC2D4B1B78012BB6D124
S21403EC803868E3F70FF8B2E723F02003CBE7012257
S21403EC907E33DBB202FA03F313F00A1F31D113F00B
S21403ECA0011F3FF498AE27202CE0012202FA03F35B
S21403ECB0254A1A402ABB13F0041FF4D1DA077FF55E
S21403ECC08AAEAB052FD50121802011B0BDE8F04FE9
S21403ECD0FFF7EEBB652B1AD8622B12D8452B0CD840
S21403ECE0422B0ED8352B06D8322B0AD8252B08D91B
S21403ECF0322BD8D06FE6422BFBE7552B05D8522B89
S21403ED00F7D92620FFF7FAFCDBE7622BF1E7952B12
S21403ED103FF661AE812BBAD8722BC4D0733B022B5D
S21403ED203FF659AEEDE711B0BDE8F08F0995040044
S21403ED3049650020456500205A6F00200C560020C8
S21403ED405C6F0020EE5D00203A0038004C65002022
S21403ED50024B1878B0FA80F04009704749650020E6
S21403ED6008B5064B4FF0FF311868FBF7A8FF0028DD
S21403ED70B8BF033040F3870008BD00BF205600200D
S21403ED8008B5074B1868FBF7CFFA30B1054BB3FB52
S21403ED90F0F083B20BB1184608BD0120FCE700BFB4
S21403EDA02056002040420F0038B510200C460121A3
S21403EDB0FFF77EFB064B1D68FFF7E2FF012200FB11
S21403EDC004F1044B2846FBF75FFF002038BD00BF65
S21403EDD020560020ADE70300014800F0AABC00BFA0
S21403EDE023950400032A70B5144602D82C4B985C6E
S21403EDF070BD81F0010519B90D2A07D1FF20F7E789
S21403EE000D2A03D100780538C0B2F1E7084400F0B4
S21403EE106EFDC5F1040110F440660246C9B209D17D
S21403EE20042C0846E4D0052C16D112F0400F18BF68
S21403EE300846DDE7C5F10603042CD8B2D8D0B6F5EC
S21403EE40006F03D1C5F10805E8B2ECE7B6F5406FED
S21403EE50E9D1C5F10E05F7E712F4404107D1062CB8
S21403EE60C6D0072CC4D0082C13D10130CCE75506E6
S21403EE705CBF831CD8B2062CBAD0B1F5004F02D1C2
S21403EE80831CD8B2EDE7B1F5404FEAD100F1080391
S21403EE90F7E7130744BF0530C0B20C2CA8D9ADE77B
S21403EEA08CE00400AC2370B5094C054603FB004315
S21403EEB05E6D26B940F2FD31064800F03AFCAC23FD
S21403EEC003FB0544002363653346BDE870401847DB
S21403EED0245600206095040010B40C461146AC225C
S21403EEE0064B02FB0033586D20B95C655DF8044B96
S21403EEF0FFF75ABF02205DF8044B704724560020E4
S21403EF00AC22034B02FB003393F8A800704700BF04
S21403EF102456002028B1034B1B68C01A401001304A
S21403EF2080B27047E456002030B1044B00F1004035
S21403EF301B68013803EB4000704700BFE45600200F
S21403EF40064B1B68834206D8054B1B68834294BF57
S21403EF500020012070470020704700BFE4560020C1
S21403EF60E056002010B5044608B9002010BD00F096
S21403EF701BFD20B940F2CD41074800F0DAFB2046DE
S21403EF80FFF7D2FF0028F0D00388DB0B14BFD0F8BE
S21403EF900A000830EAE700BF3795040010B508B941
S21403EFA0002010BDFFF7C0FF044600F0F4FC20B9B4
S21403EFB04FF49D61064800F0BCFB002CF0D023887C
S21403EFC0DB0B0ABF60882089C0F30C00E9E700BFAB
S21403EFD03795040038B5FFF7A7FF0D46044650B132
S21403EFE000F0D9FC20B940F24151034800F0A1FBE0
S21403EFF0023534F8150038BD3795040070B5FFF7B1
S21403F00093FF0C4616460546B0B100F0C4FC20B983
S21403F01040F24D510C4800F08CFB3046FFF784FF5E
S21403F02000F0B9FC20B940F24E51074800F081FBCE
S21403F030023425F8146070BD40F25251BDE87040AA
S21403F040014800F076BB00BF379504002DE9F8436E
S21403F0500746884600F00FFC20B940F28E512A4836
S21403F06000F067FBFC1CA408284B64000434B7F5C7
S21403F070005F1E68A4B204D340F29551224800F004
S21403F08058FB00F061FA224981460B687BB9214B95
S21403F0901D68761BC6F34F06B44227D9002548469B
S21403F0A000F04DFA2846BDE8F843FFF733BFB8F142
S21403F0B0000F11D0174A15685A1BC2F34F02944229
S21403F0C0ECD81448620005EB44040460B8F1000F62
S21403F0D00FD113440B600CE0F61AC6F34F0676B94D
S21403F0E040F2A651084800F024FBD7E705EB44049A
S21403F0F01C6000236F80AB80EB802B80CFE7B4428D
S21403F100CCD8044A1568DCE737950400E856002097
S21403F110D0560020E056002038B5054600F014FA15
S21403F120044629460448002200F04BFC2046BDE86E
S21403F130384000F004BA00BFF45D002082684B4BF1
S21403F1402DE9F0419A4204460E46056815D121B1D1
S21403F15040F21311464800F0ECFA00F0F5F9236983
S21403F1601BB92B682BB924612C60BDE8F04100F075
S21403F170E6B91A6922611C61F6E700F0D3FA804605
S21403F180FEF76AFA20B14FF49571394800F0D1FAC8
S21403F1906FF000439E4221694BD22B7B08EB06029D
S21403F1A0002B4DD0AB6893424AD1531C002949D05B
S21403F1B06169994242D01EB9521AB2F1004F3DD945
S21403F1C0636123696E689C4203D19D21284800F041
S21403F1D0B0FA2F460023B4420BD0002B41D17269FC
S21403F1E06169891AB1F1004F32D8326937469442C1
S21403F1F02CD12269BD420CBF6A603A617BB926698D
S21403F200B44203D1B8211A4800F093FA3B46012EC4
S21403F21005D062697169521AB2F1004F23D99D4233
S21403F2200BBF6B681A69236122610CBF6C601C619B
S21403F23004E0434431B162699342C1D1BDE8F08131
S21403F2401346B3E76A6822616C60B9E71646C6E7F9
S21403F250A8EB0202B2F1004FC7D93B4637463669E0
S21403F260B9E71F46F9E733463669D0E79937020010
S21403F2704B9504000823064A12F8011B814205D069
S21403F280013B13F0FF03F7D1184670470120704780
S21403F2903DE104000823064A12F8011B814205D00B
S21403F2A0013B13F0FF03F7D1184670470120704760
S21403F2B035E1040010B5082207490446DCF792FB43
S21403F2C0B0FA80F04FF6FF732289400940009A4255
S21403F2D008BF40F0010010BD4EE1040030B50446FF
S21403F2E00D4685B002B9084A1068516801AB03C3DE
S21403F2F001AB03CB20602046ADF80C501B88616041
S21403F300238105B030BD00BFDF1E0400002270B5A8
S21403F3100A4B1C780A4BD5B2AC4202D800200C70BC
S21403F32008E01E880132864205D30D701B881B1A1F
S21403F3305842584170BD1233EDE700BFC664002043
S21403F340AC5B0020F8B5154B04461D680E46E5B1C8
S21403F350134B1F78874218D900EB400305EBC30510
S21403F36026B92B69DA0712D42046F8BD082231469F
S21403F370281DDCF737FB50B92B69DB07F4D40134BF
S21403F380E4B2A74205F11805F0D1FF24ECE70134F7
S21403F390E4B2A74205F11805E2D1F6E74C57002080
S21403F3A07A6F00200A4B01461B6830B52BB1094A19
S21403F3B014780022D0B2844201D8FF2030BD5D8885
S21403F3C08D4202D11D69ED07F8D401321833F1E7F7
S21403F3D04C5700207A6F00200F4A03461068D0B1BE
S21403F3E00E4A12789A4215D919B203EB430300EB7F
S21403F3F0C300036913F001000DD0094A126832F8FE
S21403F400112002F4E2622AB913F00C0F14BF012094
S21403F41000207047012070474C5700207A6F002069
S21403F42048570020094B1B686BB1094A1278824281
S21403F43009D900EB4000C20003EBC0000169C9070D
S21403F44001D5985C7047FF20704700BF4C570020DB
S21403F4507A6F00200C4A0346106890B10B4A127864
S21403F4609A420DD903EB430300EBC300D0E9043201
S21403F47013F001004FF0000104D018461146704700
S21403F48000200146704700BF4C5700207A6F0020CB
S21403F49010B5164B187860B1154C2368CBB14FF4F2
S21403F4A0707200201349FFF717FD2368013B2360A2
S21403F4B010BDFFF755FC1049104A91F90040136838
S21403F4C084420B4C03F1010313602368B8BF087032
S21403F4D053B90B4800F09DFA0028E9D1BDE8104067
S21403F4E001460748FFF72ABE0822DAE7A865002088
S21403F4F06857002091F40300A3650020605700209E
S21403F500646E0020054B1B682BB9054B1868003842
S21403F51018BF012070470120704700BF58570020CE
S21403F5205457002010B962B6BFF36F8F7047EFF3DE
S21403F530108072B67047302383F31188704780F3C8
S21403F5401188BFF36F8F7047EFF31180302383F377
S21403F55011887047002070474FF4004070474FF4FF
S21403F5607A7070470122417803788A4030214B43F2
S21403F57041F2100103F1A04303F570335A5070476C
S21403F580B0F5802F24D010D8B0F5003F22D006D88F
S21403F59028B3B0F5803F14BF012048207047B0F56C
S21403F5A0403F14BF01202C207047B0F5302F13D0F6
S21403F5B008D8B0F5E02F11D0B0F5202F14BF0120E6
S21403F5C010207047B0F57F0F14BF01200620704748
S21403F5D04B2070472A207047112070472120704720
S21403F5E008B570B100F022F84FF098435A6CD20277
S21403F5F0FCD5586D10F4702004D0BDE80840FFF722
S21403F600BFBF212008BD08B528B128220021DBF79B
S21403F6109DFE002008BD2120FCE7036A042B9FBF44
S21403F62000EB83020133D16003627047036A052B44
S21403F63014D84FF09842116CC902FCD504339B00D2
S21403F64013650168103B11604168116050F8081F8C
S21403F65011604FF098420344984200D1704750F827
S21403F660041F1160F8E7836813B9816070475B680D
S21403F6705A68012AFBD15960704709B100F008B8EF
S21403F68022207047012100F046B8002100F043B85D
S21403F69070B506460D46FFF757FF04461D2E37D8AE
S21403F6A0DFE806F00F18361C1E20362224363636C0
S21403F6B02628362A2C2E3036363636343636363626
S21403F6C03632FDF7D9FF002628602046FFF737FFBE
S21403F6D0304670BD0120CAF771FDF4E70320FAE750
S21403F6E00420F8E70C20F6E70220F4E70620F2E70A
S21403F6F00720F0E70820EEE70520ECE70920EAE715
S21403F7000A20E8E70D20E6E71020E4E70B20E2E70F
S21403F71000202126D8E70020704708B5FEF730F80A
S21403F72080B208BD08B5FEF72BF808BD704742DE69
S21403F730704738B504460D4600F008F8FFF7FBFEA1
S21403F74029462046BDE83840FFF7F1BF704710B999
S21403F75062B6BFF36F8F7047012070472DE9FF41F4
S21403F7600D4616461F460446A8B14FF00008C0F8DB
S21403F7701C80FEF7FDFBBDF82C30424602939DF835
S21403F78028302946CDE9007320463346FEF7B8FBFA
S21403F79004B0BDE8F0812220FAE7F0B51F46002347
S21403F7A087B00D46164604468DF81730A8B1C361D8
S21403F7B00DF11701FEF7FEFB9DF817207AB9BDF889
S21403F7C03430294602939DF830302046CDE9007345
S21403F7D03346FEF795FB07B0F0BD2220FBE7032078
S21403F7E0F9E738B5FFF7B0FE054600F016F804460D
S21403F7F02846FFF7A4FE204638BD4FF0B043012845
S21403F8005B6904D0022805D1C3F3C000704703F038
S21403F810010070470020704770474FF0B0439A6A64
S21403F8201207FCD4186A7047704708B5FFF7FCFF49
S21403F83000F01DF808BD10B5FFF779FE0121044658
S21403F8400846FEF739F82046BDE81040FFF76ABEC3
S21403F85010B5044600F012F82046FAF7E3FC2046FB
S21403F860F7F7F4FDBDE81040F9F7ABB9704708B5F4
S21403F870FFF7FCFF08BD0120704770470020704764
S21403F88030B589B00446ADF806108DF81020FFF7A2
S21403F890F1FC05462046FFF7FDFC03469DB1BDF887
S21403F8A00600ABB900F0BAF8FF2808BF00200DF138
S21403F8B00F038DF80F001A46204604990593FEF7AA
S21403F8C07FFD09B030BD0028F5D00DF10603F2E741
S21403F8D000F0A4F8FF2808BF0020BDF806308DF816
S21403F8E00F00ADF81A308DF8180006ABE3E7008872
S21403F8F070470170090A4170704701207047012064
S21403F900704738B5DAF762FC0446CFF7DDFE051E0E
S21403F91018BF2546CFF7AAFF041E18BF2C46FFF7CD
S21403F920ECFF002818BF204638BD38B5FEF714F99B
S21403F9300446F6F741FF04281ED002284FF00005C0
S21403F94008BF0124F7F751FE042817D0022808BF82
S21403F9500124F7F769FB042812D0022808BF012404
S21403F960FFF7CDFF04280DD0022808BF0124002D81
S21403F97018BF0024204638BD0125E3E70125E8E744
S21403F9800125EDE70024F5E7FF20704708B5FFF7EC
S21403F990FBFF002008BD08B520B1FFF7D1FA00F041
S21403F9A0010008BD0120FAE708B5FFF7BDFABDE878
S21403F9B00840FFF7F0BF008810B1C9B2FFF70ABBD3
S21403F9C070472DE9F041B0F8008006460C46D5B2E4
S21403F9D0B8F1000F11D029464046FFF7FBFA22463E
S21403F9E0074629464046FFF709FB3A46294620467E
S21403F9F0FFF704FB3480BDE8F0810F46F5E70346C6
S21403FA001B8808468B4202D00021FFF7E3BA00208A
S21403FA1070470069003818BF012070470020704700
S21403FA20F8B506460D46FFF745FC0328044621D0E5
S21403FA302846FFF73FFC032807461BD010F00203B7
S21403FA4018D1A0070DD5F90716D401233C43E207C6
S21403FA5004D431892A89914218BF002303F0010098
S21403FA60F8BD082229463046DBF7BCFFB0FA80F320
S21403FA705B09EBE70020F3E71846F1E770B50D46A0
S21403FA8000210646FFF797FF044630B1FFF76AFAF0
S21403FA9001462846FFF7C4FF08B1204670BD21463D
S21403FAA03046FFF7ACFFEFE707B50DF10701FFF7A9
S21403FAB02DFC20B19DF8070003B05DF804FBFF2082
S21403FAC0FAE708B500F009F8FF2804D0FFF7C2FCF0
S21403FAD0C0F3C00008BD0120FCE701460020FFF785
S21403FAE031BC08B5FFF75EFCFF3818BF012008BD20
S21403FAF02DE9F84307460846154688461C469DF8F2
S21403FB002090FFF72FFA4619A4B19EB14046FFF79F
S21403FB1045FA254485420FDC2246B9F1000F06D18B
S21403FB2031463846DBF764FC0020BDE8F8833946E7
S21403FB303046F7E72120F8E71D20F6E7000000002F
S21403FB40F8B500BFF8BC08BC9E467047F8B500BFC2
S21403FB50F8BC08BC9E4670475FF800F07567002047
S21403FB605FF800F0D9660020446576696365207403
S21403FB70797065206368616E676520646574656384
S21403FB807465643A202564202D3E2025640D0A0002
S21403FB9050726573732064657465637465640D0AD7
S21403FBA0004D756C74692070726573732064657498
S21403FBB065637465643A2025640D0A0052656C65B6
S21403FBC06173652064657465637465640D0A004C2F
S21403FBD06F6E6720707265737320646574656374F3
S21403FBE065640D0A006D65746572696E673A206E0A
S21403FBF06F20636F756E74657220617661696C61E0
S21403FC00626C6520666F722043460D0A006D65744C
S21403FC106572696E673A206E6F20636F756E7465E2
S21403FC207220617661696C61626C6520666F722012
S21403FC304346310D0A006D65746572696E673A2036
S21403FC40424C303933372064726976657220737498
S21403FC5061727465642028696E74657276616C20BF
S21403FC602564206D73290D0A0072656C61795F73D4
S21403FC70746172745F6C61746368696E675F7075D4
S21403FC806C73653A20616E6F746865722070756C6C
S21403FC907365206973206163746976650D0A007263
S21403FCA0656C61795F6F6E0D0A0072656C61795FD2
S21403FCB06F66660D0A0072656C61795F746F6767BD
S21403FCC06C650D0A0057726974696E6720636F6E00
S21403FCD066696720746F206E763A2025730D0A00D6
S21403FCE053697A653A2025640D0A004661696C6596
S21403FCF06420746F207772697465204445564943BF
S21403FD00455F434F4E4649475F4441544120746F15
S21403FD10204E562C207374617475733A2025642E16
S21403FD20202862797465733A202564290D0A0073C6
S21403FD30756363657373210D0A004661696C6564B8
S21403FD4020746F2072656164204E565F4954454D9A
S21403FD505F4445564943455F434F4E4649472C202B
S21403FD607573696E672064656661756C7420636F6E
S21403FD706E66696720696E73746561642C2073749C
S21403FD80617475733A2025642E202862797465732E
S21403FD903A202564290D0A005573696E6720636F40
S21403FDA06E6669673A20256420636861727320660D
S21403FDB0726F6D0D0A25730D0A00696C61757A7989
S21403FDC06A6D3B5453303031312D5A533B534230D6
S21403FDD0753B52443141343B4941363B4D3B004E23
S21403FDE06574776F726B20737461747573206368C0
S21403FDF0616E67656420746F2025640D0A004D618B
S21403FE006E75666163747572657220746F6F2062B7
S21403FE1069670D0A004D6F64656C20746F6F20620E
S21403FE2069670D0A00496E697469616C697A696E5F
S21403FE3067205A6967626565207769746820256458
S21403FE402073776974636865732C20256420726554
S21403FE506C6179732C20256420636F76657220733A
S21403FE60776974636865732C20256420636F7665F1
S21403FE7072730D0A00436F6E666967207061727352
S21403FE806564207375636365737366756C6C790D4F
S21403FE900A00726561642076657273696F6E206608
S21403FEA06F726D206E6577206C6F636174696F6E19
S21403FEB00D0A004661696C656420746F2077726969
S21403FEC07465206C6173745365656E5665727369E9
S21403FED06F6E20746F204E562C2073743A20256460
S21403FEE00D0A004F6C642076657273696F6E3A2054
S21403FEF025640D0A0043757272656E74207665720A
S21403FF0073696F6E3A2025640D0A005245534554B3
S21403FF1020414C4C210D0A0068616C5F6770696F65
S21403FF205F63616C6C6261636B3A20657874692009
S21403FF306C696E6520256C64207374617475732018
S21403FF40256C750D0A0068616C5F6770696F5F6387
S21403FF50616C6C6261636B3A206E6F2066726565D6
S21403FF602045585449206C696E65730D0A002F6846
S21403FF706F6D652F72756E6E65722F776F726B2F4E
S21403FF80747579612D7A69676265652D737769740F
S21403FF9063682F747579612D7A69676265652D7359
S21403FFA077697463682F73696C6162735F746F6FCC
S21403FFB06C732F73696D706C69636974795F7364AE
S21403FFC06B2F2E2E2F2E2E2F7372632F73696C6159
S21403FFD062732F68616C2F7A69676265652E6300AA
S21403FFE044726F7070696E67206F6C64204F544163
S21403FFF020696D6167652C2063757272656E742067
S2140400006F66667365743A20256C750A00556E6BC8
S2140400106E6F776E20636F76657220636F6D6D61A9
S2140400206E643A2025640D0A00556E6B6E6F776E0B
S21404003020636D642025640D0A00427574746F6E27
S2140400402070726573732064657465637465642CCC
S21404005020627574206E6F20627574746F6E2069EA
S2140400607320707265737365640D0A004275747448
S2140400706F6E206C6F6E6720707265737320646594
S2140400807465637465642C20627574206E6F2062D8
S2140400907574746F6E206973206C6F6E672070724F
S2140400A065737365640D0A004E6F20636F76657220
S2140400B02073776974636820636F6E666967206966
S2140400C06E204E562C207573696E672064656661D3
S2140400D0756C74730D0A0041747472696275746584
S2140400E0206368616E6765642C2065703A20256419
S2140400F02C20636C75737465723A2025642C206119
S2140401007474723A2025640D0A00556E6B6E6F7710
S2140401106E204C6576656C4374726C20636F6D6DEF
S214040120616E643A2025640D0A00556E6B6E6F7717
S2140401306E204F6E4F666620636F6D6D616E643A17
S2140401402025640D0A00496E646578206174207762
S2140401507269746520617474723A2025640D0A000D
S2140401604E6F2073776974636820636F6E66696781
S21404017020696E204E562C207573696E6720646560
S2140401806661756C74730D0A00496E76616C6964F9
S2140401902072656C61795F696E64657820256420D9
S2140401A0696E204E562C20726573657474696E678A
S2140401B020746F2064656661756C740D0A003E20B9
S2140401C000556E6B6E6F776E206572726F720049A3
S2140401D06E70757420627566666572206973204653
S2140401E0554C4C004D6178696D756D206E756D6269
S2140401F06572206F6620617267756D656E74732014
S2140402006578636565646564005468652061726733
S214040210756D656E74206973206E6F7420666F72D8
S2140402206D617474656420636F72726563746C794F
S21404023000496E636F727265637420617267756DD0
S214040240656E74207479706500496E636F727265AA
S2140402506374206E756D626572206F6620617267C6
S214040260756D656E7473004E6F20636F6D6D616E91
S2140402706420666F756E640075696E743800616418
S214040280646974696F6E616C002A00756E6B6E6FBC
S214040290776E0077696C6463617264006865786F72
S2140402A0707400737472696E676F70740075696E2B
S2140402B07433326F70740075696E7431366F70748F
S2140402C00075696E74386F707400686578007374AE
S2140402D072696E670075696E7431360075696E747E
S2140402E03332002E2E2E200068656C70000A2573AB
S2140402F00A257325730025732008002F686F6D6523
S2140403002F72756E6E65722F776F726B2F74757998
S214040310612D7A69676265652D7377697463682FE2
S214040320747579612D7A69676265652D737769746A
S21404033063682F73696C6162735F746F6F6C732F7D
S21404034073696D706C69636974795F73646B2F701D
S2140403506C6174666F726D2F736572766963652F50
S2140403606C65676163795F68616C2F7372632F6273
S2140403706173652D7265706C6163656D656E742E50
S21404038063002F686F6D652F72756E6E65722F77BA
S2140403906F726B2F747579612D7A69676265652D46
S2140403A07377697463682F747579612D7A696762E7
S2140403B065652D7377697463682F73696C616273FE
S2140403C05F746F6F6C732F73696D706C6963697497
S2140403D0795F73646B2F706C6174666F726D2F73C4
S2140403E06572766963652F746F6B656E5F6D616E9B
S2140403F0616765722F6C65676163792F7372632F0B
S214040400736C5F746F6B656E5F6D616E616765724A
S2140404102E63002F686F6D652F72756E6E65722F72
S214040420776F726B2F747579612D7A69676265656B
S2140404302D7377697463682F747579612D7A69678B
S2140404406265652D7377697463682F73696C61627E
S214040450735F746F6F6C732F73696D706C69636907
S21404046074795F73646B2F706C6174666F726D2F32
S214040470736572766963652F746F6B656E5F6D6105
S2140404806E616765722F6C65676163792F7372633B
S2140404902F736C5F746F6B656E5F6D616E756661EE
S2140404A063747572696E672E630043757272656E47
S2140404B07420436F6E6669673A202530780053656A
S2140404C07420434341206D6F646520746F20256457
S2140404D03A2025307800656E61626C656400646954
S2140404E07361626C6564006F757428636C69656E0D
S2140404F0742900696E202873657276657229004D2A
S214040500464720537472696E673A2025730041701B
S214040510704275696C646572204D464720436F646B
S214040520653A20307825303458006E6F6465205B59
S214040530004164646974696F6E616C20696E7465E9
S21404054072666163657300202025643A200070613A
S2140405506765205B25645D206368616E205B2564A7
S2140405605D20707772205B25645D006E6F74206179
S2140405706374697665006572726F72203078253010
S21404058038580070616E4944205B30782530345802
S2140405905D206E6F64654944205B3078253034589E
S2140405A05D20007870616E205B3078007061726543
S2140405B06E744944205B3078253034585D20706171
S2140405C072656E7452737369205B25645D006E6F8A
S2140405D0646554797065205B00536563757269744D
S2140405E079206C6576656C205B253032585D006E2C
S2140405F06574776F726B207374617465205B253045
S21404060032585D20004275666665722062797465AC
S214040610733A202564202F20256400457020636EDD
S214040620743A202564006570202564205B656E643A
S214040630706F696E742025732C2064657669636513
S2140406402025735D20006E776B205B25645D20702B
S214040650726F66696C65205B3078253034585D208F
S2140406606465764964205B3078253034585D20769E
S2140406706572205B3078253032585D0020202020BB
S214040680257320636C75737465723A203078253050
S214040690345820004E776B20636E743A202564002D
S2140406A06E776B202564205B25735D005072696D40
S2140406B0617279202870726F290020206E6F64653D
S2140406C054797065205B3078253032585D002020E0
S2140406D0736563757269747950726F66696C6520A8
S2140406E05B3078253032585D0045502025643A202A
S2140406F0257320004572726F723A2020556E6B6E19
S2140407006F776E20656E64706F696E742E00456E2A
S21404071061626C65206576656E74206465627567D3
S21404072020696E666F20696E20436F726520434CA5
S2140407304920636F6D706F6E656E74006F6E6C79B2
S21404074020636F6F7264696E61746F727320636185
S2140407506E20666F726D0A006A6F696E20307825A7
S2140407603038580A006C6561766500257320307849
S214040770253032580A0072656A6F696E4469666687
S21404078044657669636554797065006578742E20CF
S21404079050414E2049443A20004E574B206F706516
S2140407A06E3A20257520736563004E574B20636CA4
S2140407B06F7365640066696E64206A6F696E616251
S2140407C06C653A203078253032580066696E6420AD
S2140407D0756E757365643A20307825303258004358
S2140407E068616E67696E6720746F206368616E6EF9
S2140407F0656C2025643A2030782530325800696EBE
S21404080076616C6964206E6574776F726B20696EAE
S2140408106465780053686F72742049443A203078CF
S214040820253034582C2045554936343A20002C209F
S21404083050616E2049443A203078253034580053AD
S214040840746172746564206D756C74692D70687952
S21404085020696E74657266616365004661696C65DD
S2140408606420746F20257320257320307825303259
S21404087058005465726D696E617465642025732032
S214040880307825303258004B65657020616C697687
S2140408906520737570706F727420656E61626C6526
S2140408A0642E006661696C656420746F20736574D9
S2140408B0206B65657020616C697665206D6F646574
S2140408C02E007375636365737366756C6C79207339
S2140408D0657420746865206368696C642074696D47
S2140408E0656F7574206F7074696F6E206D61736BBD
S2140408F02E006661696C656420746F2073657420CD
S214040900746865206368696C642074696D656F75C6
S21404091074206F7074696F6E206D61736B2E006443
S2140409206973636F766572004D617463682025731E
S214040930792066726F6D203078253034582C206507
S21404094070202564004E574B2041646472657373AF
S21404095020726573706F6E73653A20307825303474
S2140409605800494545452041646472657373207296
S2140409706573706F6E73653A2000536572766963AB
S214040980652025737920646F6E652E0023202074FD
S2140409907970652020206E776B20206C6F63202092
S2140409A02072656D202020636C75732020206E6F86
S2140409B06465202020657569002020256420202099
S2140409C0203078253034582020307825303458208C
S2140409D0203078253034582030782530345820009C
S2140409E0736C5F7A69676265655F6765745F626981
S2140409F06E64696E67204572726F723A203078258D
S214040A003038580A002564206F6620256420626901
S214040A106E64696E6773207573656400656E6162E3
S214040A206C6564207072696E740064697361626CCC
S214040A306564207072696E7400616464206C696E0B
S214040A406B206B6579004552523A2043616C63759E
S214040A506C617465642043524320646F6573206E32
S214040A606F74206D61746368004552523A20496E73
S214040A707374616C6C20436F6465206D75737420A9
S214040A80626520382C2031302C2031342C206F72B3
S214040A9020313820627974657320696E206C656E27
S214040AA0677468004552523A204145532D4D4D4FC8
S214040AB02068617368206661696C65643A203078E2
S214040AC02530325800536574206A6F696E696E6704
S214040AD0206C696E6B206B6579007365742062699F
S214040AE06E642025643A2030782530327800454DEF
S214040AF050545900554E494341004D324F4E45001F
S214040B004D554C5449003F2020202000496E646512
S214040B1078204945454520416464726573732020F6
S214040B20202020202020204E574B496E64657820D4
S214040B3020496E204643202020202054544C2873FD
S214040B402920466C6167202020204B6579202020D0
S214040B50200025642020202020002020256420203A
S214040B602020202020002020253038582020002057
S214040B70307825303458202000496E646578204942
S214040B804545452041646472657373202020202007
S214040B9020202020496E20464320202020205479FF
S214040BA0706520204175746820204B6579002D20DF
S214040BB020202020002563202020202025632020BC
S214040BC020202000696573005741524E494E473A2B
S214040BD0202052454144494E47204F46204B455914
S214040BE02056414C5545532044495341424C4544B4
S214040BF0204259204D464720544F4B454E004E57F1
S214040C004B204B6579002573206F75742046433A54
S214040C10202530385800257320736571206E756D55
S214040C203A20307825303258002573206F757420AA
S214040C3046433A2025303878005443202573200054
S214040C402573205461626C650025642F2564206535
S214040C506E747269657320757365642E00547261D0
S214040C606E7369656E74204B657900256420656E25
S214040C707472257320636F6E73756D696E672025B5
S214040C8064207061636B65742062756666657225A0
S214040C90732E0057494C4C0057494C4C204E4F5429
S214040CA00054727573742043656E746572202573E0
S214040CB020616C6C6F772074727573742063656E34
S214040CC07465722072656A6F696E73207573696ED7
S214040CD0672077656C6C2D6B6E6F776E206B65790D
S214040CE02E005365742074696D656F757420666F85
S214040CF0722054727573742043656E746572207224
S214040D00656A6F696E73207573696E672077656CA4
S214040D106C2D6B6E6F776E206C696E6B206B6579CD
S214040D2020746F202564207365636F6E64732E00D1
S214040D304552524F523A20002573737461636B20F8
S214040D406D75737420626520646F776E2E0052652D
S214040D506164696E6720416C6C6F776564004861F6
S214040D607368696E67206F6E6C7900736C5F7A695E
S214040D70676265655F6B65795F73657474696E67D2
S214040D80735F743A2030782530345800202050653C
S214040D90726D697373696F6E733A202573004572BA
S214040DA0726F723A204661696C656420746F2067BE
S214040DB0657420636F6E6669672C2073746174753E
S214040DC0733A20307825303858004661696C65647B
S214040DD03A20307825303858004D73673A20636CD3
S214040DE07573203078253034582C20636D64203099
S214040DF078253032582C206C656E20256400627588
S214040E00666665723A2000454D4245525F0025737A
S214040E1053454355524954595F4C4556454C3A2020
S214040E20253032580025736572617365206B6579C9
S214040E302025643A2030782530385800636D6420C5
S214040E406E6F74206275696C7400737263206570CB
S214040E5020253032782C20636C7573202530347846
S214040E600073656E64696E6720746F206D756C74AC
S214040E7069636173742062696E640025733A206541
S214040E80703A2025642C20636C3A20307825303460
S214040E90582C20617474723A203078253034580007
S214040EA02C207376723A2025630025733A207265E7
S214040EB061643A20307825303278002C20737672BC
S214040EC03A2025632C2064747970653A203078259E
S214040ED030325800417267756D656E7420617420F7
S214040EE0696E6465783A202564206973206F75748A
S214040EF0206F662072616E676500436F6D6D616E6C
S214040F006420616C7265616479206275696C742E04
S214040F10202043616E6E6F7420736574204D4647BF
S214040F2020737065636966696320636F6465206611
S214040F306F7220636F6D6D616E642E004D464720A0
S214040F40436F64652053657420666F72206E6578FF
S214040F507420636F6D6D616E643A2030782530348A
S214040F605800557365204E65787420536571756511
S214040F706E63652053657420666F72206E657874A0
S214040F8020636F6D6D616E643A2030782530325878
S214040F900044697361626C652044656661756C74AF
S214040FA020526573706F6E73652053657420666F88
S214040FB072206E65787420636F6D6D616E643A207E
S214040FC0307825303258004552523A2072656164B2
S214040FD0696E672061747472696275746520253061
S214040FE03278004552523A2061747472696275749C
S214040FF0652073697A6520256420746F6F206C61A0
S21404100072676520666F7220627566666572004553
S21404101072726F723A2061747472696275746520B4
S214041020494420307825303458207265706F7274C5
S21404103061626C65206368616E67652069732073FE
S214041040697A65202564422C2062757420256442E2
S21404105020656E74657265640A006E6F20636D6445
S214041060004572726F723A20434C492053656E6491
S214041070206661696C65642C207374617475733AB8
S21404108020307825303858004572726F723A202026
S214041090455549363420617267756D656E742069EE
S2140410A07320656D70747920616E64206C6F6F6B4D
S2140410B07570206279206E6F6465204944206661ED
S2140410C0696C65642E0047726F757000556E6963AF
S2140410D061737400556E62696E64202573202573EF
S2140410E030782530325800526571756573743A202D
S2140410F0005A444F2073696D706C65206465736391
S214041100207265712025303278005A444F206E6F65
S21404111064652064657363207265712025303278B7
S214041120005A444F206D61746368206465736320BD
S2140411307265712025303258005573696E67206DCC
S21404114079206C6F63616C20455549363420666F90
S21404115072206465737420455549363420696E20C0
S21404116062696E64696E67005A444F2062696E64F1
S21404117020726571202530327800636C757374654F
S21404118072206C696D6974207265616368656400B9
S214041190696E76616C696420706167653A202564BF
S2140411A0206F72206368616E6E656C3A2025640059
S2140411B04368616E6765206368616E6E656C207354
S2140411C074617475733A203078253032780064750B
S2140411D0726174696F6E206D757374206265206920
S2140411E06E2072616E67652030202D203500636F97
S2140411F0756E74206D75737420626520696E207236
S214041200616E67652031202D2038007363616E207F
S21404121073746174757320307825303258006E65A7
S21404122074776F726B20757064617465207365746F
S21404123020737461747573203078253032580041F9
S214041240637469766520455020726571756573749C
S214041250207374617475733A2030782530325800E0
S2140412604C5149205461626C6520726571756573D2
S214041270743A203078253032580042696E64696EBC
S21404128067205461626C6520726571756573743A83
S21404129020307825303258004C65617665202573F9
S2140412A030782530325800506F7765722044657365
S2140412B063726970746F72202573307825303258E3
S2140412C0005573696E67206D79206C6F63616C20BE
S2140412D0455549363420666F72206465737420451C
S2140412E05549363420696E20756E62696E64696E7F
S2140412F06700526F757465205461626C65202573AF
S214041300307825303258002F686F6D652F72756EF1
S2140413106E65722F776F726B2F747579612D7A698B
S214041320676265652D7377697463682F7475796170
S2140413302D7A69676265652D7377697463682F73A0
S214041340696C6162735F746F6F6C732F73696D7011
S2140413506C69636974795F73646B2F70726F746FF2
S214041360636F6C2F7A69676265652F6170702F668C
S21404137072616D65776F726B2F636F6D6D6F6E2F15
S214041380736C5F7A69676265655F73797374656D9C
S2140413905F636F6D6D6F6E2E6300457874656E6463
S2140413A0656420526573657420696E666F3A2030F2
S2140413B078253034582028257329002F686F6D65EA
S2140413C02F72756E6E65722F776F726B2F747579C8
S2140413D0612D7A69676265652D7377697463682F12
S2140413E0747579612D7A69676265652D737769749A
S2140413F063682F73696C6162735F746F6F6C732FAD
S21404140073696D706C69636974795F73646B2F704C
S214041410726F746F636F6C2F7A69676265652F618C
S21404142070702F6672616D65776F726B2F636F6D68
S2140414306D6F6E2F7A69676265655F6170705F664F
S21404144072616D65776F726B5F736C6565702E6322
S2140414500053746179206177616B65207768656EE7
S214041460206E6F74206A6F696E65643A2025730077
S214041470466F726365642073746179206177616B6B
S214041480653A202020202020202020202573004696
S2140414906F7263696E672064657669636520746F2E
S2140414A02073746179206177616B6500416C6C6FA1
S2140414B077696E672064657669636520746F206754
S2140414C06F20746F20736C656570002F686F6D6590
S2140414D02F72756E6E65722F776F726B2F747579B7
S2140414E0612D7A69676265652D7377697463682F01
S2140414F0747579612D7A69676265652D7377697489
S21404150063682F73696C6162735F746F6F6C732F9B
S21404151073696D706C69636974795F73646B2F703B
S214041520726F746F636F6C2F7A69676265652F617B
S21404153070702F6672616D65776F726B2F636F6D57
S2140415406D6F6E2F7A69676265655F737461636B2E
S2140415505F736C6565702E630052583A205265734B
S2140415606574546F466163746F7279446566617519
S2140415706C747343616C6C6261636B00657A737040
S21404158020636F756E74657273206661696C65643A
S21404159020257500657A737020526573657420542F
S2140415A068726573686F6C64206572726F7220254A
S2140415B07500657A73702053657420546872657379
S2140415C0686F6C64206572726F72202575002575CD
S2140415D0292025733A2025750053657474696E674F
S2140415E0205468726573686F6C6420636F6D6D61F8
S2140415F06E64003F3F3F004D616320527820426393
S214041600617374004D61632054782042636173747F
S214041610004D6163205278205563617374004D61F8
S21404162063205478205563617374004D61632054BD
S21404163078205563617374205265747279004D6125
S21404164063205478205563617374204661696C0086
S21404165041505320527820426361737400415053C2
S21404166020547820426361737400415053205278AA
S2140416702055636173740041505320547820556399
S214041680617374205375636365737300415053200C
S21404169054782055636173742052657472790041DE
S2140416A05053205478205563617374204661696CE6
S2140416B000526F757465204469736320496E6974BB
S2140416C06961746564004E65696768626F7220417B
S2140416D064646564004E65696768626F722052656B
S2140416E06D6F766564004E65696768626F72205335
S2140416F074616C65004A6F696E20496E6469636143
S21404170074696F6E004368696C64204D6F76656417
S21404171000415348204F766572666C6F77004153DC
S21404172048204672616D65204572726F720041539F
S21404173048204F76657272756E204572726F72001D
S2140417404E574B204643204661696C7572650041CE
S2140417505053204643204661696C757265004153B8
S2140417604820584F66660041505320556E61757484
S214041770686F72697A6564204B6579004E574B2012
S21404178044656372797074204661696C757265731A
S2140417900041505320446563727970742046616931
S2140417A06C75726573005061636B65742042756670
S2140417B066657220416C6C6F63617465204661696E
S2140417C06C757265730052656C6179656420556347
S2140417D06173740050687920746F204D4143207102
S2140417E075657565206C696D6974207265616368DA
S2140417F06564005061636B65742056616C6964614E
S21404180074652064726F7020636F756E74004E5733
S2140418104B207265747279206F766572666C6F778A
S21404182000434341204661696C75726573004272D9
S2140418306F616463617374207461626C652066759D
S2140418406C6C00505441204C6F20507269205265D5
S21404185071005054412048692050726920526571C5
S21404186000505441204C6F205072692044656E69C4
S21404187065640050544120486920507269204465CC
S2140418806E69656400505441204C6F205072692084
S21404189054782041627274005054412048692050A4
S2140418A072692054782041627274004164647265DF
S2140418B0737320436F6E666C6963742053656E742D
S2140418C00043534C205278207363686564756C65D6
S2140418D0206661696C6564000D0044656275672066
S2140418E07072696E742067726F75702025730A00B3
S2140418F057726F6E6720706172616D657465720AE7
S2140419000046696E6420616E642042696E642049F4
S2140419106E69746961746F723A20436F6D706C659A
S21404192074653A20307825303258005374617274E6
S214041930207461726765740046696E6420616E6423
S2140419402042696E64205461726765740025733A98
S2140419502025733A20307825303258004672616765
S2140419606D656E746174696F6E2052582077696E67
S214041970646F772073697A652073657420746F20AA
S2140419802564002F686F6D652F72756E6E65722FF5
S214041990776F726B2F747579612D7A6967626565E6
S2140419A02D7377697463682F747579612D7A696706
S2140419B06265652D7377697463682F73696C6162F9
S2140419C0735F746F6F6C732F73696D706C69636982
S2140419D074795F73646B2F70726F746F636F6C2FA0
S2140419E07A69676265652F6170702F6672616D65CE
S2140419F0776F726B2F706C7567696E2F667261678E
S214041A006D656E746174696F6E2F667261676D655D
S214041A106E746174696F6E2E630052583A20416486
S214041A206447726F7570526573706F6E736520309D
S214041A3078253032582C20307825303458005258C7
S214041A403A205669657747726F7570526573706F82
S214041A506E7365203078253032582C203078253047
S214041A6034582C20220052583A2047657447726F27
S214041A7075704D656D6265727368697052657370D2
S214041A806F6E7365203078253032582C20307825D8
S214041A903032582C00205B3078253034585D0052A4
S214041AA0583A2052656D6F766547726F7570526549
S214041AB073706F6E7365203078253032582C203062
S214041AC078253034580065705B253032585D2069BF
S214041AD0645B253034585D00436C656172696E67DB
S214041AE020616C6C2067726F7570732E00455252BD
S214041AF03A204661696C656420746F206372656180
S214041B0074652062696E64696E67202830782530B3
S214041B10325829004552523A2042696E64696E670B
S214041B20207461626C652069732066756C6C004570
S214041B3052523A2077726974696E67206E616D65D9
S214041B4020737570706F72742025303258005258A6
S214041B503A2041646447726F7570203078253034BB
S214041B60582C20220075760052583A20566965771C
S214041B7047726F7570203078253034580075767348
S214041B8000766965775F67726F75700047726F7568
S214041B9070733A206661696C656420746F2073659F
S214041BA06E6420257320726573706F6E73653A20B9
S214041BB0307825303258006765745F67726F7570C9
S214041BC05F6D656D626572736869702072657370A7
S214041BD06F6E73650064656661756C745F726573B9
S214041BE0706F6E73650052583A2047657447726F7B
S214041BF075704D656D6265727368697020307825FE
S214041C003032582C007575620047726F7570733ADF
S214041C10206661696C656420746F2073656E642049
S214041C2025733A203078253032580052583A2052DC
S214041C30656D6F766547726F757020307825303421
S214041C4058004552523A204661696C656420746FA8
S214041C502064656C6574652062696E64696E6720CD
S214041C6028307825303258290072656D6F76655FA6
S214041C7067726F75700052583A2052656D6F7665BC
S214041C80416C6C47726F7570730052583A20416409
S214041C906447726F757049664964656E74696679DF
S214041CA0696E67203078253034582C202200616411
S214041CB064004368616E6E656C206E6F7420766196
S214041CC06C69643A202564005072696D617279000B
S214041CD02573206D61736B206E6F77203078253006
S214041CE03858005365636F6E64617279004D617392
S214041CF06B206E6F742076616C69643A20256400EC
S214041D007072696D617279007365636F6E64617277
S214041D10790025733A20536574202573206D61730A
S214041D206B20746F203078253038580053746174F3
S214041D3075730025733A2025733A004368616E6E06
S214041D40656C206D61736B3A0020202020283129B1
S214041D5020307825303858205B0020202020283278
S214041D602920307825303858205B00537461746518
S214041D703A203078253032582028257329004375B8
S214041D807272656E74206368616E6E656C3A2025A7
S214041D906400546F74616C20626561636F6E733A9D
S214041DA0202564004A6F696E20617474656D7074D2
S214041DB0733A202564004E6574776F726B207374D3
S214041DC06174653A203078253032580053746F7049
S214041DD00025732053746F702E2020436C65616E4B
S214041DE0696E672075702E0042726F61646361735A
S214041DF074696E67207065726D6974206A6F696EA7
S214041E000054727573742063656E746572206C6911
S214041E106E6B206B657920757064617465207374CD
S214041E20617475730025733A205741524E494E47E4
S214041E303A20736C5F7A69676265655F7365745F81
S214041E40696E697469616C5F7365637572697479C8
S214041E505F7374617465206661696C65642E2043E3
S214041E606F6E74696E75696E6720776974686F75CE
S214041E707420696E7374616C6C20636F64652E00E5
S214041E804572726F723A20696E7374616C6C20636B
S214041E906F6465207365747570206661696C65642B
S214041EA02E20497320616E20696E7374616C6C20F9
S214041EB0636F646520666C6173686564206F6E7416
S214041EC06F20746865206465766963653F00D0D1C9
S214041ED0D2D3D4D5D6D7D8D9DADBDCDDDEDF00FF23
S214041EE0FFFFFFFFFFFFFF005A6967426565416C0D
S214041EF06C69616E636530390025733A20697373C3
S214041F0075696E67207363616E206F6E202573207B
S214041F106368616E6E656C7320286D61736B203028
S214041F2078253038582900257320697320616C722F
S214041F306561647920696E2070726F677265737369
S214041F40005374617274004578616D696E696E67DA
S214041F5020626561636F6E206F6E206368616E6ECB
S214041F60656C20256420776974682070616E496406
S214041F7020307825303458005468697320626561CF
S214041F80636F6E206973206E6F74207061727420A4
S214041F906F66207468652063757272656E7420635C
S214041FA068616E6E656C206D61736B2028307825D1
S214041FB0303858292E2047657474696E67206E651C
S214041FC0787420626561636F6E2077686F7365202E
S214041FD06368616E6E656C206269746D61736B20F4
S214041FE06973207365742E004572726F723A2025E9
S214041FF07320636F756C64206E6F742061747465EF
S2140420006D7074206A6F696E3A20307825303258C5
S214042010004E6F20626561636F6E73206C65667434
S214042020206F6E2063757272656E74206D61736BBB
S2140420302E204D6F76696E6720746F206E657874F7
S214042040207374617465002573206A6F696E696E07
S2140420506720307825303458206F6E206368616EB0
S2140420606E656C2025640025732053746174653A8C
S214042070202573004572726F723A20257320636FB1
S214042080756C64206E6F7420736574757020736548
S2140420906375726974793A20307825303258004571
S2140420A072726F723A205363616E20636F6D706C48
S2140420B06574652068616E646C65722072657475FB
S2140420C0726E65642030782530325800257320738C
S2140420D063616E20636F6D706C6574652E20426557
S2140420E061636F6E732068656172643A20256400CC
S2140420F0257320737461636B207374617475732025
S214042100307825303258002573206E6574776F72E8
S2140421106B206A6F696E65642E002573207472796D
S214042120696E67206E657874206E6574776F726B5F
S2140421302E004E6F6E65005363616E205072696D9B
S214042140617279204368616E6E656C7320616E649B
S2140421502075736520436F6E6669677572656420C3
S2140421604B6579005363616E205072696D617279B4
S214042170204368616E6E656C7320616E64207573AF
S2140421806520496E7374616C6C20436F64650053FC
S21404219063616E205072696D617279204368616E66
S2140421A06E656C7320616E64205573652043656E9E
S2140421B07472616C697A6564204B65790053636157
S2140421C06E205072696D617279204368616E6E6527
S2140421D06C7320616E642055736520446973747251
S2140421E0696275746564204B6579005363616E207B
S2140421F05365636F6E64617279204368616E6E65C1
S2140422006C7320616E642075736520436F6E666917
S2140422106775726564204B6579005363616E20535D
S21404222065636F6E64617279204368616E6E656C77
S2140422307320616E642075736520496E7374616CD7
S2140422406C20436F6465005363616E205365636F4F
S2140422506E64617279204368616E6E656C7320618A
S2140422606E64205573652043656E7472616C697A7A
S2140422706564204B6579005363616E205365636F14
S2140422806E64617279204368616E6E656C7320615A
S2140422906E6420557365204469737472696275743C
S2140422A06564204B6579005363616E205072696DD6
S2140422B0617279204368616E6E656C7320616E642A
S2140422C02055736520416C6C204B65797320286912
S2140422D06E7374616C6C20636F64652C2063656E2A
S2140422E07472616C697A65642C20646973747269AB
S2140422F0627574656429005363616E205365636F69
S2140423006E64617279204368616E6E656C732061D9
S2140423106E642055736520416C6C204B6579732080
S21404232028696E7374616C6C20636F64652C20631B
S214042330656E7472616C697A65642C206469737462
S2140423407269627574656429004F6E2F4F66662045
S2140423507365742076616C75653A20253032582092
S21404236025303258004552523A2072656164696ECF
S21404237067206F6E2F6F66662025303258004F6ECA
S2140423802F6F666620616C7265616479207365746C
S21404239020746F206E65772076616C756500546FC7
S2140423A067676C65206F6E2F6F66662066726F6D4A
S2140423B0202530325820746F20253032580045527C
S2140423C0523A2077726974696E67206F6E2F6F6653
S2140423D066202530325800496E7374616C6C6564EF
S2140423E02054797065202842617365293A2020308C
S2140423F07825303258004361706162696C6974698B
S21404240065733A20202020202020202020203078A9
S2140424102530345800426F6F746C6F6164657220A7
S21404242056657273696F6E3A202020202030782516
S2140424303034580053656375726520426F6F746C50
S2140424406F61646572204B65793A20202020202035
S21404245000426F6F746C6F6164696E6720666169B1
S2140424606C65642100446F776E6C6F6164206661EE
S214042470696C65642E0044656C6574696E672066D5
S21404248061696C656420646F776E6C6F61642C2080
S2140424907374617475733A20307825303258004965
S2140424A06D61676520646F6573206E6F7420636F5B
S2140424B06E7461696E20616E205570677261646522
S2140424C020496D616765205461672028307825307F
S2140424D03458292E20536B697070696E67207570A6
S2140424E067726164652E00457865637574696E6706
S2140424F020626F6F746C6F61642063616C6C6261E0
S214042500636B2E005374617274696E672045424C87
S21404251020766572696669636174696F6E00454208
S2140425204C206661696C65642076657269666963C9
S2140425306174696F6E2E0045424C2070617373653A
S2140425406420766572696669636174696F6E2E00CD
S2140425502573696E67204F544120636C69656E74F9
S214042560207374617465206D616368696E650073B9
S214042570746F7070004572726F723A204E6F2069E5
S2140425806D61676520617420696E646578202564D2
S214042590004E6F7420737570706F727465642E00CD
S2140425A0436C69656E7420696D6167652071756535
S2140425B0727920696E666F004D616E7566204944B7
S2140425C03A2020202020202020203078253034581F
S2140425D000496D61676520547970652049443A2046
S2140425E02020203078253034580043757272656E8A
S2140425F0742056657273696F6E3A202030782530E1
S2140426003858004861726477617265205665727343
S214042610696F6E3A20004E41005175657279204408
S214042620656C6179206D733A2020202020202020BC
S21404263020202020256C6400536572766572204441
S2140426406973636F766572792044656C6179206D71
S214042650733A20256C6400446F776E6C6F61642057
S21404266044656C6179206D733A2020202020202058
S2140426702020256C640052756E2055706772616464
S214042680652044656C6179206D733A2020202020F3
S21404269020256C64005665726966792044656C6111
S2140426A079206D733A20202020202020202020200E
S2140426B0256C6400446F776E6C6F6164204572729B
S2140426C06F72205468726573686F6C643A202025B4
S2140426D0640055706772616465205761697420549C
S2140426E068726573686F6C643A2020202025640045
S2140426F04F544120446F776E6772616465733A2065
S21404270044697361626C6564004F544120446F777A
S2140427106E6772616465733A20456E61626C6564C7
S21404272000426F6F746C6F61642073746174653AF1
S21404273020257300496E76616C6964204550202517
S21404274064207768656E20747279696E6720746F8A
S2140427502073656E64204F5441206D657373616702
S214042760652E0053656E64696E67205570677261E6
S214042770646520456E6420726571756573742E00F9
S21404278025733A20696E76616C696420636D6449CA
S2140427906420307825303258004572726F723A20C1
S2140427A0204661696C656420746F2073656E6420CE
S2140427B04F544120636F6D6D616E64203078253010
S2140427C032582C207374617475733A20307825302F
S2140427D032580053657276657220756E6B6E6F772D
S2140427E06E2C2066616C6C696E67206261636B2078
S2140427F0746F20646973636F766572792E004D6119
S21404280078696D756D207175657279206572726F61
S21404281072732068697420282564292C20737461D7
S2140428207274696E672073656172636820666F727E
S214042830206E6577204F5441207365727665722E3C
S2140428400A004170706C79696E67207570677261F2
S21404285064650025733A20696E76616C6964206F3E
S21404286066667365742063757272656E7454696DFA
S214042870652830782530385829203E2075706772D0
S21404288061646554696D65283078253038582900A8
S2140428904F544120436C75737465723A20776169AE
S2140428A07420666F72202564207300525865642075
S2140428B074696D654F7574203078253038582073E8
S2140428C02C204D41582074696D654F7574203078FE
S2140428D0253038582073004D6178696D756D207504
S2140428E070677261646520726571756573747320B0
S2140428F06D616465202825642920776974686F757E
S2140429007420726573706F6E73652066726F6D20C7
S2140429107365727665722E00557067726164696EAF
S2140429206720616E79776179004F54412053657250
S2140429307669636520646973636F7665727920705F
S214042940726576656E746564202D20616E6F74689A
S214042950657220697320616C726561647920696EA2
S2140429602070726F6772657373004661696C656484
S21404297020746F20696E697469617465207365726A
S2140429807669636520646973636F766572792E0071
S2140429904F544120536572766963652044697363B6
S2140429A06F7665727920696E2070726F67726573D0
S2140429B07300436C69656E74207665726966696334
S2140429C06174696F6E206661696C65642E00536974
S2140429D0676E617475726500437573746F6D00700D
S2140429E06173736564004641494C4544004E6F204C
S2140429F07369676E61747572652076657269666957
S214042A00636174696F6E20737570706F72742C20B6
S214042A10617373756D696E6720696D61676520699A
S214042A2073206F6B61792E00257320766572696654
S214042A3069636174696F6E2025733A203078253097
S214042A403258004D6178696D756D206E756D6265DE
S214042A5072206F6620646F776E6C6F616420657297
S214042A60726F727320726561636820282564292C4E
S214042A702061626F7274696E672E004F5441204362
S214042A806C75737465723A2073657474696E672026
S214042A90494545452061646472657373206F6620FA
S214042AA04F544120636C7573746572005061727480
S214042AB069616C2066696C6520646F776E6C6F6103
S214042AC06420666F756E642C20636F6E74696E7511
S214042AD0696E672066726F6D206F66667365742014
S214042AE030782530385800466F756E642066756CED
S214042AF06C7920646F776E6C6F61646564206669B8
S214042B006C6520696E2073746F7261676520287621
S214042B10657273696F6E20307825303858292E0018
S214042B20466F756E642066696C6520696E207374E2
S214042B306F72616765207769746820646966666584
S214042B4072656E742076657273696F6E20283078AD
S214042B502530385829207468616E20637572726552
S214042B606E742076657273696F6E2028307825300F
S214042B703858290046696C6520696E2073746F7234
S214042B806167652069732073616D652061732063D6
S214042B90757272656E742072756E6E696E672076D5
S214042BA0657273696F6E202830782530385829008E
S214042BB04E6F20696D61676520666F756E64206967
S214042BC06E2073746F726167652E004F54412053F4
S214042BD065727669636520446973636F7665727996
S214042BE020756E626C6F636B65640049676E6F7206
S214042BF0696E67207365727665722066726F6D20E3
S214042C006C6F6F706261636B20616464726573736A
S214042C100049676E6F72696E6720307825303458C5
S214042C20204F54412073657276657220696E207356
S214042C306561726368206F6620544300536574743C
S214042C40696E67204F54412053657276657220740E
S214042C506F203078253034580044656C6179696E8D
S214042C6067202564207365636F6E647320626566EF
S214042C706F7265207374617274696E67204F544175
S214042C8020636C69656E740054696D656F75742095
S214042C9077616974696E6720666F72206D657373F9
S214042CA06167652E00426164204F544120636F6D56
S214042CB06D616E643A20307825303258004F5441A6
S214042CC020636F6D6D616E64203078253032582035
S214042CD0746F6F2073686F727420286C656E20257D
S214042CE064203C206D696E20256429004F544120E1
S214042CF0636F6D6D616E642066726F6D20756E72A3
S214042D0065636F676E697A6564207365727665724B
S214042D10203078253034582E20204D79204F5441C9
S214042D20207365727665723A203078253034580000
S214042D30496D616765204E6F7469667900476F74E4
S214042D4020756E65787065637465642025732E201F
S214042D5020537461727420646973636F7665727944
S214042D602E0064656661756C74004F54413A2066A3
S214042D7061696C656420746F2073656E64202573C6
S214042D8020726573706F6E73653A20307825303222
S214042D905800496D616765206E6F746966790047EF
S214042DA06F7420756E65787065637465642025732A
S214042DB02E202049676E6F7265642E004F54413A88
S214042DC02044656661756C7420726573706F6E73EB
S214042DD06520666F7220496D616765206E6F746941
S214042DE066792C20737461747573203078253032BC
S214042DF05800496D616765206E6F74696679206353
S214042E006F6D6D616E6400257320756E6963617302
S214042E10742C207175657279696E6700496E7661E7
S214042E206C6964002573202573207061796C6F616A
S214042E306420747970652030782530325800257304
S214042E402025733A206F7574206F662072616E6752
S214042E5065206A69747465722025640025732025CC
S214042E60733A207061796C6F6164206C656E677468
S214042E706820646F65736E2774206D6174636820C0
S214042E8074797065203078253032582028256420DF
S214042E903C2025642900257320257320647565204D
S214042EA0746F206E6F6E2D6D61746368696E672033
S214042EB06D616E756661637475726572204944004F
S214042EC025732025732064756520746F206E6F6EDD
S214042ED02D6D61746368696E6720696D616765202E
S214042EE07479706520494400257320257320647521
S214042EF06520746F206D61746368696E6720666907
S214042F00726D776172652076657273696F6E0025DF
S214042F10732025732C2052782764204A69747465BC
S214042F20722028307825303258292C205069636B5B
S214042F306564204A697474657220283078253032B6
S214042F405829005175657279206E65787420696D0C
S214042F5061676520726573706F6E736500257320F4
S214042F6072657475726E6564203078253032582E1A
S214042F7020204E6F206E657720696D61676520742A
S214042F806F20646F776E6C6F61642E0025732074F7
S214042F906F6F2073686F727420282564203C202588
S214042FA064290025733A204E657720696D6167654C
S214042FB020697320617661696C61626C6520666F56
S214042FC07220646F776E6C6F61642E0025732069BF
S214042FD073206E6F74207573696E67206D7920692F
S214042FE06D61676520696E666F2E004552524F52BA
S214042FF03A204E65787420496D61676520697320B0
S214043000746F6F2062696720746F2073746F7265C3
S2140430102028307825303858203E2030782530381F
S21404302058290025732072657475726E6564207362
S214043030616D652046696C6556657273696F6E20AE
S21404304061732063757272656E746C7920696E7331
S21404305074616C6C65642E004F544120446F776E27
S2140430606772616465732044697361626C65643A6F
S2140430702046696C6556657273696F6E2062656872
S214043080696E642063757272656E7420696E7374FB
S214043090616C6C6174696F6E005374617274696EEE
S2140430A06720646F776E6C6F61642C20566572734C
S2140430B0696F6E20307825303858004572726F720A
S2140430C03A204661696C656420746F2064656C659B
S2140430D0746520696D6167652E004572726F723A79
S2140430E0204661696C656420746F2065726173653F
S2140430F0206F6C642074656D7020646174612E00AA
S214043100496D61676520626C6F636B2072657370CE
S2140431106F6E7365004F54413A20496D616765428E
S2140431206C6F636B5265706F6E736520636F6E743D
S21404313061696E7320696E76616C6964206F7220B3
S214043140696E636F6D706C6574652064617461008C
S2140431505570646174696E67204D696E20426C6FA9
S214043160636B205265717565737420506572696F60
S2140431706420746F202564206D7300446F776E6C32
S2140431806F61642064656C6179206279207365726E
S214043190766572202564206D7300446F776E6C6FBD
S2140431A061642061626F727465642062792073655D
S2140431B0727665722E0053657276657220646F654A
S2140431C0736E277420737570706F727420706167E5
S2140431D06520726571756573742C206F6E6C79202A
S2140431E07573696E6720626C6F636B2072657175A8
S2140431F06573742E005365727665722072657475F5
S214043200726E65642027756E737570706F72746560
S2140432106420636C757374657220636F6D6D616E84
S21404322064272E00556E6B6E6F776E2025732073A1
S214043230746174757320636F64652030782530324A
S2140432405800257320686173206461746120736973
S2140432507A65202825642920736D616C6C6572205C
S2140432607468616E2061637475616C207061636B51
S21404327065742073697A6520282564292E002573D1
S214043280206572726F723A2045787065637465645F
S214043290206F6666736574203078253038582C2085
S2140432A062757420676F74203078253038582E2065
S2140432B02049676E6F72696E6700257320696E66B3
S2140432C06F20646964206E6F74206D617463682077
S2140432D06D7920657870656374656420696E666FC1
S2140432E02E202044726F7070696E672E00466169E6
S2140432F06C656420746F20777269746520746F201F
S21404330073746F726167652064657669636521000E
S214043310446F776E6C6F61640055706772616465A4
S21404332020656E6420726573706F6E7365005365F6
S214043330727665722061626F727465642075706758
S214043340726164652C207374617475733A203078E6
S21404335025303258004572726F723A202573206801
S214043360616420696E76616C69642025733A200076
S21404337066696C652076657273696F6E0041646475
S214043380696E67202564206D732E2064656C6179F0
S21404339020666F7220696D6D656469617465207559
S2140433A07067726164652E00436F756E74646F7720
S2140433B06E20746F20757067726164653A202564A8
S2140433C0206D73002053746174653A2020202573A1
S2140433D0002057616974696E6720666F7220726593
S2140433E073706F6E73653A20257300204E6578748B
S2140433F0204576656E742054696D65723A2025649E
S214043400206D73002043757272656E7420446F7766
S2140434106E6C6F6164204F66667365743A2030780C
S21404342025303858202825642525290025733A2078
S2140434306661696C65642070617273696E67204F9B
S214043440544120636D6420307825303258004F5440
S214043450412044656661756C7420726573706F6E86
S214043460736520746F20636F6D6D616E64204944CC
S214043470203078253032582C20737461747573208C
S21404348030782530325800496D61676520626C6F6C
S214043490636B20726571756573742074657374202C
S2140434A06F6E6C7920776F726B73207768656E2009
S2140434B0737461746520697320424F4F544C4F41B6
S2140434C0445F53544154455F4E4F4E450052616E1F
S2140434D0646F6D2044656C6179206265666F726501
S2140434E020737461727400446973636F76657269DD
S2140434F06E67204F544120536572766572004765A7
S21404350074204F54412053657276657220455549A0
S214043510004F627461696E206C696E6B206B65790E
S214043520005175657279696E67204E657874204916
S2140435306D61676500446F776E6C6F6164696E6772
S21404354020496D61676500566572696679696E67BC
S21404355020496D6167650057616974696E67206606
S2140435606F722055706772616465206D6573736150
S214043570676500436F756E74646F776E20746F2092
S214043580557067726164650057616974696E672077
S214043590746F207570677261646520766961206F48
S2140435A075742D6F662D62616E64206D6563686147
S2140435B06E69736D0025733A202564252520636F94
S2140435C06D706C65746500496D61676520256400DF
S2140435D020204552524F523A20436F756C64206E39
S2140435E06F74206765742066756C6C20686561640A
S2140435F065722100202048656164657220566572F4
S21404360073696F6E3A20307825303458002020488D
S2140436106561646572204C656E6774683A2020257F
S214043620642062797465730020204669656C6420A2
S214043630436F6E74726F6C3A20203078253034589D
S2140436400020204D616E75662049443A20202020D3
S214043650202020307825303458002020496D6167BA
S2140436606520547970653A20202020203078253053
S214043670345800202056657273696F6E3A202020F5
S21404368020202020203078253038580020205A6901
S214043690676265652056657273696F6E3A20307886
S2140436A025303458002020486561646572205374C0
S2140436B072696E673A20202573002020496D616781
S2140436C0652053697A653A2020202020256C6420E2
S2140436D06279746573002020536563757269747922
S2140436E020437265643A2020307825303258002012
S2140436F0205570677261646520446573743A2020AF
S214043700200020204D696E2E204857205665723AB8
S214043710202020203078253034580020204D617831
S2140437202E204857205665723A20202020307825CF
S214043730303458002020546F74616C2054616773D1
S2140437403A20256400202020205461673A203078EF
S21404375025303458002020202020204C656E6774C5
S214043760683A20256C64004572726F723A20436F83
S214043770756C64206E6F74206F627461696E207459
S214043780616720696E666F2066726F6D20696D6171
S21404379067652E000A256420696D61676573206974
S2140437A06E204F54412073746F726167652E004912
S2140437B06D6167652064656C65746525732E0045C8
S2140437C072726F723A2020436F756C64206E6F7449
S2140437D0207265616420626C6F636B3A20307825D2
S2140437E03032582E0A005374617274696E6720650D
S2140437F0726173652066726F6D206F66667365749A
S2140438002030782530385820746F203078253038AA
S2140438105800436F756C64206E6F74207374617205
S214043820742045524153452120283078253032589B
S2140438302900454550524F4D2045726173652063FB
S2140438406F6D706C657465002F686F6D652F72758B
S2140438506E6E65722F776F726B2F747579612D7A21
S21404386069676265652D7377697463682F74757903
S214043870612D7A69676265652D7377697463682F4D
S21404388073696C6162735F746F6F6C732F73696DA9
S214043890706C69636974795F73646B2F70726F748C
S2140438A06F636F6C2F7A69676265652F6170702F1E
S2140438B06672616D65776F726B2F706C7567696E73
S2140438C02F6F74612D73746F726167652D73696DE4
S2140438D0706C652D656570726F6D2F6F74612D73D6
S2140438E0746F726167652D656570726F6D2D70619A
S2140438F067652D65726173652E63002F686F6D654D
S2140439002F72756E6E65722F776F726B2F74757962
S214043910612D7A69676265652D7377697463682FAC
S214043920747579612D7A69676265652D7377697434
S21404393063682F73696C6162735F746F6F6C732F47
S21404394073696D706C69636974795F73646B2F70E7
S214043950726F746F636F6C2F7A69676265652F6127
S21404396070702F6672616D65776F726B2F706C75F1
S21404397067696E2F6F74612D73746F726167652D3E
S21404398073696D706C652D656570726F6D2F6F74DD
S214043990612D73746F726167652D656570726F6DE6
S2140439A02E63004F54412053696D706C6520537428
S2140439B06F7261676520454550524F4D207761729E
S2140439C06E696E673A20636F756C64206E6F742040
S2140439D067657420736C6F7420696E666F20666FFB
S2140439E07220736C6F7420256420286572726F725F
S2140439F020307825303258292E2044656661756C4F
S214043A0074696E6720746F20737065636966696590
S214043A10642061646472657373206F66667365748C
S214043A20730053746F7261676520447269766572B9
S214043A303A202020202020202020202020204F5400
S214043A40412053696D706C652053746F72616765AD
S214043A5020454550524F4D20506C7567696E005294
S214043A60656164204D6F6469667920577269746570
S214043A7020537570706F72743A20206E6F00534F27
S214043A804320426F6F746C6F6164696E6720537570
S214043A9070706F72743A2020202079657300426F2C
S214043AA06F746C6F616465722053746F72616765BE
S214043AB020537570706F72743A205573652066696A
S214043AC072737420736C6F7400536C6F7420746F0D
S214043AD0207573653A2020202020202020202020D6
S214043AE0202020202025640043757272656E7420A1
S214043AF0446F776E6C6F6164204F66667365743AC4
S214043B00202020203078253038580045424C205359
S214043B1074617274204F66667365743A20202020A0
S214043B202020202020202030782530385800454595
S214043B3050524F4D2053746172743A202020202036
S214043B40202020202020202020203078253038589F
S214043B5000454550524F4D20456E643A20202020A3
S214043B6020202020202020202020202020307825DF
S214043B7030385800496D61676520496E666F20537A
S214043B80746172743A2020202020202020202020D7
S214043B903078253038580053617665205261746554
S214043BA02028627974657329202020202020202074
S214043BB0202020307825303858004F6666736574A8
S214043BC0206F6620646F776E6C6F6164206F666624
S214043BD0736574202020307825303858004F666688
S214043BE0736574206F662045424C206F6666736565
S214043BF0743A2020202020202030782530385800A1
S214043C004F6666736574206F6620696D616765200C
S214043C1073746172743A2020202020203078253076
S214043C20385800736C5F7A69676265655F61665FC2
S214043C306F74615F73746F726167655F64726976CF
S214043C4065725F726561645F6362282920666169D4
S214043C506C65642100426164206D61676963206E4F
S214043C60756D62657220696E2066696C653A2030EF
S214043C707825303258203078253032582030782550
S214043C80303258203078253032580042616420762D
S214043C90657273696F6E20696E2066696C65203084
S214043CA07825303458004572726F723A2072656116
S214043CB064416E6456616C696461746553746F72B2
S214043CC06564496D61676528292074726965642096
S214043CD0746F2072656164206D6F72652064617410
S214043CE061207468616E20697420636F756C64204B
S214043CF0686F6C642E00736C5F7A69676265655FD3
S214043D0061665F6F74615F73746F726167655F6429
S214043D1072697665725F726561645F6362282920E2
S214043D204641494C454421004C617374206F6666D5
S214043D3073657420646F776E6C6F616465643A2093
S214043D403078253038580053746F72616765204D9B
S214043D506F64756C653A204F54412053696D706CDE
S214043D60652053746F7261676520506C7567696E61
S214043D7000496D616765732053746F7265643A20F9
S214043D80202564206F6620310A00253032583A0018
S214043D906570202530325820636C757320253034C6
S214043DA0582061747472202530345820737672203B
S214043DB0256300206D666720253032580020726522
S214043DC0706F7274206D696E2025303458206D61D2
S214043DD0782025303458207270742D636867202547
S214043DE03038580020726563656976652066726FA0
S214043DF06D202530345820657020253032582074C4
S214043E00696D656F757420253034580072656D6F62
S214043E10766500636C656172696E67206C617374A5
S214043E20207265706F72742074696D65206F6620E9
S214043E30616C6C2061747472696275746573007465
S214043E40657374696E672074696D696E67206F6642
S214043E5020766172696F7573207265706F7274690B
S214043E606E67206F7065726174696F6E73002D2DB6
S214043E702D2D2D2D2D2D2D2D2D2D2D2D2D2D2D2D69
S214043E802D2D2D2D2D2D2D2D2D2D2D2D2D2D2D2D59
S214043E902D2D2D2D2D2D2D2D2D2D2D2D2D002D2D76
S214043EA07461626C65207265616473202D2066758A
S214043EB06C6C207461626C652D2D00726573756C74
S214043EC074203D202564206D73002D2D696E697461
S214043ED0202F207363686564756C65207469636B52
S214043EE02D2D2D002D2D6C6F616420636F6E666919
S214043EF06775726174696F6E2064656661756C744B
S214043F00732D2D002F686F6D652F72756E6E65723A
S214043F102F776F726B2F747579612D7A6967626576
S214043F20652D7377697463682F747579612D7A6962
S214043F30676265652D7377697463682F73696C614E
S214043F4062735F746F6F6C732F73696D706C6963E3
S214043F506974795F73646B2F70726F746F636F6CC0
S214043F602F7A69676265652F6170702F6672616D5E
S214043F7065776F726B2F706C7567696E2F726570DC
S214043F806F7274696E672F7265706F7274696E678C
S214043F902E6300524541445F5250545F43464700E7
S214043FA0726561645F7265706F7274696E675F6371
S214043FB06F6E66696775726174696F6E00526570BC
S214043FC06F7274696E673A206661696C6564207402
S214043FD06F2073656E6420257320726573706F6E30
S214043FE073653A20307825303258004552523A20CC
S214043FF072656164696E6720636C7573746572209C
S214044000307825303458206174747269627574652A
S214044010203078253034583A20307825303258000D
S2140440204552523A207265706F7274696E67206FDB
S21404403066204C4F4E4720737472696E6720617415
S214044040747269627574652074797065206E6F7415
S21404405020737570706F727465643A20636C757340
S214044060746572203078253034582061747472690F
S2140440706275746520307825303458005265706F48
S2140440807274696E6720456E7472792046756C6C1E
S214044090202D206372656174696E67206E657720D3
S2140440A07265706F7274004346475F525054002026
S2140440B02D20646972656374696F6E3A25303258D0
S2140440C02C20617474723A253034580020202074F1
S2140440D07970653A253032582C206D696E3A253051
S2140440E034582C206D61783A25303458002020202E
S2140440F06368616E67653A0020202074696D656F99
S21404410075743A2530345800636F6E666967757245
S214044110655F7265706F7274696E67002054434CF5
S2140441204B2075706461746520616C726561647996
S21404413020696E2070726F6772657373004D616ECE
S21404414075616C2054434C4B207570646174652013
S2140441506661696C65642E257300537461727469B4
S2140441606E6720757064617465207472757374204C
S21404417063656E746572206C696E6B206B6579205E
S21404418070726F6365737300557064617465205450
S21404419043204C696E6B204B657900204E65772072
S2140441A06B65792065737461626C69736865643ADB
S2140441B000204572726F723A00506172746E6572B6
S2140441C03A20005A434C20676C6F62616C20636C23
S2140441D0757374657220636F6D6D616E64730064CD
S2140441E06972656374696F6E00646973632D636FC7
S2140441F06D2D67656E00646973632D636F6D2D7234
S2140442006563006578706563742D7265706F72748B
S2140442102D66726F6D2D6D65007577726974650015
S2140442206E7772697465007265706F72742D72654C
S21404423061640073656E642D6D652D612D72657005
S2140442406F72740043726561746573206120676CD5
S2140442506F62616C20646973636F76657220636F46
S2140442606D6D616E6420666F72207468652061737C
S214044270736F6369617465642076616C7565732E0B
S21404428000636C757374657249641F617474726933
S2140442906275746549641F6D61784E756D626572EA
S2140442A0546F5265706F72741F0043726561746553
S2140442B073206120676C6F62616C2073656E642086
S2140442C06D652061207265706F727420636F6D6D0A
S2140442D0616E6420666F7220746865206173736F04
S2140442E06369617465642076616C7565732E00631A
S2140442F06C757374657249641F617474726962754F
S214044300746549641F64617461547970651F6D69CE
S2140443106E5265706F727454696D651F6D61785264
S21404432065706F727454696D651F7265706F727410
S21404433061626C654368616E67651F004372656100
S214044340746573206120676C6F62616C20726561AE
S21404435064207265706F7274696E6720636F6D6D2A
S214044360616E6420666F7220746865206173736F73
S21404437063696174656420636C75737465722C205C
S21404438061747472696275746520616E6420736505
S214044390727665722F636C69656E742064697265E3
S2140443A06374696F6E2E00636C757374657249640A
S2140443B01F61747472696275746549641F646972F6
S2140443C0656374696F6E1F00476C6F62616C207260
S2140443D065706F7274696E6720636F6D6D616E646D
S2140443E000656E64706F696E741F636C75737465B4
S2140443F07249641F61747472696275746549641FD6
S2140444006D61736B1F004372656174657320612070
S214044410676C6F62616C207265616420636F6D6D9A
S214044420616E64206D65737361676520746F2072B6
S2140444306561642066726F6D2074686520636C75B0
S2140444407374657220616E64206174747269627537
S2140444507465207370656369666965642E00636CB1
S214044460757374657249641F6174747269627574D5
S2140444706549641F00437265617465732061206733
S2140444806C6F62616C20777269746520636F6D6D02
S214044490616E64206D65737361676520746F207741
S2140444A07269746520746F2074686520636C757314
S2140444B074657220616E64206174747269627574C6
S2140444C0652073706563696669656400636C7573FB
S2140444D074657249641F617474726962757465499F
S2140444E0641F747970651F646174611F004372658C
S2140444F06174652061206578706563742D726570DB
S2140445006F72742D66726F6D2D6D65206D65737395
S2140445106167652077697468206173736F63696186
S2140445207465642076616C7565732E00636C7573B0
S21404453074657249641F617474726962757465493E
S214044540641F74696D656F75741F004372656174CA
S21404455065206120446973636F76657220436F6DCE
S2140445606D616E64732047656E6572617465642060
S214044570636F6D6D616E6420776974682061737310
S2140445806F6369617465642076616C7565732E006B
S214044590636C757374657249641F737461727443D3
S2140445A06F6D6D616E6449641F6D6178436F6D6DE8
S2140445B0616E6449641F00536574732074686520D3
S2140445C0646972656374696F6E20666F7220676CC7
S2140445D06F62616C20636F6D6D616E64732C206511
S2140445E0697468657220636C69656E7420746F20E4
S2140445F0736572766572206F722073657276657263
S21404460020746F20636C69656E742E005365747332
S214044610206120666C616720736F20746861742063
S214044620746865206170706C69636174696F6E206C
S2140446306672616D65776F726B2057494C4C204EDD
S2140446404F5420726573706F6E6420746F207468A4
S21404465065206E657874205A434C206D65737361CB
S2140446606765207468617420636F6D657320696E76
S214044670206F76657220746865206169722E005317
S214044680657473206120666C616720736F2074689C
S214044690617420746865206170706C696361746904
S2140446A06F6E206672616D65776F726B2057494C2A
S2140446B04C20726573706F6E6420746F2074686526
S2140446C0206E657874205A434C206D657373616759
S2140446D065207468617420636F6D657320696E204D
S2140446E06F76657220746865206169722E00536562
S2140446F07473207468652044697361626C65204431
S214044700656661756C7420526573706F6E73652090
S2140447104672616D6520436F6E74726F6C206269B9
S2140447207420746F2075736520666F7220746865D4
S214044730206E65787420636F6D6D616E64206966A3
S2140447402074686520636F6D6D616E6420697320E4
S2140447506E6F7420616C7265616479206275696C31
S214044760742E0064697361626C6544656661756C79
S21404477074526573706F6E73651F0053657473208F
S21404478074686520666C616720746F207573652095
S21404479074686520696E6372656D656E7465642001
S2140447A073657175656E6365206E756D62657220DE
S2140447B066726F6D20746865206672616D65776FCA
S2140447C0726B20666F7220746865206E657874203C
S2140447D072617720636F6D6D616E642E007573650C
S2140447E04E65787453657175656E63651F00436C1A
S2140447F06920636F6D6D616E6420746F2063616CF5
S2140448006C20736C5F7A69676265655F61665F7367
S21404481065745F74696D652066756E6374696F6E22
S21404482020646F63756D656E74656420696E2061BF
S214044830662E680075746354696D651F005365744D
S21404484073207468652074776F2062797465206DB0
S214044850616E7566616374757265722073706563E4
S21404486069666963206964656E7469666965722041
S214044870746F2075736520666F7220746865206E89
S21404488065787420636F6D6D616E6420696620744C
S214044890686520636F6D6D616E64206973206E6F4A
S2140448A07420616C7265616479206275696C742E1B
S2140448B0006D6667537065636966696349641F00C3
S2140448C054727573742043656E746572204A6F69FA
S2140448D06E2048616E646C65723A207374617475F8
S2140448E073203D2025732C206465636973696F6E9D
S2140448F0203D202573202825303258292C20736823
S2140449006F727469642030782530345800554E73BD
S214044910656375726564206A6F696E00646576699E
S2140449206365206C65667400554E736563757265C1
S214044930642072656A6F696E0075736520707265AF
S214044940636F6E66696775726564206B657900735C
S214044950656E64206B657920696E207468652063D3
S2140449606C6561720064656E79206A6F696E006EAC
S2140449706F20616374696F6E00616C6C6F77207270
S214044980656A6F696E73206F6E6C79006E6F742043
S21404499000534C5F5354415455535F4E4554574F40
S2140449A0524B5F5550203078253034580054727579
S2140449B073742043656E746572204555492068619A
S2140449C0732025736368616E6765642E00534C5FBD
S2140449D05354415455535F4E4554574F524B5F44BE
S2140449E04F574E00534C5F5354415455535F4E4FEC
S2140449F0545F4A4F494E454400534C5F5354415408
S214044A0055535F5A49474245455F4E4554574F52A2
S214044A104B5F4F50454E45443A20256420736563EA
S214044A2000534C5F5354415455535F5A49474245CB
S214044A30455F4E4554574F524B5F434C4F53454486
S214044A400025733A2025730064697374726962756D
S214044A507465640063656E7472616C697A6564007B
S214044A60466F726D002573696E67206F6E206368EB
S214044A702025642C2070616E4964203078253034FB
S214044A8058004572726F723A2044657669636520F1
S214044A90646F6573206E6F7420737570706F7274B4
S214044AA0202573206E6574776F726B20666F726D47
S214044AB06174696F6E004A6F696E00496E76616C48
S214044AC069642053656375726974792050726F66E1
S214044AD0696C653A2030782530325800704A6F6920
S214044AE06E20666F72202564207365633A203078E2
S214044AF025303258004C696D6974696E6720647598
S214044B00726174696F6E206F66207065726D697469
S214044B10206A6F696E2066726F6D20666F726576A6
S214044B20657220283235352920746F2032353400DA
S214044B3052583A205A444F2C20636F6D6D616E6450
S214044B40203078253034582C207374617475733A89
S214044B50203078253032580053696D706C650052E9
S214044B60583A202573204465736320526573700099
S214044B704D61746368002C204D6174636865733AF4
S214044B802025640044657669636520416E6E6F7502
S214044B906E63653A203078253034580052583A20EF
S214044BA049454545204164647265737320526573B4
S214044BB0706F6E73650052583A2041637469766567
S214044BC020455020526573706F6E73652C20436FBA
S214044BD0756E743A202564004E6F6465002C204D73
S214044BE06174636865733A203078253034580073EE
S214044BF07461636B207665722E205B25642E2564B3
S214044C002E256400202573206275696C6420256453
S214044C105D005A444F00534500484100436C757389
S214044C2074657200476C6F62616C0025737478203B
S214044C303078253038582C200050726F66696C65C1
S214044C403A2025732028307825303458292C2043E0
S214044C506C75737465723A203078253034582C207D
S214044C6025642062797465732C00205A434C2025F1
S214044C707320436D642049443A20256400507265CD
S214044C802D52656C6561736500416C7068612031F6
S214044C9000416C706861203200416C70686120339A
S214044CA0004265746120310042657461203200421E
S214044CB0657461203300474100526573657420694A
S214044CC06E666F3A203078253032582028257329AE
S214044CD00064656C6574652062696E64696E673A23
S214044CE020253032582025303258000102030405AE
S214044CF0060708090A0B0C00010101010101010164
S214044D0001010101005752495445204552523A20A8
S214044D100025736570202530325820636C75732027
S214044D202530345820617474722025303458206E2F
S214044D306F7420737570706F727465640025736980
S214044D406E76616C69642064617461207479706540
S214044D5000257361747472206E6F742077726974A0
S214044D6061626C650057524954453A206E6F20774D
S214044D70726974652C206A75737420612074657377
S214044D807400524541443A206174747269627574C1
S214044D90652073697A6520746F6F206C617267652D
S214044DA020666F722063616C6C657200636C6E744F
S214044DB0007372767200525700524F002020524100
S214044DC04D20200020746F6B656E20006578746536
S214044DD0726E2000454E44504F494E5420253032C2
S214044DE05800636C7573202F2073696465202F2028
S214044DF061747472202F206D666720202F7479707A
S214044E0065286C656E292F207277202F2073746FA7
S214044E1072616765202F206461746120287261774F
S214044E20290025303458202F202573202F202530A4
S214044E303458202F2000202F2025303258202825B3
S214044E4030325829202F202573202F202573202F19
S214044E502000556E737570706F72746564004F54DD
S214044E604120524541443A2065703A253032582054
S214044E706369643A253034582061747469643A2549
S214044E80303458206D736B3A25303258206D666383
S214044E906F64653A2530345800524541443A2063DD
S214044EA06C757320253034582C2061747472202558
S214044EB0303458206661696C6564202530325800A9
S214044EC0524541443A20636C757320253034582C7F
S214044ED0206174747220253034582C206461746107
S214044EE04C656E3A20253032582C204F4B0028252E
S214044EF0632925303258253032582530325825302B
S214044F00325825303258253032582530325825301C
S214044F1032580064697361626C65002573642C20E2
S214044F2064726F7070696E67206570203078253003
S214044F30325820636C7573203078253034582063DB
S214044F406D64203078253032580047656E6572618E
S214044F5074656400526563656976656400446973C4
S214044F60636F76657220436F6D6D616E6473207235
S214044F706573706F6E73652028636F6D706C6574EF
S214044F80653A202563292C202573204944733A204A
S214044F900030782530325820005F4558540052457A
S214044FA041445F415454520057524954453A206391
S214044FB06C75732025303458206174747220253043
S214044FC0345820004641494C202530325800575268
S214044FD04954453A20746F6F2073686F72740044A6
S214044FE04953435F4154545200257325733A206352
S214044FF06C757320253034580053766320446973E7
S214045000633A2000257357616974696E67202564C6
S2140450102073656320666F7220646973636F7665B8
S214045020727920746F20636F6D706C6574650053BD
S2140450307461746520636F72726573706F6E6469F1
S2140450406E6720746F2074686520746865207265C6
S2140450507175657374206E6F7420666F756E640A5E
S214045060002573636F6D706C6574652E0A00257376
S2140450705365727669636520446973636F766572F7
S21404508079205374617465206C696D697473207239
S2140450906561636865640A002573496C6C656761BD
S2140450A06C2062726F6164636173742061646472FD
S2140450B06573732C2072656D617070696E672074F9
S2140450C06F2076616C6964206F6E652E00257346CA
S2140450D061696C656420746F2073656E64206D610D
S2140450E074636820646973636F766572793A2030F6
S2140450F078253032580025735374617274696E676C
S21404510020646973636F7665727920666F722063B4
S2140451106C757374657220307825303458002573A6
S2140451204661696C656420746F2073656E642073D1
S214045130696D706C652064657363726970746F72F0
S21404514020726571756573743A203078253032584C
S2140451500025734661696C656420746F2073656E00
S2140451606420494545452061646472657373207202
S2140451706571756573743A20307825303258002589
S214045180734661696C656420746F2073656E642071
S2140451904E574B2061646472657373207265717533
S2140451A06573743A20307825303258004572726F31
S2140451B0723A202573206261642073696D706C6591
S2140451C02064657363726970746F72206C656E67B1
S2140451D074682E0025734D65737361676520746F5C
S2140451E06F2073686F72740025734D6573736167FF
S2140451F06520746F6F2073686F727420666F7220F8
S2140452006E756D2E20656E64706F696E74730025FE
S214045210734D61746368257320666F756E642066CB
S214045220726F6D203078253034582E004572726FB8
S214045230723A20257320696E76616C6964206C6509
S2140452406E6774682028256420213D202564292063
S214045250666F722041637469766520456E64706F6C
S214045260696E7420726573706F6E7365002573675C
S2140452706F74206163746976652045502072657387
S214045280706F6E7365005554432074696D653A20DB
S21404529025642F25642F25642025643A25643A2541
S2140452A064202825303858290028556E6B6E6F7791
S2140452B06E20636C75732E205B3078253034585D11
S2140452C029000D0A54253038583A005258206C6587
S2140452D06E2025642C20657020253032582C2063DF
S2140452E06C7573203078253034582000206D66673E
S2140452F0496420253034580020464320253032584F
S21404530020736571202530325820636D6420253063
S2140453103258207061796C6F61645B004261736916
S21404532063004F7665722074686520416972204276
S2140453306F6F746C6F6164696E67002573525820D2
S214045340706B7420746F6F2073686F72743A2025C4
S21404535064203C202564002573525820706B74200A
S2140453606D616C666F726D65643A202564203C201E
S21404537025640020204861766520526F7574657236
S21404538020537570706F7274002020456E6420443C
S2140453906576696365204F6E6C79002020456E61E2
S2140453A0626C656400202044697361626C65640005
S2140453B04572726F722072657472696576696E677B
S2140453C020696E666F20666F72206C696272617205
S2140453D079204944202564002573206C6962726133
S2140453E0727925732070726573656E74005A6967E6
S2140453F06265652050726F0042696E64696E67006C
S214045400536563757269747920436F7265005365DA
S214045410637572697479204C696E6B204B65797379
S2140454200043424B45203136334B310043424B4513
S21404543020445341205369676E004543430043426A
S2140454404B45204453412056657269667900506185
S214045450636B65742056616C6964617465005A4CAC
S2140454604C0043424B45203238334B3100454343CE
S214045470203238334B310043424B4520636F72650C
S214045480004E4350004D756C7469206E6574776FDA
S214045490726B00456E68616E636564204265616385
S2140454A06F6E205265710043424B45203238334BB1
S2140454B0312044534120566572696679004D756CF7
S2140454C074692D50414E002F686F6D652F72756E8E
S2140454D06E65722F776F726B2F747579612D7A698A
S2140454E0676265652D7377697463682F747579616F
S2140454F02D7A69676265652D7377697463682F739F
S214045500696C6162735F746F6F6C732F73696D700F
S2140455106C69636974795F73646B2F70726F746FF0
S214045520636F6C2F7A69676265652F737461636B4A
S2140455302F636F6E6669672F736C5F7A696762653F
S214045540655F636F6E66696775726174696F6E2EE8
S21404555063002F686F6D652F72756E6E65722F7798
S2140455606F726B2F747579612D7A69676265652D24
S2140455707377697463682F747579612D7A696762C5
S21404558065652D7377697463682F73696C616273DC
S2140455905F746F6F6C732F73696D706C6963697475
S2140455A0795F73646B2F70726F746F636F6C2F7A8E
S2140455B069676265652F737461636B2F6672616DCC
S2140455C065776F726B2F6165732D6563622E63005A
S2140455D02F686F6D652F72756E6E65722F776F729A
S2140455E06B2F747579612D7A69676265652D73779B
S2140455F0697463682F747579612D7A696762656565
S2140456002D7377697463682F73696C6162735F7452
S2140456106F6F6C732F73696D706C69636974795FEF
S21404562073646B2F70726F746F636F6C2F7A696715
S2140456306265652F737461636B2F73656375726936
S21404564074792F7A69676265652D73656375726907
S21404565074792D6D616E616765722D6E6F2D76613E
S214045660756C742E63004572726F723A2020466120
S214045670696C656420746F20726561642066726F5D
S2140456806D20454550524F4D2061742030782534A6
S214045690582C207374617475733A2025640045454C
S2140456A050524F4D20496E697469616C697A65641D
S2140456B03A20256300454550524F4D204275737974
S2140456C03A202563005061727469616C20576F72CA
S2140456D0642053746F7261676520436F756E743A05
S2140456E020256400416464726573733A203078251B
S2140456F034582C205061727469616C20576F726440
S2140457003A203078255800636F6E6669726D65645A
S21404571000617373756D6564000A454550524F4DBC
S21404572020496E666F004E6F7420617661696C6105
S214045730626C6520286F6C64657220626F6F746C8F
S2140457406F616465722900506172742044657363E6
S21404575072697074696F6E3A202020202020202001
S21404576020202573004361706162696C6974696501
S214045770733A2020202020202020202020202020B3
S214045780307825325800506167652045726173652C
S2140457902074696D65202873293A20202020202053
S2140457A025640050617274204572617365207469C3
S2140457B06D65202873293A202020202020256400A7
S2140457C0506172742045726173652074696D65203A
S2140457D0286D73293A20202020202025640050615B
S2140457E067652073697A6520286279746573293A37
S2140457F0202020202020202020256C005061727458
S2140458002073697A6520286279746573293A2020A2
S21404581020202020202020256C00576F72642073DF
S214045820697A6520286279746573293A20202020D5
S2140458302020202020256420282570290045455056
S214045840524F4D20696E69743A2030782558002FDF
S214045850686F6D652F72756E6E65722F776F726BDB
S2140458602F747579612D7A69676265652D7377691A
S2140458707463682F747579612D7A69676265652D1E
S2140458807377697463682F73696C6162735F746F8E
S2140458906F6C732F73696D706C69636974795F7369
S2140458A0646B2F7574696C2F706C7567696E2F70D6
S2140458B06C7567696E2D636F6D6D6F6E2F656570A1
S2140458C0726F6D2F656570726F6D2E6300556E6115
S2140458D0626C6520746F20626F6F7420696D6167F7
S2140458E06520617420736C6F7420256C640A005301
S2140458F06C6F74204D616E61676572206661696CB9
S214045900656420746F20657261736520736C6F74B0
S2140459100A004D61782072656164206C696D697453
S2140459202073657420746F2025642062797465730F
S2140459300A004164647265737320202020202020AE
S214045940202020446174610A00307825346C782065
S214045950202020202020307825780A004661696CB3
S214045960656420746F20726561642066726F6D20B2
S214045970666C6173680A00536C6F7420256C640A45
S21404598020204164647265737320202020203A200E
S214045990307825346C580A20204C656E677468206D
S2140459A020202020203A20307825346C58202825C2
S2140459B06C64206279746573290A00202054797017
S2140459C06520202020202020203A20004E6F2047EB
S2140459D0424C2070726573656E740A005A69674299
S2140459E065650A005468726561640A00436F6E6EEA
S2140459F06563740A00426C7565746F6F74680A0098
S214045A00426C7565746F6F7468206170706C69633E
S214045A106174696F6E0A004D43550A004F746865D9
S214045A207220283078256C58290A00202056657282
S214045A3073696F6E20202020203A203078256C5819
S214045A400A0020204361706162696C697469657339
S214045A503A20307825346C580A00202050726F643F
S214045A6075637420494420203A2000307825582055
S214045A7000536C6F74204D616E616765723A2066E0
S214045A8061696C656420746F20696E697469616C01
S214045A90697A6520626F6F746C6F61646572202822
S214045AA06572726F72203078253478290A0056653C
S214045AB07273696F6E20202020203A2025640A0025
S214045AC05061727420202020202020203A20257344
S214045AD00A004361706162696C69746965733A208F
S214045AE0307825780A00506172742073697A6520CC
S214045AF020203A20256420420A00506167652073FE
S214045B00697A652020203A20256420420A00576FCF
S214045B1072642073697A652020203A202564204226
S214045B200A00536C6F7473202020202020203A2013
S214045B3025640A004661696C656420746F2072658A
S214045B4061642066726F6D2073746F72616765207E
S214045B50666C61736820286572726F7220256429EA
S214045B600A00496E76616C696420736C6F74202534
S214045B706420286D617820736C6F74202564290A6C
S214045B80004661696C656420746F206765742069DB
S214045B906E666F20666F7220736C6F742025640ABD
S214045BA000536C6F74204D616E616765723A2073A2
S214045BB06C6F74207772697465206661696C75729F
S214045BC0652E2041646472657373206F6666736520
S214045BD0742028256429202B207772697465206C2C
S214045BE0656E677468202825642920677265617469
S214045BF06572207468616E20746F74616C20736CB7
S214045C006F74206C656E67746820282564290A0002
S214045C10536C6F74204D616E616765722077617294
S214045C206E696E673A20736C6F74202564206C6509
S214045C306E6774682028256429206E6F7420616C52
S214045C4069676E656420746F207061676520736988
S214045C507A6520282564292E2054686520656E748C
S214045C6069726520736C6F742077696C6C206E6F34
S214045C7074206265206572617365642E0A00536C35
S214045C806F74204D616E616765723A206661696C57
S214045C90656420746F2065726173652025642062D4
S214045CA07974657320696E20736C6F742025642084
S214045CB06174206164647265737320307825347867
S214045CC020286572726F722030782578290A00457C
S214045CD07261736564202564206279746573206933
S214045CE06E20736C6F742025640A004661696C65C7
S214045CF06420746F2073657420736C6F7420746FE3
S214045D0020626F6F7420286572726F722030782557
S214045D103478290A004661696C656420746F2073C0
S214045D206574206C697374206F6620736C6F74736B
S214045D3020746F20626F6F7420286572726F7220F1
S214045D403078253478290A004661696C65642074C5
S214045D506F20676574206E6577206C697374206F96
S214045D606620736C6F747320746F20626F6F742078
S214045D70286572726F72203078253478290A0042BA
S214045D806567696E6E696E6720696D616765207602
S214045D906572696669636174696F6E2E2E2E002EB5
S214045DA06661696C65642120284572726F722030C2
S214045DB078253478290A002E70617373656421206F
S214045DC0426F6F74696E6720736C6F742025640A63
S214045DD000666E692B00666E69006E616E00666E04
S214045DE0692D006C696273006273656E6400726587
S214045DF0736574007261770073656E645F6D756CAD
S214045E007469636173740073656E642D7573696E6B
S214045E10672D6D756C7469636173742D62696E6445
S214045E20696E670074696D6573796E63006765747F
S214045E302D7074692D726164696F2D636F6E666967
S214045E406700636F6E6669672D6363612D6D6F64AB
S214045E5065006576656E7473007365637572697440
S214045E6079007A69676265655F7072696E7400703E
S214045E706C7567696E006E6574006B657973006F88
S214045E807074696F6E00706C7567006368616E6726
S214045E90656B6579006368616E67656B007A646F2D
S214045EA0007072696E742072656C61746564206338
S214045EB06F6D6D616E64732E0061747472005A6443
S214045EC06F2072656C6174656420636F6D6D616EBE
S214045ED064732E00726F75746500706F7765720058
S214045EE06D676D742D6C7169006D676D742D6269D4
S214045EF06E64006E6F64650073696D706C6500692E
S214045F00656565006E776B00756E62696E64006E1B
S214045F10776B2D757064006F75742D636C2D6C69CA
S214045F20737400696E2D636C2D6C697374005A6407
S214045F306F20696E2D636C2D6C6973742072656CAA
S214045F406174656420636F6D6D616E64732E005AB0
S214045F50646F206F75742D636C2D6C697374207276
S214045F60656C6174656420636F6D6D616E64732E19
S214045F70005A646F206E776B2D7570642072656CA2
S214045F806174656420636F6D6D616E64732E007357
S214045F9063616E2D6368616E2D6D61736B00736350
S214045FA0616E006368616E5067006368616E005AD4
S214045FB0646F20756E62696E642072656C617465C8
S214045FC06420636F6D6D616E64732E00756E696315
S214045FD0617374006368616E67656B6579207265CA
S214045FE06C6174656420636F6D6D616E64732E00FE
S214045FF06C696E6B004F7074696F6E2072656C61AD
S21404600074656420636F6D6D616E64732E007265D3
S214046010676973746572006469736300696E737488
S214046020616C6C2D636F64650062696E64696E678B
S2140460302D7461626C65007072696E742D72782DB1
S2140460406D73677300617073726574727900415082
S2140460505320726574727920666C616720666F726D
S214046060636520636F6D6D616E647300456E616277
S2140460706C65732F44697361626C65732070726912
S2140460806E74696E67206F66205278206D65737330
S214046090616765732E00656E61626C650042696EA9
S2140460A064696E67207461626C652072656C6174E5
S2140460B0656420636F6D6D616E64732E0053656353
S2140460C07572697479206B6579732072656C617476
S2140460D0656420636F6D6D616E64732E0064656C19
S2140460E0657465004E6574776F726B2072656C61BB
S2140460F074656420636F6D6D616E64732E00666FE5
S214046100726D0072656A6F696E2D646966662D64C9
S21404611065766963652D7479706500657874706159
S2140461206E69640069736F70656E0062726F616495
S2140461302D706A6F696E006368616E67652D6368AB
S214046140616E6E656C00696E6974006368616E6783
S214046150652D6B6565702D616C6976652D6D6F6454
S214046160650074696D656F75742D6F7074696F6EF4
S2140461702D6D61736B006D756C74692D7068792D67
S2140461807374617274006D756C74692D7068792D02
S21404619073746F700066696E64006E6574776F72F0
S2140461A06B2066696E6420636F6D6D616E64732E1A
S2140461B0006A6F696E61626C6500756E75736564FE
S2140461C000736C6F742D6D616E6167657200636F2A
S2140461D0756E746572730066696E642D616E642DE7
S2140461E062696E6400667261676D656E7461746977
S2140461F06F6E0067726F7570732D73657276657255
S214046200006E6574776F726B2D7374656572696E54
S21404621067006F74612D626F6F746C6F6164006FDA
S21404622074612D636C69656E74006F74612D73748C
S2140462306F726167652D636F6D6D6F6E006F74614D
S2140462402D73746F726167652D656570726F6D006E
S21404625069646C652D736C65657000757064617433
S214046260652D74632D6C696E6B2D6B657900757086
S214046270646174652D74632D6C696E6B2D6B657922
S2140462802072656C6174656420636F6D6D616E6405
S214046290730074696D6572006E6F7700436F6D6D81
S2140462A0616E647320746F20636F6E74726F6C20FB
S2140462B069646C696E672F736C656570696E6720B8
S2140462C06F66207468652064657669636500666F2A
S2140462D07263652D6177616B65006177616B652D0F
S2140462E07768656E2D6E6F742D6A6F696E656400CF
S2140462F07265706F7274696E672072656C6174651E
S2140463006420636F6D6D616E64732E00636C6561EB
S214046310722D6C6173742D7265706F72742D74694E
S2140463206D6500746573742D74696D696E67006FAE
S21404633074612D73746F726167652D656570726F15
S2140463406D2072656C6174656420636F6D6D616E3B
S21404635064732E0077697065006F74612D73746FB3
S214046360726167652D636F6D6D6F6E2072656C610B
S21404637074656420636F6D6D616E6473007072691A
S2140463806E74496D616765730072656C6F61640055
S21404639073746F726167652D696E666F00646174ED
S2140463A0612D7072696E74006F74612D636C69651B
S2140463B06E742072656C6174656420636F6D6D61C4
S2140463C06E64732E0076657269667900626C6F631C
S2140463D06B2D7465737400706167652D72657175D5
S2140463E065737400757067726164652D7265717586
S2140463F06573740064697361626C652D646F776E8F
S21404640067726164657300656E61626C652D646FA6
S214046410776E677261646573006F74612D626F6F67
S214046420746C6F61642072656C6174656420636F5C
S2140464306D6D616E6473006E6574776F726B2D7329
S21404644074656572696E672072656C617465642034
S214046450636F6D6D616E64732E007072652D636F6D
S2140464606E666967757265642D6B65792D736574E0
S214046470006D61736B2072656C6174656420636F74
S2140464806D6D616E642E0073756274726163740060
S21404649067726F7570732D73657276657220726598
S2140464A06C6174656420636F6D6D616E64732E0039
S2140464B0667261676D656E746174696F6E2072656D
S2140464C06C6174656420636F6D6D616E64732E0019
S2140464D07365742D72782D77696E646F772D736982
S2140464E07A65006172746966696369616C2D626CB1
S2140464F06F636B2D64726F700046696E6420616E04
S214046500642062696E642072656C617465642063DD
S2140465106F6D6D616E64732E00696E697469617463
S2140465206F7200656E61626C655F74797065007386
S2140465307461636B00617070007A636C006C6567ED
S2140465406163795F61665F646562756700636F7532
S2140465506E746572732072656C6174656420636F13
S2140465606D6D616E64732E007072696E742D636F48
S214046570756E7465722D747970650073696D706CD0
S214046580652D7072696E74007072696E742D74680D
S214046590726573686F6C6473007365742D746872C7
S2140465A06573686F6C640072657365742D746872C5
S2140465B06573686F6C64730073656E642D726571C1
S2140465C07565737400736563757269747920726592
S2140465D06C6174656420636F6D6D616E64730073C3
S2140465E065742D616C6C6F772D74727573742D637E
S2140465F0656E7465722D72656A6F696E2D75736942
S2140466006E672D77656C6C2D6B6E6F776E2D6B6574
S21404661079007365742D616C6C6F772D7472757365
S214046620742D63656E7465722D72656A6F696E2D5E
S2140466307573696E672D77656C6C2D6B6E6F776EF0
S2140466402D6B65792D74696D656F7574007365744B
S2140466502D6B65792D726571756573742D706F6C0D
S214046660696379006D66672D746F6B656E00617083
S2140466707300536563757269747920617073207250
S214046680656C6174656420636F6D6D616E64732EF2
S214046690004765742F736574204D464720746F6BEE
S2140466A0656E2E00656E64706F696E742072656C1C
S2140466B06174656420636F6D6D616E64732E00652E
S2140466C06570726F6D207574696C69747920726573
S2140466D06C6174656420636F6D6D616E64730053E2
S2140466E06C6F74204D616E616765722072656C61B3
S2140466F074656420636F6D6D616E647300626F6FA2
S214046700742D736C6F740065726173652D736C6F92
S21404671074006578742D666C6173682D696E666F97
S21404672000736C6F74732D696E666F005072696EB9
S21404673074732074696D652E005072696E747320CC
S2140467406174747269627574652E00436C65617257
S2140467507320746865205A444F206C697374206FE4
S2140467606620636C69656E742028696E2920636CE4
S2140467707573746572732E004164647320636C755C
S214046780737465727320746F20746865206B6E6F03
S214046790776E20636C69656E742028696E292063A1
S2140467A06C757374657273206F6E207468697320D9
S2140467B06465766963652E00436C65617273207444
S2140467C06865205A444F206C697374206F66206392
S2140467D06C69656E7420286F75742920636C7573F4
S2140467E0746572732E004164647320636C757374ED
S2140467F065727320746F20746865206B6E6F776E95
S21404680020636C69656E7420286F75742920636C28
S214046810757374657273206F6E2074686973206470
S21404682065766963652E0053656E647320616E2019
S214046830757064617465206368616E6E656C207241
S2140468406571756573742E006368616E6E656C1F82
S2140468500053656E647320616E20757064617465A0
S214046860206368616E6E656C207061676520726572
S214046870712E2054686520737461636B2073656E93
S2140468806473206E776B20656E68616E6365642042
S2140468907570646174652072657120666F72206E0F
S2140468A06F6E2D7A65726F20706167652E0063685F
S2140468B0616E6E656C1F706167651F005065726659
S2140468C06F726D7320616E20656E657267792073D2
S2140468D063616E2E007461726765744E6F646549F9
S2140468E0641F7363616E4475726174696F6E1F739F
S2140468F063616E436F756E741F0042726F616463EA
S2140469006173747320746865204944206F6620742C
S2140469106865206E6577206E6574776F726B206D80
S214046920616E6167657220616E6420616374697666
S21404693065206368616E6E656C732E006E776B4DB2
S214046940676549641F6368616E6E656C4D61736B41
S2140469501F00506572666F726D7320616E20656EDF
S21404696065726779207363616E206F6E206769763F
S214046970656E206368616E6E656C206D61736B2E48
S214046980007461726765744E6F646549641F73634F
S214046990616E4475726174696F6E1F7363616E43D2
S2140469A06F756E741F6368616E6E656C4D61736B94
S2140469B01F0053656E64732061206E6574776F7272
S2140469C06B20616464726573732072657175657398
S2140469D07420666F722074686520676976656E2019
S2140469E04945454520616464726573732E00696584
S2140469F065651F00526571756573747320616E203A
S214046A004945454520616464726573732062617309
S214046A106564206F6E206120676976656E206E6FF0
S214046A2064652049442E006E6F646549641F0053F4
S214046A30656E647320612073696D706C652064658F
S214046A407363726970746F7220726571756573749E
S214046A5020666F72207468652073686F7274206194
S214046A6064647265737320616E6420656E64706F0F
S214046A70696E74207370656369666965642E006464
S214046A806573741F746172676574456E64706F69AC
S214046A906E741F0053656E64732061206D617463A9
S214046AA06844657363726970746F72735265717546
S214046AB065737420746F2074686520676976656EE4
S214046AC02064657374696E6174696F6E2077697487
S214046AD0682074686520676976656E2070726F66D4
S214046AE0696C652E006E6F646549641F70726F660C
S214046AF0696C651F0053656E64732061206E6F6455
S214046B00652064657363726970746F722072657150
S214046B107565737420746F206120676976656E20CE
S214046B20746172676574206465766963652E0074A3
S214046B3061726765741F0053656E64732061205A22
S214046B40444F2042696E6420636F6D6D616E6420ED
S214046B50746F20612064657669636520737065636D
S214046B60696669656420696E2074686520636F6D64
S214046B706D616E6420617267756D656E74732E0048
S214046B8044657374696E6174696F6E1F536F7572B2
S214046B90636520656E64706F696E741F44657374F4
S214046BA0696E6174696F6E20656E64706F696E7469
S214046BB01F636C757374657249441F72656D6F74D8
S214046BC06545554936341F646573744555493634EE
S214046BD01F0053656E647320616E2061637469766A
S214046BE06520656E64706F696E7420726571756574
S214046BF0737420746F2074686520646576696365B1
S214046C0020776974682074686520676976656E20E5
S214046C1073686F72742049442E0053656E64732043
S214046C20616E20756E62696E642072657175657337
S214046C307420666F72206120756E696361737420B8
S214046C4062696E64696E6720746F20746865207468
S214046C506172676574206465766963652E00746185
S214046C60726765741F736F75726365206575693620
S214046C70341F736F7572636520656E64706F696E1A
S214046C80741F636C757374657249441F646573740A
S214046C90696E6174696F6E45554936341F64657351
S214046CA074696E6174696F6E20656E64706F696E68
S214046CB0741F0053656E647320616E20756E62697E
S214046CC06E64207265717565737420666F722061D8
S214046CD0206D756C7469636173742062696E64698F
S214046CE06E6720746F2074686520746172676574BB
S214046CF0206465766963652E007461726765741F27
S214046D00736F757263652065756936341F736F75A6
S214046D1072636520656E64706F696E741F636C754C
S214046D207374657249441F67726F75704164647248
S214046D306573731F0053656E64732061205A444F55
S214046D40204D616E6167656D656E74204C65617675
S214046D506520636F6D6D616E6420746F2074686562
S214046D6020746172676574206465766963652E00B5
S214046D707461726765741F72656D6F7665436869C2
S214046D806C6472656E1F72656A6F696E1F00536568
S214046D906E64732061205A444F204D474D542D4253
S214046DA0696E64202842696E64696E672054616265
S214046DB06C6529205265717565737420746F207430
S214046DC068652074617267657420646576696365B6
S214046DD02E007461726765741F7374617274496EF1
S214046DE06465781F0053656E64732061205A444FAF
S214046DF0204D474D542D4C514920284C5149205480
S214046E0061626C6529205265717565737420746FB0
S214046E102074686520746172676574206465766999
S214046E2063652E0053656E64732061205A444F20B8
S214046E30506F7765722044657363726970746F72FD
S214046E40205265717565737420746F2074686520AC
S214046E50746172676574206465766963652E005391
S214046E60656E64732061205A444F20726F75746592
S214046E70207265717565737420636F6D6D616E64E1
S214046E8020746F20746865207461726765742E00C0
S214046E907461726765741F696E6465781F00696E35
S214046EA06465781F65756936341F696E7374616C22
S214046EB06C436F64651F00696E6465781F65756949
S214046EC036341F6B65791F005443206C696E6B2043
S214046ED06B6579207265717565737420706F6C6963
S214046EE063791F417070206C696E6B206B65792026
S214046EF07265717565737420706F6C6963791F00B1
S214046F00426F6F6C3A20616C6C6F77207472757385
S214046F10742063656E7465722072656A6F696E208C
S214046F207573696E672077656C6C2D6B6E6F776E04
S214046F30206B65791F0070726F66696C6549641F03
S214046F40636C757374657249641F00746172676557
S214046F507449641F00456E61626C657320707269C3
S214046F606E74696E67206F66205278206D65737341
S214046F70616765732E0053657473207468652062B8
S214046F80696E64696E67207461626C6500696E641C
S214046F9065781F636C75737465721F6C6F63616CC0
S214046FA045701F72656D6F746545701F657569362B
S214046FB0341F00436C6561727320746865206269CF
S214046FC06E64696E67207461626C652E0050726927
S214046FD06E7473207468652062696E64696E6720D7
S214046FE07461626C6520746F2074686520636F6DCD
S214046FF06D616E64206C696E652E00436C6561720B
S2140470007320616C6C207365637572697479206B88
S2140470106579732E0044656C657465207468652014
S214047020737065636966696564206C696E6B206B52
S214047030657920696E6465782E005072696E747383
S21404704020616C6C207365637572697479206B6556
S21404705079732E005465726D696E6174657320745D
S2140470606865206D756C74692D50485920696E7476
S214047070657266616365005573656420746F20737A
S21404708074617274206D756C74692D50485920694A
S2140470906E74657266616365206F746865722074C9
S2140470A068616E206E617469766520616E64206620
S2140470B06F726D20746865206E6574776F726B2EC0
S2140470C02054686520737461636B20757365732040
S2140470D073616D652050616E4964206173206E6132
S2140470E07469766520726164696F206E6574776F63
S2140470F0726B2E00706167651F6368616E6E656CE7
S2140471001F706F7765721F6F7074696F6E734D6151
S214047110736B20284269742030203D20526F7574AA
S21404712065727320616C6C6F7765642C2042697499
S2140471302031203D2042726F616463617374206164
S2140471406C6C6F776564291F00417474656D707488
S2140471507320746F206368616E67652074686520A9
S2140471606368696C642074696D656F7574206F70EC
S21404717074696F6E206D61736B20746F2066696C22
S214047180746572206F757420756E646573697261B8
S214047190626C652076616C7565732028652E672E93
S2140471A0206E6F206D6F7265207468616E203320C8
S2140471B064617973292E0074696D656F7574206F28
S2140471C07074696F6E206D61736B1F0053776974FA
S2140471D063686573206265747765656E20646966A6
S2140471E0666572656E74206B65657020616C697681
S2140471F065206D6F64657320737570706F72746547
S21404720064206279206120726F757465722E004B5B
S21404721065657020616C697665206D6F64651F0016
S2140472205072696E74732074686520637572726533
S2140472306E74204E6F64652049442C2045554936AB
S214047240342C20616E642050616E2049442E00491F
S2140472506E697469616C697A65732061206E657401
S214047260776F726B3B2074686973206973206120A2
S2140472707465737420636F6D6D616E6420757365D9
S2140472806420666F722074632D737761702D6F753A
S214047290742074657374696E672E00536574732066
S2140472A0746865206E6574776F726B20696E6465AA
S2140472B078207573656420627920616C6C2066752D
S2140472C07475726520434C4920636F6D6D616E64FE
S2140472D0732E20204265666F726520657865637537
S2140472E074696E67206120434C4920636F6D6D613D
S2140472F06E642C20746865206672616D65776F72A3
S2140473006B20737769746368657320746F20746880
S2140473106973206E6574776F726B2E2020416674D5
S21404732065722074686520636F6D6D616E64206697
S214047330696E697368657320657865637574696ECC
S214047340672C20746865206672616D65776F726B52
S214047350207377697463686573206261636B207455
S2140473606F207468652070726576696F7573206E19
S2140473706574776F726B2E202054686520434C49E1
S2140473802075736573207468652073616D65206E5F
S2140473906574776F726B20696E64657820756E7499
S2140473A0696C207468652064657669636520726517
S2140473B073657473206F7220697420697320636820
S2140473C0616E676564207468726F75676820746898
S2140473D0697320636F6D6D616E642E00417474650D
S2140473E06D70747320746F206368616E67652064C3
S2140473F06576696365206F76657220746F206120F8
S214047400646966666572656E74206368616E6E652F
S2140474106C20676976656E20696E207468652063E3
S21404742068616E6E656C20617267756D656E742E2C
S21404743000546865206368616E6E656C20746F2006
S2140474406368616E676520746F1F0066696E6455B5
S2140474506E7573656450616E49640066696E644A4D
S2140474606F696E61626C654E6574776F726B0050FF
S21404747065726D697473206A6F696E696E67206FD2
S2140474806E20746865206E6574776F726B20666F05
S21404749072206120676976656E206E756D6265720E
S2140474A0206F66207365636F6E647320414E4420BC
S2140474B062726F616463617374732061205A444F0F
S2140474C0204D676D74205065726D6974204A6F692B
S2140474D06E696E67207265717565737420746F20AB
S2140474E0616C6C20726F75746572732E0041207324
S2140474F0696E676C65206279746520696E64696379
S2140475006174696E6720686F77206C6F6E6720748D
S2140475106865206465766963652073686F756C6456
S2140475202068617665207065726D6974206A6F697B
S2140475306E696E67207475726E6564206F6E206661
S2140475406F722E20412076616C7565206F66203040
S214047550786666207475726E73206F6E207065721E
S2140475606D6974206A6F696E20696E646566696EFB
S2140475706974656C792E1F00436865636B73206EAF
S2140475806574776F726B20706A6F696E20737461AE
S2140475907475732E00577269746573207468652059
S2140475A0657874656E6465642070616E2049442055
S2140475B0666F7220746865206465766963652E005C
S2140475C065787470616E69641F0052656A6F696ECF
S2140475D07320616E206578697374696E67206E65C2
S2140475E074776F726B20696E2061207365637572A1
S2140475F065206F7220696E736563757265206D61B0
S2140476006E6E6572207769746820612064696666A8
S2140476106572656E74206465766963652074797036
S214047620652E00426F6F6C65616E206E6574776FB1
S214047630726B206B657920617661696C6162696C36
S2140476406974791F4368616E6E656C206D61736B37
S2140476501F416E20656E756D65726174696F6E206C
S214047660696E6469636174696E6720746865206412
S2140476706576696365207479706520746F20726519
S2140476806A6F696E2061732E546865207374616333
S2140476906B206F6E6C79206163636570747320531E
S2140476A04C5F5A49474245455F454E445F444556FC
S2140476B049434520616E6420534C5F5A494742450E
S2140476C0455F534C454550595F454E445F444556C7
S2140476D04943452E1F0052654A6F696E7320612028
S2140476E06E6574776F726B2E00426F6F6C65616E99
S2140476F0206E6574776F726B206B65792061766196
S214047700696C6162696C6974791F4368616E6E6541
S2140477106C206D61736B1F004C6561766573206128
S214047720206E6574776F726B2E005475726E7320BC
S2140477307065726D6974206A6F696E696E67206F12
S2140477406E20666F722074686520616D6F756E7446
S214047750206F662074696D6520696E646963617460
S21404776065642E00412073696E676C6520627974C7
S2140477706520696E6469636174696E6720686F77F3
S214047780206C6F6E6720746865206465766963652F
S2140477902073686F756C6420686176652070657206
S2140477A06D6974206A6F696E696E67207475726E8F
S2140477B0206F6E20666F722E20412076616C756590
S2140477C0206F662030786666207475726E7320703B
S2140477D065726D6974206A6F696E20696E64656689
S2140477E0696E6974656C792E1F004A6F696E732022
S2140477F061206E6574776F726B206F6E20612067F0
S2140478006976656E206368616E6E656C2C20776998
S2140478107468206120676976656E20545820506F1E
S21404782077657220616E642050414E2049442E00D4
S214047830546865206368616E6E656C206F6E207791
S2140478406869636820746F206A6F696E207468655F
S214047850206E6574776F726B1F4F6E652D62797438
S21404786065207369676E65642076616C756520694A
S2140478706E6469636174696E672074686520545821
S21404788020506F7765722074686174207468652070
S214047890726164696F2073686F756C64206265201A
S2140478A073657420746F1F5468652050414E2049D8
S2140478B044206F6E20776869636820746F206A6F4F
S2140478C0696E20746865206E6574776F726B1F002E
S2140478D0466F726D732061206E6574776F726B20CD
S2140478E06F6E206120676976656E206368616E6ED0
S2140478F0656C2C2077697468206120676976656EEC
S21404790020545820506F77657220616E6420504171
S2140479104E2049442E00546865206368616E6E6587
S2140479206C206F6E20776869636820746F20666FBA
S214047930726D20746865206E6574776F726B1F4F66
S2140479406E652D62797465207369676E656420764A
S214047950616C756520696E6469636174696E67201D
S21404796074686520545820506F7765722074686177
S214047970742074686520726164696F2073686F751B
S2140479806C642062652073657420746F1F54686588
S2140479902050414E204944206F6E20776869636802
S2140479A020746F20666F726D20746865206E65742F
S2140479B0776F726B1F005468697320696E69746907
S2140479C06174657320612054434C4B207570646168
S2140479D074652070726F6365647572652E005370EB
S2140479E065636966792074686520616D6F756E7469
S2140479F0206F662074696D6520746F2077616974E2
S214047A00206166746572206F6E652054434C4B206B
S214047A10757064617465206F7065726174696F6EE9
S214047A2020636F6D706C65746573206265666F7233
S214047A306520626567696E6E696E672061206E6593
S214047A40772054434C4B20757064617465206F70C6
S214047A5065726174696F6E2E0054686520616D6F7F
S214047A60756E74206F662074696D65206265747720
S214047A7065656E2073756273657175656E742074C2
S214047A80727573742063656E746572206C696E6BB0
S214047A90206B6579207570646174657320696E2047
S214047AA06D696C6C697365636F6E64731F005365F0
S214047AB074206F7220636C65617220737461792020
S214047AC06177616B65207768656E206E6F74206AD7
S214047AD06F696E656400536574206F7220636C650D
S214047AE0617220666F726365206177616B6500441E
S214047AF06973706C61792074686520736C65657051
S214047B002073746174757300464F52205445535461
S214047B10494E4720505552504F534553202D206709
S214047B2061746865722074696D696E67206D65742A
S214047B307269637320666F72207265706F727469FF
S214047B406E67207461626C65206F7065726174691B
S214047B506F6E732E00436C656172732074686520C3
S214047B606C617374207265706F72742074696D65CD
S214047B70206F6620617474726962757465732E0072
S214047B80416464732061206E657720656E74727933
S214047B9020746F20746865207265706F7274207428
S214047BA061626C652E00546865206C6F63616C209E
S214047BB0656E64706F696E742066726F6D20776888
S214047BC06963682074686520617474726962757488
S214047BD065206973207265706F727465641F5468DB
S214047BE06520636C757374657220776865726520AA
S214047BF0746865206174747269627574652069734B
S214047C00206C6F63617465641F5468652049442062
S214047C106F66207468652061747472696275746531
S214047C20206265696E67207265706F727465641F82
S214047C303020666F7220636C69656E742D73696498
S214047C40652061747472696275746573206F72203E
S214047C503120666F72207365727665722D7369645F
S214047C606520617474726962757465731F546865FF
S214047C70206D696E696D756D207265706F727469BA
S214047C806E6720696E74657276616C2C206D656112
S214047C90737572656420696E207365636F6E6473B2
S214047CA02E1F546865206D6178696D756D20726548
S214047CB0706F7274696E6720696E74657276616C33
S214047CC02C206D6561737572656420696E2073651A
S214047CD0636F6E64732E1F546865206D696E696DDC
S214047CE0756D206368616E676520746F20746865BF
S214047CF02061747472696275746520746861742096
S214047D0077696C6C20726573756C7420696E20617B
S214047D10207265706F7274206265696E6720736581
S214047D206E742E1F0052656D6F76657320616E202B
S214047D30656E7472792066726F6D20746865207241
S214047D4065706F7274207461626C652E0054686589
S214047D5020696E646578206F662074686520726595
S214047D60706F727420746F2062652072656D6F7612
S214047D7065641F00436C6561727320616C6C2065DA
S214047D806E74726965732066726F6D207468652000
S214047D907265706F7274207461626C652E00507226
S214047DA0696E747320746865207265706F727420CF
S214047DB07461626C652E00576970657320616C6C23
S214047DC0206461746120696E207468652073746F22
S214047DD072616765206465766963652E0050726912
S214047DE06E7473206172626974726172792062794A
S214047DF0746573206F6620746865204F544120694B
S214047E006D616765206F6E206469736B2E0054681D
S214047E106520696E646578206F66207468652069DD
S214047E206D61676520746F207072696E7420697462
S214047E307320646174611F546865206F6666736599
S214047E407420696E746F20746865204F54412069ED
S214047E506D61676520746861742077696C6C206254
S214047E6065207072696E7465641F005072696E7462
S214047E707320696E666F726D6174696F6E206162DD
S214047E806F7574207468652073746F7261676520FB
S214047E906465766963652E0052656C6F6164207450
S214047EA068652073746F72616765206465766963BC
S214047EB0652E0044656C6574657320746865206976
S214047EC06D616765206174207468652073706563EE
S214047ED0696669656420696E6465782E0054686511
S214047EE020696E6465782061742077686963682009
S214047EF0746F20626567696E2064656C6574696E6C
S214047F00672074686520696D6167651F0050726933
S214047F106E74732074686520696D616765732E00DE
S214047F20456E61626C6573204F544120646F776EB2
S214047F306772616465732E0044697361626C65736D
S214047F40204F544120646F776E6772616465732EA8
S214047F500053656E647320616E20557067726164A9
S214047F6065456E645265717565737420746F20611F
S214047F706E204F5441207365727665722E004361FD
S214047F806E206265207573656420746F2064796E54
S214047F90616D6963616C6C79207475726E206F66AE
S214047FA0662073656E64696E67207061676520720B
S214047FB065717565737473206F6E207468652063CD
S214047FC06C69656E7420736964652C206966207418
S214047FD068652073657276657220646F65736E27B4
S214047FE07420737570706F72742074686973206679
S214047FF06561747572652E00426F6F6C65616E20E4
S21404800076616C7565207475726E696E67206F6E26
S21404801020283129206F72206F6666202830292098
S2140480207468652070616765207265717565737420
S21404803020666C61671F0053656E647320616E2052
S214048040696D61676520626C6F636B20726571751C
S21404805065737420666F7220612066696C6520748F
S2140480606865207365727665722073686F756C64D4
S214048070206E6F7420686176652E202054657374B4
S214048080206861726E657373206F6E6C7920287435
S214048090657374206361736520392E352E36202D62
S2140480A0204D697373696E672046696C65290050B4
S2140480B072696E747320696E666F726D6174696F2F
S2140480C06E206F6E207468652063757272656E74B8
S2140480D0207374617465206F6620746865204F543D
S2140480E04120636C69656E7420646F776E6C6F6193
S2140480F0642E0053746F707320746865204F544167
S214048100207374617465206D616368696E652E0002
S21404811053746172747320746865204F54412063ED
S2140481206C69656E74207374617465206D61636830
S214048130696E652E20546865207374617465206DBD
S214048140616368696E6520646973636F76657273CC
S21404815020746865204F5441207365727665722CCE
S214048160207175657269657320666F72206E657717
S21404817020696D616765732C20646F776E6C6F6120
S21404818064732074686520696D6167657320616E29
S2140481906420776169747320666F72207468652042
S2140481A073657276657220636F6D6D616E6420749C
S2140481B06F20757067726164652E005072696E7404
S2140481C07320746865206D616E756661637475727C
S2140481D065722049442C20496D6167652054797086
S2140481E0652049442C20616E642056657273696F5D
S2140481F06E20696E666F726D6174696F6E20746846
S2140482006174206172652075736564207768656E95
S2140482102061207175657279206E65787420696DA9
S2140482206167652069732073656E7420746F2074AB
S2140482306865207365727665722062792074686555
S21404824020636C69656E742E00506572666F726D7D
S21404825073207369676E61747572652076657269DA
S2140482606669636174696F6E206F6E20746865203A
S214048270696D616765206174207468652073706534
S21404828063696669656420696E6465782E0054685F
S2140482906520696E64657820617420776869636810
S2140482A020746F20626567696E20766572696669F8
S2140482B0636174696F6E206F662074686520696DEB
S2140482C06167651F00426F6F746C6F61647320741E
S2140482D0686520696D61676520617420746865202F
S2140482E073706563696669656420696E6465782081
S2140482F062792063616C6C696E6720746865204FD0
S214048300544120626F6F746C6F61642063616C6C9F
S2140483106261636B2E0054686520696E646578201C
S214048320617420776869636820746F206265676982
S2140483306E20626F6F746C6F6164696E6720746818
S2140483406520696D6167651F005072696E747320DD
S214048350696E666F2061626F757420746865206943
S2140483606E7374616C6C656420626F6F746C6F619D
S2140483706465722E0053756274726163747320614F
S214048380206368616E6E656C2066726F6D20656929
S2140483907468657220746865207072696D6172799C
S2140483A0206F72207365636F6E64617279206368F0
S2140483B0616E6E656C206D61736B206F66207468E9
S2140483C065206E6574776F726B2D7374656572695C
S2140483D06E6720636F6D706F6E656E742E005468E2
S2140483E065206368616E6E656C206D61736B2074C6
S2140483F06F20737562747261637420746865206399
S21404840068616E6E656C2066726F6D1F54686520B9
S2140484106368616E6E656C20746F20737562747227
S21404842061637420746865206D61736B2066726F77
S2140484306D1F00416464732061206368616E6E651D
S2140484406C20746F20656974686572207468652092
S2140484507072696D617279206F72207365636F6ED6
S21404846064617279206368616E6E656C206D6173F9
S2140484706B206F6620746865206E6574776F726B08
S2140484802D7374656572696E6720636F6D706F6EA9
S214048490656E742E00546865206368616E6E656C44
S2140484A0206D61736B20746F2061646420612063A7
S2140484B068616E6E656C20746F1F5468652063680F
S2140484C0616E6E656C20746F2061646420746F2026
S2140484D0746865206D61736B1F0053657473206543
S2140484E0697468657220746865207072696D61725B
S2140484F079206F72207365636F6E6461727920638E
S21404850068616E6E656C206D61736B2E00546865D1
S214048510206368616E6E656C206D61736B20746F8A
S214048520207375627472616374207468652063686E
S214048530616E6E656C2066726F6D1F54686520767A
S214048540616C756520746F2073657420746865208B
S2140485506368616E6E656C206D61736B20746F2E3C
S2140485601F005365747320746865207072652D63EC
S2140485706F6E66696775726564206B657920736FC4
S214048580207468617420746865206A6F696E696E09
S21404859067206465766963652063616E20656E7422
S2140485A0657220746865206E6574776F726B2E0032
S2140485B0536574732074686520707265636F6E66A5
S2140485C0696775726564206B65791F0053746F70F4
S2140485D07320746865206E6574776F726B2073748D
S2140485E0656572696E672070726F636573732E00BB
S2140485F053746172747320746865206E6574776F43
S214048600726B207374656572696E672070726F632F
S2140486106573732E0041206D61736B206F66206F47
S2140486207074696F6E7320666F7220696E64696316
S2140486306174696E67207370656369666963206236
S21404864065686176696F722077697468696E2074EC
S2140486506865206E6574776F726B2D7374656572CA
S214048660696E672070726F636573732E1F004469AA
S21404867073706C61797320746865206375727265B3
S2140486806E7420737461747573206F6620746865E5
S214048690206E6574776F726B207374656572696E8D
S2140486A0672070726F636573732E00436C65617226
S2140486B073207468652067726F75707320746162C6
S2140486C06C65206F6E20657665727920656E6470C1
S2140486D06F696E74005072696E747320696E666F8B
S2140486E0726D6174696F6E2061626F757420746850
S2140486F06520636F6E74656E7473206F662074688D
S214048700652067726F757073207461626C652E00E5
S2140487104172746966696369616C6C792064726F0E
S21404872070732074686520626C6F636B206E756D61
S21404873062657220646566696E6564206279207479
S21404874068652070617373656420617267756D6512
S2140487506E74206F6E6C79206F6E63652C20616E6C
S21404876064207468656E20616C6C6F77732069741E
S2140487702075706F6E20612072657472792E0054B5
S214048780686520626C6F636B206E756D626572201F
S214048790746F206172746966696369616C6C7920B0
S2140487A064726F7020746F20666F72636520612038
S2140487B07265747279202D2073657420746F20306E
S2140487C078464620746F2064697361626C651F0086
S2140487D0536574732074686520726563656976658D
S2140487E02077696E646F772073697A652E2020423D
S2140487F07920646566696E6974696F6E20696E2097
S21404880074686520536D61727420456E657267796D
S2140488102070726F66696C65206974206D75737458
S2140488202062652073657420746F2031206275742D
S214048830207468697320616C6C6F77732069742088
S214048840746F206265206368616E6765642E0054E9
S2140488506865206D6178206E756D626572206F663E
S2140488602074686520626C6F636B73207265636541
S21404887069766564206265666F726520616E204164
S21404888050532061636B2069732067656E6572615F
S2140488907465641F004D616B65732074686973208A
S2140488A06E6F6465207374617274206964656E7497
S2140488B0696679696E6720617320612074617267E6
S2140488C0657420666F722062696E64696E672077CD
S2140488D069746820616E20696E69746961746F7268
S2140488E0206E6F64652E0054686520656E64706F34
S2140488F0696E74206F6E20776869636820746F20D1
S214048900626567696E207468652046696E64696E80
S2140489106720616E642042696E64696E67207461C4
S214048920726765742070726F636573731F004D61A0
S2140489306B65732074686973206E6F646520737446
S2140489406172742074686520696E69746961746FF5
S214048950722070617274206F662074686520666980
S2140489606E64696E6720616E642062696E64696E07
S214048970672070726F636573732E00546865206594
S2140489806E64706F696E74206F6E207768696368B2
S21404899020746F20626567696E2074686520466976
S2140489A06E64696E6720616E642042696E64696EE7
S2140489B06720696E69746961746F722070726F6380
S2140489C06573731F00456E61626C652F646973611D
S2140489D0626C6520646562756720606C65676163B8
S2140489E07920617070206672616D65776F726B2096
S2140489F0646562756760207072696E74207479703D
S214048A00652E00456E61626C652F64697361626CE5
S214048A10651F00456E61626C652F64697361626CE4
S214048A206520646562756720607A636C6020707286
S214048A30696E7420747970652E00456E61626C658B
S214048A402F64697361626C65206465627567206073
S214048A5061707060207072696E7420747970652E0F
S214048A6000456E61626C652F64697361626C652093
S214048A7064656275672060636F72656020707269F2
S214048A806E7420747970652E00456E61626C652F75
S214048A9064697361626C65206465627567206073DF
S214048AA07461636B60207072696E7420747970658B
S214048AB02E0053656E64732061207265717565734C
S214048AC07420666F72204F544120636F756E746510
S214048AD072732E0052657365747320616C6C207417
S214048AE068726573686F6C64732076616C75657301
S214048AF020746F203078464646462E0053657473BD
S214048B002061207468726573686F6C642076616C8B
S214048B10756520666F722061207061727469637572
S214048B206C61722074797065206F6620636F756E51
S214048B307465722E0054797065206F6620636F75B5
S214048B406E7465721F5468726573686F6C64205621
S214048B50616C75651F005072696E74732074686565
S214048B60207468726573686F6C6473206F66206126
S214048B706C6C2074686520636F756E746572732EF2
S214048B8000436C6561727320616C6C20636F756E54
S214048B907465722076616C7565732E005072696E0A
S214048BA0747320616C6C20636F756E7465722076C6
S214048BB0616C7565732E005072696E7473207468E8
S214048BC0652076616C7565206F662074686973200D
S214048BD0706172746963756C617220636F756E740C
S214048BE065722E0054686520636F756E7465722016
S214048BF07479706520746F207072696E741F0050EB
S214048C0072696E747320616C6C20636F756E746524
S214048C10722076616C75657320616E6420636C6582
S214048C20617273207468656D2E00536574204D461A
S214048C304720746F6B656E2C2043414E4E4F542074
S214048C40424520554E53455420425920434C492E04
S214048C50005072696E74204D464720746F6B656EC3
S214048C602E005072696E742061637469766520659F
S214048C7076656E74732E0044697361626C65207445
S214048C80686520656E64706F696E7420666F722006
S214048C905A434C206D657373616765732E00456E89
S214048CA064706F696E7420696E6465781F00456E23
S214048CB061626C65732074686520656E64706F69A4
S214048CC06E7420666F72205A434C206D6573736110
S214048CD06765732E005072696E74207374617475C0
S214048CE073206F6620656E64706F696E74732E00F1
S214048CF053686F7773207468652076657273696F3E
S214048D006E206F662074686520736F667477617270
S214048D10652E005365742074686520636F6E6669FB
S214048D206775726564203830322E31352E34204310
S214048D304341206D6F646520696E207468652072F7
S214048D406164696F2E2053656520646F63756D6575
S214048D506E746174696F6E20726567617264696EA1
S214048D6067205241494C5F494545453830323135D4
S214048D70345F4363614D6F64655F742E0041205217
S214048D8041494C5F494545453830323135345F43B7
S214048D9063614D6F64655F742076616C75651F0052
S214048DA052657475726E73205054492072616469FA
S214048DB06F20636F6E66696720696E666F726D6199
S214048DC074696F6E20746F2064657465726D696E65
S214048DD0652074686520504859207479706520624F
S214048DE065696E672075736564206279205241490F
S214048DF04C2E2072657475726E2076616C756520D3
S214048E00697320656E756D205241494C5F4945452E
S214048E10453830323135345F507469526164696F55
S214048E20436F6E6669675F7420652E672020524123
S214048E30494C5F494545453830323135345F5054E6
S214048E40495F524144494F5F434F4E4649475F325C
S214048E50503447485A203D2030783030552052410F
S214048E60494C5F494545453830323135345F5054B6
S214048E70495F524144494F5F434F4E4649475F322C
S214048E80503447485A5F414E54444956203D20309A
S214048E9078303155205241494C5F49454545383074
S214048EA0323135345F5054495F524144494F5F4331
S214048EB04F4E4649475F32503447485A5F434F4502
S214048EC058203D203078303255205241494C5F4975
S214048ED04545453830323135345F5054495F524148
S214048EE044494F5F434F4E4649475F3250344748E4
S214048EF05A5F414E544449565F434F4558203D20DF
S214048F0030783033550053656E6473206120726583
S214048F106164206174747220666F722074686520C0
S214048F2074696D65206F662074686520646576696B
S214048F306365207370656369666965642E20497489
S214048F402073657473206120666C616720736F20DC
S214048F507768656E20697420676574732074686525
S214048F6020726573706F6E736520697420777269FA
S214048F70746573207468652074696D6520746F2049
S214048F80697473206F776E2074696D6520617474DC
S214048F90722E0049641F737263456E64706F696E47
S214048FA0741F64657374456E64706F696E741F0015
S214048FB05768656E2073656E64696E67207573699D
S214048FC06E6720612062696E64696E672C20737018
S214048FD06563696669657320776865746865722079
S214048FE061206D756C7469636173742062696E6464
S214048FF0696E672073686F756C642062652075738C
S21404900065642E007573654D756C7469636173745D
S21404901042696E64696E671F0053656E64732061EF
S214049020207072652D6275666665726564206D755E
S2140490306C746963617374206D657373616765200E
S214049040746F206120676976656E2067726F75702D
S2140490502049442066726F6D206120676976656ECC
S21404906020656E64706F696E742E0067726F75701B
S21404907049641F7372632D656E64706F696E741F26
S21404908000437265617465732061206D6573736156
S21404909067652062792073706563696679696E67AF
S2140490A020746865207261772062797465732E2057
S2140490B0557365207468652073656E6420636F6DF0
S2140490C06D616E6420746F2073656E6420746865C9
S2140490D0206D657373616765206F6E6365206974C0
S2140490E020686173206265656E20637265617465CD
S2140490F0642E2045783A20726177203078303030FC
S21404910046207B3030203041203030203131203230
S214049110322033332034342035357D2073656E6435
S214049120732061206D65737361676520746F2063B7
S2140491306C75737465722031352028307830303081
S2140491404629206F66206C656E6774682038207721
S2140491506869636820696E636C75646573207468F7
S21404916065205A434C206865616465722E00436C22
S214049170757374657249641F446174611F00526597
S2140491807365747320746865206E6F64652E00576B
S21404919072697465732061206D6573736167652EEB
S2140491A000456E64706F696E741F436C75737465E6
S2140491B0722049441F41747472696275746520494B
S2140491C0441F4D61736B1F4461746120747970652C
S2140491D01F4461746120627974651F00526561647E
S2140491E0732061206D6573736167652E00456E6438
S2140491F0706F696E741F436C75737465722049448E
S2140492001F4174747269627574652049441F312065
S2140492106966207365727665722064697265637424
S214049220696F6E2C203020696620636C69656E74E5
S21404923020646972656374696F6E1F0053656E649B
S214049240732061206D6573736167652E00446573D2
S21404925074696E6174696F6E1F536F7572636520EF
S214049260656E64706F696E741F44657374696E61AD
S21404927074696F6E20656E64706F696E741F005338
S2140492806F7572636520656E64706F696E741F0017
S2140492904C69737473207768696368206F707469A7
S2140492A06F6E616C206C6962726172696573206F9F
S2140492B0662074686520737461636B206172652030
S2140492C0696D706C656D656E746564206F6E207470
S2140492D0686973206465766963652E005072696EEA
S2140492E0747320696E666F726D6174696F6E206147
S2140492F0626F757420746865206E6574776F726B20
S2140493002073746174652C20636C75737465727352
S2140493102C20616E6420656E64706F696E74732EA3
S214049320006F66667365741F005072696E747320EE
S214049330696E666F726D6174696F6E20666F7220F7
S214049340616C6C20617661696C61626C6520736C1B
S2140493506F74732E005265616473207261772064A3
S2140493606174612066726F6D20666C617368207329
S214049370746F726167652E0041646472657373204E
S214049380746F20726561641F4E756D626572206F1E
S2140493906620627974657320746F20726561641F39
S2140493A0005072696E747320666C617368207374FF
S2140493B06F7261676520696E666F726D6174696F3E
S2140493C06E2E004572617365732074686520737031
S2140493D06563696669656420736C6F742049442EFE
S2140493E00053746F7261676520736C6F74206E75BA
S2140493F06D6265721F00426F6F7473207468652017
S214049400696D61676520696E207468652073706590
S21404941063696669656420736C6F742049442E0022
S214049420434C4920696E7374616E63652065786188
S2140494306D706C650064756D6D795F696E7374002C
S2140494405A434C20636F6D6D616E64730062617382
S214049450696300676C6F62616C006D66672D636F8D
S2140494606465007573652D6E6578742D7365717506
S214049470656E636500782D64656661756C742D721F
S21404948065737000746573742D726573706F6E7394
S214049490652D6F6E00746573742D726573706F6ED0
S2140494A073652D6F6666005A434C20626173696368
S2140494B020636C757374657220636F6D6D616E6482
S2140494C073007274666400436F6D6D616E6420741D
S2140494D06861742072657365747320616C6C2061B6
S2140494E074747269627574652076616C7565732030
S2140494F0746F20666163746F727920646566617543
S2140495006C742E005241494C006C6F7765722D6D59
S21404951061632D7261696C2D3830322E31352E34EC
S2140495202E63006C69627261696C2E6100756E63ED
S2140495306C61696D6564006275666665722D6D6141
S2140495406E6167656D656E742E63006576656E7410
S2140495502D71756575652E63007A69676265652D7C
S21404956075707065722D6D61632E63006E65696734
S21404957068626F722E63006173736F6369617469E6
S2140495806F6E2E630031383231730031343232312B
S214049590003132310032730031323231313200312F
S2140495A0323231310032383100383131003138321C
S2140495B031310031323131313231323232317300AD
S2140495C031323200313231313232310031313131DF
S2140495D00032323800726F7574652D7461626C6582
S2140495E02E63006D61632D6D756C74692D6E6574E4
S2140495F0776F726B2E63006C65676163792D70619B
S214049600636B65742D6275666665722E6300000072
S214049610000002000000000000000000BA04000081
S214049620000002000000000000000000BA04000071
S214049630000102030E312E312E322D3434353831EA
S2140496403066330001000002030301000600000038
S214049650000003000000000013B779FAC925DDB73F
S214049660ADF3CFE0F1B614B801020000000000002C
S214049670FFFFFFFF010000000100000000000000E3
S21404968000000000000000000000000000000000D1
S21404969000000000000000000000000000000000C1
S2140496A00000000000000000033F1F008357030073
S2140496B07F5703005D5703002B570300BB57030077
S2140496C08D5703002D5703002C00000002020203EE
S2140496D00000000001020000000801B480970400A6
S2140496E00008015A3C97040000080040F89604005D
S2140496F000000000000000000000FCFEFFFF000069
S21404970000000000FFFF000000000000FFFF000054
S21404971000000000FFFF00000000000040001806E4
S214049720F4D200002C00B0023DBE00001700F20088
S2140497300C7C00000C0041009E4200006400FCFE0D
S214049740FFFF000000000000FFFF00000000000014
S2140497505A00F306A554FEFF2100A301A1FEFFFF55
S2140497601100A600832700000A006100DC26000022
S21404977006003B00F820000003001500AD130000AF
S214049780C800FCFEB4008B087BC0FBFF4D00E4025F
S214049790E756FFFF2C00A20183EBFFFF1A0003012C
S2140497A0B31A00001100A300552900000A005E0049
S2140497B05A28000006003A0021220000040018007F
S2140497C073160000044D0400C1010400C101040026
S2140497D0C1010400C1010400C1010400C101040068
S2140497E0C1010400C1010400C1010400C101040058
S2140497F0C1010400C1010400C1010400C101040048
S214049800C1010400C1010400C1010400C101040037
S214049810C1010400C1010400C1010400C101040027
S214049820C1010400C1010400C1010400C101040017
S214049830C1010400CF010400C1010400E4010400D6
S214049840C1010400C101040009020400C1010400AE
S214049850C1010400C1010400C10104003102040076
S214049860C1010400C1010400C1010400C1010400D7
S21404987049020400C1010400670204000B00000052
S2140498800B00000002000000000020200000000082
S214049890030000008C8C3C00000000000000000068
S2140498A00000000000000058120000000000000045
S2140498B0FFFFFFFFFFFFFFFFFFFFFFFF554E4B00BD
S2140498C0474F200042544C00474F3200474F330066
S2140498D0474F3400474F3500474F3600474F370051
S2140498E0474F3800474F3900474F4100474F420023
S2140498F0474F4300474F4400474F4500474F4600F5
S2140499004A4D5000424452005550520042544D00B5
S2140499104D534D0046544C00554E4B00474F2000C7
S21404992042544C004241440046544C0046524300C4
S2140499304F54410044534C00424150005550470098
S214049940544D450046415500545A4600554E4B006A
S21404995050494E00454D3400554E4B0048562000A5
S214049960554E4B00455850004C574D00554E4B0035
S2140499705242540044534C00454D3400554E4B005F
S21404998041535400554E4B0056465900494E480024
S214049990554E4B004C434B0058544C004F42460027
S2140499A0554E4B00485244004D454D004255530019
S2140499B05553470044424700444D41005643540023
S2140499C0554E4B0055502000525020004150300058
S2140499D0415031004150200044502000444543008B
S2140499E0BC980400C0980400189904004C9904001C
S2140499F058990400609904006C9904007C9904004A
S214049A008499040090990400A0990400C099040065
S214049A10554E4B004649420042544C0045585400AB
S214049A2050575200574447002053570043525300A0
S214049A304653480042414400464C540042524F00AC
S214049A400104010303060105010501090600060BCE
S214049A500000070B050B00000000000000000000DB
S214049A600400E40C0A0001041001000000050002D2
S214049A7000000300FC9C0400F89C0400E49C040022
S214049A80E09C0400DC9C0400D89C0400C69C0400F3
S214049A90B69C04009C9C0400949C04008A9C0400CD
S214049AA0889C0400709C04006D9C0400659C040063
S214049AB0549C0400449C0400329C0400189C04003B
S214049AC0109C0400049C0400009C0400FC9B0400FE
S214049AD0EE9B0400E39B0400CA9B0400B19B0400B5
S214049AE0559B0400549B0400449B04001C9B0400E8
S214049AF0119B0400109B0400FC9A04000000000064
S214049B00000000000000000000000000000000004C
S214049B100F0000000000000000000000000000002D
S214049B20000000000000000000000000000000002C
S214049B30000000000000000000000000000000001C
S214049B40000000000100000000000000000000000B
S214049B50000000000F0000000000000000000000ED
S214049B6000000000000000000000000000000000EC
S214049B7000000000000000000000000000000000DC
S214049B8000000000000000000000000000000000CC
S214049B9000000000000000000000000000000000BC
S214049BA000000000000000000000000000000000AC
S214049BB0000000000000000000000000000000009C
S214049BC0000000000000000000000000000000008C
S214049BD0000000000000000000000000000000007C
S214049BE0000000000000000000000000000000006C
S214049BF0000000000000000000000000000000005C
S214049C0000000000FFFFFFFFFFFFFFFFFFFF000055
S214049C10000000000000000000000000000000003B
S214049C20000000000000000000000000000000002B
S214049C30000000000000000000000000000000001B
S214049C40000000000000000000000000000000000B
S214049C5000000000000000000000000000000000FB
S214049C600000000000FFFFFFFFFFFFFFFF9C000057
S214049C70FF000000000000000000000000000000DC
S214049C8000000000800000000000FFFFFFFFFFFF51
S214049C90FFFFFFFF00000000FFFF000000000000C1
S214049CA000000000000000000000000000000000AB
S214049CB0000000000000FFFFFF000000000000009E
S214049CC0000000000000000000000000000000008B
S214049CD0000000000000000000000000000000007B
S214049CE0000000000000000000000000000000006B
S214049CF0000000000000000000000000FC0301015A
S214049D00010101010101010101010101010000003D
S214049D1000000001002006000000060101000020EB
S214049D2002041104040211101A080A021801081188
S214049D3010111A080A04020D0B19195C0110280BDD
S214049D4001140000000000000000000000000000F5
S214049D5000010101010101000101010101010100ED
S214049D6000010101000100010100000000000000E4
S214049D7000000000000000000001000000000000D9
S214049D80000000000000000001FF010023E10100C4
S214049D9075E4010063E2010063E5010062E101008D
S214049DA079EB010064EE010024E1010025E10100E5
S214049DB026E1010027E1010028E1010029E1010074
S214049DC02AE10100000001008000010000010100FA
S214049DD080010100000201008002010020E201006F
S214049DE000030100000501008005010000060100D3
S214049DF02C890100800601000007010001E501002E
S214049E0002E501000008010080080100004001008E
S214049E1086321010FFFFFFFFFFFFFFFFEE0A04006D
S214049E20F40A0400FA0A0400000B0400060B0400FB
S214049E305A6967426565416C6C69616E6365303961
S214049E404E574B205374656572696E67000095968D
S214049E509595950507090D00000000000001020312
S214049E600406000032210400CD340400E734040064
S214049E70FE34040011350400213504003535040091
S214049E80473504005735040073350400883504004C
S214049E900208010D0D01010112010000FFFFFFFF82
S214049EA0FFFFFFFF0000000000000000010905019D
S214049EB000020000000000031EF1EE0BCC9E04001E
S214049EC0C3410400044D0400FE000000DF4104000A
S214049ED02CA0040000000000E94104001CA00400BB
S214049EE000000000F64104000CA00400000000007E
S214049EF003420400FC9F040000000000214204000A
S214049F00E89F04000000000019420400D49F0400E7
S214049F100000000020420400C09F0400000000006F
S214049F202E420400B09F040000000000A04004007D
S214049F309C9F040000000000274204008C9F04003D
S214049F400000000033420400789F04000000000074
S214049F501F090400689F04000000000000000000C1
S214049F600000000000000000716F0300444204007B
S214049F7081420400010100FF29EC0000AA4204000B
S214049F80EF420400010100010107FF00E5EB0000B9
S214049F903C430400A7430400010100FF25EB000036
S214049FA0C8430400E143040000010100FF00000070
S214049FB0836F0300064404005E4404000101FF00AE
S214049FC06B6F030075440400CC44040001010207CF
S214049FD0FF000000656F030075440400CC440400D1
S214049FE001010207FF0000005F6F030075440400D0
S214049FF0CC44040001010207FF000000D9EA000077
S21404A000ED4404002C450400010101FF79EA000038
S21404A0104B45040090450400010000FF35EA0000AB
S21404A0204B45040090450400010000FFBDEA000013
S21404A030B7450400BD43040000FF0000596F030049
S21404A0400C46040047710400FF000000536F030031
S21404A0507F46040047710400FF00000015EA000074
S21404A060EE4604006347040000FF0000EDE900002C
S21404A0707B470400DD47040000FF0000456F030033
S21404A080EE4704003448040002FF0000B5E900006F
S21404A0903D480400B148040001FF00002A490400BA
S21404A0A00D4904001C4904002849040039490400E9
S21404A0B04F490400654904006F49040079490400C7
S21404A0C0000000007D4C040011000000894C0400D0
S21404A0D012000000914C040013000000994C040088
S21404A0E021000000A14C040022000000A84C04003B
S21404A0F023000000AF4C0400AA000000B64C040085
S21404A100FF00000000000000FFFFFFFFFFFFFFFF4F
S21404A1100000000000000000000001080109020A17
S21404A120030B040C050D060E070F08100118011981
S21404A130021A031B041C051D061E071F0820012106
S21404A14002220323042405250626072708280129B6
S21404A150022A032B042C052D062E072F0830013166
S21404A160023203380239043A08E004E104E204E85F
S21404A17002E902EA04F008F1100000000000000002
S21404A18002050000E4A1040002000F000CA2040073
S21404A19002000F0034A2040002000F005CA20400B8
S21404A1A002000F0084A2040002000F00ACA2040008
S21404A1B002000F00D4A2040002000F00FCA2040058
S21404A1C002000F0024A3040002000F004CA30400A6
S21404A1D002000F0074A3040002000F009CA30400F6
S21404A1E002000F0000000000C4A3040003000000E7
S21404A1F0400000000000000019000000E8A304006E
S21404A20004000F00800000000000000000000000B2
S21404A210C4A3040003000000400000000000000087
S21404A22019000000E8A3040004000F0080000000EA
S21404A2300000000000000000C4A3040003000000A7
S21404A240400000000000000019000000E8A304001D
S21404A25004000F0080000000000000000000000062
S21404A260C4A3040003000000400000000000000037
S21404A27019000000E8A3040004000F00800000009A
S21404A2800000000000000000C4A304000300000057
S21404A290400000000000000019000000E8A30400CD
S21404A2A004000F0080000000000000000000000012
S21404A2B0C4A30400030000004000000000000000E7
S21404A2C019000000E8A3040004000F00800000004A
S21404A2D00000000000000000C4A304000300000007
S21404A2E0400000000000000019000000E8A304007D
S21404A2F004000F00800000000000000000000000C2
S21404A300C4A3040003000000400000000000000096
S21404A31019000000E8A3040004000F0080000000F9
S21404A3200000000000000000C4A3040003000000B6
S21404A330400000000000000019000000E8A304002C
S21404A34004000F0080000000000000000000000071
S21404A350C4A3040003000000400000000000000046
S21404A36019000000E8A3040004000F0080000000A9
S21404A3700000000000000000C4A304000300000066
S21404A380400000000000000019000000E8A30400DC
S21404A39004000F0080000000000000000000000021
S21404A3A0C4A30400030000004000000000000000F6
S21404A3B019000000E8A3040004000F008000000059
S21404A3C0000000000000200120000000080000003B
S21404A3D004004221300000005CA4040000FF420098
S21404A3E030000000000000000000F00840000000FC
S21404A3F07DA40400010023044000000085A404009A
S21404A400060030014000000000000000FDFF2102AD
S21404A41040000000010000001900000419000101BA
S21404A42019000204190003011900050419000601A5
S21404A4301900070404004100E90601000600410073
S21404A440F177030019008100D92301001900840064
S21404A450652E0100008000000000000006435553EE
S21404A460544F4D00000000000000000000000000F3
S21404A47000000000000000000000000000FFFFFFD6
S21404A480FFFFFFFFFFFFFFFFFF00040104010401BD
S21404A490040104010401040104010401040104018B
S21404A4A00401FFFFFFFFFFFFFFFFFFFFFFFFFFFFAC
S21404A4B0FFFFFFFFFFFFFFFFFFFF0001020304058E
S21404A4C0060708090A0B1F1C1F1E1F1E1F1F1E1F20
S21404A4D01E1F07021F012F0037013F005701DF022E
S21404A4E0E700FF020000000000000000000000007B
S21404A4F00000000000000000000000000000000053
S21404A50000000000000000001C53040019000000B6
S21404A51022530400FFFF000000000000ED53040077
S21404A520F8530400044D0400005404000E540400C0
S21404A530044D0400215404002C5404003A5404002E
S21404A5403E5404004E5404003A2204005E540400B0
S21404A550625404006D5404007754040081540400CB
S21404A5608554040093540400A7540400BD54040006
S21404A5700080000000000000000000000000000052
S21404A580FFFFFFFFFF000000000000004DB30100C6
S21404A590000000000000F03F00000000000024401F
S21404A5A000000000000059400000000000408F40FA
S21404A5B0000000000088C34000000000006AF84065
S21404A5C00000000080842E4100000000D012634189
S21404A5D00000000084D797410000000065CDCD41FF
S21404A5E0B3250400D0BB040000000000E35D0400B3
S21404A5F0C0BB040000000000E85D0400B0BB04001B
S21404A60000000000E95D0400A0BB04000000000098
S21404A6102E4204008CBB040000000000214204000B
S21404A62078BB040000000000EE5D040068BB040074
S21404A63000000000F45D040058BB040000000000A5
S21404A640F85D040048BB040000000000075E040038
S21404A65038BB040000000000245E040028BB04008D
S21404A660000000002D5E040018BB0400000000007B
S21404A670425E040008BB04000000000075330400BA
S21404A680F8BA040000000000525E0400B8BA0400E1
S21404A690000000004962040044B204000000000008
S21404A6A00552040004B2040000000000595E0400D1
S21404A6B044B1040000000000625E040048B00400D8
S21404A6C0000000006F5E04003CAC040000000000C4
S21404A6D08B54040014AB040000000000765E0400F3
S21404A6E014AB0400010000007A5E0400D4AA04003F
S21404A6F0000000007F5E040098A90400000000002B
S21404A700B302040098A90400010000006F5E040070
S21404A7103CAC040000000000865E04003CAC040070
S21404A720010000008B5E040064A904000000000021
S21404A730955E040064A90400010000009D5E040008
S21404A74094A7040000000000240A040060A7040084
S21404A75000000000000000000000000000000000F0
S21404A76070A70400A15E0400044D0400FE0000006F
S21404A770B95E0400ECB20400000000001E6304008E
S21404A780DCB204000000000000000000000000002E
S21404A79000000000A4A70400BE5E0400044D0400EC
S21404A7A0FE000000D45E04006CB404000000000048
S21404A7B0DA5E04005CB4040000000000E05E0400FE
S21404A7C04CB4040000000000E95E04003CB404003D
S21404A7D000000000650704002CB40400000000001C
S21404A7E06F050400F4B3040000000000760E0400B5
S21404A7F0E0B3040000000000F35E0400D0B30400DD
S21404A80000000000630A0400C0B304000000000057
S21404A810F85E0400B0B3040000000000FF5E04000D
S21404A820A0B3040000000000045F040090B304001A
S21404A83000000000085F040030A9040000000000C7
S21404A8400F5F0400D8A8040000000000175F04008F
S21404A850A4A8040000000000235F040070A80400FD
S21404A86000000000000000000000000000000000DF
S21404A87080A804002E5F0400044D0400FE000000BF
S21404A880AE1C04000CB30400000000005F49040082
S21404A890FCB20400000000000000000000000000FD
S21404A8A000000000B4A804004F5F0400044D040038
S21404A8B0FE000000AE1C04002CB3040000000000E0
S21404A8C05F4904001CB30400000000000000000000
S21404A8D00000000000000000E8A80400715F040007
S21404A8E0044D0400FE0000008F5F04007CB30400E7
S21404A8F0000000006D6404006CB304000000000057
S21404A9009E5F04005CB3040000000000A35F040024
S21404A9104CB3040000000000AA5F04003CB304002B
S21404A920000000000000000000000000000000001E
S21404A93040A90400AF5F0400044D0400FE000000BC
S21404A940701C040018B4040000000000CC5F04006F
S21404A95004B4040000000000000000000000000032
S21404A9600000000074A90400D45F0400044D040031
S21404A970FE000000F05F0400ACB404000000000019
S21404A9808B5404009CB40400000000000000000087
S21404A9900000000000000000A8A90400F55F040001
S21404A9A0044D0400FE0000000E6004005CB50400C4
S21404A9B000000000311904004CB50400000000003B
S21404A9C0176004003CB5040000000000F05F0400BB
S21404A9D08CB40400000000001C6004007CB4040076
S21404A9E0000000002960040094AA0400000000008F
S21404A9F03760040060AA04000000000045600400FC
S21404AA0020AA040000000000595E040044B10400BB
S21404AA10000000000000000000000000000000002D
S21404AA2030AA04004E600400044D0400FE0000003A
S21404AA30929404002CB5040000000000A3940400C3
S21404AA401CB5040000000000622D04000CB50400D0
S21404AA5000000000000000000000000000000000ED
S21404AA6070AA04006C600400044D0400FE0000009C
S21404AA70966004007CB5040000000000134F040038
S21404AA806CB5040000000000000000000000000098
S21404AA9000000000A4AA04009D600400044D040005
S21404AAA0FE000000240A0400B0B504000000000004
S21404AAB05F490400A0B50400000000006D640400B3
S21404AAC08CB5040000000000000000000000000038
S21404AAD000000000E4AA0400BD600400044D040065
S21404AAE0FE000000240A0400E0B504000000000094
S21404AAF0DD600400D0B50400000000005F490400D7
S21404AB00C0B50400000000000000000000000000C3
S21404AB100000000024AB0400E4600400044D0400BC
S21404AB20FE000000FE60040014B7040000000000ED
S21404AB301749040004B70400000000003161040053
S21404AB40F4B604000000000065070400E4B6040040
S21404AB500000000032490400D4B6040000000000DF
S21404AB6003610400C4B60400000000001B61040076
S21404AB70B4B604000000000024610400A4B6040077
S21404AB80000000002B61040094B6040000000000DE
S21404AB903761040064B60400000000006D6404001D
S21404ABA054B60400000000004661040044B60400E5
S21404ABB000000000212E040034B60400000000004B
S21404ABC04B61040024B60400000000006261040027
S21404ABD014B60400000000007661040000B6040009
S21404ABE00000000086610400F0B5040000000000C8
S21404ABF09561040008AC040000000000000000009A
S21404AC00000000000000000018AC04009A61040074
S21404AC10044D0400FE000000B161040084B6040084
S21404AC2000000000BA61040074B6040000000000CE
S21404AC300000000000000000000000004CAC04000F
S21404AC40044D0400044D0400FE000000C16104002D
S21404AC5084B2040000000000CE610400C8B0040002
S21404AC6000000000D761040014B0040000000000D7
S21404AC70E5610400E0AF040000000000F361040096
S21404AC80ACAF0400000000000162040014AF04002E
S21404AC900000000012620400ECAE04000000000095
S21404ACA01F6204004CAE0400000000002A62040088
S21404ACB0F4AD0400000000003D620400CCAD0400C6
S21404ACC0000000001241040068AD0400000000000B
S21404ACD05062040028AD0400000000005B6204001B
S21404ACE0F4AC0400000000000000000000000000B7
S21404ACF00000000004AD04006E620400044D04006D
S21404AD00FE0000009262040034B704000000000055
S21404AD109862040024B7040000000000000000004D
S21404AD20000000000000000038AD04009C6204002F
S21404AD30044D0400FE0000001E1E040064B7040058
S21404AD4000000000CE62040054B7040000000000B7
S21404AD50DA62040044B704000000000000000000AB
S21404AD60000000000000000078AD0400F06204005B
S21404AD70044D0400FE000000240A0400C8B70400C2
S21404AD80000000005F490400B8B70400000000009B
S21404AD900C3E0400A8B7040000000000AE1C04002B
S21404ADA094B70400000000000C63040084B7040099
S21404ADB0000000002363040074B7040000000000D1
S21404ADC0000000000000000000000000DCAD0400ED
S21404ADD02F630400044D0400FE00000054630400C6
S21404ADE0D8B70400000000000000000000000000C7
S21404ADF00000000004AE040059630400044D04007F
S21404AE00FE0000007D63040028B804000000000073
S21404AE10DD60040018B80400000000008963040024
S21404AE2008B804000000000090630400F8B70400AB
S21404AE30000000009D630400E8B704000000000062
S21404AE400000000000000000000000005CAE0400EB
S21404AE50A8630400044D0400FE000000166204000B
S21404AE60D8B8040000000000C5630400C8B8040095
S21404AE7000000000B3250400B8B804000000000079
S21404AE80E1340400A8B80400000000009061040047
S21404AE9098B80400000000001E1E040088B80400D1
S21404AEA000000000CC63040078B804000000000032
S21404AEB0D763040068B8040000000000E4630400DC
S21404AEC058B8040000000000F463040048B8040006
S21404AED0000000000764040038B804000000000006
S21404AEE0000000000000000000000000FCAE0400AB
S21404AEF019640400044D0400FE000000B325040099
S21404AF00E8B8040000000000000000000000000094
S21404AF100000000024AF040037640400044D04005D
S21404AF20FE0000001E1E040058B9040000000000C5
S21404AF30E134040048B904000000000090610400F5
S21404AF4038B90400000000005A64040028B904005C
S21404AF5000000000995F04006CAF040000000000CD
S21404AF600000000000000000000000007CAF0400A9
S21404AF7071640400044D0400FE0000006D640400C7
S21404AF8018B9040000000000AE1C040008B9040050
S21404AF900000000087640400F8B804000000000005
S21404AFA0000000000000000000000000BCAF040029
S21404AFB090640400044D0400FE000000240A04000B
S21404AFC078B90400000000005F49040068B9040072
S21404AFD00000000000000000000000000000000068
S21404AFE0F0AF0400B0640400044D0400FE0000004A
S21404AFF0D064040098B9040000000000E364040070
S21404B00088B90400000000000000000000000000F2
S21404B0100000000024B00400F9640400044D040099
S21404B020FE00000019650400B8B904000000000022
S21404B03031190400A8B90400000000000000000054
S21404B040000000000000000058B00400044D040096
S21404B050044D0400FE0000002365040070B00400E4
S21404B06000000000000000000000000000000000D7
S21404B07080B00400044D0400044D0400FE000000EB
S21404B0802F65040008BA0400000000007C54040085
S21404B090F8B904000000000035650400E8B90400AF
S21404B0A00000000039650400D8B904000000000060
S21404B0B03D650400C8B9040000000000000000005C
S21404B0C00000000000000000D8B004004D65040035
S21404B0D0044D0400FE000000240A040088BA04009C
S21404B0E0000000006865040078BA04000000000050
S21404B0F07B65040068BA0400000000005F49040091
S21404B10058BA0400000000008865040048BA040029
S21404B110000000009965040038BA0400000000002E
S21404B120A765040028BA040000000000B8650400FF
S21404B13018BA040000000000000000000000000030
S21404B1400000000054B10400C5650400044D04006A
S21404B150FE000000DF650400DCB40400000000000C
S21404B16012660400CCB40400000000004D6604001F
S21404B170BCB404000000000064660400D0B10400FF
S21404B180000000006E6604009CB10400000000008D
S21404B190000000000000000000000000ACB1040045
S21404B1A072660400044D0400FE000000929404003D
S21404B1B0FCB4040000000000A3940400ECB40400F3
S21404B1C00000000000000000000000000000000076
S21404B1D0E0B1040091660400044D0400FE00000083
S21404B1E049190400A8BA0400000000006D640400B5
S21404B1F098BA0400000000000000000000000000F0
S21404B2000000000014B20400A4660400044D040008
S21404B210FE000000240A0400E8BA0400000000004F
S21404B22096600400D8BA040000000000134F04001F
S21404B230C8BA04000000000000000000000000007F
S21404B2400000000054B20400BF660400044D04006D
S21404B250FE0000009D63040000BC04000000000023
S21404B2601E1E0400F0BB040000000000B32504000A
S21404B270E0BB040000000000000000000000000026
S21404B2800000000094B20400DF660400044D0400CD
S21404B290FE000000FD66040050BC04000000000030
S21404B2A00767040040BC04000000000012670400A6
S21404B2B030BC0400000000002E42040020BC040041
S21404B2C0000000002167040010BC04000000000019
S21404B2D0000000000000000000000000376F0300BC
S21404B2E02C670400044D0400FF000000336F0300C5
S21404B2F039670400044D0400FF00000029F1000033
S21404B3004B670400044D0400FF000000C5F0000075
S21404B31078670400406F040001FF000029F1000074
S21404B320B8670400044D0400FF000000C5F00000E8
S21404B330E6670400406F040001FF00005DF10000B2
S21404B340276804004868040000FF00005DF1000060
S21404B35051680400AE6804000000FF00D9F1000044
S21404B360BC680400D5680400010001FF45F2000033
S21404B370FA6804003C6904000102FF00D9F10000E9
S21404B380526904008169040001000102FF00000004
S21404B39055EF0000B2690400EE69040007FF0000E0
S21404B3A075EF0000F4690400276A040001FF00003A
S21404B3B089EF00002F6A04007F6A04000100FF0082
S21404B3C0E5EF0000946A0400E56A04000101FF004A
S21404B3D0B9EF0000F56A04002F6B040001FF0000BB
S21404B3E039F00000376B0400806B04000100000194
S21404B3F00707FF0075F20000D26B0400276A0400FA
S21404B40001FF000075F300001A6C04005E6C040073
S21404B410010700010700FF00956F0300B36C0400EA
S21404B420F96C04000107000101FF0000FDF20000B2
S21404B430356D0400706D0400010000FFCDF20000BD
S21404B4408E6D0400D26D04000100FF009DF2000022
S21404B450E56D0400D26D04000100FF0045F3000012
S21404B460246E04002F6B040001FF0000B5F30000F7
S21404B4705F6E0400906E04000100FF00E5DC00002F
S21404B480044D04009E6E0400000707FF89DC0000DC
S21404B490044D0400B76E0400000707FF95E10000A2
S21404B4A0044D0400C36E040007FF000095E100008D
S21404B4B0044D0400C36E040007FF0000E76E03009B
S21404B4C0044D0400C86E04000000FF0071E1000093
S21404B4D0044D04004245040001FF000039E1000069
S21404B4E0044D0400006F040000FF000069DC000047
S21404B4F0044D0400044D0400FF00000069DC000055
S21404B500044D0400044D0400FF000000BD6E03005B
S21404B510044D0400044D0400FF000000BD6E03004B
S21404B520044D0400044D0400FF000000BD6E03003B
S21404B530044D0400044D0400FF00000039DC000044
S21404B540044D0400366F04000101FF0025DC0000F2
S21404B550044D04004B6F040001FF0000B96E0300A5
S21404B560044D0400044D0400FF000000EDDB000061
S21404B57074600400044D0400FF000000EDDB0000CE
S21404B580556F0400044D0400FF0000006DDD00004C
S21404B590766F04008D6F04000001000007FF0000B2
S21404B5A0B56E0300B36F0400044D0400FF000000F2
S21404B5B0E9DA0000CD6F0400044D0400FF0000002B
S21404B5C02F6F0300FB6F0400044D0400FF0000000F
S21404B5D0216F030015700400976E040000FF00003E
S21404B5E069E400003A700400044D0400FF00000003
S21404B5F0BDD9000054700400044D0400FF00000090
S21404B60051D9000077700400F470040000000310A1
S21404B610FF0000002DDA000049710400B771040031
S21404B62001FF000001DA0000CC7104000F72040070
S21404B63000FF000015D9000020720400044D040029
S21404B640FF000000B36E03004F720400044D0400B4
S21404B650FF000000F1D800009B720400976E0400FF
S21404B66000FF0000BDD80000DC7304003174040041
S21404B67000FF0000A1D800004B740400044D040031
S21404B680FF00000085D800005B740400044D04002D
S21404B690FF000000A36E03006F740400ED74040042
S21404B6A000FF000055D8000078750400044D04001F
S21404B6B0FF00000011D8000095750400C075040052
S21404B6C007FF0000D1D70000CA75040023760400E3
S21404B6D0000500FF89D70000D6760400E97604004A
S21404B6E00002FF0065D7000018770400044D04002C
S21404B6F0FF000000A36E03002A77040064770400AA
S21404B70000FF0000F9D60000EA7704003078040051
S21404B710000301FFE9D60000D0780400167904007F
S21404B720000301FFDD4C0100B6790400044D04005B
S21404B730FF000000B37B0300DE790400597A04009E
S21404B74002FF000095F70000AE7A0400477104007B
S21404B75000FF000061F70000D67A04004771040079
S21404B76000FF000011F70000EF7A0400044D040007
S21404B770FF000000E93E0100087B0400044D0400BD
S21404B780FF000000C13E0100557B0400044D040088
S21404B790FF0000004D3E0100807B0400A67B0400F1
S21404B7A000010100010102FF253E0100257D040081
S21404B7B04D7D040000FF0000053E0100747D04007A
S21404B7C0044D0400FF0000004D3D01009E7D040072
S21404B7D0044D0400FF000000857A0300B77D0400D2
S21404B7E0044D0400FF0000001D320100DD7D04004E
S21404B7F00E7E04000002FF00E77803006B7E040060
S21404B800044D0400FF000000E3780300987E040063
S21404B810044D0400FF000000D1310100B37E040093
S21404B820DD7E040000FF0000912F01000D7F040060
S21404B830044D0400FF0000000D1B0100207F0400DF
S21404B840044D0400FF000000F51A0100387F0400D0
S21404B850044D0400FF0000005F780300517F0400DD
S21404B860044D0400FF0000004B7803007E7F0400B4
S21404B870F87F040000FF00009D2E010037800400BE
S21404B880044D0400FF0000008D2D0100AF8004006D
S21404B890044D0400FF000000B1190100F380040009
S21404B8A0044D0400FF0000009519010010810400F7
S21404B8B0044D0400FF0000000D1A0100BB810400C3
S21404B8C0044D0400FF000000011A01004982040030
S21404B8D08E82040000FF0000CD190100C58204001A
S21404B8E01683040000FF0000F917010049830400D2
S21404B8F0044D0400FF000000910C01007583040051
S21404B900DE8304000000FF00910C01003384040071
S21404B910958404000000FF00310D0100DA84040061
S21404B9200D8504000002FF00B97703006285040059
S21404B930B085040007FF0000650E0100CC850400F6
S21404B940044D0400FF000000790C0100F08504009B
S21404B9501586040000FF0000850D01006E860400B5
S21404B960044D0400FF00000049060100AB860400F5
S21404B970044D0400FF00000011060100D5860400F3
S21404B980044D0400FF0000009176030010870400B5
S21404B9907F87040000FF00006DFF0000D0870400CE
S21404B9A04F88040000FF0000837603009588040097
S21404B9B0E788040000FF0000637603002E89040075
S21404B9C07B89040000FF000059760300C589040043
S21404B9D0038A040000FF000053760300138A040061
S21404B9E0038A040000FF00004D7603003A8A040030
S21404B9F0038A040000FF000047760300618A0400FF
S21404BA00038A040000FF000041760300898A0400CC
S21404BA10038A040000FF00001D760300B28A0400B7
S21404BA20044D0400FF00000023760300D48A0400BB
S21404BA30044D0400FF00000015FA0000FC8A040010
S21404BA40358B04000001FF0041FA0000568B040009
S21404BA50044D0400FF0000001F760300818B0400E1
S21404BA60044D0400FF000000FDF900009C8B040058
S21404BA70044D0400FF000000B9F90000B78B040071
S21404BA80E48B040000FF0000A1F90000FF8B040013
S21404BA90044D0400FF000000E9E100002A8C0400C5
S21404BAA0044D0400FF000000E9E10000518C04008E
S21404BAB0044D0400FF000000D9D60000628C040088
S21404BAC0044D0400FF000000A5D60000778C040097
S21404BAD09E8C040000FF0000A5D60000AE8C040077
S21404BAE09E8C040000FF00003DD60000D58C0400A8
S21404BAF0044D0400FF0000009B6E0300F08C04005D
S21404BB00044D0400FF00000099D20000138D0400C9
S21404BB107D8D040000FF000079D20000A08D040093
S21404BB20044D0400FF00000061EE0000068F0400D0
S21404BB30938F0400010000FF45ED0000B08F040061
S21404BB400490040000FF000079ED00001990040042
S21404BB506B9004000100FF00E5EC000081900400F7
S21404BB606E9104000107FF009F6E03007E9104009F
S21404BB70044D0400FF00000045E600008F91040019
S21404BB80A1910400000101000007FF003DE500004C
S21404BB90DC910400ED91040000010100FF000000A8
S21404BBA079ED00003C9204004D920400010000FF71
S21404BBB0B5E400003C9204007F92040000FF0000FD
S21404BBC03180010090920400044D0400FF00000040
S21404BBD0CDD20000DC920400044D0400FF000000F7
S21404BBE08B9C0300044D0400044D0400FF00000079
S21404BBF0558E0100044D0400044D0400FF000000AF
S21404BC00198E0100044D04002193040002FF000075
S21404BC10C595010029930400044D0400FF000000AC
S21404BC205195010055930400789304000200FF0028
S21404BC300D9D0300A1930400044D0400FF000000C2
S21404BC402D950100C3930400E193040002FF000055
S21404BC5005950100F6930400E193040002FF00003A
S21404BC60010000000C4E0020000000000000000050
S21404BC70FFFF0000FD750300000000000300000045
S21404BC80FFFF0100717603000000000004000000BE
S21404BC90FFFF0100FF760300000000000400000020
S21404BCA0FFFF00008377030000000000060000008A
S21404BCB0FFFF0000F57703000000000019000000F5
S21404BCC0FFFF01008B780300396504008C6B0020AD
S21404BCD0000000000000000000000000000000005B
S21404BCE04D9404004CBD040000000000539404006E
S21404BCF0BC9E0400000000005A9404008CA00400BB
S21404BD00000000001E6304007CA004000000000085
S21404BD10639404006CA00400000000007594040002
S21404BD205CA0040000000000849404004CA00400FE
S21404BD3000000000959404003CA0040000000000ED
S21404BD400000000000000000000000005CBD0400CD
S21404BD50A7940400044D0400FE000000C2940400EE
S21404BD6074BD040000000000000000000000000095
S21404BD70000000001FA10300C7940400044D040043
S21404BD80FF03010001013F040201003F0402020018
S21404BD903D040202003D040102000102000301000A
S21404BDA002023D0402010002020201000202000037
S21404BDB00020202020202020202028282828282072
S21404BDC0202020202020202020202020202020206A
S21404BDD020881010101010101010101010101010D2
S21404BDE010040404040404040404041010101010C2
S21404BDF0101041414141414101010101010101018C
S21404BE0001010101010101010101010110101010DD
S21404BE10101042424242424202020202020202025D
S21404BE2002020202020202020202020210101010B1
S21404BE3020000000000000000000000000000000D9
S21404BE4000000000000000000000000000000000E9
S21404BE5000000000000000000000000000000000D9
S21404BE6000000000000000000000000000000000C9
S21404BE7000000000000000000000000000000000B9
S21404BE8000000000000000000000000000000000A9
S21404BE900000000000000000000000000000000099
S21404BEA00000000000000000000000000000000089
S21404BEB00000000000000000A0010000981400200C
S21404BEC000021000A85200203816002000000208C5
S21404BED000000000FFFFFFFFFFFFFFFFFFFFFFFF65
S21404BEE00000000000000000000000000000000049
S21404BEF00000000000000000200000009DC10100BA
S21404BF00100000007DC201000000000100000101D5
S21404BF100001010120C001B800000000000000007C
S21404BF20FFFFFFFFFFFFFFFFFFFFFFFFFFFFFFFF18
S21404BF30FFFFFFFFFFFFFFFFFFFFFFFFFFFFFFFF08
S21404BF40000102020303040506080C0C0C0001029F
S21404BF5003040707C8C8C8C8C8C8C8C8C8C8C8C863
S21404BF60030404080808080800B801B802B800B0BA
S21404BF7054DB04003CDB040003040408080500004A
S21404BF8000000000000000000000000000000000A8
S21404BF90EA06000048704C0F44700E0E30707E1394
S21404BFA002989A173870340F34705A0F307048104D
S21404BFB02C7048102870D0112470E81120703E0FA1
S21404BFC01C70901218700C1314703A0FB11008609D
S21404BFD001D80A7104B87F78020C7E78641000C613
S21404BFE0881F00A01DB8707803B018600F3027B300
S21404BFF00F330111C04806987C0229B0086001D8A6
S21404C000087109DD047109BB11101660A0480860A8
S21404C01004100112FF3221500860D04808600088DE
S21404C0200698381400C4441F00A000BA03DF107139
S21404C03009DF0672029836031DB8507800A0441330
S21404C040281441158110086002D8147110880698C7
S21404C050201900C014C000B80698861B00910698E4
S21404C06092020160B83020D806711EBC637C784DFD
S21404C0705412F03240DE0472404804DB08720DDDD0
S21404C0800C72044BEF3014480698F20400C4E040E7
S21404C09000544412086201322140087C811140D9C0
S21404C0A01C72B1123032CF4A013AB1DA107208D893
S21404C0B0067104D80871804C237C5670684C441270
S21404C0C000C4A41E00A04414413AF3240164415C55
S21404C0D0412A047580B800C46040005481D8367183
S21404C0E040D90472237C084B0698F20404BA1CB99F
S21404C0F0767900C1204001B835797F216121007925
S21404C10006B906A901D8067102981002804C307C44
S21404C1100298640208D86A7100C1544000B8141129
S21404C12010D95E71584C441280BDA26DFF25784C20
S21404C1304412FC22513A2814104C00C20CC101B817
S21404C1402412281408622814086228140862281482
S21404C150304C304C00C11C4000B81411181408614F
S21404C16000C5284001B85415FF3504711049181449
S21404C170B04C441208620132067102980401804CE5
S21404C18008D80C7107BA24D8047106BA187004D8F3
S21404C1900C7101BA40D80E7102BA0A7005BA20D8DA
S21404C1A0047203BA204C4411C04C181408611814C5
S21404C1B09111383111429111186110D90472EF327D
S21404C1C000C1084001B8141110311E611142281430
S21404C1D0A1110861181406986C1B181400C10840B5
S21404C1E001B814111861FF31181400C1448001B855
S21404C1F01411181408611814308802480698940319
S21404C200009308DB047101F800A027B00F3000A0EB
S21404C2101088B111186180D90A7100C1884000B82D
S21404C2200811009100A000C4684000B8441000A0A3
S21404C23000C08840005004118261041082601050CF
S21404C240F07200A05415504512710698020506981F
S21404C250920407B8707802B841781EBA5B7A5C7AA2
S21404C2605D7A00C220C001B8241206982A1900C5B7
S21404C270481F00A05415511400C3FF010000313DAF
S21404C28009647F3406989C020158512804750158A5
S21404C29041280E758111086102D90472FF0FCC7013
S21404C2A007B8727800F8EBBD00C0441F00A0041164
S21404C2B0113D10D91271FF33186300C1781002B80B
S21404C2C0381107B97479581000A0069892020D30F8
S21404C2D00472044809DC0472084800C11CC101B891
S21404C2E0141100C3D01E00A0911504351A72181339
S21404C2F01CBB08D804716C7B04D804716A7B1DBB14
S21404C3002F7C5B7B1670044B18131CBB08D8047177
S21404C3106F7B04D804716D7B217C0C300260069818
S21404C3207E040698C40B00B8B111186140D9067291
S21404C3300298580401BC00C2084001B800DC0A7127
S21404C34024150265604A0A702C4A241508654C4A6E
S21404C350043508D90471202400C13C1F00A014121F
S21404C36000DC327120D8067101B80C70F0DA0C7259
S21404C3700CDB087102B806988604482400C33841CA
S21404C38001B834138F7B0E7102B9911308DB047263
S21404C39003B928707C4914111110FD300DDC1C7291
S21404C3A000C0A01E00A0041080D8107100C04480F5
S21404C3B001B80410E5200475804900C3884000B81D
S21404C3C0FFB80120114108710141181308240142E5
S21404C3D000C1284000B8141101411C655141911553
S21404C3E020351E65514118132813481300C3844092
S21404C3F000B8341003D81671073005DC1071B1107C
S21404C4008F780A7200C384C40350217B1DB8507809
S21404C41000B800C13C1F00A014121C602150F0306C
S21404C4200152281100A04024076400C0FFFF010049
S21404C430013C17B0022001584028067518AC01ECE0
S21404C44000A0208800C020C001B8041217B421132D
S21404C45004123052F8711964402400C35C1F00A013
S21404C460341014110698F60D1961009211592129F9
S21404C470067600BB11590698D60D8762313B0472C6
S21404C480215A412A00A000C2686000B8B8B91F61EA
S21404C4900D49181200A0308801B9116100C30000CC
S21404C4A0C0FF3110312800BC002D0C75115418AC97
S21404C4B001EC312DF470196451134155312C00935D
S21404C4C000A000C3C00FFEFF50B2313A014250AA8A
S21404C4D000A006983E07FFB0867808715CB86B78B3
S21404C4E06E7800C2548001B800C0D81F00A00410A3
S21404C4F00812B822217A237A52B8417801B80C601F
S21404C50021A809B819604CA800C0FFD1C1FF4FB2DA
S21404C510013A00C0002E300001424FAA24B86E78BB
S21404C520ACB9FFB004D804714CB923A90698A80581
S21404C53000C01390010006982E0500A00698020578
S21404C54019B81460FFB28C620F32826A21400698D2
S21404C5502E0549BC21B952B849B207DE2A7105DE58
S21404C5600871627C607C1D0C6179677864786B78EE
S21404C5706278657863786078617C010C010C687871
S21404C580020C69786C78020C00C22C8001B8277AF9
S21404C590287A267A6A78050C41790A0CB11040D8B4
S21404C5A006710298BA06784A2B7A327A584A247A5E
S21404C5B000C400011100404A00C0108400000812A4
S21404C5C0508800C584100100FBAD10BD01BB8A6B0A
S21404C5D021B9FAA9C44A1812217A227A00C0341F53
S21404C5E000A00410FCA88264411030300129F9A987
S21404C5F0F8ADFBB08260FBA80330A06521100448A8
S21404C60020EC237A0410037A184A2411DC4A0158D1
S21404C6100029241004753150F8B1115081632A7131
S21404C620514031400812FCB18461FCA90F310E71EF
S21404C63017B0112817B111591028FA76C44AF9B15F
S21404C6401812217A227AA07000950812F8A800C25F
S21404C6500C8001B8207A844A00B80812020CA44A56
S21404C660087A020C21B84178784A0B7A127A00C20A
S21404C670C81F00A0FFB008D80472184A241000DCB3
S21404C6800A7140A80422241041A806989C0200C2FD
S21404C690481F00A02410015100C4FF0100004139C6
S21404C6A01150081200A006983E0700BC00C20C8079
S21404C6B001B8217A52B84978020C4878020C49B875
S21404C6C0417852AC21AC204A087A067A077A49ACFB
S21404C6D000A059B840785AB101D9FC72427857B8CC
S21404C6E0407858B101D9FC72427800A000C20C8090
S21404C6F001B8217A227A21B8547852B8BC4A241157
S21404C7009979127107B915614CA9617800BB03BC0D
S21404C7100C64147009B919614CA9417801BB126301
S21404C72000C4002E300000C0FFD1C1FF4FB1013954
S21404C73041414FA9E44AC8B8081224AB4CB823A810
S21404C7400698A80500C004900100FFB1867904711C
S21404C750084806982E0500C08009004040A809B87D
S21404C760FFB108D9047103B853A8B11004D80C71EA
S21404C77056BB607B57BA627A607A02D80C7156BB95
S21404C780607B59BA627A607A04B86E783DB860788D
S21404C79000C05638000000C1B08001B81411997961
S21404C7A0087200C0D604000000C124C000B81411EA
S21404C7B09F79047208484CA82EB8FFB108D90671B0
S21404C7C04AA804704BA80FB834A800C00C5E00003A
S21404C7D046B2014246AA00C12C4001B814110861B1
S21404C7E00631087100B90698501106983E14B11126
S21404C7F001D90E710698921B02D906720698A00CEF
S21404C8000698381451140698920406982A11069825
S21404C810641700A006984E1701D80A711CB85B78F6
S21404C82007B8757800B84CA84AA84BA800C0F321EE
S21404C830FFFF46B1013946A904B86F7800A0FABCD8
S21404C8401964415C512C00C0581F00A00410012C30
S21404C8500675069892040698780FB110186005D8E5
S21404C860327140BA06980E1404B86578911004D84C
S21404C87016711CB86E7800C0684000B82178069817
S21404C880781101400A721DB8427806984A14029834
S21404C8905E0B1DB8717804B86C7841B8427863783A
S21404C8A04478FFB104D906720298CA0900C00490FD
S21404C8B00100FFB186790471084806982E0500C366
S21404C8C02C1F00A000C274C000B82414481300BC77
S21404C8D048121C4B1C4A2414481300BC4812084B2C
S21404C8E0584A2414481301BC48124ABA447A427A75
S21404C8F04BBA447A427AFFB086780472617A4CBAAC
S21404C900647A657A3DBA607A4DB942B83FBB5B79C2
S21404C91066796179020C6479050C63796079050C93
S21404C920627965795A7900C2340102B8241305B8CD
S21404C93019603140081242B86A78020C4A78020C30
S21404C94040BCFFB208DA06714ABA06704BBA627A7D
S21404C950657A677A667A6A79667B0298A40A00C35F
S21404C9602C1F00A000C274C000B8241448131C4B2B
S21404C9701C4A241448133FBC48121C4A00BC4812E4
S21404C980084B444A2414481301BC48124ABA647A31
S21404C990627A4BBA647A627AFFB3867B0472617AEF
S21404C9A04CBA647A657A3DBA607A01D94E71647875
S21404C9B000C1708001B800C0800008000811069805
S21404C9C0860B42B861784DB97F797E796A78687843
S21404C9D06278020C7B790F0C7A79140C747941789E
S21404C9E060787579050CFFB208DA06714AB80470E7
S21404C9F04BB8657801BC1664407002D93C71069841
S21404CA00860B42B84DB96878407841787F797E794C
S21404CA107B790F0C7A79140CFFB208DA08717179F5
S21404CA204ABA067070794BBA7279657A6A78020CDB
S21404CA304A78050C01BC1664020C417940790C0C4A
S21404CA4000C04C0102B848100698F20400C47840AE
S21404CA5000B8007C00C0A01E00A0041180D932716A
S21404CA60911104D92C727F2021200411FD310DDD93
S21404CA70207200C0448001B80411E521147600C079
S21404CA80244001B804118A790871207C104C207C5B
S21404CA902AB86278511400C0581F00A00410012C54
S21404CAA017B001118768015841280E760521876959
S21404CAB0415C412D112D06700698920442B84DBB78
S21404CAC07C7B6478020C29B8687851144044067557
S21404CAD00698920442B844782AB84278FFB101D93D
S21404CAE00C7100C1548001B8CBB80811911004D859
S21404CAF0147100C0A01E00A0041080D8067107B8E8
S21404CB00537800F807B800C1CC1E00A000C220C0AD
S21404CB1001B824122811777800F8B1109478387187
S21404CB2006989C02E4B911591128067600B80C70D0
S21404CB30A0B9115901290475A0B8826000C3C01FAA
S21404CB4000A03413012B341000C3FFFF00FF42B1D2
S21404CB503139114042A800A01DB09178FA7142B84C
S21404CB606478020C00BA29AA00C4548001B842B8FA
S21404CB704DB900C3C04001B83413977B047240EC2F
S21404CB80020C44785C7953AA0A0C281442B84DB9AE
S21404CB90FFB301DB2671244C00C3FF0FFF013814DA
S21404CBA05479407841785579020C5B795A79140C9B
S21404CBB05F795E794A784278347002DB1471527970
S21404CBC051795079020C5B795A795F795E791E70D7
S21404CBD004DB1A7100C4FF07000000C3342102B846
S21404CBE048133FBB467B020C5B795A793DBB407BBE
S21404CBF04CBB447B457B00C3301F00A03414403C30
S21404CC00207100C068C000B8481028131C4B1C488C
S21404CC10341448102813144B44483414481028136A
S21404CC204AAA4BAA04B86D781DB851785CB84B78FC
S21404CC304E7800A000C074C000B80411108800B973
S21404CC40181068480411108801B90B6118102C4894
S21404CC5004111088008800C1231C000018104AB86C
S21404CC6064784BB86478260C28B000C1FFFF0FF038
S21404CC70113871B90B61114028A828B973797479F1
S21404CC8000C21010303045AA54790E0C00C0E8409B
S21404CC9001B8041100C23030101045AA0E0C04105E
S21404CCA0008810880698620D0091009020888F6195
S21404CCB08F600698620D0090886A21400112906A7F
S21404CCC0035800C13F3F00001138FFBC022441282E
S21404CCD01138014245AA28B953794AB844784BB862
S21404CCE0447800900091181000912C481810009178
S21404CCF06848181000A09168436091694361115B0D
S21404CD00012B112841603128315B00BA30280676A1
S21404CD103128204A4163302806763128104A416378
S21404CD20302806763128084A4163302806763128AA
S21404CD30044A4163302806763128024A4163302883
S21404CD400476014A00A0115910D9067108600860DB
S21404CD5008D90471086004D90471046002D9047106
S21404CD60026001D90471016000A000BA01D80671FE
S21404CD700148112A1F61016001D8F6720138F67263
S21404CD8000A000C220C001B8241211592129127330
S21404CD9000210E7100C238C001B8241201212129D5
S21404CDA000A002B020D8147100C0B01E00A0041069
S21404CDB002B9457906987613EA7003B09F7808722C
S21404CDC000B806A800F806983E0700C5641F00A031
S21404CDD05088044D1CBC00C0B41E00A0811101D9AB
S21404CDE01E71407C009501150C4D5088044DFFBB08
S21404CDF01863315B04110698EE0D3129F875069810
S21404CE00681A54150698921B01D908720698580792
S21404CE1006700698F4071CBB547B06984E1701D878
S21404CE20067202981A0FFFB901211038F6728112A1
S21404CE309B7AF07100C2448001B8241400C0C01E5E
S21404CE4000A0041001130020041040500C7200B916
S21404CE500698280F18B90A7018B90698280F00B94A
S21404CE6000B806981E0F704A08B806981E0F00C22F
S21404CE70284000B814B806981E0F00C2EC4001B84B
S21404CE800CB806981E0F202210B806981E0F10889D
S21404CE90308806985807009300910698280F00C01B
S21404CEA0C41E00A00412FFB90121214118100095E8
S21404CEB000F8312811280410081200A004B83128FC
S21404CEC01128F8B1181000A0069880080E7006986D
S21404CED0C40B0698800806987212069812079112D8
S21404CEE0211900C02C4001B80A78097800F810B956
S21404CEF001BA0698041406982A110698641700C501
S21404CF00641F00A081109D78FC7200F89112033211
S21404CF101CB900C3A01E00A0341300C4B0400054C3
S21404CF201DB84278707903DE067144783A707179D8
S21404CF30A11020D806710298541080DB1C7102D808
S21404CF40187205B80814A11010300248081400B866
S21404CF5008149110086008141DB86278A11000DC4B
S21404CF600676517900BA06984E1701D822729111A6
S21404CF7020311D61911004D80E7200C1501F00A00C
S21404CF80141101D90A71208806985011009200C124
S21404CF90204000B801DB1871084C03DE0471904C85
S21404CFA0441400C3FF1F0000413BFF23381194497B
S21404CFB000C3384101B83413086380DB0C7103BA2C
S21404CFC0186206983C100870186206983C100C49C3
S21404CFD00879097914102140081100A000BD0698AC
S21404CFE0760210B903DC047100B901BA0698041479
S21404CFF002D9067100404E7203B118610F310698CB
S21404D0007811FFD82872811008D8187106DD0A71C5
S21404D0100698760203DC0C720698BC1106984A142D
S21404D0200C7006DD10710698C211487020B804A86A
S21404D03006DD1072069880080698120701F840B8B4
S21404D04004A800F800C0A01E00A00413086301DBB7
S21404D050227191100111186111381DB910D8087188
S21404D06044790298541002DBFA72A11328DBF47296
S21404D07003BD06981E11069880081DBA7F7A069886
S21404D080F20400C5681F00A00698760200BA03DC06
S21404D0901672044DA11002D804711C4D00C10CC1B7
S21404D0A001B80698AE045415212D06983E0502983C
S21404D0B0AA089110015503355150011900A000C16A
S21404D0C04C1F00A0141001D8427101480860FE20CD
S21404D0D00E75811020D8087100C1501F00A01411CD
S21404D0E001D9287100C02C4001B8041221510861EE
S21404D0F00F3118611152281000C0084001B80411FD
S21404D1009112215120311152211900A0811380DB84
S21404D110067201B800A000C314C001B8341006306B
S21404D1202E726C4B34121C4B341018600230207272
S21404D130811080D8DE713410014A086204608030A1
S21404D14021508C480A717F234D233410013000A0EF
S21404D15000BD06981E111CB847784578437802B877
S21404D160447800A0069880080698BC1100C5741F71
S21404D17000A0541506983E050298AA08B1138F7BA2
S21404D1800A7200C384C40350017B06983E1400C18F
S21404D190384101B814118F790E7100C1B84000B837
S21404D1A000BA06983C1050BA06980E1406987811E1
S21404D1B0FFD84A71911004D84872811008601CD8B0
S21404D1C0407220D938721112FF32215134718021F5
S21404D1D08021111400C0D81E00A00413FFBA3151D8
S21404D1E0113A215111531DB938107B7940440E72FF
S21404D1F000B900C2AC1E00A01812067004B860780D
S21404D2000698381400F800B900C2A4400054181256
S21404D210644A0AB918121CBA507A517A1DB942796E
S21404D2205F7900A00698760207DC10729110002041
S21404D2300A75069872120298660F0698120701B9C4
S21404D240911004D8047100B910BA0698041400BAF0
S21404D2500040347100C0A01E00A00411086101D96A
S21404D260127104D9E2728110086001D8DA711DB80F
S21404D270647800C11CC101B80698AE0401B81160F8
S21404D280002A047600BA00C5781F00A05415212D84
S21404D290069872120698580700C57C1F00A000F86E
S21404D2A000BC811108D9167280D9207201B910BA4F
S21404D2B00698041400400E7101BC10700698BC1148
S21404D2C006984A1420B804A800F806987212811129
S21404D2D00231127100B900C2144000541812244AD4
S21404D2E002B918120698BC1100C5801F00A0541578
S21404D2F00698F01A0298AA080411012114711CBA9F
S21404D300737A042004122811042004110121F472F3
S21404D31000A00698F20401F806984E1701D8167174
S21404D320FFB9012110380E7281109B78087104B978
S21404D330677900F8911010D8287100C51CC101B88F
S21404D34054110698EE0D00C5C81E00A054155129A8
S21404D350EA7507B876781DB8447801B804A800F8CA
S21404D360B110186010D82E7100C05040005400C38D
S21404D370084000B83114984C44113411086101D99E
S21404D380FA714412281008622810086228100862ED
S21404D3902810E8700298B0020698920211380472B7
S21404D3A01E6202BB00C1D81E00A0141120390C72E4
S21404D3B0911210DA0672417B00A006983E1400C251
S21404D3C0A01E00A0241220DA0472617B1CBA527AD2
S21404D3D000A01CBA727A811204DAFC7200A01CB88F
S21404D3E06B7800C0684000B82F7800A006984E17E7
S21404D3F001D83A7100C22C4001B824100360911180
S21404D40020310151383111501D6008121DB945797B
S21404D41000C2448001B8241200C0C01E00A004103C
S21404D42018200020041020500471657910631EB97A
S21404D430637900B902EC00CD114502EC00CC01DBA7
S21404D440087100BB0298D61803B841110731FA21B7
S21404D4501C760621911210DA087102DD10721E7015
S21404D46020B80698B20D3038147208B806987E04B0
S21404D47000C02C4000B82978207800F8056020D831
S21404D480067102980C1602EC00CA05B823DA187165
S21404D49004DBDA7120DAD67110DAD2721EB861783B
S21404D4A000B801DA067202EC00C8911110D9267190
S21404D4B000C1B81E00A014111150FF300C72076191
S21404D4C0A110115002300A7180DB0A720AB89E70ED
S21404D4D01DB97C791860911111402111C031114099
S21404D4E001191EB8411108D90471667820D904724E
S21404D4F06578A11002D80672C0DA1E711EB82731EC
S21404D50023DD087210DB1072607825DD0A7121DDD8
S21404D510087208DB0471627803B841110731087297
S21404D520A1152035AA7102DD2072A11120D9A0719F
S21404D53002D91672CCDA9872411140D9927206B8A2
S21404D540054D5A720298AE1421114049C0D94C7147
S21404D550A03141154035026551410461086308DA7B
S21404D5601E7204DA36721049A1150235067110DBF4
S21404D5700E7201340A7108DB22711EB86778CC3249
S21404D58011101A300ADC0872CCDE0471FD3100C0BA
S21404D5900D0F0C0D216001D85C7207B80298D814E0
S21404D5A000BA411108D90C7102EC00CA05B830DA89
S21404D5B0EC720734F031036101DA0471014900C0EA
S21404D5C0F300A3E3216001D8D27100C09814406828
S21404D5D021604030014440DA0471204C0432026277
S21404D5E0204A111006301F60014218311D61114295
S21404D5F00298F614204A00C005170850216011301E
S21404D60001422088FFBB0DDA507100C1DE1B2501E4
S21404D61080BC04DA107208DA0A7200C12084100092
S21404D620E024A02408634143026401DA06711E491B
S21404D630024B00C0201F00A008633810BC2002DA8A
S21404D640127101B91159A11380DB087100C100FCE5
S21404D650FF0118100298621800C4A01E00A044100F
S21404D66080D87C710092D0DA06710DDA0C711EBD7A
S21404D670437DEFBD0698140304620DDA8672A11189
S21404D68005D95C7100C240400054241214242814A6
S21404D69001D9067202D9327140D91E7102EC00CA51
S21404D6A0211018320471FA2220D804720822FE22AD
S21404D6B0087502EC00C8F87001D90E7102EC00C8B7
S21404D6C002D9067204DC187200C0A01E00A0041062
S21404D6D01D6001D806711EB8647807B8737802987E
S21404D6E0D61800C0A01E00A0041080300A7100C026
S21404D6F0C41E00A0041000A006984E1701D82E7170
S21404D700911010D828728110A0D8227203B08478A1
S21404D7101C7200C12C4001B814100DBA487A697AFC
S21404D7206B7A08111CB87B7807B8757800A064106B
S21404D73000C6881F00A0C3B806987C0200C4441F15
S21404D74000A014BA281400B8011AB1108F780A720F
S21404D75000C084C40350017891101030011905BA32
S21404D76006980E1402D9067101B804A800C0A01EBB
S21404D77000A004130698641180DB067102985814FE
S21404D7801DBA7C7A01DB6A7100C2241F00A0241132
S21404D7901114FF3402EC00C8FF24FA7608610698D8
S21404D7A0C20D046111380F300461111401114110C7
S21404D7B00698C20D01D8087203B80298D8140C4A09
S21404D7C001DB22712410112811280412023004717E
S21404D7D0106200C0FFFF0000213800C2204000B8DD
S21404D7E0FF200812411008600698C20D01D87C710B
S21404D7F020BC1033767100BB00C1201F00A0141596
S21404D800C021112C511218620F320E714088511427
S21404D8100698FA1841430094511208651C620F32A8
S21404D8200E71411151140698FA181C644143086598
S21404D830513B00C1DC1E00A01411111231100F3030
S21404D840127100BA056101D80471114201600FD843
S21404D850F472311003601E30047201B8003A087284
S21404D86004B80298D8140298C41600C0384101B807
S21404D87004118F7914717F206920041108613031F6
S21404D88010DD06711DBA637A0698120300F8308814
S21404D8905088FF34087102ECFF24F87002EC00CDC7
S21404D8A01410595001440421FF22F2720F4C0095C3
S21404D8B0009300A000C1A81E00A0141100A0308888
S21404D8C00698421B8111086102D906720298061A4C
S21404D8D01CBB557B086120D906710298F61900888E
S21404D8E0A11018600698201908211415FC251EBBE3
S21404D8F05C7B5D7B00C1084001B814110731FE2132
S21404D900307608D82A725113FC23341304DB2071B2
S21404D9101863FF33315B00C110C000B814110861EE
S21404D92080490C71FF31302954751EBB7B7B107007
S21404D9307B7B7C7B00DD04717D7B01BB3815EC258D
S21404D940541300DF5471042505DF54715415211156
S21404D95020880698EE0D009251293E7500C10840B5
S21404D96001B8141102DB0C710731315B31292A76B8
S21404D9700C7004DF0872016180D91E7206982019A3
S21404D98000C010C000B80698861B0698201914110B
S21404D990FFD9607202984C1A0090009300A05415A8
S21404D9A0A111186110D9A672082508D8A0710825F7
S21404D9B010D89A71208821110698EE0DFC25541271
S21404D9C0112AF82554110C2520D80871F025541175
S21404D9D01025202904762159181500920298B819A2
S21404D9E007B97179811010D80A711CB8447802B846
S21404D9F041781CB9747904B9677900F88110A0D805
S21404DA0008711CB9497900A0086002D8FA71069812
S21404DA102019108806983E14106210DA087108213E
S21404DA201415F025541100C20020FEFF202912759B
S21404DA300698921B01D90A7206988008069812075F
S21404DA4000941CBB41100C20069864134111082155
S21404DA501410069864133128441111120861FF311A
S21404DA60FF32012210521072186118140424441351
S21404DA70042438140C70186121411814082408145E
S21404DA80029838144044147100C1AC1E00A014154A
S21404DA9051131C630FDB0C721965069802054115B9
S21404DAA000A000C3784000B83413807B0672069842
S21404DAB0120706983E1408BB51140698B01A44156B
S21404DAC0FC25541500C3784000B83413807B0471D9
S21404DAD000A002983E051CB900C3A01E00A0341383
S21404DAE0086308DB1A718113A0DB0671497910708C
S21404DAF06979086302DB087204B9677900F800A044
S21404DB008111086102D910711CB97579069820191B
S21404DB101411FF3100A0FFB900A00410082114114D
S21404DB20F421081100A08111106110310E710698BD
S21404DB30201908211411F821141100A094DD040002
S21404DB40000000006CDB0400010000000000000080
S21404DB5000F0490294DD04000000000090DB04009D
S21404DB60010000000000000000F04902B4DB0400DD
S21404DB704063598F404B4C000B000B001A00FF7F8C
S21404DB80206C00200000000036E0040000000000C6
S21404DB90A4DC04004063598F404B4C000B000B0080
S21404DBA01A00FF7F206C00200000000034E0040010
S21404DBB000000000FC1F010394DF04001CC00110D9
S21404DBC000F807001CC001301402080050C0010011
S21404DBD087413004244006010700620038700000C4
S21404DBE000000000000000030068010F40B8244055
S21404DBF058400101FC006900804005012363E011E0
S21404DC009BC34A74F003000003800000BE0A0000B1
S21404DC10E040010133000000F0400401590B00000D
S21404DC20640483078813C83A90200A002841010137
S21404DC30001E00003C410B0100148C00141A21281D
S21404DC402E343B42495043557698BA0C2869000056
S21404DC50010000000721286414171A002004C8696C
S21404DC60A1203A093C42010129000000A0800201DB
S21404DC7070780300D5C00000A8800111F0010000F0
S21404DC80A88001310542CB01AC800111F0010000EF
S21404DC90AC80013105228D00B08001010003000232
S21404DCA0FFFFFFFFFC1F0103E4DF04001CC001109C
S21404DCB000F807001CC00130F502080050C001003F
S21404DCC08741300C2440060107C0520000000000C3
S21404DCD00000000000000003000000000000000038
S21404DCE0584001016402FF00804005014B01A00872
S21404DCF09BC34A74F003000000000000000000000C
S21404DD00E040010133000000F04004010000000080
S21404DD10640483078813C83A9C200A00284101013A
S21404DD20031000003C410B0100000000000000004E
S21404DD3000000000000000000000000000000000DA
S21404DD4001000000000000000000000000000000C9
S21404DD50000000003C42010100000000A080020117
S21404DD6070780300D5C00000A8800111F0010000FF
S21404DD70A88001310542CB01AC800111F0010000FE
S21404DD80AC80013105228D00B08001010003000241
S21404DD90FFFFFFFF0C400200018014007F400000DC
S21404DDA02040020000000000000000003040070091
S21404DDB0000000000000000000000000000000005A
S21404DDC00000000000000000A00700005040010012
S21404DDD0000000005C40020000000000000000009C
S21404DDE0A840010007000000B44004000040000002
S21404DDF0FF4C000000410000FF4D000008C0010079
S21404DE000000000020C00110FF00000020C0013008
S21404DE100043000024C00400EC80B3034375A8024A
S21404DE20000000002E02000054C003000E2D09E678
S21404DE3054060708D1B6020064C008000430000087
S21404DE4040201006C8F248181FE8F600BD4B7215AD
S21404DE5011A3180510325476980A000088C00100F1
S21404DE60000000000800010104070000180001017A
S21404DE700000000020000101088400001C4002018C
S21404DE801000000020F913045C400501410800005E
S21404DE9001000000B0070800A70000000000000012
S21404DEA0944007010101103050707F7F000000008D
S21404DEB00000000000000000000000000000000059
S21404DEC0E440010100000000EC4001017DA8D98B6C
S21404DED00041020100612000B75635120C410301CF
S21404DEE0F95412002030042988BB40002441010163
S21404DEF000000000304103016406660C0C010000BB
S21404DF00E853FA0068410301640483078813820017
S21404DF100000000030420301000000000000000E74
S21404DF2000000000444201010000000010800101CE
S21404DF3003000000388002011149100001000000AF
S21404DF4088800101000000009C800101EB40020073
S21404DF50B48001013700000188000202000C0004AE
S21404DF604C0000009400010200040000D0000202ED
S21404DF700E00000090029608E40001023D094204E7
S21404DF80F4000102000000001801010260005102C2
S21404DF90FFFFFFFF12000000666666000000000038
S21404DFA048E0040038E0040000000000001A9A006C
S21404DFB0005A620280841E000420FE0011495002AA
S21404DFC00000000000000000000000000000000048
S21404DFD000000000B1841E000000000000000000E5
S21404DFE000000000120000006666660000000000E4
S21404DFF048E0040038E00400000C0000001A9A0010
S21404E000005A620280841E00042000001149500257
S21404E01000000000000000000000000000000000F7
S21404E02000000000B1841E00000000000000000094
S21404E0300000000005040000E1190000E1190000DA
S21404E0400000000000000000193F01060410010053
S21404E050000101060010270000090000000000006F
S21404E06000000000E1CA010091CA01009DCA010037
S21404E0708DCB0100C5A603005FAC030063AC0300B0
S21404E08067AC03006BAC03006FAC03000001030431
S21404E09064EE01001000000024E101001A000000F4
S21404E0A079EB01001100000075E401001100000086
S21404E0B063E511000400000023E1110004000000E1
S21404E0C025E101000800000026E101000A00000026
S21404E0D027E101000200000000000000000000002C
S21404E0E050E204003FE204000000000051E2040095
S21404E0F07BA504000000000075A5040077A50400B5
S21404E1000000000079A504001DE2040066E2040095
S21404E1107CA5040076A50400000000007AA504008F
S21404E12034E1040073A5040074A5040078A5040073
S21404E13072A50400000203040508090A0B00010284
S21404E1400304051D2000B40108020200AA00FFFF14
S21404E150FFFFFFFFFFFFFFFFDD0803001528020097
S21404E16081570200013C0300915A020091B3030058
S21404E17093B3030095B3030097B30300C9D2020018
S21404E18039A80200E1EF02009D350300A147020012
S21404E1908DB30300C5AC020051260300B538020057
S21404E1A08FB30300419C0300AD3F020017710300C8
S21404E1B00000000000130000000000000000000043
S21404E1C00000000001000000ADB0020002000000E4
S21404E1D007C503000300000005B0020004000000A9
S21404E1E081C4030005000000A5AF02000000000083
S21404E1F0000000000023001B2200FF0000000000B7
S21404E2000C090202000000001C1A0B0303FF060898
S21404E2100402020204020A0B030302030480FF0240
S21404E22004FF010101010800000000000000005A7C
S21404E2306967426565416C6C69616E6365303980F7
S21404E2400000183810300000000000008F8E8C800C
S21404E25081815A6967426565416C6C69616E636564
S20C04E260303906080C1080009A
S20C04E268746AFB7F010000004C
S21004E2707CE20400E8670020E8010000DF
S21404E27C0000000000000000FFFF0000010000008A
S21404E28C0000000000000000000000000000000079
S21404E29C0000000000000000000000000000000069
S21404E2AC0000000000000000000000000000000059
S21404E2BC0000000000000000000000000000000049
S21404E2CC0000000000000000000000000000000039
S21404E2DC0000000000000000000000000000000029
S21404E2EC0000000000000000000000000000000019
S21404E2FC0000000000000000000000000000000009
S21404E30C00000000000000000000000000000000F8
S21404E31C00000000000000000000000000000000E8
S21404E32C00000000000000000000000000000000D8
S21404E33C00000000000000000000000000000000C8
S21404E34C00000000000000000000000000000000B8
S21404E35C00000000000000000000000000000000A8
S21404E36C0000000000000000000000000000000098
S21404E37C0000000000000000000000000000000088
S21404E38C0000000000000000000000000000000078
S21404E39C0000000000000000000000000000000068
S21404E3AC0000000000000000000100000000F00166
S21404E3BC080000007810002001002301040000006F
S21404E3CC801000200600300101000000841000209C
S21404E3DCFFFFFFFFC0EA2101C0EA21010080000014
S21404E3EC00F049026069002000600B000080000009
S21404E3FCCC360020C8000000FE0000000000000020
S21404E40CAC96040088100020FFFFFFFF609A0400FF
S21404E41C33000000E1F5000033000000E77503004C
S21404E42CF3150400F7150400041604001116040072
S21404E43C1E1604002B1604003E1604005016040088
S21404E44C5D1604006A160400771604008C16040085
S21404E45C9F160400B1160400C6160400D516040054
S21404E46CE6160400F516040005170400111704003C
S21404E47C1E1704002E170400401704004F17040040
S21404E48C5E170400671704007C1704009117040039
S21404E49CA6170400C6170400D4170400F3170400C8
S21404E4AC0E180400211804002E1804004318040047
S21404E4BC521804006118040073180400851804002C
S21404E4CC98180400AB180400C118040000000000DF
S21404E4DC0F000000FF000000000000000000000019
S21404E4EC0000000000000000000000000000000017
S21404E4FC000000000030E70400C8180332210400B2
S21404E50C37210400642104008F210400BD2104007B
S21404E51CEB2104001A22040047220400772204008C
S21404E52CA7220400F7220400FFFFFFFF00F80300F5
S21404E53CFFFFFFFF0000040000000400005C26053B
S21404E54CBC6A00200600000068BC04000000000042
S21404E55C01001900010000005442002001001900BB
S21404E56C01000000544200200100190001000000C4
S21404E57C54420020010019000100000054420020FF
S21404E58C010019000100000054420020010019008B
S21404E59C0100000054420020010019000100000094
S21404E5AC54420020010019000100000054420020CF
S21404E5BC010019000100000054420020010019005B
S21404E5CC0100000054420020010019000100000064
S21404E5DC544200200100190001000000544200209F
S21404E5ECD04600200000000000000000E0A5040057
S21404E5FC0C4E0020706B0020CC5000203594040088
S21404E60C06000000000000000000000000000000EF
S21404E61CC8BC0400E0BC040040940400044D040090
S21404E62CFE000000A06B002000000000DC50002060
S21404E63C44510020AC5100200000000000000000F3
S21404E64C00000000000000000000000000000000B5
S21404E65C00000000000000000000000000000000A5
S21404E66C0000000000000000000000000000000095
S21404E67C0000000057A20300B4BE0400FFFFFFFF17
S21404E68C9BA5030097A50300FFFFFFFF9FA50300B0
S21404E69CFFFFFFFF0DF60100FFFFFFFFFFFFFFFF6D
S21404E6ACFFFFFFFFFFFFFFFFFFFFFFFFFFFFFFFF65
S21404E6BC0000000020A1070000000000E1E70300B2
S21404E6CC0000000000000000000000000000000035
S21404E6DC0000000000000000000000000000000025
S21404E6ECEC560020091E020099370200044D040063
S21404E6FC0000000000000000000000000000000005
S21404E70CEC560020A124020000000000044D040076
S21404E71C00000000000000000000000000000000E4
S21404E72CEC560020E52E020099370200044D040036
S21404E73C00000000000000000000000000000000C4
S21404E74C2D950400EC5600203D3C02000000000011
S21404E75C044D04000000000000000000000000004F
S21404E76C00000000EC560020C1500200000000001F
S21404E77C044D04000000000000000000000000002F
S21404E78C00000000EC560020315602000000000089
S21404E79C044D04000000000000000000000000000F
S21404E7AC00000000EC5600202D6B02000000000058
S21404E7BC044D0400000000000000000000000000EF
S21404E7CC00000000B80B0000EC5600209D70020000
S21404E7DC00000000044D04000000000000000000CF
S21404E7EC0000000000000000EC560020FD7B020038
S21404E7FC00000000044D04000000000000000000AF
S21404E80C0000000000000000EC560020C17D020051
S21404E81C00000000044D040000000000000000008E
S21404E82C0000000000000000EC56002089BA03002B
S21404E83C00000000044D040000000000000000006E
S21404E84C0000000000000000EC560020E9830200E3
S21404E85C00000000044D040000000000000000004E
S21404E86C0000000000000000EC560020598A02004C
S21404E87C00000000044D040000000000000000002E
S21404E88C0000000000000000EC5600200BC703003C
S21404E89C00000000044D040000000000000000000E
S21404E8AC0000000000000000EC56002091EF02006F
S21404E8BC00000000044D04000000000000000000EE
S21404E8CC0000000000000000EC56002001080300C5
S21404E8DC00000000044D04000000000000000000CE
S21404E8EC000000000000000013D00300EC560020CB
S21404E8FC0D36030099370200044D04000000000096
S21404E90C000000000000000000000000EC56002090
S21404E91CD13C030000000000044D0400000000007D
S21404E92C000000000000000000000000FFFFD007FD
S21404E93CB80B0000600EFFFFFFFFCEFAEFBEFFFF22
S21404E94CFDFFFDFF0C002C01001E2C014006800070
S21404E95C1027FFFF04F8FFFF0C0000000000000067
S21404E96C4000FDFF2C019C000000FFFFFDFFFFFF95
S21404E97CFFFF60EA8000800010C1CDAB0A013201B3
S21404E98CFFFFFFFFFFFFFFFFFFFFFFFFFFFFFFFF82
S21404E99CFFFFFFFFFFFFFFFFFFFFFFFFFFFFFFFF72
S21404E9AC01FF05FFFFFF0101FFFF0201FFFF6402E9
S21404E9BC50FF0F010208031E0605021601010A0C7D
S21404E9CC052007051010010F0804100106010101AB
S21404E9DC04FF030101FF0C01FF405AB47F015040B1
S21404E9EC3000FFFFFF0B03FF050B0101FF030103C0
S21404E9FC05020201FFFFFFFFFFFFFFFF010102FFFD
S21404EA0CFFFF40FF01010000BD4C0000954C0000C8
S804007F0577
