S01B00006275696C642F72656C656173652F7A69676265652E73333714
S21400400008100020157F0000A9C6000063500300BA
S21400401063500300B1C60000B9C600006350030039
S21400402063500300635003006350030063500300B3
S214004030BDC600008C960400635003006350030066
S2140040406350030063500300635003002D7A0000A2
S2140040506350030063500300635003006350030083
S2140040606350030063500300BDCB000063500300A1
S2140040706350030063500300635003006350030063
S2140040806350030063500300635003006350030053
S2140040906350030063500300635003006350030043
S2140040A063500300DD820000C182000063500300FD
S2140040B06350030063500300635003000D1B0200AF
S2140040C055AC030051AC0300711202006BAC030048
S2140040D059AC0300CD1A02005DAC030001FF0100DD
S2140040E04D1B02006350030063500300635003003F
S2140040F063500300635003006350030063500300E3
S21400410063500300635003006350030063500300D2
S21400411063500300635003006350030063500300C2
S21400412063500300635003006350030063500300B2
S20800413063500300D0
S214004134F0B5114A114C124E00F00105E3695F0711
S21400414413D40DB9334213D103EA00078F4207D1C3
S2140041540B4A1A40002A14BF6FF001000020F0BD7D
S214004164013AEBD16FF00200F9E74FF0FF30F6E7C3
S2140041746FF00100F3E700BF80969800000003503C
S214004184020001000B4B70B5D96911F480310DD1D2
S21400419401244FF48072084E084DF46020462C64C7
S2140041A41A61FFF7C5FF3464EC6070BD6FF0010060
S2140041B4FBE700BF0000035000100350002003502C
S2140041C438B541F6713301220C4C0021E569E363EE
S2140041D40B4B05F48035DA600223606121202361ED
S2140041E4FFF7A6FF10B92120FFF7A2FF0122054B17
S2140041F4DA600DB10023E36338BD00BF000003504E
S214004204001003500020035070B5134C6061E3693E
S2140042145B071ED40E4656F8043B8D18A361AE42C7
S2140042240BD10423002121202361FFF781FF58B915
S214004234BDE870402120FFF77BBF08210846FFF742
S21400424477FF10B10423236170BD56F8043BA361C5
S214004254E5E74FF0FF30F7E7000003502DE9F84399
S214004264154641F67132164B8946DF69DA63012238
S214004274064603F58053DFF8508007F48037DA608B
S21400428455B9284601220F4BDA601FB10022A3F568
S2140042940053DA63BDE8F88306F5005404EA08041C
S2140042A4A41BAC4228BF2C46494622463046FFF79C
S2140042B4ABFF0028E6D12644A1442D1BE0E700BF4F
S2100042C4000003500020035000E0FFFF45
S2140042D02DE9F04F4FF0FD0BC9B09A460DF11B09C2
S2140042E09DF8503108AFCDF80C90CDF808B0019786
S2140042F0059303890446009383790E4690464188C9
S2140043008288407812F020F9054650B10090A388C4
S214004310002062883A4912F05BFC284649B0BDE8A6
S214004320F08F99F8000033F0B3FF38B12846A38821
S2140043306288344912F04CFC8D25EEE75A46394621
S21400434099F8000033F04CFF8346002851D0529B6A
S2140043501BB1BDF84C3198424BD8002399F8009019
S2140043600793A9F14102012A5FFA8BF123D8384658
S2140043700139254ADFF898C05FFA81FE734513DBE2
S214004380059B04210792C3B907AF18221F489FED6B
S2140043901A7B02FB060420460A460830394684ED9E
S2140043A0027B17F06BF911E010F8011F0133514042
S2140043B00CFB01F2E2E7059B33B123464A4638463A
S2140043C000960FF0E9FFA8E70829DED9B8F1000F3C
S2140043D001D088F80090BAF1000F01D0AAF800B01A
S2140043E0529B002B99D05A46184608A917F046F952
S2140043F093E7012591E700BF0000000000000000E1
S2140044001F40040054400400C59D1C81F01000208D
S21400441093010001000000002DE9F04F93B0CDE9B4
S2140044200A32DDE91C530E9353EC102BCDE908013C
S214004430104619468DED060B1E9E16F0A9FB80B1A0
S214004440DDE906014FF0FF32C54B16F0C9FB40B957
S214004450DDE906014FF0FF326FF4801316F0A2FB81
S21400446070B1DDE908019DED060B0E9B1E96CDE9A9
S2140044701C53DDE90A3213B0BDE8F04F00F088B9EE
S2140044800022DDE90601002316F08CFB002800F070
S2140044903381DDE906A303F1004BCBF30A5016F493
S2140044A08063A0F2FF3008BF06250F9316F09EF833
S2140044B09BA3D3E9002316F003F99BA3D3E90023BB
S2140044C015F048FFCBF31304894644F07F5180462D
S2140044D00022A44B504641F4401115F039FF94A336
S2140044E0D3E9002316F0ECF802460B464046494650
S2140044F015F030FF16F07EFB044616F077F88EA314
S214004500D3E900238046894616F0DAF80022964B57
S21400451015F020FF16F06EFB89A3D3E900230746AB
S2140045204946404616F0CCF880463846894616F08E
S2140045305DF885A3D3E9002316F0C2F802460B46C1
S2140045404046494615F004FF02460B46CDE90C23CB
S21400455016F0B6F8DDE90C23804689461046194663
S21400456015F0F8FE0022CDE91001804B4046494682
S21400457016F0D0F900227E4B15F0ECFE02460B46F4
S2140045804046494616F0C6F900227A4B15F0E2FE80
S21400459002460B464046494616F0BCF9DDE90C23B8
S2140045A08046894600204FF0804115F0D1FE024635
S2140045B00B464046494615F0CDFE02460B46DDE961
S2140045C0100116F0A7F907F2FF3700226A4B15F024
S2140045D0C1FE00223B0516F073F852465B46804645
S2140045E0894616F0FDFA002840F08980CDE90C894E
S2140045F004F16303C62B8CBF0527042731051BD5A2
S21400460053A3D3E900235046594616F0DFFA002894
S2140046107FD051A3D3E900235046594616F0C2FA7C
S214004620002876D00027A542C6BF2C1B04F1FF3514
S21400463000253C4646F480660E9B9F422CBF4FF0FA
S2140046400008A3EB070816F0020903D0002F18BFD6
S2140046504FF000083CB1DDE90C235046594616F0F1
S21400466059F982468B46DDE906010022002316F042
S21400467099FA10B10BF100439B46DDE9080126F4D8
S2140046800063CDE90183DDE90A324BEC10AB0095FF
S21400469000F07EF802465FB3DDE9091316F0200F3E
S2140046A000F10105089E0CBF65204520B047DDE9F6
S2140046B008010523002205930A23002CCDE90232C7
S2140046C007F1FF374FEAD473B8BF64422A46019316
S2140046D004970A9B009435F035FC0246B9F1000FAA
S2140046E006D00B9BC41A0B9B1A190E9BA34245D8E7
S2140046F0104613B0BDE8F08FDDE906ABCDE600222C
S214004700404649461A4B16F005F9013CCDE90C0126
S2140047106EE7002D90D00F9B002B8DD0013D8BE7D0
S214004720FB799F501344D33FB3C8608B288AC63F9B
S21400473061436F63A787D23F71A379094F930A40FD
S2140047401655B5BBB16B0240EF39FAFE422EE63F76
S2140047502D431CEBE2361A3F0000000080842E41F9
S214004760FFFFEF7F0000F83F0000E03F00002C4016
S21400477000002440000018400000F03F2020DDE943
S2140047800913089DA8470134ADE700BF00000000EC
S2140047902DE9F04F5BEC10AB97B0CDE90501DDE9F4
S2140047A02058CDE90723504652465B465946229F7D
S2140047B016F0EEF970B90323CDE902870193AA4BF0
S2140047C00093DDE90501DDE9072335F0EDFA17B0C2
S2140047D0BDE8F08F4FF0FF326FF480135046594615
S2140047E016F0E0F928B10423CDE9028701939F4B28
S2140047F0E6E74FF0FF32504659469D4B16F0F0F96B
S21400480068B19C4A07F00403002B08BF03229A4BAA
S2140048101CBF13460422CDE902870192D0E750461A
S2140048208DA3D3E90023594616F0DAF938B98CA3DC
S214004830D3E900235046594616F0B4F968B1DDE9CD
S2140048400723DDE905014BEC10ABCDE92187209568
S21400485017B0BDE8F04FFFF7DFBD0022002350463B
S214004860594616F09FF9002800F091805B465246A4
S2140048700020002115F06CFD012382468B4609932B
S21400488017F4806400F08580092D40F285800024AE
S21400489030210EABA5F109020134202C03F8011BD0
S2140048A0A5EB040901D09442F6D15946504616F0BD
S2140048B0A1F9724B054603EBC90393ED007B8DED22
S2140048C00A7B15F093FE02460B465046594615F0F5
S2140048D03FFDDDE90A2315F0F3FE02460B46CDE95F
S2140048E00C2316F0AFF9064615F070FE02460B468E
S2140048F0DDE90C0115F02CFD02460B46CDE90C2334
S21400490000225F4B16F06CF9002848D0013630467E
S21400491015F05CFE02460B46DDE90A0116F04CF97E
S21400492008B100260135B9F1000F45D1284615F02B
S2140049305DFE02460B465046594615F009FD00221C
S2140049404F4B16F02FF910B9E90700D501350A21AB
S2140049500EAB1A19202C0AD095FBF1F001FB10556E
S214004960303502F8015B013405460028F2D107F025
S2140049700302012A55D1B8F1000F52D0099A12B994
S21400498017F00C0F01D008F1FF38302240E00990F4
S21400499076E74FF0060988E7A946002485E7002257
S2140049A0DDE90C01364B16F0FDF80028BBD10EB140
S2140049B0F007B8D50136B6E70A210EAB1A19202C37
S2140049C00DD0B6FBF1F001FB1063092E03F13003A6
S2140049D009F1FF3904F1010402F8013B11D8302136
S2140049E0A1440EAA202CB2D04C4504F101030AD1F2
S2140049F004F158020DEB02042E2204F8202C1C466B
S214004A00A5E70646DBE7A1541C46EBE71A5501343A
S214004A10444506D2202CF9D1CDE9028701940EAB8D
S214004A20CEE6202CF8D0099B3BB12D2204F158038A
S214004A306B4403F8202C0134EEE77A0704D504F122
S214004A4058032B226B44F4E73B07E5D504F15803E3
S214004A5020226B44EDE700BF0000000065CDCD418D
S214004A600000000065CDCDC10E5E0400125E04009D
S214004A70FFFFEF7F055E04000A5E0400C8A5040081
S214004A800000E03F0000000070B58EB02C22002130
S214004A9003A816F063FC64234FF002320893CDE9B6
S214004AA005230B2301218DF834305B4B8DF8101055
S214004AB01D880D4040F0A980084639F001FD0A2205
S214004AC0564B574C1A704FF42873ADF812304FF00F
S214004AD0FF332360534B54491B8820460B82534BAD
S214004AE0534A1B68CD828B61524B0D621B884B82EA
S214004AF0514B1B68CB611DF09FF820B14FF41B7122
S214004B004E483AF01EFE0521206835F004FC20B120
S214004B1040F27D2149483AF014FE206815F0D4FB97
S214004B20474B2068196835F0B9FC0C253AF030F987
S214004B30684309903AF02CF968430DEB050107909D
S214004B40206817F0CDFA20B140F295213B483AF0A4
S214004B50F8FD25681FF01AFC00220146284635F0AD
S214004B6015FD20B140F2972134483AF0EAFD40F2B4
S214004B700353344D344E2B80052396F90000AB705A
S214004B807F2801D11DF04EF93378EB703AF000F92A
S214004B9000EB80008000A8803AF0FAF80023C000FE
S214004BA04FF0FF31E880AB604FF0FF3018A3D3E939
S214004BB0002339F0D7FD2549206835F0A0FC206891
S214004BC002A936F0BCF820B14FF434711B483AF015
S214004BD0B8FD042220680DEB020135F034FC0428F1
S214004BE004D040F2D72115483AF0ABFD01A90120C8
S214004BF035F03FF807F09CFD01201DF0A5FD31F0D3
S214004C0028F81DF0CBFD1DF0A5F80EB070BD00BF56
S214004C100A0020FF42030000EE5D002049650020E8
S214004C2020560020FABE0400346C002000BF0400AA
S214004C30E9E40300F8BE0400FCBE04003D95040051
S214004C408469002014560020546F00205DE50300A0
S214004C500348044B834202D0034B03B11847704706
S214004C60886F0020886F002000000000064B074970
S214004C70C91A891048BF0131491003D0044B0BB143
S214004C8001481847704700BF886F0020886F0020D3
S214004C900000000010B5064C237843B9FFF7D8FF94
S214004CA0044B13B10448AFF300800123237010BDFA
S214004CB0D816002000000000A0E2040008B5044B4F
S214004CC01BB104490448AFF30080BDE80840CDE7B7
S214004CD000000000DC160020A0E20400A3F5803AE5
S214004CE0704700BF154B002B08BF114B9D46FFF7C2
S214004CF0F5FF00218B460F461148124A121A16F08D
S214004D002DFB0C4B002B00D098470B4B002B00D0F4
S214004D1098470020002104000D000B4816F064FEA2
S214004D2016F0F4FA200029002FF077FE16F04AFE5F
S214004D30000008000000000000000000081000202E
S214004D4008100020AC65002051BA010007B501210B
S214004D5020200DF1070201F0F5F950B101212020C5
S214004D600DF107028DF8071001F0FCF903B05DF8AD
S214004D7004FB9DF807100129F8D00122084815F019
S214004D80DBF901210DF1070220208DF8071001F054
S214004D90E9F92FF0C4FD4FF4FA6001F01DF8E5E7DD
S214004DA088FB030038B501F065FB012805D001F04B
S214004DB061FB022801D001F083FB064D2B783BB93E
S214004DC001F058FB0128044602D12FF01DFE2C707E
S214004DD038BD00BFDA5E002010B5044600882FF00C
S214004DE069FDA37884F84400834202BF0123E37080
S214004DF02371074B04F11C00C4E9073401F0F8F9ED
S214004E00224620880349BDE8104001F035B900BFAE
S214004E104B4603001546030070B5C37804460D469E
S214004E201646002B34D1D1B1214815F085F901235F
S214004E30E370E36CA6600BB1E06D9847E368F61A82
S214004E4063699E4221D2217E1A480131C9B2217679
S214004E5015F072F9A36D13B1217EE06D9847E570E9
S214004E602FF070FD15B3237903BBA268238A801A3E
S214004E7083421BD801231048237115F05DF9236D7A
S214004E80A3B1E06DBDE87040184701232376E6E73E
S214004E900029E4D1094815F04FF9636DE660E57026
S214004EA02571002BDBD0E06D9847D8E770BD00BFBA
S214004EB0B0FB0300C1FB0300EFFB0300DCFB0300B9
S214004EC070B51E46838804460D46C18002810BB12C
S214004ED0868070BD817800882FF0D8FB0123E370B0
S214004EE0064BA680C4E903340C34204601F080F952
S214004EF029462046BDE870402FF01BBD97460300AC
S214004F002DE9F04104462FF01DFD94F93C60656CD8
S214004F106064451B30462FF0F7FC30462FF0F0FC5F
S214004F20074630462FF0EEFC30462FF0ECFC94F9A6
S214004F303D8040462FF0E8FC40462FF0E1FC064658
S214004F4040462FF0DFFC40462FF0DDFC002D54D00D
S214004F50394B4FF47A72BB4228BF3B465343B3FBF0
S214004F60F5F105FB11335343B3FBF5F302FB0133B5
S214004F70E268B3FBF2F347F6FF729A4228BF1A467E
S214004F8022840A22B3FBF2F36362D4E90A32DB1905
S214004F9042F10002C4E90A32236CA2693B4423644E
S214004FA0236C93422BD27DB1234B9E4228BF1E46D4
S214004FB04FF47A735E43B6FBF5F205FB12665E436A
S214004FC0B6FBF5F603FB026594F83E204FF6FF713C
S214004FD0DAB16369B5FBF3F38B4228BF0B46E38374
S214004FE0002A0CBF01230023A08884F83E30A37952
S214004FF013D1A3B92FF054FC13E02B46B8E79B1A45
S2140050002364236B01332363CAE72369B5FBF3F5F7
S2140050108D4228BF0D46A583E2E7002BEAD12FF08C
S21400502035FC636B0BB1A06B9847A16804F1480090
S214005030BDE8F0412FF07DBC00093D0038B583681F
S214005040044613B94FF4FA638360E3680BB953233D
S214005050E360236913B940F21F33236163690BB918
S2140050606C236361A36913B94FF47A73A3610022BA
S214005070012120882FF040FC84F83C00013005D147
S214005080234815F059F84FF0FF3038BD00220121B3
S21400509060882FF031FC431C054684F83D0009D19A
S2140050A01C4815F049F894F93C002FF028FC84F8C9
S2140050B03C50E8E70022A08811462FF0C8FBA379F1
S2140050C0A0880BB32FF0E2FB012394F93C0084F890
S2140050D03E302FF018FC94F93D002FF014FC2FF012
S2140050E031FC0D4B04F14805C4E9123460642846CF
S2140050F001F07EF82846A1682FF01BFCA16807483F
S21400510015F01AF80020C0E72FF0CAFBDCE700BF56
S21400511005FC03002DFC0300014F000056FC0300B5
S21400512010B501790446B1FA81F1008849092FF0DB
S21400513024FB21796088B1FA81F149092FF01DFB23
S214005140034B1A68A24204BF00221A6010BD00BFBB
S214005150F416002070B543790446A3B100880E4EBD
S21400516004F10805336813B10C4B1B786BB1217939
S2140051702FF003FB64210A4B3460A3602846BDE889
S21400518070402FF0D6BB4088E9E7064814F0D4FFFD
S214005190054B3221A360F1E7F4160020DC5E002008
S2140051A02151000089FC03005551000010B504464B
S2140051B0E0B10F4814F0C0FF01236371A37953B91F
S2140051C0217920882FF0D9FA236B7BB1606B0121FF
S2140051D0BDE8104018472046FFF7A2FF04F108007C
S2140051E02FF0ACFB2046FFF7B5FFEDE710BD00BF84
S2140051F0BFFC030010B50446F8B1104814F09CFF3D
S21400520000236371A3796BB921792088B1FA81F103
S21400521049092FF0B2FA236B7BB1606B0021BDE821
S214005220104018472046FFF77BFF04F108002FF0D8
S21400523085FB2046FFF78EFFEDE710BDCAFC030096
S21400524010B5044668B1074814F076FF6379204627
S2140052501BB1BDE81040FFF7CDBFBDE81040FFF71B
S214005260A5BF10BDD6FC030010B50E4C0E48214657
S21400527014F062FF82210D4814F05EFF82210220A6
S214005280A21E00F06FFF014630B134F8022C084829
S214005290BDE8104014F050BF0648BDE8104014F0BA
S2140052A04BBF00BF72570020E5FC030000FD030063
S2140052B00BFD03004FFD030038B5114C822122463A
S2140052C0022000F03FFFA51C014688B122880D4849
S2140052D014F032FF2A460C4B03F1380153F8040B46
S2140052E08B4242F8040BF9D11B78137038232380C5
S2140052F035F8021C054A0648BDE8384014F01CBFC5
S214005300705700205AFD0300DAFD03007257002094
S214005310B8FD0300034B1B781BB18B4201D82FF05E
S214005320FEBA7047F46E0020F8B51E4B1E4F1B7871
S214005330A3B11E4D1E4C2B785BB11E4B5B7943B15F
S21400534000211D4B4FF60C721878297021702FF033
S21400535022FB1A4B1B883BB900232370B9681848F8
S214005360BDE8F8402FF0E5BA7A6A9A42F4D323787B
S214005370FF2B10D12E78002EF0D10E48FFF73AFF03
S21400538001232B700C4B4FF60C72314618782670A2
S2140053902FF001FBE2E70133DBB2022B2370DDD9ED
S2140053A0E8E700BFE25E002008100020E55E00206F
S2140053B0DB5E00202421002070170020AC6E002049
S2140053C04817002010B5044601460E4814F0B4FEF7
S2140053D0012C11D10C4B0D481A884FF6FF739A42D8
S2140053E01EBF0022094B5A742FF0ADF901F040FFA2
S2140053F0BDE8104001F012BE0448BDE810402FF092
S214005400A4B900BF13FE0300A46E0020106900209C
S21400541070B50024254D264E3378A34225DC0024A3
S214005420244D254E3378A34225DC0024234D244EFC
S2140054303378A34225DC234C237833B1224D28460B
S214005440FFF7FCFD18B30023237001F013F80128C2
S2140054501E4828D12FF077F901F00AFF01F0DEFD93
S214005460BDE870401A4801F025B82846FFF7B4FC9E
S21400547001346035D0E728462FF04BF90134343537
S214005480D0E728462FF07EF901343835D0E7114CA6
S214005490114BC4E90030204600F0AAFE2046A96859
S2140054A02FF047FAD1E72FF050F9D9E75423002020
S2140054B0E35E002074270020E45E00202421002004
S2140054C0E25E0020E05E0020081000201069002048
S2140054D0C553000048170020295300002DE9F04F5F
S2140054E087B0FFF7E9FEB94B05A805932FF06EF9D4
S2140054F0054615F02FFEB64CC2B21F2A627004D9BC
S214005500B44814F019FE00F05BFC2946A01C16F007
S214005510B5F805A82FF05AF9054615F01BFEC2B2DD
S2140055201F2A84F8212001D9AB48EAE7294604F16E
S214005530220016F0A3F805A82FF048F932260446F4
S21400554000272578002D40F09D80A44CFFF760FFD3
S2140055502378DFF8D0A2DFF8D082A14F00939AF824
S214005560003098F8002039789E4814F0E5FD3A7827
S21400557098F800109AF8000053180344DFF89CB21D
S21400558020782C4603445846DBB2AA4200F31D831B
S214005590012B38BF0123944E029332460023354632
S2140055A04FF482704FF6FF71029C0133A3421370D2
S2140055B05080918002F10C02F6DB8C4B8A498448BD
S2140055C0AB6001F03FF8E879AB6800EB400003EB16
S2140055D0800000F001FEEB790133EB71844B1B7801
S2140055E02BB18448844B8049436001F013FC834B05
S2140055F01A884FF6FF739A4203D07B49804801F021
S21400560043F94FF00009794C3A784A4500F3E582B1
S21400561000264FF00C097B4ADFF8CCB198F8000062
S2140056203978B04200F3ED8246180C21002501FBC4
S21400563006B19AF800009423A842734A00F3FF824A
S2140056400C253E7898F8003000274FF070081E446E
S214005650064405FB06B5DFF8D4A1604B1B78BB42B9
S21400566000F300830299604800F044FE059B57490A
S2140056701A468B4240F00983644807B0BDE8F04FF5
S21400568014F05ABD532D0BD163784C2B40F04E814D
S214005690A378502B40F04A815D4B01221A7011E02E
S2140056A0442D18D16378303B092B0BD8601C2FF0A3
S2140056B09AF8584B584A1978002386B2994202F154
S2140056C0600204DC05A82FF081F8044639E722F8CA
S2140056D0466C0133F2E7422D0BD16378542B55D13B
S2140056E0A01C00F017FD454B188018462EF06FFFE3
S2140056F0E8E7582D34D8412DE4D9433D152DE1D89F
S21400570001A353F825F000BF395B0000C556000022
S214005710275A0000C5560000C5560000C5560000B2
S2140057207F580000C5560000C556000031580000DE
S21400573073570000C5560000C5560000C556000049
S214005740C5560000B15900002D590000C55600008E
S214005750C5560000C5560000C55600004F5A00004A
S214005760692DAFD1601C2FF03EF880B22FF0D3F831
S214005770A8E71B4B012019780023284A994202F11A
S214005780A8029FDD02F8A60C0133F7E7601C00F0C4
S214005790C1FC0546E01C2FF09EF801210246284673
S2140057A02FF055F860211B481B4C037859436218AC
S2140057B065524FF4FA6111824FF4487151611849ED
S2140057C056831165013303707CE700BF72570020D3
S2140057D0F467002032FE030049FE0300DD5E002071
S2140057E0E15E002059FE030070170020E817002035
S2140057F0E05E0020741D002008100020A46E00202B
S214005800F8160020741C0020B81A0020A9FE030019
S214005810DC5E0020E35E002054230020781E00207B
S214005820B7470300DE5E0020DF5E00206819002018
S214005830601C00F06FFC00224FF034088146AE4F2B
S21400584011462FF004F83878AC4D08FB00F325F825
S2140058500390EA18E3781046693B18BF012393705B
S2140058602EF057FF0021A64A3B785160012103FB2A
S21400587008550B443B7015600F46117422E7601CF8
S21400588000F048FC0022114681462EF0E0FF34224C
S214005890994DDFF86882287802FB00F328F8039019
S2140058A008EB0301E3780846693B18BF01238B70B9
S2140058B02EF02FFF934A00231046916B31BB00EB6E
S2140058C0831034232A7802FB038383638E4A0023E3
S2140058D01046D2F8A410F9B9A82202FB030034231C
S2140058E02A7802FB0383C0F8A4305FB9844A3B469B
S2140058F0114652F8040BA8B93422287800FB02821D
S21400590041F823202B7801332B70DBE60133042B80
S21400591002F14002D1D1D9E70133042B02F1A802EB
S214005920D7D1E2E70133042BE3D1EBE7601C00F0AC
S214005930F1FB8046E01C2EF0CEFF012102464046D9
S2140059402EF085FF60217148714D0278DFF8E0C1C6
S21400595051436B1825F801804FF44871198259613C
S2140059606C495E839965E178A824642904BF012107
S21400597099709CF80030DFF890E15C430EEB040170
S2140059800EF804304FF400744C8003240C718C71B4
S21400599002EB420405EB441532240133DBB201323C
S2140059A04B718D6081F8A04002708CF8003089E65B
S2140059B0601C00F0AFFB00224FF0380A8146DFF88B
S2140059C06C8111462EF043FF98F80030524D0AFBCA
S2140059D003F325F803904FF00109EA1882F80490C3
S2140059E0E37873B1E01C00F095FB002204461146F4
S2140059F02EF02DFF98F800300AFB03535C8083F8E6
S214005A00069046483F4A03789901535498F8001088
S214005A1002EB8314C1EBC10205EBC2054A1C6563A9
S214005A2088F80020CEE6601C00F074FB3C4D288011
S214005A30E01C00F06FFB6880601D00F06BFBE379F4
S214005A40A880693B18BF0123AB71364B25E6601C66
S214005A5000F060FB8046E01C00F05CFB0546601D25
S214005A602EF039FF04460246012140462EF0EFFE96
S214005A702246284601212EF0EAFE60204FF4487C9C
S214005A80DFF888E0224A9EF8003000FB03F422F894
S214005A900480DFF880801119A1F810C0C1F814C086
S214005AA04E83C1F85880591CC9B248431418A4F84C
S214005AB010C0C4F814C06683C4F8588094241552E5
S214005AC0194D981C8EF800002878DFF868C044430B
S214005AD003EB430301EB41010CEB040E02EB431313
S214005AE002EB41120CF80400CEF80430CEF8082081
S214005AF001302870E6E500BFE45E00207427002031
S214005B0010690020741C0020781E0020E35E002030
S214005B10542300201553000024210020DF5E0020BF
S214005B2008100020E05E0020DE5E0020E25E00201E
S214005B30E15E0020B81A0020601C00F0EBFA8046F8
S214005B40E01C00F0E7FA00220546114640462EF01B
S214005B507EFE00223824114628462EF078FE4F4856
S214005B604F4A03784FF0000E04FB03FC22F80C802B
S214005B704FF0010802EB0C0181F806E081F8048082
S214005B8003EB0801C9B24C4302EB040C15539C1CF2
S214005B9004707024434D8CF806E028788CF8048056
S214005BA04443DFF808C1C3EBC303C1EBC1010CEBF0
S214005BB0040E02EBC30302EBC1020CF80400CEF89D
S214005BC00430CEF80820404493E7467901358E42EB
S214005BD084BF04714471A830D7E4B9F1000F06D031
S214005BE016F8052C02EB420204EB8204B460314640
S214005BF0584601F011FD09F101090BF1A80B0C360E
S214005C0002E571180AD0481E09FB00B0C07900EB07
S214005C10400004EB800409FB01B08460104609FBD9
S214005C200151039201F0B6FA39781F48314409FB56
S214005C30015101F0D5F8039A01364032EEE4F54200
S214005C4018BF11F8050C03911EBF00EB400004EBD3
S214005C5080048C6003FB052000F0DAFF0399013511
S214005C600C31E6E4F74218BF15F8053C29461CBF80
S214005C7003EB430304EB830408FB07A018BFAC60E8
S214005C8000F09CFE01370C35E7E413F8011D0029EF
S214005C907FF4EDAC3B2102F8011CE8E4E25E002054
S214005CA024210020DD5E0020182100206819002035
S214005CB007B5012121200DF1050200F043FA18B9BD
S214005CC09DF80520074B1A70022123200DF10602CD
S214005CD000F038FA18B9044BBDF806201A8003B055
S214005CE05DF804FBF46E0020AC6E002007B5064B92
S214005CF08DF80700187001210DF10702212000F031
S214005D0031FA03B05DF804FBF46E0020B0F5666F60
S214005D1088BF4FF4666307B5ADF8060088BFADF8D8
S214005D200630BDF80620054B02211A8023200DF10F
S214005D30060200F017FA03B05DF804FBAC6E002014
S214005D4007B5022101200DF1060200F0FBF938B973
S214005D50044814F0F1F9BDF8060003B05DF804FB42
S214005D600020FAE7C6FE030007B50221ADF80600DC
S214005D700DF10602012000F0F5F9014610B10348C6
S214005D8014F0DAF903B05DF804FB00BFE7FE030089
S214005D9010B5FFF7D5FF04460146074814F0CCF9C6
S214005DA00121064814F0C8F924B9BDE810400120C6
S214005DB0FFF7DABF10BD00BF17FF030029FF03007F
S214005DC008B5044814F0B8F900F0DCF92EF0A7FD89
S214005DD02EF0A2FD3FFF030038B50446084D094BE0
S214005DE028462B6000F004FA002C18BF21462846EF
S214005DF0BDE8384008BF4FF496712EF09ABD00BF3C
S214005E0078280020054803002DE9F043384D91B06E
S214005E1008AC0746894690460FCD0FC495E80F009C
S214005E20002684E80F0001250323324C3248CDE9D2
S214005E300366CDE905668DF80E300796029539F0B3
S214005E4029FC2E4839F026FC32462D4920468DF88E
S214005E50176004F009FD334632462A498DF81900CA
S214005E60009020468DF82390CDF82C808DF8216088
S214005E7004F014FD0A9020468DF8097004F076FCB4
S214005E80204608AA05A904F02FFD02AA204603A969
S214005E902FF03BFE4FF400721B4B5A62194BE56025
S214005EA0626A920510D46BB94FF40072164B114813
S214005EB05A6204F05BFC114839F0EFFB002011B089
S214005EC0BDE8F083013BEBE7002BEDD0094908A8BD
S214005ED02FF04EFE4FF400720B4B06485A6204F049
S214005EE045FC064839F0D9FBBDF82000E7E700BFBF
S214005EF0449604000040005AEC980400E898040019
S214005F0080841E0040420F000060005A0122034BAE
S214005F101870034B1980034B1A707047E75E002019
S214005F20AE6E0020E65E0020F8B5454B1B780BB938
S214005F300020F8BD434B1B78012B03D1BDE8F84089
S214005F402EF063BC404B1C884FF6FF739C42EFD08C
S214005F503E4839F09FFB0023260AE4B21A46214643
S214005F60304604F0C3FB012E354604F0010335D05D
S214005F7015D9B51E012DDBD8002B0BBF4FF480754D
S214005F804FF080754FF470614FF070610BBF0127C2
S214005F904FF480370F204FF470202D4B11E0002B6C
S214005FA00BBF4FF480754FF080754FF470614FF063
S214005FB070610BBF01274FF480370F204FF470201D
S214005FC0244B1A6802401CD0BA421AD01A680A40FB
S214005FD032D11A6822EA01022A4316E0002B0BBFD0
S214005FE04FF480754FF080754FF470614FF070611C
S214005FF00BBF01274FF480370F204FF47020164B4D
S214006000DFE71A6822EA00023A431A602EF0FDFB28
S214006010054600288CD0083644EA06102A46032196
S214006020C0B2FFF7F1FE40F6FF73684300F2FF7060
S214006030B0FBF3F080B27CE795427FF479AFC8E717
S214006040E65E0020E75E0020AE6E0020EC980400BE
S21400605028C3035020C3035024C3035010B5044C78
S214006060237823B9034839F015FB0123237010BDAC
S214006070E95E0020EC9804002DE9F0431F4C85B043
S214006080074688469146FFF7E9FF23781BB901F0DB
S214006090DDFF012323707BBAADF80C3030220023DD
S2140060A0174E02FB03F4315DA51901BB01233355DE
S2140060B04FF0FF3304F1100012493044AB606F809C
S2140060C0C5F80480C5F80C9009F052FA04F10801EE
S2140060D0042231440C4B009503A802F08DF8A96801
S2140060E002460A4814F028F805B0BDE8F0830133EC
S2140060F0102BD6D1064814F01FF8F5E7E85E00200E
S214006100A02800202F480300414803004CFF03004E
S2140061107AFF030080B10278A2F14103032B0BD86B
S21400612040783038C0B2082806D8054B134413F818
S214006130413C40EA032070474FF6FF70704700BFAF
S2140061406496040008B50B4642B101460448006850
S21400615003F096F9BDE808402EF0D7BB022008BD34
S2140061607C69002008B50B4642B101460448006829
S21400617003F00EFBBDE808402EF0C7BB022008BDAA
S2140061807C690020F0B50026124F8DB0FF230093E7
S2140061900A223346386802A92FF074FAC0B102AB5F
S2140061A01D4603EB800404E055F8043BB34228BFC9
S2140061B05E1CAC423868E9D9296803F06FFC0028F9
S2140061C0F2D02D28F0D00DB0BDE8F0402EF09DBBEB
S2140061D00DB0F0BD7C69002028B1034B0360034B73
S2140061E04360002383607047190000032469002081
S2140061F0FF2307B50021044A0093083009F03CF954
S21400620003B05DF804FB00BF2D4903000B460449AC
S214006210024608680349097808B12EF09ABB704711
S214006220AC2B0020EB5E0020F7B50C4618B12921F8
S214006230194839F086FA246823685E795F88304604
S2140062403946FFF7E3FFF0B18568E5B1A089227D06
S2140062503946904291BF0020801AA36880B294BF4E
S21400626003469B18E27C00903046A8470138032876
S21400627003D8DFE800F0080F0B0D0024204632F0AC
S21400628071FD204600E0812003B0F0BD8024F5E7D4
S2140062909324F3E78724F1E7A2FF0300F8B5154639
S2140062A00D4A044610680D4A0B46117850B1224636
S2140062B02EF04FFB034628B100210C27C678B142CA
S2140062C001DB0020F8BD07FB01F45A681019125BC9
S2140062D0AA42F7D00131F2E7AC2B0020EB5E00209B
S2140062E008B5034B1B6803B19847002008BD00BFE4
S2140062F0A82B00202DE9F74F04460D460026454BF7
S214006300454F1860454B197033010021F85C013683
S2140063100FF008FF0C2EF7D10C2D28BF0C254FF0E0
S214006320000901953C4EDFF800A13D4DDFF8FC80EA
S214006330019B4B4502DC03B0BDE8F08F23784FF09D
S214006340000B337063887380A388B380A379C6F884
S2140063500880B371E379C8F8005088F804304FF02D
S2140063600003A768A8F80630E3795B450ADC01213C
S21400637016F8100B0FF0D6FE08F1080809F101090F
S2140063800C34D5E74FF0000338886B812880FB7803
S2140063904FF0000C2B81BA78C5F804A0002A0092B2
S2140063A00CBF802240222A7379680AF10C026345EA
S2140063B013DC03EB43030AEB830ABB6843B1009A82
S2140063C04FF6FF71B2FA82F2164B520932F05AFCBF
S2140063D014350BF1010B0C37C6E7B1F800E00CF1F1
S2140063E0010C22F80CEC91F802E00C3202F816ECE4
S2140063F091F804E00C3102F815EC11F809ECBEF146
S214006400010F14BF4FF0100E4FF0110E02F814ECEF
S214006410CDE700BFAC2B002074420020EB5E0020CE
S214006420B031002029620000B02B0020303400205C
S214006430014B1860704700BFA42B002070B512886F
S21400644005460E46FFF72AFF044670B10279049906
S214006450806814F0D5FF064B1B680BB9002070BD92
S2140064603146284622889847F8E78620F7E700BF97
S214006470A42B002008B50EF0F1FE022806D0012855
S21400648006D0044B18784000C0B208BD0120FCE7D7
S2140064900220FAE7EA5E0020054B10B51C682CB116
S2140064A0FFF7E8FF2346BDE81040184710BD00BFC1
S2140064B0A02B0020014B1860704700BFA02B0020C7
S2140064C0034B1A781AB901221A700AF0CDBE70472B
S2140064D0EA5E00200022024B1A70FFF7DDBF00BF05
S2140064E0EA5E002037B50446002836D00EF0B6FE29
S2140064F0022834D1608932F0B2FFE079237A00387E
S21400650018BF0120012B637A08BF40F008000BB1CA
S21400651040F0100063890BB140F00400257CA18890
S214006520A2790DB1E36893B90F4B10F0D7F9217833
S214006530084610F04FFA32F09EFA044610F008FAB9
S2140065407CB100280CBF0020032003B030BDCDE98D
S2140065500035064B10F0C2F9E9E70220F5E7012006
S214006560F3E72046F1E700BF384D04003B1C04006B
S21400657008B50CF0D7FF014630B1044813F0DCFD37
S214006580BDE808400DF072BB08BD00BF1400040053
S214006590034B044A5B7C012103201370FFF7E2BD26
S2140065A010690020EC5E002010B50446FFF7F0FFEF
S2140065B0B4F57F4F0BD10024144B1A8813449C70FB
S2140065C0FEF752FE2046BDE81040FFF705BC4FF62A
S2140065D001739C4204D1BDE810400D482EF09BB8D4
S2140065E04FF602739C4205D1BDE81040094B18785F
S2140065F0FFF77CBB4FF60B739C4205D1BDE81040FD
S214006600054B1888FFF782BB10BD00BF70570020EF
S21400661010690020F46E0020AC6E002010B5074C08
S214006620012122460320FFF78DFD28B92378044A6E
S214006630003B18BF0123537410BD00BFEC5E002062
S21400664010690020F8B5614B614D1A884FF6FF734C
S2140066509A421CBF03232B7008235E4A3224137011
S214006660302393705371D3714FF400135470D47069
S21400667036244364584B1471C364584B1472036534
S214006680574B01248365574B3926C365564B967185
S2140066904366564B06198366554BC6670367554BCC
S2140066A0554E4367202380F8783080F8843000F118
S2140066B02103C0F88830514B80F84840C0F88C3031
S2140066C080F8544080F8604080F86C40C0F88060E5
S2140066D080F89040C0F89450494D4A4BC0F8AC50F2
S2140066E0494DC0F89830C0F8B050092580F8B4502D
S2140066F0464D474BC0F8C450464DC0F8B820C0F8C9
S214006700C8508225444AC0F8A430C0F8BC200F23E5
S214006710022280F8CC50414D80F89C40C0F8D05002
S2140067203F4DC0F8A000C0F8D4503E4D80F8A830C9
S214006730C0F8DC503C4D80F8C0202D7880F8D8405A
S214006740002D40D080F8E420384A394DC0F8E820C3
S214006750384AC0F8E050C0F8EC20374A80F8F040DD
S214006760C0F8F420354C227C62B10C2202FB0302F6
S214006770334D01335564012582F8485004F1110564
S214006780D564DBB24FF0000CCD798E6805EB450280
S214006790970006EB820226F807C0D3700123443028
S2140067A09370EB185060CB71FFF782FAFFF736FF55
S2140067B0FFF760FE012808D1237C33B1BDE8F8401E
S2140067C01E482DF0A8BF0D23CCE7F8BDA46E002010
S2140067D0F56E0020ED5E00207D960400010020008E
S2140067E07C960400020020007B9604000300200034
S2140067F07A960400040042000500420007003000BC
S2140068006896040012001001060042007896040004
S2140068100040420000FF4401FDFF210070570020A9
S21400682002FF2001F46E0020E05E0020AC6E002027
S2140068300BFF21010CFF1000E55E00201069002010
S21400684001FF100113B504460D482DF0CBFE64225F
S214006850C0F30F43637083B2B3FBF2F3A0782370E8
S214006860202201212EF097F8A078212201212EF077
S21400687092F80449201D02B0BDE810402EF059B829
S214006880A46E0020E09304000B7870B583704CF67D
S2140068901E0303804FF02013C362012380F83030BC
S2140068A080F83C30C3180364124B0446436402234A
S2140068B0114A80F84830114B8263C3644063CA793A
S2140068C08D6802EB420305EB830004F12C0646605C
S2140068D00B4E45F8236000238360531CCB71094B95
S2140068E0201DC4E90134FFF783FC2046BDE8704054
S2140068F0FFF7A8BFFDFF2100210020007E960400C0
S2140069000100010345680000437B044A012113701F
S21400691000781130C0B2FFF725BC00BFF75E00203C
S21400692038B504460078054D11302A460121C0B21C
S214006930FFF708FC08B92B78637338BDF75E0020B4
S214006940024B53F820002EF0EDB800BF9034002024
S214006950012908B506D0022907D049B92EF0D9F882
S214006960002008BD2EF0D8F8FAE72EF0D8F8F7E7A2
S214006970024813F0E1FB0120F3E700BF41000400EA
S21400698010B4054C114654F820001A46BDF80430E1
S2140069905DF8044BFFF7DCBF90340020002310B5F1
S2140069A0044683810364A0F844304830FFF720FC97
S2140069B0014BC4E9123410BD0B4B030038B5044636
S2140069C00B781A4A43700D4642F82300FFF7E6FF9D
S2140069D02046FFF7A5FF4FF4401323610123144A16
S2140069E02375A261134A84F82030E261124A84F8C3
S2140069F02C306262114A84F83830A26204F10C022C
S214006A0022630F4A04F10D036263E363EA79A86820
S214006A1002EB420300EB830110344C60094C40F853
S214006A202340094B8B60531CEB7138BD903400201B
S214006A30F65E002008002000F66E002000FF300002
S214006A4001FF1001020101048169000010B47024E6
S214006A50427B0D48013A012904FB020006D00229B8
S214006A6008D059B95DF8044B2EF053B85DF8044BC6
S214006A702EF052B85DF8044B2EF051B803485DF87E
S214006A80044B13F059BB00BF681900205D000400DA
S214006A90B0F85C302DE9F0418B4204460E4638D003
S214006AA0437B077C8BB31C4A12789A422DD3702501
S214006AB01A4A013B05FB032390F80F801B7B4246D6
S214006AC02EF03EF8B845054601D1FF281FD13A46BC
S214006AD03146204694F890302EF032F82F46054680
S214006AE0552212216078A4F85C602DF054FFFF2F29
S214006AF003D039462046FFF7A9FFFF2D09D02946C7
S214006B002046BDE8F0412EF05BB8FF25DFE70746DC
S214006B10E6E7BDE8F08100BFDD5E002068190020D2
S214006B2041688268C978D27849B112B10321FFF76B
S214006B30AFBF837B002B0CBF01210221F7E72AB1F0
S214006B40837B002B0CBF02210121F0E7014813F0E4
S214006B50F3BA00BF6E000400037BD3B14368DA7853
S214006B6012B18268D278A2B91B7933B1837B002B2D
S214006B700CBF04210521FFF78BBF83681B792BB15F
S214006B80837B002B0CBF05210421F4E7014813F09A
S214006B90D3BA7047A0000400084A437B052113704F
S214006BA0837B5370C37B9370037CD370037B13711A
S214006BB000780E30C0B2FFF7D5BA00BFF85E0020EE
S214006BC038B5044600780C4D0E302A460521C0B272
S214006BD0FFF7B8FA20B1BDE83840084813F0ACBA61
S214006BE02B7863736B78A373AB78E373EB782374BB
S214006BF02B79237338BD00BFF85E0020DC0004004C
S214006C00024B53F820002EF025B800BFB834002001
S214006C10F8B504460B78424A43700D4642F8230006
S214006C20404E2EF035F8FFF7CBFF6268A3683E486B
S214006C303E49D6641165D4655065C3E91410DE6418
S214006C40DC654FF0987302266361012304F10C01A2
S214006C50E16137491032216204F10D01A162354924
S214006C602376E16204F10E016163334984F824302F
S214006C70A16304F10F012164304984F83030616467
S214006C8004F11001E1642E4984F83C3084F8483061
S214006C90216584F85460A265E879A96800EB400293
S214006CA001EB820704F1140CC7F804C04FF4817C92
S214006CB0244F41F82270C218D2B202EB420241F8C9
S214006CC022C001EB820700227A601F4A84F87030E7
S214006CD022661E4A84F88830A2661D4A1D4BE2666C
S214006CE01D4AC4F88C3062671C4A8319A26704F1F7
S214006CF05C02C4F88020DBB2194A03EB4303C4F8F5
S214006D00842084F8646084F87C6001EB830260343D
S214006D105460144A033041F82320E871F8BD00BFE0
S214006D20B8340020216B0000174C0300596B00009C
S214006D3001002001020010010300300104003001B0
S214006D400500210101FC01064A002100809604008E
S214006D50510010008296040083960400550021001E
S214006D606F0018001200010470B50D460646144662
S214006D7013460A460146164813F0DEF925B92046A2
S214006D80BDE87040FFF710BC072D05D12146304600
S214006D90BDE8704000F004BC4FF601439D4205D1AB
S214006DA021463046BDE87040FFF72ABF062D05D1C4
S214006DB021463046BDE8704000F0A6B9B5F5817FA3
S214006DC005D121463046BDE87040FFF7B9BD70BD1D
S214006DD00B0104000148FFF72BBB00BF696D0000E4
S214006DE04FF4C01330B5036001230371074B8C6862
S214006DF08360CA7902EB420304EB830568600448AB
S214006E0044F82300531CCB7130BD00BF84960400A9
S214006E10040001010B786E4A03700123836003F5BA
S214006E202023C0E90423C3604FF4D81383610423EE
S214006E30037700F108030362664B4268436202234D
S214006E40F0B502F11C04C462634C80F82830046379
S214006E5002F11E048463614C80F83430C46302F18E
S214006E60200444645E4C80F84030846400F10C04D6
S214006E7004655C4C80F84C30446500F10E04C46533
S214006E80594C80F85830046600F110048466574C5C
S214006E9080F86430C46600F112044467544C80F8ED
S214006EA07030846700F11404C0F88040514C80F8BC
S214006EB07C3080F8883000F11603C0F88440C0F8B3
S214006EC08C30CD798C6805EB450304EB830600F126
S214006ED018077760484F00F1900C44F823700024A0
S214006EE06B1CB460CB712346D2F830E000F18F07FC
S214006EF0C3F12006A3F120052EFA03F204FA06F6E3
S214006F00324324FA05F508332A43302B07F8012FBD
S214006F10EED101234FF47A72C0E926322B22A0F874
S214006F20A0204FF41412C0F8A420062280F8B43033
S214006F3080F8C03080F8E43080F8F03000F1A1032B
S214006F40C0F8F4302D4B0025C0F8C830032380F875
S214006F50A8202B4A80F8CC30C0F8B02000F196026A
S214006F60C0F8B820274A80F8D830C0F8BC2000F116
S214006F709702C0F8C42000F19802C0F8D02000F1B3
S214006F809C02C0F8DC20204AA0F89650C0F8E0200A
S214006F9000F1A002C0F8E8201C4AC0F8ACC0C0F857
S214006FA0EC201B4A00F1A407C0F8D420CA798E68EA
S214006FB002EB420306EB83046760164F46F8237025
S214006FC0531CA560CB714368134AC3E90D20F0BD7E
S214006FD00100E80305052100080521000B0529002E
S214006FE000062100010621000206210003062100FA
S214006FF00406210005062100040B010A01032200F5
S21400700000021800000330000303180006031800EF
S2140070100203220002070107B14C030038B5002422
S214007020044D55F8040B08B12DF095FE01340A2CDA
S214007030F7D138BDE0340020042908B50AD172B172
S2140070406BB113781BB92DF0B1FE002008BD2DF0F2
S214007050A3FEFAE7034813F06FF80120F6E70320D3
S214007060F4E700BF3E01040010B4054C114654F886
S21400707020001A46BDF804305DF8044BFFF7DCBF6D
S214007080E03400200229024608B50ED004D839B9EB
S21400709010462DF08BFE06E04029F9D0412907D195
S2140070A010462DF079FE002008BD2DF089FEFAE787
S2140070B0024813F041F80120F6E700BF5E01040025
S2140070C010B4054C114654F820001A46BDF804309A
S2140070D05DF8044BFFF7D6BFE0340020426B094B47
S2140070E052791A7082785A70C2789A70826B12B18E
S2140070F090F83C20DA70007804210930014AC0B2CA
S214007100FFF730B8FD5E0020024B53F820002DF04C
S21400711073BE00BFE034002038B504460078084D42
S21400712009302A460421C0B2FFF70CF830B96B7854
S214007130A370AB78E370EB7884F83C3038BD00BFC2
S214007140FD5E002038B504460078114D09302A4609
S2140071500421C0B2FEF7F6FFC8B9A3782A78022B3E
S2140071600CD004D863B920462DF020FE01E0FF2B9A
S2140071700AD02046BDE838402DF0EDBD002AF2D1F9
S21400718020462DF009FEF4E7002AF9D1EBE738BDDA
S214007190FD5E0020F8B504460B78284A0D4642F8F6
S2140071A023004370FFF7B8FF636B254A5C631A63DE
S2140071B02046FFF7C7FF20462DF0CDFD4FF4801385
S2140071C063600123626BA66B0532E2601D4A237280
S2140071D02261A21C2375A26166B11B4A84F8203086
S2140071E0E261E21C6262194A84F82C3004F13C0326
S2140071F0A26223630627EA79A96802EB4203002EFF
S21400720021F8237001EB83000CBF02230423C37014
S214007210012383700E4B04348360531C4460DBB23E
S2140072200C4C03EB430341F8234001EB830000239F
S2140072304360094B02328360EA71F8BDE0340020F7
S214007240D54D03000340300101FF300102FF10015D
S214007250C1700000080001006970000028B1034BEF
S2140072601B78834234BF002001207047DF5E002079
S21400727070B500250A4C0B4E3378AB4200DC70BD6F
S214007280D4F8A42042B123791BB16079FFF7E6FF5A
S21400729010B910462DF030FA0135A834ECE700BFDF
S2140072A0781E0020E15E002008B5427901461046AF
S2140072B0FFF7D4FFA8B1CB780A48013A042B00EBBD
S2140072C082100ED8012B08D81BB9BDE808402DF057
S2140072D063BDBDE808402DF069BDBDE808402DF04F
S2140072E06FBD08BD741C002008B5427901461046E3
S2140072F0FFF7B4FFA8B1CB780A48013A042B00EB9D
S21400730082100ED8012B08D81BB9BDE808402DF016
S2140073104DBDBDE808402DF03FBDBDE808402DF04E
S2140073204FBD08BD741C002010B586B00446FFF79C
S214007330A1F8012830D1E278042A2DD8DFE802F03F
S21400734013323403030061790846FFF787FF58B30A
S2140073501648032A00EB811050F80C3C58791DD1D2
S214007360003818BF012063784FF480728DF804301F
S2140073704FF48273ADF806300623ADF808300123CB
S2140073808DF80B3000238DF80A0001A8CDE9032301
S2140073908DF81430FFF7A6F806B010BDB0FA80F0EE
S2140073A04009E0E70020DEE70220DCE7741C00204E
S2140073B010B586B00446FFF75DF8012830D1E278B4
S2140073C0042A2DD8DFE802F0131332030300617994
S2140073D00846FFF743FF48B31548032A00EB811021
S2140073E050F80C3C5B791DD11A1E18BF0122637839
S2140073F08DF80A208DF804304FF48273ADF806300D
S2140074000623ADF8083001234FF480728DF80B3058
S214007410002301A8CDE903238DF81430FFF762F8A6
S21400742006B010BDB3FA83F25209E0E70222DEE7A7
S214007430741C002010B586B00446FFF71BF8012820
S21400744012D16378094A8DF804304FF48273ADF890
S21400745006304FF48073CDE90223002301A804937D
S2140074608DF81430FFF73EF806B010BD080007018F
S21400747010B586B00446FEF7FDFF012820D16278DD
S214007480104B8DF804204FF4827294F8A01094F8F4
S214007490A10059701870ADF8062004934FF480725E
S2140074A00223094901A88DF81430CDE90212FFF72E
S2140074B019F894F8A130013B18BF012384F8A130D5
S2140074C006B010BD015F00200800050110B58378E6
S2140074D0044603B30379022B0AD142791046FFF71C
S2140074E0BDFE28B10C48013A00EB82102DF068FC76
S2140074F0A379022B02D12046FFF716FF2046FFF79E
S214007500B7FF02236078A4F86C305522BDE810401F
S21400751012212DF040BA10BD741C00204388094A81
S214007520082113808388538083681B8A938090F891
S214007530A03093718379D37100780430C0B2FEF71F
S21400754011BE00BFF257002038B50D46044601783C
S214007550114812F0F1FD4FF602739D420ED10F4B0B
S2140075601B782BB963712046BDE83840FFF7D6BFBD
S21400757062790AB19342F6D20123F3E7B5F57F4F5D
S214007580F1D120462DF0B5FCA378022B0CBF0122CA
S2140075900022A3689A70E6E77A010400DF5E002006
S2140075A0024B53F82000FFF7CFBF00BF083500207E
S2140075B038B504460078144D04302A460821C0B277
S2140075C0FEF7C0FD20B1BDE83840104812F0B4BD4B
S2140075D02B8863806B88E978A380AA88A3681A82C0
S2140075E0AB7984F8A030EB79A371094B1B780BB903
S2140075F0637138BD09B19942FBD9064812F09CFD6B
S21400760023780133F4E700BFF2570020940104000A
S214007610DF5E0020BD010400F8B504460B78474A3B
S2140076200D4642F823004370FFF7C2FFA268444BA2
S214007630D465D364434B02265365434BA11C1365A4
S2140076404FF44013E36001236161E1623F49103269
S21400765021632265211D3E4AA1633E483E4962657C
S21400766004F1A002A061E163E265E01C611D3B4AF3
S214007670206261643A483B492266A21D2374237740
S21400768084F8283084F8343084F84030A16484F8D4
S2140076904C6084F8583084F864306062A266E879FA
S2140076A0AA6800EB400102EB810704F10C0CC7F856
S2140076B004C04FF0060C2C4F42F82170C118C9B216
S2140076C001EB410142F821C002EB810700217960FD
S2140076D0264F84F880302767254F84F89830A767B0
S2140076E0244F254BE767254F84F8746084F88C6038
S2140076F0C4F89C3004F16C06831CC4F88470C4F88B
S21400770090601F4F1F4EDBB203EB4303C4F8946038
S214007710C4F8887002EB83067034746008261A4C2E
S21400772042F82340C31CDBB203EB430302EB8304A3
S214007730043042F823606160E871F8BD0835002027
S214007740494E0300934E0300CD74000001FF300144
S21400775004FF20011000300102FF200105FF300168
S21400776000FF300103FF2101070001084A00210045
S214007770869604005100100088960400899604003E
S214007780550021006F0018001200010400239B6AB8
S214007790B3F5804F03D21968064A914203D00023FE
S2140077A0037083607047012202709A689B6942608A
S2140077B0F7E700BF07B0CD5E024B034A1A602EF013
S2140077C0BCBF00BF0000002002020FF073B53F4BA5
S2140077D004461A781AB102221A7002B070BDCDE9BA
S2140077E000220028F9D001261E7037F0B5FE384D6D
S2140077F0384B186017F082FA2B785BB902F0F2F972
S21400780040B935480823354A3549006801F038FE46
S21400781000B92E70334B5A68E260334A9A601A6E8B
S21400782022605A6E6260D3F87021A2601B6E5C0400
S2140078302CD52E4AD368D807FCD42D4B1A68531C77
S21400784029D04FF4801393402A4A13660423294C08
S2140078504FF0804223664FF480632366102323662E
S2140078604FF400536846236601A9226663662DF02E
S21400787058FB009B2366019B63662B78002BACD0DD
S214007880164B1A6822665B686366A6E71A4AD368D0
S214007890D907FCD4D1E7194B1B78002BD6D1184B4F
S2140078A05A68144B12B94FF480121A66154A526879
S2140078B012B94FF400121A66134B5B68002BC5D141
S2140078C04FF480020B4B1A66C0E700BF045F00202F
S2140078D0055F0020403500207C69002044350020EC
S2140078E0007108000080004455CEAC000000044043
S2140078F0486900200090004400000450035F002008
S2140079000080055000C005500000065038B5224DD6
S21400791004462B78012B02D001232B7038BD00289B
S214007920FCD02DF023FB013009D02DF01FFB40F2D8
S2140079300113984203D0194AD368DB07FCD42268A7
S214007940174B1A6662685A66A268C3F87021E26826
S214007950D40744BF00229A60124B1A68013213D132
S214007960114A127882B911494968C80748BF1A6097
S2140079700F4A5268D10744BF01221A600D4A526866
S214007980D20744BF02221A6017F0C0F90A4B1868E3
S21400799037F0DDFD0023C0E7045F00200000044050
S2140079A00080004448690020035F002000800550E6
S2140079B000C00550000006504035002070B5002479
S2140079C0A36AB3F5804F23D21A68134B9A421FD18D
S2140079D0124E337813F0FD0518D14FF4803410485A
S2140079E0FFF7F4FE032004F04FFC0E4B0320DC6090
S2140079F004F02EFC0C4B1C61AB6ADB69984704460E
S214007A000748FFF783FF0CB901233370204670BD8B
S214007A104FF48174FAE700BF07B0CD5E035F002025
S214007A203035002000A000440090004413B5204BE1
S214007A301B7803B9FEE700231E4CCDE900336A46E7
S214007A4008231D49206801F01BFDF8B91B4AD2F82F
S214007A504031D2F840211F2B4FF0010311D9203AB4
S214007A609340019A1A43019208236A4612492068F5
S214007A7001F08EFE124B134A1A602EF05EFE02B024
S214007A8010BD9340009A1A430092EDE72D28F1D1DD
S214007A900A4AD2F84031D2F840211F2B4FF001039A
S214007AA085BF203A93409340019398BF0093DBE74D
S214007AB0045F00207C6900200071080000800044FC
S214007AC0000000200B020FF038B50025AB6A044614
S214007AD0B3F5804F10D21B6BB3F5804F0CD207481E
S214007AE0FFF774FEAB6A20461B6B5B689847BDE8E1
S214007AF038400248FFF70ABF38BD00BF4C350020AB
S214007B0013B50024A36A0190B3F5804F13D21B6B04
S214007B10B3F5804F0FD20948FFF758FEA36A01213C
S214007B201B6B01A89B69984704460448FFF7EEFEC6
S214007B30204602B010BD4FF48174F9E74C350020A2
S214007B4070B50026B36A0446B3F5804F0D4612D2D0
S214007B501B6BB3F5804F0ED20848FFF737FEB36AAB
S214007B6020461B6B29469B69984704460348FFF747
S214007B70CDFE204670BD4FF48174FAE74C350020E8
S214007B8070B50026B36A0446B3F5804F0D4612D290
S214007B901B6BB3F5804F0ED20848FFF717FEB36A8B
S214007BA020461B6B2946DB69984704460348FFF7C7
S214007BB0ADFE204670BD4FF48174FAE74C350020C8
S214007BC0F8B50027BB6A0446B3F5804F0D46164647
S214007BD011D21B6B7BB10948FFF7F8FDBB6A204644
S214007BE01B6B324629465B6A984704460348FFF7F4
S214007BF08DFE2046F8BD4FF40174FAE74C350020A0
S214007C0070B50026B36A0446B3F5804F0D4612D20F
S214007C101B6BB3F5804F0ED20848FFF7D7FDB36A4B
S214007C2020461B6B29469B6A984704460348FFF785
S214007C306DFE204670BD4FF40174FAE74C35002007
S214007C40F0B50027BB6A0446B3F5804F0D461646CE
S214007C50ADF5337D20D21B6BB3F5804F1CD2104898
S214007C60FFF7B4FDBB6A20461B6B40F2C1225B6A7D
S214007C7001A99847044630B10948FFF747FE204659
S214007C800DF5337DF0BD836A32461B6B2946DB6AF1
S214007C9001A898470446EFE74FF40174EFE700BFEA
S214007CA04C35002010B50024A36AB3F5804F10D2DF
S214007CB01B6BB3F5804F0CD20748FFF787FDA36A0E
S214007CC01B6B1B6B984704460348FFF71FFE2046B6
S214007CD010BD0124FBE700BF4C350020F0B58FB087
S214007CE0044601A80E461546FFF7EEFE9DF80C303A
S214007CF0012B12D1B5F5402F27D8B4F5402F24D844
S214007D006319B3F5402F20D821462A46304613F093
S214007D10B5FC002420460FB0F0BD0027BB6AB3F5C3
S214007D20804F15D21B6BB3F5804F11D20A48FFF770
S214007D304DFDBB6A2A461B6B314620465B6B984757
S214007D4004460548FFF7E2FDE4E740F20244E1E7B7
S214007D5040F20114DEE700BF4C350020F0B58FB0CE
S214007D60044601A80E461546FFF7AEFE9DF80C30F9
S214007D70012B1FD1B5F5402F06D8B4F5402F03D8F8
S214007D806319B3F5402F13D940F2024420460FB0D2
S214007D90F0BDE258013225D104339D42F9D82A4677
S214007DA0314620462DF012F90028EDD00024EDE7EC
S214007DB00023F2E70027BB6AB3F5804F15D21B6B92
S214007DC0B3F5804F11D20A48FFF700FDBB6A2A467A
S214007DD01B6B314620469B6B984704460448FFF7CA
S214007DE095FDD3E740F20344D0E740F20114CDE717
S214007DF04C35002070B58EB0044601A80D46FFF73E
S214007E0063FE9DF80C30012B22D144EA0503C3F330
S214007E100C03002B33D1B5F5402F04D940F20244B1
S214007E2020460EB070BDB4F5402FF7D82544B5F502
S214007E30402FF3D8204604F500542DF0C0F8AC428D
S214007E4002D00028F6D1E9E70028E7D00024E7E7CB
S214007E500026B36AB3F5804F14D21B6BB3F5804F80
S214007E6010D20A48FFF7B2FCB36A29461B6B2046BD
S214007E70DB6B984704460548FFF748FDD0E740F21D
S214007E800444CDE740F20114CAE700BF4C35002099
S214007E90BFF34F8F0549064BCA6802F4E0621343EE
S214007EA0CB60BFF34F8F00BFFDE700BF00ED00E0E3
S214007EB00400FA0570B5D0B1C9B10E4E431E0139A3
S214007EC013F8014F2046325D02F00302012A11F832
S214007ED0012F08BF04F12000B55C05F00305012D55
S214007EE008BF2032801A01D1002CE9D170BD0120D4
S214007EF0FCE700BFE9BD04000348044A0449121A1F
S214007F0092102DF0AFB800BF34410000D042000000
S214007F104866002008B5154B83F30A8800F030F851
S214007F20FFF7EAFF124B13498B4212D30020124B85
S214007F3012498B4218D3FCF7D5FE186850F8224039
S214007F40586840F82240013298688242F5D30C33D4
S214007F50EAE70022F8E71C6844F8220001325C6871
S214007F60A242F8D30833E4E70022F8E7080000202E
S214007F70A8E20400B4E20400B4E20400B4E20400A0
S214007F80124B134A70B59A60D3F88820114D42F40C
S214007F907002C3F888206FF0010205F500542266CF
S214007FA041F2FF7262660222C3F8D020BFF34F8F01
S214007FB0BFF36F8F4FF44036032004F065F90320BB
S214007FC0E66004F045F92E6170BD00BF00ED00E0EC
S214007FD00040000000800044014B1860704700BF5E
S214007FE050690020054B1860054B1B6F03F0070314
S214007FF0032B01D135F062BB704700BF58690020E3
S214008000008000502DE9F04104464FF001080C2591
S2140080100D4E0CB9BDE8F08194FAA4F0B0FA80F0E9
S2140080200F2808FA00F2C8BF103824EA0204CABFB4
S21400803005FB006205FB0062B4325768002FE8D0EB
S2140080409168C0B2B847E4E75C35002008B50C4834
S21400805037F020FB192004F009F928B1192004F0A4
S21400806013F9192004F0F4F81A2004F0FFF828B1E8
S2140080701A2004F009F91A2004F0EAF8002008BDD6
S214008080EC9804002DE9F0410E461746054618B355
S2140080900F2923D80378DBB1013BDBB2022B19D8BA
S2140080A0104AD35C6A78D340DB0717D50E4BD3F85B
S2140080B01043ACB937F050FA80463A462846314667
S2140080C002F042FE404637F042FA2046BDE8F08114
S2140080D07F23E7E70023E5E72224F6E72124F4E7F9
S2140080E00224F2E7DC96040000C0035010B50446F4
S2140080F010B30378E3B1013BDBB2022B1AD8104A67
S214008100D35C6278D340DB0718D537F025FA012216
S214008110617823788A4030214B4341F2100103F105
S214008120A04303F570335A5037F011FA002010BD03
S2140081307F23E6E70023E4E72220F8E72120F6E79E
S214008140DC96040010B5044610B30378E3B1013B97
S214008150DBB2022B1AD8104AD35C6278D340DB0716
S21400816018D537F0F9F90122617823788A40302152
S2140081704B4342F2100103F1A04303F570335A500B
S21400818037F0E5F9002010BD7F23E6E70023E4E79B
S2140081902220F8E72120F6E7DC96040038B50D46E5
S2140081A0044618B311B30378E3B1013BDBB2022BEC
S2140081B01AD8104AD35C6278D340DB0718D537F05C
S2140081C0CBF930222378534303F1A04303F57033F1
S2140081D05B696278D34003F001032B7037F0B7F980
S2140081E0002038BD7F23E6E70023E4E72220F8E7F7
S2140081F02120F6E7DC9604002DE9F0410D461646F0
S2140082009846044600284FD000294DD00178002912
S21400821040D04B1EDBB2022B3ED8254AD25C637898
S214008220DA40D20701D4FF2940D1022E01D9042E0C
S2140082303CD137F091F923780746FF2B05D032461C
S2140082402046296802F0C6FD28602B68013309D154
S2140082502378FF2B06D1174B6078D3F824142DF023
S214008260DCFC286029684B1C18D00C23124A03FB40
S2140082700122069BC2F8048093602378FF2B04D06B
S21400828001230E4A8B40C2F82434384637F05FF993
S214008290002007E07F22C2E70022C0E7384637F01A
S2140082A056F92D20BDE8F0812220FBE72120F9E7D2
S2140082B0DC96040000C003505C35002000D003505C
S2140082C008B502F037FD044B00F05530C3F8200423
S2140082D0BDE80840FFF796BE00E0035008B502F080
S2140082E029FD044B00F0AA30C3F82004BDE808407E
S2140082F0FFF788BE00E003502DE9F04F1446054610
S2140083000E469B46C36B87B001225B6902A9606874
S2140083109847EB6B01225B6903A93046984702A891
S2140083202DF09FFA074648B10023A37563754FF0FA
S214008330FF33A360002007B0BDE8F08F03A82DF040
S2140083409DFA0123A375237E04EBC303DE611F841D
S2140083506368B3420ED1206003A82DF0B1FA4FF047
S214008360FF332075A360237D043B022B26D8002311
S214008370A375DFE723681A1A53425341A37503A86F
S2140083802DF09EFA237D834218BFA77503A82DF013
S21400839079FA074602A82DF075FA874218BF00231F
S2140083A003A818BFA3752DF075FA074602A82DF08E
S2140083B071FA87421CBF0023A375D4E703A82DF0EB
S2140083C061FA80B1EB6B022230465B6904A99847DC
S2140083D004A82DF066FA0346207D032839D8DFE886
S2140083E000F03838040903A8F3E7CC22237E04EB18
S2140083F0C3031A8401F06EFC109B187003A8277E36
S2140084002DF034FA04EBC70787F82200237E03A872
S21400841004EBC303B3F8209093F822702DF032FAE1
S214008420804603A82DF036FA8246B8F1000F15D024
S214008430EB6B022230465B6904A9984704A82DF02E
S214008440F5F96075637D6BB90023A3754FF00008DE
S21400845038E0227E04EBC2021384CBE703A82DF09B
S214008460D0F9EEE794F81680B8F1000FEED0B9F127
S214008470000F09D1DFB10123E375637E002B4FD1D6
S214008480012F42D1677614E06B6C06EB0A015A4264
S21400849086EA010010421CBF0022A2755A1E0A403E
S2140084A09B1A9945D0D8A37D002BE3D1CEE7E37D78
S2140084B043B94FF000084B465246314628462CF04A
S2140084C01BFFA060A27D12B123694B4423611A49A9
S2140084D0237E097899422AD901332376BBF1000F0F
S2140084E027D032B3E37D23B3B8F1000F21D1032F99
S2140084F01FD0A1684B1C1CD0109B22460093284618
S2140085000123FFF7F9FEA07513E095F8343063B940
S214008510EB6A0133CFD1032FCDD10123A376C8E771
S214008520012FCFD0032FC4D1F7E79846C3E7002327
S214008530A375A07DFFE600BF009704002DE9F04F6D
S2140085400E46984600238BB004464FF0FF31104687
S21400855017468DF8133001F0A7FBB6F5801F20D222
S214008560314605AA04F108002DF0CDF8451C014659
S21400857003D1237CBBB92D2010E0384601F094FBD4
S2140085800122394620460DF113032CF007FF002880
S214008590EFD09DF8133088F8003000200BB0BDE80F
S2140085A0F08FB01CE5D1E56A691C36D12046616AB9
S2140085B02CF0E8FD0546B31C18BF0123DFF8CC906D
S2140085C00193636A626C0293236805A902FB053A6D
S2140085D0E36B05225B695046984705A82DF0DCF949
S2140085E02DF0FFF950462DF007FA4FF0000B8246AB
S2140085F001464B1C05D0636C81EA0A025B421342BB
S21400860011D0294620462CF0BDFD029BAB422CD053
S214008610BBF1000F2CD10546D3E72368ED1A636C37
S214008620B5FBF3F5C7E7484601F03EFB0DF1130333
S21400863049462046019A2CF0B1FE034690B1B21C82
S21400864003D0D9F80020B2420CD19DF81320039332
S2140086500D4B88F8002049461A68384613F00EF885
S214008660039B9B46D9F80810C3E7BBF1000F82D0E6
S214008670B6F5801F91D2314698F800307A6804F13A
S214008680080001F03FFA88E7FC960400383D002019
S2140086902DE9F3410446174698460E46184D816A62
S2140086A0E36A8B4201D04B1C02D102B0BDE8F081D8
S2140086B0284601F0F9FA0122294620460DF1070363
S2140086C02CF06CFE38B14346294620469DF807201C
S2140086D0B8470028E9D0A9684A1C04D16968204632
S2140086E02CF0DDFD0146012EDAD16B6881EA03022B
S2140086F0636C5B421A4218BF4FF0FF31D0E700BFF1
S2140087000C3D00202DE9F04F4FF0FF334FF6FF727F
S2140087100025044600F10806C0E909238BB0C362B1
S21400872005620563304688462CF0BEFF20462CF0D6
S214008730F9FC60BB204641462CF074FD20462CF028
S214008740F1FC60BB5E200BB0BDE8F08F2368E26BE7
S214008750606C576900FB0530052205A9B84705A8D7
S2140087602DF01AF9012807460CD1294620462CF090
S2140087702AFD012F024600D10132294620462CF060
S214008780F0FC03E02DF032F90028EED10135E36964
S2140087909D42DBD320462CF0C5FC0028CAD000251D
S2140087A04FF0FF394FF6FF73CA46A846C4E9085390
S2140087B0E36998450AD3A5EB0905012D2CD84FF699
S2140087C0FF72636A93423CD16720BCE72368E26B82
S2140087D0606C576900FB0830052205A9B84705A854
S2140087E02DF0DAF8834605A82DF0ADF80746584672
S2140087F02DF0F7F868B1574538BFC4F82480B9455E
S21400880028BFB946BD4238BF3D46BA46236A013343
S214008810236208F10108CBE74FF6FF730025636279
S214008820E3699D42CBD2676C2068E36B052207FBA9
S21400883005005B6905A9984705A82DF084F8013561
S214008840EEE7E26B676C2068694607FB0300556934
S2140088500522A84768462DF076F8626A2368606CA1
S2140088604B4D00FB02302DF0C7F84FF0FF33A062EF
S214008870E3622A466FF00101204605ABFFF75EFE75
S214008880002846D1AD6829462046E5622CF026FC35
S214008890206320B92046E16A2CF001FDE0622946FB
S2140088A020462CF0FCFC0546A36A9D4233D12046A8
S2140088B02CF0E7FB00278046B946E36999453CD390
S2140088C0B84559D92046616A2CF05CFC002605465E
S2140088D004F1400AB74212D8626C2368694602FB6C
S2140088E00539E36B05225B694846984768462DF0D4
S2140088F02AF8534602464946E06B2DF07FF8294693
S21400890020462CF03FFC0136B0450546E2D16420F7
S21400891019E7A56AB7E7294620462CF0DFFB236B4C
S214008920294603440746236320462CF0B8FC054638
S214008930002FB9D1C4E90B07B6E7636C256805229A
S21400894003FB0955E36B05A95B692846984705A80C
S2140089502DF022F82DF045F858B128462DF04CF8A9
S214008960014620462CF0BAFB636C143B984208BFC5
S214008970013709F10109A0E730462CF095FE0023E7
S21400898020461946034AFFF783FE0020DBE600BFB9
S214008990643D00208B5303002DE9F041036B9046A5
S2140089A0826B07689A4288BF8363426C436A90B0C2
S2140089B002FB0377C36B0E46052201A95B690446DA
S2140089C03846984701A82CF0E7FF0128014630708A
S2140089D057D0656CE26B2368606AD2F814C005FB5A
S2140089E00030052206A9E04706A82CF0D5FF01288E
S2140089F04FF0000523D0D4E90A3201219342CDE995
S214008A000B458DF834800E958DF83C102AD119460A
S214008A1020462CF044FC236B626C14339B1AE062F5
S214008A2023630C9B53B99DF83C303BB1626A616C82
S214008A302368E06B01FB02312CF066FF0C9DE36BB4
S214008A4005225B6901A93846984701A82CF0A4FFC7
S214008A5030702846236BA26B9A4288BFA36310B07F
S214008A60BDE8F081237C33B91C490BAA04F1080049
S214008A7001F096F8D5E72046194A0BABFFF708FE3B
S214008A80CFE7237C23BB2246164904F1080001F0F9
S214008A9087F8616A20462CF096FB616A421C2046E5
S214008AA02CF05FFB054620B9236B626C1344143B25
S214008AB023632046A16A2CF0F2FB2368A062C01A4A
S214008AC0636CB0FBF3F0606220462CF02BFCB6E73C
S214008AD000232046044AFFF7DBFDDAE73D9200005C
S214008AE0B991000025540300C153030073B50D4629
S214008AF0D11E4A421C461B7E4A419A4226D129680C
S214008B002368994222D3636899421FD8114E0DF10B
S214008B1007033246FFF712FDC0B972686B689A42C7
S214008B2014D19DF80730DA1E53425341227E9342F9
S214008B300CD1636901336361D4E90323934205D200
S214008B402968A26842F8231001332361012002B08D
S214008B5070BD00BF643D00202DE9F04F9B4689B0F4
S214008B609DF848309046514A0193136907465B4585
S214008B700D46C0F09580D94653680093B9F1000FB2
S214008B807BD0FB6B01225B6905A90098984705A876
S214008B902CF074FE454B1B68984240F0848005A874
S214008BA02CF078FE0428064615D105A82CF079FE90
S214008BB0009B04461E44019B002B3ED1804512D9E3
S214008BC01C46A8EB0008384600992CF068FBA9EB79
S214008BD004090090D2E7FB6B02225B69009806A9A5
S214008BE0984706A8E2E7A0EB08045C4528BF5C4669
S214008BF0032C4644ABEB040B1DD9FB6B29463046D1
S214008C005B69A208984724F0030304F0030A1E4495
S214008C101D44DDF80480BAF1000FD4D0FB6B0122AE
S214008C2006A930465B6998475246284606A912F0C0
S214008C3025FD5544C7E7A246EBE7824600F003034E
S214008C4002932B1803930644039BA6EB0A00A3EBA0
S214008C500A05029B9A4514D1BAF1000FB3D0FB6BFC
S214008C60012206A95B6998475246284606A912F0D3
S214008C70C1FE0028DDD04FF03609484609B0BDE8F1
S214008C80F08FFB6B012206A95B69984704222846F1
S214008C9006A912F0AFFE0028EDD1AAF1040AD3E728
S214008CA04FF06309E9E74FF06F09E6E7903D0020D3
S214008CB02DE9F0410F4616469846044688B060B344
S214008CC090F83450FDB101212CF021FA00210E9BC2
S214008CD0CDE90511CDE902379DF83C30CDF804808A
S214008CE08DF81C30237C04968BB90D4901AA04F13B
S214008CF0080000F055FFDDE90553E06B002E08BFC5
S214008D001D462CF09DFB284608B0BDE8F0812046A5
S214008D10044A01ABFFF7BCFCEDE70546F3E700BFEE
S214008D20EF530300ED8A00007FB590F842600446DA
S214008D3001920DF10B030A46304611492CF088FBD0
S214008D40012E0546E36B17D132465B6903A99847A7
S214008D509DF80B10039B019A59B19BB243EA02435C
S214008D60012228460393E36B03A99B69984704B046
S214008D7070BD62F30F03F3E701229B6901A9F5E7D3
S214008D80903D00202DE9F04F99B00E460D920A69ED
S214008D90416C0B931439D31DB3FBF1F3013302EB93
S214008DA0C302036B04469342C0F001820023DFF83F
S214008DB004940893E36A48461946059300F074FF46
S214008DC0D6E9033707930B9B022B4DD1CC2F40F0EF
S214008DD0D7810D9B3BB1314620462CF08FFB656C4E
S214008DE01490012044E00120079B656C1B681493D7
S214008DF000F0010000280CBF04230823782F0E93F0
S214008E0049D8059A6B1E1340ED1A3B1D9D423CD275
S214008E10002F3DD0082D3ED80023042506934FF0A2
S214008E20040A336806990B98C9F80030C9F8107020
S214008E302CF04AFD4FEA9A030F93059B89F814001D
S214008E400393002309930C9304930A93616C039B8A
S214008E504A1E1A408B1A27B35544AB4223D8236BBD
S214008E605B1A134423632FE1782F656CB9D8F07D25
S214008E700D9B002BBCD0E36B01225B69706816A9C2
S214008E80984716A82CF0FEFCB4E700250695C6E722
S214008E9004250697C3E7012300254FF0080A06932A
S214008EA0BFE75345DBD3A3EB0A029742039BB846C2
S214008EB028BF90469742534428D90122D9F810106B
S214008EC089F817208F4226D10399C9F80410049216
S214008ED099F817200AB399F818100398CA1C09EBDA
S214008EE0C202506004980131A2F80880907289F896
S214008EF01810B8F1000F07D00B9A022A40F08180B4
S214008F00099A72B1012209929B46ABE0049A002AA4
S214008F1018BF0322DBE70222D9E7039AC9F8042028
S214008F20E7E70C9A4244032AEED9E26B18469569A5
S214008F3014A901220993A847099B05460028E1D0F9
S214008F403D2D40F01E8104F1080303932368059A23
S214008F50606CA2EB030ABAFBF0FA00FB0A302CF0B6
S214008F604BFDE16A804620462CF099F9A26A8242BF
S214008F7000F00F81626CD9F80830511E0B40216B4F
S214008F802768891A0B442363089BE062DF1BB7FB44
S214008F90F2F7BA4540F0FA80059BB3EB080A12D008
S214008FA0E36B4FEA9A0241469B6998478346E36A19
S214008FB0059A5344E362236B03989B1A4344236346
S214008FC02CF072FBDA462368616CE06B01FB07311C
S214008FD02CF087FC20462CF0A5F820462CF0A2F9B1
S214008FE02063BAF1000F00F0D4803269616CD31DA3
S214008FF01439B3FBF1F3013302EBC3029042A5D25E
S214009000BFE00D9A002A77D1B8F1030F4FEA980215
S2140090106ED9E16B18468D6907991093A847109B87
S2140090200546C0B918F0030515D0079A28F0030BBB
S21400903002EB0B019B444FF0FF3215A815922A460F
S214009040109312F01BFBE26B5846956915A9012296
S214009050A8470546109B9B46079A42440792002D58
S21400906040F08B80049B16A80193069B009399F80A
S21400907014204346316800F0CDFDE36B0F9A9B69E0
S214009080039816A99847039A051E089B18BF13460F
S214009090089343465246204603992CF02DF9236B3D
S2140090A008F10302A3EB0A0322F003029B1AC9F895
S2140090B008002363002D7FF443AF0C9BA7EB080743
S2140090C043440C93CDF80CB0204603992CF0E7F8F7
S2140090D000250390002F7FF4B9AE364A31689368B6
S2140090E004F10800E36252680B9B00F00BFD49E0B8
S2140090F09B46454607999EE79B4606F1200210923E
S214009100F27D7068A2B1002296F818C00A99D5B20E
S214009110AC4511D9109D02F1010E35F832508D4242
S21400912028D90E9806EBC2020144D069084403E031
S2140091300E9A0A990A441044E26B15A95569012251
S2140091401193A847159A0A9B1392E26B043395690C
S2140091505846012213A90A93A847119B054603EB1C
S2140091600802A2EB0B02042A7FF679AF28B90BF1AE
S214009170040BC5E77246491BC9E7CDF820B088E75F
S21400918070252F46384619B0BDE8F08F4FF0000A1C
S21400919019E73269616CD31D1439B3FBF1F301335F
S2140091A002EBC302236B9342BFF404AEE9E71C272D
S2140091B0E8E700BF383D0020032A2DE9F3410646C4
S2140091C00D4617461C4606D1237A012B23D00120D4
S2140091D002B0BDE8F081DFF86080096842460DF114
S2140091E00703FFF7ABF960600028EDD19DF8072074
S2140091F0237A032AE8D0D8F804106A689142E3D1AB
S214009200012B2969D4F80CC007D172690CEB010355
S214009210934202D92074207CDAE708316144E16089
S2140092203B46012229463046FFF7ACFD6060002829
S214009230CAD00020CCE700BF643D00202DE9F341F2
S214009240089C032A1746266806D1237A012B24D0C9
S214009250012002B0BDE8F081DFF89080304642463B
S2140092600DF10703FFF76AF960600028EDD1256865
S214009270D8F80400A96AD5F844C04840CCF10003E9
S2140092801840227AE1D1012A09D1E268D8F81030D4
S21400929013447269934202D92074207CD9E7286867
S2140092A0EB6A1B1A081AB3FBFCF3B0FBFCF0834214
S2140092B00BD1706CF36A421E1340326B121A1344C1
S2140092C0284633632BF0EBFFE862D8F81020E368FB
S2140092D008321344E36001223B4604492068FFF746
S2140092E051FD60600028B0D00020B2E7643D002049
S2140092F02DE9F0410025604B0E46D3F80080044669
S2140093001D6018B921252846BDE8F08190F8347014
S21400931007B30A6803689A4240F0A3804A68436825
S2140093209A4240F09E808A6883689A4240F099800C
S214009330CA68C3689A4240F094800A6943699A42B0
S21400934040F08F808A69C36B9A4240F08A804B69EE
S2140093508361D8E768223946856B11F0FFFFD6E9AE
S2140093600212336804F1080023607368A563636023
S214009370336963617369A3612CF0A8F9B36904F1DA
S2140093804000E3639B68984720B9676C17B1636831
S214009390B3FBF7F794F84330E761002BB2D0002315
S2140093A0656C2366002D64D0002F62D02368B3FB63
S2140093B0F5F205FB1233002B55D16668B6FBF5F3C4
S2140093C005FB1363002B4ED120462BF077FEA369D6
S2140093D0043303449E4248D340F634726369CC3B60
S2140093E0934244D8B5F5805F43D3032120462BF043
S2140093F08EFED4E90001E36B1B6898470546E36BD5
S2140094000220DB689847CDB941462046FFF77AF937
S2140094106428054604D141462046FFF773F9054601
S214009420666C5DB9236A2046143E5E432BF046FE0A
S214009430A369043303449E4238BF5A25002D0CBF4F
S2140094400123002384F8343007D1D4E900010B4A05
S2140094501368013313602CF0D3F9E06B2BF0F0FFA8
S21400946051E75D254FE759254DE75A254BE75F2520
S21400947049E75B2547E700BFC8360020C436002012
S2140094802DE9FF410C4616461F46054680B390F868
S21400949034307BB3B1F5801F2ED2DFF86080012117
S2140094A02BF035FE2146424628460DF10F03FFF706
S2140094B045F8044670B99DF80F30012B11D1D8F845
S2140094C01030BB4212D10246009031462846FFF7C4
S2140094D043FB0446E86B2BF0B3FF204604B0BDE820
S2140094E0F081022B14BF2D246024F3E76324F1E7F8
S2140094F02124F2E71124F0E72924EEE7903D00202E
S2140095002DE9F04385B00C4617461E460546DDF8A5
S214009510308098B390F8343093B3B1F5801F31D2D1
S214009520DFF8649001212BF0F2FD21464A462846DA
S2140095300DF10F03FFF702F8044688B99DF80F30C7
S214009540012B14D1D9F8102006EB08039A4213D346
S21400955000904346324639462846FFF7FDFA044651
S214009560E86B2BF06DFF204605B0BDE8F083022BBC
S21400957014BF2D246024F3E76324F1E72124F2E7E7
S2140095801124F0E72924EEE7903D002073B50C4641
S2140095901646054630B390F834302BB3B1F5801F2D
S2140095A024D201212BF0B3FD21462846104A0DF1A6
S2140095B00703FEF7C3FF044680B99DF80730032B68
S2140095C00CD0022B0CD1284609492BF097FF3060AF
S2140095D0E86B2BF035FF204602B070BD2D24F7E770
S2140095E06124F5E72124F6E71124F4E72924F2E7BD
S2140095F0903D00202DE9F3411E4600230C461746F9
S2140096000546336050B390F834304BB3B1F5801F45
S21400961028D2DFF8548001212BF079FD21464246FE
S21400962028460DF10703FEF789FF0446A0B99DF80A
S2140096300730032B10D0022B03BF01233B6004230B
S214009640D8F8103018BF38603360E86B2BF0F8FE9F
S214009650204602B0BDE8F0812D24F6E72124F7E786
S2140096601124F5E72924F3E7903D002073B504465E
S214009670056B2BF023FD636E03449D422CBF002335
S2140096800123854294BF00252D1A207C84F8503093
S214009690656584F85800A8B100230C4E1A46194692
S2140096A0204600962BF0EEFF002305461A46194684
S2140096B0204600962BF0EFFFE3682844984294BFBC
S2140096C00020C01AE06502B070BD00BFFFFF0F00AB
S2140096D02DE9F3471E4643690446B34288461746BB
S2140096E09DF828904ED300258DF8075020462BF085
S2140096F0E5FCD4F830A082450AD2236AB5EB430FC6
S21400970006D2002220460DF10701FFF745F9B8B34F
S2140097109DF80730012B05D1002220460DF10701E8
S214009720FFF73AF9B9F1030F06D0314620462BF081
S214009730B5FC256B854227D3144D4FF0FF312846E4
S21400974000F0B2FA4B46294600222046C5E90376C9
S214009750C5F80080FFF716FB236E054663B120466A
S214009760FFF784FF94F8503013B994F858301BB1C3
S214009770236E04F150009847284602B0BDE8F087F3
S2140097800135B3E76225F7E71C25F5E7643D0020C1
S2140097902DE9FF410F4690461E46054698B390F8C1
S2140097A0343093B3B1F5801F31D21A4C02212BF01E
S2140097B0AEFC2246394628460DF10F03FEF7BEFEE4
S2140097C0024678B10123424600933946334628467E
S2140097D0FFF77EFF0446E86B2BF032FE204604B00F
S2140097E0BDE8F0819DF80F30012BEBD12169B14225
S2140097F0E8D10093414633462846FFF7ADF90446C4
S2140098000028DFD1E7E72124E8E71124E6E729244A
S214009810E4E700BF903D00202DE9F04790F8423085
S21400982086B0012B05460391A1EB020740F0AA8003
S214009830FF2F03D81E464FF0640807E00226012BD0
S21400984014BF4FF032084FF06408013600244FF67C
S214009850FF79DFF844A195F84230012B14BF32237C
S21400986064239C4202D35FFA88F40DE005AB2246DF
S214009870514628462BF020FE95F84230012B059BDA
S21400988034D14B452DD1E4B295F84230012B14BFAC
S21400989032226422121BB24217D3012E39D1002283
S2140098A0012B05978DF8132027D1082205A90DF165
S2140098B013002CF0BDF89DF81330059A42EA0322F7
S2140098C021462846FFF730FA40B10223324900937A
S2140098D02846CC23096803AAFFF7FAFE06B0BDE8BF
S2140098E0F087DBB203B902340134B4E7591CCAD09E
S2140098F09BB2002BF8D10134F6E7102205A90DF132
S21400990013002CF095F89DF81330059A42EA0342AE
S214009910D6E7039A012B059223D10823202205A916
S2140099200DF113008DF813302CF082F89DF81320FB
S214009930120221462846FFF7F7F995F84230611CD7
S214009940012BC9B21AD10028BFD12846BDF8142071
S214009950FFF7EAF90028B8D10234BDF81620E1B2C4
S214009960AFE71023202205A90DF113008DF8133060
S2140099702CF05EF89DF813201204DAE70028A4D134
S214009980059A9EE7B7F5803F4FF00106BFF457AF44
S2140099904FF032085AE700BF903D002070B586B001
S2140099A00E4605460392A0B390F834309BB3B1F54B
S2140099B0801F32D202212BF0AAFB31462846184AD5
S2140099C00DF11703FEF7BAFD044618B99DF81730D7
S2140099D0032B0ED10223314600932846CC2303AA3C
S2140099E0FFF776FE0446E86B2BF02AFD204606B00D
S2140099F070BD022B0BD10A4928462BF07FFD039938
S214009A0002468142EFD02846FFF706FFEAE76124C8
S214009A10E9E72124EAE71124E8E72924E6E700BF7E
S214009A20903D0020F7B50C461646054668B390F8FC
S214009A30343063B3B1F5801F2BD202212BF067FBC5
S214009A4021462846144A0DF10703FEF777FDC0B9F4
S214009A509DF80730032B14D0022B14D10E4928464C
S214009A602BF04CFD471C024639462846FFF7D4FE2D
S214009A70044606B13760E86B2BF0E2FC204603B0E4
S214009A80F0BD2D24F7E76124F5E72124F6E711243D
S214009A90F4E72924F2E700BF903D002030B50C46DD
S214009AA0054685B028B390F8343023B3B1F5801F4F
S214009AB023D202212BF02BFB0DF10F032146284663
S214009AC00F4AFEF73BFD034688B99DF80F20032A90
S214009AD00DD003222146009202462846FFF7F8FDE5
S214009AE00446E86B2BF0ACFC204605B030BD2D24B8
S214009AF0F7E72124F8E71124F6E72924F4E700BF66
S214009B00903D00202DE9F043466886B305689846E8
S214009B104FF0000CA946AE4655F83C400CF1010C3F
S214009B20C4F31307013401D0B94217D0B4450EF17F
S214009B30080EF1D12F46002403E0B44207F10807CF
S214009B4012D055F8343001340133F6D1C1F3130185
S214009B5041EA0851C7E90012BDE8F08341EA08511E
S214009B60CEE90012BDE8F083B8F1030F03D101235C
S214009B700372BDE8F083002303E0B34209F108094D
S214009B80F5D055F833400133C4F30754032CF4D111
S214009B90C1F3130343EA0853C9E90032BDE8F08372
S214009BA02DE9F0410646406882B0B8B10F469046AF
S214009BB00024336853F8345003EBC403C5F307524C
S214009BC0C5F31301013506D05B683046CDF800803A
S214009BD0B84718B1706801348442EAD302B0BDE8D1
S214009BE0F08100BF024B1968024B1868FFF780BB74
S214009BF05C6900207C69002008B535F0A0FC014BAC
S214009C00186008BDBC3D0020014B186835F092BCBA
S214009C10BC3D002073B504462248012A00EAC11163
S214009C209DF8185023F07C4007D9961E012E28D99F
S214009C30073303F07F03194308E09DF81C300A43FE
S214009C40DB0603F0C053134343F060410023C4E92E
S214009C5000108DF80730B5B1202221460DF107001F
S214009C602BF0E6FE1A220DF10700211D2BF0E0FE78
S214009C70082063689DF8072043EA8263636002B0A9
S214009C8070BD1143E2E71B220DF1070021462BF0C1
S214009C90CFFE23689DF80720042043EAC2632360B2
S214009CA0EDE700BF80FFFF0738B5094B0D461A6881
S214009CB00021044611F052FB00234FF0FF322383AD
S214009CC0C4E900252361A260E382A37638BD00BF05
S214009CD0FC9604000138C0B205289ABF014B185CF8
S214009CE001207047019704002DE9F041074615460C
S214009CF000240E46596888B0490A012922464FEAD0
S214009D00510104F10104F8D8DC78997824031B8803
S214009D10C90201F4006104F480540C43C3F30A033F
S214009D205203234492B24FF000089C18274B6FEA68
S214009D300444039325F07843ED4302A90DF1070090
S214009D401B2202938DF807802BF072FE9DF80720E9
S214009D50029B02A943EAC2630DF107001B2225F00D
S214009D607845049302958DF807802BF061FE9DF8E8
S214009D700720029B6FEA144443EAC26305934FF040
S214009D80FF330794069307A9BB69012206F110006A
S214009D909847BB6905A90446012206F108009847C2
S214009DA0BB69404518BF044604A90122301D9847E8
S214009DB00122404518BF0446BB69304603A99847B0
S214009DC0404508BF204608B0BDE8F08101009AB2C1
S214009DD038B5104B0546D3F800310C4603F00303A4
S214009DE0022B0BD0032B0DD0012B0FD133F080FCB0
S214009DF0032305B1286004B1236038BD33F0C2FCEC
S214009E000723F6E735F0AEFB0623F2E70123002032
S214009E10EFE700BF0080005038B5134B0546D3F877
S214009E2020010C4600F0070004281AD8DFE800F0EE
S214009E3003090D111500012305B1286004B1236044
S214009E4038BD33F01BFC0423F6E733F051FC032344
S214009E50F2E733F053FC0523EEE733F045FC02232C
S214009E60EAE700231846E7E70080005038B5104BB5
S214009E700546D3F840310C4603F00303022B0BD003
S214009E80032B0DD0012B0FD135F06EFB082305B147
S214009E90286004B1236038BD33F074FC0723F6E76E
S214009EA035F065FB0923F2E701230020EFE700BF4A
S214009EB00080005038B5104B0546D3F860310C468C
S214009EC003F00303022B0BD0032B0DD0012B0FD175
S214009ED035F04AFB082305B1286004B1236038BD7D
S214009EE033F050FC0723F6E735F041FB0923F2E791
S214009EF001230020EFE700BF0080005041F67132DA
S214009F0010B5104C104BA04294BF00240124D96910
S214009F10DA639A6801F4803122F4401242EA04526D
S214009F209A600A4A90420A4AD2F818028CBF40F059
S214009F30020020F00200C2F8180209B10022DA631B
S214009F4010BD00BF005A62020000035080F0FA0203
S214009F5000C007502E4B98424AD022D82D4B98422C
S214009F6040D014D82C4B984239D00AD82B4B984264
S214009F7032D02B4B98422FD02A4B98422CD0002020
S214009F807047294B9842FAD1284B186F7047284BD8
S214009F9098422AD0274B9842F1D1244BD3F8800020
S214009FA07047254B98422BD009D8244B984223D093
S214009FB0234B9842E3D11D4BD3F88C007047214BBE
S214009FC0984221D003F5740303F510539842D6D176
S214009FD0164BD3F898007047144B986D7047134B88
S214009FE0586E7047114B586F7047104B986F7047FC
S214009FF00E4BD3F8840070470C4BD3F8880070479C
S21400A0000A4BD3F890007047084BD3F8940070477B
S21400A0100048E8010024F400C0CF6A0080841E00D7
S21400A02000093D0040420F00405DC6000080E00F82
S21400A030C0EA210180BA8C01007E560380D5430217
S21400A040006CDC020090D00337B50C460021114BA3
S21400A0500191D3F88031054603F00303022B0ED09E
S21400A060032B11D0012B03D101A8FFF7D5FE0D213C
S21400A0700DB1019B2B6004B1216003B030BD33F0FD
S21400A0803DFB05210190F3E733F02EFB0221019002
S21400A090EEE700BF0080005038B5104B0546D3F8F9
S21400A0A040320C4603F00303022B0BD0032B0DD0DB
S21400A0B0012B0FD135F058FA082305B1286004B1FA
S21400A0C0236038BD33F05EFB0723F6E735F04FFA22
S21400A0D00923F2E700231846EFE700BF0080005090
S21400A0E038B5144B0546D3F800020C4600F00700BE
S21400A0F004281BD8DFE800F003090D111500012322
S21400A10005B1286004B1236038BD35F02DFA082368
S21400A110F6E733F037FB0723F2E735F028FA092392
S21400A120EEE733F0CBFA0C23800AE9E70023184663
S21400A130E6E700BF0080005038B5144B0546D3F85C
S21400A14008020C4600F0070004281BD8DFE800F0E1
S21400A15003090D111500012305B1286004B1236021
S21400A16038BD35F001FA0823F6E733F00BFB07237A
S21400A170F2E735F0FCF90923EEE733F09FFA0C23FB
S21400A180800AE9E700231846E6E700BF0080005093
S21400A190032814D005D8012805D0022809D00020AD
S21400A1A005E00F28FBD1084B186FC0F301300130D3
S21400A1B07047054BD3F89000C0F30460F7E7024BF6
S21400A1C0186FC0F38020F2E7008000501FB5002310
S21400A1D00193252817D8DFE800F0131A1D272C3620
S21400A1E03B51565B60656A78161A401616561A2753
S21400A1F02C27361A5127783B3B3B3B2727275B60AB
S21400A20033F042FA0190019805B05DF804FB33F094
S21400A21055FAF7E733F038FA02460220FFF7B8FFA0
S21400A220B2FBF0F20192EEE733F048FA0246032062
S21400A230F4E733F043FA02460320FFF7A9FFB2FB28
S21400A240F0F25208EEE7002101A8FFF7FDFEDAE77C
S21400A250002101A8FFF7E0FDD5E702934FF0E023C9
S21400A2601B695B0705D533F029FA0290029B019320
S21400A270C9E703A902A8FFF7F9FDF7E7002101A83F
S21400A280FFF7F4FDBFE7002101A8FFF713FEBAE7CA
S21400A290002101A8FFF724FFB5E7002101A8FFF77A
S21400A2A04BFFB0E7002101A8FFF792FDABE7094B93
S21400A2B0D3F8803003F00303022BA8D0032B01D081
S21400A2C000209FE733F01AFA9CE7002101A8FFF769
S21400A2D0E3FE98E70080005008B50120FFF776FF00
S21400A2E0BDE808400349884294BF012102210320AB
S21400A2F000F002B880F0FA02032810B50C4627D00A
S21400A30004D8012804D0022817D010BD0F28FCD18D
S21400A3102BF0ACFB2BF0B2FB124A013C136F23F47C
S21400A320405343EA0433136733F0C8F90021FFF7BC
S21400A330E5FDBDE81040FFF7CFBF0A4A4C1ED2F835
S21400A340903023F0F85343EA0463C2F89030DCE719
S21400A350044A4C1E136F23F4806343EA8423136776
S21400A360D3E700BF008000501FB5002301932528C7
S21400A37021D8DFE800F013202020202A2F454A4F5E
S21400A38054595E7120203420204A202020202A2084
S21400A3904520712F2F2F2F2020204F54314B1B6F1D
S21400A3A003F00703013B032B05D8DFE803F00C029C
S21400A3B0080A04230193019805B05DF804FB032303
S21400A3C0F8E70623F6E70223F4E7002001A9FFF7E3
S21400A3D03BFEF0E7002001A9FFF71EFDEBE7029326
S21400A3E04FF0E0231B695B0705D533F067F90B23B5
S21400A3F00393039BDEE703A902A8FFF737FDF8E700
S21400A400002001A9FFF732FDD5E7002001A9FFF7DC
S21400A41051FDD0E7002001A9FFF762FECBE7002040
S21400A42001A9FFF789FEC6E7002001A9FFF7D0FCC7
S21400A430C1E70C4BD3F8803003F00303022B03D0A4
S21400A440032B05D00023B5E733F038F90B23B1E72B
S21400A45033F054F90523ADE7002001A9FFF71CFEF1
S21400A460A9E700BF0080005008B50320FFF790FE64
S21400A470034B18702BF0FAFABDE808402BF0FEBA32
S21400A480065F002010B5044633F018F90021FFF7E8
S21400A49035FD1CB1BDE81040FFF71EBF034B03207F
S21400A4A0BDE810401978FFF727BF00BF065F002001
S21400A4B038B50546FFF74EFD204B04465A68012A7C
S21400A4C004D11F494A609A699207FCD10020FFF721
S21400A4D04BFF042803D12BF0C9FA2BF0CFFA194A08
S21400A4E024F0407395421FD0174A95421FD0174A52
S21400A4F0D16811F0060FFBD19068936091684B40CD
S21400A50013F4F81F16D12846FDF766FD0020FFF766
S21400A5102BFF042810D133F0D1F80021FFF7EEFC12
S21400A520BDE83840FFF7D8BE43F00073DFE743F0DE
S21400A5308073DCE79060E9E738BD00BF00C00150DB
S21400A54000E0015040420F0080841E0000000150D1
S21400A55070B504460020FFF707FF03287CD045F6B9
S21400A5600E030221414AC2F88030414B9962012114
S21400A57003F580539962936DD903FCD4D4E9001394
S21400A5801B0543EA0163E17B94F823500B43217BD0
S21400A59043EA0143617B43EA0133A17B43EA81132B
S21400A5A013619169D4E904031B0643EA806301F052
S21400A5B000410B43A17EE07E0B43217E43EA01432C
S21400A5C0617E43EA01239361E169136A002923F05F
S21400A5D00D0343EA010314BF0121002143EA80036F
S21400A5E043EAC103136294F8203094F82200916A7B
S21400A5F04FEA431331D194F8216021F0330143EA46
S21400A60006130B4343F0010393621A49174A936DEE
S21400A61031EA0303FBD10221154B9962936D5B006F
S21400A620FCD41369A16823F4700343EA0153136151
S21400A6304FF000420E4B9A6118B9022203F5805380
S21400A6409A6215B901220C4B9A6294F824301BB119
S21400A650064B0A4AC3F8802070BD21F03301294317
S21400A6600B4343EA40039362EFE700BF00C000508D
S21400A67000D000500300014000E00050F1A7FFFFAB
S21400A680014B93F900007047075F0020014B1880CC
S21400A690704700BFB06E00200C4A10B51369044620
S21400A6A043F00403136133F079FB2BF0EBF9084B0E
S21400A6B0084AC3F8202430BF2BF0E5F902F066F90B
S21400A6C01CB9BDE8104032F0F9BF10BD00ED00E047
S21400A6D000E003500000FFFF034A0179D36E23F029
S21400A6E030030B43D366704700400050F8B504466D
S21400A6F00D461F4616464AB101238B403021184AA4
S21400A70001FB0022F7B141F21001535004EB440361
S21400A710072D4FF00F014FEA031316D8A80006FACC
S21400A72000F281400F4818442BF0B0F94EB90123CF
S21400A73030210B4AAB4001FB042277B141F21001F5
S21400A7405350F8BD42F21001DFE7A5F10800800083
S21400A75006FA00F281400448E5E742F21001EFE70E
S21400A76000C0035004C003500CC00350012200F583
S21400A770805310B55A60244B244AC3604369134083
S21400A780FCD18361C0F89830436913F4401FFBD1B5
S21400A7904369DA052CD4836F53BB43699B0529D4E0
S21400A7A0D0F8883033BB0121C26FD0F88C2000F57A
S21400A7B000525160302183600361C3620362016707
S21400A7C0C0F880101249884208D142F2600411494C
S21400A7D08464016543658465016643660C49884266
S21400A7E002D10020102B08D10B4B5362936210BD90
S21400A7F0436FCDE7D0F88430CFE703F1280441F863
S21400A80024000133EEE700BF1200020052000100F0
S21400A8100040005A00C002808F330F80084608B5FB
S21400A82069B91820FFF7D2FCB0B10C4B984206D994
S21400A8300B4B9B68C3F302730133B0FBF3F0094B79
S21400A84000F5742000F23F20B0FBF3F001387F28BB
S21400A85028BF7F20C0B208BD0120F0E7005A620280
S21400A8600040005A40420F000B4B10B5994228BFDB
S21400A87019460C461AB91820FFF7A8FC0246631EB4
S21400A8801344B3FBF4F0A34228BF00F1FF300328C3
S21400A89028BF0320C0B210BD005A620210B510488F
S21400A8A0104C002B08BF04468C4228BF0C461AB931
S21400A8B01820FFF78BFC02469DF8083040F2FF3068
S21400A8C00133B2FBF3F2631E1A44B2FBF4F3A24266
S21400A8D028BF03F1FF33984228BF184610BD00BFBB
S21400A8E080969800404B4C002DE9F04F2DED068BDE
S21400A8F0B64D0C4616462946002285B00746FFF799
S21400A900B3FF94F805800122804538BF804607F5DE
S21400A91000535A6020795FFA88F850B91820FFF77C
S21400A92055FCA842014628BFB0FBF8F13846FFF7B1
S21400A93075FF4FF00009E37822781B01524202F0BF
S21400A940020203F03003134362780004524202F01E
S21400A95004021343A27800F4FE00524202F00802FA
S21400A96013434FEA087202F0E04213431843E388A9
S21400A9702289B8603B616389DFF85CA243EA024340
S21400A9803B62574502D1B9F1020F08D1012307F502
S21400A99080577B6005B0BDEC068BBDE8F08F0022CB
S21400A9A035788B488B49B468954218BF01462B46CC
S21400A9B08948CDF80080FFF771FF07EB09118B6C13
S21400A9C0A2B223F0405323F4EE2323F01F0305F036
S21400A9D003041C43737882424FEA830303F01C038C
S21400A9E044EA0304B37838BF02461B03F07803F446
S21400A9F0E0432343040404F4E024234334794FEA79
S21400AA00091C240704F0405423438B648C6C09F122
S21400AA10050BC4F30234013C7049042C26D8DFE849
S21400AA2004F0252503101A00D1F88041240C2DB31C
S21400AA30C2F309020AEB0B135A6009F1010910363A
S21400AA409FE7D1F88441002DF2D1D1F88C11A4B241
S21400AA500914490015E0D1F88441002DE8D1D1F859
S21400AA608C11240C091401EB41010AE0D1F8804155
S21400AA70A4B2002DDCD1DFED5A7A06E0D1F88C11B5
S21400AA80091407EE901AF8EEE77A01210CF1B44C9F
S21400AA900CF5804C2304DCF8483024F4C045C3F39E
S21400AAA0820C0CF1010C01FA0CF107EE101A4FEAB9
S21400AAB0854548BF45F0004513F01C0FB8EEC79A11
S21400AAC0F6EE008A454B55D1D3F88C110BB208EE42
S21400AAD0103AB8EEC88A38EE278A9FED42AAF7EEFB
S21400AAE0049A00285DD103922BF04AF807EE900AEC
S21400AAF0F8EE677A87EE8A7AC9EE877A27EE888A32
S21400AB00039A9FED397AC7EE097A9FED387A67EE99
S21400AB10877AB1EE007AB5F1004F48EE077A0BD08F
S21400AB209FED337A06EE104A77EE876ABAEEE86A49
S21400AB30F0EE477A56EE267AF5EEC07AF1EE10FA87
S21400AB40CBBFF1EE677A78EEE78A77EEE87AFDEE2D
S21400AB50E87AC8BFFDEEE77A17EE901AB1F5003F27
S21400AB602ADB6FEA55456FEA45451B484FEA0B114D
S21400AB7045505DE7D3F8901169EE286A09B207EEF2
S21400AB80101AB8EEC77AD3F8881177EE677A0BB248
S21400AB9008EE103A87EEA67AB8EEC88A38EE078A2C
S21400ABA09BE7D6ED037AF8EE677A87EE8A7AC9EEE7
S21400ABB0877A27EE888AA4E711F5003FAABFC1F37B
S21400ABC0110145F400350D43CFE700BF005A62027D
S21400ABD0404B4C00809698000040005A0080E00FE2
S21400ABE00000000000007A4400008043000020447B
S21400ABF00000004941F67132034BDA63012203F587
S21400AC000053DA60704700BF0000035041F671320F
S21400AC100121044BDA6303F50052D1600022DA63A7
S21400AC20704700BF00000350044B1868421C02BF68
S21400AC30034AD2F894001860704700BF806900206D
S21400AC4000400050CB784A7810B55B010C7843EA98
S21400AC5082030A79234343EA02130C22424302F199
S21400AC60B0421363012C02BF8A78024B43F82020BF
S21400AC7010BD00BFD080035008B54FF0B0435A68EF
S21400AC8002B960B15B680BB12AF0A2FF4FF0B04189
S21400AC9030B10120074B58602AF09AFFC86008BD03
S21400ACA02AF096FF0223CB602AF092FF0122024B85
S21400ACB05A60F4E700100058002000584FF0B041EA
S21400ACC04B6810B50BB12AF083FF01220B4BC478FA
S21400ACD05A608378934043EA840344782343047994
S21400ACE043EA0413447943EAC4038B60044B5A6076
S21400ACF00378C3F10203CB6010BD00BF00200058EC
S21400AD0000100058054B5B69C3F38512827003F090
S21400AD103F021B0B42700370704700BF00C0075015
S21400AD200120034B9B680A3303F01F0398407047CB
S21400AD300080E00F034BD3F82424D3F820041040FF
S21400AD40704700BF00C003502DE9F8431E4B054670
S21400AD50D3F810334B1E0E2B0E46174690F8009075
S21400AD6044781DD909B34FF000082846D7B134F00F
S21400AD7001FC09EB4903072C4FF00F014FEA0313C0
S21400AD8015D8A400114808FA04F2A14018442AF085
S21400AD9027FFBEB928468FB1BDE8F84334F0EABBBA
S21400ADA08846E2E72AF02BFFE3E78846E1E7083C1F
S21400ADB0A400074808FA04F2A140E7E7BDE8F84314
S21400ADC02AF01DBFBDE8F88300C0035004C003503E
S21400ADD00CC003502DE9F041204B1646D3F8102343
S21400ADE04A1C05460C46407804D1D3F824142AF0B1
S21400ADF014FF0446002C2EDB072C14DC03274FEA36
S21400AE0084082A7807FA08F73946154802FA08F23D
S21400AE102AF0E6FE6A78394602F00302114802FA82
S21400AE2008F22AF0DDFE012316F0050F0E4A18BFC1
S21400AE300E4903FA04F30CBFC2F81034C1F81034FC
S21400AE4016F0060F18BF094AC2F814340123064A42
S21400AE50A340C2F820342046BDE8F08100C003506D
S21400AE6000C4035008C4035000E0035000D0035051
S21400AE7070B504462FF023FB064630B90FCC044DC0
S21400AE800FC594E80F0085E80F00304670BD00BF80
S21400AE90C03D002047F6FF739A42F0B570D00229F5
S21400AEA070D8394B5B5C022B6CD8384DDE0005EB56
S21400AEB0C304A77815F83330012F394638BF01216F
S21400AEC0012B16D1E078401A0021884205D8012FC0
S21400AED02CBFC0190130C0B2F0BD431A6568A0EBA4
S21400AEE0530335F913509542D4BF194603F1FF308A
S21400AEF0EBE760680028EFD0B0F90040944204DB2E
S21400AF00B0F902409442B8BF144683883544FF2BFC
S21400AF1019BFC8232827B0F90630B0F90870A3EB8C
S21400AF2004030CBF0122002293FBF7F36E78134450
S21400AF301BB29E4201DD002B01DA731E1BB24FF4DA
S21400AF407A7C00EBC305EA88AD685F1C14FB0252EE
S21400AF501D4622EAE2723BB25C329E42B2FBFCF233
S21400AF6004DD00EBC307BF889742EAD200EBC503B7
S21400AF709888904228BF1046884238BF0846AAE7FD
S21400AF80FF20A9E70020A7E707970400C03D0020A0
S21400AF900229F0B560D8314B595C02295CD8304B99
S21400AFA013F83100012816D103EBC1039C78D8783A
S21400AFB0012C214638BF0121904294BFC1EB00010D
S21400AFC0C1EB0201001BCAB28242C8BF00225B6806
S21400AFD033F91200F0BD002A3CD003EBC1035968D8
S21400AFE0002939D09878904202D3B1F90200F1E7EF
S21400AFF0DC78B1F900009442ECD95C788B88013C8F
S21400B000A3F1FF06734201F10405E4B2734101F1B6
S21400B0100C07DEB2B44216D805EBC3034FF47A75BC
S21400B0206A43B3F902405B68D21A04EBD47302EBAE
S21400B030630292FBF4F29042CCDBB1F9020090423C
S21400B040C8DC10B2C6E737F833C05E1C9445E3D3BD
S21400B0503346DEE70348BDE70348BBE7079704002F
S21400B060C03D00200CFEFFFF0080FFFF08B504482F
S21400B070FFF7FEFEBDE8084001202FF026BA00BF0D
S21400B0800C9704007FB51422002101A810F066F981
S21400B090044B01A94FF0FF3002932FF05CFA07B083
S21400B0A05DF804FB006A18002DE9F0418CB0884674
S21400B0B0DDE912761D460446002847D0002945D013
S21400B0C0002F43D0002E41D013F00F033ED120486E
S21400B0D02049A360002A08BF01462362C4E9001382
S21400B0E0404609A92AF02BFE68BB2046099934F091
S21400B0F09CFA2946204634F098FA694640462AF0DB
S21400B100ADFE00BB694620462AF0D8FE404603A99D
S21400B1102AF0AFFEB8B9204603A92AF0CFFE06975C
S21400B1200127204645F0005506A9079708952AF0FE
S21400B130C5FE204609A909960A970B9534F09BFA96
S21400B140204634F055FA0CB0BDE8F0812120FAE72D
S21400B15000010004000101042DE9F04F97B0894674
S21400B16090461F460546DDF880A0002800F0BB800C
S21400B170002900F0B8803AB1229B002B00F0B38083
S21400B180239B002B00F0AF80BAF1000F00F0AB80DD
S21400B190219B002B00F0A78067B13C680026229B0D
S21400B1A043440293464507D307B13C60002017B0DE
S21400B1B0BDE8F08F3C46F1E75CB1229B219A9B5D8F
S21400B1C0125D01345340239A04F00F049355013660
S21400B1D0E8E7A8EB060BBBF10F0F58D9434B4846E0
S21400B1E0C5E90034AC602C6213A92AF0A8FD00283B
S21400B1F0DDD1284613992BF00F0B34F016FA59467A
S21400B200284634F012FA484604A92AF027FE0028F9
S21400B210CDD1284604A92AF051FE484607A92AF0AF
S21400B22028FE0028C3D1284607A92AF047FE012396
S21400B23022992F4ACDF828A00B930C928A190D92CA
S21400B24028464BF000520AA90E9303920F922AF05A
S21400B25035FE28460DA92AF031FE239B039A99193C
S21400B2600123109111931292214A284610A9CDF875
S21400B2704CA01493159234F0FEF9284613A934F026
S21400B280FAF9284634F0B4F95E4400288FD1229BA0
S21400B29003EB060B239B1E44029B9B4501D14646AF
S21400B2A080E7ACB9219B2246CDE900A3494610238E
S21400B2B02846FFF7F9FE00287FF479AF0AF110025E
S21400B2C012F8013D0133DBB213700BB95245F7D1CA
S21400B2D0219A1BF8013B125D0134534006F8013BEE
S21400B2E004F00F04D8E7212061E700BF0303000441
S21400B2F0100000207FB50E461D460446F0B102B988
S21400B300E3B901230192029345F00053039300230F
S21400B3100B4AA360C4E900232362204601A92AF051
S21400B320CDFD3146204634F080F92046294634F0DB
S21400B3307CF9204634F05CF904B070BD2120FBE7B0
S21400B34000000943084B984202D0084B984207D1A8
S21400B3500B88B3F5105F14BF6FF0850000207047B0
S21400B3606FF08500704700BF004440040013C0041F
S21400B3701038102808D8064BC34013F0010F0CBF36
S21400B3806FF08600002070476FF08600704700BFA1
S21400B390010101002DE9F04FA7B008AFCDE9050186
S21400B3A0DDE93295DDE9346A00210792384610223D
S21400B3B09846DDF8D8B00FF0D1FF102200210CA877
S21400B3C00FF0CCFF069B2BB96FF08604204627B003
S21400B3D0BDE8F08F079B002BF6D0B9F1000F01D126
S21400B3E0002DF1D1309B13B9319B002BECD116B94F
S21400B3F0BAF1000FE8D1BBF1000FE5D04046059941
S21400B400FFF7A0FF04460028E0D1014628221CA82A
S21400B4100FF0A4FF2022214614A80FF09FFF1CA8BF
S21400B42034F0F9F8002840F0AF80DDE90612059800
S21400B43014AB2AF08FFD04460028C7D11498FFF7F6
S21400B44097FF04460028C1D115B9CBF80000BDE728
S21400B450B14518D209EB05039E4214D25545B3D820
S21400B4602A46494630460FF0CBFF554B984526D026
S21400B47006D3544B984524D003F54073984520D006
S21400B4806FF08504A2E74F4B98451BD003F5407339
S21400B490984517D04A4B9845F2D1554594D815F0A3
S21400B4A00F0291D12B46CDE9009614A91CA8FFF7F0
S21400B4B0FBFD814600285CD1CBF8005086E7B146FC
S21400B4C0EDE7B1461022002110A80FF047FF5545C2
S21400B4D03FF67AAF3C4B9845319B39D10D2B7FF424
S21400B4E073AF01238DF84030309B0DF1410203F11C
S21400B4F00C0153F8040B8B4242F8040BF9D11B786D
S21400B500137001238DF84F3015F00F0842D025F048
S21400B5100F034B440DF1300C03F1100E6246186811
S21400B5205968083303C273459446F7D10F2D33D8B4
S21400B53025F00F03334403930CABCDE9017310AB36
S21400B54000934246002314A91CA8FFF705FEB0E7A7
S21400B550102B7FF439AF309B10AA03F1100E9446DF
S21400B560186859680833ACE8030073456246F6D19C
S21400B570CAE75246002130460FF0F0FE0023B9F12C
S21400B580010FCBF8003002D06FF092041EE76FF088
S21400B5908B041BE70F2D8FD910ABCDE902960093D5
S21400B5A00197002325F00F0214A91CA8FFF7D4FD6D
S21400B5B081460028DDD1B8F1000F3FF47DAFB7E734
S21400B5C0004440040010C0040013C0042DE9F04FEE
S21400B5D08A46A1B00021DDE92A56DDE92C790590DE
S21400B5E0934606A8102298460FF0B8FE10220021B7
S21400B5F00AA80FF0B3FEBAF1000F05D16FF086046B
S21400B600204621B0BDE8F08FBBF1000FF6D00DB993
S21400B610002EF3D117B9B9F1000FEFD12E9B002BF6
S21400B620ECD040460599FFF78DFE04460028E7D18A
S21400B6300146282216A80FF091FE202221460EA8C9
S21400B6400FF08CFE16A833F0E6FF002854D15A46B9
S21400B650514605980EAB2AF07DFC04460028CFD153
S21400B6600E98FFF785FE04460028C9D116B92E9B12
S21400B6701860C5E7BD4216D2AB199F4213D24E459D
S21400B680BCD83246294638460FF0BAFE3A4B9845A3
S21400B6905BD003F54073984531D0384B984511D0B0
S21400B6A06FF08504ACE7344B98454FD003F54073F4
S21400B6B0984525D0314B9845F2D14E4503D96FF0C9
S21400B6C089049DE73D46330798D133460122CDE9EC
S21400B6D000570EA916A8FFF7E7FC2E9B05461E602E
S21400B6E000288DD04A46002138460FF037FE00234A
S21400B6F02E9A012D13603BD06FF0920480E73D46F2
S21400B7000D3E4E45DBD801238DF828302B460DF133
S21400B710290205F10C0153F8040B8B4242F8040B86
S21400B720F9D11B780D3513704FF48073ADF83630B1
S21400B73006AB01930AAB009332460023CDE90257CD
S21400B7400EA916A8FFF708FDC7E73D46103E4E4572
S21400B750B5D82B460DF1280C05F1100E6246186878
S21400B7605968083303C273459446F7D11035DFE7AE
S21400B7706FF08B0444E700BF0010C0040044400490
S21400B78010B54FF42F72002104460FF0E7FD80231A
S21400B790C4F88C30054B04F19C00C4F884300123B7
S21400B7A084F88830BDE8104029F020BCF20104007F
S21400B7B010B5D0F8A0400A468CB92AF0E1FD044640
S21400B7C010B90024204610BD2D2896BF064B074909
S21400B7D053F82010064A07482AF018FFF2E7D0F878
S21400B7E0A4101046A047ECE7F8970400F501040003
S21400B7F04AFF030025030400F8B590F8806004466D
S21400B80016B100263046F8BD2AF0EDFB0028F8D128
S21400B810012384F8803094F8883033B1D4F884104B
S21400B8201F4884F888602AF0F1FE4FF0FF37D4F8FE
S21400B830B402421C1FD0C4F8B47210F0FF052CD01E
S21400B84020462AF0CDFB2946204600F0A7FB00281C
S21400B850EDD020462AF0D2FB94F888303BB1D4F8DD
S21400B86084100F482AF0D2FE002384F88830002384
S21400B87084F88030C6E72AF0AEFE431CDDD1D4F84B
S21400B8808C30D4F89420013B9A4204DB054A0649E2
S21400B89006482AF0BBFE0126E9E70126C7E700BFF7
S21400B8A0C01404004AFF030003020400250304003A
S21400B8B0F8B50B780446302B0D46164604D14B7867
S21400B8C003F0DF03582B11D0284F6A1E12F8011F11
S21400B8D0002934D128460A220FF030FC202C0346DB
S21400B8E00D4631D1B1FA81F040091AE04A1C1F49D1
S21400B8F012F8013F8BB928460FF02CFC1C4B02387F
S21400B9002340032B12D10134A41084420AD1A87814
S21400B91037288CBF0020012003E0CB5C13F04400E6
S21400B920E6D1F8BDCCBF01200020FAE7002CB8BF56
S21400B9300334B0EBA40FD4BF01200020F1E77B5CFA
S21400B94013F00400C2D1ECE726B1084302D0013B55
S21400B95061F100050122A240013A1A40002D08BFFD
S21400B9609A420CBF01200020DBE700BFE9BD0400BF
S21400B97003000080F0B5037801467B2B17D10646FE
S21400B980022400220B4F16F8015F7D2D05D10B5DBA
S21400B9906BB9D24302F0010008E07B5D13F044006F
S21400B9A002D001320134EEE7202DFBD0F0BD00209E
S21400B9B0FCE700BFE9BD040070B506460D460FF073
S21400B9C0C9FB044630462AF021FE044EAC4200D3A2
S21400B9D070BD30462AF01AFE0134F7E7980B0400D3
S21400B9E02DE9F84F044602215148FFF7E5FF1E21D6
S21400B9F02068FFF7E1FF636858682AF007FE4D48A5
S21400BA002AF004FE67683B7BFD2B12D8D7F8088027
S21400BA104FF0FF3640460FF09DFB0546DFF81091CD
S21400BA20DFF870A1DFF84CB10C3717F8013BFF2B9D
S21400BA3001D1BDE8F88F212B18D8212B36D8DFE8A6
S21400BA4003F0377274111B1D1F213535353535351A
S21400BA503535232527292B2D2F31353535353535E9
S21400BA6035353D33344C002D2BD12EE0334C344A43
S21400BA70FE2B08BF1446F6E7324CF4E7324CF2E7EA
S21400BA80324CF0E7324CEEE7324CECE7324CEAE769
S21400BA90324CE8E7324CE6E7324CE4E7324CE2E779
S21400BAA0324CE0E7324CDEE7324CDCE7234CDAE798
S21400BAB0314CD8E72AF09EFD01362AE0002DB4D09E
S21400BAC02E4C202B06F10106AFD002214846FFF788
S21400BAD073FF1E214846FFF76FFF50462AF096FD7B
S21400BAE0594620460FF090FE2549002818BF2146EB
S21400BAF024482AF08BFD3B78202B02D12B202AF0FD
S21400BB0079FD21482AF082FD4DB118F806301F2B2A
S21400BB1005D018F806001F2801D0AE42CADB05483B
S21400BB202AF074FD81E7194C9DE7194C9BE700BF8E
S21400BB30384D04004AFF0300AD020400BF020400B3
S21400BB40A41C04000A0304001103040002030400FA
S21400BB50FE020400F5020400EB020400E102040009
S21400BB60F6020400EC020400E2020400D70204001D
S21400BB70D0020400C7020400AC020400B2020400B3
S21400BB80BD020400C01404003606040009030400C5
S21400BB90100304008C1D04002DE9F04F9BB00546F1
S21400BBA08B460024009203930FF0D4FA249F039B45
S21400BBB004901C6028463C600AAA09A92AF048FDA1
S21400BBC0064658B90A980FF0C5FA3446B046039BA5
S21400BBD01860D5F89C300293029B1BB920461BB018
S21400BBE0BDE8F08F029BD3F80890B9F1000F6CD037
S21400BBF02E4416F8013B202B11D000260C2373434D
S21400BC0009EB030A59F803300193002B58D0099B1F
S21400BC10434555DB9AF808202AB1721C39E03B6888
S21400BC2001333B60E5E73968D5F894200793039B1A
S21400BC30521A1A601AAB03EB880151F8403C01997E
S21400BC40184605930FF0A0FD06900028E5D1019850
S21400BC500FF080FADDE906230146DAF80400D7F88B
S21400BC6000A090F80CC0BCF1FE0F16D103F1FF3E09
S21400BC70C64512D0D0F80090059801920FF06AFAE7
S21400BC800AF1010A019A50442B5C23B1386008F18E
S21400BC9001081646B2E70130F6E7D5F8942005917C
S21400BCA0A2EB0A028A4220DC58460FF053FA0599A6
S21400BCB001447B290DD958461F4A009929F0BDF941
S21400BCC02B46049A2A4493422CD1029B1B6802936B
S21400BCD082E7DDE90012584629F0AFF95846174AC0
S21400BCE00099013429F0A9F997E7BCF1FE0F94D129
S21400BCF0013B434591D1D0F800A0DFF840905AF8B8
S21400BD000C2B22B9049B3B60039B1A60D8E758466D
S21400BD10009929F092F94A465846009929F08DF97B
S21400BD200134ECE713F8011B0029CCD14FF02001B9
S21400BD3003F8011CC7E700BF17030400980B0400B4
S21400BD402DE9F047002486B01C60DDE90EA8064603
S21400BD5089468AF800401168154888F8004017465A
S21400BD601D468DF81740FCF7A5F818B901242B6876
S21400BD7001332B600020D6F89C6036B914B101233D
S21400BD8088F8003006B0BDE8F087B06868B14B466A
S21400BD900021CDE902A8CDE900750DF117022AF0C1
S21400BDA08EFA9DF81730002BE8D13668E5E700BF1D
S21400BDB01C0304002DE9F0470446ADF5447D8022BF
S21400BDC0002104A802AF0FF0C9FA8022204600978F
S21400BDD003AB04A9FFF7E0FE01283DD104A80FF04D
S21400BDE0B9F903993B68461A0B4426EAE6762344DB
S21400BDF0054604A83246014418460FF03FFC0022D0
S21400BE008255D4F89060039B3968D4F89020194482
S21400BE10B14212DCD4F89410E81A0244C4F8902018
S21400BE20014404AAC4F89410D41825182B1B002B20
S21400BE300DDC0DF5447DBDE8F087A05C2AF0DAFB4A
S21400BE40D4F8903001360133C4F89030DBE714F8AC
S21400BE50010B2AF0CFFBE9E7EBDD24AD80220021C1
S21400BE6028460DF5887A0FF079FA0DF110094FF48F
S21400BE700072002150460FF071FA4FF001084A4652
S21400BE80002312F8016BA6B904A84AF828300FF070
S21400BE9061F92946334698451CDB19F8016B0DF508
S21400BEA0887C5CF8042B82420CD101F8016B0133CC
S21400BEB0F1E7202E03F1010304BF4AF8283008F109
S21400BEC00108DEE70DF1100E7244D25CB242E8D0F3
S21400BED00022EA54D4F89060039BB3422FDC23463A
S21400BEE02C4A04A92C482AF091FB28460FF032F978
S21400BEF00646039B3F68F61A1F4426EAE672E019D8
S21400BF0017441D44E11904F1900399423CD904F109
S21400BF109803984238D26A1E81190B1A002B27DD27
S21400BF2012F8013F00F8013BD4F890300133C4F812
S21400BF309030D4F894300133C4F89430EDE7D4F858
S21400BF4090300136E05C2AF055FBD4F8903001338F
S21400BF50C4F89030C0E7D4F89020013B0132C4F812
S21400BF609020D4F894200132C4F89420002BF2DC00
S21400BF7000232E44E355731B002B7FF75AAF15F8AA
S21400BF80010B2AF037FBF6E729460FF077FB33461E
S21400BF90ECE700BFF2010400210304002DE9F8439A
S21400BFA0D0E9245604460F46002294F89830012B18
S21400BFB007D10A2F07D1002384F898300020BDE867
S21400BFC0F88300F29F801B2F01D10223F4E70D2F88
S21400BFD00DD1012384F898300D202AF00BFB0A209F
S21400BFE02AF008FB00230120C4E92433E7E74FF0DA
S21400BFF00008082F84F8988034D1454530DDB542D6
S21400C0000FD138462AF0F6FA20202AF0F3FA013D3E
S21400C01038462AF0EFFA013E04F80580C4E92456B3
S21400C020CCE7FBDA05F1FF3938462AF0E3FA04EBF1
S21400C0300903A6EB0902611918460FF0E1F904F8A6
S21400C04006800146013E48482AF0E0FA35464D454E
S21400C05001DC4D46E2E708202AF0CCFA013DF6E77F
S21400C060ACD0DBE77F2F1CD1002EA7DDB542A5DACA
S21400C0706319691C21441846721B0FF0C1F904F8B5
S21400C0800680014639482AF0C1FA0820013E2AF007
S21400C090B1FAB542F9D1D4F89430013BC4F89430E3
S21400C0A08CE70A2F98D0092F03D12046FFF782FE8F
S21400C0B084E7D4F88C30013BB3427FF77FAFB542BC
S21400C0C004EB050805F101090CDB384688F800701A
S21400C0D0D4F89430C4F890900133C4F894302AF021
S21400C0E089FA6BE74146721B04EB09000FF088F9EA
S21400C0F040462AF08BFA0820013E2AF07BFAB54229
S21400C100F9DDE2E7022B06D15B2F01D1032353E7CB
S21400C11084F8982049E7032B7FF450AF413F84F81A
S21400C1209820032F3FF64AAFDFE807F002070A160B
S21400C130012120462AF00FFA40E74FF0FF31F8E7DA
S21400C140B542BFF63BAF605D2AF054FAD4F89030A3
S21400C1500133C4F8903031E7002D7FF72FAF013D53
S21400C1600820C4F89050BAE72A0304002407040005
S21400C17008B50248FEF79CF9002008BD00B4C404C8
S21400C18030B58BB06C46174D0FCD0FC40FCD0FC416
S21400C19095E8030084E80300134BD3F84C21120300
S21400C1A01CD5A3F5FE431C884FF6FF739C4208BFC0
S21400C1B08C248DF81940FEF763FA204480F30800BB
S21400C1C08DF818000948FBF70DFF6846FEF7C0F922
S21400C1D03220FEF75BFA00200BB030BDD3F850419A
S21400C1E0E4B2E6E7B09804000080E00F00F04902F1
S21400C1F00028ACBF00F16040064B4FEA0111C9B2FF
S21400C200ABBF00F5614000F00F0080F80013195432
S21400C210704700BF14ED00E008B533F09DF90B4BF6
S21400C2201A7872B901221A7033F091F96FF004028D
S21400C23010460132052152B2FFF7DAFF3D2AF7D148
S21400C24008BDBDE8084033F082B900BF085F002093
S21400C250002807DB01234109034A00F01F00834042
S21400C26042F82130704700BF00E100E0054B421164
S21400C27053F8223000F01F0023FA00F0C04300F00D
S21400C2800100704700E100E0002808DB01224309B6
S21400C290034900F01F008240603341F823207047B6
S21400C2A000E100E010B5044633F049F9024B1C608B
S21400C2B033F040F9002010BDE83D002010B533F003
S21400C2C03EF9034B1C6833F035F9204610BD00BF1D
S21400C2D0E83D002038B50C461546014610B9FFF774
S21400C2E0EDFF01462B46224603480DF047FF002887
S21400C2F0D4BF3720002038BDA767030008B500F07C
S21400C300E3FB18B16A21024833F01BFA002008BD8F
S21400C3102F03040008B500F049F80C4A536A43F4AA
S21400C32070235362EFF308834FF0CD31084A043B85
S21400C330934208D200F070FAFFF7E0FFBDE808402D
S21400C3400448FEF795BD43F80419F1E700ED00E058
S21400C350080000200C97040007B5042200200DEB0F
S21400C36002012EF070F8042803D0D721044833F0D9
S21400C370E8F9019800F0DCF903B05DF804FB00BFB3
S21400C3802F030400082310B50C0A41400648C9B222
S21400C39041F30002013B024013F0FF0382EA510121
S21400C3A0F6D184EA010010BD2083B8ED38B5FEF75B
S21400C3B03BFC044629F006FCE3072AD4012210467B
S21400C3C0114600FA01F3234002F1010223D01D4B6F
S21400C3D033F811301C48062B028844881B4920D1AC
S21400C3E04FF20F039C4219D1B2F5406F28BF4FF4AD
S21400C3F0C0624CF23C330A80438040F201730A88E4
S21400C4009A4201BF124B134AD2E90001C3E9000168
S21400C41015E00021DBE7102AD2D1DBE74FF4C0623B
S21400C420E7E740F20725AB420AD14FF20F05AC42D0
S21400C43006D19A4204D14CF23C320B80428038BD81
S21400C4400B80DAE7749A040044660020FA5700204E
S21400C450EC3D00203C660020014B1888704700BF6A
S21400C460FA570020014B1888000A7047FA57002038
S21400C470044B05481B881A0AB3F5406F38BF00EB1B
S21400C48082007047FA570020449A0400044B18882C
S21400C490044B020A53F82230C0B203EB8000704708
S21400C4A0FA570020149A040010B5044633F04BF8EF
S21400C4B04FF20F02044B1C805A80BFF35F8FBDE81B
S21400C4C010402AF03AB900BF446600206D4A2DE9B4
S21400C4D0F0416D4B55686D4C5D65516A99656C49C8
S21400C4E0D1F80002D865D1F80412586B1966916A23
S21400C4F010F0040F5966D16A4FF000009966116B70
S21400C500D966516B1967D26BD8645A67D3E90E1295
S21400C51018BF11465F4A91421A655DD301F12000AB
S21400C520A04259D88869C5F308051864CE69062D57
S21400C5305E6455D1584DA84252D3584DA8424FD2AA
S21400C54005884DF6426085424AD11868C3F89000C7
S21400C5505868C3F8940040F20170A242154604D20F
S21400C5602E680432B6F1CD3FF7D00022C3E91E2272
S21400C570C3E92022C3E92222641BDFF81CC1434D15
S21400C580DFF818E19C648D422DD8D3E91EC7D3E9A5
S21400C5902065D3E922414FF0000E013AD2B2FF2ABD
S21400C5A03CD1BEF1000F05D0C3E91EC7C3E9206524
S21400C5B0C3E92241B3F85430C3F308030C2B3BD82D
S21400C5C0022B54D9DA1E092A51D8DFE802F0315777
S21400C5D0404350505050504D0021C3E910112D4992
S21400C5E04FF42060B9E755F8044D6445CBD3744545
S21400C5F0C9D2E607C7D50026294F57F8048FA045AD
S21400C600C1D00136062EF8D132B1013AD2B202F1CB
S21400C6101E0643F82640B6E70522F8E7E0464FF048
S21400C620010EBC4637462E4625460C464146B4E724
S21400C63040F60120BDE8F0813B2B18D1194B9B69D1
S21400C64013F0020F40F2025318BF1846F2E740F606
S21400C6500320EFE740F6042240F20173B0F5206FA6
S21400C6600CBF10461846E5E740F60520E2E740F620
S21400C6700722013B4B2B98BF1046DBE740F6022013
S21400C680D8E700BF00ED00E0AC65002008100020F1
S21400C69000E100E008000020D042000060FB03003C
S21400C6A0206600200080015A00F00CB800F00AB89E
S21400C6B000F008B800F006B800F004B800F002B8C1
S21400C6C000F000B872B61EF0080F09D01EF0040F76
S21400C6D00DD0DFF850E0AEE8FF1F6FF002000CE070
S21400C6E0DFF840E0AEE8FF1F6FF00E0005E0DFF871
S21400C6F034E0AEE8FF1F6FF006006946EFF30982EC
S21400C7008EE8070086460848084C854501D3A545AF
S21400C71001D384F30888FFF7D9FE84F30888FFF76F
S21400C720C3FE0000AC650020480000200810002072
S21400C7304BF6EF6283B2002B08BF1346044A000C88
S21400C74013804FF6CE2308BF1846024B188070475A
S21400C750B46E0020B26E00200B4BB3F90020188890
S21400C760002AB8BF80F0620042001A80074AB2F979
S21400C770001013880029BCBF83F4805383F00B039A
S21400C7805900118058407047B46E0020B26E0020E9
S21400C79007B5684600F01AF8DDE900010022034BF1
S21400C7A003B05DF804EB2AF0C4BA00BFF43D0020E5
S21400C7B007B5009313460A46014603482AF06DF86B
S21400C7C003B05DF804FB00BFF43D00200249034AB5
S21400C7D00160521A42607047886F002000000120F6
S21400C7E000487047F43D002038B54160044632F0FA
S21400C7F0A6FE05462146044828F0FBFB2846BDE871
S21400C800384032F097BE00BF1C3E0020014828F09A
S21400C810EDBB00BF1C3E00200222014B1A6770478A
S21400C8200040005070B532F08AFE174E0546174895
S21400C83032F030FF3378CBB900F046F9044620B129
S21400C840284632F077FE204670BDFFF7DFFF32F055
S21400C850EBFF0F4B1C6031F01DFC0E4B0E4A1860B0
S21400C860536F43F0010353672AF07FFA00F028F86D
S21400C8702AF092FA094B00241860012328463370E8
S21400C88032F058FEDFE700BF145F0020EC9804008B
S21400C890203E0020483E002000400050243E00205D
S21400C8A0054B1B685843054B00F5742000F23F20EB
S21400C8B0B0FBF3F0704700BF483E002040420F0038
S21400C8C0294B2A4AD3F8003170B503F003031360EE
S21400C8D031F076F94FF4C870FFF7E2FF0022244BE0
S21400C8E024491860244C0B680132D2B20A2A44F854
S21400C8F0040BF9D1034400EBC00003440B601F4B4C
S21400C9001F4D1B7813B3184BD3F8003103F0030305
S21400C910022B22D0032B23D0012B17D130F0E8FEB8
S21400C920024698B1174B184EDC6800231946C4F32C
S21400C9300B04013404EB84040138E4FB06010EF01A
S21400C940A1F9FFF7ADFF2B6803442B601F20FFF70C
S21400C950A7FF2B6803442B6070BD30F013FFDFE7A2
S21400C96032F000FEDCE700BF00800050883E00206A
S21400C9704C3E0020503E0020543E0020185F002011
S21400C980803E002000C0015040420F000122154B9F
S21400C99010B55A67144B154C1B7813B3022032F0AF
S21400C9A034FFF0B131F0FCFBD8B1A36DD90302D54A
S21400C9B0E36D9A0715D40D4B9B6DDB0711D401224E
S21400C9C00B4B1A7032F015FFBDE81040094B0A4AAF
S21400C9D01860136F23F0070343F00303136730F068
S21400C9E06DBE10BD00D00050195F002000C0005082
S21400C9F0165F00207C3E0020008000500122014B84
S21400CA001A707047195F002007B5FFF7C1FE01A82E
S21400CA10FEF778F99DF80530012B25D1234B9A6D4A
S21400CA20D20311D45A6B6FF3162242F4BC1242F4AE
S21400CA30A0625A631A6B22F4704242F440421A63B0
S21400CA401A6B42F4E0621A639DF8043063B94FF043
S21400CA5000531B68164B1B68164B1B68164B1B684F
S21400CA60164B1B68164B1B68164AD2F8803043F0EC
S21400CA700303C2F880302AF097F9FFF7CDFBFFF7E3
S21400CA8077FBFFF77DFB0DF0C3FBFFF7CBFE00F057
S21400CA901BF82AF08AF9FFF73DFC2AF095F92DF0ED
S21400CAA00CFB03B05DF804EB2AF080B900C0005020
S21400CAB0004000200080002000C000200000012070
S21400CAC0004001200080005070B532F045FD144E45
S21400CAD005463478FCB9134B1C60134B1C60134B93
S21400CAE01C6000F031F8012031F048FC31F03AFCCF
S21400CAF00F4B0246186020B9284632F028FD232046
S21400CB0070BD234640F2E7310A480EF0BBF80A4BE8
S21400CB10186001233370284632F019FD0020EFE735
S21400CB201C5F0020983E0020943E0020A03E00207F
S21400CB309C3E002018FCFFFF903E0020014B18682A
S21400CB40704700BF903E00201FB50024184B1868A1
S21400CB509A880290D3F806009B7A00901548ADF8A4
S21400CB600C208DF8043032F095FD02A88DF80840B0
S21400CB708DF80C40FEF7A2F8694601208DF80040BB
S21400CB80FEF760F81F220C4B9A615A614FF0B042D4
S21400CB90936A13F00803FBD113620120FEF76CF8CA
S21400CBA00A20FFF771FB0A20FFF752FB04B010BD06
S21400CBB09D9A0400E49804000020005810B532F056
S21400CBC0CBFC4FF0B04304465B691A07074A03F0F4
S21400CBD0010003F00D0348BF40F00200536131F03E
S21400CBE0F5FA2046BDE8104032F0B1BC00200058EF
S21400CBF021282DE9F341054604D82C46204602B0EC
S21400CC00BDE8F08100240B4E0B4FDFF83080002388
S21400CC10CDF800801A461946386828F033FD84425D
S21400CC20EBD2222CE9D056F8043BAB42E6D00134D6
S21400CC30EDE700BFBC9D04007C690020FFFF0F00ED
S21400CC402DE9F04F644E654D89B02AF009F9316838
S21400CC502868FCF74DFB0446002827D033680024DC
S21400CC60D3E900019A6912689047336804A89B6963
S21400CC709B689847336802209B69DB689847326850
S21400CC8005985368E7B2B3FBF0F3BB42916904F131
S21400CC9001044ED8CB680020984733689B695B68D0
S21400CCA0984731682868FCF723FB04460027DFF81E
S21400CCB044A1DFF84481DFF84491F4B9484B286872
S21400CCC0DB5D002B00F08380D8F8006002AB3146B5
S21400CCD003AAFCF78FFC2D2807D070B9039B012B05
S21400CCE00BD031462868FCF7D9FEDAF8003031461A
S21400CCF01A682868FCF752FE04460137222F0AF10C
S21400CD00040A08F1040809F10109D6D1B4FA84F33B
S21400CD10344A5B0913702B681B7C33B12AF06CF81D
S21400CD2018B1DB21304832F00CFD204609B0BDE8D2
S21400CD30F08F12680B6907FB002098479FE7D8F82A
S21400CD40003003AA194402AB0191FCF753FC2D28CE
S21400CD50034601992BD0286813B30BF1010B5FFA39
S21400CD608BF18E422868EAD8204BDB5D002BC4D0BE
S21400CD70F3B27E2B2868C0D8D8F8003003AA06EB9A
S21400CD80030B594602ABFCF735FC2D28B5D05946A7
S21400CD902868FCF783FE013604460028E8D0ACE796
S21400CDA0039B7BB999F80020029B9A42D5D099F84C
S21400CDB00030DAF800202868FCF7EAFC0028CCD01F
S21400CDC00446D1E70191FCF769FE0199EFE7084BAD
S21400CDD0A346DE5DC3E700BF5C6900207C690020D7
S21400CDE0989D04001E5F0020B6030400769D040094
S21400CDF0329D0400A89A0400BC9D0400549D0400C3
S21400CE00F8B51F46214B04461B780D46164623B13F
S21400CE1000F47E23B3F50E2F2BD02046FFF7E8FE56
S21400CE202128044614D81A4B53F82010194B1B78A7
S21400CE30ABB1194B212C18681DD8184B1B5DD3B10C
S21400CE403268FCF7ABFD044650B129F0D4FF07E08A
S21400CE50FF2807D93A46314680B229F0E0FC002484
S21400CE602046F8BD4FF4A9710D4832F06AFC002147
S21400CE70DCE70146DAE77F2D08BF00253B46324651
S21400CE8051FA85F1FCF784FCDDE700BF1D5F00204A
S21400CE90BC9D04001E5F00207C690020989D040055
S21400CEA0B603040030B5134600F07E62B2F17E6F22
S21400CEB08BB00DD10A46C0F30B016846FEF71AFA8E
S21400CEC020B140F29311094832F03BFC0BB030BD64
S21400CED05A0829F093FF0028F8D04FF49C710348B5
S21400CEE00BB0BDE8304032F02CBC00BF4704040055
S21400CEF02DE9F743C70705460E46144604D540F20B
S21400CF00E311494832F01DFCE10704D54FF4F271F5
S21400CF10454832F016FC454B93F80080B8F1000FF8
S21400CF2020D043F260239D4208D122463146404835
S21400CF300EF0A4FB002003B0BDE8F083C5F30B079A
S21400CF4005F44055B5F5805F14BF4FF40F204FF43D
S21400CF500E20234632467F21384303B0BDE8F04317
S21400CF60FFF74EBF05F47043B3F5805F3FD1C5F3BE
S21400CF700B05304A05F17E65631E2B44934230D87C
S21400CF802F46DFF8A49007EB0408474542D1AA07CE
S21400CF900ED04FF6FF7336F8022BA81E43EA024364
S21400CFA004220DEB02010193FFF77CFF0235023CE1
S21400CFB0A3070ED0023C24F00103F35A04226FEAC2
S21400CFC003436FEA13430DEB020128190193FFF7A1
S21400CFD069FF002CAED0224631462846FFF762FF96
S21400CFE0A8E740F2FD11104832F0ABFBC8E705F4A5
S21400CFF06043B3F5005F04D1C5F30B0505F53E2588
S21400D000BEE740F20521084832F09BFB6FF00F07A1
S21400D0104546B6E717F8013BFF2BB6D04FF4047130
S21400D020484632F08EFBB0E7470404001D5F002040
S21400D030B66E0020FF03E00F10B500F077F829F079
S21400D04029FF044618B100F079F8204610BD00F01C
S21400D0507BF804460028F6D10122014B1A70F2E74D
S21400D0601F5F0020054B1B7833B1054BC0F313013F
S21400D07000221868FCF7D6BC112070471F5F0020FE
S21400D0807C690020144B2DE9F0411B7805460E46BE
S21400D0901746FBB129F0E5FE012805D9841EE4B247
S21400D0A0012C09D9212412E03B4631462846BDE82A
S21400D0B0F041002200F052B800F038F83B4600225B
S21400D0C03146284600F076F8044600F037F8204649
S21400D0D0BDE8F0811124FAE71F5F0020124B70B5FF
S21400D0E01B7804460D461646E3B129F0BAFE012821
S21400D0F005D9831EDBB2012B08D9212410E0324665
S21400D10029462046BDE8704000F040B800F00EF812
S21400D11020463246294629F0BFFE044600F00EF8A7
S21400D120204670BD1124FBE71F5F002008B532F0D3
S21400D13006FA014B186008BDA43E0020014B186893
S21400D14032F0F8B9A43E0020024B1968024B18686A
S21400D150FCF7CEB85C6900207C69002037B5054630
S21400D1600C46C0F313010848ED02006805D52246B8
S21400D17003B0BDE83040FCF709BA009313462246D8
S21400D180FCF7BEF903B030BD7C69002030B405461C
S21400D1901346074A0C46C0F313011068EA0203D58B
S21400D1A0226830BCFCF7FABB224630BCFCF7F0BA6B
S21400D1B07C690020F7B505460F4614461E461BB987
S21400D1C02125284603B0F0BD0029F9D029F049FEF4
S21400D1D04BF23462ABB2934220D14FF0FF3322467B
S21400D1E06946CDE9003325483346FFF7E3FF0822BA
S21400D1F00546234968460EF0FDFB38B933462246FD
S21400D200694641F2F010FFF7D5FF0546002DD8D14C
S21400D2103246694638460EF031FAD2E741F2F0124D
S21400D22093420FD1174B311908299A6CDB6CC7D87B
S21400D230CDE9002332460DEB040138460EF01EFA07
S21400D2400025BEE702280BD1C5F30C4332199342E2
S21400D250B6D3C5F30B0104F17E6432462144ECE7F5
S21400D260032809D1C5F30C4332199342A8D3C5F35A
S21400D2700B0104F53E24F0E70125A2E7021008C0E2
S21400D280489E04000080E00F10B52CF0B6F82DF094
S21400D2906CF9BDE81040034601210220014A02F065
S21400D2A00BBC00BFDE04040013B5D0E9023253F80D
S21400D2B022301C7820462CF0B2F82346009001213C
S21400D2C00220024A02F0F8FB02B010BDF20404008D
S21400D2D0014B18782BF078BC205F0020FF232DE947
S21400D2E0F04F8FB01122002108A88DF813300EF0F1
S21400D2F035F808A82AF026FE01210220B04A08AB1D
S21400D30002F0DAFB41F24903AE4A0121022002F0A4
S21400D310D3FB06A82AF045FF08A90DF113002AF052
S21400D3204BFF02200021A84A02F0C6FB00202BF08B
S21400D3307CFC10B106A809F0CDFB9DF92A3001212E
S21400D3400220A24A00939DF82B3002F0B5FB2CF089
S21400D35050F8831EDBB2FC2B054631D80121022093
S21400D3609B4A02F0A9FB01249A4E9B4FDFF8D0821D
S21400D370234632460021022002F09EFB05A9E0B2B9
S21400D3802CF039F8034650B1A0F11602012A40F2FB
S21400D390AA8042460121022002F08EFB0CE09DF995
S21400D3A014303A4601939DF816300121009302206E
S21400D3B09DF8153002F080FB0134E3B29D42D7D8C9
S21400D3C0BDF8284007F072FF23460021834A0090EC
S21400D3D0022002F071FB02200021814A02F06CFB61
S21400D3E000202BF022FC10B108A809F073FB0121E5
S21400D3F07C4A022002F060FB2BF059FF04462BF01B
S21400D40054FF23460121784A0090022002F054FB84
S21400D41008F024FC00210220744A02F04DFB9DF81F
S21400D4201330FF2B65D000210220714A02F044FB26
S21400D43001216C4A022002F03FFB2AF0C2FE0121C5
S21400D44003466C4A022002F037FB07F007FF002174
S21400D4500346694A022002F02FFB2AF0B8FE044673
S21400D4602AF0B7FE23460121644A0090022002F00B
S21400D47023FB32F073F908F099FC01210346604A59
S21400D480022002F019FB0025DFF8B88108F08EFCB8
S21400D490ECB2A04233D832F061F90123594A19465A
S21400D4A0022002F009FB00202BF08EFB564B574C57
S21400D4B00093012100230220554A02F0FDFA23685A
S21400D4C063B1012102201B78524A02F0F5FA236864
S21400D4D0012102205B78504A02F0EEFA2BF079FB2D
S21400D4E00FB0BDE8F08F012102204C4A02F0E4FAAA
S21400D4F062E7002102204A4A02F0DEFA98E7494B2A
S21400D500204603EB0416D6F8089008F009FD82467C
S21400D510204608F051FC444F00280CBFC346BB46CB
S21400D520204608F0FDFC0AF0B7FA002808BF474678
S21400D530534600210220CDE900B73C4A02F0BCFA6F
S21400D540B37901210293B388022001937388384A85
S21400D5500093337B02F0B0FA0026DFF8ECB099F8BF
S21400D5600430F4B2A34203D832F0F8F801358DE760
S21400D57014235C43D9F8007002203A5B07EB040AD8
S21400D5809AF90C3000922B4A002132EA230228BF77
S21400D5905A461346284A02F08FFA00202BF045FB25
S21400D5A038B150463C5B2AF07BFE014620460AF026
S21400D5B0C1FA01210220214A02F07EFA0136CEE7A6
S21400D5C033050400420504005E0504008A050400D5
S21400D5D0650504007B05040082050400B705040009
S21400D5E0D705040021060400E00504000206040036
S21400D5F0232404000D060400230604003906040054
S21400D6004F060400C8060400E0060400404300205D
S21400D610D4060400EE060400020704009F0504007A
S21400D620BF020400744200200A0504005A060400E3
S21400D6307A06040027050400B0060400384D0400EE
S21400D640AA050400120504001B0504002DE9F74393
S21400D6500025134EDFF8588008F0A8FBECB2A04275
S21400D66002D803B0BDE8F0832701204616F80790DD
S21400D67008F0A2FB0B4A4B46002808BF4246002192
S21400D68002200092084A02F017FAF05D2AF0A5FD83
S21400D69001210220054A02F00FFA0135DCE700BF3F
S21400D6A074420020D15304001D070400384D0400C6
S21400D6B0DB53040008B583685A681178C26853F8CB
S21400D6C02230A1F1650251425141187808F02AFD36
S21400D6D030B9BDE8084001210220024A02F0ECB948
S21400D6E008BD00BF2807040000210220014A02F0FE
S21400D6F0E3B900BF4207040000210220014A02F0FD
S21400D700DBB900BF7007040010B5044686B01822C7
S21400D710002168460DF022FE68462BF0D4F9D4E9C5
S21400D720022052F8203002EB80021B788DF80B3076
S21400D730516891F900108DF80A1091680988ADF8C3
S21400D74008106168091A032907DDD26803F01F0371
S21400D750127843EA42138DF80B30684607F054FE01
S21400D76000210346024A022002F0A6F906B010BDC8
S21400D7708C07040007B500202BF0FFFD0021009069
S21400D780034B0220034A02F097F903B05DF804FB4E
S21400D790990704009F07040013B5D0E9023253F836
S21400D7A0221003EB82035B68087819680023094C93
S21400D7B0A222994208BF2146C01A18BF01202BF0AA
S21400D7C0D0FD01210090044B0420044A02F074F9B5
S21400D7D002B010BD00F8FF0766490400B108040057
S21400D7E013B5D0E9023203EB820153F82230D1E9B7
S21400D7F001141878FF22003818BF01202378096822
S21400D8002BF0AFFD01210090034B0420034A02F0E9
S21400D81053F902B010BD00BFAA070400B108040007
S21400D82008B5002101230C4A2BF00DFC0A482BF00A
S21400D8306BF90020094909F0E5F900202BF0F5F90D
S21400D84010B1054809F046F9BDE80840012104205A
S21400D850034A02F031B900BF51640020BF0704003C
S21400D860384D040010B52AF0B6FC034630B1BDE8CA
S21400D870104001210420054A02F01EB90121BDE82E
S21400D88010400420024A02F017B900BFCD0704007A
S21400D890DE07040010B52BF03BF9BDE81040034648
S21400D8A001210220014A02F007B900BFE90704007F
S21400D8B010B52BF0FEF8BDE810400346012102200B
S21400D8C0014A02F0F9B800BFFF07040037B5D0E9F7
S21400D8D00232012453F822304FF6FF701D78FE22E4
S21400D8E004FA05F100232BF0B0FD2B4600902146EC
S21400D8F00420024A02F0E0F803B030BD130804002A
S21400D900D0E9023253F822301B7823B101210220DD
S21400D910024A02F0D1B8024A137070473208040077
S21400D920205F002007B568462AF03BFC07F0BEFCE7
S21400D93001210346084A022002F0BEF8684609F0B4
S21400D940C9F807F027FF01210346044A022002F027
S21400D950B3F803B05DF804FB48080400620804004E
S21400D96037B5D0E90245406854F82530401B0328F7
S21400D970D8BF002004EB8504C8BFE0681978636848
S21400D980C8BF00781A78A36893F900300090012089
S21400D9902BF0D5FC38B901210220084A03B0BDE8B7
S21400D9A0304002F089B8064B019000930121022016
S21400D9B0044B054A02F080F803B030BD730804003B
S21400D9C07B080400153504008F08040007B5012005
S21400D9D02BF0BDFC48B9009001210220084B094AF3
S21400D9E002F06AF803B05DF804FB054B0190009363
S21400D9F001210220044B054A02F05EF8F2E700BF60
S21400DA007B080400A6080400C46104008F08040014
S21400DA1008B5D0E9023253F8223018782BF04BFCC8
S21400DA2030B9044A0121BDE80840042002F044B899
S21400DA30014AF7E7BB080400D708040008B5D0E998
S21400DA40023253F8223018882BF033FC30B9044ADF
S21400DA500121BDE80840042002F02EB8014AF7E78D
S21400DA60F60804002609040073B50378044613F08C
S21400DA70050F0ED04588062D17D1836801215B68F7
S21400DA80174A1B780193838804200093154B02F0F5
S21400DA9013F82378012B20D001210420114B124AC1
S21400DAA002B0BDE8704002F007B835B9838801219E
S21400DAB004200E4A02F000F8EBE7012DE9D1866853
S21400DAC00B49002009F09EF8304609F003F8294675
S21400DAD00420084A01F0F0FFDBE702B070BD00BF8B
S21400DAE05C09040053090400AE0904007909040027
S21400DAF096090400384D04002DE9F04F00268FB03B
S21400DB00364D09AC0FCD0FC42B6801210220344AD4
S21400DB10236001F0D1FF3446DFF8DC902AF055FB95
S21400DB20F5B2A8420BD82AF050FB234600900121FC
S21400DB3002202C4A01F0C0FF0FB0BDE8F08F284647
S21400DB4005A92BF09AFB0346002841D19DF8143016
S21400DB50032B39D904238DF814302B4600210220DC
S21400DB60214A01F0A9FF9DF814300EAA02EB8303A8
S21400DB7000214A4653F8143C022001F09DFF284637
S21400DB809DF821A09DF815B09DF81870BDF8168078
S21400DB902BF075FB5346CDE9028000210220CDE92B
S21400DBA000B7124A01F088FF01340020E4B22BF0DF
S21400DBB03CF818B10DF1190008F08CFF0021022086
S21400DBC00B4A01F079FF01E0002BC6D10136A5E72C
S21400DBD000210220074A01F06FFFF7E7509E04007D
S21400DBE0C0090400390A04007D050400ED0904009C
S21400DBF04AFF0300140A0400C0140400C3688268C5
S21400DC00013BDBB252F8233002201B78652B14BF91
S21400DC1000220121044B1BBF01211A70034A044A4B
S21400DC2008BF197001F048BF1F6F0020500A04009B
S21400DC305E0A0400D0E9023253F822301A88014BFB
S21400DC401A807047B86E002007B5D0E9023103EBA2
S21400DC50810253F8213052681988054B054812880E
S21400DC6000930088012309F029FC03B05DF804FB4B
S21400DC7069DA0000B86E0020C3688268013BDBB238
S21400DC8052F823305B78A3F1660253425341014AAF
S21400DC9013707047226F002030B5D0E9023253F877
S21400DCA0223089B01D78012302AA194604462BF0BB
S21400DCB0CAF901230093102302210DEB030220462C
S21400DCC02BF0A2F9284604AA02A92BF0D8FB04469A
S21400DCD000202AF0AAFF18B12146044807F076FB78
S21400DCE00020034908F074FF09B030BD6D0A040037
S21400DCF0384D0400002330B58FB00221009309AAE6
S21400DD00122305462BF080F905AA014609A807F05C
S21400DD10E1F8044698B1232805D1134A01210420CE
S21400DD2001F0CAFE09E0212801D1104AF6E70346B1
S21400DD30012104200E4A01F0BFFE0FB030BD0123C2
S21400DD402846194603AA2BF07EF905A903A82BF04E
S21400DD5098FB054620462AF068FF18B12946054874
S21400DD6007F034FB044AD9E77A0A04009D0A040047
S21400DD70D80A0400F90A0400384D0400F0B5D0E9CA
S21400DD80023253F8221003EB82039B6805461F7885
S21400DD9087B038460E782AF028FF044608BBD5E937
S21400DDA0022101238DF80830194452F8210002EBB5
S21400DDB0810200888DF809709268ADF80A00127822
S21400DDC004218DF80C2028460DF10D022BF03BF9AE
S21400DDD0304602A98DF815402BF053FA04462AF077
S21400DDE0F8FE334601210420024A009401F064FE46
S21400DDF007B0F0BD0E0B04002DE9F04101218EB0F6
S21400DE000220274A01F058FE002005AB01AA09A906
S21400DE102BF02FFB00250446224E234FDFF8988078
S21400DE201CB128460EB0BDE8F08102202B463246D3
S21400DE30214601F041FE20462AF0F7FE10B10AA85E
S21400DE4008F048FE3A46002102209DF8303001F0E6
S21400DE5033FE424600210220079B01F02DFE0021E2
S21400DE600220BDF82030114A01F026FEBDF814301D
S21400DE7000210F4A022001F01FFE013501A82AF0FA
S21400DE80CFFEEDB2012102200A4A01F015FE284617
S21400DE9005AB01AA09A92BF0ECFA0446C0E700BFBF
S21400DEA0400B0400860B04008E0B04004224040082
S21400DEB0A30B0400384D04009A0B04002DE9F0472C
S21400DEC0064698B0C0B92AF07EF9074600250EA887
S21400DED02BF0D9FA01210220384A01F0EDFD2C463C
S21400DEE0DFF8E080DFF8E090DFF8E0A0BC4205D382
S21400DEF0284618B0BDE8F0870127E7E713A82BF0FF
S21400DF00C2FA002E4CD0022306A913A88DF84C3076
S21400DF10FE242BF0AAFA00283FD102A913A82BF062
S21400DF20AAFA9DF8593043F001038DF85930002EB7
S21400DF303DD1234631460220214A01F0BDFD9DF821
S21400DF4059300AA943F0010313A88DF859302BF075
S21400DF5092FA00202AF069FE10B114A808F0BAFD63
S21400DF600C9B42460021022001F0A6FDBDF82820A9
S21400DF70002112F4007F0CBF4C23412312F0100F37
S21400DF800CBF6E227922022000924A4601F094FDD0
S21400DF9006A82AF045FE0135EDB20134E4B2A5E745
S21400DFA020460AAB06AA13A92BF061FAB3E752463D
S21400DFB00021022001F080FDC1E700BFAD0B040088
S21400DFC0860B04009A0B0400E90B0400E20B040025
S21400DFD030B5012499B00EA82BF055FA13A88DF889
S21400DFE038402BF0E6F9C0B9BDF84C1011EA04052C
S21400DFF013D121460220444A01F05EFD2946022044
S21400E000424A01F059FD214602203F4A01F054FDE4
S21400E010214602203C4A01F04FFD06A90EA82BF02F
S21400E02024FA20B11022FF2106A80DF097F904A8C3
S21400E0302BF023FA059B01210220354A0093354B2D
S21400E04001F03AFD9DF8123001210220324A009379
S21400E050304B01F031FD00212E4B304A022001F0FA
S21400E0602BFD06A82AF0DCFD13A82BF00CFA0223E1
S21400E0700AA913A88DF84C302BF0FDF900283FD1E3
S21400E0800B9B009301210220254B264A01F014FD2C
S21400E0900121234B244A022001F00EFD0120FFF748
S21400E0A00DFF01211E4B214A022001F005FD002034
S21400E0B0FFF704FF04462AF086F823460090012165
S21400E0C002201B4A01F0F8FC01211A4B174A0220D5
S21400E0D001F0F2FCFFF790FE1749022803461748A6
S21400E0E0174A28BF0A46084928BF01460092CDE9CC
S21400E0F0013102200121134A01F0DEFC19B030BDC7
S21400E1004FF0FF33BDE700BF384D0400FC0B0400A2
S21400E1103A0C0400320C04004A0C04009F3304003E
S21400E120C64104005D0C04006D0C0400740C040071
S21400E1307D0C0400910C0400F80B0400092904006F
S21400E1405B2904009F0C040010B5D0E9023253F896
S21400E15022301C78201E18BF01202BF016F9054A25
S21400E160054B0020002C18BF1A46BDE81040034996
S21400E17008F02EBDCC0C0400C70C0400D50C04001F
S21400E180D0E9023210B553F822301C8820462BF016
S21400E190FEF82246BDE810400020014908F018BDF0
S21400E1A0160D040037B5044607F058F8014638B196
S21400E1B000200D4A0D4903B0BDE8304008F008BD08
S21400E1C0E368A268013BDBB252F8233008481D78AA
S21400E1D00123084A00936C2D08BF024610232046F0
S21400E1E02AF012FF03B030BD640D04006C0D04006D
S21400E1F0086F0020F86E002013B583689A681278BE
S21400E200672A22D101A82BF0D4F80446A8B9BDF895
S21400E2100420174908F0DCFCBDF80430DA070AD4FD
S21400E22013F0020F134B144A18BF1A461349002066
S21400E23008F0CEFC19E0124AF8E702461149002021
S21400E24008F0C6FC22461049F1E7C26801A953F857
S21400E250220003EB82035B6800681B68ADF804309D
S21400E2602BF0ADF804460028ECD102B010BD00BF7C
S21400E2709F0D0400920D0400FC340400C00D040041
S21400E280820D0400D20D0400FE0D0400034A04496A
S21400E2901388C85401331380704700BF0A58002003
S21400E2A0265F002073B5154D01242B78144E13F00D
S21400E2B0040F0CBF02230423124A2146147032882E
S21400E2C002200192EB5C104A0093104B5B8801F031
S21400E2D0F3FB002102200E4A01F0EEFB0D4B29460F
S21400E2E0009332882346022001F02CFC21460220AF
S21400E2F0094A02B0BDE8704001F0DEBB265F002090
S21400E3000A580020255F00200D0E0400FC57002050
S21400E310320E0400540E0400384D040070B5164644
S21400E3204FF48A52114B124DDA805980114B1B88DC
S21400E3301A1E18BF012240EA82000F4A1278003ADD
S21400E34018BF012240EA0210287063B103246B70E4
S21400E3501B0AAB7009F00EFC631C2855EE54074BE5
S21400E36002341C8070BD0124F4E700BFFC57002077
S21400E370265F002008580020245F00200A5800204E
S21400E38038B5D1E902320C46054653F8223002462B
S21400E39019880C4B1878FFF7C1FFE368A2680133B1
S21400E3A052F82330188828F0B9FD4DB1E368A2680A
S21400E3B0023352F823301878BDE83840FFF766BFBE
S21400E3C038BD00BF215F0020F0B50546EB68AA689F
S21400E3D0023352F8233008461C78294685B0FFF7EA
S21400E3E0CFFF204629F048FF204E214F78B3204625
S21400E3F029F04EFF0321441C03AA284627F0F5FD0A
S21400E4003288E4B2C2F1FF0303991B1B9BB28B4216
S21400E41022443CBFC2F1FF03039301230321009370
S21400E4203A449DF80C3028462AF0EEFD039A022C5A
S21400E430338804BF0F48110AFA5408BFC154134466
S21400E4401C44348005B0BDE8F040FFF72BBF2046E3
S21400E45007F00CFC01233288044600930321034690
S21400E4603A4428462AF0D0FD3388E9E70A580020C7
S21400E470265F0020275F0020052307B501210093B3
S21400E4800220044B044A01F017FB03B05DF804EBCE
S21400E490FFF79EBD3B0E0400420E040013B5044673
S21400E4A02AF083FF38B1CDE9004001210220034B5A
S21400E4B0034A01F001FB02B010BD00BF640D04006A
S21400E4C0590E0400194B37B51B783BB901210220C1
S21400E4D0174A03B0BDE8304001F0EEBAD0E9023288
S21400E4E0144C53F8223001211D78638802200093D3
S21400E4F0114A2B4601F0E0FA104B25711B78104D9F
S21400E50063B1012102200F4A01F0D6FA20460E4AD6
S21400E510298803B0BDE8304029F04FBC20460A4A9F
S21400E520298803B0BDE8304029F009BD255F0020EA
S21400E530700E0400FC5700207E0E0400225F0020B0
S21400E5400A580020950E0400265F00202DE9F041B1
S21400E550D0E9023253F8221003EB82035A680C7893
S21400E56017889A68DB68B2F80080C6B01D7800216C
S21400E570304B0220304A0094CDE9017801F09CFA35
S21400E580002D0CBF6E237923012102202B4A01F0B7
S21400E59093FAFF23002D0DF1170606AD01932046D2
S21400E5A00CBF8023402342463946029600952AF047
S21400E5B0A9F90446002835D1307829F063FE0746CD
S21400E5C0B0B128462AF0F0FA1D4BFD28A8BFFD2062
S21400E5D00093234682B20DF11901022001F0B2FA2F
S21400E5E001210220174A01F067FA46B0BDE8F08123
S21400E5F0307829F04DFE60B128462AF0DAFAFD2878
S21400E600A8BFFD200E4B82B200930DF11A013B46C7
S21400E610E3E7307807F02AFB0B4B024600932946C7
S21400E6200123DAE7009001210220084B084A01F096
S21400E63043FADAE762420400AF0E0400D40E040088
S21400E640E6560400384D0400540E04005C1704001F
S21400E650DE0E0400D0E9023253F8221003EB8203E8
S21400E6602DE9F04F5A680F78B2F800809A68C7B064
S21400E670B2F80090DA681B6992F800A01E780021B4
S21400E6802F4B304A0446CDE901890220009701F05D
S21400E69013FABAF1000F0CBF6E2379230121022072
S21400E6A0294A009606AD01F007FAFF220021284607
S21400E6B00CF054FE304629F0E5FD834608B30023EF
S21400E6C0052100932046FD230DF119022AF09CFC3B
S21400E6D02870BAF1000F0CBF802340234A464146FB
S21400E6E03846CDE900562AF0D8F80146144806F018
S21400E6F06DFE01210220154A01F0DEF947B0BDE8A3
S21400E700F08F304629F0C4FD60B1FD230521204678
S21400E710CDF800B00DF11A022AF076FC85F801B0AB
S21400E7202870D6E70590304607F0A0FA059A03460B
S21400E730009205212A4620462AF066FCC9E700BF5B
S21400E74055420400AF0E0400EF0E0400384D0400DE
S21400E7502DE9FF471C465B68E5685B1B00255FFAF2
S21400E76083F803952E46FFF7D9FDEBB298450BD9F3
S21400E7700C9B9B5D282B39D8202B00F2CB800136D2
S21400E780F6B2002B40F0C980FFF78CFD04B0BDE860
S21400E790F087132A2FD801A151F822F063E8000071
S21400E7A075E8000087E80000BBE8000089E7000085
S21400E7B089E7000089E7000089E70000F7E7000026
S21400E7C0F7E70000F7E70000F7E70000F7E70000CC
S21400E7D0F7E70000F7E70000F7E70000F7E70000BC
S21400E7E0F7E7000007E80000E1E80000A3F13102C7
S21400E7F0D1B21329CDD90136F6B2A3F14102032ACC
S21400E800C2D8422B6CD06C4F00213A88DFF8B0A1FA
S21400E810C2F1FE039BB2FF2B28BFFF2301320091FB
S21400E820DBB22046524469B22AF0CAFB3B880AF89B
S21400E830030001331844388011E04FF00409E36800
S21400E840A2682B4452F823301F68F8B209F1FF394A
S21400E850FFF71CFD19F0FF094FEA1727F5D1013520
S21400E86083E7E368A2682B4452F823301878FFF752
S21400E8700DFDF4E7E368A2682B4452F823301888AD
S21400E88028F04CFBEBE7E368A2682B4452F82330F1
S21400E8901F68B7F1807F09D2F8B2FFF7F7FCC7F31D
S21400E8A00720FFF7F3FCC7F30740E0E72B460121FC
S21400E8B00820424A01F000F966E74FF00409E368D1
S21400E8C0A2682B4452F823301F68F8B209F1FF39CA
S21400E8D0FFF7DCFC19F0FF094FEA1727F5D1BEE772
S21400E8E0294603AA204627F080FB0021324F344AEF
S21400E8F03B88DDF80C9002EB030CCAB2914501F19F
S21400E900010102D84B443B80A9E710F802A00CF89E
S21400E91002A0F2E7242B3FF670AF013B232B3FF615
S21400E92033AF01A252F823F063E8000075E8000058
S21400E93087E800003BE8000089E7000089E7000060
S21400E94089E7000089E7000089E7000089E7000002
S21400E95089E7000089E7000089E7000089E70000F2
S21400E96089E7000089E7000063E8000075E800001A
S21400E97087E80000BBE8000089E7000089E70000A0
S21400E98089E7000089E7000089E7000089E70000C2
S21400E99089E7000089E7000089E7000089E70000B2
S21400E9A089E7000089E7000063E8000075E80000DA
S21400E9B087E800003BE800000A580020080F040023
S21400E9C0265F0020094B1B7823B101210820084A46
S21400E9D001F072B8D0E9023253F82230054A1B889B
S21400E9E0012113800820044A01F066B8255F002044
S21400E9F02E0F040008580020700F0400D0E90232E1
S21400EA0053F82230054A1B780121003B18BF01232A
S21400EA1008201370024A01F04FB800BF235F0020A1
S21400EA20960F0400D0E9023253F82230034A1B78CE
S21400EA30012113700820024A01F03EB8245F00202E
S21400EA40C50F040010B5D0E90232044653F8223050
S21400EA50132219880B4B1878FFF760FCE368A2684E
S21400EA60013352F823301878FFF710FCE368A268E9
S21400EA70023352F823301878FFF708FCBDE8104040
S21400EA80FFF710BC215F002010B5D0E90232044623
S21400EA9053F82230112219880B4B1878FFF73EFCEA
S21400EAA0E368A268013352F823301878FFF7EEFBCC
S21400EAB0E368A268023352F823301878FFF7E6FBC3
S21400EAC0BDE81040FFF7EEBB215F0020D0E9023220
S21400EAD053F82230034A1B78003B18BF0123DB00A3
S21400EAE013707047215F002010B5D0E9023253F84A
S21400EAF02230044619880E4B06221878FFF70EFCC3
S21400EB000120FFF7C3FBE368A268034452F82330F2
S21400EB10188828F003FAE368A268023352F8233014
S21400EB20188828F0FBF9BDE81040FFF7BBBB00BF14
S21400EB30215F00202DE9F043D0E902324FF0FD09B5
S21400EB40013253F8221003EB82035A68C7B01788C5
S21400EB509A68B1F80080147853F8043C002C0DF144
S21400EB60170506AE18783A4614BF40238023414660
S21400EB700295CDF80490009629F0C4FE034638B1FD
S21400EB80184A0121082000F097FF47B0BDE8F0833F
S21400EB90201E18BF01200A224146C000FFF7BEFB18
S21400EBA0384628F0BBF92878FFF770FB4A4631460E
S21400EBB0287829F015FB044628B10B4F3D88C5F18F
S21400EBC0FF03984202DD2346084ADAE70246084871
S21400EBD03146284425440CF051FD3D80FFF762FB8A
S21400EBE0D3E700BFFB0F04000A58002017100400EC
S21400EBF0265F002010B5D0E90232044653F82230D2
S21400EC00082219880B4B1878FFF788FBE368A26880
S21400EC10023352F823301878FFF738FBE368A2680F
S21400EC20013352F82330188828F078F9BDE81040F0
S21400EC30FFF738BB215F002073B5D0E902320546E6
S21400EC40023253F8221003EB820353F8042C53F8D5
S21400EC50083C0C781988234B168818780622FFF78C
S21400EC605DFB0020FFF712FB304628F057F92046E0
S21400EC70FFF70CFBEB68AA68033352F823301888BA
S21400EC8028F04CF9EB68AA68043352F82330188849
S21400EC9028F044F9204609F06DF9E8B9204606F058
S21400ECA0E5FF05210446019001AA284627F09DF9B4
S21400ECB0019B01469C4206D0224631460A480BF08C
S21400ECC03BFA02B070BD094D09482E8822463044F2
S21400ECD034440CF095FB2C8002B0BDE87040FFF782
S21400ECE0E1BA00BF215F0020431004000A5800204C
S21400ECF0265F002073B5D0E902324FF48A5153F8EC
S21400ED002230104D1A88104BD9805A8000232A468C
S21400ED1000930121FF232AF077F92B78044613F09D
S21400ED20040F0A4B08BF01261B7818BF032613B131
S21400ED3008F020FFA855064B1C8002B0BDE87040C6
S21400ED40FFF7B0BA265F0020FC570020235F0020A4
S21400ED500A580020D0E9023253F82230034A1B78C2
S21400ED60003B18BF01231370704700BF225F0020CE
S21400ED7010B50C4608B907F089FE024B18715C7195
S21400ED8010BD00BFFC57002002462DE9F341D0E934
S21400ED900253526855F82310D21A0C8805EB8301EB
S21400EDA0013BDBB255F82380294D022A4868C8BFCC
S21400EDB08A682B78D8BFFF210078C8BF11783BB986
S21400EDC001210220234A02B0BDE8F04100F074BEE3
S21400EDD0FFF7CEFF06F06AFA1F4F204E3B8801462B
S21400EDE0224600931E48334629F078FE0246C8B9EC
S21400EDF098F804103B885F2917D1CDE900364FF606
S21400EE00FF712046164B28F0CCFF28B1034601219F
S21400EE100220144A00F050FE0023134A2B70138081
S21400EE20124A137002B0BDE8F0814FF6FB718C42B7
S21400EE3008D9CDE900362146094B4FF6FF7029F078
S21400EE400EF8E2E72146064A009629F03AF8DCE793
S21400EE50255F00208E1004000A580020265F002040
S21400EE60FC5700209510040008580020245F00205E
S21400EE70002210B50A2104461046FFF74FFA00207C
S21400EE8028F04CF80122044B1A70FFF70BFA2046C4
S21400EE90BDE81040FFF778BF4E64002038B51C462A
S21400EEA01546012322462AF0CEF860B921462846A8
S21400EEB02AF0A5FA044620B101210420034A00F0F6
S21400EEC0FBFD204638BD0024FBE700BFBC10040055
S21400EED02DE9F0430C4615461F46D0E9022352F8AA
S21400EEE0231002EB830293680E8893F80080D368A1
S21400EEF08BB0B3F800903246012106ABFFF7CEFF89
S21400EF00F0B90DF1200CF4B101232A884021CDE997
S21400EF1002C2CDE90471CDE900932221434606AA38
S21400EF2030462AF0C7F80B4B0B4A00930B4B019068
S21400EF30002C08BF134601210420094A00F0BCFD3E
S21400EF400BB0BDE8F083624628686968032303C2F5
S21400EF502246DBE71B11040000110400FA1004002F
S21400EF600811040007B501236A4600212AF06BF851
S21400EF706846034908F04EFB03B05DF804FB00BF8B
S21400EF8069DA0000D0E9023253F8223001491888C5
S21400EF9008F012BB69DA000010B5D0E9023203EBC4
S21400EFA08201496853F8223009784FF48A5218884B
S21400EFB02AF070F8BDE81040034601210420014AFB
S21400EFC000F07ABD25110400D0E9023253F8223051
S21400EFD002214FF48A5210B518882AF04DF8BDE881
S21400EFE01040034601210420014A00F065BD00BF21
S21400EFF03E1104001FB5D0E9023203EB820153F83C
S21400F0002230496818884FF48A5309880293094BBE
S21400F010094A0193094B1B7800931278084B2AF093
S21400F020A1F8012103460420064A05B05DF804EB6A
S21400F03000F042BD0C58002026600020256000200D
S21400F04016580020551104002DE9F043D0E902328D
S21400F05053F8221003EB82035A680E8817789A68D2
S21400F060DB688BB092F80090B3F80080324604213B
S21400F07006AB0446FFF712FF28BB08AD01232A465D
S21400F0800521204629F0DFFF38B9042001210F4A68
S21400F09000F012FD284629F084F84FF48A53CDE993
S21400F0A004930023CDE9025303232121CDE90083F5
S21400F0B006AA3B46304629F0FDFF01210346044AD6
S21400F0C0042000F0F9FC0BB0BDE8F0836D110400DD
S21400F0D09C11040038B5D0E9024303F18043023B9B
S21400F0E002220F4954F823009D000CF083FC60B9FF
S21400F0F00C4B0D491A78042A0BD82C44A0680088BB
S21400F10021F8120001321A7038BD084B08491A78E7
S21400F110F1E70121BDE838400420064A00F0CCBCE7
S21400F120903A040026600020165800202560002033
S21400F1300C580020AE11040008B5C368806803F1BF
S21400F1408043023B0222064950F823000CF052FC92
S21400F15010B9044B187008BD0022034B1A70FAE76A
S21400F160903A0400266000202560002037B5D0E9DC
S21400F170023153F821208C0015784268521A012A71
S21400F180C5BF1B195B686C091C78DCBF44F018040B
S21400F19005F01F052946204629F0A8FE034640B183
S21400F1A02346012104200E4A009500F085FC03B09A
S21400F1B030BD0121A94074B92346FE224FF6FF70E8
S21400F1C02AF043F9012103460420064A03B0BDE8AD
S21400F1D0304000F071BCFE2241EAC461EEE700BF99
S21400F1E0C4110400E411040070B5D0E9021551F80A
S21400F1F0253001EB8501044618884B681A788B6821
S21400F200052A1B8802D85E1E072E0BD90121042072
S21400F2100C4A00F051FCBDE87040012104200A4A67
S21400F22000F04ABC6468641B032CCABFC96807495F
S21400F23009682AF00AF9BDE8704002460449002031
S21400F24007F0E0BC021204002212040000F8FF07D8
S21400F2503F12040008B5D0E9023253F8220003EB4F
S21400F26082035968FF22038809684FF6FF702AF068
S21400F270ECF8BDE8084002460149002007F0C2BC91
S21400F2805212040008B5D0E9023253F822300521A4
S21400F2904022188829F0F0FEBDE8084002460249E0
S21400F2A0002007F0AFBC00BF7312040008B5D0E919
S21400F2B0023203EB8201486853F82210027840239A
S21400F2C00988312029F02BFFBDE808400246024994
S21400F2D0002007F097BC00BF9412040008B5D0E9E0
S21400F2E0023203EB8201486853F82210027840236A
S21400F2F00988332029F013FFBDE80840024602497A
S21400F300002007F07FBC00BFAE1204001FB5D0E996
S21400F310023253F8221003EB82039B6808881A789F
S21400F3200023D21A18BF0122CDE9023302A94023D6
S21400F330D20129F003FF01210090044B0420044A67
S21400F34000F0BAFB05B05DF804FB00BF1B1104001B
S21400F350CC12040007B5D0E9023253F8223003215C
S21400F3604022188829F088FE01210090034B0420D3
S21400F370034A00F0A1FB03B05DF804FB1B11040078
S21400F380DB12040037B5C3688268053352F82330B1
S21400F39004211D786A460123044629F054FE38B934
S21400F3A004200121064A00F087FB684628F0F9FE93
S21400F3B02B466A4600212046FFF78AFD03B030BD83
S21400F3C0F512040007B5D0E9023203EB8201486863
S21400F3D053F82210027840230988322029F09FFE35
S21400F3E001210090034B0420034A00F065FB03B0A4
S21400F3F05DF804FB1B1104002613040070B5856934
S21400F4000446EA0705F0020605D476B1C5F30720E0
S21400F41029F0EBFB09E01EB1B2210F4830F091F95C
S21400F420A069C0F3810029F0CFFBE3691BB9BA21BC
S21400F430094830F086F9204614F0D0F9E3693EB169
S21400F440607E9847AB0706D0BDE8704029F0C1BB88
S21400F45020469847F6E770BD3B13040008B514F045
S21400F460D1FD28B1BDE808404721024830F069B90F
S21400F47008BD00BF3B1304002DE9F041FF2B0446F6
S21400F4800F4690461D469DF8186005D0FF2E03D007
S21400F490D521114830F055F90023FF2D18BFAD00D7
S21400F4A00E4A1CBF45F00105EDB222600C4AC4E9C5
S21400F4B0063818BFA561FF2EC4E901232361E76063
S21400F4C007D0A36943F0020323F47F4343EA0623ED
S21400F4D0A361BDE8F08100BF3B130400A83E0020F6
S21400F4E0FDF30000002310B5054C03610460054CD5
S21400F4F0C261C0E901430123C160836110BD00BF42
S21400F500A83E0020FDF3000070B58669044606F0AC
S21400F5100303032B0D4603D1FC21144830F011F9E8
S21400F520FF2D16D0B20704D440F201110F4830F078
S21400F53008F9284628F0F5FFFF28054604D14FF4C1
S21400F54082710A4830F0FDF82DB204EB45142046CF
S21400F55070BDF307FBD5A36913F00C0FF7D040F28C
S21400F5600B11024830F0EDF8F1E700BF3B13040042
S21400F5700023054AC0E9063103610260C360034AFE
S21400F580034B426083607047A83E0020FDF30000F6
S21400F590A937020001482BF058BE00BFA83E002045
S21400F5A001482BF05EBE00BFA83E002013B50E48F3
S21400F5B02BF025FE27F02EFD2AF0D3FD2AF0EFFDD6
S21400F5C02AF0F6FDFCF748FF0446FCF75FFF2346EB
S21400F5D0009001210420054A00F06EFA02B0BDE852
S21400F5E01040FCF73FBF00BFA83E0020CE1304002B
S21400F5F0022808B503D130F09DF8014B186008BD0D
S21400F600D83E002008B50CF00FFF0122044B1A70FC
S21400F61030F019F9BDE8084002490348FDF7E4B8A0
S21400F6202860002088690020DC3E0020014B18700E
S21400F630704700BF27600020024B187808B105F01D
S21400F64019BE7047186F002008B5074B1B780BB122
S21400F650002008BDFFF7F0FF0028F9D106F0E4F916
S21400F660023818BF0120F4E72760002070B5FFF7C6
S21400F670EBFF174D20B1FFF78DFF0428044613D883
S21400F6802B781BB930F0DFF801232B7027F0D0FC65
S21400F6900446D8B12B781BB9F7210E4830F051F844
S21400F6A0BDE87040FFF776BF27F0C4FC0028E7D01F
S21400F6B02B785BB12FF043FF0646002101202EF089
S21400F6C003F930462FF036FF00232B70204670BD1E
S21400F6D028600020EF1304001FB5FFF7C7FF04469D
S21400F6E0FDF72CFAA04228BF204688B103A92EF0C9
S21400F6F0D7FC034638B9CDE90000064A0399064808
S21400F70030F034F818B18E21044830F01AF8012091
S21400F71004B010BD2F700300B83E0020EF130400A5
S21400F7200D4B70B51B780D4D0D4C0121002B0CBFF9
S21400F7302B46234602200B4A00F0BEF90A4B012155
S21400F7401B780220002B0CBF2B462346BDE87040DA
S21400F750064A00F0B1B900BF186F0020AF3A0400A7
S21400F760CE3A04008514040027600020A414040088
S21400F77010B5D0E9023253F8223002201B7801215E
S21400F780002B15BF01240024044A054A00F094F912
S21400F7902046BDE81040FFF749BF00BFC314040071
S21400F7A0E0140400D0E9023253F82230034A1B78F2
S21400F7B0003B18BF01231370704700BF186F00206E
S21400F7C038B50125084B1D702FF0B9FE04462946B2
S21400F7D028462EF079F820462FF0ACFEBDE83840DB
S21400F7E002490348FDF700B8296000209069002010
S21400F7F0043F002070B514F08BFC10F0070F1D4D71
S21400F80011D02B785BB901262E702FF098FE044697
S21400F810314630462EF058F820462FF08BFEBDE8D5
S21400F820704014F039B929F0ECFD0228E9D1124CE9
S21400F8302378032BE5D914F06BFC10B92378032B3F
S21400F84014D814F029F904460028DAD02B785BB1D6
S21400F85000262E702FF073FE0546314601202EF04E
S21400F86033F828462FF066FE204670BD4FF0FF3472
S21400F870ECE700BF29600020CD6400201FB5FFF72D
S21400F880B9FF0446FDF75AF9A04228BF204688B1C2
S21400F89003A92EF005FC034638B9CDE90000064A58
S21400F8A0039906482FF062FF18B18C2104482FF008
S21400F8B048FF012004B010BDF9750300E43E0020A7
S21400F8C0FF14040010B5094C0949002007F080F920
S21400F8D023681B68587928F05AFE23681B685879F5
S21400F8E027F093FE04F092FE002010BD0444002092
S21400F8F08D15040008B529F074FD024628B1BDE850
S21400F90008400020014907F063B908BDB01504009F
S21400F91008B529F07CFD024628B1BDE80840002065
S21400F920044907F055B95422BDE80840FF210248B3
S21400F9300BF014BDC81504002058002038B5044646
S21400F9400D4629F068FD024628B1BDE83840002083
S21400F950034907F03DB9034B23F8145038BD00BFE8
S21400F960E6150400205800202DE9F34100240C4E33
S21400F9700C4DDFF838800C4F56F8043B0BB9D8F81E
S21400F980003035F8022B394600920020224601341A
S21400F99007F01EF92A2CEFD102B0BDE8F08100BFB7
S21400F9A09C69002074580020021604009869002004
S21400F9B008B52A21034829F026FDBDE80840FFF7D0
S21400F9C0D3BF00BF7458002007B5D0E9023253F801
S21400F9D022301A78292A0DD8084B53F822300BB952
S21400F9E0074B1B680749002031F8121000910649A2
S21400F9F007F0EEF803B05DF804FB00BF9C6900203A
S21400FA0098690020745800200216040008B52A21C0
S21400FA10034829F0FAFCBDE80840FFF7A5BF00BF81
S21400FA207458002038B5D0E9023253F8221003EBA0
S21400FA3082035B680C781D880020044907F0C8F82C
S21400FA4029462046BDE83840FFF778BF0D1604006B
S21400FA502DE9F34100240C4E0C4DDFF838800C4F96
S21400FA6056F8043B0BB9D8F8003035F8022B394667
S21400FA70009200202246013407F0AAF82A2CEFD183
S21400FA8002B0BDE8F08100BF9C690020205800202D
S21400FA90021604009869002010B5024627F0CBFD38
S21400FAA020B9044C236811B11343236010BD23EA28
S21400FAB00203FAE7486A00200CB413B502460C4667
S21400FAC027F0B9FD60B9094B1B681A4208D005A992
S21400FAD0049801910AF044FB14B105482AF0CDFAC7
S21400FAE002B0BDE8104002B0704700BF486A002070
S21400FAF00C190400034610B5D3E9023253F822303D
S21400FB0008461C78211E18BF0121FFF7C5FF0146D5
S21400FB1048B9084A084B0220002C08BF1346074A7B
S21400FB20FFF7CAFF10BD00210220054AFFF7C4FFF9
S21400FB30F8E700BF120504000A0504000E190400C9
S21400FB40241904002DE9F04105461F460C46DFF84F
S21400FB502C808E18B44201D1BDE8F08100212846E1
S21400FB6014F8013B069AFFF7A7FF002FF2D0424693
S21400FB7000212846FFF7A0FFECE700BF980B040023
S21400FB8002460249002007F023B800BF35190400DA
S21400FB9010B5234C2348FF2127F02EFA20780228A0
S21400FBA01ED003282ED0012804D02120BDE8104006
S21400FBB0FFF7E6BF1C4B19780029F7D002231B4A33
S21400FBC023701378052B0EBF00230133DBB2994256
S21400FBD0137003D1052313700020E7E7052BFBD035
S21400FBE0124B1B78052B02D103232370DDE7104A46
S21400FBF0104932F8230007F0DFFC032323700028A7
S21400FC00D4D110BD094B0C4A1878094B03EB800180
S21400FC10897833F8200007F09FFC0123EEE700BF49
S21400FC202A6000200C3F0020336000201A6F00205E
S21400FC30C858002019FE0000C5FD00002DE9F04F51
S21400FC400D46144695B00490112200210FA899463F
S21400FC50DFF86C810BF082FB04EB45030393D9F8C5
S21400FC6000301C2B02D0039B9C4202D115B0BDE88D
S21400FC70F08F0123DFF844A18DF81C3023884C4A0E
S21400FC80ADF81E309AF800304A4D08EB83039B7897
S21400FC9028788DF8203013688DF81D00CDF82130B7
S21400FCA05368CDF8253028F096FF049B8DF8290080
S21400FCB021882878002B4AD128F05AFC002844D006
S21400FCC09AF800300FAA38F8230007A927F0CFFCCF
S21400FCD000283AD028F079FA4FF0000B074606467F
S21400FCE01C255FFA8BF2974234D8B7422BD99DF881
S21400FCF01C30032B1AD10FAB0193BDF82130002224
S21400FD000421009301202C4B06F0E8FD9AF8003001
S21400FD1008EB83039978274B187806F05BFE9AF871
S21400FD200030002038F8231028F0A8FE5DB107A99F
S21400FD30304629F0A6FA214B05461B78304638F89F
S21400FD40231029F0A0FAC9F80050023487E728F0FB
S21400FD5006FCB3E710460BA9059229F08EFA30B9D7
S21400FD609DF82C1031B9059AB74208BF16460BF11C
S21400FD70010BB6E7BDF82E00BDF81E209042F6D166
S21400FD809DF830009DF820209042F0D19DF81C2070
S21400FD908A42ECD1032A14BF082202220DF1210167
S21400FDA00DF131000BF026FE002808BF0025DEE727
S21400FDB02B600020196F0020B21B04001A6F002071
S21400FDC0C858002013B503460020114A9C681278D4
S21400FDD00190052A03D01B78032B00D12CB90120F3
S21400FDE002B0BDE81040FFF7CBBE6268217801ABD9
S21400FDF0FFF724FF217A0120E26801ABFFF71EFF20
S21400FE00FF21044802B0BDE8104027F0EDB800BF5F
S21400FE101A6F00200C3F0020094B1B78052B02D0E0
S21400FE200378032B02D00120FFF7AABE8168054A9B
S21400FE300B68054813604B68FF21536027F0D4B861
S21400FE401A6F00202B6000200C3F002038B50024DD
S21400FE50114B124D1870124BFF211C702C7006F0BF
S21400FE60B9FD0122032110460E4B06F037FD4FF672
S21400FE70FF712246084628F004FE044648B940F6BC
S21400FE80B832FF21084827F0A6F801232B70204639
S21400FE9038BDFFF775FEFAE7196F00202A600020CC
S21400FEA033600020384D04000C3F0020144BF0B5A2
S21400FEB01A68144913680978587988420BD1124990
S21400FEC0D78808460022114D1E792B78D4B2A3425B
S21400FED003D8052C0AD10020F0BD0C88BC4202D104
S21400FEE08C78B442F7D001320431EFE7A342F2D166
S21400FEF020F82270013300EB820086702B70EAE750
S21400FF0004440020196F0020C858002033600020E9
S21400FF10FF2307B50021044A04480093FFF7ACFA14
S21400FF2003B05DF804FB00BF91FB00000C3F00200F
S21400FF301FB5B42303210446ADF80E3028F00FFB9E
S21400FF4098B1212320460093002203210DF10E03D1
S21400FF5028F0B4FC04460020054B064A06490094E7
S21400FF6006F036FE204604B010BD8624F3E700BF38
S21400FF705F1904006C19040081190400D0E90232EC
S21400FF8053F82230034A1B78012113700220024ADC
S21400FF90FFF792BD356F0020901904000122014B37
S21400FFA01A707047356F00200A4B90F805111B78C1
S21400FFB090F8082119448A42BCBFB2FBF3F103FB58
S21400FFC011234FF0FF32B8BFDBB202FA03F380F81A
S21400FFD00A317047356F00202DE9FF410446057F42
S21400FFE0867EDFF870806E43237F98F800201344E7
S21400FFF09D4212DB607F60B9238B02936369019395
S214010000237C00936288A31D217805F0EFFDFF2372
S2140100102370002004B0BDE8F081E37EAB42E9D94D
S214010020A77E228BF1199142A4BF921BD7B205EB92
S2140100300323E3813A4633462946204627F031FB1F
S2140100400028E7D1637F3744013301356377BEB2B9
S214010050EDB2C9E7356F002037B5054629F047F9F7
S2140100600D4B04461B6869461B78032B82BF0B4B5E
S2140100701B881B18284688BF9CB229F0C0F938B9DE
S214010080684629F036F918B9044B1B8823449CB2FC
S214010090204603B030BD00BF40430020C06E0020A4
S2140100A0084B1B78FF2B0BD1074B1B78FF2B07D177
S2140100B0064B1B78022B03D04FF4807028F021BD2D
S2140100C0704700BF4C6A00205C4000202C3F002097
S2140100D010B50446FF2126F08FFF054B9C4202BF58
S2140100E00023A4F588742370BDE81040FFF7D8BF3D
S2140100F03C4000202DE9F0479A462A4B81461B7862
S21401010088461646BDF82050002B49D0FF2D3ED913
S21401011038252846BDE8F087234B0C223146A01D22
S214010120636184F80090A4F802800BF069F9A28953
S214010130414642F4004242F040022046A28127F0A6
S214010140C2FA2A46514660690BF05AF941464846BA
S214010150A21D258328F00CFEA0760028D8D00544E1
S214010160013DB5FBF0F0FF28D2DC0023E076204607
S214010170A383FFF731FF054680B923794FF48070DA
S214010180B37228F081FC227C099B1A80C1E7074CD8
S2140101902778FF2FC0D040F60345BAE72770F2E76D
S2140101A00225B6E7356F0020356000205C40002050
S2140101B0B0F9063010B5002B25DA144C2278237CD2
S2140101C0FF2A02D0827A9A4207D0114C2378FF2B5D
S2140101D017D0827A237C9A4213D169B9637F013B97
S2140101E0DBB263775BB90B4A237F12782046134450
S2140101F02377FFF7F1FE0146204627F073FAFFF753
S2140102004FFF012010BD0020FCE700BF5C4000202E
S2140102104C6A0020356F00202DE9F04F9A46B1F95F
S214010220063091B0002B0D461746DDF86880049025
S21401023080F22981B8F80030FF2B04D94FF4B87149
S214010240A6482FF07EFAA64B00241A7893F80401EC
S214010250B3F80211002A40F0A5802E7AA14A12783E
S214010260B24240F2AF800222A3F802711A70AA7A53
S214010270FF2483F804210022A3F8084183F805210E
S214010280A3F80621B8F80020954883F80C21FFF75B
S2140102908BFE3846FFF7E0FE214600EB400292480F
S2140102A026F099FE4FF4807028F0EEFB8C4C94F803
S2140102B00A91B9F1FF0F20D18A4A94F805311278D4
S2140102C01344B34219DC94F80C1184F80531B4F8E0
S2140102D00631204601FB0233A4F80631FFF764FE1F
S2140102E00122824B38461A70FFF7B6FE494600EBEC
S2140102F0400204F5887026F06EFE94F80531B3428C
S21401030060D8DFF8E0B19BF800C00CEB0302964220
S21401031058DA764994F808210878013A002853D02B
S214010320964205DAB8F8002084F80C2100220A70FB
S214010330B6FBFCF901220CFB196994F80A015FFA75
S21401034089F902FA09F2D1B2024076B92889000A7F
S214010350844584F8080108D92046CDE9062105938D
S214010360FFF722FEDDE90621059B94F80A01014309
S21401037084F80A1182B994F80921B4F806C1013249
S21401038084F80921B8F80020DAF800100CEB020016
S214010390FF2826DD0323237094F80831013B9E4293
S2140103A030D138E0AE7A864202D18F4200D11C4667
S2140103B02E7A002C7FF47BAF002A3FF44FAF012A40
S2140103C03FF44CAF01205FE09642B1DA94F80C118D
S2140103D098F800209142ABD004F58870FFF778FEBC
S2140103E0F0E794F80CE1F31A0EFB03C3A01C10FA15
S2140103F083F005920BF004F894F80831059A013B56
S2140104009E4244D0012394F80A2103FA09F3013BE2
S2140104101343FF2B04D122462946384627F054F9C8
S21401042094F8083194F809219A42CBD19BF8003010
S214010430B2FBF3F103FB112212F0FF0218BF1346C1
S2140104402278022A26D1264A0234107851780128C9
S21401045004BF01315170012224F8022CEA88B4F855
S214010460041122F04002EA8094F809210A44591E38
S21401047094F80A3113FB01F31344A8F80030CAF8C4
S2140104800040FFF70DFE002011B0BDE8F08F84F8A4
S2140104900B21C0E76979002994D0032A92D1B4F8D8
S2140104A0062194F80B1108AE11445A1E94F80C312B
S2140104B0284613FB02F30B4400219BB2A21CA8F8AA
S2140104C00030CAF80020CDE900710296049907F0C1
S2140104D05FFD8921304628F048FC7DE7B719040006
S2140104E02C3F0020356F00203C4000203460002067
S2140104F013B5044618B101280BD002B010BDFF2376
S21401050001460093064A0748FEF7B6FF064B1C70E5
S214010510F3E7FFF743FDFF22044B1A70EDE700BF38
S214010520D10001003C4000202C3F00205C40002010
S21401053013B501A909F0D2FE044648B9BDF8063044
S2140105409DF80420034906F043FB204602B010BD87
S2140105508120FBE74E1A040013B5694609F0CAFE6E
S214010560044688B9BDF802309DF80020074906F018
S21401057049FB2046019906F09DFA2046044906F0FB
S21401058027FB204602B010BD8120FBE7721A04004B
S214010590981A040037B5694609F0D0FE044618BB20
S2140105A09DF801309DF80020104906F02BFB104DF8
S2140105B09DF80120E3B29A4206D800200D4906F0C4
S2140105C007FB002003B030BD0198630003F4FF73FE
S2140105D002220021184428F0E1FA294602460020AA
S2140105E006F010FB0134E3E78120EBE79A1A0400DA
S2140105F0C91A0400384D040013B501A909F074FEA8
S214010600044648B9BDF806309DF80420034906F0B3
S214010610DFFA204602B010BD8120FBE7D31A0400A2
S21401062030B500240B4D85B06946E0B228F025FEB2
S21401063050B99DF80030032B06D12946BDF8053088
S2140106409DF8012006F0C4FA0134202CECD105B047
S21401065030BD00BFFA1A040008B50020034906F0B1
S214010660B7FABDE80840FF2000F0DEBA0C1B040014
S2140106702DE9F04F85B006460D46174627F072F86D
S214010680044640B130463A46294627F055F8002040
S21401069005B0BDE8F08F4FF003094FEA15285FFA61
S2140106A084FA6946504628F0E8FDB8B99DF800B0CE
S2140106B0BBF1000F12D1694650468DF800908DF8B7
S2140106C005508DF806808DF8016028F0DAFD0246A7
S2140106D00028D7D05846064906F07AFA0134202C6D
S2140106E0DDD10020034906F073FA8920D0E700BF68
S2140106F0211B0400481B04001FB5002304468DF887
S2140107000F3027F01AF828B19DF80F3063F07F03F9
S2140107108DF80F30182301930DF10F03002200937B
S21401072004214023204628F0B8F8024618B10020DC
S214010730024906F04DFA04B010BD00BF631B040069
S2140107401FB502A909F0E8FD044688BBBDF80820DC
S214010750184906F057FA2046039906F0ABF92046E9
S214010760154906F035FA4FF6F672BDF80810134C27
S2140107704B1E9BB2934219D82368039A1B6858797B
S214010780FFF776FF23681B79012B0BD8BDF80830DD
S2140107900022CDE900030421094B092006F09EF84A
S2140107A028F0DDFA6FF0FF0004B010BD8720E9E7FE
S2140107B08120F9E7821B0400981A040004440020F3
S2140107C0991B040070B504468AB005AD11220021BC
S2140107D028460AF0C3FD204604A909F091FD044607
S2140107E000283AD11E4EBDF810201E4906F0F0F939
S2140107F032681379012B28D84FF6F670BDF8101021
S2140108004B1E9BB2834224D81368587926F0AAFF60
S21401081008B333682A461B68BDF81010587926F0CD
S2140108208AFFBDF8103001220421CDE900430920DA
S2140108300D4B029506F052F828F091FA034620B1C6
S21401084000200A4A0A4906F0C3F96FF0FF000AB011
S21401085070BD8724E5E78B24E3E78120F7E700BF37
S214010860044400209C1B0400B11B0400B51B0400BB
S214010870C01B04002DE9F0479AB004A909F058FD01
S2140108800446002840F0B5809DF810205B4906F02C
S214010890B9F925465A4E9DF81020EBB29A4254D823
S2140108A00020584906F094F99DF81050002D40F0AC
S2140108B099802C462E46544F06A9F0B228F0DDFC4E
S2140108C0C8B99DF81830032B15D13B689DF819203F
S2140108D01B685B799A420ED19DF81D2005F16803CD
S2140108E06B4403F8402C9DF81E200235013403F8B2
S2140108F03F2CEDB2E4B20136202EDDD19DF810304A
S2140109000BB1002C77D00AABCDE90143FF230222BD
S2140109100421009309203D4B039505F0DFFF28F0E5
S2140109201EFA034660B19DF81020002A5FD0384AAF
S2140109303849002C08BF0A460020374906F048F916
S2140109406FF0FF001AB0BDE8F08705986B0003F45E
S214010950FF7302220021184428F020F9314602468E
S214010960002006F04FF9013595E70598730003F46A
S214010970FF7302220021184428F010F90027804650
S2140109805FFA80FA06A9F8B228F077FC00BB9DF85A
S2140109901830032B1CD1D9F800309DF819201B689C
S2140109A05B799A4214D19DF81D30534510D19DF8BC
S2140109B01E30C8F307229A420AD105F168036B4438
S2140109C00235013403F840AC03F83F2CEDB2E4B233
S2140109D00137202FD6D101369DF81020F3B29A4266
S2140109E0C3D88BE70025DFF820902E46F4E7084AA7
S2140109F0A2E78120A6E78B20A4E700BF1A1C04000B
S214010A00C91A0400384D040004440020391C0400AF
S214010A10EB1B0400091C04003D1C04002DE9F043F7
S214010A2089B002A909F072FC0446002867D1BDF816
S214010A300820344906F0CCF84FF6F672BDF8085097
S214010A40DFF8D4906B1E9BB2934254D8D9F800308D
S214010A5029461B685F79384626F084FE00284CD06C
S214010A6026465FFA86F8404603A928F006FC28B910
S214010A702946384603AA26F062FE20B90136202E02
S214010A80EFD14FF0FF08404628F0F5FB014658BB72
S214010A90112203A80AF062FC2946384603AA26F06A
S214010AA04BFED9F800301A79012A18D81B68BDF810
S214010AB00810587928F033F8BDF8083003220421CD
S214010AC0CDE900430920104B05F008FF28F047F94F
S214010AD0034620B100200D4A0D4906F079F86FF063
S214010AE0FF0009B0BDE8F08302460A49002006F07F
S214010AF06FF80124D5E78724D3E78B24D1E781203B
S214010B00EFE700BF5F1C0400991B04009D1C040056
S214010B10C01B0400761C0400044400202DE9F043A9
S214010B20DFF894800020D8F8003021491B688BB08C
S214010B305E79002506F04CF801275FFA85F94846EC
S214010B4001A928F09AFB044690B99DF80430032BBE
S214010B500ED19DF80530B3420AD1484628F08BFBEA
S214010B600146A0B102461349204606F031F8274651
S214010B700135202DE1D1D8F8003000211B685879C5
S214010B8027F0CDFF87F001000BB0BDE8F0831122FE
S214010B9005A80AF0E3FBBDF809403046214605AA40
S214010BA026F0CAFD2146304627F0B9FFE0E700BF30
S214010BB0AA1C0400761C04000444002037B56946CC
S214010BC009F0B0FB044638BBBDF80020134906F017
S214010BD019F8134D2046019905F06CFF204611497E
S214010BE005F0F6FF2B681B68587928F0A7F870B156
S214010BF04FF6F672BDF800104B1E9BB2934209D811
S214010C002B68019A1B685879FFF732FD0446204687
S214010C1003B030BD8724FAE78120F9E7BE1C040043
S214010C2004440020981A04007FB505460024E6B265
S214010C306946304628F021FBA8B99DF80030032B01
S214010C4011D19DF80130AB4204D0FF2D0BD19DF898
S214010C500D3043B9304628F00EFB024618B100208D
S214010C60034905F0B5FF0134202CE0D104B070BD76
S214010C70761C0400034B1B681878012808BF022065
S214010C80704700BF40430020D0E9023253F82230BB
S214010C901A78024B1A7000F0E7BA00BF34610020E0
S214010CA070B5D0E902456B1EDBB254F8230003226F
S214010CB01B490AF09FFE54F8253004EB8504197889
S214010CC063681A78A2F10B030F2B05D9154900208A
S214010CD0BDE8704005F07CBF01290FD1124C914050
S214010CE0236840B90B43114A23600020BDE87040D9
S214010CF00F4905F06DBF23EA0103F4E702290CD181
S214010D0001230C4903FA02F20B6818B913430A4A85
S214010D100B60EAE723EA0203F9E70A460749D6E742
S214010D20E21C0400E61C0400706A0020FC1C04009F
S214010D30041D04006C6A0020171D0400211D040018
S214010D4007B5D0E9023103EB810253F821300B4994
S214010D501B785268012B0A4B08BF0B4612684FF0EE
S214010D6000001A600092074A074B084918BF13464D
S214010D70074A05F02DFF03B05DF804FB706A0020FA
S214010D806C6A00203C1D0400341D0400461D04004E
S214010D90749E040038B5254A254B264C002026496A
S214010DA005F016FF0020254905F012FF22682449A8
S214010DB0002005F027FF2068224C234D05F0E2FEB7
S214010DC02146002005F004FF2A682049002005F08E
S214010DD019FF286805F0D6FE2146002005F0F8FE2A
S214010DE01B4B1C491A781C4B002053F8223005F087
S214010DF0EFFE00F00DF919490246002005F0E8FE65
S214010E00174B00201A78174905F0E2FE164B1749D2
S214010E101A78002005F0DCFE04F020FABDE8384020
S214010E2002461349002005F0D3BE00BF749E04009D
S214010E30601D0400706A0020671D04006F1D040019
S214010E407D1D0400210604006C6A00208E1D04002E
S214010E50626100209F1D0400746A0020B21D040018
S214010E6047610020C61D040046610020D81D04000D
S214010E70EA1D040007B500F071F8054B0090054A1D
S214010E800020054905F0A4FE03B05DF804FB00BF91
S214010E90001E0400749E040081190400F8B504467F
S214010EA00B4F0C4E0C4D00200C4A0D4905F090FEE0
S214010EB020463B7829783278F5F70CFB00233B7007
S214010EC033702B70FF21BDE8F840064826F094B831
S214010ED0626100204661002047610020749E040084
S214010EE0051E04007C40002037B51248FF2126F07D
S214010EF083F8114B187810F0100505D0002003B0C8
S214010F00BDE8304003F01CBF0121B42004F020FBF3
S214010F1004460A4B0A4A0B490090284605F058FE3B
S214010F202046FFF7BBFF4FF4806003B0BDE83040BA
S214010F3027F0E7BD7C400020626100201C1E0400F3
S214010F40749E0400811904000021024A0248FEF73B
S214010F50C9BA00BFE90E01007C40002008B5054B68
S214010F601B7823B11720FFF799FF002008BD022048
S214010F70FCE700BF6261002010B550B1054B00F1DF
S214010F80100250F8044B904243F8044BF9D1024B3F
S214010F90197010BD486100205861002037B5174D03
S214010FA004462B78DB0626D50090154B0020154A03
S214010FB0154905F00DFE1E2C0BD0652C09D0032C0F
S214010FC019D0002028F0D9F940F61C40FFF766FF3B
S214010FD00DE028F0FAF94FF4FA63B0FBF3F202FBE6
S214010FE01300C218FF21094892B225F0F4FF2B78AE
S214010FF023F010032B7003B030BD00BF62610020E8
S214011000351E0400749E0400811904007C400020F3
S214011010014B1879704700BFDC58002070B54C4E64
S2140110208EB0337803F0FB02A3F10905022AEDB274
S21401103058D0042B41F6041257D0A3F108014B42B5
S2140110404B415B0013434348ADF80C3026F0BAFB26
S21401105048B9414B3F4A03F1100153F8040B8B4248
S21401106042F8040BF9D13D4B1B78002B3FD03C4B8B
S2140110700DF10E0203F1100153F8040B8B4242F8F6
S214011080040BF9D103A828F098F92328044610D1B7
S214011090012D49D80020334A334905F099FDBDF8A2
S2140110A00C3003A823F40053ADF80C3028F085F972
S2140110B00446002C41D14FF40C7028F07CF904460C
S2140110C000283AD103F0FAFE012D36D8274A01ABA3
S2140110D01068516803C3264901A828F0D2F978B3ED
S2140110E019242AE043F60412A7E70223AAE7337875
S2140110F0042B0DD0082B0BD01E4B0DF10E0203F165
S214011100100153F8040B8B4242F8040BF9D1B9E7EE
S214011110104A0DF10E0302F1100152F8040B8A4237
S21401112043F8040BF9D1ADE7337803F0FB03022B48
S21401113003D10020104905F04BFD20460EB070BDCE
S214011140044901A828F09DF904460028C8D1F4E70F
S2140111506261002036610020021F040058610020F1
S21401116048610020749E0400591E0400131F0400E9
S214011170649E04001C1F0400B41E040070B5002603
S21401118086B00446252028F0FEF8162200211648CF
S2140111900AF0E4F8154B1E60154B1878FFF76AFD48
S2140111A0022814BF0123042303208DF8083028F0F9
S2140111B038F904238DF810300E4B02A805930394DA
S2140111C003F030FD05460C4B0C4A19680C4B3046B3
S2140111D0A14208BF134600940A4A0B4905F0F8FCE1
S2140111E0284606B070BD00BFDC5800209C40002099
S2140111F062610020DD140100706A0020341D0400C5
S2140112003C1D0400749E04002D1F040008B5134AFB
S2140112101378042B09BF124B01331B78C3F1060365
S214011220DBB2137003F0FD02092A04D11720FFF781
S21401123035FE172008BD0A4A1278002A14BF052277
S21401124006229A4207D1074B18680028EED0FFF70E
S21401125095FF4D20EEE70020ECE700BF626100201D
S214011260586100206C6A002073B51E4C1E4E236820
S2140112703268134334D01D4B1B6853B31C4D2B7877
S2140112803BBB03F0EBFFF8B94FF4806027F0FCFBA3
S214011290184B24681B7894B1C3F102032B7003F03A
S2140112A047FD2046FFF76AFF04460020124B134A0B
S2140112B01349009405F08CFC204602B070BDC3F1C2
S2140112C0060334682B70EAE70121B42004F040F9E4
S2140112D0EAE70020094A0B4905F07AFC0224E4E714
S2140112E00224E9E7706A00206C6A0020404300206F
S2140112F06261002058610020751F0400749E04007E
S214011300811904005B1F04002DE9F347384D394E5F
S21401131000202A792B88384905F05AFC326828794A
S21401132022FA00F010F0010002D1344905F050FC19
S214011330334F3C783CB10822324933480AF05AFB15
S214011340041E18BF0124DFF8DC80DFF8A490DFF864
S214011350B4A014E098F8000049460130C0B288F8FD
S214011360000028F002F8002835D13C783CB108226C
S214011370514625480AF03EFB041E18BF01242A796F
S2140113803368D340DB07E5D5002CE3D100922B88E8
S2140113901E4A1F49204605F01BFC1E4B1878FFF716
S2140113A069FC01230322124927F0E5FF1A4A054684
S2140113B013780133137010B902B0BDE8F0872046E8
S2140113C02B46124A154905F003FC284602B0BDE833
S2140113D0F047FFF763BD0020114905F0F9FBFFF761
S2140113E015FF0028E8D102B0BDE8F04700F01CB8B0
S2140113F0DC5800209C4000207B1F0400AC1F04002A
S2140114006161002059610020EA580020749E0400A2
S2140114107B20040062610020466100201C2004003D
S21401142045200400356100202DE9F041214C224D74
S2140114302378002055F82330204A214905F0C8FBBF
S214011440FFF7ECFD03461D4E1E4FDFF874802BB9E7
S2140114502378042B15D8B3B91B4B15E03246394611
S214011460002005F0B5FBFFF7D1FE00BB237832461E
S21401147055F82330414605F0ABFBFFF7CFFD034699
S214011480E5E7092BE8D1114B00201B68104A1149EA
S2140114901360114B187027F068FF20B1BDE8F041CA
S2140114A00120FFF7FBBCBDE8F041FFF72DBFBDE80B
S2140114B0F08100BF62610020746A0020749E0400FF
S2140114C09B200400A82004006C6A0020706A00209B
S2140114D09C400020DC5800203561002070B51C4C73
S2140114E023789BB3838913F4407F2FD0056835B1E9
S2140114F02A46BDE870400020164905F069BB27F072
S21401150032FF154E03463070144A2846144905F03A
S2140115105FFB33781BB1BDE87040FFF785BF2378CA
S214011520082B0CD8042B0CD80E4B1B78C3F10603E2
S21401153023700D4BBDE870401868FFF71FBE0A2BDD
S214011540F2D1BDE870401820FFF7A8BC70BD00BFFF
S21401155062610020D320040047610020749E0400CD
S21401156000210400586100206C6A002030B5464D09
S21401157003460446454A0020454987B005F028FB46
S2140115802B782BBB01A827F07EFF022301A88DF83C
S214011590043027F066FFB0B93E4901A827F063FF83
S2140115A088B1152C0FD127F010FF47F23153B0FB4D
S2140115B0F3F202FB130000F51C50103080B203F06A
S2140115C0BFFB07B030BD162CFBD103F0F3FBF8E7E9
S2140115D0152C2AD100202D4A2F4905F0F9FA2B782F
S2140115E0042B11D0082B0FD02C4B1B78DA070BD409
S2140115F001A827F0DCFE18B9BDF804309B0703D418
S2140116002B7843F010032B7027F0DFFE4FF4FA63BC
S214011610B0FBF3F2FF2102FB1300C218204892B27E
S21401162007B0BDE8304025F0D6BC27F000FF0446E1
S2140116300028C6D12B78013B092B1ED8134A19491D
S21401164005F0C6FA184A194913780133D8B2107052
S21401165027F08BFE60B12046154905F0B9FAFFF771
S214011660D5FD0028ADD107B0BDE83040FFF7DCBEA0
S21401167007B0BDE83040FFF747BE40F61C4007B054
S214011680BDE83040FFF70ABC62610020749E04008A
S21401169024210400649E04003B21040034610020E0
S2140116A07C4000204E21040035610020DC580020DB
S2140116B0452004002DE9F0410B4686B004460E464F
S2140116C017463A490246002005F082FA4FF0000814
S2140116D00123CDE901380DF116030093424640235C
S2140116E00621204627F00EF9054640B1024630494C
S2140116F0404605F06DFA284606B0BDE8F0819DF833
S21401170016202AB936B900202A4905F061FAF2E70F
S214011710012EF8D082F00103002027498DF81730FA
S21401172005F056FA9DF817300DF1170633B310235E
S2140117300022CDE9006306214023204627F0ADF8BC
S214011740064630B1324600201C4905F041FA3546BE
S214011750D1E74FB90821204626F001FF20B12046E7
S2140117609DF8171027F0DCF90521204626F0F7FE34
S2140117700028C0D0204627F0D0F9BCE74FB9082191
S214011780204626F0ECFE20B120469DF8171027F0E3
S214011790C7F910230022CDE9006306214023204625
S2140117A027F07BF806460028DED0CBE77D23040031
S2140117B099230400B2230400D2230400F223040078
S2140117C0002208B5034B11461B681B685879FFF7C2
S2140117D071FF08BD0444002008B5044B00221B68B5
S2140117E001211B685879FFF765FF08BD04440020F6
S2140117F008B5044B00221B6802211B685879FFF7C5
S21401180059FF08BD0444002010B50123002488B008
S21401181001A88DF80430CDE90244F5F7B7FF20465C
S2140118209DF80420124905F0D3F92046039A114980
S21401183005F0CEF92046029A0F4905F0C9F91022A3
S2140118400E4B0DEB0201188840F0604040F480100A
S214011850FBF718FC20460A4905F0D4F904A827F03E
S214011860DFF92046074905F0B3F908B010BD00BFFF
S2140118700B2404002A24040049240400449E040086
S21401188068240400384D040008B525F0CCFF00207C
S214011890024905F09DF9012008BD00BF852404001A
S2140118A00023054A8360C360044BC0E9002311B1DD
S2140118B04FF6FF730B807047491041B22C3002116E
S2140118C010B5044660B10020064905F081F9052CE3
S2140118D006D002F0CBF904490246002005F078F95B
S2140118E0012010BD99240400AA24040037B5002164
S2140118F06A4601AB054626F057F8044668B1002251
S2140119000F49104605F064F902F0B0F90D49024698
S214011910002005F05DF903B030BD0B4905F058F91C
S214011920012024F05AFF01F099FF431C02D008F071
S21401193025F8F0E721462846FFF7A6FFEBE700BFAC
S214011940D3240400AA2404001B25040038B5054648
S21401195001F084FF044627F0ABF84DB100200E4994
S21401196005F036F9631C14BF2046002007F0C8FFB7
S21401197025F067FF0228044605D0012805D100207E
S214011980064905F025F9204638BD0020044905F032
S2140119901FF90024F7E700BF38250400522504008C
S2140119A06B25040008B50020034A044905F010F928
S2140119B0BDE8084000F050BD15350400842504003C
S2140119C008B50020034A044905F002F9BDE80840BD
S2140119D001F0CAB9A3250400842504001FB5D0E987
S2140119E0023253F8223068461C78214601F0D0FBBB
S2140119F0684601F073FC28B92246044905F0E8F868
S214011A0004B010BD6846FFF771FFF9E7A925040089
S214011A100020014905F0DCB8C52504007FB50DF1AD
S214011A20060102A8FFF73CFF0020264905F0D0F882
S214011A300020BDF80820244905F0CAF80020BDF8AA
S214011A400A20224905F0C4F8039A0020204905F02F
S214011A50BFF800201F4905F0D5F84FF6FF73BDF813
S214011A6006209A4229D000201B4905F0B1F8002033
S214011A701A4A1B4905F0ACF800201A4A1A4905F023
S214011A80A7F800221949104605F0A2F80020154AC9
S214011A90174905F09DF80A220020164905F098F826
S214011AA00A220020144905F093F80A22002013495F
S214011AB005F08EF807B05DF804FB0020104905F02C
S214011AC087F8D4E7D4250400EC2504000526040095
S214011AD01E2604003726040042240400E093040076
S214011AE04D260400C02709006C2604008B2604003E
S214011AF0AA260400C9260400E826040006270400D6
S214011B004A26040008B50020034905F061F8BDE83F
S214011B100840012001F0FAB92427040008B5002086
S214011B20034905F055F8BDE80840002001F0EEB97C
S214011B303D27040030B5104B104D1B5C85B08DF869
S214011B400F302B780446834206D00D4B0D4953F8CF
S214011B502020002005F03CF830232C700A48019321
S214011B600DF10F030093062280231921007826F039
S214011B7094FE05B030BD00BF8B9E04006A61002054
S214011B80989E0400552704001C6F00201FB52323D0
S214011B9003900193064803AB009301228023192189
S214011BA0007826F07AFE039805B05DF804FB00BFC6
S214011BB01C6F002073B5164D04462B78154ECBB11D
S214011BC025F060FE012815D0346040F6B244124B71
S214011BD01B78072B17D02D78C5B925F053FE031EA9
S214011BE018BF01230D48009522461921007826F0DA
S214011BF0D8F903E000233360002CE8D1201E18BF7B
S214011C00012002B070BD02250123EBE70025FBE7AA
S214011C1067610020A04000206A6100201C6F002040
S214011C2008B50448FFF7C6FFBDE808400220FFF7E5
S214011C3081BF00BFC027090010B5064C208826F0DA
S214011C4070FF608826F06DFF6068BDE8104026F0E2
S214011C5077BF00BFA44000207FB523238DF8133043
S214011C600DF11303029304230648019305AB009379
S214011C70012280231921007826F044FE059807B03A
S214011C805DF804FB1C6F00202DE9F047DFF84C914E
S214011C90044699F8000090460F4626F042FC0B28B1
S214011CA099F8002005D9BDE8F04700203F4904F027
S214011CB08FBF00263E4B3F4D1E803F4BDFF820A1D5
S214011CC003EB00135B8801202B802A7104F0A8FE29
S214011CD005F050FF04F0A4FE204604F0A1FE012307
S214011CE0042C8AF800300BD8022C45D89C4216D01A
S214011CF02346BDE8F0470020304A314904F068BF6A
S214011D00062CF5D130462F4904F062FF384604F020
S214011D1087FEFFF791FF97B18AF800600FE04FF654
S214011D20FF76294F3888801B18BF012004F078FE03
S214011D30FFF782FF3888B04201D026F0F2FE192361
S214011D406B8099F8003000202B71204B1B786B714B
S214011D50EB8843F04003EB801D4B198826F08EFE7E
S214011D60034620B1224600201A4904F031FF4046BE
S214011D70BDE8F047FFF71EBF304604F051FEFFF7FF
S214011D805BFFFFF769FF26F0DBFE134B1B78002B8A
S214011D900CBF3F20202004F043FE042CCFD14FF48B
S214011DA0806026F0BEFE3220C7E700BF6827040029
S214011DB00059002004590020744200205C170400DA
S214011DC0B427040097270400F45800201B6F002056
S214011DD0BA6E0020CD270400666100201C6F00202B
S214011DE06761002038B5044605200D46FFF7A2FEC0
S214011DF0184B1A884FF6FD739A4207D100201649F0
S214011E0004F0E6FEBDE83840FFF70ABF65B1134AA5
S214011E1013780133DBB2092B137014D90A22002080
S214011E200F4904F0D5FEEDE7012C0ED10B4B1D70CA
S214011E300C490D48FFF734FDBDE83840002101206C
S214011E400A4AFFF721BF012CF2D0BDE83840074807
S214011E50FFF7B0BEBA6E00200728040069610020B3
S214011E6032280400F4580020A4400020E093040027
S214011E7008B50649002004F0ABFE0548FFF736FD1D
S214011E80BDE8084000210846FFF7ACBF76280400ED
S214011E90A4400020814237B50346154608D20020EB
S214011EA000910F4A0F4904F093FE002003B030BDA5
S214011EB00C1A224600200C4904F08AFE40F6BB5359
S214011EC022460020094904F083FE4FF47A735C43EE
S214011ED0074B01209C4294BF2C602B60E6E700BFB5
S214011EE05C17040087280400C4280400DF280400C7
S214011EF080EE360010B504460820FFF71BFE0D4B9A
S214011F003CB91C700021BDE8104006200A4AFFF7C4
S214011F10BBBE1B78092BF5D90A220020074904F01D
S214011F2057FE0020064904F053FEBDE81040FFF7B7
S214011F309FBF00BF69610020C02709000B2904006C
S214011F404C29040073B51F4D2C7834B100201E496E
S214011F5002B0BDE8704004F03BBE0220FFF7EAFD88
S214011F60FF221A4E1A4B30781A7026F0DAFA0B282E
S214011F7007D920463278174902B0BDE8704004F010
S214011F8027BE154B1549009301EB001101231922B9
S214011F904FF6FD70498805F091FA70B12046104958
S214011FA004F016FE00220F4B0F481C700F4B1A70E0
S214011FB002B0BDE87040FFF7FDBD01240C492C704E
S214011FC0EEE700BF686100205D2904001C6F002059
S214011FD01B6F002068270400D522010074420020F0
S214011FE09E29040067610020C0270900696100205E
S214011FF0C429040038B5144D04462B78052B21D985
S2140120001249FFF75DFC24B918B9114904F0E0FD47
S2140120100424104B195D21B9BDE838400846FFF786
S21401202069BF032C06D02B78052B03D006200A4A5D
S214012030FFF72AFE0021094B08461970BDE8384013
S214012040FFF7D0BE38BD00BF6A610020A440002063
S214012050E6290400819E0400C0270900676100206C
S21401206030B5044689B00720FFF764FD052C0AD178
S21401207000222A4B03A91A7002A804AA01F0FEFD49
S21401208030B1022045E09CB90122244B1A7002248B
S214012090224D287878B1421E504221495041FFF71F
S2140120A055FC022304462B70022C0ED10A200FE0A9
S2140120B0022CE6D1EBE7631F5A424FF005001849A0
S2140120C05A4125F0E6FB0446EEE7032C04D1002036
S2140120D0FFF770FD09B030BD062C06D1002011496E
S2140120E004F076FD01232B70E0E70F4A0F4B2878AA
S2140120F0002C18BF13460E490E4A0094002808BF4C
S2140121000A4600200C4904F063FD201E18BF01207A
S214012110400009B0BDE83040FFF76CBF65610020A4
S214012120A4400020212A04001A2A0400132A0400CD
S214012130022A04000C2A04005C2A040013B51F4C72
S2140121400620FFF7F7FC2278092A09D900201C4946
S21401215004F03EFD042002B0BDE81040FFF74ABF80
S214012160184B1B782BB3002024F05BFB25F08AFB71
S21401217068B9FFF771FD144B196825F07AFB024622
S2140121800420002102B0BDE81040FFF77DBD01A884
S21401219025F076FBFF2809D14FF4FA602378013346
S2140121A0237002B0BDE81040FFF704BD0198FFF7A9
S2140121B0EDFC4FF4FA620320E3E700BF69610020FB
S2140121C0772A040066610020B4400020F023F0B5B1
S2140121D089B0CDE900033448802300221921007814
S2140121E0324E334F26F059FB0020324904F0F0FC02
S2140121F03246394603A801F041FD032804462E4D18
S2140122001CD10626039A2D49002004F0E1FC039810
S214012210FFF7BCFC0020396800F0ACFE2E7001F020
S2140122209FF900220446264B30461A70FFF782FCBF
S21401223084BB09B0BDE8F040FFF780BF28BB7268D9
S214012240204904F0C5FC214604A8FFF729FB059B9D
S214012250726893420BD020461B4904F0B9FC072351
S21401226005202B7009B0BDE8F040FFF7F9BE1A460D
S2140122702046164904F0ACFC0523002101202B70F2
S21401228009B0BDE8F040FFF7ADBD0020104904F0ED
S2140122909FFCF1E7042C05D0042009B0BDE8F0400E
S2140122A0FFF7A8BE09B0F0BD1C6F0020A4400020B7
S2140122B0B4400020AF2A04006A610020E02A04002E
S2140122C0696100201B2B0400542B0400A82B04007A
S2140122D0E42B0400F7B50446876800202378364DC2
S2140122E0012B287004D0354B3549187004F070FC6A
S2140122F026785EBB334B1B78FF2B04D103B0BDE8B9
S214012300F040FFF78DBC304B1B78032B11D82F4CB8
S2140123100320FFF70FFC6946208827F070F8002895
S21401232043D02B49208805F047F920B12E70FFF7DE
S21401233077FC03B0F0BD0124204B26491C7004F045
S21401234047FC0320FFF7F6FB2C70F2E7012E25D1A0
S2140123503B78002BEDD01B4D2B78FF2BE9D1A688BF
S21401236002F0A4FF864206D100201B4903B0BDE857
S214012370F04004F02DBC194BA2881B783BB132B15A
S2140123801749002003B0BDE8F04004F021BC7B688B
S21401239014491B782B700D4B1A80F2E7032E08D1D7
S2140123A008226846A16809F02BF86846FFF70EFF79
S2140123B0BFE700232B70A1E767610020686100205A
S2140123C0FF2B04001B6F00206A610020BA6E0020FC
S2140123D0D5220100C42904001F2C040064610020DA
S2140123E0452C0400702C04007FB5094B1A78FF2A8F
S2140123F00AD1187001F088FB0022064B0DF1060188
S21401240002A81A80FFF74CFA07B05DF804FB00BF7C
S2140124101C6F0020F2580020152838B517D10C4B38
S2140124201D78A5B926F0D1FFC4B2012C38BF01240E
S2140124300120FFF77FFB28462246064904F0C8FB29
S2140124404FF47A706043BDE83840FFF7B3BB38BD40
S2140124506A6100208D2C0400034B1B78022B01D8E7
S214012460FFF770BD704700BF6A61002070B5284C49
S21401247025F003FA2578274EBDB10020264904F041
S214012480A7FB264A13780133137000232370337891
S214012490062B0AD1BDE87040214B1868B0F5FA6FDB
S2140124A038BF4FF4FA60FFF785BB3378013B082B42
S2140124B02CD8DFE803F005090D2B13191D22270080
S2140124C0BDE87040FFF7C8BFBDE87040FFF73ABDF2
S2140124D000232370BDE87040FFF7A2BB2946BDE884
S2140124E070400120FFF77EBCBDE87040FFF726BEB6
S2140124F00220BDE87040FFF7B3BD0120BDE8704083
S214012500FFF7F8BCBDE87040FFF7B2BC70BD00BF76
S214012510676100206A610020BC2C0400696100200C
S214012520A040002010B90520FFF764BD034B1B78BF
S214012530062B01D1FFF79ABF704700BF6A610020E2
S2140125402DE9F0478E68054633189A780C46092A15
S2140125508EB008D90020A34904F03AFB8524204612
S2140125600EB0BDE8F08750B98B899F49895C8B42D4
S21401257005D200919D4904F02BFB8024EFE79C4B8C
S214012580E7881B889F4236D09A490978012932D9B3
S21401259032B13A460020984904F01AFB7E24DEE761
S2140125A0964B1A70934B26791B78052B03D0012B7B
S2140125B03AD8FFF751FF5EB93146204626F0D5FBE3
S2140125C00346002851D030468D4A8E4904F000FB60
S2140125D0D4F80880A48998F8037098F80450002E5F
S2140125E04CD13046884A894904F0F2FA002101208C
S2140125F0FFF7F8FB4FE00021804B1970072A00F225
S2140126008A8301A353F822F0A52501005327010070
S214012610532701006529010065290100652901008C
S214012620FB2B0100FB2B0100022B17D102F03EFE13
S2140126308742B3D00020764A764904F0C9FAFFF7FC
S21401264081FC46BB3146204626F08FFB034610B37D
S2140126506B4A6C49002004F0BBFA1CE06E4A00206D
S2140126606E4904F0B5FA012479E7A3681B78DA0607
S214012670AED432466A4904F0ABFAA9E700210AA8AB
S214012680FFF70EF9032F08D95F4B664A6649009794
S214012690002004F09DFA002461E76B1E632B04D929
S2140126A0594B604A61490095F2E7614BE4B2DB5D44
S2140126B09C4209D0CDE901430020534B594A5D495C
S2140126C0009704F085FAE6E757B3A4B2224605213F
S2140126D0404626F063FABDF82830834203D04A4BC1
S2140126E0554A5649B6E7012F1AD0224607214046D9
S2140126F026F054FABDF82A30834203D0424B4E4AA4
S2140127004F49A7E7032F0BD122460921404626F061
S21401271042FA0B9B984203D13B4B474A494999E7FA
S214012720642D3FF463AF26F050FE6423C0B2B0FBC5
S214012730F3F203FB12030133DBB29D42BFF456AF43
S214012740CDE900530020304B3B4A3F4904F040FAA4
S214012750A1E7284B1B78052B01D03C4A7FE7EB1CF1
S214012760DBB2277BF45C44B123460020374A384964
S21401277004F02EFA00210C460BE00F2F0DD8102383
S214012780204634490093314A3B4604F021FA80241E
S21401279001210020FFF726FBE1E60435EDB22046D5
S2140127A02A4A2D4904F014FA7A1B7119D2B206A8E6
S2140127B025F076F805443A46E9B2304626F0EBF9BC
S2140127C0264D069A2B68264F9A42386001D100287A
S2140127D04AD1244900201D4A04F0FAF98524012132
S2140127E0D7E700BFD92C0400C49E0400F12C0400D6
S2140127F0BA6E00206A610020202D04006761002067
S214012800962D04009E2D0400262E04003B2E040067
S214012810642D0400712D0400C62D0400D32D040080
S214012820F02D0400502E0400582E0400722E0400D1
S214012830879E0400902E0400E5320400CA2E040090
S214012840F42E04001C2F0400432F0400772F0400ED
S214012850912F0400C02F0400D72F0400A4400020AD
S214012860B44000200030040000F08EFF3E68B04205
S2140128700AD200F089FF9D4903463246204604F0FD
S214012880A7F98924012184E7079A6B689A4205D142
S2140128902046974A974904F09BF96BE796490978D1
S2140128A059B19A4209D22046944904F091F99621E9
S2140128B00620934AFFF7E8F95CE7924A924905A891
S2140128C001F0DCF9079E48B96A68964206D88F4936
S2140128D004F07EF90520FFF7C3FB40E632460020F0
S2140128E08B4904F075F939680027002000F042FB97
S2140128F000206E60FFF74AF9864B06201F80FFF71F
S21401290019F9854B1F7001F0B1F90646F8B94FF673
S214012910FF73824A0AA81188994214BF13463B46A0
S2140129206A88298801F012F90AA800F0D7FC58B184
S2140129300AA801F0DDF938B13046794904F048F9C2
S2140129400420FFF757FB0AE6FFF7F8FB07E6042823
S21401295005D1744B1921187825F03AFBFFE5384666
S2140129607149EBE7714B1B78062B01D0704A76E66E
S214012970DFF8A0A1EB1C94F80C90BAF80080DBB24B
S2140129802EB930466B4904F023F98724E7E5F75C56
S2140129902C1D972FE4B22FD025D8812F71D0952FDB
S2140129A067D017BBB9F1100F7FF6E7AD31194A466C
S2140129B00AA824F075FF0444E4B221464A4630468C
S2140129C026F0E9F8231DDBB2053416F803A0E4B2BD
S2140129D0A9EB04035345054666DA00933846534689
S2140129E0534A5549C7E5982F43D03B460020504AE5
S2140129F0524904F0EDF8C8E7B9F10A0F7FF6BDAD0C
S214012A001FFA89F721463A46304626F0C4F805F102
S214012A10080104463A46C9B2304626F0BCF80AAA6E
S214012A2001462046FFF736FA08B9454B0A93B9F135
S214012A300C0F12D905F10C013A46C9B23046DDF841
S214012A40288026F0ABF8044602463E49002004F0F2
S214012A50BFF8AAF8004044440A940A9C3A49224620
S214012A60002004F0B5F82046FFF7A4F824F010FF84
S214012A7011E63649002004F0ABF80320FFF7BAFA56
S214012A8009E6334C23786BB124F0F5FE50B10020F3
S214012A90304904F09DF80023237024F0F9FEFFF777
S214012AA04DFBF8E52C49E5E7DFF8A49099F80030EE
S214012AB043B9FFF7D1F88542034607D01C4A274998
S214012AC00095E5E524F0DEFE0128F2D110220D483E
S214012AD00AA908F08FFF10B9BAF13F0F42D9144A7C
S214012AE01F49002004F074F84FE700BF1F300400B0
S214012AF0772F040057300400636100208C300400F7
S214012B00C0270900A4400020B44000201B2B04006D
S214012B10CD300400F258002069610020F4580020EE
S214012B20EF3004001C6F00200E3104006A610020A3
S214012B30343104004931040076320400583204006E
S214012B40E093040084310400AF310400CE31040068
S214012B5066610020EA31040029320400B232040022
S214012B60EE3204006D4B187099F800304BB124F02A
S214012B7082FE30B1284624F081FE042807463FF441
S214012B808AAD51462846321924F0BBFF28B10020F1
S214012B90634904F01DF8042070E799F800305544A5
S214012BA063B124F068FE48B1FF2FF4D0012F3FF443
S214012BB072AD032F16D124F069FE05462846FEF7AE
S214012BC0E5FF044602460521564824F090FE564B82
S214012BD01B689C420AD3204624F08EFF0520FFF78F
S214012BE03FFA58E524F050FE8046E7E74046FEF7F8
S214012BF0E1FF00287FF44FAD51E74C4B1B7803F003
S214012C00FD03082B01D04A4A29E5A48935B1F2789B
S214012C1022B10020474903F0DBFF2EE7E4B222464B
S214012C20F11C0AA824F03CFE434BBDF82820198865
S214012C30054691420DD04FF6FF718A4209D03C4AB3
S214012C4000203E4B3E4903F0DDFFBDF828203D49FC
S214012C5047E7BDF82A20598891420CD04FF6FF71FC
S214012C608A4208D0324A0020374B354903F0CAFF62
S214012C70BDF82A20EBE70B9A5B689A420AD001322C
S214012C8008D02B4A2E490020304B03F0BBFF0B9A8D
S214012C902F4926E7A4B2E91C2246C9B2304625F0E0
S214012CA07AFFE91DC9B207462246304625F073FF72
S214012CB0431C014606D10820FEF73CFF2548FEF7D7
S214012CC079FFE8E4384606AAFFF7E4F8A8B9214BED
S214012CD00693214B00221978204B187824F0BCFD6E
S214012CE0069C2046FEF766FF224600201C4903F09C
S214012CF06FFF0920FEF71EFFCDE440F6B733069AB4
S214012D009A42E6D840F6B8320020164903F060FF32
S214012D1040F6B833DCE7812421E400BF6961002076
S214012D202133040044330400B44000206A610020CB
S214012D304D33040062330400A4400020E42E040056
S214012D4089330400422404000E2F0400A433040037
S214012D50A13B040080EE36001B6F00201C6F002094
S214012D60DC330400B133040008B50420FFF742F950
S214012D700020FEF7DFFE0023054A19211370054ADD
S214012D801370054B1878BDE8084025F021B900BF3F
S214012D9067610020686100201C6F002010B5164B8B
S214012DA0164C1A78164B002053F82220154903F0CA
S214012DB00FFF2178144B154A0020002918BF1A4628
S214012DC0134903F005FF23782BB1124B00201A6834
S214012DD0114903F0FDFEFEF73FFF0446FEF73CFFF8
S214012DE00E4B196824F076FD2246BDE810400346D6
S214012DF00B49002003F0ECBE6A61002067610020E9
S214012E00989E0400F8330400CE3A0400AF3A04005A
S214012E1005340400A04000201F340400B440002004
S214012E203834040038B5014604460020FFF788FB15
S214012E30054698B1E37C00200A4A0B4903F0C8FE18
S214012E402379042B0AD02946204625F08EFF034617
S214012E5020B10020054A064903F0BAFE6FF0FF00D4
S214012E6038BD00BF5C17040060340400962D0400D2
S214012E709E2D040010B51346094A127882420DD1E0
S214012E8063B1084A002014680A46074903F0A0FE09
S214012E902146BDE810400120FFF752BB10BD00BF20
S214012EA01C6F0020044400208234040010B50D4B32
S214012EB01C782CB1BDE8104000200B4903F088BEF9
S214012EC06420FEF763FE4FF6F0716FF00F02074BBA
S214012ED00320C3E9001222462146BDE81040FEF752
S214012EE0D3BE00BF6A610020BB340400A4400020AA
S214012EF0014B1870704700BF666100200021062054
S214012F00014AFEF7C1BE00BFC0270900014B187079
S214012F10704700BF63610020114B2DE9F041074661
S214012F200D4618680F49101A096824F0D3FCDFF81B
S214012F3040800D4E98F800400346FF2C307004D0B8
S214012F40A8420AD32C44A04207DB3A460020074990
S214012F5003F03EFE337888F800303078BDE8F08123
S214012F60BC400020B84000206B610020E935040019
S214012F701D6F002050EA010208D0FF22054B091AF6
S214012F801A70054B1860054B1960704711461046BC
S214012F90FFF7C2BF1D6F0020BC400020B8400020D4
S214012FA02DE9F04FAFB006AD284600F0FDFD002636
S214012FB0624FDFF8D091284600F090F9044648B9F0
S214012FC000F0BEFD5E490246204603F001FE2FB02A
S214012FD0BDE8F08F39460020F2B203F0F9FD28462D
S214012FE016A900F0FFFD044620B15649002003F063
S214012FF0EFFD8FE0BDF85820534903F0E9FD49463F
S2140130002046BDF85A2003F0E3FD2046BDF85C20BB
S2140130104E4903F0DDFD2046BDF85E204C4903F025
S214013020D7FD2046BDF860204A4903F0D1FD204671
S214013030199A494903F0CCFD2046BDF86820474956
S21401304003F0C6FD204646490DF16A0203F0C0FDB5
S21401305044492046239A03F0BBFDBDF85C30D907EE
S21401306005D520469DF890203F4903F0B1FDBDF8F7
S2140130705C309A0714D500203C4903F0C3FDBDF827
S2140130805830B3F5807F4FD1002025F0CEFD18B122
S2140130900DF1910003F01EFD0020354903F098FD67
S2140130A0BDF85C305B070BD50020BDF8B220314976
S2140130B003F08EFD0020BDF8B4202F4903F088FDF3
S2140130C0062228460DF116030AA924F032FC04460E
S2140130D090BBBDF81620294903F07AFDDFF8A8A0B9
S2140130E0DFF8A8B00DF12808BDF81610A2B291427B
S2140130F010D9B8F800205146002003F069FD0134CC
S214013100D8F804205946002003F062FD062C08F189
S2140131100808E9D16C46204600F05AFD94E80F00F5
S214013120013685E80F0046E70123202200200DF135
S214013130910103F0B1FCAFE7114957E7FB350400F5
S214013140C837040004360400283604005C36040040
S214013150753604008E360400A7360400C036040017
S214013160D9360400EE3604000A370400233704007B
S214013170384D0400363704004F3704006837040022
S2140131809B37040041360400793704008937040070
S2140131902DE9F04188B004AD04462846884600274C
S2140131A000F002FD6E46474507D195E80F0084E81A
S2140131B00F00204608B0BDE8F081304600F008FD5B
S2140131C096E80F0085E80F00284600F087F80137DB
S2140131D00028E8D1014B0FCBE9E700BF3CA1040072
S2140131E01FB5D0E9023253F8223068461978FFF746
S2140131F0CFFF684600F07CFD48B1042809D1074A94
S2140132000020074903F0E4FC05B05DF804FB054A1D
S214013210F6E70020044903F0DBFCF5E7644104000F
S214013220E33704001A3B0400EF30040010B5D0E980
S214013230023203EB8201496853F8223098B00C68D9
S21401324004A81978FFF7A4FF03AB40220093214698
S21401325008AB04A800F0E2FC024628B100200E49A3
S21401326003F0B6FC18B010BD039808A900F00704D7
S2140132700122C0F3C70003F055FC039908A8091BF7
S2140132800144064801232246008803F005FC044851
S21401329003F03EFCE6E700BFF337040010590020B8
S2140132A0384D0400F0B504460D460B4BEF880FCBA6
S2140132B084E80F00AB882E899B0741BFD5F83900FB
S2140132C0D5F83D1004F1080303C3EA6820462780B9
S2140132D066806260F0BD00BFD09E0400102208B573
S2140132E0034908F087FB003818BF012008BD00BF5E
S2140132F03CA1040008B526F0EFFCC288FF21920825
S214013300012A38BF0122024823F065FE012008BDCC
S214013310CC40002038B5134690B10120274A1070E2
S214013320274A00201160274A13600A46264903F0FF
S2140133304FFC02F09DFB254B1870022002F09EFB0D
S21401334026F0E5FCE8B91D4D1D4C2B782BB926F06F
S214013350C3FC2268C368134423601A4B24681B68A5
S2140133609C4229D226F0B8FCC168204606F0AAF88D
S214013370002402462C7050B926F0C9FCFFF7BAFFAC
S21401338003E0FFF7B7FF0028DDD0012038BD204657
S2140133900F4903F01DFC0D4B187802F06FFB00205F
S2140133A00C4903F015FC00F091F908B900F0AEF9EC
S2140133B02046FFF7B7F8E8E70124ECE76D61002047
S2140133C0C4400020C04000201A3804006C61002070
S2140133D0463804006638040038B500F04BFA044657
S2140133E000F042FA241A26F077FC054618B9B121F6
S2140133F01B482CF0A6F9AB8803F00303032B03D07C
S214013400B22117482CF09DF900F02EFA054624F05B
S21401341003FB01238340013B2B4203D0B421104818
S2140134202CF08FF924F0F8FA01238340013B234264
S21401343003D0B5210A482CF084F905F019FE05469B
S21401344024F0EAFA4FF48063B3FBF5F3C440A342D9
S21401345005D2BDE83840BA2101482CF072B938BD12
S2140134607C380400FF2108B5044823F0C5FDBDE8FB
S2140134700840002211461046FFF74CBFCC40002002
S214013480F7B504460E4600F089F8054626F024FCFA
S214013490C3682B449C4220D324F0BEFA2C44C4407B
S2140134A0013C114F3B68DEB1A34219D10134002320
S2140134B0ADF8043000F0E4F9054605F0D9FD103505
S2140134C004FB005405F0D4FD01A90246204605F090
S2140134D021FE24F0B1FA386004E04FF0FF34E0E753
S2140134E0A342E4DB03B0F0BDA06A00204FF0FF3238
S2140134F00A4B10B51A600022094B1A7000F0B4F995
S214013500044600F0B7F9214602460120FFF702FF04
S21401351000280CBF0120042010BD00BFA06A0020B7
S2140135206E61002038B500F0D1F808B9002038BD2A
S214013530094D0A4C2B7823B924F07EFA012320602A
S2140135402B70246824F068FA01348440EED000F031
S21401355025F82044EBE700BF6E610020A06A00203A
S21401356070B50D4C2368002B01DA012070BD00F008
S2140135707BF9054626F0B0FB2468C66824F04CFAB1
S214013580013404FA00F1294401208A19FFF7C2FE2A
S2140135900028EAD00420E9E7A06A0020024B186858
S2140135A00C3024F079BA00BFA46A0020FF2307B5C7
S2140135B00021044A04480093FBF75EFF03B05DF860
S2140135C004FB00BF65340100CC4000200E4B70B5F3
S2140135D01C680546036804F582641C440E46FFF722
S2140135E0DDFF2B68834208D232681A44824208D92A
S2140135F0C31A012033602C6070BD044A126813445C
S2140136001C1A0020F7E700BFA46A0020C84000206B
S2140136102DE9F04FB3F5803F87B00F4698460190ED
S21401362003D3002007B0BDE8F08F03A904A8CDE9B5
S2140136300332FFF7CBFF0024824600F10109DFF8D1
S21401364088B05FFA89F9019BDDE90356AAB27BB11E
S2140136503046109926F047FB0028E2D1B9F1020F57
S2140136602BD1DBF800300493019B03BB2F4421E0F0
S2140136703946304605F04EFD0028D2D1BAF1000F8A
S214013680ECD0002CEDD105F0F3FC2E44B6FBF0F3A4
S21401369003FB10600028E4D005F0EAFC05A9024609
S2140136A03046059405F036FD0028DAD0B9E7109BC0
S2140136B02B441093A8EB05050395631C4B454FF06F
S2140136C00104C0D32046ADE7C84000207FB56B4655
S2140136D00C4A1068516803C390680C2218600A4BA4
S2140136E00DEB0201186826F0FEFA0C2268460DEB77
S2140136F0020108F07FF9B0FA80F0400907B05DF8E2
S21401370004FB00BFE09E0400A46A00201FB5084A1F
S21401371001AB1068516803C3906801A91860054B96
S2140137200C22186805F0F6FC05B05DF804FB00BF36
S214013730E09E0400A46A0020F7B5044615460E462E
S21401374081B9072A03D80024204603B0F0BD0D4BEB
S21401375080791968E379063000EB03200C3180B2DA
S21401376024F0A4F9002721462B4632463846009716
S214013770FFF74EFF04460028E5D039467019FFF7DB
S2140137807FFEE1E7A46A0020024B1868A0F50060FE
S214013790704700BFB06A002010B58AB0684606F0D0
S2140137A09DF810F0FF0027D1009BFBB1174C01A933
S2140137B0206006F00BF810F0FF001DD12268009B78
S2140137C09A4204D34FF4DD7111482BF0BAFF019BE6
S2140137D0104A11491360029A13440B600F49A3F56E
S2140137E000630A600E4A1360009B63B940F2CF1172
S2140137F007482BF0A6FF06E0044A0346126800209D
S214013800084903F0E5F90AB010BD00BFA86A002018
S2140138102F390400C8400020AC6A0020B06A00209E
S214013820A46A0020D739040008B5FFF7B5FF26F0D3
S21401383053FA50B126F050FA064B02691B689A42B9
S21401384003D2B32104482BF07CFFFFF7C5FD01200E
S21401385008BD00BFB06A00202F390400014B18686C
S214013860704700BFA86A0020014B1868704700BF68
S214013870C8400020014B1868704700BFAC6A0020A2
S214013880014B1868704700BFA46A002010B5FFF707
S21401389049FE04462849002003F09AF900202749EA
S2140138A003F096F90020264903F092F900202549F5
S2140138B003F08EF9244B00201A68244903F088F996
S2140138C022462349002003F083F9FFF767FE2149CA
S2140138D00246002003F07CF91F4B00201A681F499E
S2140138E003F076F91E4B1F4C1A6800201E4903F0A0
S2140138F06FF9226800201D4903F06AF94FF48062CF
S21401390000201B4903F064F922680020194910328F
S21401391003F05EF92268002017490C3203F058F9CB
S21401392022680020154902F5826203F051F9BDE8CC
S214013930104005F0D1BA00BF563A0400933A04008D
S214013940B23A0400D23A0400A86A0020FD3A040004
S2140139501C3B04003F3B0400C8400020623B0400BF
S214013960AC6A0020A46A0020853B0400A83B040042
S214013970CB3B0400EE3B0400113C0400343C040045
S2140139802DE9F04194B004460D460020482102AAD4
S21401399024F09DF818B9534903F01AF919E060228A
S2140139A00021204607F0DAFC04224F4902A808F05D
S2140139B021F890B16DB19DF80B30002001939DF870
S2140139C00A309DF80820009348499DF8093003F015
S2140139D0FFF8012014B0BDE8F081BDF80C20B2F567
S2140139E0807F228003D0424903F0F2F8F1E7BDF868
S2140139F01420BDF80E102281DDF816206180E260E9
S214013A000499BDF81A206160228284F8320007AD5D
S214013A1004F112020FAE2B4603CBB3421060516085
S214013A201D4602F10802F6D10F9B324A636313600A
S214013A30314B10221846002107F090FCE288A3883B
S214013A40028022894280E26842600BB90020C1E709
S214013A5000263546A388D90709D536B105F15002A7
S214013A606A4412F8482C84F838200135EDB29A07DA
S214013A7014D5208823F041FF07466EB102AB03EB55
S214013A8005080246414604F1390007F0F7FD3A46BB
S214013A9041461A4807F0F2FD2F44FDB2A3885B07A2
S214013AA00DD556B105F150036B4433F8482C33F865
S214013AB0463CA4F85A20A4F85C300435EDB2002E3A
S214013AC0C4D1482D02D930460D4965E7294638202C
S214013AD002AA23F0FCFF08B90A495DE7382501264A
S214013AE0B8E700BF573C0400EC9E0400893C040084
S214013AF0BF3C0400EC400020F0400020F8400020CD
S214013B00DA3C04002A3D040030B50B4C99B0257808
S214013B106DB9FFF789FE68B129466846FFF730FFA1
S214013B20B0FA80F0054B400918700123237000207D
S214013B3019B030BD0120FBE76F61002070610020E5
S214013B40014B1878704700BF7061002070B51E46A3
S214013B50134B044618881D46884298B002D15B88EC
S214013B60934206D00F4B0FCB84E80F00204618B0C7
S214013B7070BD96B100216846FFF702FF0028F1D11B
S214013B80BDF804305B0708D53388BDF85A209A4241
S214013B90E8D8BDF85C209A42E4D395E80F00E3E745
S214013BA0F04000203CA10400064B10B51B780446EB
S214013BB02BB9054B0FCB84E80F00204610BD034BF5
S214013BC0F8E700BF706100203CA10400F04000202F
S214013BD010B50446024B0FCB84E80F00204610BDFB
S214013BE03CA104000B4B10B51B78044608467BB17C
S214013BF00021FFF7C5FE48B910222146064807F006
S214013C00F9FE003818BF0120C0B210BD0120FBE745
S214013C100120FAE770610020F04000202DE9F04114
S214013C200E4690460E4910221F4607F0E3FE044654
S214013C3070B90C4B3A461D683046AD1B454528BF4A
S214013C404546294623F043FF28B9074902F0C0FF3D
S214013C500120BDE8F081069B20461D60F9E700BF04
S214013C60F0400020EC4000202A3D04000022024BD8
S214013C701A70FFF73BBC00BF706100202DE9F041D0
S214013C809CB00F4616468046FFF74CFC054602469A
S214013C901549002002F09CFF382D20D9012104A8E7
S214013CA0FFF76EFE0446D0B9119B04A93B606F4630
S214013CB03846FFF7F7FA97E80F0086E80F00119BE2
S214013CC0AB4297BF01210324084AC8F8003094BFCD
S214013CD01170C8F8005020461CB0BDE8F0810022E3
S214013CE0024B01241A70F6E75C3D04007061002067
S214013CF070B5084D00262B7853B1FFF7F7FB044645
S214013D001022002104482E7007F028FB204670BDC3
S214013D103446F5E770610020F040002008B5002029
S214013D20064902F055FF064B00201A78054902F0B5
S214013D304FFFBDE80840FFF7A9BD00BF7B3D04006B
S214013D4070610020A53D040003460120024AC3E934
S214013D50032000221A7070470100FEFF2DE9F04192
S214013D600024264E264FDFF8A88088B000F0D4F94C
S214013D70A5B2854202D308B0BDE8F081284603A962
S214013D8023F0DBFEA2B23146002002F03BFF9DF895
S214013D900D2012B39DF81210BDF81030402914BF43
S214013DA06E2179210020CDE900313946BDF80E306B
S214013DB002F028FFBDF814201AB10020114902F0C4
S214013DC021FF9DF80C00BDF8182070B9079B0E491D
S214013DD00093BDF81A3002F015FF00200B4902F0DF
S214013DE0F7FE01342BF0BAFCC0E7BDF81C304146A3
S214013DF0009300209DF81A30EDE700BFBE3D040099
S214013E00C43D0400E73D0400F13D0400384D0400C4
S214013E10183E040010B500F0ABFABDE810400346AA
S214013E20024A0020024902F0D3BE00BF93490400B3
S214013E30B1080400D0E9023253F8223010B51888D0
S214013E4000F086FABDE810400346024A0020024907
S214013E5002F0BEBE403E0400B108040010B5D0E931
S214013E600232002486B08DF8044053F8221003EB8A
S214013E708203097801A88DF805105A681288ADF8F2
S214013E8006209A681288ADF80820DA681278ADF82C
S214013E900C40A24214BF402280228DF80A201A69E3
S214013EA01288ADF810205A699B691288ADF8122065
S214013EB01B68059300F0D0FB034A034603492046DE
S214013EC002F086FE06B010BDE21C0400B108040034
S214013ED038B50024064D2BF02DFC45F82400063499
S214013EE0C02CF8D10020BDE83840024902F070BE6F
S214013EF0F0100020473E040030B5002087B020496E
S214013F0002F066FE00201F4902F062FE00201E49F4
S214013F1002F05EFE2BF00EFC00240546A0B201A9BD
S214013F20013423F00AFE202CF8D12BF003FC1749AC
S214013F30421B002002F04CFE1549002002F048FE0C
S214013F402BF0F8FB0446012000F09EF82BF0F2FB64
S214013F500E49021B002002F03BFE0E49002002F033
S214013F6037FE2BF0E7FB044623F0D8FD2BF0E2FBEF
S214013F70021B0020054907B0BDE8304002F028BE0C
S214013F80733E0400A23E0400D23E0400EF3E04004D
S214013F90FE3E0400183F040010B50C4603F07CFDFD
S214013FA008B9032C12D101F059F904280ED001F0FA
S214013FB055F905280AD0064802F0BAFC1C2801D19A
S214013FC024F059FDBDE8104002F0C2BC10BD00BF90
S214013FD0277B03002DE9F04F00274FF0FF36DFF86F
S214013FE0A4B0264C87B0BBF80030B8B2834209D8DB
S214013FF0731C3BD03246FF21214807B0BDE8F04F85
S21401400022F0E9BF01A923F098FD9DF8050001F013
S2140140105BFFF8B19DF80480B8F1000F1AD1BDF826
S21401402010A0BDF812902BF085FB18210246BBB2FA
S2140140304B43E018E158007C4FF47A73A2EB010C75
S21401404050B103FB0AF363450ED30B44981A86421C
S21401405028BF06460137C6E74D466B43FAD063458F
S214014060F5D31944881AF2E74046F0E7FF210448E1
S21401407007B0BDE8F04F22F0BFBF00BFF010002030
S21401408000410020F65800202DE9F041014688B095
S21401409058B1022810D023F06AFD78B3D22119480E
S2140140A008B0BDE8F0412BF04CBBFF23164A174879
S2140140B00093FBF7E1F9EEE700244FF001082746ED
S2140140C0134EA5B2284603A98DF80D7023F035FDD1
S2140140D09DF80D0068B101F0F7FE20B19DF80C3097
S2140140E00BB986F810800134202C06F11806E8D1A9
S2140140F02546084B1D80FFF76DFFCCE708B0BDE8ED
S214014100F08100BF383F04003D440100004100201B
S214014110F0100020F6580020014B1888704700BFA9
S214014120F65800202DE9F04F634A077D89B0044612
S2140141306249002002F066FD002024F076FD20B1E1
S2140141402368218A588803F0F5FC00205C4902F0B8
S2140141503FFD637DDFF87491002B236808BF0820BC
S2140141605988574B18BF00200093228A4FF0090345
S21401417014BF4FF080084FF0400802F089FBA28977
S214014180BB1C93420CDB24F0EAFD034620B1002061
S2140141904C4A4D4902F01CFD012009B0BDE8F08FE4
S2140141A0A068791C89B2C55D24F0F8FC0337012D9F
S2140141B00646BFB213D82368324659885879238AEF
S2140141C00093434624F032F9824600283ED18620E9
S2140141D002F026FC284602F023FC304668E08520E3
S2140141E0F6E703A923F0A9FC9DF80C30AB4223D1D6
S2140141F023689DF80D105A7991421DD1BDF80E1015
S2140142005A88914218D1BDF81020B24214D19DF8B7
S2140142101220424510D1BDF81410228A91420BD1CA
S214014220002D38D0BDF81810E288914204D19DF8CF
S2140142301A201B799A422ED00BF1010BB9F80030E7
S2140142405FFA8BF08342CCD88B20C1E74FF0000B8E
S214014250F4E79AF8020002F0E3FBBDF8180024F038
S21401426060FCBDF81A0024F05CFC9AF8020003F02A
S21401427081FE002883D19AF8020001F0F7FC05467A
S214014280079E002D3FF47BAFF0B2013D02F0C8FB64
S214014290360AEDB2F5E7002002F0C2FB284602F02E
S2140142A0BFFB304624F03DFC012DD2D1BDF81C00E9
S2140142B024F037FC63E700BFC73F04009F330400C8
S2140142C0384D0400D43F0400F13F0400F6580020A6
S2140142D02DE9F04391B06946804623F02EFC002379
S2140142E0194F8DF801303888431E98B280453880C2
S2140142F009D16946404623F028FC684623F00CFCA9
S21401430011B0BDE8F0834FF0180905A923F015FC9C
S2140143100E4C3E880AAD09FB06460FCE0FC596E841
S214014320030009FB084485E803000AAE404605A9D8
S21401433023F00BFC0FCE0FC495E8030084E80300BE
S21401434069463888D7E700BFF6580020F0100020ED
S21401435008B5064B1B88834205D9FFF7B9FFFFF75F
S21401436039FE002008BD2720FCE700BFF6580020D4
S21401437038B5074D2C882CB9FF21064822F03CFEA3
S214014380204638BD601E80B2FFF7A2FFF2E700BFED
S214014390F6580020004100202DE9F3479A461823DD
S2140143A09DF82890244FCDE9001203FB09731446AB
S2140143B0D3E9022324F0B2FD064620460D4603F05B
S2140143C0D9FD04F0FD03382B80460FD10094324608
S2140143D02B460021DAF8100023F0DAFBB8F1010FC2
S2140143E01BD135431ED102B0BDE8F087392CDAF86F
S2140143F010300BD107EE906A07EE103AF4EEC77A4A
S214014400F1EE10FAACBF01200020E7E79E4275F1FD
S21401441000032CBF01200020E0E7B8F1000FE2D135
S2140144200028E0D0182303FB097701233B7402B070
S214014430BDE8F047FFF7CEBDF01000202DE9F04FA4
S21401444000252E46A846AA462C46DFF8BC91D1B0D8
S214014450694BA8B21B88834209D81CB161882079B0
S214014460FFF79AFDFFF7B6FD51B0BDE8F08F0BA937
S21401447023F063FB2BF05EF91823AFB27B4309EB05
S214014480030B59F8033005909DF82D00049301F0B5
S2140144901BFD002800F0AE809DF82C10002940F08E
S2140144A0A980DDE90432D01A4FF47A72BDF83830AB
S2140144B05343834200F29E809BF8103043B9BDF807
S2140144C03A30002B00F096805343834200F29280EC
S2140144D0FD230022CDE9013210AB00930DF1190244
S2140144E00DF11A03E9B20BA8EFF7F2FE002877D117
S2140144F0BDF81A30DA1C0493D2B214B33F4B9DF8C0
S2140145002D101B8813442279914214D1BDF82E1028
S214014510628891420FD19DF83220B8EBD21F0AD1A2
S214014520BDF83420524506D1B3424DDD0020344952
S21401453002F04EFB01E0B342F8DC61882079FFF718
S2140145402BFD02F041FA04469DF932002D4BC04383
S214014550C00F0093BDF834200A23BDF82E10C0000A
S2140145609DF8328002F094F99DF82D304FF0000B43
S21401457023714FF48A53FF26BDF834A04FEAD818AA
S214014580E38007A95FFA8BF024F077FEC0B2B0B9DA
S2140145909DF81D109DF82D20914210D1BDF81E10DA
S2140145A0BDF82E2091420AD122469DF829109DF889
S2140145B01C0024F0DDFBB04228BF3046C6B20BF12A
S2140145C0010BBBF1200FDCD1BDF8300024F0A9FAB5
S2140145D09DF8190002F024FA049910A802F034FAA2
S2140145E0182300225F4309EB07031A742BF0A2F885
S2140145F049F8070001352BE7F6580020005900203E
S214014600B0400400384D0400F010002070B50024BE
S2140146100126104D8AB02B88A0B2834204D80AB076
S214014620BDE87040FFF7D6BC05A923F086FA9DF8D1
S214014630150001F049FC50B19DF814303BB91A46FB
S214014640CDE901360093E1B205A8EFF741FE01344A
S214014650E1E700BFF65800202DE9F0430389DFF8B3
S21401466058818BB0B8F8009000930446837982880D
S2140146704188407823F0DAFE002800F09580E7892B
S21401468027B1A389BB4200F291800027B8F8003019
S214014690BDB2AB4214D84D4601264FF6FF73E289F0
S2140146A09A4226D146B9B8F80030AB4202D928461C
S2140146B0FFF70EFEFFF78EFC00200BB0BDE8F0837F
S2140146C0284605A923F039FA9DF814307BB92268EB
S2140146D0059B5340FF2B0AD86368069E5E4036F062
S2140146E07F4604D1BDF81C2023899A42D5D00137D4
S2140146F0CCE7E2689A422BD0002E53D1D4E90323AB
S214014700CDE9082305A823F007FA0028D5D1B8F883
S2140147100030AB4204BF6B1CA8F800302BF00AF83F
S21401472018236B43234AE9B2D050D418002305A8B6
S2140147301A46CDE901330093EFF7CAFD18B10022FE
S2140147400023C4E90223284605A923F0FEF9B1E7B0
S214014750234605AA04F1100C174618685968083351
S21401476003C763453A46F7D11868386005A823F0B1
S214014770D6F90028C0D01F2D1AD800238DF8143082
S21401478063788DF815306388ADF81630A388ADF8D8
S2140147901830A3798DF81A302389ADF81C3000281B
S2140147A0B0D1ABE70020E6E7862086E7872084E7DE
S2140147B0892082E7F0100020F65800202DE9F04FFE
S2140147C0B04A90F814908DB00446AF49002002F02C
S2140147D019FA002024F029FA20B12368218A588882
S2140147E003F0A8F90020A94902F0F2F9637DDFF889
S2140147F0B8A2002B14BF802340230293236808BF6E
S21401480008205988A14B18BF00200093228A07234D
S21401481002F03EF800230393A28909F103059542AD
S21401482011DB039B13B9184602F0FAF824F097FA45
S214014830034620B10020964A964902F0C9F90120A4
S2140148400DB0BDE8F08FA06809F1010189B210F83A
S214014850096024F0A3F93246804603468E490020BB
S214014860ADB202F0B5F98EB1012E00F08A8085272F
S214014870384602F0D5F8304602F0D2F8404624F029
S21401488050F9852FD2D00123039376E0A06809F171
S2140148900401A28989B2475D24F080F909F1060175
S2140148A0A289049089B2A06824F078F93A46059066
S2140148B00090049B3046794902F08AF909F108090B
S2140148C038461FFA89F503F055FB002857D13846BC
S2140148D001F0CCF9294603468146A289A06824F056
S2140148E04EF96F498346304602F08CF9A1684A4674
S2140148F029443346304602F0CFF83046634902F089
S21401490067F9A9441FFA89F52368424659885879F8
S214014910238A0093029B23F089FD18B18378BB425A
S21401492040F0AC80483FFFB2092F05D840F2113362
S214014930FB40DB0700F1A48000238DF81C302368C0
S21401494007A85A798DF81D205B88ADF82080ADF850
S2140149501E30029BCDF82CB08DF82230238AADF89C
S2140149602430049BADF82830059BADF82A30FFF7BC
S21401497073FE074600287FF47BAFA9464CE7B34693
S214014980C2E72946A289A06824F008F94FF0000B77
S214014990024607464349002002F01AF909F10509C3
S2140149A0BAF800301FFA89F5BAF800201FFA8BF919
S2140149B04A4503D81F2B31D9892759E7484607A905
S2140149C0049323F0BAF89DF81C20049B012A22D1F7
S2140149D022689DF81D00517988421CD1BDF81E0041
S2140149E05188884217D1BDF82010414513D19DF852
S2140149F02210029881420ED1BDF82400218A8842F5
S214014A0009D1BDF82800E188884204D19DF82A1012
S214014A10127991421BD00BF1010BC5E70122994691
S214014A208DF81C20226851798DF81D105188ADF83B
S214014A302080ADF81E1002998DF82210218AADF85B
S214014A402410E188ADF8281012798DF82A2007A8DD
S214014A50ADF82C7023F060F8074600287FF408AF05
S214014A60BAF800304846994508BF09F1010307A97D
S214014A7008BFAAF8003023F068F87EE78D27F7E62E
S214014A808C27F5E6DB4004009F330400384D040014
S214014A903C410400F13F0400E340040000410400EF
S214014AA0214104002C410400F65800202DE9F04F66
S214014AB0074688469146002589B09A46BDF848B013
S214014AC09DF84C60149C224B1A88A8B2824235D9B4
S214014AD003A923F032F89DF80C201D4BB2BB9DF8BC
S214014AE00D10B94232D1BDF80E1041452ED1BDF898
S214014AF0101049452AD19DF81210514526D1BDF80E
S214014B001410594522D13046029201F0AFF8A6F1B1
S214014B104103012B01460AD8204624F045F80D4BE7
S214014B200D4A204484420CD10421029302ACEDB21A
S214014B3032462046009503ABFFF72EFC09B0BDE8D0
S214014B40F08F14F8011F4B405343EBE70135BBE7E9
S214014B50F6580020C59D1C81930100011FB50F4C1E
S214014B602478C4B142EA03229DF818308DF8051066
S214014B7042EA43220A4BADF80C201A78094B8DF80D
S214014B800610079903EB021300908DF80400DB680A
S214014B9068460291984704B010BD00BF71610020BD
S214014BA0736100202041002073B51A4DFF211A4879
S214014BB022F022FA2B7853B3184C194E2378180199
S214014BC006EB03131A7A5968305C24F0E2FB4D2891
S214014BD01DD0E0B1012300212278CDE90031120178
S214014BE0B25CC0B2FFF7BAFF0A2223780A48013343
S214014BF0DBB2B3FBF2F102FB1133FF2123702B78FA
S214014C00013B2B7002B0BDE8704022F0EDB902B056
S214014C1070BD00BF71610020C0410020736100209B
S214014C2020410020F8B5104F3E780A2E1AD00FC842
S214014C30DFF840C00D4D9CF80040013605EB041529
S214014C4085E80F000A230134E4B2B4FBF3F203FB58
S214014C5012440748FF218CF800403E7022F0C4F948
S214014C600020F8BD0120FCE77161002020410020F2
S214014C70C0410020726100200021024A0248FAF772
S214014C8031BC00BFA94B0100C0410020002337B54D
S214014C900C46124D12492A78CDE9003312018A5C7E
S214014CA001230146E0B2FFF759FFA4B90D490A787E
S214014CB08AB10A202B78013A0133DBB2B3FBF0F458
S214014CC00A70FF2100FB143307482B7003B0BDE8C0
S214014CD0304022F089B903B030BD00BF73610020B7
S214014CE02041002071610020C041002008B500F07D
S214014CF0BDF850B1054B064A0649052808BF1A46B5
S214014D00BDE80840002001F063BF08BD5041040023
S214014D10384D04007141040008B5032024F053FB0C
S214014D2010B90122014B1A7008BD00BF7461002042
S214014D300022024B18781A70704700BF7461002079
S214014D400246FF21014822F046B900BFE04100209B
S214014D50114B37B51D78C5B9FF21104822F04CF923
S214014D60FFF7DAFF044600900D4B28460D4A0E4920
S214014D7001F02EFF4CB10D4B1B78DB0605D52846FE
S214014D8024F0FBFA204622F038FD094B186803B0E0
S214014D90BDE83040FFF7D4BF74610020E041002039
S214014DA08E410400BC4104008119040062610020A8
S214014DB0B46A0020FF21014822F01EB9E04100201C
S214014DC070B51A4E054633780C466BB30020184A68
S214014DD0184901F017FF032C01D0652C20D1164984
S214014DE0002001F00FFF22460020144901F0F0FEDA
S214014DF00020134901F006FF01232946082200205E
S214014E0001F04AFE00200F4901F0E2FE032C88BFA4
S214014E100023204688BF3370BDE87040FCF7BEB85B
S214014E20012CE0D00849DBE770BD00BF74610020AB
S214014E30BC4104006B1D0400CF4104002224040081
S214014E40ED410400384D0400E5410400014B1860B3
S214014E50704700BFB46A00200021024A0248FAF7F0
S214014E6041BB00BF514D0100E0410020054B10B58C
S214014E701C782CB90448FF2122F0B6F8204610BD54
S214014E800520FCE774610020E0410020F8B500240D
S214014E90074B084E1D68084FE3B29D4204F101041A
S214014EA000D8F8BD394656F8230021F05CFAF3E73E
S214014EB098BC04009CBC0400806B002010B5044C18
S214014EC023780BB124F06FFA0123237010BD00BFC5
S214014ED01E6F00202DE9F743254B0D461646044666
S214014EE0019350B14AB1042301AA12F8011BA94249
S214014EF035D0013B13F0FF03F7D1212003B0BDE805
S214014F00F08317F8010F90FAA0F0000E21F067FC6D
S214014F10014608EB07039945F3DCCAB2C1F30F2338
S214014F2092FAA2F293FAA3F3120E1B0E03EB0223DC
S214014F30DB43621912F8020C99B2DBB298420CD12B
S214014F4012F8013CB3EB112F07D132462146284611
S214014F5003B0BDE8F04324F086B92320CEE74FF630
S214014F60FF71671EA5F10209C4F10108D1E700BF70
S214014F70080A0E12F0B515468FB00E4607462AF0FF
S214014F8085FC254B02A81C7824F011FA15F0FD0FBC
S214014F903BD028B9BDF808309B0701D5032D36D084
S214014FA01DF0A4FE58B309A824F06DFA0323306857
S214014FB071688DF824300AAB03C39DF83130012D9A
S214014FC043F002038DF8313019D105A909A824F060
S214014FD052FA002818BF022423F0FBFD032D18D82F
S214014FE00E4B0F4A0020CDE9004753F8243052F803
S214014FF025200C4901F0ECFD20460FB0F0BD032D35
S214015000EAD1042C08BF0024E6E70324E4E72C4693
S214015010E2E70324F0E700BF75610020E0A004008A
S214015020D0A00400F4480400014B1870704700BF7C
S21401503076610020024B1A6818608260704700BFD4
S214015040B86A0020024B186800B14068704700BF7C
S214015050B86A002070B5044600250A4B1B687BB170
S21401506000211E8807E05A6802EB0110013145B99C
S214015070021B554255418AB29642F4D89B68EEE728
S214015080184670BDB86A00202DE9F04F1E46002371
S21401509093B0022E074688461446DDF870909DF8B8
S2140150A074A0ADF81A3040F2C08099F800305A0763
S2140150B029D5042E40F2B98099F804B000255F4B3B
S2140150C033F83520002A00F0B68001350A2DF7D1D5
S2140150D0209B002B40F0AD80FF250023207908AAF5
S2140150E00DF119018DF8193023F0EBFC70B1BDF804
S2140150F02C309DF81900238023F066FD0790C0B17F
S21401510013B0BDE8F08F99F802B0D7E7207923F005
S21401511008FA0B28059000F28A80207923F065FDB5
S21401512007900028ECD1464A059B02EB03135B88E7
S21401513023804FF6FF73002F08BF43466288002185
S214015140CDE9002358465246238802F0FDFD18B1EA
S214015150E38843F02003E380209B07A90DA8CDE94F
S2140151600D34CDF83C90ADF84080ADF842608DF836
S21401517044708DF845A023F0B5FC08B10798BFE749
S214015180484602F025FDA01D02F010FD22464146CC
S214015190384623F0EDFDB04227D3E3882246C3F319
S2140151A00E03E3809DF87C3041460393BDF87830CA
S2140151B0384602930DF11A03CDE90093F3B222F0BB
S2140151C023FF209B079003B3F8B9BDF81A2042B11C
S2140151D0092D06D81B4B03EBC5018A80209A43F89C
S2140151E03520112023F050FC1CE0BAF1000F0AD143
S2140151F00DF11A03CDE9006322464B464146384677
S214015200FAF778FFDDE73820DBE7052807D1E388E2
S214015210DB0607D5002301200793FFF705FF079B51
S214015220002BDED023F0D5FCA8E7012068E721207B
S21401523066E71C2064E7EDB24FE700BF0842002096
S21401524074420020044200204FF6FF72024B1A807F
S2140152505A809A80704700BFF858002010B5044C59
S2140152602379FF2B02D124F0CCF82071207910BDD0
S214015270F858002010B50C4C2379FF2B08D10020DC
S21401528023F0A2FC20B924F0BCF8207123F0A1FC85
S2140152902079022805D00438012894BF0020012077
S2140152A010BD0020FCE700BFF85800204FF6FF7342
S2140152B010B5044C22889A4202D124F098F8208036
S2140152C0208810BDF858002010B5FFF7BDFF40F646
S2140152D01D439842044607D8B0F5416F05D21828F9
S2140152E026D8152848D829D010BDA0F541630D2B26
S2140152F0FAD801A252F823F03D5301003D530100B4
S214015300E9520100E9520100E9520100E9520100A7
S214015310E9520100E95201008D5301009F5301003B
S2140153203953010039530100395301003953010043
S21401533040F606439842D7D11C4920E0FFF7B6FF56
S2140153401B490246002001F043FC152C05D124F030
S21401535038F8BDE8104023F0CEBB164B164A174965
S214015360B4F5416F08BF1A46002001F031FC23F066
S214015370C1FB23F0C0FBECE71628DDD11049002065
S21401538001F026FCBDE8104023F0DABC22F023FF32
S214015390BDE8104002460B49002001F019BC002070
S2140153A0BDE81040084901F013BC00BF184A0400CC
S2140153B0C5490400384D0400C0490400E149040011
S2140153C0014A04002D4A0400554A040007B5094A5B
S2140153D00346108831B9084A084903B05DF804EB62
S2140153E001F010BC0091064A064901F00BFC03B01F
S2140153F05DF804FB10590020B8160400754A040035
S2140154005C170400811904000D4B37B51B68044670
S21401541093B11D780389012D08BF02250093C37A35
S214015420084A0020084901F0D3FB2146284603B06C
S214015430BDE8304023F09DBF022003B030BD00BF61
S21401544040430020EA4A0400994A0400002010B5AF
S21401545023F0BAFB0D4B1B6863B15A78052A03D8B3
S21401546062B1052402220AE0FF2AFAD00020084988
S21401547001F0AEFBBDE8104023F0ABBB144610466E
S21401548023F0D3FF204623F0CEFFF3E7404300206E
S214015490EF4A040013B5134C002023F095FBFFF7E9
S2140154A0D3FE23689BB101A822F088FE78B9236851
S2140154B01A789DF804309A4209D0D91E032906D9D4
S2140154C0D11E012903D9012A07D1022B05D10323B5
S2140154D001A8ADF8043023F052FF02B0BDE8104039
S2140154E023F077BB4043002000231946034A0133CB
S2140154F00A2B918042F8081BF9D17047044200201C
S2140155007FB50E46054623F03CFF2A460446034671
S2140155100D49002001F05CFB96B10C4B36211A8830
S2140155209B78ADF80C208DF80E30032300220093F3
S2140155304FF6FC7003AB8DF80D5023F063FE044666
S214015540204604B070BD00BF104B04004CA10400FF
S214015550FF2810B50C4604D10020044901F038FBA1
S214015560FE202146BDE81040FFF7CABF294B0400C4
S214015570F8B51E460B8807460C461546002B64D127
S2140155804A88B1F9021000200029B8BF6B7830496B
S21401559001F01EFB6288132A1DD002F5FF437F33FC
S2140155A09BB2052B23D8A2F50042013A052A1ED844
S2140155B0DFE802F0193F1D033C09264A2649002070
S2140155C001F006FB13E0254A2349002001F01AFBEF
S2140155D02A792349F3E7022E94BF4FF6FF72B5F8F6
S2140155E001202049EBE700201F4901F0F1FA33467C
S2140155F02A462146384624F02DFE70B933462A46FF
S2140156002146384624F028FE48F2210362889A4251
S21401561003D13846697823F05DFA6388B3F5004F05
S21401562002D9082023F06DFA0120F8BD2A790F4926
S214015630C5E70F4A0849002001F0E4FA032E94BF9B
S2140156404FF6FF726A880B49B9E70020EDE700BF05
S214015650644B04008C4B0400934B0400A44B0400E1
S214015660AA4B0400B84B0400D04B0400EA4B0400DC
S2140156700C4C0400114C04002DE9F04116888AB048
S214015680DFF88C80ADF80E300DF10E03C8F800205F
S21401569015460093324610AB07460C46FAF7BCFD9A
S2140156A090BB109B8DF824000693BDF80E3004A81D
S2140156B0ADF81C30AB898DF81070ADF820306B89D1
S2140156C00594ADF81E60ADF8223023F009FAD8B97A
S2140156D021463046BDF80E30109A01F0C9FF98B940
S2140156E021463046BDF80E30109AFFF741FF58B9F3
S2140156F0CDE9006039462046BDF80E30109A02F01A
S21401570049FB08B9C8F800000AB0BDE8F08100BF3F
S21401571000420020F0B585B004AB03E90300002386
S2140157201C469DF80D609DF80E70154AD9B202EB25
S214015730C1004568EDB99DF80C30284600939DF8E8
S2140157400A209DF80B300F4901F05CFA26B132466B
S21401575028460D4901F056FA0C4A0020002C18BFC5
S2140157602246BDF808300A4905B0BDE8F04001F010
S2140157702FBA12F831100133B94208BF2C46D5E7CB
S214015780F4A00400234C0400344C04002716040043
S214015790384C04004FF6FF7310B5084C88B0628889
S2140157A09A4207D102A90DF1070022F005FDBDF8C6
S2140157B010306380608808B010BD00BFF858002024
S2140157C02DE9F04F85B0894692461C460746BDF83E
S2140157D03850BDF83C80109E002833D00346464A18
S2140157E00020464901F00EFA2388002B76D040F2BD
S2140157F00912934274D0424A4249B3F5827F08BFE8
S2140158000A46CDF804806188002000913E4901F0E7
S214015810F9F9238893B1B8F1020F0FD933783B49D0
S21401582013F0010F3A4A18BF0A4659074FF0000015
S2140158304CBF3379B378374901F0E4F90020364993
S21401584001F0C6F90023354931F83320AA4249D17F
S214015850334A52F833B0002331F83300DA00A84255
S21401586046D100202E490A44908041F8330047B9BA
S214015870238833B9B4F90230002B02DB082023F069
S21401588003F9012023F03DF99EB13578EB0710D5D9
S21401589015F0040004D042460121304623F07EF97B
S2140158A0CDE901704346224651464846009622F00D
S2140158B095FEBBF1000F06D04346224651464846A8
S2140158C0CDE90067D8474346224651464846CDE9CA
S2140158D0006722F049FB05B0BDE8F08F114A90E75A
S2140158E0114A8EE701330A2BAED14FF0000BB2E717
S2140158F001330A2BB0D1BAE7640D04005F4C0400F3
S214015900281604004D4C04006D4C0400504C040055
S214015910584C04009E4C0400384D040008420020F8
S21401592004420020464C04004A4C04000D4BF0B5DE
S2140159304FF00C0C1F88054600230B4EDCB2BC4210
S21401594001D30020F0BD0CFB04F43019345DAC42E9
S21401595005D144888C4202D104799442F2D00133B5
S214015960ECE700BFBC6E0020C86A002073B50126B4
S2140159702B4D2C4C2A462046FF2300210096F9F792
S2140159807BFD2A462046FF2300210096F9F774FD89
S2140159902A462046FF2300210096F9F76DFD2A4688
S2140159A02046FF2300210096F9F766FD2A46204689
S2140159B0FF2300210096F9F75FFD2A462046FF23C4
S2140159C000210096F9F758FD2A462046FF230021BC
S2140159D00096F9F751FD2A462046FF23002100963E
S2140159E0F9F74AFD2A462046FF2300210096F9F7DB
S2140159F043FD2A462046FF2300210096F9F73CFD89
S214015A002A462046FF2300210096F9F735FDFF239D
S214015A102A46002120460096F9F72EFD02B070BDF9
S214015A2097780300544200202DE9F84300244FF0F4
S214015A300C090C4B0C4F1E78DFF830803A88E5B223
S214015A40954202D33046BDE8F88309FB0585FF2160
S214015A50A86821F0D8FA18B9AB799E4238BF1E461D
S214015A600134EBE777610020BC6E0020C86A002095
S214015A70014B1878704700BF77610020014B187002
S214015A80704700BF77610020F8B506460C4623F044
S214015A9016F80546C8B9304622F043FD0B2815D83E
S214015AA00B4B03EB00131F7B87B95A880121228019
S214015AB09A88304662809B79237100F037FA39461E
S214015AC06071304600F032FAA07101252846F8BD13
S214015AD07442002070B504460E46154622F021FD9C
S214015AE00B2802D94FF6FF7070BD094B03EB00136C
S214015AF01A7B002AF6D146B901222946204600F033
S214015B003DFA0028EED00088EEE7012EEAD1F4E750
S214015B1074420020FF2313B50DF1070104468DF8EA
S214015B20073022F0CAFF18B19DF8070002B010BD79
S214015B30074B03EB04131B7B0BB1FF20F6E7204654
S214015B4000F03AF90028F8D0204600F0E9F9EDE730
S214015B507442002013B5F6F785FC0446F6F788FC78
S214015B60224603461249002001F032F800F084FF75
S214015B70FFF7BAFC00F0A6F80221084602F074FD11
S214015B80FFF764FC41F2490023F069FC4FF0FF1374
S214015B900093FF2368468DF8043023F03EFC4FF453
S214015BA0004023F01CFC002023F039FC02B010BD9D
S214015BB0ED4C040038B5054622F09FFF90B9284603
S214015BC023F059FB044628B140F60443984214BF1B
S214015BD088248D2423462A460020034900F0F8FF36
S214015BE0204638BD8D24FBE7054D04002DE9FF470F
S214015BF005460E4617469846BDF83090DDF834A0A7
S214015C00BDF83840CDF80090CDE9014AE4B2FFF77F
S214015C10D7FD43463A4631462846CDE90094CDF8AD
S214015C2008A024F0E0FAFF21034B044A044804B01C
S214015C30BDE8F04700F01ABE0459002000590020C4
S214015C404F630020044B01461888102240F0404064
S214015C5040F48010F7F716BA469E0400024B186807
S214015C605968FFF757BD00BF7EE104000123064ACD
S214015C70D15C814202D1054AD05C704702335F2B6A
S214015C80F6D10020704700BF4EA104004FA10400CA
S214015C9070B500220446094B1D78094BD0B28542E7
S214015CA001D8FF2070BD1E78A64204D10029F9D084
S214015CB05E7BF607F6D401321033EFE778610020F9
S214015CC0744200202DE9F04198B06B46304A1068C6
S214015CD0516803C390680CAA18602E4B14469C4664
S214015CE003F11806154618685968083303C5B34208
S214015CF02A46F7D112AA1746274B03F1180615466E
S214015D0018685968083303C5B3422A46F7D1234AAF
S214015D1003AB106851684FF0010E03C390687168B9
S214015D201860DCF83000002206AB03C30C21EC46F9
S214015D30B068CDE909221860194BDFF86C8019703C
S214015D40184B0DEB01060B9206AD09A91CF8010BC9
S214015D500132187034F8020B0C2A588037F8020BFF
S214015D6083F80DE0988016F8010B03F1100303F891
S214015D700A0C15F8010B08EBC00043F8080C11F8E3
S214015D80010B03F8040CE1D118B0BDE8F08100BFA7
S214015D901F4D0400BEA40400D6A404002C4D04002C
S214015DA07861002074420020B8A10400014B1878E5
S214015DB0704700BF78610020034B03EB0013587B4C
S214015DC000F00100704700BF74420020F0B50446A1
S214015DD00846D9B100220E4B11461F780D4B1D46C1
S214015DE0D6B2B74201D8002010E01E78A64206D0EF
S214015DF09E68F688314489B201321033F0E75E7B43
S214015E00F607F9D505EB02150180A868F0BD00BFBD
S214015E1078610020744200202DE9F34789469046B8
S214015E201D46074618B9002002B0BDE8F0870029D4
S214015E30F9D0002AF7D0002BF5D0002400780DF118
S214015E400601ADF80640FFF7C1FF0028EBD0394642
S214015E500DF10602BDF8066022F058FA0746002842
S214015E60E1D00DF10602BDF806A022F076FA002870
S214015E70D9D0C9F80070C8F80000037913F02002E1
S214015E8019D1DB0614D4BDF806300C4A564413FA71
S214015E9086F612FA86F20BE01A790C33920642BFA6
S214015EA013F8092C891889B29842F5D8044A0A448D
S214015EB001202A60B8E72146024BF5E79B620020E5
S214015EC079610020F8A3040008B50021FFF7E0FE81
S214015ED0FF2817BF044B084603EB0013587B18BF77
S214015EE000F0010008BD00BF744200202DE9F0411A
S214015EF00D4616461F4622F014FB0B280AD8074CFF
S214015F003B4604EB001032462946BDE8F041806866
S214015F1022F0D4BA0020BDE8F08100BF7442002010
S214015F20014B0001185C70477442002070B50C46A6
S214015F3022F0F7FA0B281BD80F4B03EB00139A68D5
S214015F40C2B10023142618461579D9B28D4200D85D
S214015F5070BD116806FB0311097B34B911F0800F7F
S214015F601CBF0130C0B20133EFE711F0400FF7E775
S214015F700020EDE71046EBE774420020F8B50D4629
S214015F80164622F0CEFA0B280BD80F4B4FF0140C06
S214015F9003EB00139A6800231C461779D9B28F4287
S214015FA001D80020F8BD10680CFB0300017B46B940
S214015FB011F0800F03D0AC42F4D00134E4B20133C7
S214015FC0ECE711F0400FF5E7744200202DE9F04FA1
S214015FD0064600243A4B87B01B783A4F0093009B45
S214015FE09C4207D2FF2E08D0304622F09AFA0B28A0
S214015FF0044606D907B0BDE8F08F07EB04131B7BF8
S2140160002BBB23014FF00008019307EB041A14E0A1
S21401601014221B6802FB05352B89B3F5967F01D93F
S21401602029F09CFB4FF000094FF00C0B29891FFA51
S21401603089F291420ED808F10108019B5FFA88F5B2
S214016040FB189B681A79AA42E2D8FF2ED2D10134F6
S214016050E4B2C4E71FFA89F00BFB00F06B6819186D
S2140160600A7912F0100F23D19AF800E012F0400FCF
S2140160708DF80CE0B5F800E0185AADF80EE00CBF4C
S2140160804FF0400E4FF0800EADF8120028468DF806
S21401609010E022F007F95307ADF81400C8780AD5C6
S2140160A00228896800D90968002203A822F0D6F9D7
S2140160B009F10109BAE702288CBF89680831F3E7BC
S2140160C07861002074420020052370B5094A0688CD
S2140160D01488B44208D19578047B2C403F2C03D910
S2140160E00D4201D0506870BD013B02F10802EFD1AC
S2140160F01846F8E768A4040070B50024074D084E5A
S2140161002B78E0B2834200D870BD06EB0010437BCB
S214016110DB0701D522F0E4FA0134F1E778610020CB
S21401612074420020F8B50C4600210546FFF7B0FD85
S214016130FF2829D0154A060102EB00135B7B03F00A
S21401614001016CB143F001031644A142737305D0FB
S214016150C4B100B202EB001022F0C2FA0120F8BD71
S2140161602346F1E77B4311682846CA18127BC95AB1
S214016170D20921F021FF0134B268E3B211799942C4
S214016180F0D8EBE71427F7E70846E8E77442002063
S214016190F0B59446497D20B339B3012918BF0421CF
S2140161A000254FF6FF702F462A46144E3488644564
S2140161B011D196F803E01EEA010F0CD0B4789C4288
S2140161C009D30AB1BC4206D81EF0100F03D08AB11B
S2140161D0BC420CD370B90135072D06F10406E5D192
S2140161E0F0BD002908BF0821D8E70221D8E72746D5
S2140161F00020F0E727460122FAE700BF4CA404007E
S2140162002DE9F04F0A9FBDF824E09DF82C809DF8FB
S21401621030904C7D78B394B3012C18BF042400252C
S214016220194800F11C0C068896421ED190F803B05E
S2140162301BEA040F19D08678464516D31BF0100FBB
S21401624091F80FA004D0BAF1000F0ED0B1F810A04B
S214016250BAF1000F09D1A94513D0AE4511D95E5543
S2140162603E88013501363E80ADB204306045DAD154
S2140162700120BDE8F08F002C08BF0824CDE70224DA
S214016280CDE70020F5E700BF4CA404002DE9F04F50
S2140162900024B1F57C4F0E4638BF4FF0010BA246E5
S2140162A0A1464FF6FF781F4628BF274B85B028BF6B
S2140162B0B3F800B0009001925C4503D3404605B0A8
S2140162C0BDE8F08FB6F57C4F0CD3204B3A4603EB76
S2140162D0840331465B880098FFF708FE054680B3C5
S2140162E000232AE03A463146009822F04AF9F5E7BB
S2140162F00C229CB254436A680199105B02EB040CB1
S214016300884219D3B9F1000F01D0504514D861461F
S2140163102846CDE9023221F0C5FF029B60B1039AFF
S214016320125BB9F1000F03D0524501D3804503D962
S214016330924680464FF0010901332A899CB2A24257
S214016340D6D80134A4B2B7E7AEA10400B0A10400C8
S2140163502DE9F04F91461A4600238BB08DF8202088
S214016360BDF850208DF81C00ADF81E10ADF82420A5
S21401637005460F461A4604A907A8159C9DF85860BD
S2140163809DF85CA09DF860B09DF864800493ADF81C
S214016390229022F00FF8049850B92B46CDE90079E7
S2140163A0644A654900F014FC86200BB0BDE8F08F06
S2140163B0BAF1000F14D18378B34206D050465D4A35
S2140163C05E4900F005FC8D20EFE7037913F0010329
S2140163D006D11846574A5A4900F0FAFB8820E4E7E6
S2140163E003795B072CD583685A689B6805920693E8
S2140163F0807822F075FD049B0546DF782146022F42
S21401640003463A4610D805A822F026FD81462B46BB
S2140164103A46214606A822F01FFDB9F1010F01D028
S21401642001300DD18720C0E7059822F015FD01281F
S214016430F8D02B463A462146069822F00DFDEFE7A6
S214016440BBF1000F6FD1049F4FF6FF722146B8785B
S21401645021F0C6FE00286BD0BDF82430C5B20093EB
S214016460CDE902549DF82030BDF82220BDF81E105B
S2140164709DF81C00019622F02FFB002895D1BDF84F
S2140164802430CDE902540093BDF822209DF8203037
S214016490BDF81E109DF81C00019622F0FBF800289E
S2140164A083D121469DF8682007A821F0D7FF002850
S2140164B07FF47BAFB8F1000F07D03B462046BDF80E
S2140164C01E209DF81C1022F06CF8BDF82430BDF893
S2140164D02220BDF81E109DF81C000093CDE9016432
S2140164E09DF82030FEF7E2FABDF82430BDF82220F0
S2140164F0BDF81E109DF81C000093CDE902549DF8CE
S2140165002030019622F0E7FABDF82430BDF82220AB
S2140165100093BDF81E109DF820309DF81C0022F057
S21401652091F8002041E70020064900F051FBF8E70A
S21401653001203AE7394D0400454D0400714D040031
S214016540854D0400994D04007FB500258DF808306F
S214016550BDF820308DF80400ADF80610ADF80A201D
S214016560ADF80C306946BDF82830099A01A80B9E93
S214016570009521F01FFF044630B916B1009B9B78A9
S2140165803370204604B070BD8928FAD128460249E6
S21401659000F01EFBF5E700BFB64D04002DE9F04FF5
S2140165A04FF0000AC7B0FFF701FC5FFA8AF6B04267
S2140165B002D847B0BDE8F08F5B4B36019A5D0020EC
S2140165C05A4900F005FB0020594900F001FB002361
S2140165D00593554B9DF8144033449B681A79A242A3
S2140165E002D80AF1010ADEE714224FF000091B68FF
S2140165F002FB043422891FFA89F39A4202D8059BCA
S2140166000133E5E70C231FFA89F803FB08F8D4F8F1
S21401661004B029F0A3F80BEB08052B79454913F0D4
S214016620400F3BF8083022884FF000000093424BA1
S21401663018BF0B46414900F0E5FA2946204621F0ED
S21401664031FE074600283CD13D4900F0DBFA2979A6
S214016650DFF814C111F0010F3A4818BF604611F077
S214016660020FAA78EB7832D1DFF800C111F0100FD3
S214016670354918BF6146CDE900010020334900F0D5
S214016680C1FA2B793BF8082013F0400F4FF0000BAE
S2140166904FF0FD030DF118082188CDE9023BCDE945
S2140166A0007821480CBF40238023805DFFF74CFF14
S2140166B086280ED12649002000F08AFA09F1010940
S2140166C098E702462349002000F09CFABFE72249DA
S2140166D0D1E7A87821F0D6FDD8B1404622F064FA79
S2140166E0421C92B201234146002000F0D5F93946FA
S2140166F0208801F001FA4FF6FF73984207D0174B36
S214016700174903EBC0035A68002000F061FA1549E7
S214016710D1E7A87821F0BCFD20B1404622F049FA25
S214016720821CDEE7EA78DDE774420020084E0400AA
S214016730164E0400E04D0400E54D0400564E0400DC
S214016740CD3E0400ED4D0400F04D04006A4E0400F9
S214016750864E040027530400F84D040038A50400B3
S214016760AD1D0400384D0400EA4D0400004E04003F
S2140167702DE9F04FC7B0BDF844A10646BAF1040FA3
S2140167800D4614461F46BDF840B163D9CDE9013B1D
S21401679000920B4602463049002000F019FAFD230C
S2140167A00DF117090DF118083046029322463B46B3
S2140167B02946CDE900B8CDF80C90FFF7C5FE064690
S2140167C0B8B9FD22414699F8000021F009FD0746B7
S2140167D0C0B1AAF10403834238BF8926204622F0BD
S2140167E0A0F98EB1304600F01BF9304647B0BDE83F
S2140167F0F08F009023462A460020184900F0E8F959
S2140168000027EBE78926E9E7DFF85CA0BA1CBAF8AF
S2140168100030C3F1FF039A4219DA304600F000F95E
S21401682099F8000000F0FCF8BAF800900C483A46D7
S21401683041464844B94404F021FFAAF80090234693
S2140168402A4630460749009700F0C2F9CDE789206D
S21401685000F0E6F88926C8E7924E0400CD4E040003
S2140168604F630020F44E04000059002010B5044C7C
S21401687020600448018004490A60044A136010BD80
S2140168803C430020FE5800203843002034430020BB
S21401689030B587B00AAC0D4654F8041B0093CDE919
S2140168A001141346094902460948098800680594F7
S2140168B022F037F84FF48A52064B1B681880064BB5
S2140168C01B685D80DA8007B030BD00BFFE5800202F
S2140168D03C430020384300203443002008B410B560
S2140168E087B009AB0C4653F8041B0092CDE901139F
S2140168F002460B490B48059309880023006822F0DD
S21401690010F84FF48A52084B1B681880074B1B6817
S2140169105C80DA8007B0BDE8104001B0704700BF68
S214016920FE5800203C43002038430020344300201A
S214016930044A034611680448044A09881268006834
S21401694021F0C8BA38430020344300203C430020DD
S214016950044B054A1B6812681988044B186821F015
S2140169602CBA00BF384300203C43002034430020AB
S21401697007B5074B1B681B880192064A12680092EE
S214016980054A126821F07AFA03B05DF804FB00BFED
S214016990384300203C430020344300201FB51446F2
S2140169A0064A12681288CDE901430091044B054955
S2140169B01B68096821F03EFA04B010BD3843002078
S2140169C03C43002034430020014B1868704700BF49
S2140169D034430020024B1B6818715971704700BF81
S2140169E03443002010B50024084B1C70FEF75EFCF3
S2140169F0074BFF2218802146064804F0AFFC064BE1
S214016A001C80064B1C605C609C6010BD59640020B5
S214016A10025900204F63002000590020045900202D
S214016A2007490B88FE2B9FBF064AD054581C80B2DC
S214016A309DBF088000F1FF3080180020704700BF1E
S214016A40005900204F630020F8B5094F0D463B88DA
S214016A505C18FE2C0ADC074E0A46A4B20146F01862
S214016A6004F0CEFC3C80641BA019F8BD0020FCE7B6
S214016A70005900204F630020024B034A00201A6091
S214016A80704700BF40430020B4A10400014B1878B2
S214016A90704700BF7442002030B4044D044C002BF4
S214016AA00CBF2B46234630BC22F0A7B8540E040078
S214016AB0C74F040070B5054608460C4622F074F828
S214016AC0611C0246024B2846BDE8704022F095B88C
S214016AD0E656040000B5037889B0069343783E2253
S214016AE00593837808490493C37803930379029343
S214016AF04379019383790093C3790448008800F0B1
S214016B0081F809B05DF804FB224F040010590020FB
S214016B10024B02460249188800F05AB81059002064
S214016B20C01404002DE9F04705460E46174600241A
S214016B30DFF84480DFF844A0DFF84490AC4201D18E
S214016B40BDE8F087B8F8000006EBC40153460822FA
S214016B5022F053F80134B8F800003FB9044AA542C0
S214016B6008BF4A46034900F04DF8E7E74A46F9E709
S214016B70384D0400BF14040010590020C74F04000C
S214016B8049FF03002DE9F0410E4E0446308822F0FD
S214016B904CF8A8B100250C4FDFF83080E3070AD582
S214016BA018B94146308800F02DF830882A46394613
S214016BB000F028F8002001351B2D4FEA5404EDD1D2
S214016BC0BDE8F08110590020193B04006A4C04000E
S214016BD00EB417B505A9044651F8040B019103F04C
S214016BE0BFFA01210220054AF8F766FF044B1C8014
S214016BF003B0BDE8104003B0704700BF384D040035
S214016C00105900200EB417B505A9044651F8040B17
S214016C10019103F0A5FA034B1C8003B0BDE81040B8
S214016C2003B070471059002013B50368044658791D
S214016C3000F032FF90B923685A88032A0ED0E17C0F
S214016C405B79CDE900211649164AFFF7C1FF0121FC
S214016C50204622F08AF8012002B010BD637D012B88
S214016C600AD0637D33B92368228A5988587921F07E
S214016C7064FC48B9C3200AE02368228A59885879F7
S214016C8021F064FC0028ECD0204621F0D0FF064B12
S214016C901B78002BDFD110F5807FDCD0C1B2D7E79F
S214016CA04F4F0400474F040050640020002970B580
S214016CB00F491D460F4B14460CBF6E227922002841
S214016CC008BF0B4600200C49FFF79CFF0B4E2544DE
S214016CD0AC4205D1BDE8704000200949FFF778BFF6
S214016CE03146002014F8012BFFF78CFFF0E700BFB8
S214016CF0884F04007E4F0400914F0400C54F0400E6
S214016D00563204002DE9F04FC27C8BB00592427DCD
S214016D100368002A14BF80224022077D0446856846
S214016D2086895879B846B3F80290069200F0B4FE08
S214016D30A0B9059B052B05D86FF02D03059A1341C5
S214016D40DB070BD5B9F1030F08D0AB490020FFF7DD
S214016D503FFF0121204622F008F876E0E37B1BB1D5
S214016D60228A002A00F0B781607D0022B0FA80F006
S214016D705B4203F00403DFF88CB2400943EAC0002B
S214016D80ABF80020FFF74CFEE37B1BB3208A21F013
S214016D90C8FE8246A07CFFF743FE059A162A00F23B
S214016DA09A81DFE812F019009E016C005600D201AC
S214016DB06C009201D9019A01E001E701EE01390167
S214016DC002029801980198011402580214027002F6
S214016DD0390102029A46DDE700204B46874A884978
S214016DE0FFF7F6FE0120FFF71BFE08F10207B74288
S214016DF029D841463246284621F0D0FE80462368EF
S214016E0042465879BBF800304946C3F1FF039BB2AE
S214016E100193238A0093069B23F01FFA10B11FFAF1
S214016E2087F8E2E7236842465879BBF800304946BE
S214016E30C3F1FF039BB20193238A0093069BFFF7DE
S214016E4097FC8928EBD121F08AFF01200BB0BDE821
S214016E50F08F4FF0000B0420FFF7E2FDF31E0893BE
S214016E60089B984552D3BBF1000FECD1E37B94F815
S214016E701480002B0CBF02220422624B1A804FF0B2
S214016E80000B0420FFF7CCFD5F4608F1030A5645C8
S214016E9040F29D8032464146284621F07FFE05EBB2
S214016EA008039B78F21EAA44A2EB080207905146FB
S214016EB0184692B2099321F093F90890002879D0E8
S214016EC02268099B5079CDE901A3238A494600939C
S214016ED0DDE9063221F0B3FC82464A460020079BD4
S214016EE04949FFF78FFEBAF1000F55D10BF10103A7
S214016EF0504646495FFA83FBFFF76AFE089B08F196
S214016F00030813FA88F81FFA88F8BEE732464146A6
S214016F10284621F043FE05EB08039F78089B08F1FD
S214016F200301A3EB08022944824692B2384609912E
S214016F3021F056F9079068B32368099958790297A2
S214016F400191238A524600934946069B21F0C7FCCD
S214016F500746B8B10BF1010338465FFA83FBFFF72A
S214016F605FFD504621F0DDFD53464A460020264986
S214016F70FFF72EFE3A4600202549FFF729FE802F0F
S214016F803FF471AF079B08F1030813FA88F81FFA5C
S214016F9088F865E78027DDE75046FFF741FD07984B
S214016FA021F0BFFD0137524600201949FFB2FFF715
S214016FB00FFEA3E78720FFF733FD079821F0B1FD09
S214016FC00137872212490898FFB2FFF701FE059B99
S214016FD0052B3FF43AAF002F7FF435AFBBF1000F1E
S214016FE005D10C495846FFF7F3FD8021B2E6384635
S214016FF0FFF716FD27E700BF12050400D24F040075
S2140170001F50040000590020DC4F04001F4F0400ED
S214017010F84F0400025004000599A84AA84B002026
S214017020152918BF1346CDF80090A64AA649FFF7C2
S214017030CFFD059B0C2B14BF16200D20FFF7F0FC8F
S21401704032462846394621F0A9FD059B3D440C2BC6
S2140170500646AD7835D1192D28BF1925E37BB3B186
S2140170604FF6FF73278A9F4211D120683246494660
S214017070069B4079FFF70AF9B84208D0BAF1000F2B
S21401708005D020828AF80000000A8AF80100002054
S214017090BBF80070FFF7C4FC236832465879059B9D
S2140170A04946A3F1150CDCF1000343EB0C03CDE9D3
S2140170B00153238A0093069B21F035FB834BD85559
S2140170C0C1E6132D28BF1325C8E72046FDF776FB3A
S2140170D000287FF4BAAE81213CE62046FDF722F86F
S2140170E0F6E7B9F10A0F05EB0708A6EB070A21D167
S2140170F0DFF8DCB19BF80030E3B1E37BD3B9BAF13A
S214017100080F17D132463946284621F047FD88B97F
S21401711098F8023073B998F80320E22A0AD1324669
S214017120391D2846059321F036FD21F003FE059B07
S2140171308BF80030414648461FFA8AF223F08FF852
S21401714000287FF482AE002104E6F21B484692B284
S214017150E91921F0E0FCF3E7F21B484692B2E9197F
S21401716021F09CFCECE7F21B484692B2E91921F0AB
S214017170BFFCE5E7F21B484692B2E91923F071F825
S214017180DEE72368EE5D5879238A0137ED5D0193CA
S214017190069B3246494600932B4621F003FA2A46BF
S2140171A03146484621F07CFC4FE605987A1CE95D9D
S2140171B0B31AA0F11606704270410039009018BF4C
S2140171C0012148469BB22A4421F06CFCB8E7059B96
S2140171D0EE5D112B3D446F7838D11220FFF720FC6D
S2140171E00025E37BB3B14FF6FF73B4F810809845E2
S2140171F010D133464A4621462846FEF7C9FF404588
S21401720008D0BAF1000F05D020828AF80000000AE3
S2140172108AF80100BBF80080DFF8B0A0C8F1FE02D2
S21401722092B208F10103009253444A462146284689
S214017230CDE90267CDF804B0FEF7E2FFBBF80030F7
S2140172400AF808000133ABF80030FCE51420FFF71C
S214017250E7FB0125C5E77B1C9E422CD3EF5D1D4451
S214017260003F18BF0127F31A9EB233462A46394615
S2140172700020FFF71BFD00962B463A464846218A1A
S21401728021F014FC5CE77B1C9E4214D3EF5DF61ADA
S214017290003F18BF01271D44B6B233462A46394679
S2140172A00120FFF703FD00962B463A464846218A01
S2140172B021F0FAFB44E70020C8E500BF384D040082
S2140172C0CD4F0400135004001D5004004F630020EE
S2140172D04E64002038B54FF6FB750446A9424FF0C0
S2140172E001019DF8100098BF43F4004321702381EB
S2140172F06260A07202230020084A0949FFF768FC71
S214017300E07A084B40F6CA0203EB4010FF211FF05B
S21401731062FEBDE83840042021F0B6BB2D500400C3
S214017320385004008443002030B5054685B028B99E
S2140173301D4905B0BDE83040FFF74ABC0024007B7C
S21401734021F042FC2046194A19492C70FFF740FCEF
S214017350184BE87AFF2103EB40101FF04DFE204644
S214017360154B02019A5C22B901300428F9D121F0AB
S214017370C8FB696899B1B5F908302A899B1303F0EF
S21401738002038DF80430C2F30E03ADF806304FF653
S214017390FF73ADF80830002301A80393884705B0B2
S2140173A0BDE8304021F015BC635004002D500400A8
S2140173B09550040084430020444300200948037884
S2140173C073B91946084AD3720133042B117311702D
S2140173D051601181917202F11002F4D10123037000
S2140173E0704700BF4F6400204443002008B5FFF7F4
S2140173F0E5FF002305491A018A5C01EB03101AB167
S2140174000133042BF7D1002008BD00BF4443002000
S21401741070B50D460646FFF7D1FF0023094800EB7D
S2140174200514A17AB14205D1217819B12B4400EB9C
S214017430031070BD0133042B04F11004F1D10020B8
S214017440F7E700BF4443002010B50446FFF7B6FF38
S2140174500E4B9C4212D003F12002944210D003F14D
S214017460400294420ED060339C420DD1032308485B
S21401747000EB0310BDE81040FFF756BF0023F6E708
S2140174800123F4E70223F2E70020F3E78443002018
S2140174904443002070B50024064D074E2846324668
S2140174A000210134F8F71EF8042C05F12005F5D16A
S2140174B070BD00BF84430020497401002DE9F341EB
S2140174C005460C4617469846FFF790FF064640B914
S2140174D01C4A1D49FFF77CFB0224204602B0BDE88A
S2140174E0F0814FF6FB739D420AD94FF6FD739D421C
S2140174F004D00020134A1549FFF76AFB4FF6FD75C5
S214017500434621463A46284621F0FCFB044600F055
S2140175102FFE804634B1234600200A4A0C49FFF765
S21401752057FBDAE73B462046064A0A49FFF750FB77
S214017530062329463046089ACDF80080FFF7CAFE92
S214017540CBE700BF2D500400A2500400CC5004002D
S214017550015104002A510400F7B506460C461746A9
S214017560FFF744FF054638B9104A1149FFF730FBCB
S2140175700224204603B0F0BD21464FF48A5230461D
S21401758021F088FD044600F0F3FD34B123460020C7
S214017590064A0849FFF71CFBEBE7009004233A462E
S2140175A031462846FFF796FEE3E700BF2D5004005C
S2140175B0A250040052510400F7B506460F46FFF7E5
S2140175C015FF054638B9104A1049FFF701FB02249A
S2140175D0204603B0F0BD002240231146304621F07C
S2140175E038FF044621F033FF34B123460020064A13
S2140175F00749FFF7EDFAEBE7009001233A463146DB
S2140176002846FFF767FEE3E72D500400A25004006A
S2140176108551040073B504460E46FFF7E7FE05469E
S21401762038B9104A1049FFF7D3FA0224204602B0AF
S21401763070BD00222046114621F00DFF044621F0C0
S21401764006FF34B123460020064A0849FFF7C0FA70
S214017650ECE70090234632464FF6FC712846FFF7CA
S21401766039FEE3E72D500400A2500400B351040094
S2140176702DE9F0418846107800219EB014461D463B
S214017680FFF7C6FE0646002800F0FD800778002FAB
S2140176907BD0B8F80010002940F0F5800389B8F8CF
S2140176A0022043F40040824240F0ED8061780029D8
S2140176B06BD1A2F50042062A00F2E580DFE812F05F
S2140176C0A100A100E300E3000700B8006900E38819
S2140176D00D3DADF82430238915F00105ADF82630AF
S2140176E063798DF82830E37A03F1060214F8122044
S2140176F08DF814308DF81C2042D10BA98E460691C8
S21401770004F10C005FFA85FC9C4500F1020009D2E9
S21401771010F8018C10F802CC01350CEB082C2EF871
S21401772002CBEFE701EB43011A440891D2B25900AC
S21401773001F10D009A42C0B20BD025186D78205C7D
S2140177407831694400EB0520013321F84C0CDBB29B
S214017750EDE7B6F908203389002AACBF01220322DF
S214017760C3F30E038DF808206288ADF80A3005AB26
S214017770ADF80C20049302A9304621F0AEFA04E0DD
S214017780424A43490020FFF723FA38461EB0BDE8B7
S214017790F081042D02D83D4A3E49F3E72379053DA1
S2140177A0ADB29D42B4F8028002D0384A3A49E9E7C0
S2140177B03A4A3B4B0020002D08BF13463949334A4D
S2140177C0CDF80080FFF704FA05348DF81450B6F9A9
S2140177D00830069485B1002BACBF012303238DF836
S2140177E02C303389ADF83080C3F30E03ADF82E305C
S2140177F005AB0D930BA9BFE7002BACBF06230523F2
S214017800EDE70B2DC7D9D4F80200D4F8061013F40F
S214017810004F05AA03C20CBF042203228DF82C20B8
S2140178206289C3F30E03ADF83020ADF82E30DFE7E2
S214017830042DB0D96388ADF8303023790533DBB237
S2140178409D4206D00020114A17490095FFF7C0F95E
S2140178509BE70E4A00201549FFF7BAF9B6F908204A
S2140178603389002AACBF01220322C3F30E03ADF80D
S2140178702E3005AB0D93631D069323798DF82C20CE
S2140178808DF81430B6E700277FE700BF2D500400BF
S214017890E0510400085204001C520400D00C0400FD
S2140178A0384D04004352040060520400A152040003
S2140178B0304BF0B5B0FBF3F24FF4616503FB1200F9
S2140178C0B0FBF5F3DCB205FB13033C25B3FBF5F384
S2140178D0DBB2A0EB04104B71C3EB0313A0EB8300E8
S2140178E04FF4FA630B8040F201134B8001230C71B5
S2140178F01F4600246425204E8871944200D1F0BDB5
S21401790091F802C013B1BCF1020F2BD006EB0C00AC
S21401791010F801ECC87870450BBF012001300CF15E
S214017920010CC0B208BF81F802C0C87088780D2863
S21401793016D10B888F7001339BB298070B8014D138
S214017940B3FBF5F005FB103080B280B94FF4C87078
S214017950B3FBF0FC00FB1C339BB2B3FA83F35B0969
S2140179600134CAE74FF01D0ED4E70023F8E70123E0
S214017970F6E700BF80510100FAA4040010B50446E2
S21401798088B006A9FFF794FF9DF81E300A480393B6
S2140179909DF81D30049402939DF81C309DF81A2022
S2140179A00193BDF818300549009300889DF81B30F7
S2140179B0FFF70EF908B010BD10590020BA520400A6
S2140179C0026808B51188154B19805188598051797C
S2140179D01971117959714FF48A51D980D28812F0F0
S2140179E0200F0CBF0A464FF48B528169DA800C4A8D
S2140179F0137831B9C0880B4923F00203088013704D
S214017A0008BD43F002031370074B152218460131D7
S214017A1003F0F6FC002200F8012CF1E704590020DF
S214017A2059640020025900201359002010B5184C43
S214017A302368587920F075FD0B2822D8154B03EBE7
S214017A400010027B237F9A421BD123684288198843
S214017A508A4205D04FF6FF70814212D1120410D42B
S214017A602279023A012A06D9A37B63B9BDE8104000
S214017A700748FFF747B9198958791FF088FE00288B
S214017A80F2D1002010BD0248BDE81040FFF7CCB887
S214017A90084400207442002008B520F042FD0B285F
S214017AA096BF024B0020185C08BD00BF5E64002034
S214017AB008B5002021F088F8FF2020F065FD21F0B0
S214017AC088F820F02DFFFEF771F9012102460648DD
S214017AD003F044FC054BFF21054A0648FEF7C6FEA7
S214017AE0BDE80840FEF708BB5E640020045900208C
S214017AF0005900204F630020F0B5002204464FF6DF
S214017B00FF750B4F90B237F830600346AE4201D195
S214017B102846F0BDA64209D1B4F57C4FF9D307EB50
S214017B20C3035B888B42F4D00029F2D00132E9E727
S214017B3038A5040010B50446FFF7DEFF094A0346E0
S214017B4010884FF6FF72934214BF074A2246BDE8DB
S214017B50104017BF02EBC30304495A680449FFF7F4
S214017B6051B800BF1059002038A50400DD520400AA
S214017B70AD1D0400034B18780130C0B2187000F038
S214017B807F007047206F0020044A137818B143F035
S214017B9001031370704703F0FE03FAE759640020EF
S214017BA0014B1870704700BF5C64002038B1074B6A
S214017BB01B78012B04D1038843F0400303807047F0
S214017BC0022BFCD1038823F04003F7E75C64002016
S214017BD068B1074A1378012B07D1064B1B7813703F
S214017BE0037843F01003037001E0022BF8D07047CE
S214017BF05B6400205A6400207FB50121264B274E86
S214017C00197033780246D90744D42549096881B1E9
S214017C100868C1888D0641BF224CE18841F02001E9
S214017C20E180C1884C0641BF1E48C18841F0400131
S214017C30C1801D4D1D492878097840074CBFE97061
S214017C4069701B4913F00204098809D0164A1948BD
S214017C5020F03CFF337823F00203337004B070BD8C
S214017C60154B18884FF6FB73984208D80B46CDE99A
S214017C70005201460B4A204620F000F9EEE74FF687
S214017C80FF73CDE9014200930A46074B054920F0F0
S214017C90D1F8E3E70020E1E75064002059640020B2
S214017CA004440020045900204F630020216F002067
S214017CB000590020125900200259002070B503799E
S214017CC00446012B0D46164631D883681B78DB0621
S214017CD000D561B3A37B13B9E37C0B2B27D000221D
S214017CE0144B1A80637DB3FA83F35B09D800E37BF8
S214017CF0ABB9FEF795FEA07CFEF792FE0B20FEF7D1
S214017D008FFEE07CFEF78CFE2846FEF789FE2046B5
S214017D10FFF756FE3046BDE87040FFF76DBF40F0F6
S214017D200400FEF77DFE208A20F0FBFEE3E700203C
S214017D3070BD00BF00590020024B0A460146186874
S214017D40FFF7BCBF04440020F0B4054618460F4BAD
S214017D500C461B78BDF81010012B0D4E01D037785C
S214017D6027B1002333700020F0BC70470CB9002AFD
S214017D70F9D143B14FF65743994204D02B462246D8
S214017D80F0BC20F089BE0120EEE700BF226F002084
S214017D905D6400202DE9F04F684C4FF0000A25463F
S214017DA08446964698460F46654B664E83F800A075
S214017DB00FCE0FC596E80F0085B085E80F00DDF8F9
S214017DC03C90BDF8383072460093394643466046CB
S214017DD0CDE9019400F0DCF8DFF89081064670B931
S214017DE00025FEF7FFFD16220021574803F0B6FADC
S214017DF000232846C8F8003005B0BDE8F08F534B85
S214017E00A27CC8F800401A70514B1B78002B36D064
S214017E1020F092FF4F4902465046FEF7F3FE2268D5
S214017E205046537952884C490092A289FEF7EAFEE1
S214017E30504620F0FAFE20B12368218A5888FFF7C1
S214017E4079FEE37B23B10020228A4449FEF7DAFE5D
S214017E50A36800201A78E37C41490093A37CFEF7CF
S214017E60D1FE207DA289A168121A014401230020B7
S214017E7092B2FEF711FE00203A49FEF7A9FE2F48FE
S214017E80FFF79EFD2D4822F0E3F9054630BBB9F118
S214017E90000F25D12168E0880B8801904988BA1E19
S214017EA0032A00918CBF002201220121E07CFFF70A
S214017EB04BFF38B923685B79FF2B3AD0FFF7B6FD45
S214017EC005468EE72368DB889A06F3D40121264C03
S214017ED01A48217020F049FF84F80090354680E763
S214017EE0B9F814309B07E5D47AE75846FEF718F838
S214017EF082465846FDF760FF88B123685046228ABD
S214017F00598820F011FB50B13846FFF759FD236818
S214017F1089F804A083F805A0FFF788FD00B9284674
S214017F2005460136FDF742FF5FFA86FB5845DCD869
S214017F3057E70026014FDFF83890F3E708440020A2
S214017F405064002018A5040012590020216F00205B
S214017F501F6F0020F6520400FF5204002053040055
S214017F602C530400210604005D6400200444002014
S214017F70045900200023054AD15C814202D31A44E9
S214017F80507870470233DBB2F6E700BF06A504005F
S214017F9073B515462E781A4616F0040F0CBF032645
S214017FA005269E42089C08D9224A234900960020AD
S214017FB0FEF70EFE002002B070BDBDF8183021712C
S214017FC02060E380A560A2812B7803F00103A373F0
S214017FD02B7803F00403002B14BF01210021E17369
S214017FE02978C1F3C00161754FF00101217518D0E0
S214017FF0284620F0D3FD237D208202332375227D7F
S214018000531CDBB22375A95C0232D2B2A17422756D
S214018010EB5CE374A3899A4205D900920749054AA5
S214018020C5E72382EBE7079B0120A36100232377A3
S214018030C1E700BF640D04006F5304008B530400B6
S2140180402DE9F7430024204FDFF89C80DFF89C9051
S214018050E0B221F032F9FF2805460FD1234601216F
S21401806002201A4AF7F728FD194B013418781EF03A
S214018070B4FB152CECD103B0BDE8F08346B238EA68
S214018080260328BF4B4601210093022057F82430CF
S214018090104AF7F711FD002EE6DA0923E340DB0765
S2140180A00AD50D4A0D4B15F0010F18BF1A460121CE
S2140180B00220F7F701FDD7E70A2CD5D1084A094B6C
S2140180C015F0010FF1E700BF50A50400E4530400CA
S2140180D0236F00200C540400BD530400A753040072
S2140180E0D9530400CF530400D00C0400384D0400CB
S2140180F008B554220021024803F030F9002008BDDB
S214018100005A002008B55422FF21024803F026F940
S214018110002008BDAC590020024B23F810100020A7
S214018120704700BFAC590020002310B4074ADCB2E8
S214018130A14203D85DF8044BFFF7DABF2A2BF9D02A
S21401814032F8024B20F813400133F0E7005A0020C2
S214018150002310B5054A994201DD2A2B00D110BD36
S21401816032F8024B20F813400133F4E7005A00209E
S214018170024B187800F07F00704700BF6A64002049
S214018180034B18780130C0B2187000F07F007047BA
S2140181906A64002030B51C4600238BB0ADF822205F
S2140181A0021D92B2012A0E9DADF82030ADF81E10C8
S2140181B0ADF81C3003D94FF6FF7290420FD1002262
S2140181C0CDE90352CDE90124094B01461B784FF650
S2140181D0FF70009307AB21F08EF80BB030BD01465F
S2140181E0CDE901531846009407AA21F0A0F8F4E758
S2140181F0246F002038B505464FF480500C4603F036
S214018200B3FA4FF480532860236030B940F2A511C9
S214018210BDE83840014827F094BA38BDFB54040045
S21401822000487047DE5C0020014B1878704700BF9D
S214018230406F0020014B1888704700BFC46E0020B5
S214018240014B1878704700BF396F0020014B187832
S214018250704700BF306F0020014B1878704700BF91
S214018260336F0020014B1878704700BF6F64002001
S214018270014B1870704700BF6F640020014B1878DF
S214018280704700BF6E640020014B1870704700BF36
S2140182906E640020014B1878704700BF346F0020D1
S2140182A0014B1888704700BFC26E00202DE9F74FBA
S2140182B0414B424A0193424BDFF844911B78DFF869
S2140182C04481DFF844E1DFF844C13E4F3E4E3F4D66
S2140182D03F49404802EB431A019B524503F12003F4
S2140182E009F1200908F120080EF1200E0CF1200CEE
S2140182F007F1200706F1200605F1200501930FD1AD
S21401830000221146344B324D1C78344E344B314FDB
S214018310D0B2844203F1200346D803B0BDE8F08F03
S214018320304B314C5360002349E907432F4CDFF8AB
S214018330E0B048E907432E4CC2E902304EE9074354
S2140183402C4C11604CE907432B4C136147E907435A
S2140183502A4C49E9050348E905034EE905034CE9BA
S214018360050347E9050349F8201C48F8201C4EF888
S214018370201C4CF8201C47F8201C46F8201C46E917
S2140183800743019C45E907B3DFF888B046E90503D2
S21401839045E9050344E907B344E9050345F8201C0C
S2140183A044F8201C203297E743E9085643E90617AC
S2140183B043F8101C0132ABE75047002070480020FC
S2140183C0476F0020B04700209047002070470020EC
S2140183D0EC560020384D04003E6F002019CA0200FA
S2140183E0F047002071730200ADB90300D187020087
S2140183F0F912030007CA0300B9AA02006592030036
S214018400504800203048002010480020D047002067
S2140184102940030075700200002208B5074B1A6058
S2140184205A6020F006FF064B187020F002FF054B3D
S2140184301870054B1A78054B1A7008BD8E56002029
S214018440CA640020C9640020316F0020C86400207F
S214018450002100B593B008466A460AF0FBF90146CA
S214018460C8B90E4B0E4A09930E4B0D920A930E4A4B
S2140184700E4B0E920B930E4A0E4BCDE90F230C9327
S2140184800D4B6A4611930AF09BFC003818BF012079
S21401849013B05DF804FB0120FAE700BFC1B4030086
S2140184A06D810200C5B603009D4A0200A792030033
S2140184B06D98020025B70300BD7B0200084B1878B3
S2140184C0112806D8012809D9064BC34003F001003C
S2140184D07047A0F143035842584170470020704747
S2140184E0CC6400203400020008B5064B1B78013B23
S2140184F0022B05D80020FFF7E1FF0138C0B208BD06
S214018500FF20FCE7CD640020044B00F1100250F878
S214018510041B904243F8041BF9D17047CE64002037
S214018520044B03F1100253F8041B934240F8041B5A
S214018530F9D17047CE64002030B5002491B0114BBC
S2140185400546214614220BA8CDE9094302F006FF91
S214018550102209ABCDE900440693CDE90452CDE9DA
S2140185600252094B09490AA81DF036FD04460AA81D
S21401857021F015FC1CB1A021054827F0E2F811B046
S21401858030BD00BF0024800000444004CE640020BB
S2140185908655040070B5002490B0154B05460E466E
S2140185A0142221460BA8CDE9094302F0D7FE10227A
S2140185B009ABCDE9004406933146CDE90452CDE935
S2140185C002520C4B0AA81DF007FD04460AA821F02A
S2140185D0E6FB1CB1BA21084827F0B3F8099B102B1B
S2140185E003D0BB21044827F0ACF810B070BD00BF23
S2140185F000248000004440048655040030B50D4632
S21401860000218FB0124B0446142209A8CDE90713A6
S21401861002F0A4FE102207ABCDE90242CDE90042EA
S214018620049329460B4B08A81DF0D8FC044608A85D
S21401863021F0B5FB1CB1D121074827F082F8079B32
S214018640102B03D0D221044827F07BF80FB030BDA1
S214018650002480000044400486550400014B93F931
S2140186605A007047245600200022034B1870034B13
S2140186701970034B1A707047DF640020E064002015
S214018680DE6400202DE9F04FDFF89080064698F86A
S21401869000300D4685B0002B3AD04FF6FB7398425A
S2140186A036D84FF0000B1C4FDFF874A03C7898F8D2
S2140186B000305FFA8BF94B459AF8000011D948440F
S2140186C002AA0DF10601C0B216F028FA08222946C0
S2140186D00DEB020003F08EF90BF1010B0028E6D139
S2140186E04C463B78A34208D198F80020631CDBB2C5
S2140186F09A423B7004BF00233B70324629469AF8E3
S21401870000301C44E0B205B0BDE8F04F16F0F4BAF4
S21401871005B0BDE8F08F00BFDE640020E0640020F5
S214018720DF6400202DE9F74F06460D4614461F4626
S2140187304FF0010BDFF8789003F10C0A15B903B07E
S214018740BDE8F08F102DA84628BF4FF010083A4616
S214018750164B5FFA88F152F8040B524543F8040BA6
S214018760F9D101919AF8002011481A70002389F86E
S2140187700F4089F800B089F80E30FFF7DDFE32466B
S21401878001340B480199E4B212F801CB10F8013B11
S21401879083EA0C0302F8013C931BDBB28B42F3D352
S2140187A0A5EB080816461FFA88F5C7E7E26400201D
S2140187B0E16400202DE9F04F9046914685B0009087
S2140187C0981A029383B20193009B0F46354903F131
S2140187D00C0453F8045BA34241F8045BF9D11B78FF
S2140187E0314E0B7049233370019BF0731B0A3046E0
S2140187F0B373FFF7A1FE0221BB460D46737888EAE4
S214018800030373704FF0000A1DE0C5F11004A9EBD5
S2140188100A039BB2A4B29C4228BF1C4600231FFA3F
S21401882083FCE8186445C0B21FD82544EDB2A344C2
S214018830102D54441FFA84FA05D1002530460391C1
S214018840FFF77AFE0399D145DFD807EB080B25B170
S21401885015480391FFF770FE039901294FF00005B3
S2140188600DD00121DDF80490CCE71BF803C016F803
S21401887000E001338CEA0E0C06F800C0CFE7029B3D
S21401888009491F44094B38461C78224602F0F6FE79
S2140188902A4621463846009B05B0BDE8F04FFFF753
S2140188A041BF00BFE2640020E1640020486F002061
S2140188B030B540780C4601284FF0110387B001F11E
S2140188C0100516D1144A01A90BF002F8234601AC93
S2140188D0224618685968083303C2AB421446F7D1DA
S2140188E011230D4A002001A90AF0F2FF002007B06B
S2140188F030BD0120094A01A90AF0EAFF234601AC6E
S214018900224618685968083303C2AB421446F7D1A9
S2140189101123024AE6E700BF75E4010079EB010086
S21401892030B50C46407887B001284FF011030DBFD3
S2140189300B4A0C4A012001A918BF01A90AF0C8FF79
S214018940234601AA05AD144603CCAC421860596013
S214018950224603F10803F6D1002007B030BD00BF60
S21401896075E4010079EB010010B50C4688B01A23B6
S2140189700C4A01A901200AF0ABFF21460DF10E03B6
S21401898004F1100251F8040B914243F8040BF9D19B
S2140189901A230020034A01A90AF09AFF002008B012
S2140189A010BD00BF24E10100F0B58BB004460D46B2
S2140189B022F0FBFCA8B101A813F082FE88B1667B09
S2140189C0271D16F0020F05D00822384601A903F02C
S2140189D011F8D0B901AB46F0020603CB60607960AE
S2140189E066731A230A4A03A901200AF071FF294671
S2140189F00DF116030DF1260253F8040B934241F8CC
S214018A00040BF9D100200BB0F0BD2D20FBE700BF11
S214018A1024E10100F0B50546071D00220C46384644
S214018A20082193B022F053FC6A7B0646D0070BD58B
S214018A30687808A921F0E4F8DDF83D306B60DDF8D0
S214018A4041307B6080B10BE0910709D5D20001214E
S214018A50384602F0800221F0E0F8FF28687002D163
S214018A602D2013B0F0BDD6B1687801A921F05DF8CC
S214018A709DF81C305B0604D54FF4C6710A4826F0F3
S214018A8060FE234603AD07AC2A4603CAA24218601D
S214018A905960154603F10803F6D10020E1E708A95D
S214018AA021F0AEF8CEE700BF045604002DE9F041F0
S214018AB006468AB01F480F4615460024FFF730FDCC
S214018AC0002C01A914BF4FF05C0C4FF0360C10239C
S214018AD08846184A12F8010B013B8CEA000013F095
S214018AE0FF0301F8010BF5D105A823F056FA42461B
S214018AF0102105A823F055FAC4B93946324605A80F
S214018B0023F0B7FA2A460DF1140C0DF1240E634634
S214018B1003CB7345106051609C4602F10802F6D102
S214018B2014B10AB0BDE8F0810124C9E72A46102134
S214018B30E5E700BF116500202DE9F04791460D4697
S214018B40C0B09DF82041DDF828811E46DFF87CA0E4
S214018B509DF8243107462246494640468AF80030A9
S214018B6002F08CFD9DB12346324641463846FFF75A
S214018B7021FEB44207D9A11B3B46012289B208EB6C
S214018B800600FFF7CFFD002040B0BDE8F087A11B2F
S214018B903B46012289B208EB0600FFF7C3FD2246D9
S214018BA04146684602F06AFD324669463846234623
S214018BB0FFF700FE9AF800200DEB040109EB040014
S214018BC002F018FF0028DED02C20DDE7486F0020D9
S214018BD038B50346104601F1100451F8045BA14272
S214018BE042F8045BF9D104491BB1FFF7D3FC00201E
S214018BF038BDFFF703FDFAE71165002030B50546DD
S214018C0089B0694620F006FE6B8804ACABB12246FB
S214018C102946684620F09EFD0E4A08AD234603CB42
S214018C20AB42106051601C4602F10802F6D10948B9
S214018C30FFF76AFC002009B030BD6B46054D1A46A9
S214018C4003CAA24228606960134605F10805F6D1F9
S214018C50EDE700BF1165002050B10B4B0B4A03F145
S214018C60100153F8040B8B4242F8040BF9D17047FC
S214018C70064B054A03F1100153F8040B8B4242F8E8
S214018C80040BF9D1704700BF11650020F164002084
S214018C9008B51022024802F0B3FB002008BD00BF51
S214018CA00165002008B508461022024902F0A8FB1B
S214018CB0002008BD0165002010B5044686B001A954
S214018CC0114A112301200AF003FE9DF8143001A871
S214018CD0E37023F058FD80F001000C4A01A9607092
S214018CE0112301200AF0F4FD9DF8143001A8A370A9
S214018CF023F049FD80F00100207012F06DF86060ED
S214018D00002006B010BD00BF75E4010079EB01003C
S214018D1010B5044686B01123134A012001A90AF0B2
S214018D20D7FDA3789DF814209A4207D08DF8143009
S214018D30002011230C4A01A90AF0CAFD11230B4A8F
S214018D40012001A90AF0C4FDE3789DF814209A4297
S214018D5007D08DF8143000201123044A01A90AF027
S214018D60B7FD06B010BD00BF79EB010075E4010048
S214018D702DE9F04186B0064603A80C4614F0EEFC39
S214018D80054600284AD1BDF80C30980646D5102273
S214018D902946204602F0E2FA01A813F091FCC0B180
S214018DA0777B06F1040817F0020F06D0082240462A
S214018DB001A902F01FFE00282ED101AB47F00207E1
S214018DC003CB7060C8F804107773238843F0080358
S214018DD02380238843F00203238013F041F8606068
S214018DE022F0E3FA30B10E4B1B68A360238843F0F0
S214018DF0040323800B4B1A68D1035EBF238843F01C
S214018E0010032380130203D5238843F400632380D1
S214018E10284606B0BDE8F0812D25F9E72425F7E7B9
S214018E20A0480020A448002010B5D0E9023253F82B
S214018E30223090B01C6840226946204620F053FF3D
S214018E40034630B1224600200549FDF7C1FE10B0A9
S214018E5010BD012269460820FDF764FEF7E700BF52
S214018E609A56040070B500F0B1F800280CBF6E22C7
S214018E70792200201349FDF7ABFE00F0A7F8F0B108
S214018E8020F045FF00280CBF6E22792200200E49F3
S214018E90FDF79EFE082200200C49FDF799FE0025ED
S214018EA00B4C0C4E234654F8042C31460020033557
S214018EB0FDF78EFE182D04F10C04F3D170BD3F2290
S214018EC0E4E700BFD2560400E9560400F956040050
S214018ED0C84900201857040070B520F0FDFE04466E
S214018EE021490020FDF774FE2CB92046BDE87040EC
S214018EF01E49FDF76DBE00F0BBF805461C4B6269C6
S214018F000020002A08BF1A461A492668FDF760FEA7
S214018F10A28800201849FDF75BFE1849E288002068
S214018F20FDF756FEA388228913F010001ABF002011
S214018F3013491449FDF74CFEE26800201249FDF77B
S214018F4047FE226900201149FDF742FE104A114BE7
S214018F500020B6F5817F38BF13460F492A46BDE883
S214018F607040FDF735BE00BF4D5704005A57040048
S214018F704A2604007B57040099570400BA57040098
S214018F80D7570400F4570400125804003058040060
S214018F90455704003B5704004E58040038B50146B7
S214018FA000230C25084A05FB03F4A01814590134C4
S214018FB004D10C2202F024FA002038BD0133082B1C
S214018FC0F1D10120F9E700BFC4490020034B18780E
S214018FD0012894BF00200120704700BF23650020B0
S214018FE038B50446044D2878A04203D0214620F027
S214018FF053FE2C7038BD00BF2365002000B58FB02E
S2140190003422002101A802F0A9F901A8EEF75CFDBF
S2140190100598D0B182680E4BB2F5803F34BF92B24C
S214019020C2F38F2241881A81028828BF41F01001BD
S2140190301A6042689980DA80C268DA6002691A6149
S21401904042695A61027E18461A760FB05DF804FB33
S21401905048490020054B1B7820B1012B04D802207B
S214019060FFF7BEBF012BFBD8704700BF236500206A
S21401907010B5084C237853B920F02EFE0123237037
S21401908028B10368B3F5817F24BF037E237020785F
S21401909010BD00BF2265002070B5184B1B78012B50
S2140190A02BD820F0FCFD164D024616490020FDF790
S2140190B08FFD0120FFF7CEFF2E78FF2E1DD1FFF783
S2140190C09DFFC8B1848860223146C4F340040E482F
S2140190D02C7002F043F9602231460C4802F03EF94A
S2140190E05CB1FFF7C5FF042807D9BDE8704040F220
S2140190F02B11074826F025BB287070BD236500207C
S214019100496F002071580400C449002064490020BA
S214019110835804002DE9F04FDFF884928DB003AB3D
S21401912007468846144699E8070083E80700FFF7D4
S214019130B3FFFFF79DFF944B06461D784B46012D66
S21401914040F07081012840F27281B7FBF0F200FB1B
S2140191501272002A00F06B818C4900228B46D1F8EE
S21401916000C0BCF1FF3F04D0087A6044874200F09B
S21401917019810132082A01F10C01F0D193E80700A8
S21401918006AE0DF1240A86E807008AE80700FFF715
S2140191906FFFB7FBF0FB00FB1B7BA0EB0B094A46FE
S2140191A0414606460AA809978DF82C9002F066FA01
S2140191B000224FF00C0E764902E00132082A0ED04A
S2140191C00EFB02F000EB010C08580130F5D19AE8CD
S2140191D007008CE807006F490A7801320A70A1453A
S2140191E004DD4FF4E2716C4826F0ABFAA41B5C4434
S2140191F04F44A1B217FA84F4B4FBF6F206FB12420E
S214019200C8448E1A91B1A41A08EB060107A88DF876
S2140192102020069402F032FA06A8FFF7BFFEFF28C8
S21401922004D140F2D9115C4826F08BFAB6B2B6B139
S2140192300320FFF7D5FE802E0AD83246414657480E
S21401924002F01CFA32463846544920F030FD0546F5
S2140192500220FFF7C5FE28460DB0BDE8F08F0025B9
S214019260F9E74FF40E714C4826F06BFA464B1B7823
S214019270012B00F0E380002C36D00320FFF7B0FE70
S214019280802C2FD822464146444802F0F7F9224660
S2140192903846424920F00BFD05460220FFF7A0FEA6
S2140192A0DFF8F09099F8003093B1039CFFF7E0FEE9
S2140192B0374B002798461A68511C04D0197A411A70
S2140192C0521A944224D00137082F03F10C03F2D12D
S2140192D0002DC0D1039B0133C1D003A8FFF75EFE6A
S2140192E00546B8E70125D8E72546D9E740F26D21BE
S2140192F0294826F026FA012524E0012D30D0802EBB
S2140193002FD832462549039820F0D1FC054628E09F
S214019310002DA0D10C247C4308EB04039DF814A077
S21401932093F808B00AEB0B03802BDFDC1B4B52468D
S21401933004A9184602F0A2F9211D5A464144504498
S21401934002F09CF90C2303FB07839DF814201B7A7B
S21401935013449E42D1D040F273210F4826F0F1F912
S21401936001250220FFF73CFE99F8003013B1013BBE
S21401937089F800304FF0FF3308EB040248F8043058
S214019380C2E9013367E700BF496F0020C4490020E6
S214019390644900202165002083580400C848002045
S2140193A0B4A504004FF00C0A0AFB02B3187AA6EB28
S2140193B000095FFA89F9A14501D35FFA84F90AFB2E
S2140193C002FA0AF1040528444A464146584402F086
S2140193D055F90BEB0A031A7AA4EB09044A44D2B2F4
S2140193E0B242A4B21A7219D103200193FFF7F8FD15
S2140193F032460BEB05015BF80A0020F058FC0546E7
S2140194000220FFF7EDFD4FF0FF32019B4BF80A20DB
S214019410C3E90122002D7FF41EAFC844002C3FF49F
S2140194201EAF4F44104B1B78012B7FF424AFB7FBC4
S214019430F6F306FB1373002B7FF413AFE319B3FBAC
S214019440F6F506FB1535002D3FF415AF641B5B1BC7
S21401945008EB04012A4604A80393A4B202F00EF90D
S2140194608DF8145007E700BF496F002070B5134B05
S2140194701B78012B0CD1FFF70FFE0026104D55F877
S214019480043C013306D10336182E05F10C05F6D13E
S214019490002411E00320FFF7A3FD55F8044CFFF765
S2140194A0E7FD29460246204620F001FC044602203C
S2140194B0FFF796FD002CE6D0204670BD496F0020D0
S2140194C0C849002070B505460C46FFF7E5FD0520A6
S2140194D0FFF786FD2146284620F0F7FB06460220C8
S2140194E0FFF77EFD00220A4B2C441968481C08D061
S2140194F0A94206D3A1423EBF4FF0FF31C3E9001196
S21401950099600332182A03F10C03EED1304670BD80
S214019510C4490020D0E9023253F8223010B51C6845
S214019520204600F095FA28B12146BDE810400248D1
S21401953000F002BE10BD00BF0159040008B5D0E915
S214019540023253F82230186800F06CF920B1BDE8F9
S2140195500840024800F0F0BD08BD00BF23590400D2
S2140195602DE9F041D0E9023253F8221003EB8203D1
S2140195705B680F681D789AB0642D04D96421114880
S21401958000F0DAFD64252A46384601A900F002F902
S214019590044698B90C4800F0CFFDDFF8348001AEE0
S2140195A0013DA54202DC1AB0BDE8F08139194046FA
S2140195B016F8012B00F0C0FD0134F2E7034800F075
S2140195C0BBFDF0E7465904006659040090590400B3
S2140195D07D5904002DE9F04700252D4FDFF8E08086
S2140195E0DFF8E0908CB0284603A900F0EFF810B140
S2140195F00CB0BDE8F087049B2946039A00933846D1
S21401960000F09AFD404600F097FD059910290CD808
S21401961010290CD8DFE801F00F14320B340B0B0BBA
S214019620360B0B0B0B0B0B0B3A0020292CD01948D1
S21401963000F082FD07E0184800F07EFD0135D2E714
S214019640164800F079FD0699484600F075FD079921
S214019650134800F071FD134800F06EFD1024DFF88A
S21401966068A00DF11F06504616F8011F013C00F0D8
S21401967063FD14F0FF04F6D10B48DDE70B48E0E785
S2140196800B48DEE70B48DCE70B48DAE70B48D8E780
S214019690AB590400505A0400005A0400105A040042
S2140196A0765A04008E5A04004AFF0300185A040032
S2140196B0205A0400295A0400345A04004B5A040064
S2140196C0EF5904005F5A04009F5A040010B50B4C72
S2140196D08EB023785BB9EEF771F9014650B90123D4
S2140196E001A82370EEF7F0F9054B049A1A6020786A
S2140196F00EB010BD034800F01FFDF8E724650020FA
S214019700084D0020A55A040000B58FB0FFF7DEFF14
S214019710002829D001A8EEF7D7F9059B1448198827
S21401972000F00AFD059B13485969134B002908BF31
S214019730194600F001FD059B1048598800F0FCFC15
S214019740059B0F48196900F0F7FC059B0D48D96881
S21401975000F0F2FC059B0C48197E00F0EDFC0B4B6B
S2140197600B48196800F0E8FC0FB05DF804FB00BF79
S214019770E25A0400F45A04004A260400065B040078
S2140197801A5B04002E5B0400425B0400084D0020B7
S214019790565B040070B5064615460C4679B172B1A3
S2140197A0FFF794FF68B121462A463046EEF796FA4F
S2140197B0014618B1044800F0BFFC012070BD21200D
S2140197C0FCE71120FAE700BF685B040037B50546E1
S2140197D00C46FFF77BFFE0B1114B1B68AB421AD971
S2140197E0CCB100212422204601F0B8FD21462846AE
S2140197F01BF0AEFB88B9284601AA04F10801EEF772
S2140198001FFA20B140F20643C01A18BF012003B068
S21401981030BD1120FBE72120F9E70120F7E700BF63
S214019820084D0020F0B593B00546FFF74FFF00281E
S21401983045D0254B1A68AA4207D829462348013A3B
S21401984000F07AFC212013B0F0BD05A8EEF73CF934
S214019850284603A91BF07CFB98BB049A22F4FF5709
S214019860C2F30C0327F01F072BB14FF40053294610
S214019870174800F061FC039E7FB125F06FFF30466C
S2140198804FF40051EEF7B6FA3346044606F5005695
S21401989050B9039BF31ABB42EFD32A4639460D480B
S2140198A000F04AFC002406E000902A464FF40051DE
S2140198B0094800F041FC201E18BF0120C3E7112013
S2140198C0C1E70120BFE700BF084D0020965B0400FA
S2140198D0445C0400035D0400B25C040010B5044659
S2140198E038B1FFF7F3FE30B10020044B1B6823604C
S2140198F010BD2120FCE71120FAE700BF084D00202B
S21401990010B50446FFF7E2FEB0B10C4B1A68A2424E
S21401991006D821460A48013A00F00EFC212010BD67
S21401992025F01CFF40F2C12220460649EEF748F911
S214019930003818BF0120F2E71120F0E7084D00209B
S214019940965B0400444A002010B50446FFF7BEFEAD
S21401995070B121460848EEF753F940F203239842C6
S21401996008D040F2012398420CBF0520012010BD0B
S2140199701120FCE70020FAE7444A00202DE9F041D7
S2140199802D4D04462F68FFF7A1FE002851D0296807
S214019990A14207D84A1E2948214600F0CDFB2120C6
S2140199A0BDE8F0812648EEF7EBF8DFF89480024632
S2140199B0B0B943462E68964222D1BE4214BF3A46FB
S2140199C006F1FF3212BB31461D48C8F80040EEF7DB
S2140199D0B7F8014600B31B4800F0AEFB0120DFE7F5
S2140199E02046EEF78DF8044638B10146164800F0D9
S2140199F0A3FB201E18BF0120D2E7EDF7DDFEF8E736
S214019A0053F8041B8C42DDD00132D4E70C49920096
S214019A10081D01F0F5FCD6E729680948EEF7B0F80D
S214019A20044610B101460948D6E7EDF7C5FE2046C3
S214019A30B6E71120B4E700BF084D0020965B04008E
S214019A40244A0020495D04001F5D04007C5D04007B
S214019A50F8B50446FFF73AFE002845D0234B1A68AE
S214019A60A24207D821462248013A00F065FB21248C
S214019A702046F8BD1F4800F05FFB25F06FFE40F260
S214019A80C1221D492046EEF79BF840F20327054602
S214019A9025F064FE184E65B140F203239D421AD0AC
S214019AA02946164800F048FB0124154800F044FBFF
S214019AB0DEE725F053FE29463046EEF7A1F8B84218
S214019AC009D040F20123984203D10E4800F034FB3E
S214019AD0E1E70546DFE721460B4800F02DFB20466F
S214019AE0FFF74CFF0446E0E71124C1E7084D0020CC
S214019AF0965B0400B35D0400444A0020D35D040075
S214019B004AFF030056320400EB5D040010B50A4616
S214019B10044619B1024B00211B68984710BD00BFCF
S214019B20C0A5040010B5114C2378580744BF23F094
S214019B30040323702378990705D500F05DF8237890
S214019B4023F00203237063781BB10023084A636085
S214019B5053600023082106486370FFF7D7FF237878
S214019B60DA0744BF23F00103237010BD0C4D00201B
S214019B70104D002038B51A4C62782378022A01D19C
S214019B80072B11D0DD0712D52378980707D400F0EC
S214019B902BF82378054643F00203237080B96278D8
S214019BA0237882B15A0716D50025284638BD1CF001
S214019BB091F92378054643F0010323700028E3D08A
S214019BC0FFF7B0FFF1E7D907ECD5064962604A60B6
S214019BD002226270E6E743F004032370E4E700BF65
S214019BE00C4D0020104D00200122024B002083F86E
S214019BF0F0207047184D00202DE9F0410A4C002551
S214019C0026464FF0010803272046C4F81C80277615
S214019C10013520F0A7F8062D04F12804F4D100231D
S214019C2086F8F030BDE8F081184D00202DE9F04FA0
S214019C30984691B00B1E0A93B44B914614BF8346C7
S214019C409B4600251A9E98F8000070B94D4538BF0E
S214019C502A464B464FF000000A9928BF09F1FF3209
S214019C60D847284611B0BDE8F08F252808F101082D
S214019C7006D02A464B460A996C1CD8472546E2E789
S214019C800023414611F8012B2B2A16D00AD8202A88
S214019C9016D0232A17D0A2F13000092834D800277D
S214019CA00A2418E02D2A05D0302AF4D143F0010306
S214019CB08846E6E743F00203FAE743F00403F7E7D2
S214019CC043F00803F4E743F01003F1E7884604FB8A
S214019CD00722A2F13007414611F8012BA2F130000C
S214019CE00928F3D998F800202E2A52D198F80110A5
S214019CF008F10102A1F13000092843F480633ED83F
S214019D0000244FF00A0E11E02A2A08D156F8047BE7
S214019D108846002FBCBF43F002037F42E2E70027DC
S214019D20E0E702460EFB0411A1F13004104610F8DC
S214019D30011BA1F1300CBCF1090FF2D99046424645
S214019D4012F8011B6C292DD025D8682933D06A2931
S214019D503BD04246904618F8010B672860D8572832
S214019D6036D8452808D084D9462800F018814728D7
S214019D707FF47FAF43F4006343F0200327E12A29F1
S214019D8006D156F8044B08F1020824EAE474D6E733
S214019D9090460024D3E7742901D07A29D9D143F417
S214019DA08073D7E798F801106C29F8D143F4407313
S214019DB008F10202CEE798F80110682902D043F0B4
S214019DC08003C7E743F0C003F2E743F40073C1E73B
S214019DD0A0F158020F2A3FF64CAF01A151F822F02C
S214019DE0819E0100739C0100739C0100739C01001D
S214019DF0739C0100739C0100739C0100739C01001D
S214019E00739C0100739C0100819E0100ED9F01007F
S214019E10819E0100C39F0100A39F0100C39F010013
S214019E20A0F16901C9B20F293FF623AF012249F219
S214019E30410C8A4012EA0C0218D10A2900F0158159
S214019E4007297FF416AF43F0210305930823CDE9D4
S214019E5003431023CDE9012356F8043B2A46009319
S214019E6058464B460A9920F06DF8A8E06F2800F096
S214019E705E8110D9782808D1102223F00C0310E057
S214019E80582839D0622800F054810A2223F01003A2
S214019E90642806D0F1E769284FF00A0223F0100380
S214019EA0F6D1590548BF23F00103692803F4007170
S214019EB001D0642840D111B3073626F00706B24612
S214019EC070685AF8081BCDE9077300230593C30F82
S214019ED00028029306940B46049202DA4B4260EB8A
S214019EE04000CDE900304B462A4658460A9920F0F4
S214019EF06BF805465646A6E643F02003BCE7D905AF
S214019F0006F1040A04D5316805E000BFA79D0300E9
S214019F1058060CD53178CDE90224CDE90473002921
S214019F204FEAD1730193B8BF4942009120E0190668
S214019F30E9D5B6F90010EEE779B1CDE9077300234C
S214019F40CDE9042306F1070A2AF0070A06940293CC
S214019F50FAE80223CDE90023C5E7D80506F1040A8D
S214019F600DD5CDE90473CDE9022401913368009340
S214019F704B462A4658460A991FF0E4FFB9E75906A8
S214019F8007D53178CDE904730023CDE90224019386
S214019F90CBE7316813F0800F18BF89B2F2E743F0C0
S214019FA02003CDE90173073626F007060094B6ECC8
S214019FB0020B4B462A4658460A99EAF7E9FB05463C
S214019FC041E600F0DF00472801D143F40063CDE904
S214019FD00173073626F007060094B6EC020B4B46D3
S214019FE02A4658460A99EAF717FAE8E713F00204F0
S214019FF026D04FF0010A6B1C0B932A464B460A9952
S21401A00016F8040BD84774B354460B9A21E04B4616
S21401A01020200A99D8470AEB05020AF1010A57459A
S21401A020F5D83A1E18BF0122002A07F1FF3308BFF0
S21401A030002307F1010A1D4408BF4FF0020ADAE7C0
S21401A040A246E8E7551C4B4620200A99D8472A46DF
S21401A0500134BC42F6D3A7EB0A03574538BF0023A9
S21401A0600B9A1A440B920B9DEDE53246002C52F8E2
S21401A070046B14BF21464FF0FF310B923246314438
S21401A080107808B1914211D1A2EB060A13F480624E
S21401A0900C9202D0A24528BFA24613F002030D93EC
S21401A0A01BD1AAEB05032A460F9308E00132E7E726
S21401A0B0531C0E9320204B460A99D8470E9A0F9BA5
S21401A0C0D318BB42F4D3A7EB0A03574538BF002386
S21401A0D00AF101021D4403EB020AAB1B0E9304E0D6
S21401A0E01C464B462A460A99D8470E9BF51816F881
S21401A0F0010B28B10C9B002BF3D0631E002CEFD173
S21401A1000D9B93B12A46AAEB050405E0561C4B4667
S21401A11020200A99D84732461319BB42F6D3A7EB3B
S21401A1200A03574538BF00231D440B9E8BE50822C2
S21401A130A3E60222A1E600BF0FB41FB506AA52F895
S21401A140043B02A90392009204484FF0FF32FFF746
S21401A1506DFD05B05DF804EB04B0704769A003001F
S21401A1601FB5034600914FF0FF3203A90248FFF7DF
S21401A1705DFD05B05DF804FB69A003001FB5CDE9E0
S21401A1800201009302A9134603484FF0FF32FFF77E
S21401A1904DFD05B05DF804FB71A003001FB5094B2A
S21401A1A0094A1868094B01A91860094B1360094A46
S21401A1B00192094A1268CDE902231BF032FF05B06D
S21401A1C05DF804FB686B0020E03D0020E43D0020C4
S21401A1D05C6B002054940400C8500020014B1868A2
S21401A1E01BF033BF686B002038B5F2F767F80446FA
S21401A1F0064D2B68D3F8B002F2F754F828681BF026
S21401A20037FF2046BDE83840F2F74CB8686B0020AF
S21401A21010B51F4CF0F728F9236F012023F0070330
S21401A22043F002032367F0F72DF9D4F8203100201C
S21401A23023F0070343F00103C4F82031D4F840317A
S21401A24023F0030343F00103C4F84031D4F860312E
S21401A25023F0030343F00103C4F86031D4F840321D
S21401A26023F0030343F00103C4F84032D4F800326C
S21401A27023F0070343F00103C4F80032D4F8083290
S21401A28023F0070343F00103C4F8083210BD00BFF2
S21401A29000800050064B1B681A7A022A01D81AB9A8
S21401A2A07047032A00D070471B68024A1360704744
S21401A2B06C6B0020C85000200022024B5A60DA6006
S21401A2C01A607047CC50002008B501F037FF002215
S21401A2D0014B1A7008BD00BF256500200A460149DA
S21401A2E01FF030BFE1BD04000A4601491FF02ABF36
S21401A2F0DCBD04000A4601491FF024BFD5BD040099
S21401A3000A4601491FF01EBFD2BD04000A46014994
S21401A3101FF018BFCFBD04000A4601491FF012BF47
S21401A320CABD04000A4601491FF00CBFC5BD0400A2
S21401A3300A4601491FF006BFC0BD04000A4601498E
S21401A3401FF000BFB9BD040081F0004102E000BF6C
S21401A35083F0004330B54FEA41044FEA430594EADF
S21401A360050F08BF90EA020F1FBF54EA000C55EA1A
S21401A370020C7FEA645C7FEA655C00F0E2804FEAEB
S21401A3805454D4EB5555B8BF6D420CDD2C4480EACD
S21401A390020281EA030382EA000083EA010180EAFD
S21401A3A0020281EA0303362D88BF30BD11F0004F4B
S21401A3B04FEA01314FF4801C4CEA113102D0404281
S21401A3C061EB410113F0004F4FEA03334CEA1333BC
S21401A3D002D0524263EB430394EA050F00F0A780D4
S21401A3E0A4F10104D5F1200E0DDB02FA0EFC22FACF
S21401A3F005F2801841F1000103FA0EF2801843FAC3
S21401A40005F359410EE0A5F120050EF1200E012AB3
S21401A41003FA0EFC28BF4CF0020C43FA05F3C018F1
S21401A42051EBE37101F0004507D54FF0000EDCF16A
S21401A430000C7EEB00006EEB0101B1F5801F1BD313
S21401A440B1F5001F0CD349085FEA30004FEA3C0C17
S21401A45004F101044FEA445212F5800F80F09A800D
S21401A460BCF1004F08BF5FEA500C50F1000041EB11
S21401A470045141EA050130BD5FEA4C0C404141EB15
S21401A4800101013C28BFB1F5801FE9D291F0000F10
S21401A49004BF01460020B1FA81F308BF2033A3F1BF
S21401A4A00B03B3F120020CDA0C3208DD02F1140CB6
S21401A4B0C2F10C0201FA0CF021FA02F10CE002F1F1
S21401A4C01402D8BFC2F1200C01FA02F120FA0CFCEA
S21401A4D0DCBF41EA0C019040E41AA2BF01EB045133
S21401A4E0294330BD6FEA04041F3C1CDA0C340EDC31
S21401A4F004F11404C4F1200220FA04F001FA02F374
S21401A50040EA030021FA04F345EA030130BDC4F131
S21401A5100C04C4F1200220FA02F001FA04F340EA26
S21401A5200300294630BD21FA04F0294630BD94F0D7
S21401A530000F83F4801306BF81F480110134013DBE
S21401A5404EE77FEA645C18BF7FEA655C29D094EA2F
S21401A550050F08BF90EA020F05D054EA000C04BFAD
S21401A5601946104630BD91EA030F1EBF0021002098
S21401A57030BD5FEA545C05D14000494128BF41F037
S21401A580004130BD14F580043CBF01F5801130BD9B
S21401A59001F0004545F0FE4141F470014FF0000026
S21401A5A030BD7FEA645C1ABF194610467FEA655CD7
S21401A5B01CBF0B46024650EA013406BF52EA033579
S21401A5C091EA030F41F4002130BD00BF90F0000F67
S21401A5D004BF0021704730B54FF4806404F13204A3
S21401A5E04FF000054FF0000150E700BF90F0000F5C
S21401A5F004BF0021704730B54FF4806404F1320483
S21401A60010F0004548BF40424FF000013EE700BF52
S21401A61042004FEAE2014FEA31014FEA02701FBFE2
S21401A62012F07F4393F07F4F81F06051704732F014
S21401A6307F4208BF704793F07F4F04BF41F400216B
S21401A640704730B54FF4607401F0004521F00041C9
S21401A6501CE700BF50EA010208BF704730B54FF053
S21401A66000050AE050EA010208BF704730B511F054
S21401A670004502D5404261EB41014FF4806404F18C
S21401A68032045FEA915C3FF4D8AE4FF003025FEA12
S21401A690DC0C18BF03325FEADC0C18BF033202EB96
S21401A6A0DC02C2F1200300FA03FC20FA02F001FAF0
S21401A6B003FE40EA0E0021FA02F11444BDE600BF93
S21401A6C070B54FF0FF0C4CF4E06C1CEA11541DBF42
S21401A6D01CEA135594EA0C0F95EA0C0F00F0DEF80D
S21401A6E02C4481EA030621EA4C5123EA4C5350EAF2
S21401A6F0013518BF52EA033541F4801143F4801343
S21401A70038D0A0FB02CE4FF00005E1FB02E506F0D3
S21401A7100042E0FB03E54FF00006E1FB03569CF028
S21401A720000F18BF4EF0010EA4F1FF04B6F5007F2E
S21401A73064F5407404D25FEA4E0E6D4146EB0606A0
S21401A74042EAC62141EA55514FEAC52040EA5E5029
S21401A7504FEACE2EB4F1FD0C88BFBCF5E06F1ED8D3
S21401A760BEF1004F08BF5FEA500E50F1000041EB0A
S21401A770045170BD06F0004646EA010140EA0200B7
S21401A78081EA0301B4EB5C04C2BFD4EB0C0541EAD9
S21401A790045170BD41F480114FF0000E013C00F3EE
S21401A7A0AB8014F1360FDEBF002001F0004170BD12
S21401A7B0C4F10004203C35DA0C341BDC04F114042B
S21401A7C0C4F1200500FA05F320FA04F001FA05F2B7
S21401A7D040EA020001F0004221F0004110EBD37084
S21401A7E021FA04F642EB06015EEA430E08BF20EAB0
S21401A7F0D37070BDC4F10C04C4F1200500FA04F353
S21401A80020FA05F001FA04F240EA020001F00041E4
S21401A81010EBD37041F100015EEA430E08BF20EA57
S21401A820D37070BDC4F1200500FA05F24EEA020E9F
S21401A83020FA04F301FA05F243EA020321FA04F0CE
S21401A84001F0004121FA04F220EA020000EBD37085
S21401A8505EEA430E08BF20EAD37070BD94F0000F85
S21401A8600FD101F00046400041EB010111F4801FB9
S21401A87008BF013CF7D041EA060195F0000F18BF6A
S21401A880704703F00046520043EB030313F4801FA6
S21401A89008BF013DF7D043EA0603704794EA0C0F60
S21401A8A00CEA135518BF95EA0C0F0CD050EA410676
S21401A8B018BF52EA4306D1D181EA030101F00041F3
S21401A8C04FF0000070BD50EA410606BF104619461B
S21401A8D052EA430619D094EA0C0F02D150EA013627
S21401A8E013D195EA0C0F05D152EA03361CBF104668
S21401A8F019460AD181EA030101F0004141F0FE4107
S21401A90041F470014FF0000070BD41F0FE4141F48A
S21401A910780170BD70B54FF0FF0C4CF4E06C1CEA8A
S21401A92011541DBF1CEA135594EA0C0F95EA0C0F3F
S21401A93000F0A7F8A4EB050481EA030E52EA0335FA
S21401A9404FEA013100F088804FEA03334FF080551B
S21401A95045EA131343EA12634FEA022245EA111548
S21401A96045EA10654FEA00260EF000419D4208BFF9
S21401A970964244F1FD0404F5407402D25B084FEAA6
S21401A9803202B61A65EB03055B084FEA32024FF452
S21401A99080104FF4002CB6EB020E75EB030E22BFAF
S21401A9A0B61A754640EA0C005B084FEA3202B6EB6F
S21401A9B0020E75EB030E22BFB61A754640EA5C001E
S21401A9C05B084FEA3202B6EB020E75EB030E22BFAE
S21401A9D0B61A754640EA9C005B084FEA3202B6EBAF
S21401A9E0020E75EB030E22BFB61A754640EADC006E
S21401A9F055EA060E18D04FEA051545EA16754FEAD0
S21401AA0006164FEAC30343EA52734FEAC2025FEAED
S21401AA101C1CC0D111F4801F0BD141EA00014FF07C
S21401AA2000004FF0004CB6E711F4801F04BF01434D
S21401AA300020B4F1FD0C88BFBCF5E06F3FF6AFAE69
S21401AA40B5EB030C04BFB6EB020C5FEA500C50F1F9
S21401AA50000041EB045170BD0EF0004E4EEA11317C
S21401AA6014EB5C04C2BFD4EB0C0541EA045170BD83
S21401AA7041F480114FF0000E013C90E645EA060EC7
S21401AA808DE60CEA135594EA0C0F08BF95EA0C0FF5
S21401AA903FF43BAF94EA0C0F0AD150EA01347FF43D
S21401AAA034AF95EA0C0F7FF425AF104619462CE714
S21401AAB095EA0C0F06D152EA03353FF4FDAE104677
S21401AAC0194622E750EA410618BF52EA43067FF4C8
S21401AAD0C5AE50EA41047FF40DAF52EA43057FF458
S21401AAE0EBAE12E74FF0FF3C06E000BF4FF0010C63
S21401AAF002E000BF4FF0010C4DF804CD4FEA410CC7
S21401AB007FEA6C5C4FEA430C18BF7FEA6C5C1BD093
S21401AB1001B050EA410C0CBF52EA430C91EA030F14
S21401AB2002BF90EA020F0020704710F1000F91EA71
S21401AB30030F58BF994208BF90422CBFD8176FEA3F
S21401AB40E37040F0010070474FEA410C7FEA6C5C0D
S21401AB5002D150EA013C07D14FEA430C7FEA6C5C14
S21401AB60D6D152EA033CD3D05DF8040B704700BF40
S21401AB708446104662468C461946634600E000BF8E
S21401AB8001B5FFF7B7FF002848BF10F1000F01BD60
S21401AB904DF808EDFFF7F4FF0CBF012000205DF82B
S21401ABA008FB00BF4DF808EDFFF7EAFF34BF0120B0
S21401ABB000205DF808FB00BF4DF808EDFFF7E0FF49
S21401ABC094BF012000205DF808FB00BF4DF808ED9A
S21401ABD0FFF7CEFF94BF012000205DF808FB00BF01
S21401ABE04DF808EDFFF7C4FF34BF012000205DF8E3
S21401ABF008FB00BF4FEA410212F5001215D211D52B
S21401AC006FF47873B3EB625212D94FEAC12343F063
S21401AC10004343EA505311F0004F23FA02F018BFE5
S21401AC20404270474FF00000704750EA013005D1AE
S21401AC3011F0004008BF6FF0004070474FF0000071
S21401AC40704700BF4A0011D212F5001211D20DD57D
S21401AC506FF47873B3EB62520ED44FEAC12343F01C
S21401AC60004343EA505323FA02F070474FF00000C6
S21401AC70704750EA013002D14FF0FF3070474FF075
S21401AC800000704753B94AB9002908BF00281CBF05
S21401AC904FF0FF314FF0FF3000F08CB9ADF1080CEA
S21401ACA06DE904CE00F006F8DDF804E0DDE90223E4
S21401ACB004B070472DE9F04F099D0E4604460F4635
S21401ACC0002B47D18A429446B2FA82F35AD943B14D
S21401ACD002FA03FCC3F120029F409C4020FA02F2D4
S21401ACE017434FEA1C461FFA8CFE220CB7FBF6F1FF
S21401ACF006FB117701FB0EF042EA0742904208D9A3
S21401AD001CEB020201F1FF3702D2904200F23C81B5
S21401AD103946121AA4B2B2FBF6F006FB102200FB6B
S21401AD200EFE44EA0244A64508D91CEB040400F1D1
S21401AD30FF3202D2A64500F22A81104640EA0140BF
S21401AD40A4EB0E0400211DB1DC400023C5E900433D
S21401AD50BDE8F08F8B4205D90DB1C5E90001002190
S21401AD600846F5E7B3FA83F100294FD1B342C0F0A4
S21401AD700281824240F2FF800846002DE8D0C5E9F4
S21401AD800047E5E7002B40F0AF808A1A4FEA1C4ED9
S21401AD901FFA8CF70121B2FBFEF60EFB1620220CE1
S21401ADA042EA004207FB06F090420FD91CEB020272
S21401ADB006F1FF382CBF4FF001094FF00009904211
S21401ADC003D9B9F1000F00F0DC804646121AA4B28E
S21401ADD0B2FBFEF00EFB102200FB07F744EA02442A
S21401ADE0A7420FD91CEB040400F1FF322CBF4FF031
S21401ADF0010E4FF0000EA74203D9BEF1000F00F07E
S21401AE00C9801046E41B40EA06409CE7C1F12004D5
S21401AE108B4006FA01FC00FA01FE22FA04F7E6402E
S21401AE208A401F4320FA04F34FEA174843EA0C030B
S21401AE301FFA87FC4FEA1349B6FBF8F008FB1066C9
S21401AE4049EA064600FB0CF9B1450ED9BE1900F1D8
S21401AE50FF3A2CBF4FF0010B4FF0000BB14503D961
S21401AE60BBF1000F00F0A2805046A6EB09061FFAC0
S21401AE7083F9B6FBF8F308FB136603FB0CFC49EAFF
S21401AE800646B4450ED9BE1903F1FF382CBF4FF064
S21401AE9001094FF00009B44503D9B9F1000F00F0DC
S21401AEA08280434643EA0040A6EB0C06A0FB028CD8
S21401AEB066454346E14602D307D1C64505D2B8EBFF
S21401AEC002036CEB070C0138E1465DB1BEEB0302F1
S21401AED066EB090606FA04F422FA01F3CE401C4397
S21401AEE0C5E90046002133E702FA03FCC3F120025C
S21401AEF099409C40D6404FEA1C4E20FA02F21FFAB7
S21401AF008CF7B6FBFEF00A430EFB1066110C41EA05
S21401AF10064100FB07F68E420ED91CEB010100F13B
S21401AF20FF382CBF4FF001094FF000098E4202D9BD
S21401AF30B9F1000F34D04046891B92B2B1FBFEF640
S21401AF400EFB161142EA014206FB07F191420ED9A9
S21401AF501CEB020206F1FF382CBF4FF001094FF03F
S21401AF600009914202D9B9F1000F16D04646521A8D
S21401AF7046EA00410FE7841A66EB030201201746F2
S21401AF80FBE6023E624421E702396244C1E66444BC
S21401AF900238D3E66444023834E7023E6244E6E708
S21401AFA002386144C8E7023B3E447BE702383E4430
S21401AFB05BE700BF704700BF2DE9F04F924685B0B2
S21401AFC089461E460D46554A0390294615F8014BFB
S21401AFD0135D13F00803F8D12D2C7CD02B2C4ED00A
S21401AFE04FF0FF3102936FF00043CDE9001336F0C6
S21401AFF0100851D037464FEAE6783A464346DDE92F
S21401B0000001FFF73FFE002383468E461846194689
S21401B010A44613E0ACF13704A6421FDD002B09DB82
S21401B02083457EEB010305D38E4508BF83453BD19F
S21401B030A24239DA4FF0FF3315F801CBACF13004F8
S21401B040092CE9D9ACF14104192CE3D9ACF161041E
S21401B050192C03D8ACF15704A642DFDC5A1C2FD0BA
S21401B060029A12B1404261EB4101BAF1000F03D0DE
S21401B070002B48D1CAF8009005B0BDE8F08F4FF01C
S21401B080FF30029336F010086FF000432C7801F180
S21401B0900205CDE90003ADD1302C25D0002E3AD1E2
S21401B0A00A27B0463E46A8E700FB08F307FB013334
S21401B0B0A0FB07010B44201843EBE4710123BBE717
S21401B0C02223039A1360BAF1000F17D005F1FF3956
S21401B0D0DDE90001CEE74FF00047009301232C780D
S21401B0E08D1CCDE9017382E72B7803F0DF03582B23
S21401B0F00CD086B90827B0463E467EE7DDE900015A
S21401B10005B0BDE8F08FCDE90001DFE710276C78C8
S21401B11002353E4671E710273E466EE7E9BD04005C
S21401B1204AE700BF10B4044C13460A46014620689D
S21401B1305DF8044B40E700BF9C6B002010B4044C44
S21401B14013460A46014620685DF8044B34E700BF03
S21401B1509C6B002020F0030110F00300C0F10000FA
S21401B16051F8043B00F1040C4FEACC0C6FF00002DE
S21401B1701CBF22FA0CF213434FF0010C4CEA0C2CC4
S21401B1804CEA0C4CA3EB0C0222EA030212EACC12A4
S21401B19004BF51F8043B0430F4D0C2F1000102EAC6
S21401B1A00102B2FA82F2C2F11F0200EBD20070472E
S21401B1B02DE9F04780460C464548264614F801EB33
S21401B1C010F80EC01CF0080CF7D1BEF12D0F5BD0A5
S21401B1D0BEF12B0F3AD0654633F010003ED04FF04B
S21401B1E0FF379A46B7FBF3F703FB07F96FEA09093E
S21401B1F0002630460EE0AEF1370C63451DDD002E0D
S21401B20004DBB84202D833D1CC4531DD4FF0FF36EE
S21401B21014F801EBAEF1300CBCF1090FEDD9AEF12B
S21401B220410CBCF1190FE6D9AEF1610CBCF1190F56
S21401B23003D8AEF1570C6345E1DC731C1CD005B195
S21401B24040420AB1F6B91160BDE8F08733F010004C
S21401B25094F800E0654606F10204C0D1BEF1300F55
S21401B26017D06BBB0A234FF005091A4F9A46BFE762
S21401B27000FB0AC00126CBE722233046C8F800307F
S21401B280002AE1D0611EDEE794F800E00125B41C37
S21401B290A2E7207800F0DF00582807D083B90823FA
S21401B2A04FF007096FF060479A46A1E7102394F81C
S21401B2B001E04FF00F0902346FF070479A4697E7A6
S21401B2C010234FF00F096FF070479A4690E700BFC2
S21401B2D0E9BD0400999999196AE700BF10B4044CB6
S21401B2E013460A46014620685DF8044B60E700BF36
S21401B2F09C6B002010B4044C13460A460146206895
S21401B3005DF8044B54E700BF9C6B00200F4B70B5F3
S21401B3100F4DAB42A3EB050607D0B610002401344F
S21401B32055F8043B9847A642F9D80A4D24F018FC74
S21401B330094B5E1BAB424FEAA60606D00024013439
S21401B34055F8043B9847A642F9D870BD806F002097
S21401B350806F0020806F0020846F002070B5860704
S21401B36047D0541E002A3ED0CAB2034601E0013C33
S21401B37039D303F8012B9D07F9D1032C2CD9CDB273
S21401B3800F2C05EB052505EB054535D9A4F1100C69
S21401B39003F1100E1A462CF00F064FEA1C1CB64499
S21401B3A0C2E90055C2E9025510327245F8D10CF1D6
S21401B3B0010214F00C0F04F00F0C03EB021213D071
S21401B3C0ACF1040323F003030433134442F8045B93
S21401B3D09342FBD10CF003042CB1C9B21C4403F810
S21401B3E0011BA342FBD170BD64461346002CF4D169
S21401B3F0F9E703461446C0E71A46A446E0E700BF4D
S21401B40088420ED98B1883420BD900EB020C002A16
S21401B4106ED0624613F801CD994202F801CDF9D1FA
S21401B42070470F2A0FD8034602F1FF3C002A5FD06F
S21401B4300CF1010C013B8C4411F8012B614503F81A
S21401B440012FF9D1704740EA01039B0751D1A2F1C0
S21401B450100301F1200C70B523F00F0501F1100E59
S21401B46000F110041B09AC445EF8105C0EF1100EDE
S21401B470103444F8205C5EF81C5C44F81C5C5EF8F2
S21401B480185C44F8185C5EF8145CE64544F8145CF5
S21401B490EAD1013312F00C0F02F00F0C01EB03118D
S21401B4A000EB031329D0ACF1040C1C1F8E462CF0C4
S21401B4B003064FEA9C0C1E445EF8045B44F8045FE6
S21401B4C0B442F9D10CF1010402F0030203EB840348
S21401B4D001EB840102F1FF3C4AB10CF1010C013B86
S21401B4E08C4411F8012B614503F8012FF9D170BD89
S21401B4F0704702F1FF3C03469AE76246EAE700BF5F
S21401B5002DE9F04F82468E463F4875461EF801BB30
S21401B51010F80B4014F00804F7D1BBF12D0F5BD0E7
S21401B520BBF12B0F6FF0004904BF9EF800B005F188
S21401B530020E33F0100010D1BBF1300F04D0002BF7
S21401B5405ED10A231F4609E09EF8000000F0DF00E6
S21401B55058284ED0002B53D108231F460025B9FB8F
S21401B560F7F6284607FB16980EE0ABF1370C634555
S21401B5701DDD002D04DB864202D321D1E0451FDA12
S21401B5804FF0FF351EF801BBABF1300CBCF1090FD3
S21401B590EDD9ABF1410CBCF1190FE6D9ABF1610C59
S21401B5A0BCF1190F03D8ABF1570C6345E1DC6B1CFA
S21401B5B00AD004B140420AB1CDB91160BDE8F08F9E
S21401B5C007FB00C00125DDE72223CAF800305AB187
S21401B5D00EF1FF314846F0E79EF800B04FF0004903
S21401B5E005F1020E0124A4E74846BDE8F08F814626
S21401B5F0EEE710239EF801B00EF1020E1F46ADE7EE
S21401B60010231F46AAE700BFE9BD0400242B02D879
S21401B610012B00D074E710B500F02EFA1623036054
S21401B620002010BD10B5242A084C1346246807D8FC
S21401B630012A05D00A4601462046BDE810405FE7CC
S21401B64000F01AFA16230360002010BD9C6B002040
S21401B65010B5242A084C1346246807D8012A05D0B9
S21401B6600A4601462046BDE8104049E700F004FAC4
S21401B67016230360002010BD9C6B0020844641EA1F
S21401B680000313F0030349D1403A23D30B68036048
S21401B6904B6843608B688360CB68C3600B6903614A
S21401B6A04B6943618B698361CB69C3610B6A036232
S21401B6B04B6A43628B6A8362CB6AC3620B6B03631A
S21401B6C04B6B43638B6B8363CB6BC36340304031FF
S21401B6D0403ADBD230320BD30B6803604B684360D1
S21401B6E08B688360CB68C36010301031103AF3D298
S21401B6F00C3205D351F8043B40F8043B043AF9D226
S21401B700043208D0D2071CBF11F8013B00F8013BF8
S21401B71001D30B8803806046704700BF082A13D305
S21401B7208B07B1D010F00303AED0C3F10403D21AD5
S21401B730DB071CBF11F8013B00F8013BA4D331F82D
S21401B740023B20F8023B9FE7043AD9D3013A11F8AD
S21401B750013B00F8013BF9D20B7803704B7843703C
S21401B7608B78837060467047024B014618681BF061
S21401B7703EBA00BF9C6B0020024B014618681BF0C6
S21401B78039BA00BF9C6B0020CAB384460B4630B55D
S21401B79004460843800719D09CF800000C78A042A4
S21401B7A012D150B3012A28D0E64603E01CEB030F62
S21401B7B023D010B31EF8010F11F8014FA2EB0E03B0
S21401B7C0A04203F1FF33F1D0001B30BD032A07D896
S21401B7D0E2E7043A11D01EF0803F0ED1032A10D9B9
S21401B7E02068194653F8045BA446A0F1013E0434D0
S21401B7F0A8422EEA000EECD0CEE7002030BD10465F
S21401B8007047A4461946C7E780EA010C1CF0030FEF
S21401B81037D110F0030C20F0030021F0030150F89B
S21401B820042B08BF51F8043B0ED08CF0030C6FF0CC
S21401B8307F434FEACC0C23FA0CFC51F8043B42EA56
S21401B8400C0243EA0C0300BFA2F1013C9A4201BF7D
S21401B8502CEA020C1CF0803F50F8042B51F8043BF4
S21401B860F2D04FEA02604FEA1222012828BFB0EB5D
S21401B870036F08BF1B0AF4D003F0FF03000EC01AC3
S21401B880704710F0030F0AD010F8012B11F8013B96
S21401B890012A28BF9A42F4D0A2EB030070474DF864
S21401B8A0045D50F8042B01F0030521F0030151F863
S21401B8B0043B022D26D04DD822F07F45B5EB132F41
S21401B8C0A2F1013C2CEA020C0DD11CF0803C08BF11
S21401B8D051F8043B0AD185EA0205B5EB036F0CD19A
S21401B8E050F8042BE8E74FEA13235BE03CF07F4C6B
S21401B8F054D10B784FEA126554E04FEA126503F013
S21401B900FF034FE04FEA0245A2F1013C4FEA15451D
S21401B9102CEA020CB5EB134F18D11CF0803C08BF83
S21401B92051F8043B07D185EA0205B5EB034F09D16F
S21401B93050F8042BE6E75FEA0C4C2FD10B884FEA50
S21401B94012452FE04FEA03434FEA12454FEA1343ED
S21401B95028E000BF02F0FF05B5EB136FA2F1013C32
S21401B9602CEA020C0DD11CF0803C08BF51F8043BB8
S21401B9700AD185EA0205B5EB032F0AD150F8042B4C
S21401B980E8E74FEA13630DE012F0FF0F06D051F817
S21401B990043B4FEA122523F07F4303E04FF00000FB
S21401B9A020BC704705F0FF0203F0FF00012828BF06
S21401B9B0904204BF2D0A1B0AF4D0A2EB000020BC63
S21401B9C0704700BF08B5064B044613B1002100F0CE
S21401B9D0AFF8044B1B6803B19847204619F040FBAB
S21401B9E031BB010014520020002301461A461846B6
S21401B9F000F048B8032A30B415D941EA0004844659
S21401BA000B46A40704D0541E0FE0043A032A08D9B3
S21401BA101946604653F8044B5CF8045BA542F4D023
S21401BA20F1E760461946541E7AB1431E01390219E0
S21401BA3001E09A4209D013F8010F11F801CF6045D1
S21401BA40F7D0A0EB0C0030BC7047002030BC70472C
S21401BA5038B5074D074C2C1BA41005D0013C55F8F2
S21401BA60043D9847002CF9D1BDE8384024F07EB853
S21401BA70886F0020846F0020014B1868704700BF54
S21401BA809C6B0020F0B5264C83B006460F46256811
S21401BA9005B36C681F2C3FDCA6B1D5F8880048B307
S21401BAA0D0F800114FF0010C40F82420022E00EBD4
S21401BAB084020CFA04FC4CEA0101C0F80011C2F839
S21401BAC0803010D0631C002002346B6045F824706F
S21401BAD003B0F0BD13491448216010B10068C1F8E5
S21401BAE08800104DD5E7D0F8043143EA0C03C0F8BE
S21401BAF00431E7E70D49CDE9002369B14FF48470BD
S21401BB00FFF732FE40B100216C68C0E94011DDE963
S21401BB100023C5F88800C5E74FF0FF30D8E700BF1F
S21401BB20A4520020185200200000000069B701004E
S21401BB302DE9F04FDFF8B49083B0D9F8006096B3E2
S21401BB40884601907568D6F888706C1E2BD401352E
S21401BB5007F1800B06EB8505B8F1000F26D1736857
S21401BB602A68013BA3423BD000232B60BAB1D6F82A
S21401BB7004A05FB30123D7F80011A3400B4225D0E0
S21401BB80D7F8040157F8241003422BD101989047A7
S21401BB907368D9F8002053451ED1B2421CD1013C2E
S21401BBA0043D631CD8D103B0BDE8F08F4FB15BF8FC
S21401BBB024304345D3D0013C043D621CF3D0002F12
S21401BBC0F5D1013CEFD3013CFBD2ECE7904773681B
S21401BBD0D9F800205345E0D0002AE4D01646B1E754
S21401BBE07460C3E708469047D2E700BFA45200201E
S21401BBF0431E033306D8044B984228BF18466428D0
S21401BC0038BF6420704700BF40420F0038B5194B5B
S21401BC1005461B680C4603B1984744B1236833B107
S21401BC201B68013303D0E3680BB1A3684BB91EF060
S21401BC3045FF00204FF4C172412100F0FFF9212099
S21401BC4038BD204602F04AFC00230B4A85F83C31F9
S21401BC50C5E93743C2E9003363694BB1074A42215C
S21401BC6010684FF4D272C31A5842584100F0E6F9F0
S21401BC700020E5E714550020E867002078550020ED
S21401BC80F8B5044623F05BFC002607460E4B1B68FE
S21401BC9093B19E68AEB196F82420D20711D43546EA
S21401BCA00FCC0FC50FCC0FC523682B6096F8243038
S21401BCB043F0010386F82430384623F03BFC304637
S21401BCC0F8BD1B68E4E700BFF06B002010B5044622
S21401BCD018B9054B054A136010BD00F0D9FCD4F81D
S21401BCE0E830002BF6D1F4E767A20300EC6B0020E6
S21401BCF0014B1868704700BFE867002008B5024688
S21401BD000868FFF775FF08604868FFF771FF48602D
S21401BD108868FFF76DFF8860C868FFF769FF0B69E1
S21401BD20C860581C03D00B48834228BF03460B61EA
S21401BD304B69581C03D00748834228BF03468869CD
S21401BD404B61FFF755FFBDE808408861104601F0DA
S21401BD507BBC00BF40420F00D0F8E0302DE9F04137
S21401BD6005460C4613B1C38D8B424CD0D5F8DC305A
S21401BD70002B4BD09E68002E48D0D868002845D0AE
S21401BD80013800B200281ADB002106E0128A591C8D
S21401BD90A24217D209B2884211DB0B1803EBD37308
S21401BDA05B1003EBC30206EB8202B2F80EC003F18E
S21401BDB0FF3EA445EAD90FFA8EF08842EDDA21203B
S21401BDC0BDE8F0814FF6FF7299B29142F7D09BB26F
S21401BDD003EBC30306EB83062846B6F9122095F853
S21401BDE03011D5F8F080EFF755F80746B8F1000F97
S21401BDF004D00023324628461946C047EC85C5F8CC
S21401BE00E06085F839710020BDE8F0810E20BDE8BC
S21401BE10F08100BF2DE9F04782B004460F46164672
S21401BE2001F086FE002863D14F4D2B68D4F8DCA0C4
S21401BE30D4F8E0800BB1534576D04FF00009AF60DF
S21401BE4001F09EFE0128074665D120461EF075FDCD
S21401BE50002851D12B68DAF80010D8F8002013B169
S21401BE60186888426BD020461EF019FDC5E900A867
S21401BE70D4F8F0508DF80760002D67D000222046D8
S21401BE8011460DF10703A847204600F0EDFF0546D1
S21401BE90B9F1000F0FD076B9D4F88C300BBB012F57
S21401BEA005D025B1314B002103205B689847284611
S21401BEB002B0BDE8F087B5FA85F040F207523321AB
S21401BEC0400900F0BBF83146204601F00BFA284B3A
S21401BED005461B68414620469847D4F88C30002B0F
S21401BEE0DDD000224FF40073204600F0E1FBD6E7D8
S21401BEF000231D4D6B6098E794F82530DA07A9D525
S21401BF00D4F894305B05A5D51A4B012200212046B2
S21401BF101B6898479EE70021012000F001FC01F014
S21401BF202FFE0128FBD190E76B68002B85D0434597
S21401BF3083D1AB689F4215D04FF001097FE769684E
S21401BF4011B10968914291D059688CE794F82A108A
S21401BF5094F839313246994228BF1946204600F0F6
S21401BF60D1FE91E70025A2E7E8670020F86B0020E4
S21401BF70EC6B002018550020F8B50F46054623F057
S21401BF80DEFA394606462846FFF7E6FE044620B1A5
S21401BF90304623F0CFFA2046F8BD01F0A7FD224631
S21401BFA039462846FFF736FF04460028F0D12846D2
S21401BFB01EF0C3FC0028EBD095F8253013F00103E2
S21401BFC00DD0D5F8942052050DD5B5F82A21BA42E0
S21401BFD005D0B5F82C31DB1BB3FA83F35B09034AB2
S21401BFE082F8C430D4E72346F9E700BF001E00B04C
S21401BFF013B5044669461EF064FA20461EF0A8FBF7
S21401C000FF28024606D020469DF80010EEF7C0FF36
S21401C01002B010BD0048FBE70080FFFF38B5044DB5
S21401C020044C054B286021601A6022F0DDFE38BD05
S21401C030A8540020F46B0020AC54002010B550B971
S21401C0400548064B0160064802601868054B1860F3
S21401C0501868FFF7E3FF10BDF46B002004560020BC
S21401C060AC540020A85400202DE9F0418AB001AC60
S21401C07005460B462746194A02F1200C264610684B
S21401C0805168083203C662453446F7D1002B08BF13
S21401C0903B46002710681C463060384603F10C0604
S21401C0A090B95FFA87F84246284621881EF048FC78
S21401C0B050B942462846E1881EF053FC20B9424654
S21401C0C0314628461EF05FFC0137032F06F10806AD
S21401C0D004F10204E4D10AB0BDE8F0810CBF04000B
S21401C0E0F0B589B005460E461EF05CFC044600BB62
S21401C0F001AC06F10C070FCF0FC497E8070084E8E0
S21401C100070001A92846FFF7F9FD2846311D1EF054
S21401C11023FE044648B92846074901F057FA044663
S21401C12018B9284601F0C6FD044628463168FFF7CF
S21401C1309BFF204609B0F0BD04BF040001491EF074
S21401C14013BA00BF85DC010070B5164E03280446FD
S21401C1500D4633781ED023FA04F202F00102AA42F9
S21401C1601DD053B10122A240A54023EA02032B436E
S21401C170DBB233704BB1012070BD2DB10A4B0120EB
S21401C1801B6898473378EDE73570074B00201B682E
S21401C1909847F0E79A07DED003F0FC03E9E70020B2
S21401C1A070BD00BF26650020EC54002038B504465B
S21401C1B00D4605F077FD60B101F0C6FC48B9012DCA
S21401C1C007D801201EF099FB0D4B1B6823B15B6855
S21401C1D098470C4B1C7038BD23F00BFB0A4B1A68B2
S21401C1E0801A186021F07AFF4FF47A72074B1B68A9
S21401C1F002FB00301EF0B6F9012001F0ADFCE8E7C5
S21401C200105500204B6F0020E4540020E854002015
S21401C210F8B505460C4623F092F9104F06463B78D2
S21401C22033B1012D04D01CB90D4821F0A9FE3C7094
S21401C23021462846FFF788FF0A4B04461B783BB980
S21401C2403B782BB91EF04DFB10B1074B1B68984786
S21401C250304623F06FF92046F8BD00BF2765002061
S21401C260C054002026650020F86B0020054A0B46C6
S21401C270117831B100211170034A012152681878F2
S21401C2801047704727650020F86B0020124B0239D3
S21401C290012910B518701ED805F004FDD8B101F0BB
S21401C2A053FCC0B101F034FAA8B90C4B1C6834B188
S21401C2B023689847BDE8104000201EF01EBB1EF004
S21401C2C04FF9074B186023F094FA064B1860204686
S21401C2D001F042FCEEE710BD4B6F00201055002028
S21401C2E0E8540020E454002038B5044680B123F019
S21401C2F026F901210446084621F0E6FA01210B4AF7
S21401C30008461AF048FD2046BDE8384023F012B929
S21401C31023F015F905462146012021F0D5FA012022
S21401C3202146024A1AF037FD2846EDE73895040003
S21401C330F0B585B023F003F9344D04462B7823B1CC
S21401C340334821F01DFE002852D121F0A3FE02AA97
S21401C35003A91EF0B0FA0346002838D01EF0BFFA33
S21401C360029B98421CD100202A4B03991B682A4E37
S21401C3709942307020D90027C91A012324482B700E
S21401C380264A3346CDE9007723F00FFA002837D145
S21401C390234A1378D90701D53178F9B1204611E03F
S21401C3A01EF09BFA029B984228D000231846194992
S21401C3B0194A0968137003910121FFF7C5FE00238E
S21401C3C020462B7023F0B6F8002005B0F0BD2046BD
S21401C3D02B7023F0AFF8212005B0F0BD03F0FE036B
S21401C3E01370002BDAD10F4B1B6898472046E9E7FC
S21401C3F0204623F09FF80E2005B0F0BD0220B3E7DB
S21401C400032320462F703370F3E700BF2765002013
S21401C410C0540020E05400204A6F00206DC2010085
S21401C42026650020EC54002038B523F088F80F4D1F
S21401C43004462B789BB90E4A0E4913700E4B0F4AD1
S21401C4400F481A600F4A5A60F0F7CEF90E490F48A6
S21401C450F0F7CAF90E4B0F4A1A6001232B70F0F75A
S21401C460CDFA204623F066F8002038BD2865002066
S21401C4702765002030BF0400F86B002031C301009F
S21401C480B054002011C2010038BF0400B854002087
S21401C490EC540020E9C201002DE9F0438F78804674
S21401C4A00F2F0C4685B003D9212005B0BDE8F083D7
S21401C4B027B90123374A00201370F6E70D784E7826
S21401C4C0EDB9002EF0D194F90310E08803F00AF8D4
S21401C4D02128E9D055EA0603A088DFF8C89013D0D2
S21401C4E003F064F84FF60403B9F8002001469A42B7
S21401C4F04BD1AE42334638BF2B4600262DE0082DE1
S21401C500D2D8082ED0D8DEE703F050F84FF604054F
S21401C51001464FF60500204A136E9BB2AB4208BF98
S21401C5200346B1F5803FA9F800300FD9022308254C
S21401C530136680230126C2F880302B4649084FF641
S21401C540FF720139914228BF114608E08023012677
S21401C55008251666C2F880302B460029EFD1002246
S21401C56002920122013FFFB2009201972A4608F18A
S21401C570F80002F0B7FE1EB14FF48012074B5A6561
S21401C580074BA2681A60022394E703480266A9F8DB
S21401C5900030AEE72965002000C001B800D001B820
S21401C5A0F8540020CC6E002010B50446D0F81821AF
S21401C5B00B4B4FF40061C3F8A82090F82420D20159
S21401C5C002F4006205F0D2FA94F8243013F0100F4A
S21401C5D04FF4007314BF034A034A136710BD00BF2C
S21401C5E0001E00B0001002B8002002B8431C07D09D
S21401C5F06FF0FF02034B10401A62A3F580531862D6
S21401C600704700BF00E000B8F8B504460F4616466E
S21401C61022F095FF0546A047044620B1284622F0A1
S21401C62089FF2046F8BD04F07FFC04220549D1F8B5
S21401C630D83E23EA07033343C1F8D83E024B1A67B4
S21401C640ECE700BF001000B0002002B800F01803AD
S21401C650182B0AD003070AD440F2011310F0100079
S21401C66018BF1846034B186570470020FAE70120EB
S21401C670F8E700BF001F00B0044B1868830654BFDC
S21401C680C0F30F204FF6FF70704700BFE055002043
S21401C69038B10368044A002B08BF1346034A1360E7
S21401C6A07047014BFAE700BFAFA50300046C0020FA
S21401C6B010B4D0E9544122400B4052EA030104D0A1
S21401C6C003495DF8044B096808475DF8044B704759
S21401C6D0046C00200F2938B505460C460ED801F02B
S21401C6E04FFA01280CD1074A2846D36B23F00F03D3
S21401C6F02343D3631EF065F9002038BD2120FCE7F3
S21401C7000220FAE7001F00B0014B186C704700BF0B
S21401C710001F00B0014B002019647047001F00B0D5
S21401C72003282DE9F347884655D82C4B13F800907B
S21401C7302B4B1E5C2B4B13F800A022F000FF074684
S21401C74004F03EFB054640B100230022CDE900334C
S21401C75001200023002104F079F904F039FB48B1E7
S21401C76000230022CDE90033002000234FF40041CE
S21401C77004F06CF96EB31C4BDC6C04F008041B4B24
S21401C7803146DC64484604F02DFC524631464846A4
S21401C79004F092FC164BDC646DB1164B1868D0F8A9
S21401C7A09410F83003F06EFA13490868FFF71EFF7D
S21401C7B04FF0FF330B60B8F1000F04D00F4B002190
S21401C7C003205B689847384602B0BDE8F04722F080
S21401C7D0B1BE3446D3E702B0BDE8F08748BF0400D7
S21401C7E044BF040040BF0400004000B8006000B829
S21401C7F0005000B804560020006C0020F86B0020A2
S21401C8000F4A136F13F0A00F15D1506F10F00400EC
S21401C81013D10C4BD3F8D83E23F07F4323F0FF030C
S21401C8205BB1D368C3F30362092A07D0B2F10C00E7
S21401C83018BF01207047002070470120704700BFD5
S21401C840000002B8001000B070B50D46064620B9CB
S21401C8501A4B1B68A3B10E2011E001F091F90128D3
S21401C86029D1174B93F90040C4F11C04641BC4F191
S21401C8701C03002BB8BF5B42232B0CDD212070BDAF
S21401C88081EAE173A3EBE173DBB2232BF6D80C4B01
S21401C89019700020F3E786F8285022F050FE094A66
S21401C8A0E402D36904F4FF2423F4FF231C43D46178
S21401C8B022F040FEEDE70220E1E700BF045600202B
S21401C8C02A65002000C000B818B9034B93F9000090
S21401C8D0704790F9280070472A65002010B5044675
S21401C8E01EF02BF810B1012001F0D4F92046FFF715
S21401C8F05BFE22F024FE0A4A0121D2F8A03004464B
S21401C90023F02003C2F8A0300222064B08469A60A4
S21401C910054B5B689847204622F00CFE002010BDB0
S21401C920001E00B0001002B8F86B0020064B5A6AD1
S21401C930920207D4D3F8803013F4706F14BF01202D
S21401C9400020704701207047004001B8F8B50E4638
S21401C950D0F8943002EA010423EA01032343C0F825
S21401C9609430464A01F00B0323EA0401D1642340C4
S21401C970A2F58052D3647207054610D50121FFF750
S21401C980D5FF60B104F0D0FA4FF4007314F0040F31
S21401C99014BF3B4A3B4A536204223B4B1A67F306D9
S21401C9A006D514F0100F14BF00221B22374B5A6510
S21401C9B037061DD5200616D54FF40012304B1A62E5
S21401C9C0012203F58053C3F8002122F0B8FD0E21A1
S21401C9D00746032003F09EF840F201222B4B38460F
S21401C9E0DA6222F0A7FD214605F1F80003F04AF9C4
S21401C9F0F10503D5E2052AD503F05CF8B30503D5A6
S21401CA00A70527D503F062F816F48C6F1DD014F431
S21401CA10806224D095F82530DC070CD5EA8DB5F870
S21401CA202A31934219D0B5F82C31981A4342434122
S21401CA30174A82F8C430D5F8E41028461DF0B8FD30
S21401CA408022144BD864144B1A610020F8BD03F001
S21401CA502BF8D3E703F034F8D6E70123E8E77105AE
S21401CA60E9D595F82530DB07E5D5094B114683F85E
S21401CA70C4200A4B28461B689847DCE7006000B8CC
S21401CA80005001B8006001B8002002B8004000B8AC
S21401CA90001E00B0001F00B0000002B818550020AC
S21401CAA0014B1868704700BF0455002037B522F0C7
S21401CAB046FD002401230022CDE90034002305466B
S21401CAC01946104603F0C2FF022002F0E7FA064BB1
S21401CAD021461C60054B02205B689847284622F0D9
S21401CAE029FD204603B030BD0C550020F86B002010
S21401CAF02DE9FF4102290D4616469846039004D1BA
S21401CB00FFF7D4FF04B0BDE8F08122F018FD1E4FF8
S21401CB1004463B683BB1B34205D022F00BFD00232F
S21401CB2021203B60EEE7194B0022C3F800803E60EF
S21401CB30002301264FF0000810461946CDE900668D
S21401CB4003F084FF124B022083F8008002F0A6FA5D
S21401CB5043462A46022003A902F0BEFA0D4B039A69
S21401CB601A6008B92046D8E70B4D2B68984721284C
S21401CB7004D0204622F0DEFC0020C3E731466B6875
S21401CB8002209847F5E700BF0C5500200855002005
S21401CB902C65002004550020F86B0020044B5B6ECA
S21401CBA05B054EBF0120034B187800F0010070476B
S21401CBB000C001B82C6500200A78022A11D0101F87
S21401CBC04242424152004B781201022B0BD0191FF0
S21401CBD04B424B415B000549054842EA8312FFF789
S21401CBE013BD0122EFE70123F5E700BFF0FFFF00C9
S21401CBF0C9DB01000B78022B10D0181F43424341BA
S21401CC005B004A78022A0BD0111F4A424A41520061
S21401CC100F21044843EA8202FFF7F6BC0123F0E73E
S21401CC200122F5E7F5DB01002DE9F8430E7804460D
S21401CC30042E0D4690F830810BD100275FFA87F954
S21401CC40484601F07DFD08B14E4602E00137042F4B
S21401CC50F4D1304601F074FD002849D094F8303103
S21401CC60B34209D1AA88D4F8A8309A4204D16A8876
S21401CC70B4F832319A4238D084F83061AB88304605
S21401CC80A4F834316B88A4F83231AB8804F5987572
S21401CC90C4F8A830FF2384F82B301DF043FF84F836
S21401CCA02A00284601F078FC18BB284601F03EFD14
S21401CCB0F8B9D4F8E03053B194F83011414506D0B4
S21401CCC02046B3F91220EEF7E5F884F8390120463C
S21401CCD001F09AFE0949A4F834010123084AD1F863
S21401CCE0FC1004F1F80003F0AFFC0020BDE8F88367
S21401CCF021200C2384F83031F8E700BF001F00B074
S21401CD00581F00B0F8B5054690F830010C460C28BF
S21401CD10164623D0FF2923D01AB14FF0FF32114B0C
S21401CD201A601DF0FFFE074695F8300101F068FD18
S21401CD30844228BF0446E4B2BC4238BF3C46E0B257
S21401CD4085F82B0001F002FEFF280CBF21240024E9
S21401CD5016B9284601F068FD2046F8BD0224FBE717
S21401CD602124F9E7086C002010B590F8303104460C
S21401CD700C2B43D0D0F8E03080F82A10D3B3D0F88B
S21401CD80F020CAB990F839318B421BD300222046D5
S21401CD90FFF7B8FF40BB1A4B1B78022B23D820465F
S21401CDA001F032FE17490123174AD1F8FC1004F1AD
S21401CDB0F80003F049FC16E0B0F94220B3F912304E
S21401CDC09A42E3DD0022204694F83911FFF79AFFD4
S21401CDD050B9C4F8E00020461DF0EDFA4FF6FF7397
S21401CDE09842014601D1002010BD2046BDE8104002
S21401CDF0FFF7C2B8FF2380F82B30F4E70220F3E7F1
S21401CE00D06E0020001F00B0581F00B0F0B51D46C0
S21401CE10144B04461B780F46164685B05BB1D0F816
S21401CE20E030E3B102AAB3F912300092002218F002
S21401CE3014FF05B0F0BD02A91DF043FB9DF80810D4
S21401CE403A462046EEF726F8014626B92A462046F7
S21401CE50FFF758FFEDE72046FFF786FFE9E718469C
S21401CE60E7E700BF0A970400D0F89C30012B01D1F8
S21401CE700020704770B5044665498CB01DF087FEEA
S21401CE80D4F8E0600146E58DC4F8E40026B13368C5
S21401CE9013B15B68002B71D122F051FB22F04AFBE3
S21401CEA00123D4F8E4108DF80630B389D6E90120C1
S21401CEB0EB1A9BB200FB03225648ADF80430036818
S21401CEC000928B4207D020461DF072FB8022524909
S21401CED0524BC8641A61514D00F052FE0128FBD135
S21401CEE0AB689E06F8D420469DF80620009906AB4E
S21401CEF003F0E6F800283ED100F042FE0128FBD1FF
S21401CF00464A136FD801FCD493689906F9D468464B
S21401CF1006A903F08DFA054668BBE28D404B5A64BC
S21401CF2094F8243060F3410384F8243000F0EEFFD7
S21401CF30D4F8E0305969431E0E68DBB2FD2B029629
S21401CF4022D9F31C34D84B68FF2803935ED10126FF
S21401CF50DA1C25D8024602A920461DF041FDE6B995
S21401CF60D4F8543199053FD494F8243043F00203A1
S21401CF7084F8243011E002200CB070BD1A68032A30
S21401CF808AD99B6A5B0E8EE74B6801280393DED035
S21401CF900246204602A91DF023FD00200CB070BDFC
S21401CFA00133204B5B6816D0DA1C23D80393D1E7F4
S21401CFB01C4B01361B6818BF0126DD1C06D80293E0
S21401CFC04B68FF280393C3D00020C3E7FF284B68B4
S21401CFD019D00393C3E7DD1C0FD80246204602A9E9
S21401CFE003931DF0FDFCBBE720464FF480311DF096
S21401CFF07FFED2E7FF28B2D1E6E7FF28B0D10022B4
S21401D000204602A9EDE701200393A1E72A46C0E7DF
S21401D010FC1F00B0F4540020001F00B0000002B84E
S21401D020008001B8106C002010B50C4619B11DF037
S21401D03084FC00B10434204602F0B8FA024B4042A8
S21401D040C3F8C80E002010BD001000B0838E70B566
S21401D05093420C4615461CD3836C8B4208BF0024B2
S21401D06022F06DFA4FF49C530B490646CA68C2F388
S21401D0700362D340DA0702D50B6F9B0304D4012267
S21401D0802946204601F016F8304622F053FA0020D1
S21401D09070BD2120FCE700BF000002B82DE9F84F63
S21401D0A0064615460B4611B92120BDE8F88F002A21
S21401D0B0FAD0032905D8002201F05EF903460028BC
S21401D0C0F2D01C889978B4F5804F01F0070080F003
S21401D0D0C580A0F1070C1A7993F805A0DF88DCF16A
S21401D0E0000343EB0C0305282B7394BF0023C1F305
S21401D0F00013C1F3801C6B738B0985F810C003F015
S21401D1000203C1F3C00C43EA0C03C1F340116B7474
S21401D110A974AF82002A40F0828096F81E31013B46
S21401D120DBB2EB74D6F89430DF0600F18380063864
S21401D13001287FD8B6F81280F76908F1FF38484B06
S21401D140083C04EA08045B6D3B5D0134802B0EBF8E
S21401D1506FF07F03323B5BB2AB730023AB6096F894
S21401D160279004EA0804B9F1000F61D1631D03EAB0
S21401D17008035A1C02EA0802BA5CFB5C43EA022373
S21401D180D9040FFA83FB4CD5D6F8E43013B11B68EB
S21401D190022B05D841F24D724C210020FEF74EFFBE
S21401D1A0D6F8E420CBF30B0392F82420DB000AB177
S21401D1B0B3FBF2F39A4508D83BB1CAEB0A2ABAFB8D
S21401D1C0F3FA6FEA0A0A5FFA8AF9D6F8EC3023B165
S21401D1D0484695F90E1098478146631C85F80F90CE
S21401D1E003EA0803F95C013303EA0803FA5C013336
S21401D1F003EA080341EA0221FA5C013303EA080361
S21401D200F85C41EA0241002341EA00616A7C30464B
S21401D21003F0D8FA06232860AB71002045E7531EB9
S21401D2207EE717F804904FEA49095FFA89F9CCE7D7
S21401D2309946D2E700230020EB730A4B5A69C2F3E2
S21401D2400723120448BF63F0FF035AB212F1800F9E
S21401D2501CBF323B5AB2AA730346DCE7022024E71E
S21401D260004000B800C000B838B5148811F00305B6
S21401D2704FEAC40422D13F2C20D9B4FA84F4C4F175
S21401D2801903DBB2052B01D8192C15D0052B28BFA5
S21401D290052301240633DBB29C40C4F3CF0313807D
S21401D2A003828161448700F02DFF054A631E2343F4
S21401D2B0C2F8A430284638BD2B46EAE72125F9E70F
S21401D2C0001E00B011F5004F1FBF01F30E01044B05
S21401D2D0C1F30E01002014BF99642120704700BFDE
S21401D2E0008001B8F8B504460E4619B990F8243006
S21401D2F05A063FD44FF6FF73618ED4F8E470994214
S21401D30004D0314B1B680BB1204698472F4D2B6834
S21401D310BB424DD02E4B1B683BB11FB13A68002A69
S21401D32048D0BF683946204698470727204601F06F
S21401D3306BFB002E32D006270126264B94F92820B7
S21401D34093F900302449C3F11C039B1ACA69DB0216
S21401D35022F4FF2203F4FF231343CB61D4F8E43015
S21401D3601E4A2B601E4B976720461E701DF029FB38
S21401D3700020F8BD4FF6FF71144DD0F8E4702A680E
S21401D38066F386139742418680F8243017D0104BF7
S21401D3901B68002BC1D101F037FB072711493B461B
S21401D3A0114AD1F8FC1004F1F80003F04DF9C2E778
S21401D3B00127BBE71746204639469847B5E701F0EF
S21401D3C023FB0127EAE700BF00550020F4540020A4
S21401D3D0FC5400202A65002000C000B8006000B898
S21401D3E02B650020001F00B0581F00B0054A1268C8
S21401D3F01AB190F81E1119B91047084602F0AABBD7
S21401D40001487047F054002000FEFFFF344B2DE921
S21401D410F7431C6801F4007900F00103174653EA4C
S21401D420090206460D4635D04FF000083BB30023EF
S21401D430002200210120CDE9008803F007FB04202B
S21401D44001F02CFE41462046FFF7D0FF012241465F
S21401D450208610461CF061FFD4F8941004F1F80001
S21401D46002F010FC1F490868FFF7C0F84FF0FF33C1
S21401D4700B6094F8243043F0040384F82430B9F1A7
S21401D480000F07D0012120461DF032FC25F400755F
S21401D49006430D432B4632462046FFF709F9FB07A4
S21401D4A00FD51149114A086800211368116001213E
S21401D4B00F4A117003B198470E4B002102205B689A
S21401D4C0984717F00E0F08D04FF409723B21002041
S21401D4D003B0BDE8F043FEF7B1BD03B0BDE8F0838D
S21401D4E004560020006C0020085500200C55002032
S21401D4F02C650020F86B002008B548220021024860
S21401D500FDF72CFF002008BDDC1E00B073B57821A6
S21401D5106422A0F8141182210C23C0E94112C0E94B
S21401D5204322C0F8002107224FF0FF35002680F87D
S21401D53030314FF6FF730446C28700F14C02826415
S21401D5401E4AC385A0F8403080F82C3043864263DB
S21401D550038780F82860C0F8A850458580F82650D3
S21401D56003F03EFC2046FFF7C7FF94F9281020463B
S21401D570FFF76AF9602340F6FF71114A2046D3642B
S21401D58002F11C42D162D1650E4A2946D36440227B
S21401D5900D4B1A67D4F89420FFF7D8F90E23002212
S21401D5A0CDE9003340F202231046194603F04EFA45
S21401D5B001F0E2F8304602B070BD00BF4000FFFF48
S21401D5C0004000B8005000B8002002B810B50C4664
S21401D5D0FFF792FFBCB1A378082B16D8E278082A89
S21401D5E013D843EA021313F0FF030CBF1946616810
S21401D5F0074AC2F8DC10217882F82011617882F897
S21401D600233182F82111002010BD2120FCE700BF44
S21401D610001E00B0012A10B512D8032B10D803EB58
S21401D62082020123074C934094F82201DBB221B118
S21401D6300343002084F8223110BD20EA0303F8E7F3
S21401D6402120F9E7001E00B0034670B50C68B0F85B
S21401D6503421013408BFD3F800418D6808BF0C603F
S21401D6604C68F830013404BFD3F80C414C606E1C92
S21401D6703CD1D3F80841CE688C60751C3CD1D3F8F8
S21401D68004510E69CD60013604BFD3F8F8600E610F
S21401D6904E69013604BFD3F8FC604E618E690136CF
S21401D6A004BFD3F810618E618E695EB35A32B242FE
S21401D6B038BF32460E688A6116B15A2E38BF5A26CE
S21401D6C0C3F808414C68C3E94065C3E943420A69A7
S21401D6D0C3F8F8204A690C49C3F8FC20D1F8FC10BD
S21401D6E007230A4A02F0B0FF002070BD02F15A0477
S21401D6F0AC4238BF2C46BEE702F17805B54238BFCA
S21401D7003546BEE76422D5E7001F00B0581F00B0BB
S21401D71070B521F014FF04460B4E00F031FA0128D3
S21401D72005D0204621F006FF0225284670BDF36885
S21401D73013F0706FC3F30365EFD1B36ADB06ECD564
S21401D740204621F0F7FEF0E7000002B838B521F0D8
S21401D750F6FE4FF6FF710A4A13888B4203D121F079
S21401D760E9FE0E2038BD074C074D1B046566A4F57F
S21401D77080546366118021F0DDFE0020F2E700BFD1
S21401D780CE6E0020006001B80000FFFF2DE9F743D0
S21401D79004460F4615461E46FFF732F830B3A38AF5
S21401D7A023B320461CF0CFFE78B9002E40F0F2805D
S21401D7B0794BD3F8D83E03F03002102A00F0EA8005
S21401D7C003F0C003402B00F0E580DFF80082D8F8B4
S21401D7D01430D90740F1DE8021F0B1FE0646032061
S21401D7E001F058FD30B1304621F0A4FE022003B00E
S21401D7F0BDE8F083D8F8142012F00608F3D13046BD
S21401D80021F098FE644B4FF400612046D3F8D89E71
S21401D810D3F8AC6E04F0BEF940B14FF400720121AA
S21401D8205E4B08461A6742461CF077FD94F8253091
S21401D830DA0707D5D4F894305B0542BF4FF40022CF
S21401D840574B1A6739462046FEF796FB524BC3F8EC
S21401D850D89EC3F8AC6E0028C9D194F82430980637
S21401D86001D4002D57D0C5F3400003F023FB02235B
S21401D87015F4807F1BBF0021494A484A136717BF2A
S21401D880484A13675161136303F04EFB4FF48063FC
S21401D89015F0040F14BF444A444A15F0400F536272
S21401D8A04FF004023D4B28461A674FF0400314BF61
S21401D8B03F4A404AC2F88830FEF7C8FE20461CF0B0
S21401D8C06CFF38B14FF4807315F0010F14BF344A62
S21401D8D0324A1367A90647D54FF6FF72B4F84030AF
S21401D8E093420FD0344A3549526E100CC2F30112DE
S21401D8F00132B3FBF2F308802B4A2C4930481B0453
S21401D90048665366003D18BF012594F8243065F338
S21401D910451384F8243020461DF00FF8F0B1204658
S21401D9201CF03BFFD0B14FF40031204604F032F931
S21401D930431C03229BB2234801A91DF0B6F89DF8AB
S21401D940042002F00703052B9DF8053015D11207B8
S21401D9500DD443F480731C4AC2F8B830002003B0DB
S21401D960BDE8F0431DF0AEB8FFF7F0FECAE713F0CE
S21401D970040F09D19DF80630EBE703F03002202AA8
S21401D98005D113F0010FF4E74FF48073E3E79DF838
S21401D9900630E0E70E202AE7001000B0002002B8AB
S21401D9A0001002B800400054005001B8006001B8F1
S21401D9B000D000B800E000B8004001B8CE6E0020EC
S21401D9C00000FFFF08400054001E00B000C001B870
S21401D9D02DE9F3410646884615461F4621F0AFFD60
S21401D9E00446032001F056FC38B1204621F0A2FD82
S21401D9F00E24204602B0BDE8F081042001F04AFC66
S21401DA000028F2D1204621F095FD01232A46414601
S21401DA103046FFF7BBFE04460028EAD1DFF8C8808F
S21401DA205FB388F8000039463046FEF735FD00281A
S21401DA304CD198F80030012B1CD02022244B1A67B9
S21401DA40244BDB6CB3F5817F1FD201201DF07BF8E0
S21401DA5021F075FD204B06461B680193CBB901F0FA
S21401DA6093FC15F0800526D101F0E0FC284603F072
S21401DA70F5F925E003F008FABBE798F80030012B2A
S21401DA80F8D0002BD9D12124B3E78022134B1A6199
S21401DA90DBE7042001F002FB00230122042001A998
S21401DAA001F01AFB0028DAD103F056FA2124304699
S21401DAB021F040FD9DE70022094B9A6701F0B6FC74
S21401DAC0084B01215B6800209847F0E7044690E781
S21401DAD0001002B8001F00B0F8540020000002B881
S21401DAE000C001B8F86B00202965002008B50C4B72
S21401DAF0D3F84C114B1C12D011F080410FD1094BB9
S21401DB001B6813B10320FEF70BFE4FF080624FF443
S21401DB100071054BDA67054AD16201225A6108BDD8
S21401DB200080E00F04560020001002B8004000B844
S21401DB304FF40022034B186F03F500531A67C0F326
S21401DB40C0407047000002B8024B586900F001005F
S21401DB50704700BF00C001B8084B5A69D10707D506
S21401DB6008B901F077BA5B69DA0706D401F064BA3E
S21401DB705B69DB0701D40028F8D1704700C001B803
S21401DB800F4BDB68C3F30363013B0B2B0FD8DFE8B6
S21401DB9003F006060C06060606080A080808022010
S21401DBA07047042070470520704703207047054BD7
S21401DBB05B6913F0060F0CBF01200420704700BFFD
S21401DBC0000002B800C001B8094AD368C3F3036372
S21401DBD00B2B08D06FF49050184100F0010080F034
S21401DBE0010040007047106F10F48030EDD170478F
S21401DBF0000002B80C4AD368C3F30363062B07D8A8
S21401DC00042BD8B20BD8C31E584258414000704767
S21401DC10072B06D1D2F830010028ECD1704702203C
S21401DC2070470020704700BF000002B8094BDB6850
S21401DC30C3F303639A1E012A8CBF00220122012B23
S21401DC4002701EBF4FF4026222FA03F303F00103CF
S21401DC500B707047000002B8094AD368C3F3036328
S21401DC60032B01D0072B08D1536FDB0605D4906F29
S21401DC7080F00800C0F3C00070470020704700BF66
S21401DC80000002B8024B002219681CF037BE00BF24
S21401DC90ACBF0400024B1B6803B11847704700BFB6
S21401DCA024550020024B1B6803B11847704700BF7C
S21401DCB02055002010B5FF224FF6FF7104461CF0D8
S21401DCC03FFE68B9FF224FF6FF7120461CF049FE61
S21401DCD030B92046BDE81040FF2202491CF053BE71
S21401DCE010BD00BF50BF04002DE9F0411C46184B83
S21401DCF005461E680F46904646B1306801F01CFE88
S21401DD00F3681BB1B368186801F016FE114B1B6867
S21401DD102BB1DA681AB19B68186801F00DFE9DF800
S21401DD201830640744EA08425B0503F0BC6342EA24
S21401DD30C7621A432846084942F4C87203F016FF20
S21401DD40002228461146FFF781F90020BDE8F08140
S21401DD50A8BF0400ACBF04009007E12D08B5FFF78B
S21401DD607BFF88B1094BDA6912030DD5186F10F4E1
S21401DD70003009D19B6F13F0100F4FF010030CBF4A
S21401DD80034A044A936708BD0220FCE7000002B874
S21401DD90001002B8002002B838B50446F8B1124A9D
S21401DDA0D3691B031DD5556F104BC5F38115032D84
S21401DDB0B3F8B4300DD10822083B9BB221460C487B
S21401DDC01CF073FE0020084B25729B6F1B0A6372C2
S21401DDD038BD022D05D1023B2A469BB2EEE7212033
S21401DDE0F6E70220F4E700BF000002B8001E00B00C
S21401DDF038400054431EDBB2FD2B14D9FF280B68B4
S21401DE0001D14A68134313F0802F1EBF42F201026C
S21401DE10074BC3F8282251F82020054BC3F850229F
S21401DE20C3F8542270470128F5D10023E9E700BF63
S21401DE30004001B8F0B585B06D460E460F4B07465B
S21401DE4014460FCB85E80F000D4BD3F8480200901F
S21401DE50D3F84C2201923EB1631EDBB2FD2B0AD9E8
S21401DE603060FF2C00D172602246294638461CF0ED
S21401DE70B7FD05B0F0BD012CF4E700BF58BF0400A4
S21401DE800080E00FF0B585B06E460D4B07460D4697
S21401DE900FCB86E80F0000F039F8314604460246FB
S21401DEA038461CF016FF4DB140B9FF2C1BBF04AB22
S21401DEB003EB8404009B54F8103C2B6005B0F0BDC6
S21401DEC058BF040030B50C4B0546187085B00823C2
S21401DED080B90A4AC2F8FC3351B96C46084B0FCBDD
S21401DEE084E80F00074B2A4621461868FFF7A2FF71
S21401DEF005B030BD044AEDE74C6F0020001002B8B3
S21401DF0068BF040004560020002002B8014B1878B0
S21401DF10704700BF4C6F0020124BD3F8E020D203AD
S21401DF201ED54FF480321049C1F8E020A1F580518A
S21401DF30C1F8EC201A6CD1B2C2F30722C3F88010E4
S21401DF40C3F880200422C3F880200022C3F8802072
S21401DF50C3F88020C3F88020C3F88020C3F880204F
S21401DF60704700BF0040005400600054F0220A4B86
S21401DF7001219A64A022A3F580539A64074B826C10
S21401DF80C3F8C010FC21C3F89810C3F89C204FF4C6
S21401DF900052C3F8BC207047006000B8004000542F
S21401DFA0F8B50D461746064621F0C9FA01230421A5
S21401DFB0084C094A2363A760E6602561C2F8E010B1
S21401DFC0064AC2F8843121F0B5FA0DB10223236363
S21401DFD0F8BD00BF004000540060005400E100E0BE
S21401DFE00222024B58611A63704700BF004000547A
S21401DFF00122044B1A6640F6FF729963D863DA650C
S21401E000704700BF004000542DE9F04F042A054632
S21401E0100B4683B039D901260978141F81615A78D5
S21401E02003F1040982619A788261DB78836103686F
S21401E030D0F808B003F0070306339E4006F1FF3A16
S21401E0400AEA0B084768A6EB0802944247F0005715
S21401E0500ED84946224607EB0800FDF70FFB46EAB5
S21401E0600A0604EB0B023240AA6003B0BDE8F08F4B
S21401E070494607EB08000192FDF700FB019A384676
S21401E08009EB0201A21B4244E7E7013A032AECD856
S21401E090DFE802F00B08050213F8012B826113F882
S21401E0A0012BAA6113F8012BAA611B78AB6103B09F
S21401E0B0BDE8F08F38B50C46154601460F4B60B1EA
S21401E0C001220F48C3F8C0202246FFF79DFF1DB16D
S21401E0D004220A4BC3F8C02038BD64B1D3F8A4208B
S21401E0E0A24284BF0122C3F8C0200222C3F8A04086
S21401E0F0C3F8C020EBE70122FAE700BF0040005456
S21401E1009840005438B5044621F019FA01211A4AFC
S21401E110638F054611663BB3B3FA83F3C3F1190364
S21401E120DBB2A069C2F8901093660723D066C2F8E6
S21401E1308C304FF4A02302F50052C2F8E030A2F56D
S21401E1408052C2F8EC3000220C4B1A600C4B1B6F4D
S21401E1505B0209D54FF480020A4B04F1F8001A67F6
S21401E160D4F8941001F08EFD4FF4E0232846E363C3
S21401E170BDE8384021F0DEB90040005428550020A3
S21401E180000002B8002002B82DE9F84305460C4607
S21401E190B1B1D0F81880478F21F0D1F9B5F83CC05D
S21401E1A0791E01EA0C0323F00702032C0646DFF86A
S21401E1B0F8E042445CD1DEF8004024B921F0BAF917
S21401E1C00E20BDE8F88324F00104DEF8000020F0FC
S21401E1D00100A04251D10023CEF80030238894429A
S21401E1E06FEA43436FEA534323803CD1EB8F08EB3E
S21401E1F007091846083880B202F108044C4528BFC2
S21401E2004446082804D9B4F800E0BEF5804F3ED253
S21401E21063440F431B1A3B409BB2AB87E8871188C8
S21401E22094781C4AC1F30C0151645367C2F88C0000
S21401E2304FF48022184B04F00704C3F8E0200122B3
S21401E240164BC3F88421FFF767FE042C0BD14FF45D
S21401E2508002134B05F1F8001B6F124B1A67D5F8B5
S21401E260941001F00FFD304621F064F90020A8E774
S21401E270601E012898BF1446A7E7E88F4344E31AB7
S21401E28048BFDB1908389842A8DC304696E7224694
S21401E290B0E700BF004000540060005400E100E019
S21401E2A0000002B8002002B828550020144B10B513
S21401E2B01968CA8F8B8F488F13440138073B8C69C6
S21401E2C0034023F007031C4402F108030D4A9BB2E6
S21401E2D0CB87C2F88C304FF480220B4BC3F8E0207A
S21401E2E001220A4BC3F88421A07800F00700042815
S21401E2F003D1074AD3681B03FCD4064B1C6010BD30
S21401E30004560020004000540060005400E100E084
S21401E310000002B82855002010B5064C216839B116
S21401E320CB0703D4044B1868FFF72EFF00232360A6
S21401E33010BD00BF28550020045600204FF480323F
S21401E3400B4B0C49C3F8EC20A3F50053C1F8E020B1
S21401E350D3F888109A6E012302F007020632934022
S21401E360C1F30C01083B994201D8FFF7D5BD7047B0
S21401E37000600054005000542DE9F04780460C46DA
S21401E38016468769458F21F0DAF8B8F83C2005F182
S21401E390FF3C02EA0C0323F00701032C82463944B2
S21401E3A0B8F83E0019D1494C24689CB90244073A92
S21401E3B002EA0C0222F00702BC183B44E31A48BFEB
S21401E3C05B19834210DB504621F0B4F80024204646
S21401E3D0BDE8F08724F00104EFE7012C02D0022CFF
S21401E3E0EBD108380C46E8E7002E3DD08C423FD1F1
S21401E3F0374AD2F844903649B8F81270D1F88820D6
S21401E400C2F30C02934247DA2588B5F5804FDAD27B
S21401E410A378C5F30C0503F007037A1EA5EB0905DF
S21401E4203A43052B337005EA02052DD82DB2E84391
S21401E43040F241420421C00FFDF700FE7580E378EB
S21401E4403374D8F81C207B1E03EA0903D118B16087
S21401E450A9B213FA85F5AF422FBF0023FF1AB78082
S21401E460F26024BFB180F360504621F063F8AEE756
S21401E470A4F10802974284BFED0802EBC502B2F888
S21401E4800090C9F30C09B6E7124B5B6D003B18BF51
S21401E4900123A5EBC305C9E70B6C7A1EA3EB0903A1
S21401E4A03A431A400C4915B2002DCB680BDCC3F376
S21401E4B00363D81E43424341DB0033708B6F728087
S21401E4C01B0A3374BDE70823F7E700BF2855002071
S21401E4D000400054004000B8000002B8054BA822D6
S21401E4E0D3F84C013121431C0CBF0120C0F38070CE
S21401E4F0FDF7A4BD0080E00F38B5094D0446286835
S21401E50040F69702003818BF01202B21FDF796FD33
S21401E510FA235C432B680A20B4FBF3F4604338BD4E
S21401E5205C550020174B30B51A68431C164B22D099
S21401E530B2F1407F1FD3154D00F03F04D5F80021FE
S21401E54022F03F021443C3F8C84001F03F042243BF
S21401E550C3F8D020D5F804310D4A1A400D4B03EA12
S21401E560500003EA510110431143074BC3F8CC0096
S21401E570C3F8D41030BD00200146C3F8C800C3F864
S21401E580D000F2E70080E00F001F00B0000002B8E4
S21401E5901FF087E1E0FFFF7F73B5574E04463178E1
S21401E5A019B91C225548FCF7D9FE2378544A6188CC
S21401E5B0137051804FF0FC62524CFF21C4F8FC20CE
S21401E5C04FF47F02C4F808214F4A022B4F4D1170B9
S21401E5D033D1042307224E49C4F8FC23C5F8FC3383
S21401E5E0C4F800114FF4C071C5F80011C4F8FC233B
S21401E5F04FF48052C5F8FC33C5F870214FF4005231
S21401E600C4F87021C4F808314FF4FF13C4F8FC3085
S21401E6104FF4BB13C5F8FC308023C4F8703148F2C0
S21401E620C8023C4BC3F8D8203B4B3C4A0020C3F8F9
S21401E630C02F0123337002B070BD394A012BC4F8D4
S21401E6400021384B27D14FF4C072C5F80021D3F80A
S21401E6503802D3F83C12FFF765FF0723C4F8FC33F2
S21401E6600223C5F8FC334FF48053C5F870314FF4DC
S21401E6700053C4F870310423C4F808310DEB0300CD
S21401E680ECF740FB9DF80530023B012B9CBF802335
S21401E690C5F87031C3E7244AC5F80021D3F8300223
S21401E6A0D3F83412FFF73EFF0723C4F8FC330123E7
S21401E6B0C5F8FC338023C4F870314FF4805301A8A9
S21401E6C0C4F87031ECF71EFB9DF80530012B05D11F
S21401E6D09DF8043053B948F25D1309E0FBD9023BBB
S21401E6E0012B9CBF4FF40053C5F8703148F2581304
S21401E6F0084AC2F8D83097E72D650020C41F00B03D
S21401E700D06E0020002002B8506F0020001002B822
S21401E710C0F10F00001F00B0001000B030550020FF
S21401E720C0F70F000080E00FC0F60F00034B1A6819
S21401E73002609B8883800020704700BFD06E002057
S21401E74010B5044601F026F80A4BD3F8F83724B979
S21401E75083F40023C3F3C04010BD012C05D113F48C
S21401E760C02F0CBF01200020F6E7A31E58425841D7
S21401E770F2E700BF000002B86FF07F42154BD3F8F6
S21401E780FC37934208D0144A03F03F031370F12379
S21401E790124A1370124A13701249134B09781A68F9
S21401E7A0A9B1B2F1A06F12D3D3F850120F4A104B91
S21401E7B0B1F1FF3F18BF13460E4A136041F66A02D5
S21401E7C00D4B1B68B3FBF2F30C4A13607047084B02
S21401E7D0F2E700BF000002B8516F0020526F002020
S21401E7E0536F00204F6F00200080E00F5082E00F33
S21401E7F08CBF04002C550020785500205C55002065
S21401E800012807D0022802D030B100207047034B00
S21401E81018787047024BFBE7024BF9E7516F00206F
S21401E820526F0020536F00200023F0B590F830415E
S21401E83085B002462046CDE90133CDF80B30FFF70F
S21401E840DFFF92F82B30411EC9B28B4228BF0B4620
S21401E850002C3CD0012C38D1042418464FF00F0C64
S21401E860384E0DEB0405B0FBFCF7F75D013CC01B11
S21401E870C0B2814238BF00206055002CF3D1052478
S21401E8800F278DF80830B3FBF7F0305C0344DBB29A
S21401E8908B4228BF0B462B5501340B2CF3D10F2688
S21401E8A002F1A800D43215F8013BB3FBF6F14C1C7B
S21401E8B0C1EB01115B1A0133DBB2E4B21B0443EA7C
S21401E8C0045340F8043F8242EDD105B0F0BD042464
S21401E8D018464FF00F0C1C4F0DEB0406B0FBFCF571
S21401E8E0EDB27D5D013C401BC0B2814238BF0020C5
S21401E8F0A055002CF2D105240F258DF80830B3FB66
S21401E900F5F0385C0344DBB28B4228BF0B46335527
S21401E91001340B2CF3D10F2502F1A804D43216F8DA
S21401E920013BB3FBF5F1481CC1EB01115B1A013346
S21401E930DBB2C0B21B0443EA005344F8043FA242D0
S21401E940EDD1C2E785BF040078BF040038B5284B77
S21401E95005461A7827490C2A02D1FF20087038BDCF
S21401E96010461CF0DFF804461046FFF749FFA842A0
S21401E97028BF2846C0B2A04238BF20460B78C0B296
S21401E9808342ECD0087088B1431EDBB2022A1A49D2
S21401E9900ED14FF0FC62C1F8FC20A1F50051D1F870
S21401E9A0FC2042EA4353C1F8FC30D8E70346EDE7C2
S21401E9B0124A134C1268AC32C4F8C02F4FF47F02CF
S21401E9C0C1F808210F49CA6FD202C8D40F22B3FB7F
S21401E9D0F2F2551CC2EB02129B1A0133D1F8084120
S21401E9E01B0443EA05532343C1F80831B7E700BFC8
S21401E9F0D06E0020506F0020002002B80456002080
S21401EA00001000B0000002B82DE9F04F90F8305128
S21401EA100646D0F8A82087B035BB1F2A38BF1F226C
S21401EA20093A4C24844B85481B6A96F82B10C3F38D
S21401EA308213DC400368DFF82CA29342DFF82882B9
S21401EA407F4B04F0010414D11F78A74211D19AF824
S21401EA500070AF420DD17B4F3F788F4209D1B8F895
S21401EA60040007B0BDE8F08F032A38BF0322023A3C
S21401EA70D7E7026098F800001C70FFF7C1FEFF2977
S21401EA8024D128461CF04EF807466F493CB3D6F809
S21401EA90E4702FB13B68082B40F2CB8097F83870B2
S21401EAA01DBB0B6840F27121B3FBF1F353431922EE
S21401EAB0B3FBF2F339462A4605A805931CF008F87D
S21401EAC002023C04059842F0110988E0471E8F4275
S21401EAD028BF0F46012F38BF0127FFB2D5E7012D0A
S21401EAE029D0022D01D0B5B327460B6840F271211B
S21401EAF0B3FBF1F353431922B3FBF2F33946012278
S21401EB0007EB072405A8059307EB04241BF0E0FF99
S21401EB107F00032F38BF0327020242EA001242EAAF
S21401EB200009033F00F01F0007FA00F0FFF7E4FCBE
S21401EB3000F5FA6758E00F23B7FBF3F3581CC3EB55
S21401EB400313FB1A0133DBB2C0B21B0443EA0053C2
S21401EB50C3F30747C9E70C6840F27121B4FBF1F42F
S21401EB600F2354431922B7FBF3F3B4FBF2F43748EF
S21401EB70374A0068A2FB0412013350FA83F313F8F4
S21401EB80013C0392A3F140012A4603A801931BF01E
S21401EB909FFF039F2F4AE41BA2FB04120090302123
S21401EBA0049204A82A461BF093FFDDF810B08146B4
S21401EBB0A4EB0B0401220594102144F2100405A8CD
S21401EBC01BF086FF009B1A02019B42EA091244EAE7
S21401EBD00344059B42EA000907EB0B001844FFF7C4
S21401EBE08BFC00F50C57283740F6FF711A4B384658
S21401EBF0C3F8C010A3F58053C3F8C090A3F58053A3
S21401EC00C3F8C440154C276001F0B0FC4FF47A728B
S21401EC10134B4042986523680A49B3FBF2F3A8F800
S21401EC20043096F82B30B7FBF2F08AF800500B70E0
S21401EC3017E7002734E700BF004001B8086C002042
S21401EC402E6500204D6F0020785500202C550020A1
S21401EC5069C2F568911E856B006001B86055002099
S21401EC60001F00B04E6F0020D06E0020014B1870C0
S21401EC70704700BF4F6F002010B5044603F012F82E
S21401EC8078B1174B1B786BB964B1164B1B784BB137
S21401EC90154B1B78013B012B04D84FF40042134B54
S21401ECA0DA6710BD124BDB6F1B04FAD420F047FC69
S21401ECB04FF400420F4B0446DA67A3F5A0435B68A6
S21401ECC02BB1FEF741FF10B102201BF03CFF0222E0
S21401ECD0094B2046BDE81040C3F8842420F02ABC26
S21401ECE02F6500203065002064550020002002B802
S21401ECF0000002B8001002B800D003500122024BF7
S21401ED0000201A70FFF7B8BF2F6500200022024BC3
S21401ED1001201A70FFF7B0BF2F650020F7B5064631
S21401ED20504C00F037FD504B2578504F1E7085BB78
S21401ED302846FFF7A1FF2378013B012B19D8E37B77
S21401ED4001A88DF80430237C8DF80530E9F7FAF92F
S21401ED50C7F884544FF6FF72454BC3F88420F82257
S21401ED60A3F58053C3F884200022404BC3F88424C3
S21401ED700DE04FF6FF723E4BC7F88454C3F884206B
S21401ED80F822A3F58053C3F88420C7F88454394B7E
S21401ED905BE00020FFF770FF2378013B012B08D8CA
S21401EDA0E37B01A88DF80430237C8DF80530E9F764
S21401EDB0C9F90023C7F88434002ECBD062685AB351
S21401EDC02D4B1B6803EB5203B3FBF2F3013B1B0213
S21401EDD043F0F80326782649022E284A1ED0032E31
S21401EDE04FF6FF75214826D0012E34D143F0020399
S21401EDF0C1F88450C2F884300723C0F88434E37B1A
S21401EE0001A88DF80430237C8DF80530E9F76EF9FA
S21401EE100120FFF731FF17E0F823DBE74FF6FF701D
S21401EE2043F00103C1F88400C2F8843006220F4B78
S21401EE30C3F88424E3E743F00503C1F88450C2F81D
S21401EE4084300423C0F884340D4B4FF080420020F8
S21401EE50DA6703B0F0BDC1F88450C2F884300023ED
S21401EE60F0E700BF645500203065002000C0035065
S21401EE70006000B8002002B878550020005000B8A5
S21401EE80001002B8F0B5294F06463D4604460FCE9F
S21401EE900FC5336885B02B6000F07CFC0022244B44
S21401EEA0C3F88424A17A627A42EA0142C3F8902424
S21401EEB0217CE27B42EA0142C3F88C24217B627BFF
S21401EEC041EA0240C3F888043B78032B2AD8DFE8DE
S21401EED003F022020C178DF8041004218DF805208A
S21401EEE00DEB01000022E9F7CDF8E37B00228DF857
S21401EEF00830237C042102A88DF80930E9F7C2F80E
S21401EF00637A01228DF80C30A37A042103A88DF8C8
S21401EF100D30E9F7B7F8074B187805B0BDE8F040B3
S21401EF20FFF7FCBE212005B0F0BD00BF64550020F0
S21401EF3000C0035030650020034BDB6F002BBCBFC5
S21401EF40024BC3F888007047000002B8004000B8C2
S21401EF502DE9F0471BF05BFE4FF47A762D4BB0FBA4
S21401EF60F6F618604FF4FA73734307462A48190EEB
S21401EF701B021818294A4FF0000341F10001FBF764
S21401EF8081FE274BA0F5807205461A6320B94822F8
S21401EF902B21FDF753F801254FF47A724FF0000A42
S21401EFA06A43534650083102FBF76CFE1C4B1D4A60
S21401EFB0B7F57A7F9A601C4B4FEA056819601B4BC0
S21401EFC08946044618604FEA152505D29B222B2157
S21401EFD05046FDF733F801264FF47A73A8FB030178
S21401EFE003FB05117308C01841F1000100233246E6
S21401EFF0FBF748FE0E4B023419600E4B49F100092F
S21401F000A408186044EA8974054B013C9C63BDE87A
S21401F010F08700BF7855002020A1070040420F006E
S21401F02000C001B802110100885500208455002057
S21401F030805500207C5500201022044BC3F8842103
S21401F0405A600122024BDA60704700BF00E100E01F
S21401F05000C001B81022064BC3F88421C3F88420EF
S21401F060BFF34F8FBFF36F8F0422024BDA607047F6
S21401F07000E100E000C001B810B50446A242A2EBD0
S21401F0800000A3EB010104D2034B01399B6B013352
S21401F090184401F0030110BD00C001B838B50125C0
S21401F0A00A4B02019D504FF480730446084A834080
S21401F0B0536620F044FA074AA540137823EA05036D
S21401F0C01370BDE8384020F035BA00BF00E101B842
S21401F0D000E001B8396500202DE9F84F16460546CF
S21401F0E08A461F4620F02BFA022E00F090808046BA
S21401F0F020F032FA594B5A4AD3F82090147D5A6EB2
S21401F100E4B2520744BFD3F82090013404F003045C
S21401F11020F01DFA4846214600F036FA8446DAF811
S21401F1200000012E04BF01306044ACEB000C08BFA8
S21401F130CAF80000BCF1804F7DD300F037FA814554
S21401F140A1EB040188BF454BDFF834C188BF01F14C
S21401F150FF3101F0030188BF9B6BA0EB090E0CF891
S21401F1600510A1B1F90742BF41F61F723D4B5A6720
S21401F170BA0742BF3B4B3C4A5A677B0742BF002255
S21401F180364B9A673C0742BF0022344B9A651124DE
S21401F1904FF0010A314B05F11002120103EB051B7A
S21401F1A0CBF80C0131499C501A6A0AFA05F4586EDC
S21401F1B00B78A2EB0902E4B2234372450B7025D308
S21401F1C04FF48073AB40034220D11CF80520002A7F
S21401F1D040D10EB3264AF807536607D541F61F718C
S21401F1E040F201101F4B596750675967B90706D59A
S21401F1F01C4B1D4A1E491F485A6748675A677A07BB
S21401F20042BF01221C4B1A613B071AD4404620F02C
S21401F21091F90120BDE8F88F184A2D0142F805A0A2
S21401F22042F89C3C20F08BF910490B7823EA040342
S21401F2300B7020F07FF9404620F07CF90020BDE8F5
S21401F240F88F2120FFF778FE4FF48032034B4046BB
S21401F250DA60DCE7064A40465366D8E700C001B8E4
S21401F260E855002000E001B800001F1F39650020A6
S21401F27000D001B800000101000002B800E101B8A9
S21401F28031650020024B1878003818BF01207047FE
S21401F29039650020034B10300001185800F00100BA
S21401F2A0704700BF00C001B870B50646FEF74CFCBB
S21401F2B0044608B1FFF7CEFE0023084D3046AB6189
S21401F2C0EB612B6200F072F9054BC9B21975286221
S21401F2D00CB1FFF7B1FE002070BD00BF00C001B841
S21401F2E0E85500202DE9F0419DF818800D46B8F14B
S21401F2F0000F08BF0022214EB5F5803FB1680746D2
S21401F30021F4700141F4A001B1609DF820409DF800
S21401F3101C104FEA042444EA016444EA031444EA54
S21401F320084444EA02044FF0180140F2E9222CBFD7
S21401F330002001207465FCF781FE3564B8F1000FEA
S21401F3401AD00F4BBC68D3F888305A2C38BF5A24D1
S21401F3505B0606D500F0F0FB18B10A4BB3FBF0F3E1
S21401F3601C44204600F022F90130854238BF0022B5
S21401F370024B34BF5A645864BDE8F08100C001B83E
S21401F38000C000B800093D00214B10B51A6E1A6680
S21401F390596C59B11F49C96800292EDB596D4FF0C8
S21401F3A0FF3301F00F018B409A4326D11024202011
S21401F3B0FFF7C2FD184B9C6002F088FB2022174B1A
S21401F3C0C3F8842101F0F4FC48B100220020082192
S21401F3D0FEF71CF8124B5C66A3F580531C670D4ABA
S21401F3E0D36803F07063B3F1807FF9D9084B0D4AF7
S21401F3F05A6741F201429A6710BD01F0D9FC002814
S21401F400F4D0094B064A5366A2F580521367EDE71E
S21401F41000C001B8000002B8001002B800E100E028
S21401F42000E001B8011B01181000002008B52120DA
S21401F430FFF782FD4FF48032014BDA6008BD00BF52
S21401F44000C001B8F8B5184D04462B6A1B0426D532
S21401F45000F0E6FB2B6AA0FB044613F0787F4FEA28
S21401F4609367C3F34450C3F3044505D140F25A42AF
S21401F4702B21FCF7E3FD0120AD01B5FBF0F010EB0D
S21401F480871005D140F25F422B21FCF7D7FD012002
S21401F4900246002320463146FBF7F4FBF8BD00F098
S21401F4A04BFBA0FB0401F9E700C000B802460120AF
S21401F4B030B50B4CA0F12003C0F1200524FA05F568
S21401F4C004FA03F32B4304FA00F595428B4100D36B
S21401F4D030BD0F2801D00130ECE7FF20F8E700BF70
S21401F4E040420F0010B50C46FFF7ACFFC30943EAD4
S21401F4F04163C01A61EBD111FFF7D8FFFF2814D082
S21401F5000F220C4B40F01000C3F88820A3F580535F
S21401F510C3F88800A3F580531B6ADBB2802B06D0A4
S21401F5202046BDE8104000F067BB212010BD022038
S21401F530FCE700BF00E000B838B520F00DF8084B36
S21401F540084A1D6A147D5A6EE4B2520744BF1D6A0A
S21401F55001341FF0FCFF284604F0030138BD00BF4C
S21401F56000C001B8E85500200346064A103302EBF6
S21401F57000111B01D1F80C01D158C1F340011BF059
S21401F580EDBA00BF00C001B8064B1B68434303EB4E
S21401F5908171054B1B68A3FB003013F1004341EB5F
S21401F5A000007047805500207C5500200C4A20F052
S21401F5B04043014610B5002014684FF00042E4FBBA
S21401F5C00320084A890F126802FB0300064B9B6B57
S21401F5D0984204D901330131C01A01F0030110BD6C
S21401F5E0845500208855002000C001B8044B01F066
S21401F5F0F071103041F0030100011950704700BF4F
S21401F60000C001B808B52220FFF796FC4FF480220F
S21401F610014BDA6008BD00BF00C001B808B5064B53
S21401F6204FF030401A6805499200FCF727F8BDE80C
S21401F630084001F0E3B800BFC8BF0400CCBF040017
S21401F64070B50C68651C15D0C4F302669E42C4F3FF
S21401F650074530D1A4B294422DD804EB8506B242B8
S21401F66029D2141BA50824F003040E59340F04D024
S21401F670012C08D00022212402E06B1C51F8232023
S21401F680C0E9002470BD0E4C34F8133042EA03433F
S21401F6901A686B1C51F8234001EB83014B6822402A
S21401F6A05E4036F0704404D11B0F032B04BF8B68F9
S21401F6B01A430024E4E7013501EB8501C1E700BFE9
S21401F6C0A0BF040007B501A8EBF71CFB4822164BA8
S21401F6D05A65164AD2F8D43023F4FC33C2F8D43033
S21401F6E0134B1B689DF80530023B012B19D84022AD
S21401F6F0104BC3F8FC23104BD3F85C32DBB2FF2B64
S21401F70000D10623094A1B03D2F8FC139BB20B4314
S21401F710C2F8FC33D2F83021084B1A6003B05DF80A
S21401F72004FB00F0E7FEECE7008001B8000002B839
S21401F730002000B0001002B80080E00F1C55002029
S21401F74000224FF400710F4B10B51A675A679A677B
S21401F7500D4AD162012102F5E8325161DA6812F0F0
S21401F760706FFBD14FF0304201245A6602F5FC520D
S21401F77008329C66DA64054B1B689847044B5C614B
S21401F78010BD00BF000002B8004000B80C6C00209D
S21401F790002002B801230F4A0F49C2F880328A6A54
S21401F7A022F002028A620D4A53600D4A53600D4AE6
S21401F7B05360A2F580425360A2F54042536002F5C1
S21401F7C0C032536002F580425360A2F50042536096
S21401F7D0704700BF0080005000C0005000D000B845
S21401F7E000500054005001B808B5FFF7D3FF0E4B88
S21401F7F00E4ADA6700F076FEFFF764FF03220C4B31
S21401F800C3F8E020012203F54043DA674FF4607243
S21401F8105A614FF40072DA67FEF778FBBDE80840DC
S21401F8200021FEF74FBB00BF000002B80048F00001
S21401F830005001B82DE9F04F054687B002900F46FB
S21401F84057F8044B631C06D1029B2C60E81A801003
S21401F85007B0BDE8F08F5FEA147B18BF0123344A76
S21401F860C4F3016108BFC4F3074332F81120A4B200
S21401F8704FEAC30A2F4844EA02440AF104022A4422
S21401F88082421BD20722CA4002F0010201929A006C
S21401F89004EB830303930123B94603FA0BF808F03C
S21401F8A0940305F1080604920593039B09F10409E4
S21401F8B0A34208D1049955443944C0E71D4A9542EC
S21401F8C0E0D80020C4E7059B53B918F0420F19D1C0
S21401F8D018F0280F0BD146F8084C59F8042C21E0F3
S21401F8E04FF4206232210020FCF7A8FBF3E740F634
S21401F8F0042232210198FCF7A1FB04F5805246F858
S21401F900082CEAE740F60D2232210198FCF796FB17
S21401F91004F50052BBF1010F46F8082CDDD159F869
S21401F920042CD24346F8042C04340836BDE700BF45
S21401F930A0BF0400003000B0F8B50546F0B10026BF
S21401F940154B34461F46154953F8042BBAB9A00087
S21401F95000F13040294600F50150FFF76BFF30B942
S21401F96040F6AE323621BDE8F840FCF767BB0C4BDB
S21401F9700134044447F8265023F81640F8BDAA423D
S21401F980FCD001360C2E02D031F81640DCE740F6EA
S21401F990C83236210020E6E78C550020D25D0020D3
S21401F9A0D45D002070B50446A8B1C1B1384A52F8FA
S21401F9B0043B984215D1002336498A689206FCD446
S21401F9C09B00354A03F1304303F50153C2F8B030CA
S21401F9D02022324B9A6070BD01330C2B02D1304D80
S21401F9E012E0012352F8041BA142F5D12D4A32F848
S21401F9F01330E1E704D16268C3E90012083403E07A
S21401FA00012A01D1043419602268531CE3D0C2F3E1
S21401FA10016335F81300110C93B211F0FE0F43EA9F
S21401FA20004360680DD00434CAB2022A2168E1D9C5
S21401FA30D4E90160033AC3E9001698600C340C332C
S21401FA40F3E7120F072AD9D8DFE802F00704090DF9
S21401FA501013181DC04303F500531860CEE71A684B
S21401FA6042401A60CAE703F58053F6E71BF06BF8CD
S21401FA70C4E7012203F580538240F2E7012203F531
S21401FA8000538240EDE71A6830EA0202FBD1B5E77F
S21401FA908C550020000002B8001E00B0001002B80D
S21401FAA0A0BF0400D25D00200122014BDA67704737
S21401FAB0001002B80122014BDA677047002002B835
S21401FAC04022014BDA677047002002B84022014B02
S21401FAD0DA677047001002B80B4B1B68D3F8E430A6
S21401FAE023B11A68022A01D9186A7047074B9A6D22
S21401FAF090B238B1064BC2F307421B68DB0853438A
S21401FB00B3FBF0F0704700BF04560020004001B878
S21401FB1078550020064BDB68C3F30363984206D191
S21401FB20044AD36B23F0F00343EA0111D163704713
S21401FB30000002B8001F00B0054B1B68D3F8E43084
S21401FB4013B11A680A2A01D8FFF7C6BF186C7047A6
S21401FB50045600202DE9F74306461AF0EDFF00246F
S21401FB608046DFF890901FF0EAFC0DF1070105468C
S21401FB700DF10600FEF75AF89DF806308BB9721C97
S21401FB8029D01AF0D9FFA0EB080428461FF0D2FCB2
S21401FB909DF8063013B99DF807303BB3A642E2D86C
S21401FBA024E0D9F80C3013F4603FE8D0D9F81000FF
S21401FBB01BF02FF8731C074603D01AF0BDFFA0EB0D
S21401FBC0080428461FF0B6FC17F5007FE0D038463B
S21401FBD003B0BDE8F08328461FF0ACFC9DF8063064
S21401FBE0002BC0D19DF80730002BBCD1004FEEE7AB
S21401FBF000FEFFFF00C000B810F1800F04D04D28B2
S21401FC00CEBF7F20323040B2FF22044BC0B21A6210
S21401FC10A3F5805318620020704700BF00E000B8CB
S21401FC200B4A10B5136E0B4C116E03F00703E35C21
S21401FC30C1F3CD0101FB0333126E0748C2F34542FF
S21401FC4002FB033300688001B0FBF3F010BD00BF78
S21401FC50004001B898BF040078550020084910B547
S21401FC60D1F89C3040B11C46CA68D1F89C309C4201
S21401FC70F9D1C2F30362027003F00F0010BD00BF9A
S21401FC80000002B8094B01F080011B6F03F48003EA
S21401FC900B4309D14FF40012054B1A62837F1BB147
S21401FCA00122044BC3F80021704700BF000002B8D0
S21401FCB0006001B8005001B82DE9F04F404F804672
S21401FCC085B038680C461AF03EFC20B90024204660
S21401FCD005B0BDE8F08F224600214046FBF73EFB0B
S21401FCE0384B5D6915F00105F0D1FCF701F80646C1
S21401FCF00028EBD03F6838461AF05DFB4FF6FF73DD
S21401FD00984234D04FF060512F4E304B304AD3F8E2
S21401FD102090D6F88C3011624FF00061A2F5805227
S21401FD20116224220421C6F88C202A4A4FF4804B03
S21401FD3091604FF480520027DFF8A4A0CAF868B09B
S21401FD40F262A7421ED30421234A9160A2F5F03243
S21401FD50C2F88C304FF060521D4B1A6209EA02035A
S21401FD601E4A13624FF480421D4B9A66AFE7314636
S21401FD7038461AF0C4FA01463846FCF7FDF8002862
S21401FD80C0D0A3E7B26E5104FCD5B268D205F9D54E
S21401FD90CAF868B0D6F890200135012D0392D0D963
S21401FDA0E21B042AA8BF042208EB070003A901935B
S21401FDB00092FBF763FC009A019B3A4497B2C0E7B6
S21401FDC004560020000002B8004000B8004001B808
S21401FDD0006001B8001002B8002002B8005001B857
S21401FDE0006000B84FF604014FF60502044B0120EF
S21401FDF01B6C9BB28B4208BF1346024A13667047C0
S21401FE000080E00F00C001B82DE9F74F81460F468C
S21401FE104FF0FF35FFF790FB002601908A462C46EF
S21401FE203046DFF8D8B006F110031B015BF803304B
S21401FE3003F00308B8F1010F15D13046FFF794FB24
S21401FE4002460B4601985146FFF716F9DBF8643077
S21401FE5006F10802D340DB0739D5002F40D0002534
S21401FE602C463E6040460136082EDCD160B3234A5C
S21401FE700027D2F808C0916B0CF440330131A4FB83
S21401FE800141641941F10001B3F5003F30D1536BD4
S21401FE900CF4405C013347F10006BCF5805F22D1CB
S21401FEA0156B15F5807505FB06F647F1000203FB99
S21401FEB00266A5FB03323244594304FB0212A3FB3C
S21401FEC004341444C9E9003403B0BDE8F08FA842F5
S21401FED071EB0403C6D207B13E6005460C46C1E786
S21401FEE03D463C46BEE7320242EA13621B02E3E7A6
S21401FEF0136B13F5807347F10002DDE700C001B80C
S21401FF0008B51AF09AFE044B5A7C0123023293403C
S21401FF10024A536108BD00BFE85500200020005882
S21401FF202DE9F34105460F4668461146FFF76CFF7B
S21401FF300646B0B1AFB1DDE900321B0A43EA0263FF
S21401FF40A5FB0384094B120A05FB02441A6812B981
S21401FF501AF05DFE0246002340462146FAF792FE5D
S21401FF603860304602B0BDE8F08100BF7855002009
S21401FF7037B50446FFF70EFCE17822791B4841EAC3
S21401FF800243C0F8CC34E579A37943EA0543C0F8C7
S21401FF90D03423784BB18DF8041004218DF8052058
S21401FFA00DEB01000022E8F76DF863785BB10421E0
S21401FFB0A37900228DF80430E3790DEB01008DF86A
S21401FFC00530E8F75FF8227801235AB1084AC2F8EB
S21401FFD0C834627802233AB1054A0020C2F8C83410
S21401FFE003B030BD034AF2E7024AF6E700C0035009
S21401FFF000D0035000E0035070B52C4B0C461A7825
S21402000012B92B4A926D1A702A4AD26F52054AD5F5
S2140200101D78294B05F00F06B0FBF3F040434FEA7C
S214020020151505D140F27C622B21FCF707F801205A
S214020030224A0A217243B2FBF0F34843B3FBF1F6BD
S21402004002EB5002B2FBF0F201FB1633042BD2B2E3
S21402005007D8C3EB8310C3EB80035BB283B96DB2E0
S21402006017E0C3F10B0303EB8303DBB2B3FBF1F33D
S2140200702B44DDB20F2DF2D9013AD2B2053DEEE79E
S214020080053B5BB293FBF1F31D44EBB26DB2002D60
S21402009004DB002042EA0512226070BD01320533FD
S2140200A0D2B25DB2F5E70220F7E700BF3A6500205C
S2140200B0008001B8000002B8403B250080969800F8
S2140200C04FF0000C2DE9F84FA2FB017BC84EDFF87B
S2140200D05CE3BE1999466BF10003B6457CEB03035D
S2140200E008D240F23E220E216046FBF7A7FF02200E
S2140200F0BDE8F88FD0F8E4A00C461546BAF1000F1A
S21402010004D0DAF80030032B00F21B81B94BBA4A4E
S2140201109B6BD2F8FCA0C3F31408B84BD3F8EC30B0
S2140201205E00B64B48BF48F400181B6E48EA4568A6
S21402013058074EBF4FF440039B0503F0E07348EAAE
S21402014003081DF0D5FA012D0646D0D10028CED0E0
S214020150AB4B984200F0048103F5122303F5F863D3
S214020160984200F00381A74B984200F02F810025A9
S21402017002462B4600204FF00071FAF783FD2B460D
S214020180013007FB03F3C8F3130100FB0B33A1FB9B
S2140201900662A7FB007001FB0522034420339B097D
S2140201A0C9F80030F60C984B46EA423618F4801F1F
S2140201B01C6008BF7642954B954DC9F814403444EE
S2140201C01E602C60BAF1000F00F0B980002391493E
S2140201D0C8F381528A5C194618F0807F18BF6408FB
S2140201E0002EB8BF764292066008C2FB060122467F
S2140201F0FAF748FDDAF800300E2B08D97F4B7D4A15
S214020200926BD969D3F80C31C90600F1D68018F47E
S214020210001814BFC42240F207127F49C0F313002D
S214020220A1FB04614FEA511102FB01F1C9F8040077
S214020230DAF818004FF4FA73B1FBF0F118BF4FF07A
S214020240000801FB03F3A4FB0262FA33A3FB0030AF
S21402025004FB0822B342904138BF0131C9B241F4CF
S214020260006CC9F808C000297ED0DAF81C00A1FB91
S214020270003624B1B4FA84F20E2A40F38880E203F0
S214020280002E77D1B2FBF3F2530003FB0113A3FB5C
S21402029000764FEA044EBE454FEA144474EB060657
S2140202A009D34E003344A0FB0371BE4574EB010133
S2140202B002F10102F6D2C2F30E024CEA023C4CF004
S2140202C00063C9F808301DF013FA2B68002B00F003
S2140202D08880B3FA83F4D4F102044CBF1C4623FA96
S2140202E004F44E4B9C4288BF6408002846D0B4FBF8
S2140202F0F0F3642100FB134201FB02F2904244D861
S2140203005A1E52085B08013B120242EA0313C9F85E
S2140203100C301DF0B9F900285CD0B4FBF0F2642171
S21402032000FB124401FB04F4A0425ED8531E5B0895
S2140203305208013A1B0243EA0213C9F810300020A1
S214020340D6E6042BDAF828807FF4FBAE18F0807F1E
S2140203500CBF08F0E0734FF4400328F0E078EEE6B6
S21402036000232F481D460CE72120C1E600232D4816
S2140203701D4606E70B46002289E7044640F2C242C3
S2140203802B210020FBF75AFE2346013BB8E7C2F1B9
S2140203900F0702F1110E06FA0EFEFB4043EA0E03A9
S2140203A0A7F1200E26FA0EFE43EA0E03FE400133A4
S2140203B004FA02F246F1000662E702F4801203F43F
S2140203C000131A4308BFC0F5801020E70023164822
S2140203D01D46D6E640F2E5422B21FBF72FFE621EB3
S2140203E0A4E70028C9D01C46CFE71446F7E700BFAB
S2140203F0006CCA88008001B8001F00B0004001B837
S21402040000F04902005A6202C4550020C05500207E
S214020410BC550020B0BF0400D34D62103FBE40253D
S2140204200A3BB2DF313641DCD694BFD6807C814AA5
S21402043010B50B46044686B039B982790168214860
S2140204406B460068FFF73CFE6B461F4A196851630D
S2140204501E4AD2F8FC2062B35A6842B11C4A1D49B1
S214020460C2F80C115968A2F58052C2F80C119A68AB
S21402047042B1174A1849C2F8EC109968A2F58052A0
S214020480C2F8EC101549D868D1F8642122F4EE625D
S2140204900243C1F86421D1F85C21186922F4EE62A5
S2140204A00243C1F85C21A1F5FF4158692839FFF7DC
S2140204B0A3FD0020A2880A4B9A6203F5A0331864B3
S2140204C006B010BD04560020008001B8001F00B020
S2140204D0006001B8FFFF0F00FFF8FF0F000002B830
S2140204E0004000B84FF48062014BDA67704700BFE5
S2140204F0001002B84FF48062034BDA67034B1B7896
S2140205000BB1034A93657047002002B83A65002093
S214020510008001B840B10368012B05D90069034B7E
S214020520002808BF1846704700487047B8BF040046
S21402053010B590B10468012C0FD902696AB111682E
S214020540094B102C196051685960916888BFD268AF
S214020550996094BFD960DA6010BD1022002102486B
S214020560FAF7FCFEF8E700BFCC550020084BC1178F
S2140205701A68A2FB000302FB013310F1807043F1FC
S2140205800003400E40EAC310803820EAE07070474D
S214020590DC5500200722164B70B5DA66154B164A54
S2140205A01D68164BEC08E005C0184FEA153141F1FC
S2140205B000010023FAF766FB114B124E18604EF646
S2140205C06020FFF7D3FF4042C6F884000E48FEF7CD
S2140205D0EDFF024658B1E301500818184FEA1571AC
S2140205E04FF0000341F10001FAF74CFBF06570BDD5
S2140205F0000002B87855002065CD1D00B2E60E0058
S214020600DC550020001F00B040420F0010B5044623
S21402061098B10B4BD3F8FC00FFF78AFF4FF47A73BE
S21402062003FB04F0074BA0F6AC50DA689B68104454
S214020630C01ABDE81040FFF799BF4EF66020F8E7F3
S214020640001F00B0CC5500202DE9F84305460846A9
S21402065014461E46FFF76CFF0DB306F0020716F0AF
S21402066004061ED1DFB14FF47A706B685843002B34
S21402067040F08C80FFF77AFF60626B69002B00F017
S2140206808C804B4AD0684FF47A7202FB0300A0F5C6
S21402069003501038FFF76AFF2062002E57D1BDE8DC
S2140206A0F8832869002868D04FF47A735843404B81
S2140206B0A0F6AC509B68C01AFFF758FFE061A88B03
S2140206C000285DD04FF47A735843394BA0F6AC50ED
S2140206D09B68C01AFFF74AFF2061364BE968D3F8D9
S2140206E0008000294FD04FF47A735943304BA1F65D
S2140206F0AC519A685B68891AC91A2F4BC8171A68D0
S214020700DFF8BC90A2FB011302FB003311F18071EB
S21402071043F10003490E41EAC3118039274B616158
S214020720DB6EA361D9F8003053B140461AF005F9E2
S21402073030B12246D9F800301D49D8F8D80098477B
S2140207400021A869FFF762FFA062002F8BD1A8687C
S21402075030BB47F23050FFF709FFA0604FF47A70C3
S2140207602B6858432BB1124B1B6803F51C531033EE
S2140207701844FFF7FBFEE06091E74EF660209BE729
S2140207804EF66020A6E74EF66021B6E7084B1B68D9
S21402079003F51C53103318446CE747F2305079E7E0
S2140207A04FF47A735843A0F503501038D3E700BFCE
S2140207B0CC55002004560020DC550020001F00B057
S2140207C0C855002038B5054608461C461AF0D7F923
S2140207D00246D5F8E400FFF79DFE4368A018002BFA
S2140207E0044AA8BF4FF4FA721A44034B92FBF3F280
S2140207F0104438BD0CFEFFFF18FCFFFF70B5124C0C
S21402080088B001AD0FCC0FC594E8070085E8070055
S2140208108C2200210D48FAF7A1FDD42200210C48B3
S214020820FAF79CFD0B4B0C4A5A6301F04DFA0B4B40
S2140208301B783BB1044E01AD0FCD0FC695E80700FD
S21402084084E8070008B070BDC41F00B0A01E00B048
S2140208502C1F00B0001F00B0101111112D650020D2
S21402086008B51EF06CFE0E4B1A78A2B90D4A126835
S21402087012F4843F0FD10C4A1021D1671B7863B95A
S214020880084B1B68DB0508D4074B2022DA67BDE855
S21402089008401EF04FBE054AEEE7044BF5E700BFE0
S2140208A040650020B8160020002002B8001002B8EA
S2140208B00A4B197801F0FF0229B100211970084984
S2140208C09202C1F8B420597801F0FF0229B1002142
S2140208D059709302024AC2F8B83070473B6500204E
S2140208E0005000B8064BD3F8D80E064B5B6F1A01C1
S2140208F003D4054B9B6E1B0401D500F58070704730
S214020900001000B0000002B8004000B810B51EF09B
S21402091016FE0E2104460320FFF7FCF840F20122E1
S214020920034B2046BDE81040DA621EF003BE00BF4D
S214020930004000B808B51EF002FE4FF00042224BFF
S214020940C3F88020BFF34F8FBFF36F8F0122C3F827
S2140209508420BFF34F8FBFF36F8F0222C3F8842029
S214020960BFF34F8FBFF36F8F0422C3F88420BFF309
S2140209704F8FBFF36F8F0822C3F88420BFF34F8FC9
S214020980BFF36F8F1022C3F88420BFF34F8FBFF3DD
S2140209906F8F2022C3F88420BFF34F8FBFF36F8F71
S2140209A04022C3F88420BFF34F8FBFF36F8F4FF4FC
S2140209B08072C3F88420BFF34F8FBFF36F8FBDE8FA
S2140209C008401EF0B7BD00BF00E100E008B51EF00B
S2140209D0B6FD4FF00042094B1A6001225A6004220B
S2140209E05A6008225A6010225A6020225A60402218
S2140209F05A60BDE808401EF09DBD00BF00E100E061
S214020A00012370B5074C2370074B1E68074B324014
S214020A10D3E9005319402840FCF7F8FC0023237062
S214020A2070BD00BF3E650020E4550020B8160020C9
S214020A300022044B1A70044B197811B11A70FFF792
S214020A400FBF70473F650020406500202DE9F04744
S214020A50DDF820A003EA0108099B06460C4602EAD6
S214020A60000703EA0A09BAF1000F40F04E81031F9D
S214020A700B4300F00E81052871F1000380F0E4803C
S214020A8050EA010300F06081431E0B4300F024810C
S214020A90FFF750FFAD4AD2E9005323EA040325EAE2
S214020AA006053D4343EA0807A94BC2E900571E68FC
S214020AB0DFF8F48226EA0A0646EA09061E60FFF70F
S214020AC0CFFE15F02A4F14BF48F202034FF400433C
S214020AD0A04AB007D26EA04848BF43F4005383EA48
S214020AE0020122EA0302C2669C4A0B408166D36672
S214020AF0C5F380421203290348BF42F48072EB0614
S214020B0048BF42F40052964BAC0648BF42F400720D
S214020B106806D3F80C3248BF42F48062290648BF02
S214020B2042F400628F4882EA030123EA0203C0F815
S214020B300C328D4B0A40C7F34024A404C0F80812B6
S214020B40C3F80C22EA0448BF44F48034AB0348BF1F
S214020B5044F48014A80748BF44F4800415F4001F28
S214020B6006D0D8F800001AF03EF908B944F400247A
S214020B70E90248BF44F40034FA0648BF44F40004CD
S214020B8073077A4B48BF44F004041A6A44F400140C
S214020B9084EA020323F0010375491A400A621C40E4
S214020BA0CB61744B16F0010F1C62734B734A18BF6D
S214020BB01A46734B7C071B6F48BF42F000627148AF
S214020BC082EA030123EA020303676F4B0A40416687
S214020BD01A676E4A05F00103516CA0F5803081EA6F
S214020BE0030221EA0301416482631A40684B280229
S214020BF05A64D8F8002048BF664B92F8F62058BFD1
S214020C00654B690748BF43F4806322B115F4C06F91
S214020C1018BF43F480733207604A48BF43F000436C
S214020C20D2F8EC105E4883EA010222F4A0221140B8
S214020C30C0F8EC101340C0F8E0205A4ABDE8F0476E
S214020C40C2F8EC30FFF7C2BEA0F580630B4306D0B5
S214020C5020F48063A3F500730B437FF419AF1EF0F4
S214020C606EFC3A49D1E9003223EA060322EA04027C
S214020C7042EA08023B43C1E900324B4A126892F844
S214020C80F610474A09B313F4C06F1ED04FF48073B0
S214020C9011E01EF054FC2D4AD2E9003123F0040381
S214020CA03B4341EA080157EA0807C2E900314FF41C
S214020CB080633B4A0BD0C2F8E030A2F58052C2F8FD
S214020CC0EC30BDE8F0471EF035BC4FF48073C2F836
S214020CD0EC30C2F8E030F4E71EF031FC1B4AD2E9F1
S214020CE0003123F001033B4341EA0801C2E9003127
S214020CF001232E4A57EA08071BBF9363A2F58052C8
S214020D005364536408BF9363DBE750EA01037FF43E
S214020D10BFAEBAF1010F7FF4BBAE1EF010FC0C4A58
S214020D20136823F0010343EA090313604FF4806358
S214020D30144AB9F1000F04D05366A2F58052136725
S214020D40BFE713675366BCE7BDE8F087B816002016
S214020D50E4550020004000B8006000B8005000B81B
S214020D60004001B8006001B8005001B8000002B8A7
S214020D70002002B8001002B8041C00030418000386
S214020D8000C001B800E001B800D001B800C000B849
S214020D9000D000B80D0A0A09090A0A0900400054E0
S214020DA000600054005000540456002000E000B8D2
S214020DB0024B5868C0F3C000704700BFB816002048
S214020DC0024B186800F00100704700BFB8160020FA
S214020DD0024B5868C0F3C030704700BFB8160020F8
S214020DE010B50446FEF700FDFFF7A4FD2046FDF70A
S214020DF0BDF8FEF7A5FCFEF7ABF8FEF71DF9FFF708
S214020E00C9FB13490723134AD1F8FC1004F1F80072
S214020E10FFF71AFC4FF080710020FEF7E7FB4FF059
S214020E2000720D4B4FF400110120C3F80021FEF7AB
S214020E30DDFBFEF7D7FF20B940F292321421FBF712
S214020E40FDF819F003FFBDE810400120FDF766BF6C
S214020E50001F00B0581F00B000D001B88023074A18
S214020E601367082340B11367054AD2F8A03023F06F
S214020E702003C2F8A0307047024AF4E7001002B816
S214020E80001E00B0002002B810B51EF058FB01216B
S214020E9004460020FFF7E2FF044B1961044B5B682F
S214020EA098472046BDE810401EF044BB000002B83A
S214020EB0F86B0020F8B5194C0546207840F2E4425B
S214020EC0B0FA80F03E214009FBF7B8F855B96078D1
S214020ED040F2E442BDE8F840B0FA80F03E21400914
S214020EE0FBF7ACB84FF440660D4F0E4DD7F8B43052
S214020EF040F2E442C3F381232370C5F8B4606078FD
S214020F003E21B0FA80F04009FBF798F8D7F8B830DF
S214020F10C3F381236370C5F8B860F8BD3B65002053
S214020F20004000B8006000B8F8B5084C084D236FC2
S214020F300423084F2B67236F5B0300D4F8BD0426F7
S214020F4002203E6719F0FFFD2E67F4E7000002B8A4
S214020F50001002B8002002B8A82238B51A4B1D6F3E
S214020F6003F500531A6710229A60A3F5804302F134
S214020F7000521A675A66FFF79BFC144B1B7813B98C
S214020F800320FEF78BF80024114B9C67FFF7CCFF7B
S214020F90104A114BD2F8D81E0B40C2F8D83E042293
S214020FA00E4B1A670E4BAA06C3F8AC4008D503F5DB
S214020FB08073DB6CB3F5817F22BF8022024B1A61FD
S214020FC0BDE83840FCF7C2BB000002B83D65002011
S214020FD000C001B8001000B0DF0000FF002002B819
S214020FE0001E00B010B549B930B3164AD3681B0EBE
S214020FF013F00E0F20D193689A061DD4FFF786FCD5
S214021000104C0020FEF72AFE032801D0092805D13D
S214021010636FDB03F5D4E36D0C2BF2D9FFF784FF85
S2140210204FF40072084BDA62012203F5E8335A6184
S214021030042203F580531A674FF4C062034BDA6248
S21402104010BD00BF000002B8004000B8006001B842
S21402105008B503210920FEF75DFD2022014B1A6127
S21402106008BD00BF000002B838B505461EF067FA94
S2140210700E4B04461868FDF745F835B1FFF7D8FC65
S2140210802046BDE838401EF055BA094B1B78002BA7
S214021090F6D0084B1D78002DF2D1FFF7C9FC2A4680
S2140210A04FF480400021FFF7ABFCE9E7045600202E
S2140210B03F6500203E6500202DE9F84F5C4B064652
S2140210C00D4614461B6F002A40F0AE8013F0A00FA8
S2140210D014BF4FF001094FF00009FCF737FBA023BD
S2140210E04FF0000ADFF868810320C8F87030FDF779
S2140210F0D5FF0420FDF7D2FF4E4FFFF799FC4E4B6B
S2140211004FF0040B7B67C7F878A0FFF70DFF4B4B39
S2140211104FF48071D3F8A020494842F02002C3F869
S214021120A020FF22C8F80820414A1161D0F8D82E24
S21402113044491140C0F8D81EC8F870B0C3F8ACA035
S2140211407B6913F0060F04D0FEF75CFA5846FDF7EB
S214021150A5FFB9F1000F08D04FF400623A4B1A67A8
S2140211604FF40042A3F5E0339A6666B1374BDB6C68
S214021170180701D4FFF7CAFBFFF76AFF0420FDF742
S2140211808DFFFFF795FB2A4B5A69D10747D5DA68D8
S21402119012F0706FFBD12E4B2E4A1A672E4AD36B73
S2140211A023F0F003D36315B12046FFF75DFF2B4B08
S2140211B0D3F84C315A1C01D05B0002D50122244BD5
S2140211C05A6164B3214BDA6E03F500539A6603F54F
S2140211D0D0331B6A1E4A23F00103D361204BD3F897
S2140211E00C1203F50053C3F8081203F50053D3F8A4
S2140211F0841003F5005399671A4BD3F8EC1003F5E5
S2140212000053C3F8E010184B596C03F5005399636A
S214021210164903F5803359664FF6084313670020D4
S214021220BDE8F84FFCF736BD4FF0000955E700BFA2
S214021230000002B800C001B800000101001E00B0A4
S214021240001000B0DF0000FF001002B8004000B837
S214021250002002B810003000001F00B00080E00F2F
S214021260004001B80040005400C000B85000002FF3
S2140212709B4B2DE9F04F9F6EDB6E85B01F40994B5E
S2140212809F66994BD3F8E050D3F8EC301D40974B4D
S214021290C3F8E050964BD3F80822D3F80C3202EA91
S2140212A00309944BC3F8089203F52043DA691B6AD4
S2140212B002EA0308904B08F47702DA618F4BD3F800
S2140212C00422D20605D4D3F80431C3F30016DB0693
S2140212D051D51EF034F98A4B5A695E6E1B6F12F0B6
S2140212E0060F06EA0306874A26F0007314BF4FF07D
S2140212F0010A4FF0000A23F400637407536604D50C
S214021300814A137D0133DBB213751EF013F9002FE9
S21402131000F0E28017F4004300F0D3801EF00FF9CD
S2140213200146FFF7DFFA0446784BD3F800B0DBF845
S2140213300020DBF800309A42FBD0DBF800209A420D
S214021340FBD0FFF7CFFAA04217D108461EF0F2F8FC
S2140213506F4B1C606F4BD3F870B01BF4E0520ED18B
S21402136024F07F4424F0DF040CB9FFF7F5FD4FF0BC
S214021370807B002414E0B246C9E70446D7E7019210
S214021380FFF7EAFD5C4B019A1BF480541A6740F0A3
S2140213909A801BF4806F0CBF4FF0805B4FF0806B1F
S2140213A0B80715D55B4A5448126F02F460410167CC
S2140213B0002900F08B80110400F18B8012F4005F8C
S2140213C00CBF4FF000524FF0006200244BEA020BB3
S2140213D0C7F340377F00504A2A40002A4AD015F405
S2140213E0206F0AD040F6A31206210020FAF726FE46
S2140213F00020FFF739FE25F48025EB0506D5FF21F0
S2140214003D4A4BF4C06B9160FFF780FA15F0090F66
S2140214100AD040F6B81208210020FAF70FFEFFF7AE
S21402142017FE0121304A116315F0106F0CD040F6FA
S214021430C11209210020FAF701FEFFF709FE002279
S21402144011461046FCF736FE15F4202F0AD040F659
S214021450C91207210020FAF7F1FD0020FFF704FE6B
S21402146025F48025E80301D5FCF768FF002DB8BFF8
S21402147047F0080769070DD51B4AD26A12F4005FC7
S2140214804FF4005217BF19492449CA624BF4000BA5
S21402149008BFCA626A0548BF4BF0040B15F48023E6
S2140214A0019300F0A480FCF701FF0138062837D824
S2140214B0DFE810F028012B0128012E01310134014A
S2140214C034019B4655E74FF0804B52E74FF00072CF
S2140214D07BE74FF0004278E7BB463C467BE700BF1F
S2140214E0004000B8006000B800400054006000549D
S2140214F0004001B8006001B8002002B800E100E038
S21402150000C001B800E001B8E85500204CBF040056
S214021510E0550020000002B8090B0B890050005469
S21402152040F6FA1203210020FAF788FD01218548C9
S214021530826ED0F8883002F00702063201FA02F212
S214021540C3F30C0CA2EB0C0292B2072A12D97E4A03
S214021550126F53020ED47D4B826B806D5B6D5BB156
S21402156002F0070206329140C0F30C00091A89B253
S214021570072901D84BF4007B754A1278002A36D028
S214021580704AD2F8E02012F4A02F30D1714A724984
S21402159012789AB9F20411D40A787AB14FEADB02C9
S2140215A06E4842EA447282F00102D0F8D80E02F087
S2140215B00102520020FA02F2930718D10420FDF726
S2140215C06DFD674A67485067FFF732FA62490A7844
S2140215D04AB9654A127832B1644A654912680BEA1A
S2140215E002020A4201D14BF4804B26F48056B9F12E
S2140215F0000F1DD019F4805F18BF4BF4802B19F42E
S214021600807F18BF4BF4002B19F4005F18BF4BF015
S214021610100B19F4007F18BF4BF0200B19F4806FE3
S21402162018BF4BF0400B19F4006F18BF4BF0800B3D
S214021630B8F1000F48D018F4001F0AD04D4A1368BC
S2140216403BB1414A4C48116F00680022C1F3C061A9
S214021650984718F4802F18BF44F4007418F4803F9B
S21402166018BF4BF4805B18F4801F18BF4BF4003B86
S21402167018F4800F18BF4BF0020B18F4003F18BF87
S2140216804BF4801B18F4000F18BF44F0100418F433
S214021690002F19D0394AD2F8A02012F0C00F13D06A
S2140216A02949CA68C2F30362032A01D0072A05D170
S2140216B04A6FD00602D48A6F120732D54FF4002141
S2140216C02F4A28F40028D161002E00F01B81330532
S2140216D040F18F802B48DFF88890C2782A49002A8A
S2140216E058D04FF40063013AD2B24B66C27032B998
S2140216F0264A1278C2B140F60141254A51670022B5
S214021700002173E04BF4803B10E74BF4006B0DE7CF
S2140217104BF4806B0AE74BF4807B07E74BF0080B31
S21402172004E74BF4001BCFE7D9F8782012F4A05F49
S21402173015BF4FF4807240F60142C9F85820C9F826
S2140217407820DCE700400054000002B8004000B8F1
S214021750406500203F65002042650020001000B072
S21402176000C001B80000010141650020B816002043
S214021770088D01001855002004560020001E00B0F7
S214021780002002B83165002000E001B83D65002067
S21402179000D001B80320FDF781FCD9F81420A84B2D
S2140217A012F0060F04BF41F61F72A649A64808BFEC
S2140217B04A674FF40061A34A5166D9F8142012F022
S2140217C0060208BFC9F878205A8A12F4006162D06D
S2140217D022F400625A82027802F0FF09002A5ED1E1
S2140217E0FDF710FFFFF7B8FB4A4620214BEA020B33
S2140217F00C43B00009D52E20FDF79EFB4FF000519A
S214021800904A44F0080411675166F10606D52B206B
S214021810FDF792FB10218B4A1167516616F0306F66
S21402182005D1F20463D5BAF1000F00F0C08033018F
S21402183017D52920FDF780FB844A526C12B110217D
S214021840834A9160FFF7B4FA48B1824A82487D49DA
S2140218504A66026700F54050C068400422D444F04D
S214021860040416F0007A28D00420FDF717FC27207F
S214021870FDF762FBFFF770FB4FF00071714A51668D
S214021880764AD2F8D82E520679D40221704A91604E
S21402189044F0020428E002784FF40052A6E74FF420
S2140218A000422DE70A6720204A66FDF745FB2D20F9
S2140218B044F00C04FDF740FBD3E716F0807FDFF818
S2140218C08C9147D00420FDF7E9FB2820FDF734FB76
S2140218D0D9F87820002A3AD1FFF73EFB594A5D49EB
S2140218E044F00104116751660021584A9165720559
S2140218F008D55B498A78002A00F0D880013A8A70B7
S21402190000221743574AD2F8A020130603D558469A
S2140219102146FCF7C7F93A4658462146FFF770F8C3
S214021920019B0BB1FCF7F8FC01224F4B05F0043586
S214021930C3F8E0504D4B18F4002FC3F884211EBFA5
S2140219404FF40022424BDA6105B0BDE8F08FC9F8C9
S21402195078A0C3E7F104C7D50420FDF79FFB444AED
S214021960C9F87420FDF74EFED9F8642012F0407FC5
S214021970BAD12A20FDF7E0FAFFF7EEFA80E7394AF5
S214021980D2F8A0108B0683D402203A4988603A49DE
S214021990096891F82510C8077FF57AAF92F8C42037
S2140219A0002A3FF475AF8021344A116170E7344A49
S2140219B01268013202D04BF0010B98E728490A79E7
S2140219C052B1013AD2B20A7112B9234A2D4951676D
S2140219D000224BEA020B8AE70420FDF75FFB032096
S2140219E0FDF75CFB194A224951671DF0A8FD8146A6
S2140219F00DF10F00FEF732F9234A824612780AB139
S214021A00FEF784FFBAF1030F0ED1DFF870A00020B4
S214021A10FEF724F9032807D1DAF87420D103F6D4A6
S214021A20DAF85C200C2AF2D99DF80F20032A2FD16F
S214021A300121164A484611701DF07CFDC8E700BF1A
S214021A40E855002000E001B83D65002000C001B85E
S214021A50002002B81000002000D001B8001000B02C
S214021A6031650020001E00B00060005400E100E076
S214021A7000000101001002B804560020000002B85F
S214021A80006C00200000010D436500203F65002029
S214021A90094AD2F8E02012F4A02FC9D1FEF7C8FFF7
S214021AA048461DF047FD4FF4804292E70220FDF7BC
S214021AB0F5FA012225E700BF004000540122024B3E
S214021AC01A62DA61704700BF002002B80D4B10B5EB
S214021AD0DC691A6A14400C4A24F47F01D161E207D9
S214021AE006D5D9684FF0FF30C1F3036119F0B8F894
S214021AF0630706D5BDE81040042200200021FEF749
S214021B007FBF10BD000002B8002002B80C4A08B51C
S214021B10936B526C13400B4A9363DB070FD50A4B49
S214021B2040F663421878122100F00100FAF786FAAE
S214021B30BDE80840002201200021FEF761BF08BD73
S214021B4000C000B800E000B8B8160020054AD2F877
S214021B508430DB07FBD4936FD2F884201340024A0A
S214021B6093677047008001B800A001B870B51446AC
S214021B700D461DF0E4FC064BD3F8A06074402C40E2
S214021B807440C3F8A0401DF0D5FC06EA050070BDFF
S214021B90001E00B0034BD3F8A03099430CBF0120BF
S214021BA000207047001E00B02DE9F04117460A4398
S214021BB0012A1D469DF818409DF81C60DDF820801D
S214021BC029D8B44227D2082E25D8032B23D8B8F119
S214021BD0000F20D00A460021FBF71CFDFF21EB0078
S214021BE09940C943DFF834C008F1FF38FF00E2B27B
S214021BF0964202D80020BDE8F0813D190CEB85051F
S214021C00D5F8E02018F8010F0A4098401043C5F8AE
S214021C10E0000134EBE72120EDE700BF001E00B034
S214021C20034B1868034B002808BF1846704700BFCE
S214021C30005600209CE004002DE9F843DFF860908F
S214021C400646D9F8008008461746B8F1000F03D0BA
S214021C500E242046BDE8F88306B3336801331DD14F
S214021C60E1B1FAF70DF805460028F1D0C9F80000F0
S214021C70FAF72CF8284618F007FB044640B140460F
S214021C80C9F80080FAF722F8284618F0F8FAE0E7D2
S214021C903560002FDDD02846B847DAE72124D8E79A
S214021CA004560020024B1868003818BF01207047FF
S214021CB004560020002108B5024B08465B68984788
S214021CC0002008BDF86B00200523064AA2F84A3019
S214021CD092F8493003F0010363F0730382F8493047
S214021CE0704700BF001F00B00023F0B585B0CDE9F5
S214021CF001330393124B134D1B78134E8DF80430A9
S214021D001DF02AFC2A78337804469A420F4F0CD0EC
S214021D103178386801AA297018F0D7FF50B140F61A
S214021D2008210B481DF00DFD04E0386818F0ADFFE1
S214021D300128EDD020461DF00AFC05B0F0BD00BF1C
S214021D40256F00205C6F00205D6F0020205600206B
S214021D503D950400F8B52B4B1B7823B140F6FC31B9
S214021D6029481DF0EEFC1DF0F7FB284B07461C88A1
S214021D7014F0060409D001214FF480701CF0A0FB79
S214021D803846BDE8F8401DF0E2BB21464FF48070AD
S214021D901CF096FB204600F0ABFF022808D18022FA
S214021DA01B4B8021186818F039FBFFF79DFFE7E709
S214021DB0204600F09DFF054638B1012807D040F6C0
S214021DC0314111481DF0BDFCDAE70246E8E7FF2282
S214021DD00F4E104B30681A70FFF76CFF306818F021
S214021DE054FF0128CCD02A462946306818F04FFF07
S214021DF021462C201CF090FB21460A201CF08CFB6E
S214021E00BEE700BF496500203D950400EE5D002058
S214021E10205600205C6F0020002101481DF096B974
S214021E20786C00207F2837B5044610D14FF6FF7332
S214021E30022217480DF10601ADF80630EBF722F93B
S214021E40BDF80640E2054CBF6FF04A0464B21DF0CE
S214021E5083FB104B05461C700F4B1B88DB0710D507
S214021E600E4B1B78002B0E4B0CBF21466FF07F01EA
S214021E70186818F0F8FA20B140F6786109481DF0A3
S214021E8060FC284603B0BDE830401DF060BB00BFD2
S214021E90641002C0546F0020EE5D00204A650020E8
S214021EA0205600203D95040010B513F0D2FE60B116
S214021EB013F0D1FE0B4A80B141F20D03BDE810408B
S214021EC041F20D0107481CF04DBC074B1A781B79EE
S214021ED09A4204D100220023F0E70D23EEE7034ADC
S214021EE0F9E700BF400D0300256F0020488D010072
S214021EF0F8B5164E0D46337802F0010423B140F2CF
S214021F00C53113481DF01DFC124B134F1D60134DB7
S214021F10A4B1134B997801B1012120201CF0D0FA0C
S214021F202B783B700F4B1C780F4B00211C70042340
S214021F3033700E48BDE8F8401DF008B9214620204F
S214021F401CF0BEFA2B783B70EEE700BF4965002016
S214021F503D95040010560020466500205E6F002066
S214021F60145600204765002048650020786C002043
S214021F702DE9F8431DF0F0FADFF8A0810546B8F81F
S214021F800030614C13F4807F03D0237873BBFFF7D5
S214021F90E1FE002108461CF0BFFA5C4B1A78FF2AC5
S214021FA013D01A7802F0FF0632BBFF221A7023788B
S214021FB0052B0AD10023284623701DF0C8FA3046A6
S214021FC018F013FF1DF0C8FA05462378504E062B6C
S214021FD009D13378FF2B06D03378022B15D1002196
S214021FE04C481DF0B3F8FF2333702BE000214FF46A
S214021FF080701CF065FACCE71A78012A4FF0FF02CF
S21402200014BF33264C261A70D4E7337813B13378CC
S214022010012B22D11CF0F4FA07463E4896F80090AF
S21402202001F0DCFBFF235FFA89F9337077B1B9F16F
S214022030010F44D16421374884F800901DF086F8D9
S214022040FFF752FE28461DF082FA06E02846277061
S2140220501DF07DFA384618F0C8FEB8F800301B06A8
S21402206005D5002180201CF02BFA17F0B2F901F0FA
S214022070F1FA294E308000B32778012F42D11CF0A6
S21402208079FF054610B301301DF039FC00F44060BC
S214022090B0F5006F1AD10422394628461CF0AAFE73
S2140220A028441DF02CFC4FF6FF7398420ED10020F8
S2140220B0318800F0FFFC00233380BDE8F88300235C
S2140220C0284623701DF043FA3F20C4E7114801F06A
S2140220D085FB002108462170012500F09DFC23782F
S2140220E00BB9FFF737FE0020318800F0E3FC00232F
S2140220F03380002DE1D020780028DED1BDE8F843F9
S21402210018F0BEBF0025EAE7496500205B6F002095
S2140221105A6F0020786C0020EC5D0020EE5D0020F7
S21402212008B513460A461946064B186818F028FAE8
S21402213030B1BDE8084040F2F44103481DF001BB4F
S21402214008BD00BF205600203D95040008B5134682
S2140221500A461946064B186818F00CFA30B1BDE864
S214022160084040F2FB4103481DF0EBBA08BD00BF31
S214022170205600203D950400024B1878431E584214
S214022180584170474965002008B5064B1B7823B1B5
S21402219040F2255104481DF0D4FAFFF7DBFD00207B
S2140221A008BD00BF496500203D95040008B5054BF3
S2140221B001EB81011868490018F057F9002818BF8A
S2140221C0212008BD2056002008B5044B1868F9F7F0
S2140221D00FFF0A2390FBF3F040B208BD2056002002
S2140221E0014B1878704700BF5D6F002008B5044B9E
S2140221F0186818F0A5F8B0FA80F0400908BD00BFCC
S2140222002056002038B5124D0C462B78012B04D9E7
S21402221040F246510F481DF094FA21460020FFF77F
S214022220E5FF90B10C4B1C702B785BB9FFF792FD63
S2140222300A4B93F900100A4BC901186818F0E9F81E
S214022240002038BDFFF750FDF2E72120F9E700BF76
S214022250496500203D9504005D6F00204B65002017
S2140222602056002008B5074B186818F067F830B1FA
S214022270054BB3FBF0F083B20BB1184608BD012044
S214022280FCE700BF2056002040420F002DE9F3472E
S2140222905C4E01201DF052FA3388990704D440F6AA
S2140222A03F4159481DF04DFADFF8808198F800301A
S2140222B0053B012B04D940F6414153481DF041FA33
S2140222C0524F3B6823B940F644414F481DF039FA55
S2140222D0348814F0200478D0012122201CF01CF946
S2140222E04FF47A74FFF7BEFF3B681B78093343430B
S2140222F004EBC30498F80030A5B2062B0BD11CF0F1
S21402230047FD0446FFF7AEFF602358430C2303FB4A
S2140223100400284485B2D7F800903D4B99F8008017
S2140223201C7808F1FF381FFA88F8002C52D133883F
S2140223305A0505D409F101001DF0E1FAC0F3401474
S2140223403449354A887812784B7812FB00F2334FBC
S21402235093423B70A4BF9B1A3B703B78CA78BD6021
S214022360934238BF13463B7013F07BFC002833D0F1
S21402237013F075FC012814BF1025082525430023F9
S214022380DFF8ACA00093802243464946DAF8000004
S21402239018F09DF820B14FF43B611B481DF0D1F9AF
S2140223A01F4BDAF8000019781E4B197033889B060B
S2140223B014D52A461C4B009718F085FCC0B900209D
S2140223C002B0BDE8F0471DF0B9B9214622201CF044
S2140223D0A3F887E70024B3E72546D0E72A460F4B43
S2140223E018F06FFC014618B925201CF095F8E6E7B0
S2140223F0214626201CF090F840F6F43102481DF0E3
S214022400A0F9DCE7EE5D00203D95040010560020A2
S2140224104C650020256F002046650020286C0020B1
S2140224205D6F00205C6F0020145600204965002076
S21402243020560020184B10B51B889B0704D440F684
S214022440A66116481DF07DF9154B1B78053B012B3E
S21402245004D940F6A76111481DF073F9114B1B68A9
S21402246023B940F6A9610D481DF06BF900240E4B06
S2140224700E4921201C701CF04FF8014618B9BDE821
S2140224801040FFF703BF022804D12046BDE81040E3
S2140224901CF0D8B810BD00BFEE5D00203D950400CC
S2140224A04965002010560020446500204D26020093
S2140224B0F8B55A4C23889A0704D54FF43E7158480B
S2140224C01DF03FF9574801F089F91DF045F82388B9
S2140224D005465B070DD54FF0FF3018F03FF8524B1C
S2140224E01B68C01AB0F5717F03D9002104201BF0C7
S2140224F0E7FF28464D4D1DF02AF82B78042B32D1E3
S2140225001DF02AF8238806465F0708D545480021AD
S2140225101CF01CFE3046BDE8F8401DF018B81DF051
S21402252016F81DF019F8424B06461B78414F13B9B0
S214022530238859050FD50523012102202B701BF095
S214022540BFFFFFF777FF30461DF001F83B68DA78E9
S214022550394B1A70F8BD386801301DF0D0F9820682
S214022560E9D50623E8E7062B4DD1344B1B78FF2B23
S214022570F0D1334E13F077FB3378002B3DD01CF0AE
S214022580EBFF238805465B0705D5264800211CF08D
S214022590DDFD2846BFE71CF0DAFF3378013B3370D7
S2140225A01CF0DAFF0446012102201BF089FFFFF728
S2140225B041FF20461F4C1CF0CAFF206801301DF068
S2140225C09EF900F44060B0F5006F13D12468012133
S2140225D0042220461CF00EFC20441DF090F9014611
S2140225E0184B04201A783378D21AD2B2BDE8F840D3
S2140225F01DF04EB94FF6FF71F2E740202B70BDE892
S214022600F84018F0F2BB012BA4D100232B700E4B1E
S2140226101868FFF74FFB3F20F1E700BFEE5D002092
S2140226203D950400786C00200C5600204965002079
S2140226304C65002010560020456500205A6F002089
S214022640466500205E6F00202056002008B50A4B23
S2140226501A7882B9012210281A7004D040F69D61B9
S21402266006481DF06EF8002120201BF029FFBDE869
S2140226700840FFF70BBE08BD446500203D950400E8
S21402268008B5094B1B88DB0604D440F2C351074841
S2140226901DF057F8102000211BF012FF044B18689B
S2140226A0BDE8084018F006BBEE5D00203D9504002C
S2140226B020560020012208B5074B1146186818F06C
S2140226C0E6FA00212C201BF027FFBDE80840002177
S2140226D00A201BF021BF00BF20560020014B4008F5
S2140226E0185C7047566F002008B513460A4619460E
S2140226F0064B186817F04AFF30B1BDE8084040F6AE
S214022700E94103481DF01DB808BD00BF2056002051
S2140227103D95040008B5044B186818F0B6FA01385F
S21402272018BF012008BD00BF20560020054B10B57B
S2140227304C0022460146186817F085FE031B5842D5
S214022740584110BD2056002070B505461CF004FF07
S2140227500E4B0F4E1B880446DA07357008D50D4B14
S2140227600D4D1B78012B08D90121286818F037FB7C
S2140227702046BDE870401CF0EABE1BB113F067FAB3
S214022780C305F1D4317881F00101EEE7EE5D002059
S214022790556F00204A650020205600200C4B10B5CD
S2140227A01B880446DB0711D5FFF77EFB094B84F036
S2140227B0010208211868D20017F030FE30B1BDE8D9
S2140227C0104040F6367104481CF0BBBF10BD00BF77
S2140227D0EE5D0020205600203D95040008B5044B0F
S2140227E00146186817F0DDFE003818BF012008BD44
S2140227F02056002010B50A4C23787BB1FFF75AFF0B
S214022800002104201BF05CFE002102201BF058FE73
S21402281000232370BDE81040FFF79CBA10BD00BF2E
S2140228204965002038B5094800F0E8FC0024084D48
S21402283095F84430E0B2834200D838BD05EBC000BC
S214022840043000F0DBFC0134F2E700BFC45600207F
S2140228502456002008B5104602494822F8F70EFF13
S214022860002008BD7C56002008B505481DF0D9F8A2
S214022870014620B9BDE8084001481CF067BC08BD07
S214022880986C0020002238B51C4B15461C461A7060
S2140228900132082A5D609D8043F8085FF8D148221D
S2140228A000211748F8F75AFD4FF6FE73A4F8683071
S2140228B06FF48033E365134B00211A88124B1868B5
S2140228C0F8F74CFD114BC4E91255C4E9283584F8D3
S2140228D0445084F85050656584F8A850E9F73CFFE8
S2140228E0FF220B4B012118700A4B00201A70E2F7E8
S2140228F0CBF80020FFF7B8FF002038BD2456002092
S2140229007C560020C66E0020586B00200000FFFF99
S2140229104D650020A265002010B5AC24084B04FBD0
S2140229200030836C53B990F850403CB931B1C0E9DD
S21402293012122046FFF798FF204610BD2120FCE722
S21402294024560020AC2370B503FB00F5094E73191C
S21402295093F850405CB9204610F0AAFC735D2046FE
S21402296043F002037355FFF77FFF204670BD012038
S214022970FCE700BF24560020AC235843024A135CEF
S21402298023F00303135470472456002070B51646EE
S2140229901F4A04461278C2BBAC211E4D01FB0051F1
S2140229A08A6C92BB91F850203AB1022B2DD191F845
S2140229B04410072907D91C2026E091F8441007295D
S2140229C0F9D8012B08D0AC2000FB0450CA00011D28
S2140229D00C30F8F715FD0021AC2303FB04F00024AD
S2140229E09DF8143000EBC1012944CB71049B8E8004
S2140229F08B602B1893F84420204601328C7183F8A2
S214022A004420FFF731FF204670BD0120FCE700BFDF
S214022A104C65002024560020F8B5234B04461B784C
S214022A200F46002B3ED1AC23204D03FB0053B3F8D8
S214022A30A03023B940F245311D481CF082FEAC227C
S214022A4002FB0452D2F8A46036B192F8A33039469B
S214022A500020B2F8A020B047AC2300216343EA1856
S214022A60A2F8A010C2F8A410482192F8A82001FBF0
S214022A7002322A44D2F89820964213D0EB5C9B0787
S214022A800CD5AC226243AB5C204623F0020343F033
S214022A900103AB54BDE8F840FFF7E6BE10F02AFC8F
S214022AA00028EED1F8BD00BF4C6500202456002059
S214022AB0949504002DE9F04F89B0059008460D461E
S214022AC01CF058FA044618B9212009B0BDE8F08F68
S214022AD028461CF06BFAC0B20838215C221892F81D
S214022AE002A00491D1785268277803920022B4F8A3
S214022AF00130ADF81E20434A029192F800B0BBF1B5
S214022B00000F08D0404B1B681BB120464FFA8AF2D2
S214022B1098470020D9E703F00703022B70D0013450
S214022B200922594620461CF065F9023F3F1A3B0629
S214022B3006465FFA87F8C7D4344FD7F89090B9F1B3
S214022B40000F27D100210DF11E0B434622460846F0
S214022B50CDF800B010F0E4FAC3B20546002B4BD114
S214022B60BDF81E0018F085F9E0B9BDF81E0018F091
S214022B707CFA8146BDF81E0018F07BF9F0B906EB28
S214022B80080201232146584692B200F07BFDD0B1DE
S214022B9019209AE75B465A4601212846C84700286C
S214022BA0D0D191E7D7F89430BDF81E00002BDCD0C8
S214022BB0A11998470028D8D1022086E742464846FF
S214022BC0A119F8F75BFDBDF81E001CF0D3F9029BB5
S214022BD0059A0372049B80F809A08372039B1BBAB2
S214022BE0C360AC2303FB027393F85020BDF81E00AB
S214022BF022B1DB6C03B19847E8B266E7BB6FF9E730
S214022C00012062E74C65002008560020245600206A
S214022C102DE9F84308460F46164602F1010918F058
S214022C2029FA8046384618F01DF9042856D1384647
S214022C3018F03CF948F661054FF6FF7248F6410374
S214022C40294C904208BF1D46B4F85C10301D1CF09B
S214022C5058FE384618F02AF90146B01D1CF051FEFF
S214022C60B4F85E1006F108001CF04BFE06F10A04EA
S214022C7038460DF067FF10B145F01005ADB2294693
S214022C8048461CF03EFE384618F0EFF9424601462A
S214022C902046F8F7F3FC384601211CF0A3F9444419
S214022CA0074660B11CF082F9054638461CF062F908
S214022CB0EDB201462A462046F8F7E0FC2C440B4AC1
S214022CC0A41B13780134591C1170F370347030460B
S214022CD0BDE8F843092201211CF08CB848461CF0D6
S214022CE00EFE4C460546C3E7245600204D650020DE
S214022CF0AC2210B548245043094B1A1892F8A81073
S214022D0004FB0100034493F87700022806D092F8E9
S214022D1050301BB9032818BF012010BD0020FCE765
S214022D202456002070B508B1012070BD234C94F8DB
S214022D30A850002DF8D12946B4F85C20FFF706FA11
S214022D4029462846B4F85E20FFF7EAF929462846BF
S214022D5004F16002FFF7C8FC94F87730002BE3D04A
S214022D60284694F85860FFF73BFA864215D10020B1
S214022D7094F95A50FFF728FA854216D10020FFF739
S214022D80B7FF044600201BF0EBFF0028CDD02146FB
S214022D90BDE870400020FFF7F7B9284694F85810AF
S214022DA0FFF730FA0028E2D0BFE7002094F95A1065
S214022DB0FFF7FCF90028E1D0B7E700BF2456002051
S214022DC00346AC2010B51446164A00FB032292F8BE
S214022DD0770002280CD1E07F022809D141B11249BE
S214022DE00978012913D992F85810227891420ED107
S214022DF018462178FFF7FAF990B1482221460B4887
S214022E00F8F73CFC00201BF0ABFF08B9002010BD11
S214022E10044B93F8A8000028F8D1FFF783FFF5E7E4
S214022E202120F4E7245600202B6F00207C56002039
S214022E3038B5AC230D4C054603FB004300205A6D03
S214022E40D86483F8500012B15865FFF719FCF5F7FD
S214022E504BFBFF281EBFAC2303FB054484F8A800E7
S214022E600020FFF75FFF002038BD00BF2456002079
S214022E707FB51D4C94F8A83023B1002084F8A80032
S214022E80FFF750FF94F85A30B4F8A0608DF80F3070
S214022E9026B940F2FD2115481CF053FC144B31466E
S214022EA01D6800202A46FFF7B3FEE46F02469CB177
S214022EB00DF10F0301930023294630460093A047E5
S214022EC002462C7854B920462146FFF7A5FD204637
S214022ED0FFF7CAFC04B070BD0122F2E729460020C3
S214022EE0FFF706F8F6E700BF245600209495040084
S214022EF0586B002038B5494B1C78002C58D14848EE
S214022F0000F06CFC20461BF02BFF002850D0454CEE
S214022F102378D90733D594F850201AB123F0030347
S214022F20237045E023F00103237010F0CBF92378D9
S214022F3005469A0701D510F0BBF9294600200FF086
S214022F4053FF40B92378284643F001032370BDE8B7
S214022F50384010F0ADB90023482284F8A33094F824
S214022F60A83084F8A25002FB0343D3F89830A4F8A2
S214022F70A000C4F8A430BDE83840FFF779BF94F843
S214022F804400B0B104F1A003251D95E8030083E8D0
S214022F900300FFF76DFF94F844202846D20004F1A0
S214022FA00C01F8F72DFA94F84430013B84F84430CB
S214022FB038BDA26C62B99B0711D52378002023F096
S214022FC0020343F001032370BDE83840FFF74CBC10
S214022FD00123A06484F85030904723789EE710F0CF
S214022FE089F90028E9D194F8A83073B1F5F77CFA8C
S214022FF094F85030002BDBD1FF2818BF84F8A800C5
S214023000BDE838400020FFF78DBED4F88C30002B88
S214023010ECD098470028CBD1E8E700BF4C650020EB
S214023020986C00202456002070B5044600201BF041
S21402303097FEAC235C430B4E351995F850300BB116
S214023040002070BD0028FBD007481CF0EAFC0028D0
S214023050F6D1335D002BF3D195F84400B0FA80F038
S2140230604009EEE724560020986C002010B5084A66
S214023070034618F00DF814684FF6FF7203EB400390
S2140230809C42184603D9018802339142F8D010BDFB
S214023090E05600202DE9F047204F05463B88A3B3B3
S2140230A0B0F90230002B30DBDFF87C801C49D8F800
S2140230B00000F8F7A9FB20B94FF4EA7119481CF092
S2140230C040FB0026DFF85CA0DFF860903A88B3B2D7
S2140230D09A4204D84FF4EB7150461CF032FBD9F8F2
S2140230E00030B2B253F83200D8F8001003EBC20434
S2140230F068B943F83210A38828460133A38017F034
S214023100C7FFE38803EB4003E380BDE8F087F8F7E8
S2140231107BFB01360028D9D1EDE700BFF05D002029
S214023120619504006B950400B86C0020D45600200C
S21402313038B5094C094D22682B689A4204D94FF4D7
S214023140877107481CF0FDFA28682368C01A20F029
S214023150010080B238BD00BFE0560020E8560020CD
S2140231606B95040038B5124C124D21462846F5F7E9
S21402317041F823680BB12B681BB9DE210E481CF000
S214023180E0FA2A680D4B0E491A60236823F0010301
S21402319013440B600B4B1A602AB9BDE83840F8217D
S2140231A005481CF0CEBAFFF7C3FF6428F5D938BD30
S2140231B0D8560020DC5600206B950400E45600200A
S2140231C0E8560020E056002038B5094C094D226822
S2140231D02B689A4204D34FF48A7107481CF0B1FA5E
S2140231E028682368C01A20F0010080B238BD00BFEC
S2140231F0E4560020E85600206B9504002DE9F041C5
S2140232001D4B04461B78012B24D100881BF094FE2C
S2140232100546D8B10426DFF864802C461CF09CF9DB
S21402322007462046FFF736FF638843EA08036380B3
S214023230A05B1BF081FE044638461CF088F91CB1E0
S214023240B4F90230002BE9DA062E01D1BDE8F0818E
S2140232500626E2E7022BF9D11CF07EF90246208808
S2140232601BF06AFE18B10388C3F30E0323801046D0
S214023270BDE8F0411CF06BB94E6500200080FFFFF0
S2140232802DE9F04F0024BA4B97B006461C801CF07E
S21402329063F90123DFF8EC82B64F3B70B8F80030D2
S2140232A0A8F80040ADF81630B34B1B6801931CF02B
S2140232B04EF9B24B21461A88B14BD2001868F8F77D
S2140232C04DF80DF11600FFF799FF002E3CD1DFF8FE
S2140232D0B8924FF0000B0125D9F80040019B9C42A2
S2140232E039D3BBF1000F39D1002DF2D0D9F8004006
S2140232F0DFF898A225462246019B9A4273D3022300
S2140233000DF116003B70FFF779FF002E40F08F801C
S214023310D9F800603246AA4280F0A28090881BF05C
S2140233200BFE18B10388C3F30E039380D0881BF0FC
S21402333003FE18B10388C3F30E03D3801046FFF7CB
S21402334095FE0246E7E79847E3B256F82330013483
S214023350002BF8D1BBE7BBF1000F3ED00BF1FF33D9
S2140233605FFA83FB16AB03EB8B0252F8402CB2F9E2
S214023370020051880028B1DA4B04AFD4924641F4D9
S2140233808040931D2AF8020F02933AF8020F1BF0B0
S214023390D3FDF0B1B0F902E0B0F802C0BEF1000F02
S2140233A017DB6FEA4C4C6FEA5C4CA0F802C0039045
S2140233B0FFF770FEBBF10F0F8FBF002516AB039A07
S2140233C003EB8B009EBF0BF1010340F8402C5FFA23
S2140233D083FB029B9A45D8D180E72046FFF746FE3C
S2140233E022460446C3E7104617F052FE8346B2F959
S2140233F00200118800280AEA010108DA20461BF0BA
S21402340091FD084381B204EB4B0402EB4B051046D8
S2140234101180FFF72BFE02466EE798475FFA8AF3A3
S21402342056F823300AF1010A002BF6D170E74FF066
S214023430000AF3E73046FFF719FE82467EB1B6F978
S21402344002307188002B0ADA3088C0F30E001BF0B7
S21402345073FD864203462DD1C1F30D017180564697
S214023460AE42E7D3DFF81CA11CF076F80021064630
S214023470504617F070FE1BF05FFD0546002800F070
S214023480878030461CF063F8284617F001FE064691
S21402349020461BF047FD81467600324629462046E6
S2140234A0F7F7AEFF002249460DF116001CF091FA1E
S2140234B03444D9E71BD9304617F0EAFDC1F30D01B3
S2140234C0420071801846314692B2F7F799FFC6E776
S2140234D05046FFF7CBFDD146854203D9B0F90230FC
S2140234E0002B01DA824603E0FFF7C0FDF4E7B1469F
S2140234F0554507D9BAF80000C0F30E001BF01CFDB4
S2140235008245E5D3B9F1000F30D0B9F80000C0F318
S2140235100E001BF011FD034638B93346CB469945DB
S21402352013D8B1459BD0D946ECE7484617F0B0FD14
S214023530B9F802204946C2F30D02A9F80220420059
S21402354092B21846F7F75CFFE7E718460193FFF7D3
S2140235508DFD019B9B46854203D9B0F90230002BB4
S21402356001DA0346DBE7FFF781FDF4E7CB46DAE74D
S214023570F25D00204E650020E0560020F05D00203F
S214023580D4560020F45D0020E45600200080FFFFA1
S214023590BDF816303870A8F80030044B30461C6070
S2140235A01BF0D5FF17B0BDE8F08F00BFE056002035
S2140235B02DE9F04105461BF0BFFC0F460446D8B184
S2140235C01CF0F1F920B940F2FB4120481CF0B9F892
S2140235D028461BF0EBFC05462046FFF747FDBD429A
S2140235E0064609D004D840F2035118481CF0A9F840
S2140235F02588ED0B02D02781BDE8F0816780204642
S21402360017F046FD074604EB40081BF0A5FF104BDB
S2140236101A68B2420AD1C3F800801BF098FF2A4605
S2140236204046BDE8F041FF21F7F798BEA6EB080634
S214023630B5B21BF08CFF072DF1D90023083D44F8E4
S2140236401730C8F80430A8F80250D5E76B95040086
S214023650E056002038B51BF07FFF002105460448DF
S21402366017F079FD044628461BF071FF204638BD48
S214023670F45D0020024B1888B0FA80F040097047CB
S214023680F45D00202DE9F74F044600881F461BF024
S21402369053FC8846154606461CF085F920B940F2CA
S2140236A0FE613F481CF04DF83388DB0B009306D0D2
S2140236B033892B443381002003B0BDE8F08F208885
S2140236C01BF074FC82463046FFF7D0FC01901BF0DC
S2140236D043FFDFF8D0B0019BDBF8002081469A4218
S2140236E01DD1FFF725FDA84204D248461BF02FFF46
S2140236F01A20E1E70AEB050373803FB120881BF02E
S21402370039FC2A4641465044F7F7B8FF3046FFF7E1
S214023710ADFCCBF8000048461BF019FFCBE71BF0C8
S21402372016FF20881BF042FC2844009980B21BF04A
S21402373095FC06460028DBD01BF01CFC8146208840
S2140237401BF018FC824620881BF030FC51460246CD
S2140237504846F7F793FF3046AFB11BF00BFC07461F
S21402376020881BF023FC2A4641463844F7F786FF9A
S214023770012120881BF036FC0121024630461BF050
S21402378045FC268097E71BF0F5FB804620881BF059
S2140237900DFC2A4639464044F7F7E0FDE8E700BF4D
S2140237A06B950400E0560020342101481BF0C9BF87
S2140237B07F950400036910B55BB18268064B9A4296
S2140237C001D1002010BD44691BF0B4FF201AF9D5C0
S2140237D0F7E74FF0FF30F5E7A937020082681C4B87
S2140237E070B59A420446056819D11BF0B5FE2369E6
S2140237F023B1A34206D100222A601A61BDE87040B6
S2140238001BF0A5BE1A4611461269A242FBD12A68CF
S214023810A24208BF29600B6100232361EEE7036919
S21402382093B198426E6803D19D210A481BF089FF26
S2140238302B46B44209D122699D4218BF1A614FF045
S214023840000308BF6A60236170BD33463669F0E73D
S214023850A93702007F9504002DE9F04707460025A8
S2140238604FF0010A154EDFF858808AB0347914B941
S2140238700AB0BDE8F087D6F8009087B900972A46C6
S214023880B8F80010234603A81CF03AF92246484628
S21402389003A9E9F723FC2544EDB20836E6E72246FB
S2140238A003A94846E9F7EEFBCDF800A023462A46D0
S2140238B0B8F8001003A81CF023F9ECE7C8E00400EF
S2140238C0F65D00200148FFF799BC00BFF65D0020B8
S2140238D09C46174BF7B5054608461988164611B199
S2140238E0144B1C78CCB1014662463046BDB103B0DB
S2140238F0BDE8F040E9F7C6BB1C44E4B208373B79A2
S214023900002BF0D03A689642F6D185F001052246A1
S21402391000951CF0F5F803B0F0BD074FEFE7E9F7A6
S214023920DDFBB0B203B0BDE8F04015F056BD00BFF7
S214023930F65D00205F6F0020C8E0040010B5074C5B
S214023940238843B10020FFF787FF0020FF22044BA5
S21402395020801A7010BD0220FCE700BFF65D002032
S2140239605F6F0020142810B518D8082805D115F066
S214023970ADFDC401E4B2204610BD0E2802D115F0FA
S214023980A8FDF6E7064B53F82040002CF3D00A2891
S2140239902478F0D107F0C2FB0443EBE7FF24EAE702
S2140239A018E10400014BB3F8680070472456002063
S2140239B0004870478E560020014B1878704700BFAB
S2140239C0C5640020014B1878704700BFC864002009
S2140239D0014B1870704700BFC8640020204B0228B5
S2140239E010B5204C187002D00438012822D823784B
S2140239F0042B0BD000211C481BF0A8FB2378033BAA
S214023A00012B03D9002119481BF0A0FB184B1B6899
S214023A109A0022D513F0805F40F6114418BF4FF487
S214023A204164204616F007F9C8B92046BDE81040A2
S214023A3015F0D1BC0C48FFF7D1FE0C48FFF7CEFEBE
S214023A4017F002FE2378033B012B03D816F0EDF89D
S214023A501624E6E70DF0BAFFFAE71524E1E710BDF3
S214023A60CC640020CD640020DC6C002010480020CE
S214023A70A4480020024B187800F00F00704700BFE1
S214023A80CC640020034B187800F00F00831E5842C7
S214023A9058417047CC64002008B517F0C0FDC0B18D
S214023AA017F0D6FDA8B10FF01BFD90B90A4817F023
S214023AB009FB70B1094817F005FB50B115F00EFD71
S214023AC038B116F0BAF820B9BDE80840044817F035
S214023AD0BCBB002008BD00BFF85D00202C5E0020A5
S214023AE0EC56002030B505460C4693B081B910B9A5
S214023AF0002013B030BD1023214A69460120FFF78B
S214023B00E7FE9DF805305A1E052A28D91720F0E749
S214023B10182200212046F7F721FC002DEBD1FFF7F3
S214023B20B1FF30B315F082FB6A4601460020FEF76D
S214023B3091FEBDF80430204623819DF80230A37220
S214023B409DF80030E37217F048FF002304F11401D9
S214023B50237304F1100004F0F7FDE081C8E7094A78
S214023B609DF8041012789142D0D12B70002CD6D139
S214023B70BEE7054B1B78033B022BD3D9C6E700BF33
S214023B8064EE0100326F0020CC64002030B593B0A2
S214023B9005460C46FFF776FF20B90C4B1B78033B15
S214023BA0022B10D815F042FB6A4601462846FEF75D
S214023BB051FE00209DF80230607023709DF80030A0
S214023BC0A37013B030BD1720FBE700BFCC64002003
S214023BD0054B1878012805D000F0FD00A0F131034E
S214023BE058425841704700BFCC6400202DE9F3418B
S214023BF00E46002105461BF0E6FE0023124FADF8E6
S214023C0006002B800DF1060017F05CFA044610B190
S214023C1002B0BDE8F08121460DF1060017F09BFACE
S214023C2080461BF0A7F9438AB34207D99B1B4382FF
S214023C302246414628461BF0CCFEE3E743895B0753
S214023C40E0D53B88F3E700BFC86E002008B50A48F7
S214023C50FFF7C4FD09484FF47A71FFF7C7FF07481C
S214023C6017F030FA30B9BDE808404FF47A710248CE
S214023C701BF06CBA08BD00BFBC6C0020D66E0020DC
S214023C801FB50146002201A81BF030FB064801A919
S214023C901BF0FCFE20B11BF06DF94089C0F340001A
S214023CA005B05DF804FB00BFD66E002030B585B0C7
S214023CB00D460022014601A81BF018FB084801A980
S214023CC01BF0E4FE50B11BF055F9044601460822EB
S214023CD02846F7F795FB6089C0F3400005B030BD73
S214023CE0D66E002010B5044C204617F022FA6388E0
S214023CF0181A80B210BD00BFD66E0020F8B5054671
S214023D00F8B100210F481BF05EFE0446A8B10D4F25
S214023D1020461BF02FF906461BF0D4FA830705D47B
S214023D20082229463046F7F765FE38B1214638465E
S214023D301BF06DFE04460028EAD10024201E18BFA0
S214023D400120F8BDD66E002010B50C460146064886
S214023D501BF09CFE30B11BF00DF943891C4214BFC8
S214023D600120002010BD00BFD66E00201FB51446ED
S214023D70024601A81BF0BAFA074801A91BF086FE04
S214023D8040B134B11BF0F6F8142201462046F7F78C
S214023D9037FB012004B010BDD66E00201FB50146C9
S214023DA0002201A81BF0A2FA094801A91BF06EFE28
S214023DB058B11BF0DFF84389024613F0020004D024
S214023DC0507B80F00800C0F3C00005B05DF804FB2D
S214023DD0D66E00200146014817F0D1BAD66E0020F2
S214023DE0F8B504460E46142000211BF037F90546A6
S214023DF0204617F09EF96388834225D925B33146BB
S214023E00204617F0BCFA08BB28461BF0B3F8074654
S214023E100A223146F7F7F4FA082206F10A0107F1F8
S214023E200A00F7F7EDFA0A4B1B887B82238823B930
S214023E304FF47A7107481BF089F92046002229467A
S214023E401BF0C7FD0020F8BD1C20FCE72E20FAE779
S214023E50C86E0020BC6C002010B5044686B0B0B117
S214023E601BF030FA10F0020011D1CDF80E00616896
S214023E70CDF81200ADF81600206801AB03C3228904
S214023E80044801A91A80FFF7ABFF06B010BD212037
S214023E90FBE700BFD66E0020F8B50D4616461F4655
S214023EA0044648B31BF00EFA30BB2046FFF792FFDB
S214023EB0E0B1214611481BF0E9FD1BF05BF843898F
S214023EC005734673877343F00203218943812046B4
S214023ED001F0F2F9FF28044606D001F0F3F818B113
S214023EE00022074B43F82420002004E02046FFF778
S214023EF0B3FF0028DDD0F8BD2120FCE7D66E0020F7
S214023F00E0450020F7B59DF824400D4601949DF843
S214023F102040064600941F460DF076FC4FF6FF71D1
S214023F208842044610D0BB0711D4284600F0CCFFC6
S214023F3020461BF03FFAFF281FBF084A32F810300F
S214023F4023F4804322F81030204603B0F0BD024628
S214023F502946304617F01AFAEAE700BFBC5D002091
S214023F6073B50E46014614481BF090FD0546D8B1BF
S214023F701BF000F843890446334012D09B0736B242
S214023F800BD5002E09DAA17B437B0289007B0191C7
S214023F90012100912146FFF7B5FF638923EA060354
S214023FA06381628912B1012002B070BD29460248BF
S214023FB017F0F0F8F7E700BFD66E00200148FFF7CB
S214023FC01DB900BFD66E00201FB50C460B4A01462F
S214023FD001A81BF08BF901A8FFF7FCFE60B101A94E
S214023FE007481BF053FD1AF0C5FF036823604368B9
S214023FF00020636004B010BD2D20FBE786E10400BC
S214024000D66E002013B53E4C12F0E5FBD4F8FC3118
S2140240101020C3F307430193FFF7A4FC000650D514
S2140240200020FFF79FFC01064BD5019B802B3ED15B
S214024030236A9A0704D440F61544204602B010BDFF
S214024040E3699B07F7D52F4816F017F9012016F0FB
S214024050E7FE12F0D3FB04460028EED100F086F904
S214024060294817F0CCF800F0F1F9E8F775F912F0E4
S214024070B1FB0AF0F1FC0AF043FDF4F717F9F4F786
S214024080CBF9F4F7E5F904F003FD15F021FA15F083
S21402409022FA15F0D5FD1D480CF00CFC07F092FE36
S2140240A015F08DFD0028C8D015F08BFDC5E7019BE5
S2140240B0812BC0D1D4F80C315B00BCD5D4F80C31BE
S2140240C0BFE71020FFF74EFC0006BCD40020FFF727
S2140240D049FC0106B7D5019B802B05D1084B1A6A0D
S2140240E0D207A8D5DB69ACE7019B812BA3D1044B91
S2140240F0D3F80C21002A9EDAD3F80C31A1E700BFD0
S2140241000080E00F690345ECEC560020813C02007B
S21402411010B517F096FA70B301F0B8FB80F0010400
S214024120E4B20020FEF7F6FA44EA800424B217F05E
S21402413076FA10BB0220044316481BF072FC44EACF
S214024140401415481BF06DFC24B244EA00141348D0
S2140241501BF067FC24B244EA801411481BF061FC91
S21402416024B244EA40240F481BF05BFC24B244EA23
S214024170C02080B210BD0124D3E70B4816F0A2FF80
S2140241800028D7D0094816F09DFF80F00100C0B283
S2140241904000D0E71C6D0020006E0020A8480020DA
S2140241A0806D0020E06D0020F85D00202C5E00206F
S2140241B008B501F047F90EF0DFF8FDF7D9FE15480D
S2140241C016F080FF08B906F065F9134816F07AFF74
S2140241D008B907F0E1FD03F059FC0CF01DFD0F488D
S2140241E017F03FF80E4B1B78043B022B09D80D48FC
S2140241F01BF017FC28B1FFF78BFF102801D109F03E
S2140242007DF915F06DF917F0CFF8BDE808400648BD
S214024210FFF736B8F85D00202C5E0020EC56002032
S214024220CD640020006E002090E10400014B186867
S214024230704700BF20560020F8B54FF6FF77104BA8
S21402424006461B780C46033B012B0F8009D83046E6
S2140242500AF0BAFC4FF6FF73984220800ED0002078
S2140242600DE00CF023FEB84205462080F7D130461A
S21402427000F002FDA8422080F1D1E8E72D20F8BD2B
S214024280CD6400204FF6F77370B5984204460D468B
S21402429086B05AD817F089F8A04207D108222C49CE
S2140242A02846F7F7ADF8002006B070BD294EB6F8DE
S2140242B06830A3420AD10022082106F16A0017F0EC
S2140242C006F818B9082206F16A01E9E7ACB1224BF2
S2140242D01B78033B012B1AD80023012219462046DD
S2140242E000930AF01BFBFF2823D1294620460AF03A
S2140242F0BFFC80F00100C0B2D6E7184B1B689B07D4
S214024300E5D4284608F0DCF90028E0D0CBE72046C2
S21402431000F06AFFFF2806D129462046FFF754FE22
S2140243200028D9D1BFE7294600F080FF0028F3D045
S214024330B9E702A918F067FA0028D6D1DDF80D30E1
S2140243402B60DDF811306B60ADE70120ACE700BFF3
S2140243504F65002024560020CD640020A44800208B
S214024360014B1870704700BF326F002010B5054C25
S214024370082221460448E8F785FE204617F04FF843
S21402438010BD00BF4F65002034B608C00048704715
S2140243904F650020082208B50349F7F72BFBB0FA51
S2140243A080F0400908BD00BF4F650020014B187021
S2140243B0704700BFC0640020074B44F6FF701A78AF
S2140243C040F6FF73012A18BF1846044B1B780BB140
S2140243D040F40040704700BFCD640020C064002057
S2140243E0F7B50D46044616461F460021284601F03C
S2140243F0F1FF0B4B002183F859402A4633462046EC
S21402440000970EF0AFFC014630B10222204603B000
S214024410BDE8F04000F006B8012003B0F0BD00BFD2
S2140244202456002013B513460C461AB1022A0CBFB6
S214024430134601230021044A019100922246FEF708
S214024440A5FA02B010BD00BF25B7030000B50020D4
S21402445093B0FEF717FA1E4B18880CF031FA1D4B74
S2140244601D491A7800200EF0A1FD3422002168466C
S214024470F6F774FF0B238DF800306FF48033019348
S2140244804FF6FE73ADF8103003238DF81D30134B34
S214024490134A0893134B10680993134B51680D93F4
S2140244A0124B6A460E93124B0F93124B1093124BFB
S2140244B0119302AB03C300210846FEF781FC6A464D
S2140244C001210020FEF77CFC13B05DF804FB00BF60
S2140244D0C06E0020456F0020A4A50400F548020027
S2140244E04F650020C1B403006D8102009D4A0200A0
S2140244F06D98020025B70300BD7B0200014B1878B9
S214024500704700BF57650020014B1888704700BFF0
S214024510DA6E00202DE9F74F814610460E46904689
S2140245201BF0EDF9DFF840B105469BF8003033B9D1
S2140245304A4B1B681BB94A4B1B68002B7FD015F4ED
S214024540406A05F040071BD19FBBB5F5804F61D28C
S2140245504FF48074B9F1400F73D0B9F1800F63D075
S214024560B9F1100F6BD100239BF800003D4AD9B277
S214024570884264D932F8021B0133A142F7D166E0C1
S21402458008F103001BF0BBF94FF6FF73984214BF05
S2140245900124022487B1052705F44043B3F5004FF2
S2140245A044F0080425D0B5F5804F24D244F4807434
S2140245B021E054460327EFE7B5F5804F4FF0050795
S2140245C0F4D3BAF5406F14BF0220082038444044A2
S2140245D01BF095F9019016F005FF019B05F4404586
S2140245E098420CBF44F0080444F00404B5F5004FAA
S2140245F001D144F08004BAF5006F0FD108EB070032
S2140246001BF07DF9054616F0D0FEA842A2D144F072
S21402461010049FE7544603270220D7E7BAF5406FF7
S21402462008BF44F0200495E70C4B1B683BB1002200
S214024630D1B233F8110033F91110002903DA002041
S21402464008E0074BF1E7A04202F10102F0D106B101
S2140246503480012003B0BDE8F08F00BFFC56002076
S21402466000570020565E00209F650020034B1A78F4
S214024670022A04BF09221A70704700BF586500203C
S2140246800C22034B1A211A700320002202F024B8CF
S214024690586500200C2208B5054B1A211A70002214
S2140246A0104602F019F80022024B1A6008BD00BF3D
S2140246B058650020085700200C2270B50D4B0546A1
S2140246C01E781A7030B93046BDE8704000221A21B2
S2140246D002F002B8084B1C78E1B21A29F3D825FA80
S2140246E004F3DB0703D54422304601F0F5FF01341C
S2140246F0F2E700BF58650020616F00200C22024BD3
S2140247001A7015F093BA00BF58650020F0B50C88F1
S21402471005460E468BB0E4B94FF6FF77ADF8247027
S21402472015F097FA10B902200BB0F0BDCDE90340A0
S214024730CDE90544134A0294B2F85C306032019324
S21402474000923B464CF60101FF2009AA18F0A4FB92
S2140247503080284616F0BFFF0B4C70B1237863B149
S214024760013BDBB22846237016F0B5FF38B120783D
S214024770B0FA80F04009C0B2D6E70523F2E701207E
S214024780F9E700BF24560020606F0020034B114655
S2140247901B6803B1184714F0DCBD00BF08570020A1
S2140247A00C22024B1A700AF0F1BC00BF58650020BA
S2140247B00148FEF723BD00BFFA5D00207FB505461F
S2140247C00C4616461AF0A6FE00286BD1062D03D814
S2140247D05223EB40DB071AD4B4F1006F05D3E30E85
S2140247E01C3B032B18D94F202EE000222F4B1A60B9
S2140247F02F4B1D7016F094FD03460A2D54D8DFE8A1
S21402480005F02D183E49182518535341360002F07C
S2140248103BFCB4F1006FE2D20022244B042D1A6056
S214024820234B1D70E6D1022001F02EFC16F078FD17
S2140248300346012202921F4A01921F4A00921F4A11
S214024840314620460EF088FE04B070BD3146204642
S2140248501B4A04B0BDE870400EF066BE31462046E4
S214024860184B194A04B0BDE870400EF041BE002253
S2140248700292164A0192104A0092154AE0E7022274
S2140248800B4B1A7000221046124904B0BDE8704065
S214024890FEF742B8002202920F4A0192064A00929E
S2140248A00E4ACDE74D20CFE70120CDE7085700207E
S2140248B058650020B9460200F548020011B7030009
S2140248C0A1470200954602008D470200FD460200FF
S2140248D00D4702006D46020081460200D3B6030071
S2140248E008B50EF069FE0C22014B00201A7008BDB6
S2140248F058650020F0B585B0ADF8060018B97621E7
S21402490064481AF01EFFBDF8060016F0ABFA04461D
S214024910BDF8060016F0A6FA082846D00C2CBDF8FC
S214024920060042D116F0A1FB07461AF0E8FF0DF189
S2140249300F010646BDF8060014F0B3FD002879D034
S2140249400922002138461AF055FA9DF80F30103326
S214024950C518BDF806001AF029FBEDB2854269D2E9
S2140249602946BDF806000EF035FF06F44C4416F450
S2140249704066054614D0F81C1AF0C1FF4FF6FF73C6
S214024980984208BF44F04004B6F5006F08D1781D7F
S2140249901AF0B5FF4FF6FF73984208BF44F01004B2
S2140249A09DF80F305BB3072D44D1BDF8060016F014
S2140249B04FFA0446BDF8060016F054FA082817D037
S2140249C0A30615D524F0200189B2BDF8060016F01C
S2140249D02AFABDF8060016F048FB002109221AF052
S2140249E009FA00F1100189B20DF1060018F07DFBFC
S2140249F00022BDF8061028481AF0EBFF1AE0082D30
S214024A0016D8BDB1013D072D14D801A353F825F0E1
S214024A106D4A0200794A0200354A0200394A02000B
S214024A20354A0200854A0200AB4902008B4A020060
S214024A307C2D24D005B0F0BD24F48844A4B2B4F58D
S214024A40084FF7D1BDF8060016F007FABDF80610B3
S214024A500BF0D0FF0028A8D0BDF8060016F068FAC2
S214024A600022014602201AF013FFE3E724F48064D2
S214024A70A4B2B4F5484F97E7B4F54C4F94E7B4F5B3
S214024A804C4F92D04CF6500301E04CF640439C4209
S214024A908AE700BF8D950400F85D00202DE9F743F4
S214024AA00F469046994606461AF064FA0446304681
S214024AB01AF07CFAC5B2083D2C44E178094BA2787C
S214024AC01970094B31461A70002043463A46CDF813
S214024AD0009012F035FB003818BF012003B0BDE885
S214024AE0F08300BF7C6500207B6500202DE9F04F37
S214024AF0DFF84081DFF8409198F8002099F80030FE
S214024B0006469A4285B004D340F2191142481AF07A
S214024B1018FE30460DF10F011AF000FC20B14FF4DA
S214024B208E713D481AF00DFE98F800709DF80F4001
S214024B303D1B15F0FF0530D04FF0FF3C374B0121EF
S214024B401B78A140184699F800304FF6FF790CFA08
S214024B5003FC0023324A01F1FF3E0193C1F1000A31
S214024B609DF80430984243D8122004FB00002D4BD7
S214024B70A0F1120105EBC5025200194404F1010925
S214024B801844F6F73DFC4FEA89092748A9F10401C3
S214024B900144AA004844F6F733FC224904EBC40257
S214024BA001EB420321F81260204A013712784FF6D1
S214024BB0FF71DA731A745A7412025A801C4A0D2054
S214024BC012781A7110225A7100229A73C3F80620BC
S214024BD0C3F80A20144B43F8242088F800701AF011
S214024BE057FE0EB908F05CFF204605B0BDE8F08F10
S214024BF013884B450AD053680AEA030B03EA0E03EE
S214024C000B4403EB4B0343EA0C035360019B08324D
S214024C1001330193A4E700BFA09504003F6F002074
S214024C203C460020AC5B0020E04500207C6500206E
S214024C3059650020C66400203D6F00202DE9F04132
S214024C40074600250A4B0B4E93F80080ECB2A045AF
S214024C5003D8FF242046BDE8F08108223846B11D5D
S214024C60F6F7C8FE01350028F4D01236EEE700BF8C
S214024C70C6640020AC5B002008B5FFF7DFFFFF2804
S214024C801DBF00B2044B00EBC0004FF6FF7018BF0A
S214024C9033F8100008BD00BFAC5B002007B50DF16D
S214024CA007011AF03BFB30B19DF80730034803EBCF
S214024CB0C30300EB430003B05DF804FBAC5B0020CB
S214024CC02DE9F843294E044633785D1E2D1A834299
S214024CD0EDB204D84FF4A17125481AF032FD012333
S214024CE0A3404FF0FF305F1E3B4400214FF6FF7E8D
S214024CF06FEA03081F4A92F800C01F4A12789040D3
S214024D001E4ACBB29C4523D8BDB127B204EBC404DD
S214024D101B48640005EBC50204F11201014452006F
S214024D202044F6F76DFBBF001648AA00391D014461
S214024D3002F0FC023844F6F763FB33780022013BAC
S214024D4033704FF6FF71BDE8F8430E201AF0A0BD8F
S214024D501388734507D0536808EA03093B4003EB00
S214024D6059030343536008320131CAE7C664002080
S214024D70A09504003F6F00203D6F00203C460020B7
S214024D80AC5B0020E045002010B50A4C207858B9EC
S214024D90094B1B781A2B03D9992108481AF0D1FC23
S214024DA00322074B1A7010BD0138C0B2FFF788FF06
S214024DB0ECE700BFC66400203D6F0020A09504000B
S214024DC0C26400202DE9F04705461AF075FEFF285A
S214024DD0044624D1DFF884901E4B99F800201B78F5
S214024DE09A422BD22846BDE8F047FFF77FBE3888A6
S214024DF03B79504518D86F2B4FEA131214D85B072D
S214024E0010D0123708F1010899F800105FFA88F6F8
S214024E10B142ECD80023104ADEB28E4214D32046AA
S214024E20BDE8F087022AECD90DF0E2F90028E8D1B5
S214024E3029463046BDE8F04716F08EBC4FF0000813
S214024E404FF6F77A044FDFE7107901338F28EFD851
S214024E501232E1E73D6F0020AC5B0020C664002002
S214024E604FF6F773984210B514D8FFF7ABFFFF283A
S214024E7010D0134C00B200EBC00004EB400412F05A
S214024E80B8FB104938B962880B7802EB0313A3EB20
S214024E901213638010BD227C637C09789A42E27307
S214024EA02374617407D98B4203D213468B4228BF00
S214024EB00B461B02EDE78A42F8D31346F9E700BF1A
S214024EC0AC5B00207C6500202DE9F04106460F46CB
S214024ED000240E4DDFF8388098F80030A34201D83F
S214024EE0BDE8F081082229463046F6F783FD40B930
S214024EF035F8063CBB4204D02046FFF7E1FE013CF3
S214024F00E4B20134E4B21235E6E700BFB25B002039
S214024F10C6640020F8B5054608460E46FFF78EFE24
S214024F20FF2830D01D4B294653F820703046FFF735
S214024F30CBFF2846FFF746FFFF28044625D10CF094
S214024F4083F8FF280AD1164C207838B114F071F98C
S214024F502378B0FBF3F202FB1300C0B2294616F028
S214024F60FBFB044623B20F4D03EBC30305EB4305DD
S214024F7008223146A81DF6F743FA2B79204603F09D
S214024F800F032B71F8BD0027D3E7074B1B78002BC6
S214024F9018BF0027014B43F82070E3E7E0450020E6
S214024FA03D6F0020AC5B0020626F002038B50B4BD3
S214024FB004461B780D46834204D840F25A2108481C
S214024FC01AF0BFFB074804EBC40400EB4400294672
S214024FD0BDE8384008220630F6F712BA3D6F0020C8
S214024FE0A0950400AC5B002070B5044608460E4649
S214024FF01AF062FDFF28054610D02046FFF71EFE77
S214025000FF2807D0084B1B7823B9084B53F82020FB
S21402501043F8252021462846FFF7C8FF314620469A
S214025020BDE87040FFF750BF626F0020E0450020E9
S2140250302DE9F8430024804601272646114DDFF865
S2140250404C9099F80030A34210D83E430134E4B2A3
S2140250501A2C4FEA470705F11205F2D14FF0FF303E
S214025060094B1B7898403043BDE8F8832B884345AC
S214025070EBD0284616F0C8FB0328E6D82B796F2B10
S214025080E3D8E3E7AC5B00203D6F0020C664002057
S21402509010B5084C00EBC00004EB400423795B0714
S2140250A007D1204616F0B0FB237923F007031843F6
S2140250B0207110BDAC5B0020014B1878704700BF12
S2140250C0636F0020014B1878704700BF626F0020A4
S2140250D070B51A48FEF782FB194B1B78033B012B6F
S2140250E028D805F0A3FB03F057FBBDE870404FF449
S2140250F07A5112481AF02AB823798F2B4FEA1311E5
S21402510011D80131204616F0AFFB062901D8032933
S21402511009D12379002223F007034FF6FF710F20EF
S21402512023711AF0B5FB123401353278EBB29A428B
S214025130E2D8D6E70025034C034EF6E7DC6C0020E7
S214025140CD640020AC5B0020C66400200022084B21
S2140251501878084BD1B2884203F1120300D8704780
S21402516013F80D1C013221F0100103F80D1CF1E7B3
S214025170C6640020AC5B00202DE9F0470226122709
S214025180DFF85C90DFF85C8099F8004000250CE0C0
S21402519007FB05F338F803A00021504616F049FB3A
S2140251A010B15CB1013CE4B2013599F80030EAB2C4
S2140251B09342EDD8A34204D14FF6FF7A5046BDE89B
S2140251C0F08714F036F899F80030012EA3EB0403AA
S2140251D090FBF3F202FB1300C4B2EDD00126D5E732
S2140251E0C6640020AC5B002010B504461AF064FCCE
S2140251F0FF2808D120461AF0DDF8FF281FBF024B11
S2140252001B78C018C0B210BD3D6F0020044B0021B1
S2140252101A78044B04481B781A449200F6F79EB894
S2140252203D6F0020446F0020E045002010B5134B70
S2140252300C461B7886B0834212D9114900EBC00097
S21402524001EB4001082220460631F6F7D9F8002283
S2140252500821204616F03BF880F00100C0B206E0B6
S214025260C01A01A9C0B20CF02BFA10B1002006B089
S21402527010BD01AB03CB20606160E8E73D6F002004
S214025280AC5B002008B5074B024653F820308B4231
S21402529006D915204FF6FF711AF0FAFA002008BD5B
S2140252A00120FCE7E0450020024B013143F82010C4
S2140252B0704700BFE04500202DE9F34781460C46C3
S2140252C000272A4EDFF8ACA09AF80030FDB2AB42B7
S2140252D010D86946204617F0CBFBC0B308226946B1
S2140252E04846F6F787FB90B34946204616F062FD1D
S2140252F0FE2537E006F10608082241464846F6F73C
S21402530079FB90B94FF6FF739C422BD03388A342A9
S21402531028D020461AF04EF8FF2814D149462046D7
S21402532002B0BDE8F047FFF7F5BD14B912360137F3
S214025330CAE73388A342F9D100220821404615F075
S214025340C6FF0028F2D12846FFF7BAFCCCE749464A
S214025350002019F0FFFFFF28054603D0044B1B78F8
S2140253600344DDB2284602B0BDE8F087AC5B0020FD
S2140253703D6F0020C664002008B5FFF7E7FE054B28
S2140253801B78013B012B03D8BDE808400CF084B91A
S21402539008BD00BFCD6400200F4B1B7883420CD89B
S2140253A0C01A0E4AC0B232F81030D90411D443F4EF
S2140253B0805322F8103001207047094B00EBC000E2
S2140253C003EB40035A79D10603D442F010025A7115
S2140253D0F1E70020704700BF3D6F0020BC5D002053
S2140253E0AC5B0020F0B5134B06461B78FBB10025DC
S2140253F01148DFF84CC090F800E0104807781F44C8
S214025400E8B2864501D80020F0BD7C1B94FBF3F081
S21402541003FB10440CEBC4003CF83440B44204D105
S214025420002AF1D184788C42EED00135E8E718469E
S214025430EAE700BF3F6F002090480020C4640020C7
S2140254403C46002070B511F0B7F914250F49104EEE
S2140254500B78328830809B1A03449BB2B3FBF5F478
S21402546005FB14330B700B49E2B20B78934292BFE2
S21402547000239B1ADBB2032A0B7088BF002306495F
S2140254809EBFD2000B68D3400B6070BD5C650020E7
S214025490FC5D0020C364002090480020084B18687A
S2140254A0084BC2B21B789A4208D2074BC0F30720B9
S2140254B01B78984234BF00200120704701207047B5
S2140254C0904800203F6F00205B650020F8B5054637
S2140254D01746FFF7E3FF064610B9184B1A783AB993
S2140254E0212001224FF6FF711AF0D2F90020F8BDF2
S2140254F01348DFF854C003780133B3FBF2F402FB1F
S214025500143303700F48DCF8002000EBC30420F8C5
S214025510335002F10132A1703846CCF80020FFF772
S21402552087FDE670606015F040FFA84201D10120B9
S214025530DDE7E3780133E370F9E700BF3F6F002051
S214025540C46400203C4600209048002010B50B4C56
S2140255500B4A2378063B137011F02EF90022094BF2
S214025560FF211880084B09481A602278D200F5F706
S214025570F5FE0422064B1A7010BD00BF3F6F0020D6
S2140255805B650020FC5D0020904800203C46002021
S214025590C364002048B139B1044B1B780B70044B2E
S2140255A01B78037001207047084670475A65002032
S2140255B0646F00202DE9F84307461AF0BBF805464B
S2140255C01A481AF02EFA1A4B48B31C683C1B2C4495
S2140255D0A4B20022174BDFF864901B78164D99F898
S2140255E0006005EB03155FFA82F8464509D9AB88D9
S2140255F005F11000A34215D9B21A29461201F5F791
S214025600FFFE013689F80060AC80B8F1000F03D1C6
S2140256103946064819F09AFD2846BDE8F8833C4606
S2140256201D60D6E705460132DDE700BFFC6C0020B0
S2140256300C5700205E650020E04400205F650020D5
S2140256402DE9F74F1AF076F84FF0000E284D294F45
S2140256502978294C97F800A004EB011303EB0A12F1
S2140256600092F3465246DFF898801FFA80FC064600
S214025670B8F80000ACEB0009A0EB0C001FFA89F9A1
S21402568001900098984217D1BEF1000F00D0297001
S214025690524503D200203A70FDF7E6F83B7823B372
S2140256A02B78164804EB0314A188C8F8006003B0F0
S2140256B0BDE8F04F19F04ABDB3F804C0CC450FD888
S2140256C04FF0010E93F802C001310CF1FF3C013A93
S2140256D0A3F804B083F802C0C9B2D2B21033D0E73E
S2140256E001988444A3F804C0F8E703B0BDE8F08F3D
S2140256F05E6500205F650020E0440020FC6C002010
S2140257000C5700207FB56C461E4B1F4D1E78013E7F
S214025710F6B21E7095E80F0084E80F001B4B284671
S2140257201A7805F1100132441201F5F769FE9DF868
S214025730026016F00F0511D1BDF808000EF0C4F98C
S214025740360918BF29464FF00002BDF8000008BF10
S214025750039904B0BDE8704003F0F4BCBDF8040041
S214025760FFF728FF0346828804ADADF804202246E0
S21402577003CAAA4218605960144603F10803F6D118
S21402578004B070BD5E650020E04400205F65002026
S214025790F8B50024084D094F094E3B783178E2B23D
S2140257A00B449A4204F1010400DBF8BD2846FDF7DB
S2140257B025FD1035F1E700BFE04400205F650020BC
S2140257C05E65002070B5134B06460D46104612491C
S2140257D01A78124B09781B780B44934206DB1F207B
S2140257E04FF6FF711AF054F8002070BDFFF7E2FE84
S2140257F0013506808570044619F097FFE0800EF0AA
S21402580069F940F602432081E3600020FDF72CF898
S2140258100120EAE73C6F00205F6500205E650020FD
S2140258202DE9F84386460023144FDFF85C803E7865
S21402583098F8005012497219DCB294421CDA4FEA08
S214025840041C31F80C900133F14501EB0410F3D13E
S214025850631CD21A0CF1100C12016144F5F7D0FD4C
S214025860A5428BBF05F1FF3506F1FF3688F80050DA
S2140258703E700CB9034B1C70BDE8F8835F650020D0
S214025880E04400205D6500205E650020044B054A6A
S2140258901B781278D3420CBF01200020704700BF4D
S2140258A05E6500205F650020024B1878003818BF3E
S2140258B0012070475E650020002108B5084B0948A4
S2140258C01970094B1970094B1970094B1A78120195
S2140258D0F5F744FDBDE808400648FDF77FBF00BF68
S2140258E05F650020E04400205E6500205D650020C4
S2140258F03C6F0020FC6C002010B50B4C23784BB19B
S2140259000A4803F0ABFD58B1084B0121188815F080
S2140259108EFE08B9002010BD0122054B1A70FAE768
S214025920FFF7F0FEEAE700BF5E650020E0440020D5
S2140259305D65002010B50E4B1B78BBB10D4C23885D
S21402594083424FF0000311D10B4AE160137049B94C
S214025950A3781033A37016F060F918B9A37823F071
S2140259600F03A370FFF7CEFE012010BD1846FCE71A
S2140259705E650020E04400205D65002070B592B0B0
S2140259800C46064613F052FCE17A05460020FCF768
S2140259902DFC28B394F90A0015F0A7FC10BB134B94
S2140259A0E27A294683F85820A27A83F85A206A4671
S2140259B0FCF750FF4FF6FE739E420CBF4FF6FF7386
S2140259C023896A4629460020ADF80660ADF8043001
S2140259D0FDF7F6F940B92289054B5A8012B070BD20
S2140259E05520FBE75620F9E72120F7E7245600204A
S2140259F01057002010B50446014608220948F5F75C
S214025A00FFFC237B022B0AD8002B14BF3122012273
S214025A1005490B7017234B61044B1A7010BD002307
S214025A200122F5E71457002010570020CC6400200E
S214025A30014610230120014AFDF74ABF64EE010029
S214025A40014B5861704700BF10570020014B187871
S214025A50704700BF1057002010B5054C2378112B55
S214025A6003D0E221034819F06CFE4123237010BDD7
S214025A70CC640020AB950400064B01461B78042B31
S214025A8004D1054A137E053313767047034819F08E
S214025A905DBB00BFCD640020105700201C6D0020A7
S214025AA008B50648FDF7AAFB0548FDF7A7FB13F065
S214025AB004FDBDE8084001F003BB00BFF85D00200E
S214025AC02C5E0020064B1878332806D000F0EF0034
S214025AD0A0F143035842584170470120704700BF67
S214025AE0CC640020002208B5074B4FF6FE701A70F1
S214025AF015F067FC4FF6FF7015F080FC034B5869F3
S214025B00BDE8084013F067BCCC64002010570020A4
S214025B1008B5064B187838B10548FDF74BFE4FF42A
S214025B207A73B0FBF3F0C0B208BD00BFC1640020B8
S214025B30504800202DE9F0438BB00746154698469C
S214025B400E469DF8489049B9104605AC19F032FC4D
S214025B5021460BF0B5FD172818BF2646B9F1000FEF
S214025B600AD1124B1B781BB9284616F0A6FFD0B9ED
S214025B702846FEF713F902E0284616F09EFF80F04C
S214025B800104E4B29DF850302A4602939DF84C3048
S214025B903146CDE9009338464346039415F0A5FEF8
S214025BA00BB0BDE8F0834C46ECE700BFC8640020AB
S214025BB02DE9F04F97B099469DF88830BDF880B031
S214025BC0219D08939DF88C300E4658460FA90492E4
S214025BD0079317F0ECFB05B3002800F0208195F838
S214025BE001A00FACCAF3400A8E4B19F0800F1B7847
S214025BF014BF4F4649F08007022B17D04FF6FF78A6
S214025C00002D40F087810225584615F026F92B46CE
S214025C104246214615F042FCBCE0584615F09EF975
S214025C200446002800F0FB80AA46DDE71EB97E4B3C
S214025C301B78002BE2D00DF13A012046FEF7FCFA63
S214025C40584615F09EF9012838BF0120C3B20593C5
S214025C5095B3281D19F053FE804609F0020320462C
S214025C60069315F07DFB214609908146002019F027
S214025C7071FB069A099B12BBFF2820D1F2F7E6FABF
S214025C806A4A1278824200F032814FF6FF72099B0E
S214025C90934214D1FEF726F8002800F028814FF62A
S214025CA0F773984523D916F055F811A98146FEF7E1
S214025CB0E9FA0028F7D02EE0BDF83A80CDE74FF695
S214025CC0F772904520D8934211D898450FD01946BE
S214025CD022460AA819F00AFB0A980B9913AB03C3CB
S214025CE0BDF83020022113A81A80FEF739F9404683
S214025CF011A9FEF7C7FA024628B9082111A815F01D
S214025D00E6FA002866D0C1464FF6F67209F1FF336E
S214025D109BB29342C7D8BAF1000F03D1444B1B780B
S214025D20002B60D1584615F098F8059B4A46019319
S214025D300123214600933B46FEF7E4F84FF6FF7335
S214025D409842804600F0D380014600220AA819F045
S214025D50CDFA0A980B9913AB03C3BDF83020022183
S214025D6013A81A80FEF7FCF8002D3FF44DAF002E64
S214025D7040F0D28045460123C7F3C0074246CDE92C
S214025D80016321462B4604980397CDF800A015F030
S214025D90ACFDA846BAF1000F0FD04FF6FF73984538
S214025DA00BD0404619F006FBFF281FBF214A32F8E7
S214025DB0103023F4804322F81030089B7BB315F092
S214025DC0F4FA249B014600934246234607980CF0B9
S214025DD0EDFC24E00822204611A9F5F70BFE002868
S214025DE07FF461AF8FE7002D64D0134B1B689807D2
S214025DF027D5049B0F2B21D0281D19F080FD0223E6
S214025E000121CDE901310023C7F3C0070246009302
S214025E1021464FF6FF730498039715F066FD17B0F8
S214025E20BDE8F08FCC640020C1640020C564002069
S214025E30C8640020BC5D0020A4480020079B012BFC
S214025E40DAD1281D19F05BFD804619F0B3FA0990E5
S214025E50404619F031FE4FF6FF71BDF83A208A42ED
S214025E6056D04245099B53D1FF2B4AD0184616F00E
S214025E703AFE784010F0EF0F14BF01230023BDF85E
S214025E803A00099319F096FA0690BDF83A0019F00E
S214025E9013FE099B66B14FF6FF7CBDF83A106145CA
S214025EA006D0414504D0069A0240D2B2FF2AA3D1B8
S214025EB0002BA1D1224649460AA819F017FA0A98D9
S214025EC00B9913AB03C3BDF8302058461A8014F062
S214025ED0C4FF3A460146059B13A8FDF7DDFF30B91D
S214025EE04FF6FF73BDF8548098457FF43DAF4FF6EA
S214025EF0FF789DB10126281D19F001FD4546804612
S214025F0039E7FF2804D0069BB3FA83F35B09B6E7AA
S214025F100023B4E70226EEE70026ECE7012573E647
S214025F200022014B1A7670471057002008B50B4B1B
S214025F301B78022B10D10A4B1B78033B012B0BD983
S214025F40084B187800F00100FEF730FA0023064AE4
S214025F50C2E90133538008BD0020F3E7CC64002079
S214025F60CD640020C16400201057002038B5174DBC
S214025F702B78033B012B1CD8154BB3F868204FF641
S214025F80FF739A4215D10320FDF728FD02F0CEFBDF
S214025F90FFF7CCFF2B78033B012B01D909F0FCF865
S214025FA0002018F0DDFE78B1BDE83840002015F07C
S214025FB06AB8FDF7FDFC0446FDF7F4FC01462046F0
S214025FC008F05EFB0220DFE738BD00BFCD6400208C
S214025FD02456002008B5114A114B58611378032B3A
S214025FE01BD0D3B1332B01D0432B10D10D4B1B78D2
S214025FF0033B012B05D803231370BDE8084013F0BA
S214026000EAB913F0E8F9BDE80840FFF7AFBF21236D
S2140260101370BDE8084002F09DB908BDCC640020AC
S21402602010570020CD64002038B504461348FDF70B
S214026030D5FB134B1B78013B012B1DD8114D5CB9C8
S2140260402B7823B140F619402C7013F0C4F90024C3
S214026050FFF76CFF204638BDFF2C05D04FF47A714F
S2140260600648614319F072F82B78002BEFD1012312
S21402607040F618402B70E8E70224E9E75048002073
S214026080CD640020C164002038B5114D04462B783B
S214026090834218BF287013F0D4FD80B124B920467D
S2140260A013F0D1FD02220DE0012013F0CCFD2B7877
S2140260B01A1F012A05D9062BF4D1032202E0002C6E
S2140260C0F5D10122BDE838400021084615F033BB61
S2140260D0CD64002030B5044685B068460D46FFF70D
S2140260E0A7FC94B100212846144A02F043FB144B45
S2140260F020681B7861688DF80430124B1B788DF887
S214026100053002AB03C306F0B1FA0F4B93F85820E2
S21402611093F85A308DF803208DF8023015F062F9A4
S214026120ADF8000015F041F91023ADF806006946F7
S2140261300020064AFDF7CCFB05B030BD00F8FF078D
S214026140326F0020CD6400202456002064EE010049
S21402615010B5144B04461A78134B002083F85820C7
S21402616018F0FEFD10B1002014F08DFF0021084645
S214026170FFF7B0FF0D4B1B78033B012B0ED813F035
S21402618054FD2046FCF754FE40F6174013F023F960
S2140261900023074A1380074A138010BD0BF016FC33
S2140261A0EFE700BF6065002024560020CD64002083
S2140261B0D25D0020D05D00201FB504466846FFF77A
S2140261C037FC54B100238DF80530102369460020B1
S2140261D0064AFDF77DFB04B010BD15F0E6F8ADF8F3
S2140261E0060015F0FFF8ADF80000EEE764EE0100D9
S2140261F010B5014604460020FBF7F8FF90B10C4BA1
S2140262001B78023B032B0FD80A4B1C7019F082F93D
S21402621060B9094A0949FCF77FFB003818BF01201C
S214026220800010BD5520FCE70220FAE74D20F8E773
S214026230CC640020606500201599020051610200BE
S214026240F8B5064619F066F9044668B918F088FDEE
S21402625050B1064D204695F8587085F8586014F0EF
S21402626012FF10B185F858704D20F8BD2456002054
S2140262702DE9F04180461846033B012B0E46174691
S21402628002D918B121243CE0FFF7FEFE294B1B7809
S214026290012B4CD0284B1D78022D08D0032D46D159
S2140262A0B8F1000F03D1254B1B689B073FD4332060
S2140262B0FDF794FB01F0E8FCB6F1006F34BF204B0B
S2140262C0052231464FF0060038BF1A78FEF776FAF6
S2140262D0044628BB1B4D2873012000F029FF15F049
S2140262E081F868802846B8F1000F0DD0022300F826
S2140262F0043B15F072FB6C732F613946304612F080
S214026300A4FF2046BDE8F081012300F8043B15F007
S21402631064FB6C732F613946304612F095FFF0E746
S2140263202846FDF75BFBB8F1000FF4D0E5E7022440
S214026330E7E700BFCD640020CC640020A44800201C
S214026340656F002010570020034B187818B9034BCE
S214026350034A1B78D05C7047CB640020CD640020D3
S21402636083E2040038B5174B04461B78033B012B27
S21402637006D8437BDB0703D590F9090013F054FCDB
S2140263800025114B83F859502079FFF759FFFFF784
S214026390DBFF61882488034622462846FEF720F85B
S2140263A0044620B11720FFF715FE204638BD1723F6
S2140263B0064DC82106486B6118F0C8FE03232B76EB
S2140263C0F3E700BFCD6400202456002010570020BB
S2140263D01C6D0020F0B51A4D06460C4693B0A5F883
S2140263E0680005F16A0729BBC5F86A10796012F0E1
S2140263F01DFF6A4601460020FCF72CFAD5F86A30E3
S214026400ADF81060CDF812307B68CDF8163012F079
S2140264100DFF6A4601460020FCF7D2FC4FF6FF73DA
S214026420B5F86800984203D014B1064912F010FF7E
S21402643013B0F0BD08223846F4F7E2FFD7E700BFF4
S214026440245600208E5600202DE9F041DFF8B88051
S2140264501F4698F8003005460C4616461BB1022524
S2140264602846BDE8F081531E052BF8D819F052F8DD
S2140264700028F4D13B7B032B14D14FF6FE739C42CB
S21402648012D1012E09D0022EE9D114F08EFF4FF65A
S214026490FB73984203D814F088FF044604E015F014
S2140264A059FCFAE7012EDAD0EDB939462046FFF755
S2140264B065FA05460028D3D198F80030332B03D06E
S2140264C0532B1CBF0E4B18613046FFF7DDFD002133
S2140264D04FF6FF70FFF77EFF0A4B1B78002BBFD0EC
S2140264E00BF048FABCE7397B721ECB1E5942594163
S2140264F05042504107F054F905460028D5D0AFE780
S21402650010570020666F0020CC6400202DE9F84367
S21402651005468846914614F048FF3F4E04463378B7
S214026520033B012B06D86B7BDB0703D595F90900E5
S21402653013F07AFB14F039FF384B394F188014F0F9
S21402654051FF384B1880FDF72DFA374B1880FDF7B0
S2140265502FFA082201463548F4F752FF14F0EEFEF1
S214026560334B18702879FFF76BFE00216888FFF717
S21402657031FFFDF72DFB60B14FF6F672631E9BB23C
S214026580934206D915F0E6FBB7F868300446834214
S214026590F8D0204614F015FF288814F02FFF49463D
S2140265A0B7F86800C047044628B91920FFF712FD5D
S2140265B01920BDE8F883B7F8681014F08DFC0023A4
S2140265C01C4D87F859302B7803F0FB03022B02D0C0
S2140265D0204615F07AF9002220461146FFF7F2F817
S2140265E00446A8B117236B613378042B09D1C8215E
S2140265F0114818F0ABFD03232B7684F00100C0B2DD
S214026600D7E74FF416710C4818F0A0FD0023F3E705
S2140266101720FFF7DFFCF0E7CD640020025E0020C3
S21402662024560020005E0020FE5D002061650020EA
S21402663069650020105700201C6D0020F0B50C463E
S2140266401E460B462049074689B004F1140053F84B
S214026650045B834241F8045BF9D11B8802AD0B80D0
S214026660D4F80E00D4F81210238803C5ADF8103003
S21402667023798DF812208DF8133000233A468DF8D0
S21402668014304FF6FE71012002ABFFF7DDFEC8B9EB
S21402669002A8FFF7AFF9237B4BB10C4D0C4B01AAB6
S2140266A029460120019313F09BFA2A781AB920464C
S2140266B0FFF758FE03E020460199FFF727FF08B9C7
S2140266C0044B1E7009B0F0BD045E00201057002077
S2140266D0F1B903006A65002001232DE9F341304E2B
S2140266E005460F4600202F491446737300F0EEFC51
S2140266F013F09CFADFF8AC8038B9012D01D9042DCD
S2140267000FD12146384612F02AFE102000210AF048
S2140267107FFC00283CD0002002B0BDE8F041FCF728
S214026720A3B8002CF1D1204B1B78212B03D0062BCB
S21402673001D0532B02D101F00DFEE6E7FDF748FA31
S2140267400028E2D000F0EEFC28B9307BC0F1180039
S214026750FFF740FCD9E7154B41462046019300F06F
S214026760B5FC20B140F61901114818F0EAFF01AA5B
S2140267700B4998F80C0013F033FA32781AB9094824
S214026780FFF7F0FDC1E701990648FFF7BFFEBCE739
S214026790FFF78AF80028BED102B0BDE8F08100BF3C
S2140267A010570020045E0020CC640020F1B90300DC
S2140267B0AB9504001FB5144B04461B88DB0707D4B1
S2140267C04FF6FF700021FFF705FE002004B010BD53
S2140267D00A230E4A012001A9FDF77AF84FF6FF7345
S2140267E0BDF80C209A42EBD00822FF2101A814F033
S2140267F06EFD0028E4D10CB90120E7E7BDF80C00D5
S21402680001A9FFF7E7FDF7E71C5E002026E101007D
S21402681038B50C46154614F0D4FD03F0AFFE2946F3
S2140268202046FFF7D7FD00F07DFC48B1074BDB7929
S2140268300E2B28BF0E230133DBB2054A137038BD78
S214026840044B1B78013B18BF0123F6E7045E0020C9
S21402685080650020CD64002038B500220821044659
S21402686014F035FD0546C8B914F09FFD2A464FF6CA
S214026870FF71FFF7CDFF2046217CFFF72BFC6269F4
S214026880E189207C01F076FF054B1B78012B01D1B4
S21402689007F0F6F8FFF76AFB002038BD0120FCE798
S2140268A0CD64002038B51D46FFF7CEFD0446C8B9B4
S2140268B02B7B2846032B03D1BDE83840FFF7CCBF1D
S2140268C0FFF798F8084B25469C8114F037FD012106
S2140268D0064B81401A780620FDF770FF044608B181
S2140268E0034B1D70204638BD10570020656F0020F0
S2140268F0CC64002030B5012087B0FFF75BFF6B4603
S2140269000446144A1068516803C384B905F0BCFEF5
S21402691002A8FFF78DF84FF6FF752246BDF80E0067
S2140269202946FFF775FF12F099FC07B030BD6B469B
S214026930094AD2F86A00D2F86E10B2F8685003C359
S21402694005F0A2FE02A8FFF773F86A46BDF80E002D
S214026950E6E700BF131F04002456002073B53A4B27
S21402696004461B781BB10224204602B070BD18F004
S214026970D1FD0028F7D100F0E5FB14B12288334B95
S2140269801A8000210DF10700FDF7ACF8002856D159
S21402699015F014F804460028E6D12D4D9DF80700A0
S2140269A0FFF772FB2B785A1E012A1FD8FFF7A2FFA9
S2140269B02B78033B012B01D801F014F9FFF7D6FA26
S2140269C0012014F082FC034600283AD12A78033AC2
S2140269D0012AC9D81D4A108810F0020521D00522C6
S2140269E001201C49FFF744FC0446BDE7033B012B8C
S2140269F004D82046FFF7DEFE0028D7D12B78053BC9
S214026A00012BB1D8FFF776FFFFF7B0FA2B78052BEC
S214026A100CBF04200520FCF7E1FF012014F055FC12
S214026A20E2E70D4E0223314601200C4AFCF750FFE6
S214026A3033885B0798D5284601F0E8F894E71724D0
S214026A4092E7044690E700BFCC6400201C5E00205C
S214026A50CD64002000F8FF07CE5D002027E101008C
S214026A607FB50024184E194D3278E3B29A4201D807
S214026A7004B070BD4FF6FF73B5F868209A421AD07C
S214026A80134B1B88DB0714D5124AB5F8683010681A
S214026A905168ADF80C3001AB03C30F4A0A2300203D
S214026AA001A9FCF715FF022300200C4A0C49FCF74B
S214026AB00FFF0134D8E700220821064814F007FC2D
S214026AC00028F6D1DCE700BF3E6F002024560020E7
S214026AD01C5E00208E56002026E1010027E1010000
S214026AE0CE5D002010B501F0CFF802F013F8D8B151
S214026AF00E48FCF773FE0E480E4C017A0E30FFF776
S214026B00E9FA23781BB100F0BFFA002323700022B3
S214026B10094B1A73FFF72AFA08F056FD01F044F9FA
S214026B20BDE81040FFF79CBF10BD00BF1C6D0020E3
S214026B30045E00206A6500201057002010B5254824
S214026B40FCF74CFE01F0E6FF30B1234B1B781BB975
S214026B50BDE81040FFF7C6BF01F0DCFF78B11F4C5E
S214026B60237E83B1C8211B4818F0F0FA0021237E49
S214026B700846013B2376BDE81040FBF7E3BEFDF76F
S214026B8027F80028EBD1FDF723F8154B1B7858B9E8
S214026B90112B03D003F0FD03412B19D1BDE81040A1
S214026BA00E4B5869FFF716BA332BF7D10D4B1888E0
S214026BB014F007FC0C4B188814F020FC0B4B0C4905
S214026BC01888FFF707FC0B4B1878FFF739FBE5E749
S214026BD010BD00BF1C6D0020C864002010570020A6
S214026BE0CC640020025E0020005E0020FE5D0020D5
S214026BF061650020696500202DE9F04F0F4685B0DB
S214026C0002AD044629463846914616F0D0FB4FF0B0
S214026C10000B82463846CDF804B014F026FA4678C1
S214026C20022C804606F0020609D85CB1FCF7D0FFBB
S214026C300446002848D1754B01241B7865E0043CC5
S214026C40022C3AD9FCF7C4FF384614F087F9002420
S214026C500546A046DFF8D8A1384614F006FA50F8E2
S214026C6009300DF10500019318F049FE9DF807B0B2
S214026C700746B8F1000F4DD1BBF1000F5BD0DFF82D
S214026C808C9199F800300BB1002E63D0002C61D0A5
S214026C905F4B1B78022B5DD1BBF1000F53D13846F8
S214026CA014F08FFB58465946FFF714FA08F08CFC8E
S214026CB040F6074012F08FFB34E014F04EFEFCF76D
S214026CC087FF0446F8B15C464EB1524B1B78012B47
S214026CD002D0043B012B0BD805B0BDE8F08F4B4B1E
S214026CE01B782BB14B4B1B7803F0FB03022BF3D024
S214026CF0BAF1000F404608BF002516F04BFB4FF0D6
S214026D0001088246A8E7414B1B78002BF0D0002EE4
S214026D10EED1E1E7BAF1000FAED05046FDF73AFBEE
S214026D200028A9D1002018F01BF80028D4D0002093
S214026D3014F0A9F9D0E74FF6F7739F429FD91720B0
S214026D40FFF748F9EEE7FCF743FF48B13248FCF795
S214026D5045FDF4E7FCF73CFF10B1BBF1000FF5D19F
S214026D60FCF736FF0028DDD02846FDF767FFFF2830
S214026D70DFF89CA0294C03D09AF80030012B04D1EE
S214026D802946B4F86800FEF7C5F8FEF781F92A46E8
S214026D903846B4F86810FFF73BFD214B214A93F9B9
S214026DA006301B0213809AF80030012B19D0312BC3
S214026DB014BF432311238AF800301B4B1648196868
S214026DC018F0C4F900F00EFF0023124C99F80010D8
S214026DD0237641B9104818F0B9F940F61B436361AF
S214026DE0A0E71123E7E7B8F1000F03D016B1FFF7CB
S214026DF079FEF2E70D4B1B78042BEED105210648EF
S214026E0018F0A4F909232376E7E700BFC864002038
S214026E10CC640020105700201C6D00202456002051
S214026E20045E00201A5E00203C6D0020CD64002027
S214026E304F6500202DE9F043084693B00E4614F045
S214026E4014F909220021804617F0D4FF0446304682
S214026E5014F084F8052207460DF1090330460AA904
S214026E6012F013FB022881461DD09DF809303146E8
S214026E701C440023E4B204F1100218F80450012066
S214026E800093D2B210F05CF968B1072D09D855B15B
S214026E90013D062D07D8DFE805F00918068A062503
S214026EA041007C2D45D013B0BDE8F0835B4B1B78C8
S214026EB0013B012BF7D8304613F0CFFF00233246B2
S214026EC01946009414F04DFDEDE7554B1B78012B47
S214026ED0E9D1544B18780028E5D122463146FFF70F
S214026EE08BFEE0E74D4B1B78013B012BDBD8384687
S214026EF009F0DCFF4FF6FF739842044606D0304690
S214026F0013F0ABFF2246394614F0B7FA444B1B780F
S214026F10022BC8D1384612F020FAC4E73F4B1B7842
S214026F20013B012BBFD8494630460AAA00F01EF99B
S214026F30B9E73A4B1B78013B012BB4D8A04498F82A
S214026F40012098F80230652AADD16D2BABD13046C0
S214026F5018F02CF81334E4B28442A4D2082239463C
S214026F6003A8F4F74DFA214630460DF10A0216F050
S214026F7061F9002897D1BDF80A30002B93D005A8F6
S214026F8009F0B0FA0123284DBDF80A002B7018F05C
S214026F900DF80446BDF80A0017F0ECFFE2B203460D
S214026FA005A903A812F073F900232B707BE71B4B8D
S214026FB01B78013B012B3FF676AF062200214046A6
S214026FC017F018FF404418F09AFC0746FCF758FEE4
S214026FD0044600287FF467AF304613F039FFC30437
S214026FE07FF561AF46F204030121ADF8143038464E
S214026FF00223CDE9004405AA16F06BF905460028DF
S2140270003FF451AF394613F067FF304613F025FFC1
S21402701022462946FDF706FA45E700BFCD64002062
S214027020CC640020105700209B65002008B5084B52
S214027030187050B1074B1B883BB14FF47A71064863
S214027040594318F083F8002008BD0120FCE700BF72
S214027050BF640020DC6E002050470020014B1878E9
S214027060704700BFBF640020014B188000207047A5
S214027070DC6E002008B5FCF7B1FB0022014B1A704B
S21402708008BD00BFBF64002010B50024044B0548AD
S2140270901C80054B1C70FCF7A1FB204610BD00BFF0
S2140270A01E5E0020406D00207465002008B503486F
S2140270B0FCF794FBBDE80840FFF7E6BF406D0020F2
S2140270C00148FCF79BB800BF1E5E0020F7B5134BC5
S2140270D004461B780E46EBB183421DD900211048A8
S2140270E018F071FC002501460D4F09B9012009E090
S2140270F0AC4209D10024162322463046009418F0EA
S214027100FFFC204603B0F0BD384618F080FC01357F
S2140271100146EAE71820F5E72720F3E77465002022
S2140271201E5E0020014B1878704700BF7465002071
S21402713025289DBF024B187000202120704700BFF3
S214027140686F0020012307B51846064A0DF10701AD
S214027150FCF7BEFB9DF80720034B1A7003B05DF8E0
S21402716004FB00BF29E10100DE6E0020F8B50746E9
S2140271700E46144613F0F2FE1A4B05461B78022BF7
S2140271802FD1194818F04DFC58BB284612F09AF930
S21402719038B322463146384612F090F908B312F058
S2140271A048F80446384613F058FE104B012E1A785B
S2140271B04FF00F0303FA02F39BB2B4FBF3F203FBA6
S2140271C0124404F10104A1B206D1094B094A1E7009
S2140271D02B6813606B6853600348BDE8F84017F0ED
S2140271E0B5BFF8BDCC64002070480020676F002051
S2140271F0736500206B65002084B010B502AC84E88D
S2140272000F00082227480DF11601089CF4F7F2FB3E
S21402721008BB9DF815309A0705D4234B1B7803F05C
S214027220FD03312B1DD121496378097803F00F0243
S2140272308A4203D0012922D1022A12D1227882B9A7
S2140272401B09022B0DD11A4BA0781B78022B1AD1E0
S214027250C0F3800006E000220821124814F037F836
S21402726020B90020BDE8104004B07047114BBDF8AD
S21402727008205B889A42CCD0002BCAD0F1E70229BC
S214027280EFD1012AD9E7030609D40B4BB3F86820DD
S214027290BDF80A309A42E4D1FEF714FCE2E7012078
S2140272A0E0E700BF14570020CC640020326F0020B5
S2140272B0CD6400201057002024560020284BF0B53D
S2140272C05D88002387B08DF80830264B0DF10B0041
S2140272D01B7805F0010743F020038DF8093014F0FF
S2140272E07CFB6FF07F43ADF813308DF8153014F049
S2140272F0F2FB1D4B8DF816001B7805F01006DB001E
S214027300DCB2F0F7A3FF194B1B7883422CBF44F084
S214027310040344F084032FB1A9061ED426B143F019
S214027320020301E0AA07F9D4002108468DF80A30C4
S21402733017F094FEADF8060058B101230F2202A9F9
S2140273400DF10600FCF79EF918B90DF1060012F0D1
S21402735044FCBDF8060007B0F0BD43F00103DDE7CC
S214027360DE6E0020326F002080650020C56400209B
S21402737010B5FCF733FA0A4B1B78022B0CD1094BDB
S2140273801B78033B012B07D9074C207828B1002035
S21402739012F09BF80023237010BD14F041F8F9E7B1
S2140273A0CC640020CD6400207365002084B02DE9F3
S2140273B0F0478EB016AC84E80F00DFF878C1594B60
S2140273C0BCF802009DF85DA010F001049DF9622051
S2140273D0BDF870E09DF875909DF976709DF878502E
S2140273E09DF97A109DF95E809DF860601B7835D015
S2140273F09DF87D00C0F34004C0F38000002B4AD005
S214027400494B1B78022B09D18A4244DB24D1A81BA4
S214027410C0B280288CBF0020012016E0434B1B78A8
S214027420012B01D1002C7AD078B19CF800301E33A3
S2140274305BB29F42D4BF002701279845D4BF0023E2
S2140274400123BB4206D18A42E0DA0EB0BDE8F0471D
S21402745004B070473846F8E70020F6E710F0020F4F
S21402746018D0C3B1490814BF01200020520814BF27
S214027470012300238342E8D1AB1BDBB2802B0AD95F
S214027480AE42E9D1B84506DB49D1CA452CBF002039
S2140274900120DAE70BB90120D7E7AE4216D002ACDC
S2140274A01CAF0FCF0FC497E8030044F8040B2180EB
S2140274B0DDE91A0116AB0090ADF804100FCB12F0FE
S2140274C086FB0028E7D1AE42A1D1BEE7BDF8583010
S2140274D073451ED008AC0DF1700CBCE80F000FC44B
S2140274E09CE8030044F8040B2180114C6388734522
S2140274F00FD10822211D0DF12E00F4F77BFA024669
S21402750038B90821201D13F0E2FE10B96388002B5B
S214027510C1D1B845BFDBC2D1CA45BCD3BFE72046FE
S21402752093E700BF74650020CD640020CC64002081
S21402753010570020DE6E002084B02DE9F04F8FB089
S2140275406A4E18AC08AD84E80F00162200212846C1
S214027550F3F704FF33783BB90024654B32781B7887
S2140275609A4239D2002726E00021624818F02BFA08
S21402757000270446B846DFF87C91002C45D13FB17F
S214027580224639465B4813F005FE3378013B3370DA
S2140275903378002BE0D0002156484FF0000918F04F
S2140275A012FA4F468046CA46DFF848B1B8F1000FD5
S2140275B06CD1002FD1D01621002218A813F070FD2E
S2140275C0014648B1002F00F08B802246494813F04E
S2140275D087FD337801333370454B32781B789A42F5
S2140275E007D944480022018813F0D4FD3378013BC2
S2140275F033703378012B03D13F49404817F0A6FD7C
S2140276000FB0BDE8F04F04B07047002221461623A3
S2140276102846CDF8008018F073FA1622294618A8D4
S214027620F4F7E8F90028EBD09DF864209DF82430A2
S2140276309A4225D1BDF86020BDF820309A421FD16B
S21402764008220DF12E010DF16E00F4F7D3F9B8B948
S21402765002AF0DF1600CBCE80F000FC79CE80300F8
S21402766047F8040B39800EAB13E903000090ADF81F
S214027670041095E80F00FFF799FE0028C0D02746B1
S2140276802146484618F0C3F9044676E71623002238
S21402769041462846CDF800A018F032FA02AF0DF1A6
S2140276A0600CBCE80F000FC79CE8030047F8040B09
S2140276B039800EAB13E903000090ADF8041095E88C
S2140276C00F00FFF773FE074620B1B9F1000F04BFA3
S2140276D0444681464146584618F099F9804665E781
S2140276E03A46044818F075F973E700BF746500203F
S2140276F0686F00201E5E002020BF0200406D002042
S2140277002DE9F04F002104469FB00DF140081622E5
S21402771040460E91CDE90C11CDF83B10F3F71EFE54
S214027720052220460DF11F0316A911F0AEFE02280F
S214027730074600F0F880204613F097FC064618F03D
S214027740DEF88146F01C18F0DAF8ADF84000701D3D
S21402775018F0D5F8012FADF84200204640F0E6803A
S21402776013F083FC0546204617F004FC0D35022371
S2140277702D1A0093214643460820EAB20FF0E0FC99
S214027780002800F0D080204613F074FC012F8346B8
S2140277909DF84D3040F0E38000252F4643F001036C
S2140277A08DF84D3016AE3388022B4DD1F178204637
S2140277B002310CF00FF81B2846D1F178204603312F
S2140277C00CF008F819283FD1F178204604310CF065
S2140277D001F84A2838D14FF0050AF17820460131DF
S2140277E051440BF0F7FFF1780590514420460BF018
S2140277F0F1FF059B00EB032083B200F03F02932BC0
S214027800059240F09B800023F778214602375744C2
S214027810FFB23A4600930CA80F2318F071F907F14D
S2140278200F01204615F09CFC07F111010546204683
S21402783015F096FCADF84200059B023353445FFAFE
S21402784083FA33795345C8D806360DF17603B34228
S214027850A9D19DF84D20C5F3C03363F341022046FB
S2140278608DF84D2013F098FB8DF84400204613F057
S21402787088FB8DF84500204613F088FB9DF83230D1
S214027880BBF1190FC3F3C3028DF84720DDF833208E
S2140278908DF84600CDF84E20DDF83720CDF8522080
S2140278A094BF00229DF83E208DF8482003F0030284
S2140278B08DF84A206E4A1278022A9DF84D200CBF97
S2140278C0C3F38003DB0963F382026A4B8DF84D2013
S2140278D01B78022B57D1BDF8406013F083FD864219
S2140278E051D108A814F079F8BBF1190F48D908222B
S2140278F00DF14E0108A8F4F77DF800283DD1B9F540
S214027900004F02D0B9F5624F0DD140F6FF7325F451
S21402791040459D4207D1002208210DF14E0013F08A
S214027920D6FC00283FD01FB0BDE8F08F13F09DFBB9
S2140279300546204617F01EFB073518E7412B7FF455
S2140279407BAFF1782046023151440BF043FF4A4B9D
S2140279501B78C3F1B30318448DF849006CE76FF344
S2140279600003F01D8DF84D3017F0C9FF0CA905462F
S214027970204614F066F80B276BE700F0B3FFBEE76D
S21402798000F0B0FFCFE7B9F5004F02D0B9F5624F6D
S214027990C9D140F6FF7325F440459D42C3D1BBF1E1
S2140279A0190FC0D9B7E7BBF11A0F06D007F11F01AE
S2140279B042462046C9B212F012F9304C304D637B73
S2140279C0DBB12B78012B1DD1012323730CAB029361
S2140279D014AC94E803000090ADF8041098E80F0089
S2140279E0FFF70AFC90B194E803000090ADF804108B
S2140279F098E80F00FFF7A0FD08E0FCF7E9F800287A
S214027A00DFD0E1E703F0FD03042BDDD02B78012B5A
S214027A1001D0042B87D11B4BDDF84E001B78DDF816
S214027A2052108DF82230BDF84030ADF820309DF867
S214027A304D30C3F340038DF823309DF8313003F008
S214027A400F038DF82C309DF848308DF82D3009AB99
S214027A5003C30D4B1B681BB1414608A8984762E753
S214027A609DF946209DF8451008A811F074FC5AE7C7
S214027A70CD640020CC6400207B65002010570020D7
S214027A80586500207A650020045700202DE9F0434F
S214027A90424B434C1B7885B0033B012B22D817F090
S214027AA049FE2378022B31D13E4A1468A0422DD0DB
S214027AB03D4910600A68121B10443C4A086012785E
S214027AC072B1013A93403C2253434FF47A725343C5
S214027AD098421BD9032005B0BDE8F043FBF77EBFF2
S214027AE00A23F2E717F026FE2378022B0ED12D4A40
S214027AF01568A8420AD00027DFF8BC802C4E10601A
S214027B00451B98F80030FCB2A34202D805B0BDE887
S214027B10F08356F8243020462B4446F8243017F0DB
S214027B20A1FCC3074FF0000910D5204609F0FEF964
S214027B3070B156F82430242B08D910220023204690
S214027B40CDF8009009F00CFA46F824900137D8E7F1
S214027B50184B1B5D13F00F031FBF03F1FF32022306
S214027B6093403C220CBF0A2353434FF47A7253438A
S214027B7056F824209A42E9D9204609F067F902A964
S214027B8014F076FF28B1204609F060F902A911F038
S214027B9060FB204615F002F8D8E700BFCD6400204F
S214027BA0CC6400209C480020984800202D6F0020BE
S214027BB0B446002071640020446F0020064B1B88E8
S214027BC0DB0708D50022054B43F82020044A135C45
S214027BD063F00F0313547047205E0020B446002063
S214027BE07164002008B517F0A5FD0022024B18604C
S214027BF0024B1A6008BD00BF9C480020984800202F
S214027C00014B1868704700BF9848002008B50C481A
S214027C10FBF7E4FDFBF736FF80B10A4B0322B3F80D
S214027C206810012011F0FDFF4FF47A71064B0448EC
S214027C301B885943BDE8084017F088BA08BD00BF44
S214027C40606D002024560020BE6E0020014B188076
S214027C5000207047E26E0020044A054B1870138815
S214027C6023F003031843108000207047205E002094
S214027C702E6F0020034B1888C0F30E00003818BF82
S214027C8001207047CE5D002008B5FFF7F3FF30B144
S214027C90002004490223044A0880FBF719FE00204C
S214027CA008BD00BFCE5D002027E10100024B188808
S214027CB0C0F30E00704700BFCE5D00200023084AC6
S214027CC001201370074A08491370084B084A1B78AC
S214027CD043F0040313800223064AFBF7F9BD00BFF4
S214027CE07765002076650020CE5D00202E6F00208E
S214027CF0205E002027E1010013B514468DF8071018
S214027D00DAB9CAB20E2A18D80E4B1B881341DB0703
S214027D1013D517F04FFBFF2811D09DF807200A4B0A
S214027D200DF107011A5400F58330012200F5807028
S214027D30E5F7D4F9204602B010BD0124FAE7022482
S214027D40F8E700BFE26E00207164002030B5012122
S214027D5000240B2385B0104D019400918DF80C3051
S214027D608DF80D000323B5F8680003AA8DF80E40BF
S214027D7015F0AFFA68B1B5F8681013F04BFF40B1D2
S214027D800522064B64211A70054B06481C7017F034
S214027D90DDF905B030BD00BF245600207665002010
S214027DA077650020806D0020064B1B78033B012B75
S214027DB006D8054B1B781BB9044B1878FFF7C6BFCD
S214027DC0704700BFCD640020756500202D6F00202F
S214027DD010B51548FBF702FD144B1978F9B9144A89
S214027DE013787BB1013B1370124B1B78042B02D124
S214027DF00846FAF7A7FDBDE810404FF496710A4808
S214027E0017F0A4B90C4A128802F00302022A0AD119
S214027E10BDE81040032201200849FEF729BABDE852
S214027E201040FFF7C1BF10BD806D002077650020AF
S214027E3076650020CD640020CE5D002000F8FF07A6
S214027E401FB50C238DF80C300B4B0C461B880121FA
S214027E5023F004038DF80E3000238DF80D00CDE9D3
S214027E6000132046032303AA15F033FA10B1214665
S214027E7013F0D0FE04B010BD205E0020F8B5064612
S214027E8013F056F80546304615F047FA411C0446EC
S214027E9089B230460BF09EFC02340746A1B2304649
S214027EA00BF098FC394602462846FFF725FF0228C3
S214027EB016D02946FFF7C4FF0A4B1B8803F00303BC
S214027EC0022B0DD1284617F075FAFF2808D000229B
S214027ED0054B43F82020054A135C63F00F03135446
S214027EE0F8BD00BF205E0020B4460020716400206A
S214027EF0084B1A785AB10223013A93404EF6602292
S214027F00534303210448B3FBF1F117F01FB942F2C1
S214027F101073F6E72D6F0020806D002070B50546C1
S214027F201748FBF75BFC0122164B28461A7015F021
S214027F30F4F9411C044689B228460BF04BFCA11CFE
S214027F40064689B228460BF045FC0F4C02232080D9
S214027F50214600200D4AFBF7BBFC86B9238803F0B6
S214027F600303022B03D1FFF73DFEFFF7C1FF238871
S214027F705B0704D5BDE870400548FFF747BE70BDF5
S214027F80806D002077650020CE5D002027E101008D
S214027F90606D00202DE9F0431F4C0546238889B00A
S214027FA0002B33D01D4E00214FF4807009F09CFA4E
S214027FB03378DB0728D50121208817F013F8074607
S214027FC0208813F052F8023017F099FC05A9804673
S214027FD0208815F0A8FA3378384613F0020F104BB3
S214027FE018BF0025B3F8009016F0E0FF06463846A4
S214027FF016F0C0FFF6B20290424606212846CDE9A8
S214028000009605AB11F065F900232380054809B0F8
S214028010BDE8F043FBF7E2BB285E0020786500204F
S214028020245E0020A06D00202DE9F047304F8046E8
S2140280303D880E4614469946ADB3104612F023FF0D
S214028040B0F5006F2FD1204612F030FF824617F0AF
S214028050B1F9FF2827D02EB1264A32F810302B432A
S21402806022F81030B5F5007F36D0B5F5806F33D0E4
S214028070B5F5807F17D1204B1B88A3421CD14FF643
S214028080FF718A450FD0204612F026FF284609F0D7
S21402809059FA50B93046FFF77DFF0023174A13807E
S2140280A0174A3B801370BDE8F0870220002108F0D3
S2140280B0AFFF0028EED1F0E7104D2B88A342F2D195
S2140280C04FF6FF718A45EED024B1204612F004FF27
S2140280D000232B800023E3E70023094A3B8013702A
S2140280E031464B4622464046BDE8F04713F01ABBDF
S2140280F0225E0020BC5D0020285E0020265E002056
S2140281005D65002010B5044640F62140FFF742FFA9
S21402811001214FF4807009F0E7F978B10022084B8C
S2140281201C80084B1A700BF0D5FCBDE81040064BBD
S2140281301880064B0648198817F008B810BD00BF0D
S214028140285E002078650020245E0020C06E002095
S214028150A06D0020044A137818B943F00103137087
S214028160704743F00303FAE7786500202DE9F04FE5
S214028170DFF84C9187B099F80060002E40F08C80B2
S214028180DFF840B1DFF840A19BF80030F4B2A3421A
S21402819007D80022424B1A8007B0BDE8F04FFDF721
S2140281A0ABBB20463AF8145008F0C0FE80460028C2
S2140281B060D0204608F04AFE15F40071074645D006
S2140281C001464FF6FF720E2013F047FE05460028C2
S2140281D050D0394612F080FE4FF400730027304E1E
S2140281E0204633803AF8142022EA03032AF8143091
S2140281F010220023009708F0B3FE2A4B1B88DB07E9
S21402820007D5294B294A43F82470135D63F00F0300
S2140282101355182000216043254B264C00930191EC
S21402822001232A46205CFAF7B1FB002814BF01237B
S214028230002389F8003005D13388B3F5807F01D159
S2140282401D4B1880404607B0BDE8F08F680513D571
S214028250059113F07FFD012205990346009207203F
S2140282603A46CDE90111FDF765FC4FF480630546F9
S214028270002DB3D1013687E7104B18880028F9D0B5
S214028280EA05F7D5394612F027FE0C4B1D880A4B35
S2140282901D804FF48073EBE74FF00008D2E700BF73
S2140282A0225E0020205E0020B4460020716400207A
S2140282B029800200F0130020265E0020285E00209F
S2140282C05D650020446F0020BC5D0020042230B5AE
S2140282D001F0400387B0002B054614BF012400249A
S2140282E08DF80C208DF80D1004D004A914F0C0FBF4
S2140282F038B304ABCDE9004301210223284603AA82
S21402830014F0E7FF0446F0B1104B1B78033B012B39
S21402831004D80F4BB3F8681012F0DEFD4FF6F77371
S2140283209D4209D9322202212046FDF74BFA80F0FF
S2140283300100C0B207B030BD2946204613F06AFCE1
S214028340F5E70120F6E71920F4E700BFCD64002028
S2140283502456002010B5FFF797FC04F0DBFF13F05D
S214028360B2FA002014F07FFB17F0D4F808B1FCF73D
S214028370B7FA204C2378532B12D103232370002301
S214028380FF2219460120FDF773FF002016F0E8FCD5
S21402839010B1002012F077FEBDE8104011F045BC87
S2140283A0062B01D0212BF0D10120FDF705FF4FF659
S2140283B0FE7013F006F84FF6FF7013F01FF8002059
S2140283C0FDF732FE0020FDF75FFEFDF7AFFD00F081
S2140283D087FB11F02DFC2378212B02D1FDF782FBBF
S2140283E0D3E70020FBF7FAFA00214FF4004014F01E
S2140283F03CF9CAE7CC64002010B50A4C0A48FBF7E1
S214028400EDF92378062B02D10120FDF7D5FE23785D
S214028410062B01D0532B03D1BDE81040FFF79ABFBD
S21402842010BD00BFCC640020C06D00202DE9F84FBF
S214028430DFF8CC8004460E461746FFF725FC98F870
S214028440005015B90220BDE8F88F212DFAD0DFF8CA
S214028450B49099F80030012B01D1A306F2D4274834
S21402846017F0DFFA0028EDD114F020043946304622
S214028470DFF894B0DFF894A005F00F051BD010F0DB
S214028480E6FE012D8BF80070AAF8006033D1212396
S21402849088F80030FFF75EFF0020D4E7212388F833
S2140284A00030FFF757FF00214FF6FE70FDF792FFF0
S2140284B0FEF7D6FAF0E710F0C9FE012D8BF8007031
S2140284C0AAF80060EAD0062321464FF6FD7088F827
S2140284D00030FFF7FBFE40F6020240F2262199F832
S2140284E000300648033B012B88BF114616F02EFECD
S2140284F0002CD1D1D7E75323E6E700BFC06D00209A
S214028500CC640020CD64002079650020E46E002053
S2140285102DE9FF410F460546511C38460BF05AF925
S2140285200446384612F0A1FD0646023017F0E7F977
S214028530424B80461B7804F04002022B02D0043BDA
S214028540012B06D83E4B1B68580205D5A10603D45C
S21402855052B304B0BDE8F08132B33A4A1278D11E63
S214028560012917D8384BB3F86830AB42F1D173788B
S214028570180714D5304614F00DFFFBF70BFF002842
S214028580E7D00122294604F0200004B0BDE8F041FD
S214028590FFF74CBF022ADCD1DF01DAD4E7E712F09C
S2140285A004FF4045D5D1ECE7264B1B78013B012B57
S2140285B0CFD87378D906CCD502A9384614F0F7FE80
S2140285C0002002A916F0C6FEFF2806460BD0A20619
S2140285D001D413F065FA304608F038FC04F0BAFE0F
S2140285E0304614F0DBFA284617F066FAFF280DD05C
S2140285F0FCF766FB14F0200608D112F0D6FE28B16E
S21402860033460222284602A905F0E0FF12F0CDFE0C
S21402861000289ED1A3069CD402A94FF6FF7302221D
S21402862028460EF04EFD4FF6FF720346009228468D
S214028630022202A910F0FDFE8BE700BFCC640020E8
S214028640A4480020CD6400202456002038B50446F5
S2140286500D4616F0AFFEFF28034615D00B4A1278D9
S21402866042B10B4A32F81020520403D514F096FA9F
S214028670002038BD184613F013FA204645F0400194
S214028680BDE83840FFF722BE0120F2E7C8640020AA
S214028690BC5D002038B5054612F0E7FC04462846C5
S2140286A014F03BFE411C89B228460BF093F84206B2
S2140286B00DD563781B070FD5204614F06BFE0146D6
S2140286C0002016F047FEBDE8384014F067BA0348AB
S2140286D0BDE83840FFF790BE38BD00BFC06D002031
S2140286E038B54FF6FF75A842044617D012F07AFE48
S2140286F0A04213D04FF6FD72094B198891420DD94C
S214028700084A1288AA4201D0A24207D11C804FF41E
S2140287107A71BDE83840044816F018BD38BD00BF6F
S214028720CA6E0020E66E00203048002008B50448D5
S214028730FBF754F84FF6FF72024B1A8008BD00BFD3
S21402874030480020CA6E002037B505460C4608237E
S21402875069460120064AFBF7BBF815B19DF80630BC
S2140287602B700CB1009B2360BDF8040003B030BD33
S21402877025E1010007B508238DF80600ADF80410C0
S214028780009269460020034AFBF7A2F803B05DF8A0
S21402879004FB00BF25E10100024A13780BB1013B3E
S2140287A013707047BB64002008B512F027FE002144
S2140287B04FF6FF72054B08461A80FDF78BFCBDE8A4
S2140287C0084040F6164010F006BE00BFCA6E0020F3
S2140287D008B5FBF703F80A4B1B78023B032B08D8B5
S2140287E04FF6FE73074A108898424FF6FF7301D180
S2140287F0138008BD9842FCD0BDE80840FFF7D4BFFE
S214028800CC640020CA6E002010B5084B1B78042BDF
S2140288100AD012F0CAFD002104460846FFF794FF6C
S214028820231A5842584110BD0020FCE7CD640020B0
S214028830F0B5002689B00546CDE90566ADF81C60A0
S21402884014F06BFD0A23024604462946009605A844
S21402885017F056F99DF815309DF814701F2B27D87F
S21402886003A813F0BAF808220DF1160103A8F3F7CD
S214028870C1F80646E0B9092F1CD1FFF7C5FFB8B10B
S214028880144B1B78A3B1144B1A884FF6FD739A4209
S2140288900ED9124C124A23780433DBB223701278B4
S2140288A0013AB3EB820F03DD58B20EF05FFE26707C
S2140288B009B0F0BD0A34E4B2214628460AF08AFF1F
S2140288C013F014F9611C284614F04AFCFFF708FF5F
S2140288D0EEE700BF466F0020CA6E0020BB64002091
S2140288E02C6F002038B5134B1B78033B012B20D985
S2140288F0114B4FF6FF711B78ABB1104D2B888B4294
S21402890017D112F06FFD4EF6602104460C4816F0A1
S2140289101DFC4FF6FE7322462B800021BDE8384030
S214028920092013F0F1B8074A13888B421CBF0133A3
S214028930138038BDCD640020466F0020CA6E00202A
S21402894030480020CA5D002010B5044661B1FF2100
S21402895012F02CFB0021204612F02EFB12F05CFADD
S2140289600146204612F02EFB2146BDE810400022AA
S214028970014817F02EB800BF2C5E00202DE9F0410A
S2140289800D461746044612F070FB06782846FBF79B
S21402899077F929468046204612F09EFA12F005FD27
S2140289A0A84206D120460121FFF7CEFF0120BDE8EE
S2140289B0F0812846B8F1000F0AD0FBF7EFF950B95C
S2140289C0144B3A462046BDE8F0411978FCF7FABE49
S2140289D014F073F8F3E706F00306012E08D012F03F
S2140289E0E4FC00232246294602F030FF0028D9D1B3
S2140289F0204612F02DFA430505D52046BDE8F04183
S214028A00002112F014BE204614F02AF8B0FA80F0C4
S214028A104009CCE72A6F002010B586B0044614F051
S214028A207CFC104B0246186819790290D3F80500B0
S214028A305B7A01328DF8143000238DF80C10049006
S214028A402146009392B2052304A817F059F805228E
S214028A5004A902A8F2F7CEFFB0FA80F0400906B0E9
S214028A6010BD00BFECE1040008B50748FAF7B6FEF1
S214028A70064B1B78033B012B05D8BDE808400021B6
S214028A800846F9F75FBF08BDE06D0020CD64002000
S214028A9008B5114812F0B8FB104B1B78012B06D80C
S214028AA0FF2009F0FDFBFCF751FD08F09DFCFCF7EA
S214028AB06BF902F06BF9FFF701F914F0C5FD0BF044
S214028AC05BFBFCF7F9FE0BF085F810F0C4FBBDE883
S214028AD0084003F0B1B900BFEC5600202B6F00200F
S214028AE008B5EFF701FDFF2803D0094B1B78012BD1
S214028AF006D9002009F0D4FBFCF728FD08F074FC28
S214028B00FCF742F902F042F9BDE8084003F094B9D6
S214028B102B6F0020064B1878112806D000F0FD00B7
S214028B20A0F141035842584170470120704700BFE8
S214028B30CC6400202DE9F0410446FCF7AFFC18B1E6
S214028B4000263046BDE8F0811D4B1B78033B012B07
S214028B5009D81C4BB3F868104FF6FF739942EFD052
S214028B60204612F0B9F9184B022120461A88FCF763
S214028B7029FE06460028E3D0204612F076FA90F840
S214028B8007800546043016F0BAFE074612F00DFCC2
S214028B90414602463846FCF799FCA81C16F0AFFE82
S214028BA04FF6FF73984202D12046FFF7ABFA2B78B6
S214028BB09B07C6D101212046FFF7C6FEC1E700BFCC
S214028BC0CD640020245600202A5E00202DE9F04FB6
S214028BD0002585B00746039512F047FA064604308C
S214028BE016F08DFE8046B01C16F089FE33780446D9
S214028BF04046009316F0DEFB82464046FBF740F8FE
S214028C003378BAF1FF0F0CBF83464FF0010B9A0779
S214028C100AD112F0CAFB404514BFD9464FF00109EB
S214028C20B3791BB90320B9E0A946F9E712F0BDFBF8
S214028C30A04205D112F0B9FB0446994B1B7836E0E8
S214028C40984B1B78052BF8D0033B012B03D8964B89
S214028C50B3F86840F1E7204616F04BFF737840B34E
S214028C6013F00402DFF838820BD198F800301A4469
S214028C7021463846D2B2FFF781FE0028D2D0002025
S214028C808CE0384614F00BFB0146054638460AF0DF
S214028C90A1FD421C52002946384602F0FE0212F09E
S214028CA079FF737823F00403737098F8003000227B
S214028CB0DDE75B0726D5384614F0F1FA014606468C
S214028CC038460AF087FD824606F101091FFA89F93D
S214028CD0494638460AF07EFDDFF8C481BAF1000F35
S214028CE001D0FF2805D10022494638460AF086FD03
S214028CF0DBE7B11C01EB4001C9B2384614F030FA8A
S214028D000446D2E7204603AA02A914F026F805462E
S214028D10B9F1000F4AD0009B03F0C003802B0ED19E
S214028D20FF2320468DF809300BF03EFAFF281BD0B1
S214028D300DF109020DF10A010BF02AFC14E0402B9A
S214028D4034D19DF808308BB3FF2320468DF80930C6
S214028D500BF02AFAFF2807D00DF109020DF10A01DD
S214028D600BF016FC2D281CD13378404603F03F0347
S214028D70337016F0BEFE10B912F017FB80460023C1
S214028D8042461946204608F04FFE00283FF44AAFF6
S214028D90C822072138460AF055FF012005B0BDE873
S214028DA0F08F9DF80930FF2BDED12546039838B99F
S214028DB09DF80820002A62D1394B2C461B7856E7CC
S214028DC009F032FA039AFF280346127908D1CDE950
S214028DD000204FF4E171354816F0B3FCDDE90023BC
S214028DE0B9F1000FE4D002F03002102A0AD0202A8D
S214028DF0DED1BBF1000F24D05146184609F016FC0E
S214028E000028D5D1DFF8A89099F80030012B45D07C
S214028E10204610F0E6FE28B92A4621464046F37957
S214028E2013F01EFFA54212D1039A137923F00C0306
S214028E3013719DF80830ABB92C46194B1B783022BB
S214028E4015E7039B1B7913F00C0FDBD1B0E799F8FB
S214028E500030022BE8D0039A137923F00C0343F078
S214028E600403E5E70121204612F0E3FC20B9204680
S214028E700BF09AF9FF280FD0094B1B78DFE7012188
S214028E80204612F0D6FC00287FF4D7AE20460BF020
S214028E908BF9FF287FF4D1AE02207FE7A542D9E7FF
S214028EA02A5E0020CD64002024560020219604006D
S214028EB07D65002038B50E4B04461B780D46033BF5
S214028EC0012B10D900F108039BB2012B0DD812F02A
S214028ED06CFA002302462946204608F0A5FD80F0DB
S214028EE00100C0B238BD0120FCE70220FAE700BF4D
S214028EF0CD6400202DE9F041064610460D4614F0DA
S214028F000CFAA0F11004E7B256FA84F42146EA1BE2
S214028F1004F10E00F2F774FA2823DFF84480F355C2
S214028F2098F80030637301F045FF611C0246012089
S214028F3010F091FE08220949601DF2F761FA98F8CE
S214028F40000013F000FC05F10E0130463B460022FD
S214028F50C9B201F0E1FF1220BDE8F0814F650020A2
S214028F60C76400202DE9F04F89B0044612F07DF860
S214028F700546204611F0DCFF0746281D16F0BFFC0A
S214028F808146A81C16F0BBFC0390384695F807A04D
S214028F9016F0AFFD2B780490990761D12146042084
S214028FA002F0C2F800285BD0204614F0B6F901465B
S214028FB020460AF00FFC820752D1204614F0ADF983
S214028FC0014620460AF006FC10F00303059347D13B
S214028FD02046FFF721FD002842D0204614F092FAE0
S214028FE0461C204615F0E2FFF6B206F10A0B834550
S214028FF080F29F80504A06AB1068516803C3711C0A
S21402900020460AF0E7FB3146804620460AF0E2FB9D
S214029010594600EB082820460AF0DCFB8346059BEF
S2140290202146B21C009306A8082316F069FD1FFA13
S21402903088F8204611F07CFF5A46414610F0FFFDA4
S2140290400122404606A901F09BFB002871D10220AE
S2140290500BF036F8013003D1404606A9EFF712FBB3
S21402906012F0A3F948453A46514608D112F00FFCD1
S21402907000285ED109B0BDE8F04F01F077BB484644
S21402908012F005FC002854D12C4B1B781BB939462C
S214029090484612F099FD3A4651464846FCF716FAFB
S2140290A0002846D0297811F0030102D12046FFF7A6
S2140290B04BFCAB79002B3CD0214B1B78DA1E012AE5
S2140290C037D9062B35D06B78DB070DD503982E7A69
S2140290D013F0D8FB10B3F30803F01C0326F01F06A8
S2140290E0334343F001032B724FF6FF71204611F013
S2140290F0F3FE049BDBB910F09CF800F03F0202215D
S2140291002046FCF75FFB4FF6FF73039A9A4210D194
S214029110204609B0BDE8F04FFEF7F4BF06F01C0388
S2140291201C2BE1D0042B04D9043E2E72DCE700226D
S214029130E5E709B0BDE8F08F131F0400C364002002
S214029140CD6400202DE9F04385B004460E4617464E
S21402915011F088FE0C2820467BD111F086FF0922EA
S214029160002115F047FE00F11005EDB22946204613
S2140291700AF030FB042853D006D8012815D002285E
S21402918022D005B0BDE8F0837C28FAD1204615F03F
S2140291900DFF0546204615F0EDFE02463046E9B2C2
S2140291A005B0BDE8F04310F070B846B9132120466A
S2140291B013F0D6FF05B0BDE8F04312F01FB905B0B4
S2140291C0BDE8F043FCF7ACBE9D4B1B78013B012B80
S2140291D0D7D82046E91C0AF0FDFA074686B978B9C0
S2140291E0691C204613F0BCFF0546214613F099FA87
S2140291F03A462946102005B0BDE8F04316F048BBB3
S214029200002508232146152200950DEB030016F0D3
S21402921077FC284602A916F09DF813F0BFFCB0E7CB
S214029220884B1B78022BACD146B9FEF73FFDC2072E
S2140292300AD5FEF7D7FC002F08BF3F26304605B0FA
S214029240BDE8F04310F02DB8FEF714FD0028F0D06C
S214029250F1E711F00AFF8046043016F050FB07468D
S21402926008F1020016F04BFB4FF6F77398420546DC
S2140292700CD8754A138801339BB213800BB9734A14
S21402928013801EB1714A13880133138098F8009038
S21402929009F00309B9F1010F40F08380204614F06B
S2140292A03CF8014620460AF095FA043809283FF6AB
S2140292B068AF01A353F820F0E19202008391020006
S2140292C083910200059302008391020083910200BB
S2140292D083910200ED92020083910200ED92020059
S2140292E0204605B0BDE8F043FFF7D4B9544B1B78CF
S2140292F0042B7FF446AF0021084605B0BDE8F043D4
S214029300F9F720BB4E4B1B78013B012B3FF639AFDA
S214029310404614F03FF800274D4B01465B898DF816
S2140293200A70ADF8083000283FF42BAF384616F026
S21402933011F80546204613F0F0FF421C032321468F
S214029340009792B202A816F0DBFB9DF80A30E6B947
S2140293503C4A1278022A18D1BBB9FF2DBDF8084044
S2140293600AD03C4A214632F81530284623F4806358
S21402937022F8153013F0F1FB204613F0CFFC002242
S2140293802146102016F084FAFBE6022B3FF4F9AED3
S2140293902BB9304B33F815305B053FF5F2AE284655
S2140293A03BE7B9F1000F7FF4ECAE3146204604F0FD
S2140293B0BBF8002E3FF4E5AE4FF6F7739D423FF63C
S2140293C0E0AE98F80160284616F0040620D113F0A5
S2140293D0F2FC044628467CB113F06FFB0346F0B954
S2140293E00C2200902946384612F04CFD0C2200232F
S2140293F039462846009308E013F05FFB0346B8B9E7
S214029400154A009012782946384612F03BFDB8E617
S21402941013F053FB034678B90B220090F3E70622BB
S214029420334629463846009612F02CFD0622DEE721
S214029430234600940622E6E74B46CDF80090F9E76D
S214029440CD640020CC640020D25D0020D05D0020D8
S214029450ECE10400BC5D00206A6F00202DE9F04FAD
S21402946005888BB00446284611F0FFFD804604307E
S21402947016F045FA074608F1020016F040FA05A96A
S2140294800190284613F093FF284613F046FF014644
S214029490064628460AF09EF998F80030029003F035
S2140294A00303012B0CBF82464FF0FF0A16F03DF96C
S2140294B0B4F806B0814611F078FF98F807300090AD
S2140294C03846039301F08AF8002838D1019801F053
S2140294D085F8002849D1FCF7B9FAA9EB0B0B1FFA5D
S2140294E08BFB8146FAF774FB002844D1FFF712FB88
S2140294F0002840D1A14B1B78033B012B42D8BAF17E
S214029500060F00F0BE80BAF1040F00F0BA80FFF733
S21402951001FB20B1029B03F00303012B32D0FAF7C2
S214029520B1FA28B9964B1B7803F00F03062B6FD1BE
S214029530944B2846B3F8681011F0CEFC22E0284679
S21402954011F093FD023016F0DAF94FF6F7739842EF
S21402955006D9039B23B92846FFF75EFA0028B5D141
S214029560A37823F00F03A37054E0019816F0C1FA13
S2140295700028B0D1F4E7A9F104095FFA89F9B9F134
S214029580020FB7D8BAF1010F40F0A280284611F0B8
S2140295908DFC4FF6FF7398426AD100233146284667
S2140295A007AA13F01EFB80460028D9D042799DF800
S2140295B02530934209D9711D284689B20AF01EF950
S2140295C0A37823F00F030233A3700FF032FE7E233C
S2140295D0B0FBF3F202FB130303F58073A3809DF83E
S2140295E0263013F0180F0BD0A378190708D1009B6A
S2140295F0BB4205D0384698F8052005A90FF061FE53
S2140296009DF82700003818BF01200BB0BDE8F08F88
S2140296102823A3800020F8E7584B1B78033B012B36
S2140296205FD940F6B8339B459AD80FF002FEFF2367
S2140296308DF81330002300F03F00C0F5FA70A080CA
S21402964007A90DF113008DF81C30FBF7A3FF0546A2
S21402965098F80710384612F00EF9002D80D09DF8C3
S2140296601C20013A032A7BD8DFE802F0807A697D63
S2140296704FF6F773019A9A4224D898F80130DA071F
S21402968020D4284611F012FC16F0D0F9012808BFA3
S2140296903D4BA27809BF1B78FA2303EB830303EB47
S2140296A0830302BF9B00FA339BB212097FF458AFC2
S2140296B05B45FFF455AF0FF0BCFD00F01F00103005
S2140296C0A08053E02D4B1B78033B012BA9D8D8E78B
S2140296D04FF6F773019A9A429ED898F80130DB0744
S2140296E09AD4BAF1020F53D10123314607AA28466B
S2140296F013F077FA074611F058FEBDF8223098426A
S21402970036D1002F3FF42CAF01227B883146284603
S21402971008F00EFB1D4A13780133DBB288F80730D7
S21402972013707B88BDF81E209A421FBFA37823F0D1
S2140297300F030233A3704FF4C873A38016E0009B96
S214029740BB4213D000283FF40BAF426801323FF40D
S21402975007AFC2789DF813309A42BFF401AF05E016
S214029760009BBB4202D0A2781209EBD101204CE743
S214029770184616F0BEF90028C3D182E7CD64002051
S214029780CC640020245600203C6F0020CA640020CF
S214029790BAF1030F7FF475AF009BBB427FF471AF43
S2140297A0711C284689B20AF015F80C287FF469AFB6
S2140297B0FBF7E2FC4FF6FF73984201463FF461AFB7
S2140297C0284611F089FB5CE72DE9F3410446008840
S2140297D011F04BFC0546043016F091F80646A81C1C
S2140297E016F08DF8074615F0A0FF05463046B4F889
S2140297F0068000F0F3FE064648B9384600F0EEFE54
S21402980058B9194AA3781278033A012A0BD8A378D2
S214029810002623F00F03A37021E0384616F069F9FC
S2140298200028EED1F3E71B09F1D1A5EB0805ADB28E
S214029830B5F5C86FEBD80DF10301384601AA0193BE
S21402984013F08BFA9DF80350014645B94FF6FF73A5
S214029850984204D00126208811F03EFBA5803046AF
S21402986002B0BDE8F08100BFCD6400202DE9F041D2
S21402987005460C4611F0F6FA082802D10120BDE88A
S214029880F081201D16F03BF80646284694F807801D
S21402989011F04EFB0746284611F0DAFA010612D5F9
S2140298A0184B1B78042B0ED1174B1B78022B0AD1B0
S2140298B0164BB3F868204FF6FF739A4203D0002186
S2140298C00846F9F73FF8124B1B78002BD6D1A01C9E
S2140298D016F015F84FF6F773984202D86378DA074F
S2140298E00DD523789B070AD13A464146304611F0F9
S2140298F0CEFF80F00100C0B200F00100BFE70120F9
S214029900FAE700BFCD640020CC6400202456002075
S2140299107F6500202DE9F04F9DB0044611F0A2FAB3
S2140299200546204611F09EFA08285AD14FF4004305
S214029930102200212046ADF8503012F02BF92046B6
S21402994015F018FB0DF037FE002321461A460C20B0
S21402995000930DF0F5FB98B3204615F00BFB14A907
S21402996002461020FAF7D6FD0501204615F002FB46
S21402997014A902464020EDB2FAF7CCFD10B12046FB
S2140299800FF06BFC204615F0F5FA14A9024680206B
S214029990FAF7C0FDB8B99DB1102517A806F0A2FDCA
S2140299A02046BDF8507015F001FB0646204615F01D
S2140299B0E1FA29460090F3B2384617AA0FF0EBFCFC
S2140299C01DB0BDE8F08FBDF8503017A8ADF85E4068
S2140299D0ADF85C3010F02DF90028DCD145F080059A
S2140299E0DBE7204611F091FAB0F5006F40F00581F2
S2140299F0204611F09DFA0646042D40F001812046CD
S214029A0011F026FA80F40060C0F3C020002231462E
S214029A10400015F03DFF954B1A78022A0DD0FFF74D
S214029A2079F850B902F0FD03312B06D0043A012A28
S214029A3003D98F4B1B78002BC2D02146022001F09F
S214029A4073FB05900028BBD02046ADF8464011F0C7
S214029A500CFB0446BDF8460011F06AFA0546201DC6
S214029A6015F04DFFA31C83461846039315F047FFD7
S214029A7012A90746BDF8460013F099FC63780690D3
S214029A80BDF8460094F80080099313F046FC63780C
S214029A90064608F0030828460C93FAF7F1F8B8F1E0
S214029AA0010F0CBF032302230E93724B08BF4FF025
S214029AB00B091D80237818BF4FF00A0903F03C03F8
S214029AC0082B0D907FF47CAFBDF8460015F06EFAB9
S214029AD0B0427FF675AFB8F1010F03D0237898072E
S214029AE07FF46EAF644BB3F86830AB420DD1634A75
S214029AF0634BB2F9001093F90030002900F0A580FC
S214029B0001EB0313A3EB211313804FF0010AA6F116
S214029B101003DBB207938DF8453010224846BDF895
S214029B204610CDF800A00DF145030DF009FB002804
S214029B303FF446AF099B13F002030A9300F00A8132
S214029B40504B1B78002B3FF43BAFBDF8469048467F
S214029B5013F0E3FB002308904846CDE91733199328
S214029B60ADF8683011F0E4F9089B039003F10E019A
S214029B70484689B213F0A4FB002870D00023494659
S214029B80089A009317A80E2315F0BAFF50460DF157
S214029B905D0110F06EF89DF869300B9004939DF805
S214029BA05C30282B5BD10DF16100FAF7F3FB0F90C6
S214029BB0002854D1049812F0C6FD0F9B002867D1E6
S214029BC0314B049A1B78D31A190648D404F04CFD7C
S214029BD050453CD115F0AEFD2C4E0546346824B1F6
S214029BE004F048FD2C1B844239D30023FF22194679
S214029BF01846FCF73DFB356031E04FF6FD76FBE696
S214029C004FF6FF70301A18BF01200022314640007E
S214029C1015F03EFE0C2D0DD12146012001F084FAEE
S214029C2000283FF4CDAE214600201DB0BDE8F04F1F
S214029C30FDF700B92DB920461DB0BDE8F04FFDF77F
S214029C405FBD042D7FF4BCAEE5E61B025CE704F0C4
S214029C500BFD022803D104F0E9FC0028BAD000224A
S214029C601920039915F014FEAAE600BFCC64002062
S214029C707F650020485E0020245600201A5E0020E1
S214029C807B650020C8640020C7640020345700208B
S214029C9010214846089ACDF800A012F092FB002840
S214029CA0DDD0A64B049A1B78934240F0AA80039913
S214029CB00DF1610214A815F019FB012114A8FAF798
S214029CC043F8824648F2030114A8FAF749F9BAF1B2
S214029CD0000F03D0082114A80FF066FF484613F0C1
S214029CE03AFB03990DF16100FBF7E6FAFE2882467D
S214029CF0B5D0FF280AD1039815F0DEFEFF2882466B
S214029D0000F087800DF16101FBF750F98B4B049A46
S214029D101B78934200F0A38050460B99FBF7B2FAE9
S214029D2000283FF44DAE50460B99FBF7BDFA237858
S214029D309A070FD1484613F0F0FA0146484609F052
S214029D4049FD00F00300012804D103980DF16101DA
S214029D50EEF798FCBDF8460011F07AF8030440F1DD
S214029D608580204615F0CBFD40F4007189B220466E
S214029D7015F0C7FD00224FF40041BDF8460011F071
S214029D8058F8DDF81490012310220093BDF846100F
S214029D900E980DF145030DF0D3F900283FF410AEEE
S214029DA0032866D1204615F0AAFD40F4007189B258
S214029DB0204615F0A6FD284615F09BFE002840F02A
S214029DC0B780DDF81490B8F1010F40F0C18003208F
S214029DD0BDF8461001F0A8F9002840F0B9803146D7
S214029DE0BDF8460009F0F6FC0F2801467FF6E8ADFE
S214029DF04FF6F7739F423FF6E3AD284611F02EFF6B
S214029E00DEE55046049903F049FD00287FF44FAF83
S214029E1025E7237803F00303012B08D1484613F005
S214029E207CFA0146484609F0D5FC082892D0444BF5
S214029E301A78444B1B789A4209D20DF161010398B5
S214029E40FBF768F8039815F037FE82465EE7A01C1B
S214029E5015F055FD4FF6F7739842EED9FFE65046D9
S214029E60FBF79AFA00283FF457AF5CE74FF0000979
S214029E7089E7284615F03DFE0028A4D00A9B002B51
S214029E8058D1B9F1000F53D1B8F1010FBDF8460011
S214029E909DD0314609F09EFC8246DFF8B09099F8D4
S214029EA00030002B5FD011F080FA87427FF488AD35
S214029EB0B8F1010F40F08280BAF1070F78D8BAF1F4
S214029EC0050F7FF67DAD204B1B78022B02D0043B9C
S214029ED0012B03D899F80030002B4BD00C9B980628
S214029EE040F1BB800D9B002B40F0B380284615F056
S214029EF061FAFF2840F0AD805D457FF461AD069BB8
S214029F00002B00F0A48012AB46F204020124ADF846
S214029F105C200193214602232846009417AA13F0D8
S214029F20D8F900283FF44CAD214611F080FB47E5F6
S214029F30DDF81490284607F053FD44E7C764002076
S214029F40C66400203D6F0020CC640020C864002058
S214029F503146BDF8460009F03DFC0A9B824613B91D
S214029F60B9F1000F99D0A84B1B78022B02D0043B04
S214029F70012BB3D8284600F031FB814600287FF437
S214029F801FAD11F012FA854222D1A04B1B78033B7B
S214029F90012B19D89E4BB3F8684011F006FA4B46CF
S214029FA001460D222046CDF8009011F06BFF07E522
S214029FB0AAF10E03DBB2012B85D901E50AF00303F1
S214029FC0012B7FF4FDAC7EE7012000F0A5FBF7E451
S214029FD0284615F08EFD58B911F004FA4FF6FF73B5
S214029FE0984205D015F096FA10B92846FAF738FFC7
S214029FF0284615F07EFD88B111F0F4F94FF6FF738E
S21402A00098420BD015F086FA40B9B8F1010F02D18A
S21402A010BAF1060F02D0284607F04CFA069BA3B9FF
S21402A02019460122584600F0ABFB814600287FF411
S21402A030C7AC204613F0AEF94A460146384600F051
S21402A0409FFB00283FF44AAFBAE412A9E9E7069B51
S21402A0505AE7637823F0200363704FF6FC739F423F
S21402A06075D16A4B1B78033B012B7FF6A9ACA3790B
S21402A0700BB1013BA3716378590727D500235846D5
S21402A08017AA14A9179312F068FE1798F0B108F0F1
S21402A090CBF88146384615F08DF9179A01461379A2
S21402A0A003F03000102806D003F00C0008281CBF6E
S21402A0B023F00C031371137903F03303202B05D11D
S21402A0C0FF2903D00122484608F078FA284615F000
S21402A0D071F9FF281EBF00224E4B43F82020099B31
S21402A0E003F001094FF6F7739F4200F21381B9F1AC
S21402A0F0000F40F01C812946584611F065FD11F00C
S21402A10054F9874200F0DF80384615F0F2FC00284A
S21402A1104AD0B8F1010F30D1BAF1010F20D14A4628
S21402A1203146BDF8460007F05FFE384615F0E1FC02
S21402A130394B1B78002B78D1584615F0DAFC0028EC
S21402A14070D1384615F0D5FC00286BD138E44FF6AE
S21402A150FD739F428BD12D4B1B78042B87D12FE4A6
S21402A160384615F0C6FC50B3BAF1030F27D1314674
S21402A170BDF8460011F0BEFE22E4384615F0B9FCE2
S21402A180384612F09AFC002848D000233946584632
S21402A190BDF8462001F05AFB00283FD00021BDF84A
S21402A1A04600FEF7D1FB0BE4384615F0A2FC18B1C8
S21402A1B0B8F1010FD8D0E3E7B8F1010FE0D1164BA2
S21402A1C01B78002BB8D0BAF1050F2ED111F0EDF89E
S21402A1D08DF85C0011F0E9F8000A8DF85D000123A5
S21402A1E0022217A90DF14600F9F74CFA00287FF46F
S21402A1F0E7AB711CBDF8460089B209F0D9FA0378BC
S21402A2000133037011E000BFCC640020CD6400204F
S21402A21024560020B4460020436F00209A4B1B7839
S21402A220002B89D0B8F1010FCDD063785A070CD530
S21402A230BDF84640204613F032F8411C89B220464B
S21402A24009F0B6FA0378013B0370904B1B78033B88
S21402A250012B30D8B8F1010F06D1BAF1050F1FD184
S21402A26011F0A3F8834522D1BDF84600FEF7AEFCF6
S21402A27002281CD10021584617AA08F021F930B14D
S21402A2800379458003F03C0343F040030371002347
S21402A2907F4A009339465846127811F0F3FD06E0DD
S21402A2A0BDF84600FEF792FCBAF1030FE0D1002299
S21402A2B039461C20D6E4BDF84600FEF787FCB8F106
S21402A2C0010FD5D1F0E7B8F1010F7FF467AF0AF1BD
S21402A2D0FF330C2B00F2AA8001A252F823F000BF33
S21402A2E043A3020043A302006FA1020059A3020087
S21402A2F069A302008DA30200AFA30200DBA3020043
S21402A300F1A30200F1A30200FDA3020015A40200BD
S21402A31021A40200B8F1010F00F09480B9F1000FF9
S21402A32008D1BDF84600FEF71DFEFFF749BBB8F19F
S21402A330010FCCD0237A03F00303012B7FF440AB4A
S21402A340EFE7AAF102035A423146BDF846005A41E7
S21402A35007F04AFDFFF734BB32465846BDF84610B2
S21402A360FEF7D6F8FFF72CBB711CBDF8460089B283
S21402A37009F030FA0236F6B20246BDF846305846C2
S21402A380009612A90AF054F8FFF71ABB3F4B1B7847
S21402A390013B012B3FF614AB079B012100930020E3
S21402A3A02346BDF8462011F0DCFAFFF709BB374B0F
S21402A3B01B785A1E012A07D90120079ABDF84610B3
S21402A3C0FCF71AFCFFF7FCBA022B7FF4F9AAF9F79E
S21402A3D0FFFB0028F0D1FFF7F3BABDF8460006F0FF
S21402A3E069FEFFF7EDBABDF84600FEF721FA98E7D8
S21402A3F0BDF84600FEF71CFAFFF7E2BA234B1B78BD
S21402A400013B012B3FF6DCAABDF84600FDF736FD00
S21402A410FFF7D6BABDF84600FDF780FDFFF7D0BAC3
S21402A420BDF846000FF0FFFBFFF7CABA33462246D6
S21402A4305046BDF846100FF0C8FB00287FF4C0AAAD
S21402A4405146DAE40AF1FF330C2B3FF6B9AA01A211
S21402A45052F823F043A3020043A302006FA10200B6
S21402A46059A3020069A302008DA30200AFA3020053
S21402A470DBA30200E7A30200E7A30200FDA302009B
S21402A48015A4020021A40200436F0020CD64002020
S21402A4906A6F002010B50021114810F05CFE0446D9
S21402A4A0E8B110F06EFD0F4B1870204610F06EFDEE
S21402A4B00D4B1870204610F06FFD0C4B187020469E
S21402A4C010F06FFD0A4B1860012015F037F9204690
S21402A4D0FFF720FABDE81040002015F02FB910BD96
S21402A4E0F85D00207C6500207B6500207A650020F0
S21402A4F02C57002070B5164E044633680D46E3B15D
S21402A50010F0B0FC0C2818D1204610F0AEFD09223F
S21402A5100021044614F06EFC235C042B0DD10D4B77
S21402A5201B78033B012B08D80B4C25B10B4B22782A
S21402A5301B789A4203D300232370002070BD08487C
S21402A540316814F003FE2378012001332370F5E707
S21402A55030570020CD6400207E650020696F002001
S21402A560E06D0020014B93F9010070471A5E00204F
S21402A570014BB3F8680070472456002070B50024DB
S21402A580124D2C70EDF762FEE6B2B04212D8104BB6
S21402A5901B78013B012B04D800214FF6FF70FBF716
S21402A5A019FF00220B4B1A700B4B198801B11A8047
S21402A5B0012070BD304614F055FFC30748BF2B7804
S21402A5C004F1010444BF01332B70DBE7C5640020AD
S21402A5D0CD640020BC640020CC5D002038B50B4B57
S21402A5E005461B7873B101335C08094B188814F0D2
S21402A5F0C1FC002330F81320AA4205D00133DAB298
S21402A600A242F7D3002038BD0120FCE7BC6400203C
S21402A610CC5D002030B5054685B008460C4615F0E0
S21402A62064FAFF280CD011F095FB012200210346A4
S21402A630CDE90112009221462A460720FBF77AFA54
S21402A640284614F0B7FEFF2804460FD014F00AFF7F
S21402A650C2070DD5204614F005FF830708D40B4A1F
S21402A66032F8143043F4806322F8143005B030BD5B
S21402A67011F070FB012200210346CDE9011200927F
S21402A68007202A46FBF756FAF0E700BFBC5D00201B
S21402A6904FF6FA72431E9BB2934270B504462AD80E
S21402A6A0FFF79CFF38BB194B1B78042B23D02046A0
S21402A6B015F002FAFF2801D0FAF702FB204612F044
S21402A6C025FB08B107F0C6FD2046114E04F046FAF7
S21402A6D020460EF0F4FD31780E4D69B1288814F04C
S21402A6E049FC054601461E220230F0F789FE2C8000
S21402A6F033781E2B07D970BD202014F0AFFC2880BB
S21402A7000028EBD1F7E702333370F4E7CD6400207C
S21402A710BC640020CC5D002037B5134B05461B7881
S21402A720022B1FD110F041FE044610F03EFEFFF74A
S21402A730AFFF11F00FFB10F044FE0020FBF73CFDCC
S21402A74040F607400EF047FE3DB100230D2221469B
S21402A7504FF6FD70009311F095FB03B0BDE8304054
S21402A76004F032BF03B030BDCD640020034B1B782B
S21402A77013B90120FFF7D0BF704700BFC3640020A3
S21402A780F7B504460D46174610F00FFE0646002D96
S21402A79047D04FF6FB739C4243D82046FFF71EFF76
S21402A7A030B1A64204D1204B1B78033B012B38D98B
S21402A7B02046FFF713FF10B1012003B0F0BD20467C
S21402A7C00EF04DFDC0B1A642F6D00CB36946204647
S21402A7D0F9F758FD0246D8B90821684610F077FD09
S21402A7E0B0B9082269462846F1F704F980B129462D
S21402A7F0204611F0DFFADFE7A642E6D12846F9F74F
S21402A800C9FD28B90120FFF787FF06F0DFFDD3E771
S21402A8103FB121462846FAF7E7FB2146284604F0D0
S21402A820B9F90020C9E700BFCD640020044A1378B6
S21402A8302BB1013BDBB213700BB9024A138070478F
S21402A840BC640020CC5D00200148F8F7D7BC00BFEE
S21402A850CC5D00202DE9F047804617460D468CB0A9
S21402A86061B903AE00211B4815F0ADF84FF00009A0
S21402A8700446DFF860A01CB920461DE00E46F1E74C
S21402A8800022214624233046CDF8009015F038F9F0
S21402A890082241463046F1F7ADF8A8B9337C9BB999
S21402A8A06FB945B92A4621460A4810F073FC0A4A8F
S21402A8B01388013B138001200CB0BDE8F0873B886B
S21402A8C0B28953405B06ECD52146504615F09FF8F8
S21402A8D00446D0E7305E00202E5E0020024B188829
S21402A8E0003818BF012070472E5E002040232DE955
S21402A8F0F04397B0074611A88946ADF80E300EF021
S21402A900F4FD02238DF84430002304AE3146384667
S21402A91004937360F9F7B6FC0546002840F095806C
S21402A92038460FF05EF9804610F03FFD04460028D8
S21402A93040F0BB8099F80130042B40F0B980EDF767
S21402A94091FC022840F08480EDF78CFC022840F04F
S21402A9508B8096E8030003238DF8443012AB83E81D
S21402A96003009DF85130002143F00603102209A887
S21402A9708DF85130F0F7F2FC09A911A80EF04AFF43
S21402A98040B111A80EF0B1FD30460DAB09AA11A9CF
S21402A9900FF045F8BDF846300DA943F0040311A8A0
S21402A9A0ADF846300EF08FFF102209F10A010DA80D
S21402A9B0F1F720F80546002872D1EDF753FC02287D
S21402A9C006D13146FF2009AA0EF04BFF00286AD1B5
S21402A9D034240025EDF746FC022808D19DF85130B4
S21402A9E01B0704D430460DF10E0111F003FC21467C
S21402A9F0304611F028FC10238DF8183004238DF809
S21402AA001A303346002203CBCDF81B00CDF81F10B8
S21402AA1006A80B218DF8195010F042FB024638B1F9
S21402AA20002D14BF012303233146384603F078F87D
S21402AA30B8F1000F09D0342C07D106A832463946A1
S21402AA4014F054FC06A80FF0B2F817B0BDE8F08375
S21402AA50234621463046009411AA01F05FFE0028E4
S21402AA603FF472AFAD25C6E7EDF7FCFB012891D1A6
S21402AA70104B1B6803F08403842B8BD196E80300EB
S21402AA8002238DF844301023ADF8463012AB83E82B
S21402AA9003009DF8513043F002038DF8513079E7F8
S21402AAA03324AD2596E7052494E72C46A325A2E792
S21402AAB0AA25A0E7A44800202DE9F04336488DB029
S21402AAC0F8F78CFE14F036FE344D2B68C41A4FF499
S21402AAD07A73B4FBF3F4A4B214B114F02BFE28601C
S21402AAE02F4F4FF6FF763B88DFF8B880ADF80A3076
S21402AAF000233B8000210DF10A0010F02CFB0546D6
S21402AB0058B9284B1B882BB14FF47A7122487143EF
S21402AB1014F01CFB0DB0BDE8F0834FF000092423AF
S21402AB204A462946CDF8009003A814F0E9FFBDF87E
S21402AB301A30A34294BFDB1A1B1B9BB2ADF81A3025
S21402AB40CBB910F032FCBDF8183003F040031843BE
S21402AB5080B218B9322103A80EF023FCBDF81830D3
S21402AB601B0602D508980EF029FEB8F80030013B05
S21402AB70A8F80030BEE79E4228BF1E4601234A467A
S21402AB802946009303A8242314F0BAFF4A4629460E
S21402AB90384614F01EFFADE7B047002038570020B5
S21402ABA0305E00202E5E0020F0B50446304A8DB09E
S21402ABB01068516801AB03C3A378012B54D1162247
S21402ABC000210DF11A00F0F7C9FBD4F82110D4F8D1
S21402ABD01D0003AB03C32388190644BF62680892AC
S21402ABE0DA050BD5221D08AE04F1140735461068A7
S21402ABF05168083203C5BA422E46F7D1ADF818306E
S21402AC0013F0040318BFA3690593EDF749FB00236D
S21402AC10ADF81A008DF81C3010F0C7FBE0B906A993
S21402AC2003A811F0E7FA0022242103A810F038FA4C
S21402AC300446D8B10020FFF73FFF002221460D4808
S21402AC4014F0C7FE0C4A0020138801331380FFF766
S21402AC5033FF00200DB0F0BD082201A903A8F0F7CB
S21402AC60C9FE0028DFD0DAE70220F3E71920F1E771
S21402AC70131F0400305E00202E5E0020F7B5044647
S21402AC8000200E46FFF718FF104B1B88A34202D87F
S21402AC90212003B0F0BD00210D4814F094FE0025DB
S21402ACA001460B4F0029F3D0A54208D100242423E5
S21402ACB022463046009414F023FF2046E9E7384641
S21402ACC014F0A5FE01350146ECE700BF2E5E00201B
S21402ACD0305E00200148F8F791BA00BF305E0020CF
S21402ACE0014B1888704700BF2E5E002030B5154A0B
S21402ACF08DB051680546106801AB03C307A80EF075
S21402AD00F4FBDDE90101032308AC84E803008DF8B7
S21402AD101C309DF8293003A943F0020307A88DF8DA
S21402AD2029300EF077FD10B12D200DB030BD234630
S21402AD302868696803C303A907A80EF050FD002817
S21402AD40F3D0F1E7131F040070B50C4611460E4A05
S21402AD5023781278064613F0200542EA0302227090
S21402AD6018BF611D0822F0F74BFB002D0CBF052013
S21402AD700D20D4F80130B3602378337303F0180340
S21402AD80082B08BF013070BDC8640020042307B535
S21402AD9001200DEB0301054AF8F79AFD019B044AD0
S21402ADA01B03136003B05DF804FB00BF63E51100EC
S21402ADB09448002010B5064C2368C3F30B0313B95E
S21402ADC00448E2F74FF92068431C236010BD00BF19
S21402ADD09448002063E51100014B1868704700BFD5
S21402ADE09448002007B50020054B064A1860042345
S21402ADF00DEB03010190F8F76BFD03B05DF804FB61
S21402AE009448002063E511007FB511230A4A012009
S21402AE1001A9F8F75DFD094B9DF814201A70084B3E
S21402AE201B780BB1052B05D10EF002FA012007B0F4
S21402AE305DF804FB0020FAE779EB0100C764002006
S21402AE40C86400202DE9F04F0646CBB0884600883D
S21402AE500121174614F0C6F82E4B3A463188ADF853
S21402AE60160006A811F082FA0DF1280B5A46414642
S21402AE70C419308811F004FAE4B208EB0003A342C6
S21402AE8008BF044605464FF004091CBFA4EB08049D
S21402AE90E4B223465A460121CDE900090BEB050A26
S21402AEA0CDF808B02D1B06A8EDF746FEEDB20BEB6B
S21402AEB004030093019523465A464146308811F012
S21402AEC00DFA34883946204608F084FC394600F0EC
S21402AED0F802204608F092FC0121308814F082F82D
S21402AEE001234A46514680B10DF11600F8F7CAFB17
S21402AEF001210446BDF81620308814F087F8B4FA0B
S21402AF0084F040094BB0BDE8F08F3046F8F7BAFB44
S21402AF100446F4E74F6500202DE9F04FC9B0044619
S21402AF2088469246C118224A04A81F46FFF70CFF1D
S21402AF304FF00409C519EDB208AB0293A5EB0A0B54
S21402AF40A8EB0A035FFA8BFBA8EB0506DBB2F6B2A8
S21402AF5004EB0A02009301215B46CDF8049004A894
S21402AF60EDF7EAFD06F590730DEB03025A44A2F5DF
S21402AF708072136808A844F80830E35D324623F06E
S21402AF800703E3552C442146F0F778FB08ABCDE9DE
S21402AF90019308AA00230121009604A8EDF7CCFD30
S21402AFA03246204608A9F0F769FB49B0BDE8F08FA3
S21402AFB04F650020F8B5064612F0A4FA811C054635
S21402AFC089B2304612F07CF9F0B1EDB1294630462E
S21402AFD008F000FC1228074616D80C4B691C1C5CAD
S21402AFE089B2304608F0F6FB2C44052FE4B205D1B0
S21402AFF0052809D8064B1B5C1C44E4B221463046A1
S21402B000BDE8F84012F05CB90020F8BD32E2040058
S21402B0102CE20400F8B5054612F07FF904462846ED
S21402B02010F023F8A11C074689B2284612F048F908
S21402B03000283ED0002C3CD02146284608F0CAFB09
S21402B0400646611C284689B208F0C4FB0F2E30D88B
S21402B050194B9B5DE118731E89B2092B0ED8DFE8E7
S21402B06003F009050D0D120D0D181E1EC40644BF71
S21402B070083189B2820601D5083189B22846BDE870
S21402B080F84012F01DB97B78DB0612D501EB4001C1
S21402B090F3E700F01F0000EB40000144EDE71F2835
S21402B0A005D8092E0ABF4000022080B2F5E7C8285C
S21402B0B0E4D00020F8BD00BF45E20400F8B506461D
S21402B0C00FF0D3FF09220021054613F093FE00F18C
S21402B0D01004284614F013FCE4B207462146304614
S21402B0E008F078FB0546304613F060FFBA05A0EB81
S21402B0F00403DBB20AD47C2D0AD0082D0AD8064AED
S21402B100505D98428CBF00200120F8BD1220F8E75F
S21402B1100320F6E7FF20F4E756E20400014B187816
S21402B120704700BF6B6F002038B5114B04461B7882
S21402B13008469BB9012038BDA24205F101050FD190
S21402B14003EBC1035B6898470028F3D11E20224612
S21402B1504FF6FF7114F09CFB0020ECE70025054B30
S21402B160E9B213F83120002AE6D11446EEE700BF12
S21402B1706B6F0020FCE104004FF6FF7307B5022256
S21402B1800DF106010348ADF80630E1F7A7FF03B05C
S21402B1905DF804FB603202E0002307B5ADF8043028
S21402B1A0134B984221D10B88DA0703D5232003B02C
S21402B1B05DF804FB9B0748BF4FF47F434FF0020243
S21402B1C00C480DF1060148BFADF80430E1F75AFF0E
S21402B1D04FF6FF73BDF806209A42E7D102220548D1
S21402B1E001A9E1F77BFF0020E1E72120DFE700BFAE
S21402B1F01FD1BACA603202E0002313B502220380CE
S21402B20004460DF106010F48E1F73CFF2D2801D058
S21402B210112805D14FF6FF73ADF80630FFF7ACFFE5
S21402B2209DF80630BDF806201BB1238843F00103C3
S21402B23023800020FF2A82BF238843F00203238054
S21402B24002B010BD603202E0034B1B78002B14BF25
S21402B250442056200E307047C86400202DE9F04F77
S21402B2608DB0179C06468946CDE90223BDF8587074
S21402B270D588ADF816103CB9EC0605D500970EF049
S21402B2802BF90DB0BDE8F08FC5F380242B054FEAED
S21402B290043448BF44F40064A80511D544F0800481
S21402B2A00A2E00F26981DFE816F09A002F001700D6
S21402B2B0370067016701370010009A0037009E00CA
S21402B2C0E90548BF44F04004EAE74FF001084FF0B2
S21402B2D0020B4FF0000A14E008A95FFA89F011F099
S21402B2E092FADDF82500DDF8291006AB03C3A44B5D
S21402B2F033F81930ADF816304FF00008C3460DF19A
S21402B300180A002F5DD125E006AA0DF116015FFA94
S21402B31089F003F003FCEFE74FF6F773994540F226
S21402B3202B8115F4026F40F02781964B1B78022B77
S21402B33003D0043B012B00F2218147BB032E4FF0C2
S21402B34001080CBF4FF00C0B4FF0080BBA4624F462
S21402B350C074A4B28C4B18884FF6FF73984206D07E
S21402B3608A49F8F78FFF10B124F48054A4B2039BE5
S21402B37038460093BDF81620534644F4027108F08E
S21402B38051FAADF82000002838D1192079E738465E
S21402B39013F00CFE0246FFF757FF032E08BF0138D4
S21402B3A0824201DD38206CE7032E4FF001080CBF05
S21402B3B04FF00C0B4FF0080B4FF0000A24F4C07449
S21402B3C0A4B2029B1B889BB91A46394606200093F4
S21402B3D00BF0D9FE0028BDD140F6014051E74FF0F0
S21402B3E00008C34675E74FF001084FF0030B70E7FD
S21402B3F0002339461A4607200093E9E74FF6FF7303
S21402B400614A118899421CD00FF02FFE03465E4A0D
S21402B41004301188039314F074FA5D49039B09788B
S21402B42014F4805FD9715949574A1FBF086898605B
S21402B4304868D8604FF6FF7313804FF0FF330B60F7
S21402B4404B605946029A08A808F0A8FA00289CD031
S21402B450504C2378002B3CD1A7B1384613F0A6FDFA
S21402B4600746BDF8200013F0A1FD23780744002B01
S21402B47014BF12220022EB1003F0040317443B44CD
S21402B480842B8FDC15F400570AD0BDF820402046E6
S21402B4900FF0DEFC40F4806189B220460FF0C3FC58
S21402B4A0A6F10803012B05D801221021BDF82000C1
S21402B4B00FF0BFFC179BBDF8204043B32046BDF8F3
S21402B4C016100FF009FDBDF82030179A00201380E1
S21402B4D0D7E6AA06C0D56B0103F020030A2E14BFD6
S21402B4E043F0010363F07E03DBB2B8F1000F08D02D
S21402B4F000215246009108A800F086FE0028ABD034
S21402B500BFE61A46514608A811F05BF8F6E7204651
S21402B51011F003FF179B02462146042000930BF00E
S21402B52032FE00283FF458AF0A2E18D84FF4D963DB
S21402B530F340DB0713D5072E0AD00A2E08D0BDF833
S21402B540200010F051FB80F00100C0B2800098E6A7
S21402B55008A80EF049FB0028F1D0042091E617B1A6
S21402B56025F04005ADB22B463146BDF820005FFA05
S21402B57089F201F01BFF84E6012082E6162080E6AF
S21402B580145B0020CC640020E86E00206C6F002064
S21402B5908A650020C8640020F7B50F469DF828107B
S21402B5A00446DDE90B061D46F1B94FF6FF739C42D1
S21402B5B01CBF174B1C804FF000041CBF154B1A70A3
S21402B5C0BDF8240008F080FA00232A46CDE900439D
S21402B5D0394606209DF82030FFF740FE10B90EB11E
S21402B5E0AB7A337003B0F0BD78B14FF6FF739C426E
S21402B5F01FBF074B1C80074B1A7000220FF050FD2E
S21402B60004460028DCD11920ECE72120EAE700BF37
S21402B610E86E00208A6500202DE9F04788469DF8EE
S21402B6202810074616461D469DF820A0BDF8249011
S21402B6300B9839B158B300220FF032FD044610B908
S21402B640192025E00C464FF6FF739D421FBF114B93
S21402B6501D80114B83F800A04FF6F7739E4208D860
S21402B6600E4B4FF6FD761A784FF6FF73002A18BF78
S21402B6701E46484608F028FA00233A46CDE9084313
S21402B68031464346BDE8F0470320FFF7E7BD2120D9
S21402B690BDE8F087E86E00208A6500206B64002013
S21402B6A02DE9F04786B09DF838600546DDE90FA81B
S21402B6B00C4617469946B6BB374B1B78022B1DD154
S21402B6C025BB4FF6F7739C4214D80026484608F06E
S21402B6D0FBF900233A46CDE900632146FF232846BC
S21402B6E0FFF7BCFD38B9B8F1000F04D0BB7A88F872
S21402B6F0003000E0012006B0BDE8F087043B012BD5
S21402B700DED908460EF06DFA10B31DB3022D31D104
S21402B710ECF796FDA042EDD9204B33F814204FF6F5
S21402B720FD739A4219E0BAF1000F32D01A4B1B7819
S21402B730022B05D1FFF788FDB042E6D23820DAE7C1
S21402B740043B012BF6D908460EF04BFA0028F1D13D
S21402B7501620D0E74FF6F7739C42CBD8002EB4D013
S21402B7603146002250460FF09BFC06460028ADD11B
S21402B7701920C0E7012DBDD104AA0DF10E01E0B2D9
S21402B78003F0CCF9064B1B78A342B3D9BDF80E20C2
S21402B790C5E72120AFE700BFCC640020145B002081
S21402B7A0376F002030B5104B87B005460C46186838
S21402B7B0596803AA03C298680C4910609A88DB8805
S21402B7C052BA23F04003ADF812300023CDE900430D
S21402B7D0ADF81020FF23098803AA0720ADF80E5003
S21402B7E0FFF73CFD07B030BD3C5E0020485E0020FF
S21402B7F038B50C461146124A124D108022682A604D
S21402B80062686A60A268AA60E288500616D5EA886C
S21402B810520613D561B1002218460FF041FC0146CC
S21402B82050B16088FFF7BEFF0522074B1A7038BD7D
S21402B830084611F0B3FCF2E71920F5E70220F6E716
S21402B840485E00203C5E00209B6500202DE9F04FFC
S21402B850074689B0104615461C468A4611F05DFD1D
S21402B8600146284607F0B6FF064628460FF0FDFBBF
S21402B870043014F044F880460FF097FD804550D00F
S21402B880B2074ED1DFF8AC80284605A9B8F800B05A
S21402B89011F049FE9DF81930A8F8007003BBBDF8F8
S21402B8A01430EBB928460FF0E0FB023014F027F80C
S21402B8B04FF6F773984294BF4FF000094FF0010914
S21402B8C001230134E4B22A463846CDF8009005A991
S21402B8D0039303F0C5FE039B40B901339C421ED27C
S21402B8E00020A8F800B009B0BDE8F08F022CF8D10D
S21402B8F0012BF6D10C4A0D4BA3F800A01378591C65
S21402B90011700B4A7F3B16F00C01137007D1BDF87D
S21402B9101A305B0603D5BDF81600FFF743FF022375
S21402B920D1E70020DFE700BFCA640020E86E0020EF
S21402B9308A650020485E00202DE9F04FABB00F4626
S21402B940ADF81E000FF091FB00F1020A06465046C3
S21402B95013F0D5FFBDF81E400546204611F0DDFC6B
S21402B9600146204607F036FF814600F00308301DE8
S21402B97013F0C5FF434C20800FF017FDA8422DD0D0
S21402B9804FF6F7739D4229D87378DA0726D42846ED
S21402B99011F093F830B101232946BDF81E20208805
S21402B9A0FFF754FF0FF001FD364B1B8883420FD181
S21402B9B0BDF81E40204611F0B0FC0146204607F0B6
S21402B9C009FF10F00C0103D1BDF81E0001F0ACFD1A
S21402B9D000222D4B1A602BB0BDE8F08F2B49BDF824
S21402B9E01E0011F0A0FD2A49BDF81E0011F0DFFC72
S21402B9F00028274B08BF0023234ABDF81E00136009
S21402BA000FF0BFFA234B1870BDF81E000FF0BEFAF7
S21402BA10214B1870BDF81E000FF0C3FA1F4B1860BA
S21402BA2000238DF82230002F3ED0184BDB889B0671
S21402BA303AD50FF0BAFC10B3194B1B689D071ED4FB
S21402BA40B8F1010F14BF082318230DF12202009249
S21402BA5000220DF11E00114600F0D6FB20B3B8F10D
S21402BA60010F9FD10F4B1B78112B9BD110F048FE74
S21402BA70002897D140F61D40F9F7E2FF92E7082327
S21402BA80E3E700BF485E0020405700203C5E0020EF
S21402BA90826500207C6500207B6500202C570020F4
S21402BAA0A4480020CC640020504613F028FF8246AB
S21402BAB0BDF81E0013F07AFAA0F11005EDB22A4680
S21402BAC031460AA8EFF7DAFDFF238DF82F304FF63E
S21402BAD0F7739A4540F2DF80B8F1010F00F0E78075
S21402BAE0B8F1020F00F04681B8F1000F7FF45AAFAA
S21402BAF0A44DBDF81E00EB88ADF8240004930FF0A9
S21402BB00B4FABDF824600746304611F006FC01463A
S21402BB10304607F05FFE8DF82300B81C7E7813F0DF
S21402BB20EEFE07460FF041FC06F00106B4F8009060
S21402BB3003906C88002E7FF435AF4FF6F77A4246B4
S21402BB40494657458CBF0620082013F0A1FEBDF8D3
S21402BB5024B0584611F0E1FB5946024643460420FB
S21402BB60CDF800800BF0ECFA574583460AD8B5F9B3
S21402BB700620EB88002A05DB580603D541462046F8
S21402BB80FFF710FEBBF1000F3FF40CAF2B88002B23
S21402BB905AD16B79002B57D14FF6F7730DF1260168
S21402BBA09F42BDF8240094BF4FF0000B4FF0010BEC
S21402BBB010F088FEDFF8D8A100F1FF38BAF800309E
S21402BBC01FFA88F10593EB88BDF82600069307F066
S21402BBD001FE069B04990190009322465B46059857
S21402BBE0C1F340110EF00AF800283FF4DBAE04233E
S21402BBF006200093BDF82610624B5FFA88F20BF01F
S21402BC009FFA00283FF4CEAE48F202036A889A42B0
S21402BC1005D1BDF82410BAF8000000F08DFF594D8A
S21402BC2009AA29460DF123000DF0E6FF0346002877
S21402BC307FF4B8AE2104BAF80000BDF8242060D51F
S21402BC402346294610F053FE9DF823304D4D03F04F
S21402BC500C030C2B75D1288910F014FE00283FF433
S21402BC60A1AE039B002029894B4514BF022603265A
S21402BC7002F02CFE444B18704FF6F7739F42BDF845
S21402BC80240075D8A4F138025342534132463D4946
S21402BC9004F066FC86E6B8F1020F6BD0394BB3F9B6
S21402BCA00630002B26DAB8F1010F7FF41DAF0FF035
S21402BCB07CFB238883423FF475AE0520BDF81E1038
S21402BCC0FFF732FA00283FF46DAE2E4AD3885B06A1
S21402BCD007D50023CDE900330A20FF232188FFF78A
S21402BCE0BDFA3A469DF822302188BDF81E0002F0C1
S21402BCF023F957E629460AA800F070F80028D2D0A1
S21402BD0050E60221DFF88C8088F800102946CDF82C
S21402BD1000B003F0A5FC132C96D0EB885D0493D4F8
S21402BD201A4B1B78D80703D598F80020022A8BD026
S21402BD3099077FF537AE98F80030012B7FF432AEC4
S21402BD4082E700222B79124800936B79114600880D
S21402BD5002F0E4FD0C4B18709DF8233003F00C0340
S21402BD60082B89D1039B4B4514BF0426052683E77F
S21402BD7001238BE74846BDF81E20024901F048FB26
S21402BD8010E600BF3C5E00209A6500206D6400202D
S21402BD90485E00208B65002010B5002108480FF091
S21402BDA0DAF9044650B101460420FFF7BDF928B17E
S21402BDB02046BDE810400121FFF7BEBD10BD00BF02
S21402BDC02C5E0020034BFF211A7803489200EFF7FF
S21402BDD0C5BA00BF386F0020CC44002070B54518A5
S21402BDE004464FF0FF31AC4212D1104B10481A787D
S21402BDF005460023934211DB0E4C2078431CB3FB0E
S21402BE00F2F602FB163345F82010237000200CE0F1
S21402BE1014F8010BE0F7B6FA0146E4E750F8044BD3
S21402BE20A14201D00133E5E7012070BD386F002042
S21402BE30CC4400208C650020042307B501200DEBBE
S21402BE400301054AF7F744FD019B044A1B031360EE
S21402BE5003B05DF804FB00BF23E111003C5700204D
S21402BE60014B1868704700BF3C570020014B18680A
S21402BE70704700BF3C57002010B5064C2368C3F33A
S21402BE800B0313B90448E1F7EDF82068431C23605E
S21402BE9010BD00BF3C57002023E111002DE9F04FF2
S21402BEA093B003930023DDE91C79069399F80030DA
S21402BEB083460DA804930E4615460DF016FB99F818
S21402BEC0003013F003043ED0039B0DF1250A8DF8D3
S21402BED024300022082138460FF0F9F9002870D0E5
S21402BEE028880FF0C2F899F800301C074CBF0430BF
S21402BEF0023013F004FD07A98046F7F7D7FE9DF837
S21402BF0024300446980633D5288806F10D0111F030
S21402BF10D7F9A8B100230093384608232988721D52
S21402BF2013F0EEFD99F8003003F01803182B4AD1EF
S21402BF30B8F1000F47D0A94BB3F86830434542D05A
S21402BF4040F60A4327E02888711D11F0B9F9002847
S21402BF50F6D0009405233246298809A813F0D0FDAE
S21402BF609DF824300DF1240A03F018030393B0E77A
S21402BF7014BB39464046F8F785F90028D2D099F81E
S21402BF8000309907DCD0402322462146404610F076
S21402BF905CFD40F6094399F8002012F0030440F0D5
S21402BFA0F780288803930EF0C3FF224601461A2024
S21402BFB013F06EFC039BEBE007AB03CB38607960B3
S21402BFC0B0E74FF6FF780DF0FAFD044620B10421E3
S21402BFD03846F7F793FE04461E9B002B5AD00923D9
S21402BFE01E990DA88DF834300DF0F9FB209B0BB18D
S21402BFF0209B0693039B002B40F08E800DA8ECF747
S21402C000FDFD99F800309A0700F09880FFF734FF9C
S21402C0105146024601200DF01EFE99F800309B079D
S21402C02010D55946288811F044FA0BF1090350FA44
S21402C03083F35FFA83FB5946288811F011FA00EB66
S21402C0400B06F6B299F8003013F0C20F0AF1040399
S21402C0500DD09DF82420624942F020028DF824205B
S21402C0600A68CAF804204A685A600AF10C030122D8
S21402C07009A800921B1A324629889BB213F040FD8B
S21402C080324659462846FEF7DDFE002800F0A48018
S21402C09000237DE01F9B5BB19E460DF1340CBEE88B
S21402C0A00F00ACE80F00DEF80030CCF800309DE759
S21402C0B0049B594603F020032888049307F08AFB62
S21402C0C010F0030F0CBF012300230593049B059A6F
S21402C0D0003B18BF012342EA430300930DAA06ABB6
S21402C0E038461F9900F01AFB049A034682B10028CC
S21402C0F080D0059B0DAA0093384606AB1F9900F028
S21402C1000DFB034699F8002022F0200289F8002051
S21402C110002B3FF46FAF3EE7039B102B06D1BDF812
S21402C120363043F00103ADF8363067E7039B182B31
S21402C1304FD1BDF8363043F00203F4E701200DF18B
S21402C14025010DF096FD99F80030824613F0040F93
S21402C150288821D1069B1BB3002C35D00EF0E8FEB2
S21402C16000220146162013F093FB84B17FB14FF6EE
S21402C170FF7398450BD000230DA91A4638460DF0DA
S21402C1804EFC394640469DF835200DF030FD012321
S21402C190184613B0BDE8F08F002CDFD1104F01E037
S21402C1A0002CDBD100233246009359463B4610F062
S21402C1B008F900283FF4C4AE002C3FF469AF069A93
S21402C1C00AF10103136063E71B685345C6D80124CE
S21402C1D0E8E740F60A43DBE71923D9E724560020AE
S21402C1E04F650020002307B5054A0648136004225F
S21402C1F00DEB02010193E0F771FF03B05DF804FB5B
S21402C2003C57002023E111002DE9F04F0446B1B05F
S21402C21000888DF82F3016468A4611F07EF80146C1
S21402C2208146208811F01CF900EB0908208811F0DD
S21402C23069F900239DF82F505FFA88F815F0010778
S21402C2400790ADF8363008D101460DF13602208847
S21402C25010F0F0FF08B1ADF8367016B9CDE90E66EB
S21402C2600EAEFEF73BFB18B145F020058DF82F50B9
S21402C2700023CDE9033302930DF12F03CDE90063CA
S21402C2802246534641464846FFF708FE0546002822
S21402C29000F0CA809DF82F3013F0010747D123F033
S21402C2A020038DF82F300FF080F868B17C4A10AB6F
S21402C2B01068516803C3184600F002FA0546FEF7F6
S21402C2C00FFDBBB298423BD83A9B13B100233A9A71
S21402C2D01370BDF83630CBB10121208812F082FEF1
S21402C2E027880546002800F0CA800121384612F049
S21402C2F079FEBDF836700546384612F057FE002322
S21402C30000903A461946284610F017FF0023CDE95A
S21402C310033302930DF12F03CDE900632246534601
S21402C32041464846FFF7BAFD054600287CD00FF086
S21402C3303CF8002840F0BA80284631B0BDE8F08FBD
S21402C34018AB14AA26A9F8B20DF0BEFB002840F0DE
S21402C3509480082210A927A8EFF74CFB8346ADB1BC
S21402C3609DF8A53013F0020F08930FD0082212A9E9
S21402C37027A8EFF73FFB48B9089B590706D53A9B13
S21402C38013B101233A9A1370089507E03A9B002BE3
S21402C39061D1BBF1000F70D1002308930DF1740C2C
S21402C3A014AB0FCB8CE80F00BDF83630CBB10121B1
S21402C3B0208812F017FEB4F800B000284FD00121F2
S21402C3C0584612F00FFEBDF83620834610460992F4
S21402C3D012F0ECFD00231946099A0090584610F018
S21402C3E0ACFE304B0DF1740B0493002303930DF156
S21402C3F02F03CDE900632246534641464846CDF810
S21402C40008B0FFF74BFD002837D1002D33D012AA13
S21402C4105B464FF482714FF4005000F0D9F8089B47
S21402C42013B126A80DF05CF90EF0BFFF88B11E4BC3
S21402C4301B689A070DD4FEF751FA50B1184A18AB8A
S21402C4401068516803C3002226A918A80FF096FEAA
S21402C45000BB002570E700233A9A137099E7BDF8EF
S21402C46036200A901046099212F0A0FDDDE9092353
S21402C47007990090B2E72A46CAE701371FE7BDF8D8
S21402C48036B0584612F092FD2B4600905A46384671
S21402C490079939E726A918A80FF0ACFED3E700BF24
S21402C4A0131F0400A0480020A44800209DF82F3047
S21402C4B003F01103102B7FF43FAF3E4B1B78432B48
S21402C4C07FF43AAF3C4B1B685B067FF535AF20889E
S21402C4D008F1050110F0F4FE834600283FF42CAF65
S21402C4E04146208807F076F9344B10F0200F08BF3B
S21402C4F01E4612A800F0E4F80822314612A8EFF70A
S21402C50079FA002852D0314612A80DF031FB0123E9
S21402C51026AE00933246002314A912A800F0FEF8B5
S21402C52000287FF409AF12AB0DF12F07CDE90360A7
S21402C5300290009322465346414648460197FFF72B
S21402C540ADFCA8B3BDF89A30102043F0080318AA31
S21402C55014A9ADF89A300FF0EEFD00287FF4ECAE89
S21402C56012ABCDE90360CDE9017000932246534633
S21402C57041464846FFF792FC054600287FF4DCAEAB
S21402C58018AB4FF49071002012AA00F021F84FF079
S21402C5900051002010F069F8BBF1000F3FF459AFCC
S21402C5A04FF08051002010F060F852E78346AEE765
S21402C5B014ABE6E7CC640020A44800208E56002088
S21402C5C001461A230120014AF7F782B924E1010045
S21402C5D0F0B5164691B0074609A80D461C46FFF769
S21402C5E0EFFF3EB1336845F04005CDF8263073685C
S21402C5F0CDF82A301B4B1A6822EA070242EA0501E6
S21402C60019604B040DD5BDF824200B0A03F4E2434F
S21402C610C9B222F4E3420B4322F07F021343ADF881
S21402C62024301A230020104A09A9F7F751F9B4B1A9
S21402C63004A80CF05AFF02236A468DF810301546FD
S21402C640234604F11006144618685968083303C4D2
S21402C650B3422246F7D1294604A80DF0C0F811B01D
S21402C660F0BD00BFA448002024E1010047F2FF10FD
S21402C670044B196841F48042014041F480411A603B
S21402C6800FF0F3BFA448002000B589B0FEF7BCFB4C
S21402C69001A8FFF795FF0948BDF8042001681302B8
S21402C6A021F0FF0103F4E2030B43D2B2134343F437
S21402C6B08043036009B05DF804FB00BFA448002075
S21402C6C010B50C4B0446186888B0830706D54FF0A1
S21402C6D0FF3323600120636008B010BD10F04000F5
S21402C6E0FAD001A8FFF76CFFDDF806302360DDF80C
S21402C6F00A30EFE7A448002008B5074B02461B683D
S21402C70013F0400305D118461946FFF761FF0120D2
S21402C71008BD0020FCE700BFA44800202DE9F04732
S21402C7209EB080460C461D4691469DF898A0A2B142
S21402C730164630460CF0D9FE1AF0020F0FD004B996
S21402C74017AC22463146404601AB0DF09BF90DB1BF
S21402C75000232B601EB0BDE8F0870DAEE9E701AB03
S21402C7603146404605AA0DF05AF973780AF0010AD6
S21402C770FF2B26D0002840F0B68054B105AA09AF98
S21402C780134603CBBB42206061601A4604F10804DC
S21402C790F6D125B17278554B03EB82032B60BAF1C2
S21402C7A0000F01D10020D5E7BDF80430D906F9D430
S21402C7B018204FF6FF71727813F06AF840F60E40B2
S21402C7C0C8E74B4F3DB10EF0F0FD10B13B689A073B
S21402C7D02BD500232B603B6803F03003102B01D0CF
S21402C7E0202B24D117A8FFF7EBFE082240460DF1B6
S21402C7F05E01EFF7FFF820B13B6803F04403402BDD
S21402C80015D0BAF1000F15D109A80FF032FF022396
S21402C8103370002C4CD1B9F1000FC3D00EF0C5FD19
S21402C82060B3301DFFF74CFFBCE7324BD2E740F651
S21402C8300A408FE73B68DB03E6D509A80FF019FF2D
S21402C8400223337074BBB9F1000FB1D00EF0ADFD08
S21402C850F0B1301DFFF734FFAAE73B6803F084030C
S21402C860842B2CD009AB0DAF1A4603CABA422060FD
S21402C8706160134604F10804F6D105E025463B68DC
S21402C88003F08403842B28D0301DFFF719FF26E01F
S21402C8903B68012503F08403F4E73B68012503F0B7
S21402C8A08403DDE70EF081FD0028F6D00125D9E7E6
S21402C8B00EF07BFD05460028CFD00025D2E712A851
S21402C8C00CF013FE022312A88DF84830ECF796F906
S21402C8D0224608214046ECF7E9F810237380002D23
S21402C8E03FF460AF64E72D2034E700BF2844002001
S21402C8F0A4480020A048002049B9084B197849B13D
S21402C9004EF66023594328B1054812F01FBC41F287
S21402C9108831F8E70248F6F761BF00BF6C64002072
S21402C920F047002070B586B005460EF03EFD10B901
S21402C930022006B070BDF7F745F80028F8D001A827
S21402C940FFF7BEFE06460028F2D08DB92E4B1C68B5
S21402C95014F0020406D02D4B1B78112BE8D12C4B79
S21402C960B3F868404FF481630221ADF80C3023E03F
S21402C9702846F7F70FFD0028DAD1234B1C6814F07F
S21402C980020406D0214B1B78112BD1D1204BB3F8D1
S21402C99068400822294601A8EFF72CF80028E1D0C3
S21402C9A04FF4027300260A21ADF80C302B68CDF83E
S21402C9B00E306B68CDF81230002203A80EF070FB22
S21402C9C0024608B91920B4E70F4B196801F0300384
S21402C9D0102B17D0202B14BF01230323490001F08C
S21402C9E004010B432046002101F09AF80028E9D002
S21402C9F000210120FFF780FF16B10122054B1A70B5
S21402CA00002096E70323E9E7A4480020CC64002030
S21402CA10245600208165002030B5002585B0CDE97A
S21402CA200055F6F7DBFE0EF0C0FC1E4C60B905F0B2
S21402CA30AFFF0D25002108462170FFF75DFF29464E
S21402CA4068460CF0AEFC18E023784BB3164917483C
S21402CA500A780078904223D90132012B0A700ED14F
S21402CA602A464FF4A071284602F012FDC0B2B8B9A9
S21402CA7041F288310E4812F069FB05B030BD022B38
S21402CA8009D1284602A9F7F7FDFB0028EED102A835
S21402CA90FFF748FFEAE7032B02D101F0FBF9E5E7CF
S21402CAA00425C7E78D6500208E650020746F002080
S21402CAB0F047002070B51B4A1B4D044651681068AB
S21402CAC086B02E7801AB03C31EB10224204606B000
S21402CAD070BDF6F7CFFF0228F7D10EF066FC0028ED
S21402CAE0F3D003A800F03AFE082201A90DF10E00C9
S21402CAF0EEF780FFA0B10D4B32464FF4A0713046E0
S21402CB001C7002F0C5FC04460028DFD10123084A47
S21402CB1041F2883107482B70137012F017FBD5E7E5
S21402CB202324D3E75FE204008D650020746F0020A3
S21402CB308E650020F0470020F0B50C4600219BB021
S21402CB402B4F0646492207A80691EEF707FC3B78CC
S21402CB50012B34D19EBB0DF10E0120460FF0B2FE22
S21402CB600546BDF80E0012F021FA441BE4B2BDF8E9
S21402CB700E1023462A46009606A812F0C1FF30463B
S21402CB8004A9F7F77FFBD0B9CCB19DF81920B2B94A
S21402CB90BDF8233003F47E43B3F5285F1ED3B3F506
S21402CBA0385F0ED31349BDF80E000B6843F400033A
S21402CBB00B6029460CF0F6FF18B104233B701BB03D
S21402CBC0F0BD01220C4B04A81A70FFF7ABFE41F22F
S21402CBD088310A4812F0BAFA0223EFE711463A7091
S21402CBE0FFF78AFE1E2104A80CF0DBFBE7E700BF76
S21402CBF08D650020A44800208E650020F0470020A6
S21402CC00014B1870704700BF8E650020014B1878E4
S21402CC10704700BF8D650020014B1870704700BF3B
S21402CC208D6500202DE9F04F0446408891B00E290C
S21402CC308846ADF81A0079D094F80890A7790EF0D5
S21402CC4014FA09A90546BDF81A00E67910F06BFC3D
S21402CC50BDF81A000EF0FCF8420542BFBDF82A30B5
S21402CC6043F40053ADF82A30E379DB0642BFBDF841
S21402CC702A3043F48053ADF82A30BDF82A3098069D
S21402CC8013D5022F57D10CA9207A0FF0BCFDDDF880
S21402CC903500DDF8391007AB03C307AA00210423C9
S21402CCA000910DF11A00FFF7AFFA0121BDF81A0044
S21402CCB012F098F9022F824649D1474B33F81950A1
S21402CCC0B8F1000F7ED0BDF82A2051067AD54FF66D
S21402CCD0FB739D4276D8414B1B78033B012B04D84D
S21402CCE03F4BB3F86830AB426CD0D30502D528462A
S21402CCF00FF06BFFBDF82A30D80463D5002F33D16E
S21402CD00BDF81A000EF0A4F8C10663D548F2340343
S21402CD10BDF826209A4209D1324E3078FF2805D037
S21402CD2003222946FBF782FBFF233370002323608E
S21402CD3011B0BDE8F08F012F01BF237A2A4A03EB18
S21402CD40430302EB830314BF00229A1CA6E7012FBB
S21402CD5005D10C2303FB09F3234AD55AB0E7A81CD6
S21402CD6012F0CDFD0546ABE7284601F0F7FEBDF80A
S21402CD701A000EF06DF8C206C8D4638950460593B1
S21402CD8012F014F98346504612F0F4F8059B02900E
S21402CD905FFA8BF04A46394601900093404609AB4B
S21402CDA00CF097FAB8F1000F14BF0B20092016F00A
S21402CDB0030218BF02F1FF32294618BFD2B212F0A0
S21402CDC067FDA3E7BDF81A000EF042F8C3069DD42D
S21402CDD0002FD2D1A946D0E7145B0020CD640020F4
S21402CDE024560020786F0020545A002038B50024BC
S21402CDF00F4B104D2A78A24205D8C2B9BDE838407A
S21402CE000D48F6F7EBBC598869B9013AD2B2A2428C
S21402CE102A70EFD0121B184603F110011201EEF72A
S21402CE20EFFA0346E6E701341033E4B2E2E738BD30
S21402CE302C44002091650020006E002070B51A4B2D
S21402CE401A4A1D780023DCB2A54200D870BD1446EB
S21402CE5066880133864202F11002F4D1E379A5888E
S21402CE60E16003F040028DB9CAB123F00403E37116
S21402CE700EF0FBF8037803F07F0303702188002985
S21402CE80E4D1BDE870400A4812F060B9002165801E
S21402CE90A180002AE9D1BDE87040FFF7A7BF20466F
S21402CEA0FFF7C0FEF7E700BF916500202C44002084
S21402CEB0006E00202DE9F047044686B040880F46F3
S21402CEC015460EF0D2F8A3798046082B52D8DFE832
S21402CED003F0052E1851515151510500023012F03F
S21402CEE00EFD002D4ED06946F7F7CCF9002841D149
S21402CEF0684601F0DDFEB0FA80F0400906B0BDE8F3
S21402CF00F08702A9207A0FF07EFC6B466E46DDF8AB
S21402CF100D00DDF81110334A03C3237A32F813905A
S21402CF20314AD05C75B131460FF091FCE6E7237AC0
S21402CF302E4903EB430301EB830231F82390907AE8
S21402CF40961CEFE74FF6FB7AD14515D9304603F02B
S21402CF50ADFF4FF6FF739842054615D001463046A0
S21402CF6001F018FE554508D9E379DA060ED440F6E4
S21402CF702243E3600020C1E74D46294608F102003D
S21402CF8012F0BFFC0120B9E74D46EDE74FF6FC78FC
S21402CF90454512D103F00C030C2B1CD1DFB13046F1
S21402CFA04FF6FD7101F0F6FD40F61F412046E160A6
S21402CFB0FFF738FEFFF71AFFDCE74FF6FD739D42D8
S21402CFC009D10023304619461A4602F02DFB414687
S21402CFD0304601F0DFFDE37943F00C03E37140F6DF
S21402CFE02343C6E7145B002078640020545A0020CE
S21402CFF073B5044640880E460EF037F8023012F03B
S21402D0007EFC0CF0EEFD18B1A11C201D0CF0EEFD0E
S21402D010E6B1E5790135EDB2E57115F0400514D0BB
S21402D020EBF708F90122054600212046FFF742FFEA
S21402D03018B1394B1B882B449DB2384B1B78042BF6
S21402D04001BF354B1B885B199DB2258000223146F5
S21402D0502046FFF72FFF20B360880EF006F8E2792D
S21402D0602F4922F00C03E3710B7805460133DBB23D
S21402D0700B70C3712B4BA61C1B780BB3E379980677
S21402D0801ED52949097871B159060CD592070AD5D9
S21402D09000220423114630460092FFF7B5F810B17D
S21402D0A0E06002B070BD00220123114630460092B5
S21402D0B0FFF7AAF820B1E37943F00303E371EFE741
S21402D0C030460CF091FD0028EAD16088FBF77EFD21
S21402D0D00328E6D8DFE800F0020D1D19E37943F0D5
S21402D0E00403E3711B06DCD5104B1A78104B1A703A
S21402D0F0D7E740F62443E360E37943F00803E3719D
S21402D1002B7803F07F032B70CBE740F62543E360D2
S21402D110C7E740F62643FAE7C06E0020CD6400203B
S21402D120CA640020C8640020756F00207064002066
S21402D130906500202DE9F74F064612F0F6FA5F4B8F
S21402D1400546B3F8009018805D4BA0EB09041B78E7
S21402D150A4B2A34298BF00234FF000084FF6FF7711
S21402D16088BF1B1B564A88BFDBB21370DFF864B158
S21402D170A9EB00030093534B5FFA88F219789142A9
S21402D1800ED80EB1FFF732FE4FF6FF739F4200F045
S21402D1908E8039464C4803B0BDE8F04F11F0D6BF3A
S21402D1A0BBF80220002A3CD0484B9BF80720187890
S21402D1B0BBF800A0042818D00020BAF1000F08BF60
S21402D1C0A2462044504523D2BBF80010009B1944C7
S21402D1D0ABF80010002E4ED002F04802482A4AD180
S21402D1E000215846FFF704FF45E00192F6F790FF4C
S21402D1F030F01003019ADFD1FAF702FD344B019AA0
S21402D200B3F800C08445D7D9ACEB000080B2D4E7AF
S21402D21002F00C00042807D10022ABF800200BF124
S21402D220100B08F10108A6E7510602F0030C02F003
S21402D23008000ED528B3BCF1030F25D1DEB1DBF80A
S21402D2400C105846002908BF4FF44261FFF7EAFC6B
S21402D25011E040B3BCF1010F25D11206EED44FF413
S21402D260C862ABF800209BF8072022F0030242F0C7
S21402D27002028BF80720BBF80020974228BF174609
S21402D280CDE703208445D9D213060ED50C4B1A7867
S21402D2900AEB0200844208DA4A44521B0AEB0201F5
S21402D2A0ABF80010E7E70120ECE7012199E7064812
S21402D2B003B0BDE8F04FF6F791BA00BF325E002029
S21402D2C09065002091650020006E0020CD6400204D
S21402D2D0C06E00202C440020F8B500250A4E0B4FE5
S21402D2E03378ECB2A34204D8BDE8F8400848F5F714
S21402D2F085BF07EB0414A01CF5F780FF201DF5F789
S21402D3007DFF0135ECE700BF916500202C4400202C
S21402D310285E002070B500240B4D0C4E2B78A342DD
S21402D32008D81B1BDBB22B706BB9BDE870400848EF
S21402D330F6F754BA06EB041040F621410134FFF723
S21402D34071FCE4B2EAE770BD916500202C4400202F
S21402D350006E00202DE9F041002506462F46114CAE
S21402D360DFF8448098F80020EBB29A4203D8BDE872
S21402D370F041FFF73BBD60880DF077FE023012F0F9
S21402D380BEFAB0420AD16088F8F74AFA00230E21A4
S21402D3901846628803F086F92780678010340135C4
S21402D3A0E0E700BF2C44002091650020F8B5154E3A
S21402D3B0DFF858E035789EF800E0134FAE454FEAA6
S21402D3C0051C07EB051419D0002503F4835343EA22
S21402D3D01323A1712272E371608027F80C50A58096
S21402D3E006F078FB40F60243E3603378608101334F
S21402D3F028463370FFF79EFE2846F8BD40F60340E7
S21402D400FBE700BF916500202C440020366F002009
S21402D4102DE9F04F344B0D461C78174685B05CB9A3
S21402D420B1F90680DFF8C890DFF8C8A0DFF8C8B008
S21402D43099F80030A34202D805B0BDE8F08F0AEB97
S21402D4400416B08800B9708801A910F06CF8AA7AA0
S21402D4509DF80E309A4244D1B8F1000F0FDA297ABD
S21402D4609DF80C202B89914209D820480078084460
S21402D470824236DA521A1B0A1341D90731D5384688
S21402D48010F040F8BDF80A3004469A0602D5EB883A
S21402D4909B06D1D5F37903F00C03042B08D17088D0
S21402D4A0F8F7BEF9002372881946184603F0FAF810
S21402D4B000213046FFF7B6FBFFF798FC384611F01E
S21402D4C075FD844208D2337A01228BF80030294651
S21402D4D00023384603F044F8B8F1000FACDA002413
S21402D4E0A6E70134E4B2A3E78F650020356F00207B
S21402D4F0916500202C4400209A65002008B512F0A1
S21402D50014F9074B1B88C01A80B2B0F5807F05D984
S21402D510BDE808400021034811F018BE08BD00BF50
S21402D520325E0020006E00202DE9F04788B00446E7
S21402D5300D460FF0F2FE0146204606F04BF910F0BB
S21402D540030340F0848010F00C0F06D129462046D3
S21402D55008B0BDE8F047FFF771BC20460DF078FC36
S21402D560C10659D420460FF0D8FE0146204606F0E2
S21402D57031F9074620460DF078FD0646023012F0D5
S21402D580BEF905A98046204607F00C0796F806A0C5
S21402D5900FF0C9FF73780C2F0CBF03270627012153
S21402D5A013F0010F204618BF032711F01BFD2B4B6B
S21402D5B081461B78033B012B1DD9BAF1010F1AD9FC
S21402D5C04FF6F773984502D8337A1F2B13D9301DBE
S21402D5D012F095F9F17982460EF04DF9064650465C
S21402D5E0F7F726FDDEB173685A1C04D0834340F673
S21402D5F0284308BF1D461A4B1B88A34212D1B5FA10
S21402D60085F04009FAF7A6FD20460DF04FFC0022F1
S21402D6100146072012F03CF908B0BDE8F08740F654
S21402D6202845E8E706F056FA8246484611F0BEFC60
S21402D6300646484611F09EFCF6B20290424639462D
S21402D6402846CDE900A605AB0BF043FEDCE7012B2E
S21402D650E2D110F00C0FDFD178E700BFCD640020D6
S21402D660285E0020002210B5094B1C78094BD1B267
S21402D6708C4201D8002010BD197A814202D19979D4
S21402D680022902D010330132F1E70120F3E700BF8E
S21402D690916500202C4400200146002210B5084B5C
S21402D6A01C78084BD0B2844201D8002010BD187AEC
S21402D6B0884202D198790128F8D010330132F1E776
S21402D6C0916500202C440020002210B40A4B1C78DE
S21402D6D00A4BD1B28C4203D85DF8044BFFF786BBE7
S21402D6E0197A814205D19979012902BF0021198050
S21402D6F0598010330132ECE7916500202C4400205B
S21402D700044B1B6813F0300F03D0202130200EF09C
S21402D710ACBF7047A4480020002310B50446084951
S21402D7201A4601EA00414FF07F60FEF751FFE30719
S21402D73003D5002130200EF098FF002010BD00BF58
S21402D74000007207044B5B8823F4784323F08D03B2
S21402D75003800020704700BFA448002008B50022BE
S21402D7600346C3F80220C3F806200B4A02301268AA
S21402D770D1B212F0200F18BF41F0100119809307A2
S21402D78001D4FEF79DFF054B1B78023B032B8CBF93
S21402D7901720002008BD00BFA4480020CC6400204B
S21402D7A038B505460C46FDF72FFB98B10E4B187898
S21402D7B078B10E4B1B681A040FD58CB113F0420FCA
S21402D7C000D17DB103F44073B3F5407F0CBF002057
S21402D7D0232038BD40F60840FBE740F60B40F8E74A
S21402D7E02046F6E72320F4E7C8640020A448002079
S21402D7F0F0B504468DB007A80D4616460BF075FE2A
S21402D8001022002103A8EDF7A9FD5CB1234603AC64
S21402D81003F11007224618685968083303C2BB4250
S21402D8201446F7D1012703A986EA070307A88DF84D
S21402D8301C708DF81D300BF0C3FF80EA070401A8A8
S21402D840E4B2EBF739FAB6B101A88DF80650EBF759
S21402D8505FFA64B1002303A907A88DF81D300BF008
S21402D860BEFF0C4B1B78432B01D1F7F7CFFC0A4BBC
S21402D8701D700DB0F0BD01A88DF80750EBF748FA01
S21402D880002CF6D003A907A88DF81D700BF0A7FF91
S21402D890EFE700BFCC640020C7640020F0B5012586
S21402D8A093B007460DA80C460BF01FFE05A90DA85F
S21402D8B0ADF834500BF0AEFF01A8EBF7FDF909A95D
S21402D8C00DA88DF835509DF806600BF0A3FF0DA845
S21402D8D09DF807500BF034FF70BB731BDBB2802B36
S21402D8E028D91FB1A64225D0A54223D105A90DA845
S21402D8F00BF075FF03A8EBF7DFF903A88DF80F60AE
S21402D900EBF706FA0122294609A8FFF771FFF7F797
S21402D91033FD01214FF4007003F0E6FDFDF75CFADB
S21402D920B0F1004F01D9FDF75DFA044B18780BF001
S21402D93036FD012013B0F0BD0020FBE7C7640020CF
S21402D94070B50E46144605460320FFF765F946F005
S21402D9500402294620460BF09CFF0022014B1A6067
S21402D96070BD00BFA0480020F0B587B00788054606
S21402D9701022002102A8EDF7F1FC3E4B1B78002B8B
S21402D98076D1BC055ED407F08403842B63D00022D4
S21402D990394C11461046FFF72BFF17F4045F276039
S21402D9A005F102061CD0B9040AD5304605F0A4F9E2
S21402D9B000284ED1236823F4005343F48073236077
S21402D9C030460EF0E0FE002842D10BF08AFD18B970
S21402D9D0236843F480332360236843F020032360E4
S21402D9E022680DF1060042F400432360FFF7AAFE08
S21402D9F012F4805FBDF8063031D043F02003ADF854
S21402DA0006302168334611F0400218BF05F12302A2
S21402DA104FF07F60FEF7DCFDBDF80630DA0703D56F
S21402DA20002130200EF021FE23689B0506D5012238
S21402DA3095F8221005F11200FFF7DAFE00200F4BD0
S21402DA40186006E005F112000EF09DFE00289AD03E
S21402DA50292007B0F0BDB80799D52320F9E723F0AF
S21402DA602003ADF80630FDF7BDF9FEF7BBFBC8E7AD
S21402DA700220EEE7CC640020A4480020A048002044
S21402DA8008B5054B1B7833B1FFF73AFEBDE80840F0
S21402DA900248FEF731BE08BDC86400204F6500206C
S21402DAA010B5154B1B78D3B1144B1B78033B012BD7
S21402DAB015D900200FF02AF9044698B1EAF7EAFBD6
S21402DAC0237913F0300F0AD148B1012803F0CF02B0
S21402DAD006D0811E4B424B415B011343237110BD9E
S21402DAE01023FAE7F7F7DAF80028F8D0214620469E
S21402DAF0BDE8104004F096B8C8640020CD6400204B
S21402DB0008B50DF052FC054B18B91868C0F3800032
S21402DB1008BD1868C0F30050FAE700BFA44800200A
S21402DB202DE9F04F064689461046002189B0154673
S21402DB30984605F04FFE102807460AD86A4B03415E
S21402DB40DB0706D4C8F340049DB9002009B0BDE83F
S21402DB50F08F664B1C78002CF6D0FFF7D1FF00281A
S21402DB600CBF4FF4F0744FF4D074FC4004F0010480
S21402DB70EAE74FF0000A18F0010F534652462946CC
S21402DB804FF00500CDF800A00CBF4FF0080B4FF485
S21402DB90027B09F0F8FA0028D7D0C8233246009351
S21402DBA059465346284605F03DFEADF80E000028BD
S21402DBB0CBD018F0080A4AD14FF6F773A7F10F0236
S21402DBC0D2B29E428CBF09230123012A01D843F018
S21402DBD04003474A8DF810301378591C11708DF89F
S21402DBE01130002C4FD09DF81030052F43F0200343
S21402DBF08DF8103033D03F4B1D78002D5AD04FF69B
S21402DC00F77300259E424FF00F0248D9012304A95C
S21402DC100DF10E00F5F736FD002896D1002C4DD1F9
S21402DC20BAF1000133463A4618BF0121BDF80E008C
S21402DC30CDF800900BF0DFFFADF80E00002884D080
S21402DC4018F0040F4DD031460DF0E4FF7EE749464A
S21402DC500DF10E0005F02AF80028ADD175E7012176
S21402DC60BDF80E0011F0BEF9012105F0B3FD012347
S21402DC70834013F0620F1CD11E4B1B78E3B14FF6A4
S21402DC80F7731825BEE71B4B25461B780222002B8E
S21402DC90BCD04FF6F7739E42B8D8052FB6D0BAF16D
S21402DCA0000FB3D19DF8103043F040038DF81030CA
S21402DCB0ACE710250F22A9E71825FBE7BAF1000FFB
S21402DCC00AD002234A46009029460DF10E00FEF7BE
S21402DCD09BFA0028A4D038E741235246CDF800A08C
S21402DCE0F2E70DF081FF31E79FFEFEFFC8640020D9
S21402DCF0C9640020BA6400202DE9DF431E46144B97
S21402DD0080461B680F469B0791460A9C1BD42046FA
S21402DD1014B10BF058FFC0B20622CDE902403B46D2
S21402DD200020CDE900890B490FF077FA024650B180
S21402DD300021002E0CBF01230323084604B0BDE8D1
S21402DD40D043FFF7EDBE002004B0BDE8D08300BF8D
S21402DD50A4480020B99504002DE9F04F8DB0814605
S21402DD608A461F4693469DF85C803AB903A8FEF79A
S21402DD70A7FCB0BB00200DB0BDE8F08F1546002210
S21402DD80232110460DF08CF9ADF80A000028F1D0D8
S21402DD9011F0F0F80523044618F0100F00F8023BC5
S21402DDA0677020D011220021EDF7D8FA04F113068D
S21402DDB0032F4FF0080237D159463046EDF720FBC5
S21402DDC0C8F3801306F1090533720BF0F8FE00283B
S21402DDD03ED000232B706B700123033505F8013CFF
S21402DDE036E003ADCBE7012610221699EDF708FBC5
S21402DDF006FA07F313F0620F02D104F11206D7E710
S21402DE0007A80BF072FB05A88DF81C60EAF754FF12
S21402DE109DF8162018F0200F9DF8173008BF1346FD
S21402DE2004F11306A374C3E751463046EDF7E8FA49
S21402DE30012306F10802121B28460093BDF80A10B9
S21402DE40082392B211F05CFE042F06F11005BCD036
S21402DE502D1BA9B20DF10A000FF047F9002889D14F
S21402DE6018F0040F0BD0484611F0A4FAFF281FBF83
S21402DE70074A32F8103023F4804322F81030434623
S21402DE8051464846BDF80A20FFF74AFE73E700BF30
S21402DE90BC5D002070B5032690B08DF807600DF0CB
S21402DEA084FA18B90224204610B070BDF5F78AFD30
S21402DEB00028F7D002AD2846FEF702FC0028F1D073
S21402DEC01B4B1C6814F00204ECD140F20F43194AB3
S21402DED0ADF82430136804A8CDF826305368CDF880
S21402DEE02A300BF002FB95E8030005AB83E803003B
S21402DEF0062304A88DF81D308DF81060EAF77EFE22
S21402DF0001210DF12E020DF10700EAF7CFFD2246A0
S21402DF101A2109A80DF0C4F8024608B91924C2E766
S21402DF20012329462046FFF7FBFD0028BBD1F5E773
S21402DF30A44800204F6500202DE9F04F06460F4604
S21402DF40002199B01F2210A803930F91EDF706FA4D
S21402DF5030460FF0E2F90146304605F03BFC8DF8FC
S21402DF601B0030460DF081F89DF81B30457881463F
S21402DF70C5F340059806304648BF45F002050FF047
S21402DF80C1FA0446304611F011F80023001B5FFA6E
S21402DF9080FA00935346232B28BF2323224631467A
S21402DFA00FA811F0ADFD002840D19E4B9DF83C8095
S21402DFB01B789DF83DB0002B3BD0FFF7A1FD002853
S21402DFC00CBF4FF4F0734FF4D07323FA08F3D9075B
S21402DFD02FD5AA072DD4B8F1080F24D1BBF1040F10
S21402DFE024D1FAF797FD08BB012322460093314657
S21402DFF005200DF11B0309F0A3F8B8B1A8F1050836
S21402E000B8F10D0F12D8DFE818F02800A001C701FA
S21402E010EC01F5011100110011001100FB019D0237
S21402E020A902D702D702B8F1050F08D019B0BDE889
S21402E030F08FB8F1100F05D1039B002BF6D0FAF73C
S21402E04069FDD1E7FAF766FD0028CDD0B8F1050FD5
S21402E050CAD0B8F1110FC7D0E8E7BBF1050FE5D873
S21402E06030460CF065FF059009F1020011F047FCFE
S21402E07081460DF11E00FFF765FB01239DF83D70FA
S21402E080BB4013F06203039305D0BDF81E309B0716
S21402E09001D5AE07CAD50DF088F90028C6D0FAF722
S21402E0A039FD08B9002DC1D00DF13E0A50460EF0DA
S21402E0B06AFB039B0490BBB1032F9DF84EB01AD1A6
S21402E0C00DF14F040DF071F9814540F01781032DD3
S21402E0D0ACD19DF856105246003918BF01210DF1F9
S21402E0E04E000BF095FDA1E7032FDDF80CB07BD1B7
S21402E0F00DF14E04E6E74C4B1B689C0729D5FF2220
S21402E10008210DF157000DF0E2F8804608BB0346E1
S21402E11001460DF157020220FEF75AFA0DF045F9B4
S21402E12081450DF157060DF14F0422D04FF6F773D5
S21402E130994540F2E8800022082120460DF0C7F8F3
S21402E140002800F0E080002259465046FFF750FBB8
S21402E1506CE70DF157060DF14F0430460EF0ADFA9E
S21402E160002846D00DF021F9814540F0C8804FF0D6
S21402E17000082046F6F70EF9002800F0C080012FAE
S21402E18058D0042F7FF452AF0EF0BAFA10B1032D16
S21402E1907FF44CAF049B002B7FF448AF324602213B
S21402E1A05046FFF7CDFB214B1B7863B1FFF772FE9B
S21402E1B0FEF72CFD022806D10120FEF721FD0121E3
S21402E1C00846FEF799FB1A4B1B78022B1FD1032138
S21402E1D030460BF0E6F8FEF719FD014600287FF4FC
S21402E1E025AFFEF789FB21E70DF156060DF14E0429
S21402E1F0B3E70F4B1B78432B7FF418AF012F7FF446
S21402E20015AF0DF0D2F8814579D1B846B1E7412B6A
S21402E2107FF40CAF044B1B6858057FF507AFF8F781
S21402E22061FC03E7C8640020A44800208165002042
S21402E230CC640020B64C2378022B22D02378412BC4
S21402E2403FF4F4AE049B33B9FAF764FC594602462F
S21402E2505046FFF7CDFAFAF75DFC00283FF4E6AE2B
S21402E2600EF04EFAAB4F98B13B681A0502D42378EB
S21402E270432B0DD1AB070BD440F61A40F7F7E0FB61
S21402E280D4E60EF03DFA0028D8D0A907D6D4CDE6BB
S21402E290386810F0020002D1059903F0C3FC237817
S21402E2A0112B16D13B685F0513D50020FEF73AFB0B
S21402E2B0044600287FF4BAAE0DF04FFB40F61C4031
S21402E2C0F7F7BEFB21462046FEF716FBF7F7C4FB20
S21402E2D0ACE6AC0701D5FFF713FAB8F1000F9ED0F3
S21402E2E00BF0FFF818B94FF480310EF0BEF9002299
S21402E2F0894B30461A600EF0D7F990E70026039B4A
S21402E300002B7FF413AF4FF6FF73204608A9ADF833
S21402E3102030F5F791FF20B120460DF021F8ADF838
S21402E32020004FF6FF73BDF8200098423FF47EAE01
S21402E330049B3246002B0CBF042315232146CDE94D
S21402E34000A33B46FFF708FD70E60DF02EF8002806
S21402E3507FF46CAE714B1B78002B3FF467AEA807B8
S21402E36004D46C4B1B6899013FF560AEBAF10C0FF2
S21402E3700DF1450094BF002412AC11F0C0FA02461B
S21402E3809DF8470003283FF651AE394600940DF13A
S21402E3903D0304F00BFA49E60DF13D00F5F7FAFFEE
S21402E3A028B1022239460020FAF740F83EE65C4BD6
S21402E3B01B78013B012B3FF639AE0DF13D0002F012
S21402E3C075FD4FF6FF739842044606D10DF13D00E7
S21402E3D00CF0C6FFA0423FF429AE0021FAF736F948
S21402E3E024E6EA077FF522AE2A4638460FA904F04D
S21402E3F0DBFA1BE69DF83D100120FFF74FFA15E603
S21402E400474B1B78013B012B3FF610AEEB077FF51F
S21402E4100DAE0DF13D0002F049FD4FF6FF73984236
S21402E4200546804640F080800DF13D000CF098FFD6
S21402E43040450546074677D10DF13D00F6F71CFC30
S21402E440B84205463FF4F2AD304610F0AFFD00226A
S21402E4500934E4B2071BFFB2394610460CF020FE20
S21402E460ADF81C0000283FF4E1AD4FF0010900238F
S21402E4702A460821CDF8009005F0D4F9ADF81E0022
S21402E48000283FF4D3AD214630460FF012F84FF085
S21402E490000A80461622514609A8CDF820A0ECF7BD
S21402E4A05DFF434622463146CDF800A008A811F08B
S21402E4B027FB4B46424608A90DF11E00F5F7E2F887
S21402E4C000287FF4B3ADA7EB0807FFB2394607A8CA
S21402E4D00EF00BFE284610F06DFFFF2818BF114AFB
S21402E4E0444418BF32F81030E4B21CBF23F4804311
S21402E4F022F81030BDF81C00234632460021009751
S21402E5000EF01BFE2946BDF81E000DF083FB8DE5BE
S21402E510CC640020A4480020A0480020C864002044
S21402E520CD640020BC5D0020284610F043FFFF2883
S21402E530074689D0F6F7C6FD002885D0384603F090
S21402E54099F881E71E4B1B78013B012B3FF66EAD17
S21402E5502A4638460FA9FCF7C9F967E5194B1B7816
S21402E560022B20D1002F7FF461AD08A8FEF7A8F891
S21402E57000283FF45BAD144B1F709DF83D30002B16
S21402E58014BF64246524FEF741FB032806D13846EF
S21402E5903946FEF7B1F93846FEF73EFB214608A893
S21402E5A00AF0FFFE42E5043B012BDBD938460BF0AE
S21402E5B018FB0028D6D139E530460BF014FB35E5BA
S21402E5C0CD640020CC640020816500202DE9F34153
S21402E5D005460E46174698460EF092F8044640B197
S21402E5E001233A4631462846CDF80080FFF784FBE1
S21402E5F004460EF085F830B1FFF782FA78B10A4B7E
S21402E6001B689B010BD400233A4631462846CDF8B8
S21402E6100080FFF771FB002C0CBF0446012404F0B7
S21402E620010002B0BDE8F081A448002070B58AB0AF
S21402E63005A80AF05AFF022301AA15468DF81430DF
S21402E640084B03F11006144618685968083303C4C9
S21402E650B3422246F7D1294605A80BF0B1F80AB014
S21402E66070BD00BF67E20400014B1878704700BF18
S21402E670766F0020014B1888704700BFEA6E0020B4
S21402E6804FF6FF732DE9F043994280460D4685B05A
S21402E6900BD000274FF6FD791C4EE9F7D1FDFCB2F0
S21402E6A0A0420BD84FF6FF701DE0F5F773FE002868
S21402E6B0EFD005B0BDE8F0430CF077BE36F8143064
S21402E6C04B4517D8694620460EF061F808224146A7
S21402E6D00DF10500EDF78EF94FF6FF7360B99D4216
S21402E6E004D136F8140005B0BDE8F08326F81450BD
S21402E6F00EF016F80137D0E79D42FBD036F81430FC
S21402E700AB4208BF26F81490F4E700BF145B002063
S21402E7102DE9FF4706460F4600254FF6FD79DFF83E
S21402E7203C80DFF83CA0E9F78BFDECB2A04202D8B1
S21402E73004B0BDE8F08738F814304B450CD869466B
S21402E74020460EF024F8082231460DF10500EDF7BA
S21402E75051F908B90AF804700135E4E7145B0020A1
S21402E76078640020014B33F810007047145B0020D9
S21402E770F0B5064600250D4F85B0E9F761FDECB20F
S21402E780A04201D805B0F0BD37F81430B3420BD121
S21402E790694620460EF037F89DF80030022B1CBF63
S21402E7A04FF6FD7327F814300135E6E7145B0020B8
S21402E7B030B585B004460D46E9F742FDA0420FD9B2
S21402E7C0084B33F814204FF6FD739A4208D8694670
S21402E7D020460EF018F829460DF10500FFF750FF07
S21402E7E005B030BD145B002030B585B00446E9F7AD
S21402E7F027FDA04219D92046FEF734FF0546B0B9D8
S21402E800694620460DF0C3FF9DF800302BB16946DD
S21402E81020468DF800500DF0D8FF4FF6FF7200200C
S21402E820044B23F8142005B030BD2820FBE740F641
S21402E8300440F8E7145B00202DE9F0410B7805460A
S21402E8400E461BB9BDE8F041FFF7CEBFE9F7F8FC6C
S21402E850A84231D92846FEF705FF78BB374617F897
S21402E860058B4FF6FF713846FFF70AFF0446384617
S21402E87000F01EFAB0FA80F04009B8F1000F15D089
S21402E880B8F1030F15D04FF6FF724FF6FD739442A0
S21402E89008BF1C460B4B314623F815400A4B585509
S21402E8A028460DF092FF0020BDE8F0814FF6FF7477
S21402E8B0F0E74FF6FE74EDE72820F5E740F6044051
S21402E8C0F2E700BF145B0020786400202DE9FF41C8
S21402E8D00D4604464FF6FE780F4F0E0AE9F7B0FCD7
S21402E8E0A04204D8FF24204604B0BDE8F08137F8E1
S21402E8F0143043450CD1694620460DF048FF9DF87A
S21402E9000520EBB29A4203D19DF80630B342EAD014
S21402E9100134E4B2E2E700BF145B00202DE9F04FB9
S21402E9200C461746984600254FF6FD7B87B09DF8A5
S21402E93040A0DFF85C900190E9F782FCEEB2B042AC
S21402E94001D8FF2616E039F816205A451ED830465A
S21402E95002A90DF01CFF3FB99DF80920424515D1CA
S21402E9609DF80C20524511D144B939F81620019B66
S21402E9709A420BD1304607B0BDE8F08F08222046F7
S21402E9800DF10D01EDF736F80028F3D00135D3E787
S21402E990145B002010B514460DF0F9FE2046BDE8C3
S21402E9A0104008220149ECF72BBD00BF4F6500203E
S21402E9B02DE9FF47074615460846082224491E4603
S21402E9C0EDF718F8044600283FD14FF6FF7ADFF835
S21402E9D08490E9F735FC5FFA84F880450BD385B35B
S21402E9E0384608F08EFC01250C9B18700120357005
S21402E9F004B0BDE8F08739F8183053451FD0694691
S21402EA0040460DF0C4FE7A789DF801309A4216D13F
S21402EA107A88BDF802309A4211D13A799DF80430CC
S21402EA209A420CD108220DF10501781DECF7E2FF9F
S21402EA3028B9002DD7D1404608F07EFCD3E7013432
S21402EA40C7E7FF2008F078FCCEE70020D0E700BF3B
S21402EA504F650020145B0020F0B50025154E164FBA
S21402EA6085B0E9F7EDFBECB2A04201D805B0F0BDE7
S21402EA70694620460DF08BFE9DF80030032B06D922
S21402EA800023694620468DF800300DF09EFE9DF864
S21402EA90002062B14FF6FD734FF6FE71032A08BFDF
S21402EAA00B4626F81430002301353B55D9E74FF6BE
S21402EAB0FF73F6E7145B002078640020F8B50E4674
S21402EAC004464FF6FF770C4B0C4D1B7803EB4303C3
S21402EAD005EB8305A54202D800242046F8BD23880C
S21402EAE0BB4206D008223146A01CECF783FF002862
S21402EAF0F3D00C34EEE700BF376F0020545A0020E4
S21402EB00044BFF211A78044802EB42029200ECF70B
S21402EB1025BC00BF376F0020545A0020F8B50446C3
S21402EB200C4B0D461B781046A3420DD90C2702212A
S21402EB3017FB04117C43084E08223144ECF760FCB4
S21402EB40335B00202B80F8BD0023136053604FF622
S21402EB50FF73F6E7376F0020545A002038B5044694
S21402EB604FF6FD75FFF704FE0022084B1878084B97
S21402EB70D1B2884200D838BD33F80C1C0132A1420B
S21402EB8008BF23F80C5C0C33F2E700BF376F002097
S21402EB90605A002070B505460E460846FFF7DEFFAF
S21402EBA031462846FFF76CFD29460648FFF786FFE2
S21402EBB000B970BD044624F80C6B0DF0B1FD294671
S21402EBC02046F3E7545A002010B5082286B023499F
S21402EBD00446ECF70FFF20B906B0BDE810400CF073
S21402EBE0E4BB082220461E49ECF704FF20B91D4B61
S21402EBF0B3F8680006B010BD0023012221464FF686
S21402EC00FF700093FFF78AFEFF2806D0164B33F8F4
S21402EC1010004FF6FB739842ECD903A8FEF79EFD50
S21402EC2058B9BDF80C305B0607D5082221460DF10F
S21402EC300E00ECF7DFFE0028DCD021460B48FFF77B
S21402EC403DFF40B14FF6FB724FF6FF7300889042CD
S21402EC5088BF1846CEE74FF6FF70CBE74F65002019
S21402EC608E56002024560020145B0020545A0020A2
S21402EC7070B5002204464FF6FB7608460A4B1D780E
S21402EC800A4BD1B28D4201D8002009E01988B14260
S21402EC9007D8A14205D10822991CECF7B1FB012046
S21402ECA070BD0C330132ECE7376F0020545A002057
S21402ECB037B5014605460E48FFF700FF044640B149
S21402ECC0807A29460DF0C3FD80F00100C0B203B081
S21402ECD030BD03460090012229464FF6FF70FFF72B
S21402ECE01DFEFF2816BF034B2046185CE9E700BF4F
S21402ECF0545A0020786400202DE9F341224B044642
S21402ED001B780F468342154638D9FEF7C5FCB8BBBA
S21402ED104FF6FD739D421D4E0ED004EB440326F8BB
S21402ED2023504FF6FF739D421FD12046FEF7CCFCC0
S21402ED30002002B0BDE8F0810DF106013846F5F775
S21402ED407BFA4FF6FF72BDF806303846934218BF7C
S21402ED501D460C236343F55206EB0308FFF7A8FF94
S21402ED60B0FA80F0400988F80A000C2303FB04601E
S21402ED70082239460230ECF743FBD9E72820D8E7C9
S21402ED8040F60540D5E700BF376F0020545A0020F2
S21402ED9038B504460D46FFF7BBFC21460448FFF78C
S21402EDA08DFE00B938BD857221460C30F7E700BFEC
S21402EDB0545A00200023074A1370074A1370074A62
S21402EDC0118801B11380064B1A880AB100221A80F4
S21402EDD0704700BF9365002092650020385E0020D1
S21402EDE0365E00202DE9F04F4C4C9846238889B0B9
S21402EDF005900F4610469DF848A05BB952B10EF03A
S21402EE008DF920804FF4FA61454809B0BDE8F04F0D
S21402EE1010F09CB9DFF81C91B9F80050002D69D0AB
S21402EE20284610F0C3F8C0F34704284610F0A2F8AC
S21402EE30DFF804A10294BAF80030DFF800B10193BB
S21402EE40BBF80030054600930022434601203549B0
S21402EE500EF0E3F9ADF81E0010B305EB44080124EA
S21402EE60454512D1E4B9BDF81E50CDB12E4B1B78E4
S21402EE702BBB2B4600223946059800F043FA0023A6
S21402EE80ABF80030AAF800300AE0012329461A46F9
S21402EE900DF11E00F4F7F6FB023504460028DFD01B
S21402EEA00023224AA9F800301378013BDBB2137024
S21402EEB0002BA7D109B0BDE8F04FFFF77BBF0CF0DF
S21402EEC03DFA0146284604F085FC0A21804628467B
S21402EED004F080FC0646A64202D8FF2CCFD1C8E733
S21402EEE0284604F10B0104F075FC8045C1D80134B4
S21402EEF0E4B2F0E70E4C237823B910F00BFB08B906
S21402EF0001232370524641460520F5F757FC002898
S21402EF10D0D1207009B0BDE8F08F00BF385E002067
S21402EF20206E0020BF9504009465002093650020A3
S21402EF3092650020365E0020D05D0020D25D002063
S21402EF4030B5154D87B02C889CB923464FF4A07275
S21402EF5048F2380103A80DF05DFD21462046F9F778
S21402EF60F3FB22460D4B009403A9FFF73BFF07B0C5
S21402EF7030BD20460CF079F8043010F0C0FC03A92E
S21402EF80044628880EF0CFFA0023009320462A88EB
S21402EF9003A900F065FBEAE7385E002000F8FF07E9
S21402EFA037B5002001A9F9F7CFFB0D4C01462378AF
S21402EFB00C4D7BB10C4B019A1878F9F7DBFB2078E5
S21402EFC0F7F716F9002323702B700848F4F706FCAF
S21402EFD003B030BD2B78002BF7D0FFF7B1FFF4E774
S21402EFE0966500209365002095650020206E00201F
S21402EFF008B50548F4F702F90448F4F7FFF8BDE847
S21402F00008400348F4F7FAB8385E0020365E00205F
S21402F010345E00202DE9F04F89B089460446CDE9DA
S21402F02005239DF84870139E30B316F801ABBAF16B
S21402F030000F23D00AF1FF34A400E4B231460120C7
S21402F0400AF017FEC00E1BD1DFF838B13146012098
S21402F0500AF00FFE9BF8005034442279BDB1002F0F
S21402F06047D180234846CDE90277CDE900773E4A6C
S21402F070059900F047F93CE08246DFE75446DDE7B3
S21402F0801B28ECD9314601200AF0F3FDE7E7DFF84A
S21402F090F880FF2A00EA08080BD14246E379A179F4
S21402F0A0607901EB032189B209B0BDE8F04FF9F7A8
S21402F0B061BB2E4909688B070AD5FE2A35D1012382
S21402F0C00135EDB2202D4FEA43030AD1FF250AE0AF
S21402F0D0294628460792F9F737FB4845BFD1079AD3
S21402F0E0EBE79845ECD1224B1B78FF2B04D0AB42C2
S21402F0F004D009B0BDE8F08FFF2DFAD029460020D3
S21402F100F3F774F80028F4D09BF800306479002BEB
S21402F110EFD1FFF74FFE17484FF4105110F016F8D4
S21402F120154B8BF800501C70E3E7052A97D8BAF106
S21402F130010F94D8B8F1000F91D0002FD9D173796E
S21402F140002BD6D00D49098821B9082B28BF0823E1
S21402F1500B490B70434648461292DDE9051209B088
S21402F160BDE8F04FFFF73EBEBF950400A44800205E
S21402F170776F0020206E002095650020385E002004
S21402F180936500209665002000F8FF07014B188063
S21402F190FFF7D6BE365E002037B5184B1B78022B1B
S21402F1A003D01725284603B030BD00210DF1070015
S21402F1B0F4F798FC05460028F3D1114B1B78013B67
S21402F1C0012B01D90225EDE7F4F7F6FB0028F9D06A
S21402F1D00AF02FF80446F4F7EFFB0A4B4FF47A7165
S21402F1E018700B23B4FBF3F203FB12440A34A4B2E6
S21402F1F0614305480FF0AAFFD4E700BFCC640020A5
S21402F200CD640020BD640020D04700202DE9F043E5
S21402F210384B00241E784FF4F813374FA5B00393EB
S21402F2203D78ADF81040F7F78FF8BDF90E30ADF81F
S21402F2301200A342ADF8144006DB304B1C780134B2
S21402F240E4B21C7044F080048DF82C40A9460224D7
S21402F2504FF000088DF82D60B14529D300222146D3
S21402F2600BA83D708DF82D800BF01AFFE8B1B8F1AF
S21402F270000F09D000234FF6FC71CDE9000303AA64
S21402F280FF230620FBF7EAFFB5422FD209F0D1FF93
S21402F2900B23B0FBF3F24FF47A7102FB13000A3031
S21402F2A080B2414316480FF051FF25B0BDE8F08307
S21402F2B0484606A902F004FA98B9512C11D804F16E
S21402F2C090030DEB0302083406AB013508F1010882
S21402F2D003CBE4B242F8640C42F8601CEDB25FFA6B
S21402F2E088F809F101095FFA89F9B5E70448F4F7E5
S21402F2F075FADAE7BD640020BE6400209865002037
S21402F300D04700200CB42DE9F04F8BB014AA0E465D
S21402F31052F8041B07460992002940F08F80BDF878
S21402F3205400ADF82200002800F0A18033794FF691
S21402F330F778002B40F0868047458CBF4FF00908CF
S21402F3404FF008084C4B1C78FF2C40F08380B6F92F
S21402F3500230002BA9BF494B347A1C780134A2BF75
S21402F360E4B21C7044F08004DFF81CB1224600218F
S21402F37004F044FA9BF80030BDF82200002B6CD053
S21402F380DFF808A14FF00009BAF8003007930FF033
S21402F3900DFE0546BDF822000FF0ECFDEBB2CDE9FE
S21402F3A00193FF23CDE903090093224633463946EB
S21402F3B00798FCF7F1F84FF6FF7305468BF80090B6
S21402F3C0AAF80030382D33D13246394640460DF180
S21402F3D022030AF00EFC00284BD04FF6F7739F422A
S21402F3E026D8B6F902307088002B21DA48F20402D9
S21402F3F02349244B4FF00008904214BF8946994691
S21402F4000BF0D3FF494603468A220120CDF800803E
S21402F4100DF003FF814658B12246414604F0EEF94C
S21402F420FF23324639464046CDE90098FBF716FFE1
S21402F43028460BB0BDE8F04F02B0704701200DF031
S21402F440C9FE6EE7002347458CBF4FF00608984674
S21402F450337177E7FF221A7086E7CDE9000332465A
S21402F460FF2339464046FBF7F9FE0546AAE719256B
S21402F470DEE70546DCE700BF796F002098650020CE
S21402F480D0950400C5950400976500203A5E0020DA
S21402F49070B54FF4003300240546164688B0ADF822
S21402F4A01A100DF10F0204A90593ADF81840ADF835
S21402F4B01C4004948DF80F400AF072FB9DF80F3042
S21402F4C028460193049B044A009305A93346FFF796
S21402F4D019FF08B070BD00BFC995040030B54FF4DF
S21402F4E08035002487B00395BDF82850CDE9001278
S21402F4F08DF81030074A034603A9BDF82C008DF894
S21402F5001140ADF81250ADF81440FFF7FBFE07B0FD
S21402F51030BD00BFD5950400B1F1006F2DE9F04370
S21402F52014462CBF392238228BB01D464FF00003FA
S21402F530ADF81E204FF480022CBF4FF00109994609
S21402F540FF2C0646ADF81C300892ADF824304FEA80
S21402F55011471FFA81F80FD10CF0BDFAB9F1000F6E
S21402F56019D1154ACDE9020543463046CDE9007465
S21402F57007A9FFF7C7FE1AE0FE2C0AD10CF0ABFA79
S21402F5800130C0B20CF0B2FAB9F1000F12D00B4A39
S21402F59002E0E8B2F8E70A4ACDE90305012330465D
S21402F5A0CDE90174CDF8008007A9FFF7ABFE0BB0DA
S21402F5B0BDE8F083034AD5E7CD950400D395040051
S21402F5C0CC950400D49504004FF498124FF0806353
S21402F5D010B586B0CDE903230023ADF814300BF046
S21402F5E0E4FE0446F6F7B0FE054B01900093054A8A
S21402F5F0234603A94FF6FD70FFF784FE06B010BD42
S21402F6004F650020D995040008B5064B1B78022BDF
S21402F61002D0043B012B03D8FFF7D6FF002008BD1B
S21402F6200220FCE7CC64002030B500244FF480654D
S21402F63087B0CDE900128DF81030084A034603A9B8
S21402F6404FF6FD708DF811400394ADF81250ADF8E8
S21402F6501440FFF757FE07B030BD00BFDD9504002B
S21402F6602DE9F04F9BB00E4605460EA91046CDE991
S21402F6700A329DF890700DF025F9BDF838A0804644
S21402F68050460FF093FCB6F902300446002BB6F84B
S21402F6900690B6F802B004DA0022B24B1A700020C6
S21402F6A049E050460FF082FC4045F5D3A4EB08042F
S21402F6B0E3B2002F18BF4FF4A079152B099328BF89
S21402F6C015230024013308F1FF325146DBB292B211
S21402F6D0009414A810F014FA6FEA4B436FEA5343EF
S21402F6E0A1499DF8502008684968ADF846300FAB2E
S21402F6F003C3ADF84840ADF84440ADF84A90ADF8C3
S21402F7004C20BBF1000F24D10DF15100F4F742FE5C
S21402F710A0B10BF04AFE5C4606460DF1590A0DF101
S21402F72051030A9A9AF80080012A2DD157B384F021
S21402F730010404F001001BB0BDE8F08F0DF151008A
S21402F74001F0B4FB4FF6FF74011B4C4206464C41D7
S21402F750E3E7BBF1010F40F09480BDF851600BF077
S21402F76024FE86420AD030460FA90DF081F980F0B9
S21402F7700104E4B20DF1530A0FABD2E77B4B0DF155
S21402F780530ACEE70A9CD4E797B3002C75D1B8F19A
S21402F790010F72D837D10BF008FE0BF006FE224698
S21402F7A006469AF80170714B00210120CDE90061EE
S21402F7B002976F490DF031FDADF83A0000285CD093
S21402F7C0002C53D1B8F1010F50D12646DFF8B8A16C
S21402F7D09AF800305FFA84F8434538D940460FF06D
S21402F7E041FEC20702D5BFB1013FFFB20134EFE7C7
S21402F7F0B8F1010F05D1002CCDD081229AF8017004
S21402F800D2E7002CF9D1B8F1010F94BF00220122F1
S21402F8109AF80170D201C7E7404601F017FB0123B0
S21402F820ADF8340002220DA90DF13A00F3F72AFFD3
S21402F83018BBBDF83A000FF0B9FB804648460CF0FC
S21402F840B3FE08F1010801368045F6B2CEDBB6B14A
S21402F85032460C21BDF83A0003F0D0FF00222846BB
S21402F860BDF83A3011A9FFF74DFD06E00C210DF167
S21402F8703A000DF03AFC0028F0D001205BE70D219B
S21402F880F5E70A9B002B7FF40AAF7388342B57D117
S21402F890099B092B7FF403AF002F7FF400AF9DF97D
S21402F8A059603A46B41008210DF1510004F02004C4
S21402F8B00BF00DFDD0B12F4B1B78012B3FF4EFAEB2
S21402F8C0022B27D12C4B1B6813F0807F25D12A4BA5
S21402F8D01B685B0201D5002E30DA00232846274A31
S21402F8E011A9FFF70FFD264B1C70D8E60DF151004B
S21402F8F0F4F750FD0028DED10DF1510001F0D6FAE2
S21402F9004FF6FF73984208D02146F8F79FFE03464B
S21402F91018B903E0033B012B06D9C8232846174A29
S21402F92011A9FFF7EFFCBAE6164BB3F86830AB4204
S21402F930CDD0114B1B6813F0805FC7E78D23EDE730
S21402F940099BCDE9059204930DF15103CDE902839B
S21402F95031462846CDE9007A0B9B11AA00F058F8EA
S21402F9609DE600BF8B650020131F04004F65002034
S21402F970E1950400CD640020A4480020C34C040096
S21402F980786F002024560020446F0020024B18781F
S21402F99040F08000704700BF9865002038B50A4BDB
S21402F9A005461C7824B10BF000FDB0FA80F4640919
S21402F9B0F8F72AFF08B144F04004E8F74DFC44EAA1
S21402F9C04020284038BD00BFC8640020014B188084
S21402F9D000207047F26E00204FF6FF710346028841
S21402F9E01B798A4217BF074901200A8041881EBF39
S21402F9F0054A00201180FF2B1EBF044A0020137008
S21402FA00704700BFEE6E0020EC6E00209965002065
S21402FA102DE9F04FB7B09946BDF80431439C0D93DB
S21402FA209DF8083183460E93BDF8143120460F9395
S21402FA309DF81831B1F802A00F4690469DF8005185
S21402FA4010930FF05CFFBAF1110F064600F28A809F
S21402FA500BF0ABFCB04200F08F80BAF1060F19D162
S21402FA604FF6FD739E423ED0DDB9BC4B1B78033B7E
S21402FA70012B36D930460FF09DFCFF2814BF892390
S21402FA80812300224146CDE900625846B44AFFF778
S21402FA9039FC06E02DB9BAF1030F08D8BAF1010F06
S21402FAA00AD80022AF4B1A7037B0BDE8F08FAAF121
S21402FAB00403022BF5D8D8E7A84B1B78033B012B8F
S21402FAC00DD930460FF076FCFF2814BF8923812318
S21402FAD041465846A44A0096FFF714FCE1E7802305
S21402FAE0F6E78023CDE7A14B1B7859074CD40BF0E1
S21402FAF05CFC0026034632460120994900960DF02A
S21402FB008CFB2379ADF86C000F930028CCD0DDE98E
S21402FB100E320D9803EB42090FF048FA5FFA89F9A4
S21402FB2009F10507FFB28742BED239460D9803F0A7
S21402FB3051FE109007EB40070D980FF037FA8742F8
S21402FB40B2DADDE90F321343DBB2002B40F0328229
S21402FB50002DA9D12F463A460421BDF86C0003F0C9
S21402FB604DFE76E1814BBAF13A0F1B7811D948F275
S21402FB703B039A4508D014E07C4B1B785A070BD5FA
S21402FB80AAF10403022B07D8FB8843F48043FB80C8
S21402FB908AE7BAF11B0F1ED8AAF102039AB2132AF9
S21402FBA05ED9109B494602930F9B5046CDE90053FF
S21402FBB00E9A5B460AF001F80F287FF475AF012211
S21402FBC0684B1A70694B1B789B0740F1D982002D4F
S21402FBD07FF46AAFD8E7AAF11C021E2AE1D801A177
S21402FBE051F822F009040300A3FB0200A3FB020063
S21402FBF029000300A3FB0200090103000901030018
S21402FC00A3FB0200A3FB0200A3FB0200A3FB02006D
S21402FC10A3FB0200A3FB0200A3FB0200A3FB02005D
S21402FC20A3FB0200A3FB0200A3FB0200A3FB02004D
S21402FC30A3FB0200A3FB0200390103003901030003
S21402FC40A5030300A3FB0200A3FB0200BF030300FD
S21402FC50A3FB0200590403006F0403007D040300A3
S21402FC60132B9ED801A252F823F000BFBDFC02005F
S21402FC7085FD0200A3FD020081FE0200EFFA0200EB
S21402FC80A3FB0200A3FB0200A3FB0200A3FB0200ED
S21402FC90A3FB0200A3FB0200A3FB0200A3FB0200DD
S21402FCA0A3FB0200A3FB0200A3FB0200A3FB0200CD
S21402FCB0C3FF0200A3FB02003504030000241BABB3
S21402FCC05A4648460E9900931DAB1D948DF86C401B
S21402FCD009F067FF0BF069FB204B05461B78012BEA
S21402FCE003D0022B14BF02240124E8F7B5FA162823
S21402FCF094BF0020012044EA4014F6F725FB1C4B73
S21402FD000646B3F800A0FBF79FFA1A4B07464FF6D3
S21402FD10FF70B3F80090FFF741FE174B9DF86C207A
S21402FD201988124B1B7813F002031CBF134B1B7867
S21402FD300B921D9ACDE90701CDE9093240234146CF
S21402FD40CDE9014358460023CDE90579CDE9036A9A
S21402FD500B4A0095FFF7D6FAA6E600BFCD64002050
S21402FD60C59504008B650020D09504006D640020C4
S21402FD70F26E0020EE6E0020EC6E002099650020E8
S21402FD80E79504000BF011FBA34BA44A1B88CDE9B0
S21402FD90400300234146584637B0BDE8F04FFFF710
S21402FDA0B1BAA4781DA9631EDBB2EF2B204610D988
S21402FDB0F22C0ED008F0F1F982240BF0F6FA0023AA
S21402FDC04146CDE90003964A23465846FFF79AFA7B
S21402FDD06AE608F0E2F9002850D00BF0E6FA9DF841
S21402FDE078209DF87A100492BDF876204900039296
S21402FDF0BDF87420C9B2CDE901429DF879200346C8
S21402FE005200D2B208320A440092012000228549EA
S21402FE100DF003FA9DF87930ADF86C008DF8673076
S21402FE2000283FF441AE002601230DF167011A4671
S21402FE301BA8F3F727FC054600287FF435AE9DF88D
S21402FE406730EAB2934209D89DF87A308DF8673067
S21402FE5016B1BDF86C3033E00126E5E731462046A0
S21402FE6008F09DF90123ADF8680002221AA91BA822
S21402FE70F3F708FC01350028E1D015E683249CE759
S21402FE800BF093FA044608F0A9F9234600900022E4
S21402FE90012063490DF0C1F900283FF405AE0025A4
S21402FEA02C46ADF8740008F099F9EEB2B0420DD8BF
S21402FEB022460421BDF8740003F0A0FCBDF874309D
S21402FEC0002241465846FFF71DFAEDE5304608F097
S21402FED062F9FF288DF86C000AD0012301341A4615
S21402FEE01BA91DA8E4B2F3F7CDFB00287FF4DCAD16
S21402FEF00135D8E75046B4F8029008F04CF9FF28CE
S21402FF008DF8680000F0CF821DA908F046F9BDF80A
S21402FF1074304B4507D04FF6FF72914540F0C382CE
S21402FF201B0400F1C0829DF8793012930E9B0533B4
S21402FF30DBB213930F9B1493002311934FF0000927
S21402FF404B4613E017934900139BC9B219440D9808
S21402FF5089B20DF005F94FF0000A179B1590129919
S21402FF605FFA8AF28A4217D309F10109149A5FFAF4
S21402FF7089F19142E6D39DF87A201292169A13924C
S21402FF80002B40F08582119B002B40F08C820123CF
S21402FF901193109B1493D1E711999DF8680017935B
S21402FFA008F0FDF8159A179B0AF1010A824208BF6B
S21402FFB00123D4E709F106095FFA89F33746169357
S21402FFC072E2A71C39463046A57A09F04AF90122A0
S21402FFD039463046FAF7D4FB30460CF09FFE3846D8
S21402FFE000F064FF2288824207D04FF6FF729042EA
S21402FFF003D00FF0DFF90CF0D1FD85F00804C4F34E
S214030000C00421463846FEF7C3FE2146384637B0BD
S214030010BDE8F04F09F0FEBDF06E0020F495040035
S214030020C5950400F8950400AD4B1B78033B012BE4
S2140300307FF63AAD0BF0B9F958453FF435AD09F004
S214030040F8F80B23B0FBF3F24FF47A7102FB1300BC
S2140300500A3080B24143A3480FF078F8F3F7ACFCBC
S21403006000283FF421AD0123002218469E4994F848
S21403007000A00DF0D2F8ADF8680000283FF414ADE8
S2140300800026354634460E9B1BAF01330E93F2B261
S214030090524514D3002C3FF407AD01232A461DA96D
S2140300A01AA8F3F7EFFA00287FF4FEAC22460221E3
S2140300B0BDF8680003F0A2FBBDF8683000E74FF018
S2140300C000090E99D200D2B20A4408230D99384685
S2140300D0CDF800900FF014FD394648460FF03AF974
S2140300E0FF280FD0814B1B5C0F2B0BD997E803001F
S2140300F005F1D8036B44643B83E8030008350134F9
S214030100EDB2E4B20136C2E7002D7FF4CDAC18079A
S2140301103FF53AAD534622464146584603F066FE3F
S21403012000287FF4C1AC842341465846704A37B052
S214030130BDE8F04FFFF7E6B823780F9810930CF05E
S21403014033FA00210646584604F0BAF9644BBAF16E
S214030150310F1B780746A3F103030BD1012B13D9E9
S214030160644B654A1B7812781344DBB20D9316234F
S2140301700E930DE0012B03D9604B1B780D9353BBF5
S214030180002D7FF491ACCEE701231621CDE90D3186
S2140301900024109B224600930120234658490194CD
S2140301A00DF03BF800283FF47FACF61BF3B226466F
S2140301B0544FDFF85C911193ADF86C000F940D9BD0
S2140301C0E5B2AB4209D832460221BDF86C0003F013
S2140301D015FB0F9AC0E40523CAE7162200211DA8C3
S2140301E0EBF7BCF8BAF1320F3DD13B7903F00302CB
S2140301F0032A21D18DF87620109B0136F6B2B3423E
S21403020015D2BDF86C000EF0D1FE0E9B1844119B60
S21403021098420CDC01230E9A1DA91BA8F3F732FAA9
S21403022000287FF441AC0F9B0133DBB20F930134FC
S214030230083709F11209C2E7B9790029DCD1324936
S214030240C3F3C203CB5C1DA8012A08BF43F0010316
S21403025039888DF876300FF054FB79880DF17700E6
S2140302600FF04FFBC8E71DA80BF0B7FB4FF0FF33AB
S214030270CDE91F331F4B1B78AB4261D999F8043085
S2140302806F2BD4D828461FA9F4F7D0FF0028CED06A
S2140302901E4BB9F80020B3F8683092B9003B18BF7C
S2140302A001235B0143F004038DF8863002238DF8A7
S2140302B08730B9F802301B0A11468DF8893021A819
S2140302C0CEE79B1A18BF01235B0143F005038DF8A5
S2140302D0863002238DF887300F238DF88830E8E7C1
S2140302E0CD640020D04700200296040071640020ED
S2140302F0C34C0400C6640020C5640020426F00207F
S21403030000960400265D002078E2040024560020B0
S214030310AC5B00200132D2B2551EEDB228461393D1
S21403032012920FF09FF8DDE9122310F0010FF1D0BF
S21403033063490978611A994205D00133DBB2E9E7CC
S21403034001220023E8E75F4B1FA918782844C0B2B0
S214030350F4F76CFF00283FF46AAF284600F076FDFA
S214030360129028460FF07EF810F0010F129A0FD164
S21403037016238DF88630544B1B780133DBB20F2BD4
S21403038028BF0F238DF88830504B33F8153092E78B
S214030390284612920FF066F810F0020F129AE7D171
S2140303A01223E6E71A073FF5EFAB23465A464146C4
S2140303B00F9803F073FD00287FF476ABE0E695B163
S2140303C0434B1B78033B012B7FF66EAB0AF0EDFF26
S2140303D018B9BBF1000F7FF467AB207837B0BDE8E0
S2140303E0F04FF5F721BE0AF0E0FF20B1384B1B783B
S2140303F0033B012B01D8802396E62B4641465846FD
S214030400344AFEF77FFFE8E70AF0CFFFB0427FF4F7
S2140304104BABA01CF3F7BEFF00283FF445AB0AF036
S214030420C4FF04460AF0C1FF2B4B2C4ACDE9400318
S2140304302346AFE420460FF062FAFFF7AFFA002830
S2140304403FF432AB4090002341465846244A37B027
S214030450BDE8F04FFEF756BF4B46424659460020CE
S214030460CDE9405437B0BDE8F04FFEF7D3BD4B4659
S214030470424659460120CDE94054F3E72B464A4607
S21403048041465846409437B0BDE8F04F09F0C7BB25
S21403049001231AA91A461BA8F3F7F4F800287FF4D9
S2140304A003AB0137FFB2013607F098FE5FFA86FA10
S2140304B050453FF61FAD002F3FF44AABFFF74BBB4B
S2140304C0C66400203D6F002080650020AE5D0020DE
S2140304D0CD640020C34C04004F650020059604003D
S2140304E0D0950400F8B5164B04461D88154B20F826
S2140304F0025B196879B10822EAF782FF124B0C20D7
S2140305001B78124EA372124B19780023DAB291426B
S21403051005D8FF2209E0C4F802104160EEE7013374
S21403052000FB03F7F75BAF42F0D10A4BE2721B788E
S2140305302373094B1B786373084B1B682361F8BD51
S214030540485E0020405700209A650020485A002045
S214030550376F00207C6500207B6500202C57002029
S214030560F0B589B006460C4615460CF0CBFF0DF1E8
S2140305700A02014630460CF05DFE144F0346F0B9FE
S21403058001223A702288BDF80A102AB1024600906A
S214030590072006F0D5FD90B103A8FFF7A3FFBDF82B
S2140305A00A000EF003FD0646BDF80A000EF0E2FC54
S2140305B021460090F3B2284603AA08F084FE0023DF
S2140305C0034A3B70136009B0F0BD00BF9B65002073
S2140305D04057002073B5ADF806000DF106000AF08B
S2140305E071FD014608B102B070BD0DF106000AF0B8
S2140305F0B2FD04460EF0BEFCC67A002EEDD12046B0
S2140306000CF047FAFF28E8D00EF014FF054BD3F89A
S2140306108850002DE1D03346224641213046A84774
S214030620DBE700BF2456002073B5002200210C2010
S21403063000F0C2FC002119480FF0C5F90125044655
S214030640164E84B120460CF024FAFF2805D1214625
S21403065030460FF0DCF90446F3E704220023009546
S21403066000F07EFCF3E721460D480FF0ACF90125B8
S21403067004460B4E0CB902B070BD20460CF009FAC6
S214030680FF2804D008220023009500F069FC2146C9
S21403069030460FF0BCF90446ECE700BF4C5E002082
S2140306A04E5E00202DE9F84F10460E461746994633
S2140306B00AF0E9FB254A264B0021B0F5006F14BF6C
S2140306C09046984640460FF07EF94FF0000A0446DF
S2140306D0DFF880B00CB9BDE8F88FBC4228D12046BD
S2140306E00EF048FC857A80F80BA0013DEDB28572CA
S2140306F016B13F2E00D02DBB0EF02EFF054620462A
S2140307000AF0C1FBB0F5006F4FF00002214615D189
S2140307100F480AF03FFDFFF787FF28460EF017FF46
S214030720DBF8885025B14B463A4631460020A847A9
S214030730214640460FF06BF90446CBE703480AF020
S21403074029FDEAE7FFF770FFF2E700BF4E5E0020E1
S2140307504C5E00202456002000232DE9F34706466E
S2140307600F464FF6FF78284CDFF8A090ADF806301A
S21403077020460AF0A7FC054648B9294620460FF04E
S21403078022F982460EF0F6FB0389B34217D94C458D
S21403079001D1FFF749FF002120460FF014F9054663
S2140307A007F1FF3A5FFA8AFAD5B94C4516D1BDF878
S2140307B00600FFF70FFF404602B0BDE8F0877B1E3A
S2140307C0DBB2FD2BD4D9294620460AF0C4FC2A46C0
S2140307D051460DF106000FF0FCF8C9E74C46C7E793
S2140307E0BAF1FD0F09D928460EF0C4FB03899B1BFB
S2140307F09BB2984528BF98460381294620460FF0AA
S21403080006F90546D0E700BF4E5E00204C5E00208A
S21403081008B50EF08AFF0B4AFF2113881080C31A0F
S21403082098B2FFF799FF4FF6FF73014699420648C1
S21403083003D1BDE80840F2F7D1BFBDE808400EF08B
S21403084085BC00BF505E0020406E0020174B00287A
S2140308502DE9F041164D18BF1D460F4628464FF0AA
S21403086000010CBF4FF008084FF002080FF0ABF87A
S214030870044610B92046BDE8F08120460EF07AFB08
S214030880C37A064623B1214628460FF0C0F8EFE7A1
S21403089020460AF027FB424601463846EBF7AAF8FD
S2140308A00028F0D1B378002BEDD1E3E74C5E0020AF
S2140308B04E5E0020014B1860704700BF445700206F
S2140308C010B504460548F2F789FF0023044A13804F
S2140308D0044A1380044B1C8010BD00BF406E0020EA
S2140308E04E5E00204C5E00204A5E002008B5044899
S2140308F0F2F784FCBDE808400248F2F77FBC00BF6D
S2140309004E5E00204C5E00202DE9F34104468846E7
S2140309100EF00BFF324B074620461E880CF0B9F844
S214030920054620460AF0AFFAB0F5006F32D1FF2D28
S21403093006D00123042200932846002300F010FB70
S214030940B8F1000F1DD10EF007FE214605462548D7
S2140309500AF0BDFB28460EF0FAFD23480FF061F8B7
S214030960224BA8B31988711A17FA81F086B220466B
S2140309700EF000FB032306818372002002B0BDE85D
S214030980F0810EF0E9FD00222146054615480FF0DA
S21403099020F8DFE716480AF0CCFB04281ED8FF2D04
S2140309A006D00123082200932846002300F0D8FA35
S2140309B0B8F1000F05D10EF0CFFD214605460C48D1
S2140309C0C6E70EF0C9FD0022054621460848DEE7C5
S2140309D0314605481F800EF0B9FBC8E71C20CDE75B
S2140309E04A5E00204C5E0020406E0020505E0020D1
S2140309F04E5E00202DE9FF4708460C460AF028FA0B
S214030A0000F4805820460AF0A9FA054620460AF064
S214030A107CFAB0F5404F1BD1B8F1000F14D029462D
S214030A200020FFF713FF054670B10EF0A3FA00236C
S214030A30404A81780446009218462A460193F1F705
S214030A40A5FF08B90123E372012004B0BDE8F087CF
S214030A5028460EF054FF81460EF0ACFCFF280746EE
S214030A6037D00125A0F12006C0F12003324925FA2C
S214030A7003F305FA06F61E438540D1E900232A430D
S214030A803343C1E900230EF0AFFC044638B13846C1
S214030A900EF0E8FC10F00C0F14BF01240024B8F18C
S214030AA0000FD1D04FF0000A03A90120ADF80C9037
S214030AB0FFF7CCFE81460EF05DFA8046B9F1000FD3
S214030AC01ED1BAF1000F14D1FF2FBDD0002CBBD11D
S214030AD028E01A4B1B684BB148469847044628B192
S214030AE0B8F1000FB0D000252E46DBE7B8F1000FB3
S214030AF001D10020A9E7002501242E46A246D3E70C
S214030B0074B100230B4A8178009218464A46019333
S214030B10F1F73CFF002897D1012388F80B3093E7C1
S214030B20FF2F91D0064BD3E9001229433243C3E982
S214030B30001289E7A5060300D016002044570020BC
S214030B40C816002038B504460AF09DF90546204627
S214030B500AF0C8F9A5F50063044601465842584111
S214030B60FFF774FEB0B9B5F5006F01D0002038BDAD
S214030B7020460EF0C4FE0EF01DFCFF28F6D0064BF2
S214030B8000B21B6833F8100000F4E260003818BFA8
S214030B900120ECE70120EAE7485700202DE9F74358
S214030BA04FF000090746ADF804900EF05BFC10F01A
S214030BB00C0F29D04FF00208154D2B88A5F800908E
S214030BC0ADF806300DF106000AF07CFA044630B1A3
S214030BD0B8F1010F14D04FF001080E4DEDE7214692
S214030BE00DF106000AF0B7FA06460BF052FFB842BC
S214030BF02246314614BF284601A80EF0EAFEE1E776
S214030C00BDF80400FFF7E6FC03B0BDE8F08300BFC1
S214030C104E5E00204C5E00202DE9F04FDFF8208169
S214030C2085B0D8E9003213437CD105B0BDE8F08F18
S214030C3002EA040103EA0700014327D022EA04027A
S214030C4023EA0703C8E90023DAE9002304EA0205D6
S214030C5007EA030C55EA0C056FEA04006FEA07017E
S214030C6024D130460EF0FEFBC2070FD530460EF0F9
S214030C70E1FBDBF89C30002B45D11D46304600F0E7
S214030C80E5F8DBF884300BB12946984724197F41F1
S214030C9009F10109284B5FFA89F61B78B342C4D9D8
S214030CA0D8E9002352EA0301C2D1BEE702400B4053
S214030CB03046CAE900230EF0D5FBC307E6D51F4B23
S214030CC030461B6833F8163003F48873102B10D0A5
S214030CD00EF0B0FBDBF89C3013BB1D46012310223D
S214030CE000933046002300F03BF90020F1F7BCFDEB
S214030CF0C4E70EF09FFBDBF89C300125002BBDD02C
S214030D000122039502E000252A460395039200215B
S214030D1030469847039A002AB0D0002DAED1DDE7BF
S214030D200025EDE74FF0000901244F46DFF814A035
S214030D30DFF814B0AEE700BF7A6F002048570020F4
S214030D40D0160020C816002024560020F8B5034607
S214030D50084613B309B3402A1FD8114900260B606F
S214030D6010490027086010494FF0FF350A7000212C
S214030D700C460433914205DB00215200EAF7EEFAF3
S214030D800020F8BDC3E9036703F8044C23F8024CBC
S214030D901D605D6001311833ECE72120F1E700BFE9
S214030DA04C570020485700207A6F0020F0B5144CAB
S214030DB0DDE905672568EDB1F0B912480078884289
S214030DC01AD901EB41014FEAC10C05EBC10415F832
S214030DD0311011B92169C90710D4002005F80C0099
S214030DE062801A6846F0010662605A68C4E90467BE
S214030DF0A260F0BD0220FCE72120FAE72E20F8E7E8
S214030E004C5700207A6F00200E4B30B51A68A2B1FB
S214030E100D4B1B78834212D900EB400002EBC00354
S214030E20C100002400200025C3E9044550544FF0B8
S214030E30FF3258805A609A6030BD0220FCE72120BA
S214030E40FAE700BF4C5700207A6F0020094B1B6857
S214030E5063B1094A1278824208D900EB400003EBDB
S214030E60C0031A69D20701D5588870474FF6FF703A
S214030E70704700BF4C5700207A6F0020094A03468C
S214030E80106870B1084A12789A4209D903EB4303F3
S214030E9000EBC303186910F0010002D0181D704759
S214030EA0002070474C5700207A6F0020F8B50E4B91
S214030EB005461C6834B128B100260C4B1F78F3B2E4
S214030EC09F4202D84FF6FF7009E008222946201DEC
S214030ED0EAF790FD20B92369DB0701D56088F8BDE2
S214030EE001361834EBE700BF4C5700207A6F00201A
S214030EF00C4B1B689BB14FF6F77291420DD80A4A0A
S214030F001278824209D900EB400003EBC0031A694A
S214030F10D20704D50020598070472120704702204D
S214030F20704700BF4C5700207A6F00200A4A0346DA
S214030F30106878B1094A12789A420AD903EB430338
S214030F4000EBC300036913F0010003D0C3F30010E2
S214030F5070470020704700BF4C5700207A6F002070
S214030F6070B51C46124B9DF810601968D1B1114B31
S214030F701B78834218D900EB4000551E01EBC001D5
S214030F802543D1E9040301D0C5070FD52EB110437D
S214030F902343C1E90403002070BD20EA020023EACC
S214030FA00403F6E70220F7E72120F5E72D20F3E711
S214030FB04C5700207A6F0020134BF0B51B6803B321
S214030FC000266FEA000C6FEA010E104C2778F4B285
S214030FD0A74201D80020F0BDD3E9044514F0010F61
S214030FE007D014F0020F04D132B104430D43C3E912
S214030FF0044501361833EAE70CEA04040EEA05054D
S214031000F5E70220E7E700BF4C5700207A6F002081
S2140310100B4B70B51B682BB100240A4A1678E2B254
S214031020964201D8002070BDD3E9042502400D4046
S2140310302A4304F1010403F11803F0D00120F2E778
S2140310404C5700207A6F00202DE9F0470026FF2733
S214031050B246164DDFF8588098F800305FFA86F9E6
S2140310604B4502D83846BDE8F0872B792F2B0FD98E
S21403107028460AF0C9FB2B796C7903F0070304F0C2
S214031080030483422CBFE4182418E4B2A24506D90D
S2140310905446B946A2464F4612350136DCE7288841
S2140310A001F0A6F80028F3D1F4E700BFAC5B0020FC
S2140310B0C66400202DE9F04F89B0814609F038FF59
S2140310C0029048460CF029F90024411C054689B2D3
S2140310D0484602F07FFBA246A346A046274600F0FA
S2140310E01F00023500EB4000EAB27D4E50FA85F54C
S2140310F0EDB2AA4274D9DFF8FCA19AF8003033B1F6
S214031100A400E4B2B4FBF3F4042C08BF032402984F
S214031110F3F7C4FD054600283CD1FFF795FFFF28EB
S2140311205BD0704B05B2049018780AF054FB8742E4
S2140311302CBFE1192118002F14BF01230223684E88
S21403114005EBC50506EB450553FA81F328460393DD
S2140311500AF05AFB95F804C06B790CF0070103F00C
S214031160030388422CBF1B185B18039ADBB29A4210
S21403117033DA049A2FB921B19AF80030033B5B4562
S2140311802BDC104602990AF0E7FA05B205EBC50513
S21403119006EB45052B791E09002F00F081803946A2
S2140311A028460AF05BFB032128460AF05DFBB8F1EC
S2140311B0000F09D1002E40F0868008F03AF8C0F3FD
S2140311C00B0149480DF0C2FF6B79484623F0030331
S2140311D01C446C7109F041FEA87309B0BDE8F08F9A
S2140311E050D0424B49461B8807A8ADF81C304FF039
S2140311F000038DF81E3000230093032303920EF0A2
S2140312007FFC9DF81E30BDF81C101B09039A18BFFF
S21403121008F10108CDE9041318BF5FFA88F80392B2
S2140312200AF0C3F80499039A8842059B03D19DF8F4
S2140312301E7007F00F072E4890F800C016E016F849
S2140312400E0C10F0070003D00BF1010B5FFA8BFBBB
S214031250AA4207D036F812EC8E4503D113B108B173
S2140312600134E4B20AF1010A5FFA8AFAAA4206F1E5
S21403127012060BD1D4450FD916F80E0C10F0070042
S214031280E2D1EFE700234FF6FF71D4E736F8120CEE
S214031290884201D8D445D2D80332123ED2B228E7C8
S2140312A0022E14D95B0707D0394628460AF0DCFA23
S2140312B0B8F1000F81D087E7032128460AF0D4FA55
S2140312C0B8F1000F80D1062E3FF677AF7CE73146A4
S2140312D028460AF0C9FA58EA06063FF46EAF73E7E3
S2140312E0AC5B00207C6500201048002080E20400F0
S2140312F0C66400203D6F00202DE9F0430823002438
S21403130085B08DF808300646022301214FF6FC709F
S214031310CDE9004402AA0BF0DCFFADF80A00D8B111
S2140313202746DFF8A080DFF8A09099F80020E3B204
S2140313309A4224D8BDF80A4020460BF0EEFF411C23
S21403134047F06002204689B202F058FA0022BDF840
S2140313500A001146F4F736FA07F06BFF184AC0F393
S2140313600B01137801F55A51013113B1013B89087A
S2140313701370304605B0BDE8F0430DF0E7BE18F82D
S2140313800E5C6F2D17D8404630F8123D2D01ADF890
S2140313900C300AF039FA05F0700528448DF80E0073
S2140313A00123032203A90DF10A00F2F76BF90028C3
S2140313B0D2D10137FFB2013408F11208B5E700BFF6
S2140313C0C2640020BE5B0020C664002010B5054C36
S2140313D02046F2F703FA2046BDE8104000210DF040
S2140313E0B5BE00BF104800202DE9F0432A4D87B054
S2140313F0F6F7F8FB2A7829492948FFF7A7FC0921BD
S2140314002A782848E9F7AAFF0026244FDFF89C80AD
S214031410DFF89C902B78F4B2A34202D807B0BDE85D
S214031420F08304F582300B2203A900F5C070DBF7C6
S21403143029FE4FF6F670BDF814209DF81630511E9F
S21403144089B2814215D80020C3F3C003DB1840EBF2
S2140314500001CDE90031214603ABFFF7A7FC0028C6
S214031460DCD14FF4805327F8143048F8240029F8C9
S214031470140004F5833001220DF10A0100F5807093
S214031480DBF700FEBDF80A20064B01361A5580220C
S214031490054B1A55BEE700BF446F0020BC5D002015
S2140314A0F013002071640020B3640020B4460020CB
S2140314B0AE5D002010B50A4B1C780DF07BFFFF28AD
S2140314C00DD0012C38BF0124064A230232F810102F
S2140314D019B101EB1313A3EB111322F8103010BD4F
S2140314E07C650020AE5D00202DE9F047002506460A
S2140314F00F46AA46DFF84490DFF8448099F8003098
S214031500ECB2A34202D85046BDE8F08720460DF061
S214031510A9FFC2070CD520460DF0A4FF830707D406
S21403152038F8143037B133434FF0010A28F8143033
S2140315300135E3E723EA0603F6E700BF446F00201E
S214031540BC5D002010B5084B084A1C780023D9B2AE
S2140315508C4201D8002010BD32F8021B013330EA5A
S2140315600101F4D10120F6E7446F0020BC5D0020A2
S214031570F0B50C464FF6F77187B08A4286461D468D
S2140315809DF8306002D9002007B0F0BD596818688E
S2140315900DF10C0CACE803002C49ADF814200978C7
S2140315A0A142F0D900218DF81660B61006F00206A7
S2140315B00191704621460096FFF7F8FB0028E2D11A
S2140315C0234B244A43F824009DF83830224E1B024E
S2140315D022F814304FF4A04304F582300B2226F889
S2140315E0143003A900F5C070DBF778FD9DF834309E
S2140315F01A4913F0040F17BF0123194B0B5536F87E
S21403160014300CBF1B7843F0080304F583300CBF7B
S2140316100B5526F814300122214400F58070DBF7C1
S2140316205DFD00210F4B104A1B782846234442F8E1
S2140316302310E7F713F80D4B1855284607F044FF19
S2140316400B4A01201378013313709DE7446F002083
S214031650B4460020AE5D0020BC5D0020716400200F
S2140316602D6F00203D6F0020E0450020B36400206E
S214031670C5640020054B1B78834206D90021044B22
S214031680044A1B78034442F823107047446F002033
S2140316903D6F0020E0450020074B084A18780023DA
S2140316A0D9B2884200D870471188013321F480519B
S2140316B022F8021BF4E700BF446F0020BC5D002045
S2140316C030B585B004460D46E6F7C0FDA04202D805
S2140316D0172005B030BD20460DF0C4FEC007F7D571
S2140316E004F582300B2201A900F5C070DBF7CAFCB3
S2140316F09DF80E2001AB03CB69609107286030D4B8
S21403170012F0080F0CBF042303232B722046FFF7A7
S2140317109DFB154B68811B5D20466B730DF08AFE9F
S214031720124A2873135D4FF47A7103F00F03AB73F9
S214031730135D002013F00F031FBF03F1FF320223D4
S21403174093403C2218BF5343094A08BF0A2352F862
S2140317502420B2FBF1F29A422CBF00239B1A2B6182
S214031760B7E70223D1E700BFB3640020716400200B
S214031770B4460020F8B51F4E04463378834237D06C
S214031780FFF764FB4FF6FF77B84231D0204634703C
S214031790FFF704FA2046FFF759FB054609F005FE56
S2140317A0012301461A4628460BF050FF2046FFF752
S2140317B02BFB0546E0B9104A1378013B1370F4F788
S2140317C0B5FB294620460BF0C8F980220B4B204672
S2140317D023F814500A4B1A550A4B23F8145009F0F1
S2140317E06FFD2A46394611200EF052F8FF23337058
S2140317F0F8BD00BF7B6F0020C5640020BC5D0020E1
S214031800B3640020AE5D00202DE9F04F0E4615466A
S2140318104FF000098BB01F469DF854309DF850A03A
S214031820DFF84CB1049005939BF800205FFA89F427
S214031830A24207D84FF6F7739D421CD817F0020B47
S2140318403FD01AE02046FFF701FB804604F58230BE
S2140318500B2207A900F5C070DBF714FC4FF6FF72E6
S2140318607EB9904516D14FF6F7729DF8263095420D
S21403187003F0EF0311D94FF6FF7528460BB0BDE80A
S214031880F08F904506D00822304607A9EAF7B2F84B
S2140318900028E8D009F10109C6E79F4207F00208CD
S2140318A02CD0F3F70FFC002857D12D4B2D4A1B786D
S2140318B0234412F823B020460BF070F9B8F1000F5A
S2140318C0DBD1E6F7C3FC284B1B788342D3D0002139
S2140318D008460DF03FFDFF280446CCD0059B014685
S2140318E0CDE901A32A46334604980097FFF740FE46
S2140318F00028C0D0F4F71AFBD8460FE02046FFF7BF
S214031900A5FAA842CDD1B8F1000FB6D13046E6F716
S214031910A5FE164B1855304607F0D6FD5146204611
S2140319200BF0EFF82046FFF791FA054609F03DFD68
S21403193000230146012228460BF088FEF3F7C2FB7C
S21403194028B9074B074A1B78234442F823802046CE
S2140319500BB0BDE8F04FFFF779BA4FF0000BAAE7DC
S2140319603D6F0020E0450020C5640020B3640020DE
S214031970446F0020F8B50026104F3C78F5B2AC4211
S2140319800FD800250E4B6400224629460D481D70CD
S214031990E9F7E4FC22462946BDE8F8400A48E9F799
S2140319A0DDBC2846FFF7FAF8002128460BF0D5F8E9
S2140319B02846FFF729FA0136DFE700BF446F002009
S2140319C0C5640020BC5D0020AE5D0020024B802174
S2140319D01A780248E9F7C2BC446F0020B3640020BB
S2140319E038B50DF0E7FCFF28044616D00B4D35F846
S2140319F010301B0711D50A4B0A491B7801220B54DA
S214031A00014400F5833000F58070DBF767FB35F89B
S214031A10143023F0080325F8143038BDBC5D0020CD
S214031A202D6F0020716400202DE9F04F794B054699
S214031A301B788946022B17468BB004D00026304607
S214031A400BB0BDE8F08F0EF054F806460028F5D12B
S214031A504FF6F9739D4262D04FF6F8739D4276D0E7
S214031A602B0A28460DF11E018DF81C308DF81B50ED
S214031A70F2F708FC002814BFB0464FF02008B34620
S214031A8014BF06230E23022229463846039300F08A
S214031A90EBFC01220446039B002840F0B880DFF8E5
S214031AA080A18DF818209AF800204946CDE9000059
S214031AB08DF81A208DF81D0006AA4FF6FC708DF8D7
S214031AC019800BF006FC81460028B7D009F06DFCA0
S214031AD0B8420FD0484609F0C8FA394604300DF02C
S214031AE010FF384604A90AF0C3FF70B1484604A99C
S214031AF00BF07DFC484B1B78033B012B2BD84FF692
S214031B00FF7148460AF086F806469AF80030FF2B1F
S214031B100EBF01230133DBB28AF800308FE74FF0A4
S214031B2008084FF0200B3C4B1B78033B012B85D951
S214031B3009F03BFCB84281D109F037FCFC238DF851
S214031B401B30FF2305468DF81C3006239BE74FF01A
S214031B501008C346E7E70BF0EAF880460028D4D01F
S214031B6009F023FCA8422DD12C4B1A7852BB032133
S214031B704846F3F727FE0028C7D09AF80030A8F89F
S214031B80007088F80430002388F8053088F8083099
S214031B9009F00BFCA84202D1204B1B7853B109F085
S214031BA004FCB84206D12CB1237923F0030343F097
S214031BB00103237100224FF6FF710C200DF068FE1F
S214031BC00126A2E75946284608F1070200F078FCEA
S214031BD00446002899D0002203214846F3F7F2FD75
S214031BE00028CAD1237903F00303012B8DD109F012
S214031BF0DCFBA84203D1094B1B78002B85D0237945
S214031C0043F0030323714FF6FF7323807DE71646E5
S214031C1015E700BFCC640020CD6400207C6F002055
S214031C209C65002037B50E4B05461B780C46033BD8
S214031C30012B11D9E6F72EFB01280FD0821E534243
S214031C405341590128460DF1070200F039FC18B13B
S214031C50002144800BF052F803B030BD1021F1E7A9
S214031C60CD6400202DE9F0438BB0857AB0F806905A
S214031C7004460E46174609F098FB8145804605F054
S214031C80400541D10021608809F0D3FD0246002EAD
S214031C9044D1082304A9C14501EB03060CBF23491D
S214031CA002A90868496803C6A2B3022100268DF874
S214031CB0172001228DF81010217A45F020058DF8A3
S214031CC01210A18808338DF81310090A8DF8141022
S214031CD0E188CDE900268DF81510090A8DF816104F
S214031CE06088314604AA8DF811500BF0F2FA0546C7
S214031CF080B1618809F0F0F879003246284601F091
S214031D00FE01F3F75FFD06E0E08802A90AF0B0FEE5
S214031D100028B7D100200BB0BDE8F08330687168A7
S214031D2006AB03C345F010051023B3E74F65002049
S214031D302DE9F74389461E460746904609F095F96E
S214031D4000210446304609F074FD054609F10701F3
S214031D50384601F02DFD7DB1B8F1000F02D10378AE
S214031D601D44EDB2057063781A0716D569463046EA
S214031D70F2F788FA024618B1002003B0BDE8F083F4
S214031D800821684609F0A3FA0028F5D120460BF08F
S214031D9001FB08226946E9F733FB09F006FB014617
S214031DA0201D0DF0AEFD6378DB0603D538460C49DF
S214031DB00BF01DFB3146A01C0DF0A3FD3146384643
S214031DC009F08AF8074A13780133DBB21370E3711C
S214031DD0A3790BB10120D0E70123A371FAE700BF73
S214031DE04F650020CA640020FF232DE9F04F8FB013
S214031DF08146164605918DF822301AB301230BAAA5
S214031E000AF0EFFE9DF836500446EF0625D5002768
S214031E10059BBDF8308003F108024946D2B2082379
S214031E20009709A8CDE909770DF06AFE3A464046C1
S214031E3009A9F8F7A5FC002840F08C80A90627D549
S214031E4010220DE013460BAA0AF0CBFE9DF836507F
S214031E500446A80663D5062202E0AA0618D5082279
S214031E6000230599BDF832700A44CDE90933494683
S214031E700093D2B2082309A80DF042FE384686F036
S214031E80010209A9F8F77CFC002863D1002E46D08E
S214031E90BDF8307009F089FA874249D038460DF00C
S214031EA028FE8046002E45D1BDF82EB000215846A8
S214031EB009F0BFFCBDF82C300390184606930DF0CE
S214031EC018FE064609F071FA069B834242D0B64BCB
S214031ED01B78033B012B3DD915F04003049339D1FE
S214031EE0039B0BB9002E35D09DF83570039B05F088
S214031EF018051F44FFB2082D8DF835706CD12023CA
S214031F000493002C40F041810AF011FF054608B304
S214031F10002E40F0B28033460126B24674E0BDF888
S214031F20327009F042FA8742B8D14FF00108BBE796
S214031F304FF00108002C43D09C4BE279678803EBF3
S214031F40C20633F83220BDF832309A4205D04FF637
S214031F50FF7323800FB0BDE8F08FBDF82EA0B8F155
S214031F60000F08D0002130460AF0C8FEA6F802A0EB
S214031F700AF0D6FBEEE7BDF830000AF0C7FE0546CA
S214031F80414630460AF0BAFEA6F802A0884E2DB1A6
S214031F90414628460AF0B2FE63886B800AF0C0FB0F
S214031FA03378002BD6D03B46002248460599FFF7E8
S214031FB0BFFE0028CED03946484609F02BFEC9E7B7
S214031FC00AF0AEFB7A4B1B78002BC3D0B8F1000F98
S214031FD0C0D14FF6FF77E6E7102D01D1049590E7C1
S214031FE0B8F1000F8DD1002C3AD0C2460021BDF8BF
S214031FF032000DF1220200F063FA03460028A9D04E
S214032000002E40F0CA8025460499BDF830000DF135
S2140320102302079300F054FA044600289AD0644A31
S214032020079B1278002A78D0BAF1000F26D1024611
S2140320302C466179B9427ED92546A4F802B0677169
S2140320401446002B00F09E809DF82230EA799A42CF
S21403205000F09880002E40F08E80EB7100253FE064
S2140320600AF065FE044600283FF474AF4FF0010AF9
S214032070BCE7002201261346DBE70126B8F1000F72
S2140320801ED107F0D6F87E23B0FBF3F202FB130053
S21403209005993A4605315FFA80FA484601F0AEFBE9
S2140320A04FF6FF71484608F017FF039B032B2CD906
S2140320B0AAF17E0A022148465FFA8AF2F3F782FB08
S2140320C0069BA5F802B02B809DF834306F712B71F8
S2140320D000232B72002E42D19DF82230EB7101258E
S2140320E0B8F1000F3FF436AF484609A90BF05FF985
S2140320F000283FF42FAF2A4609A90BA8FFF7B2FD25
S21403210028E7002625463446BBE7039B012B94BFEE
S2140321100AF1020A0AF1420ACCE7BAF1000FCFD15C
S2140321206979B94209D9A5F802B06F71002B8BD132
S214032130002E93D024E025461446049A002A3FF442
S21403214009AF8F427FF406AF039307F072F8830755
S2140321507FF400AF039BA5F802B06F7171E7FF230E
S214032160EB71002CBBD001252379A4F802B023F031
S21403217003032371B4E7FF23EB71002C3FF46EAF28
S2140321800025F1E7002CD3D168E7002E7FF471AF6A
S214032190B24625460126534636E7BAF1000FB0D1BC
S2140321A05646524645E700BFCD640020265D002014
S2140321B0436F002070B50C4B4FF6FF751C78002359
S2140321C002460A489C4201D1002005E00688964252
S2140321D006D1AA4201D10B7070BD8679002EFAD0C3
S2140321E001330830DBB2EDE7426F0020265D0020A6
S2140321F0002210B50A4B1C780A4BD1B28C4201D888
S214032200002010BD5988814204D11979890701D16C
S214032210997911B108330132EFE70120F1E700BFE6
S214032220426F0020265D002010B5084B01461C783F
S2140322300023074AD8B2844201D8FF2010BD91423A
S21403224003F10103FAD00832F4E700BF426F00201F
S214032250265D002038B50446FFF7E6FFFF2805464F
S21403226003D13F210B480DF06CFA4FF6FF7320465F
S2140322702380A37103210AF041FD074B07481A7810
S21403228000210732D21002FB0500BDE83840E9F70B
S21403229065B800BF09960400446F0020A2640020BE
S2140322A0F8B504460026124D124F3A78F3B29A4216
S2140322B009D800224FF6FF710F4B1D780F4BD0B293
S2140322C085420BD8F8BDFF2C02D0AB79A34202D1CE
S2140322D02846FFF7BFFF08350136E6E7FF2C02D096
S2140322E0187AA04201D1198019720A330132E6E73F
S2140322F0265D0020426F0020416F0020FE5C002018
S214032300FF28F8B504462CD0164B1B78834203D817
S214032310802115480DF015FA4FF6FF75134A32F86B
S214032320341002EBC4000379A94203F0030318D068
S214032330012B16D100220E4B1F780E4BD6B2B74296
S21403234003D8BDE8F840FFF785BF1E88AE4205D028
S21403235093F807C0A44504D0B14202D00A33013231
S214032360ECE7F8BD426F002009960400265D0020C6
S214032370416F0020FE5C00202DE9F74304F01CFAB1
S214032380324B1B78033B012B21D9314B1D88451B50
S214032390ADB2E5B118804FF6FF7700202D4A1378CB
S2140323A02B44C3F3C81403F07F0313702A4B2B4A42
S2140323B01E78C3B29E420DD800264FF6FF77284CF0
S2140323C0DFF8A09099F80020F3B29A4216D803B02B
S2140323D0BDE8F0831388BB420DD0137999070AD161
S2140323E004EB9311022928BF022103F03F0389B2AD
S2140323F043EA8113137108320130DAE734F80A8CA2
S214032400B84506D014F8043CAB4205D95B1B04F868
S214032410043C01360A34D5E708F0C7FF804534F894
S2140324200A3C04F8027C24F80A7C09D018460DF10D
S2140324300701FFF7BFFE18B19DF80700FFF760FF1F
S21403244014F8030CFFF75CFFE3E700BFCD6400203E
S214032450525E00209D650020426F0020265D00200E
S214032460085D0020416F0020F0B500244FF6FF778B
S21403247003461048DFF844C006780F48E5B2AE427C
S21403248001D800200FE005889D4210D13AB1012AF9
S21403249016BFC57905793CF83550A94207D1BB422A
S2140324A002D114238371F0BD057A002DFBD00A30C8
S2140324B00134E3E7416F0020FE5C0020265D002028
S2140324C0F8B50D46114607461646FFF773FE002875
S2140324D036D102464FF6FF7C1E4B1F4C1978D3B2FB
S2140324E0994206D800231C4C8B4221D1F8BD0834F0
S2140324F0F5E7B4F800E00132E645F8D1337001237E
S214032500278023710021A17165B1144B45F008059E
S2140325101A782571D31DDA103078114B02FB003080
S214032520E8F71CFF2379204603F03F032371DDE71A
S21403253022799209022AE1D001330834DBB2D3E7C9
S214032540037904469A071EBF23F0030343F00103EF
S2140325500371D7E7426F0020265D0020446F0020FA
S214032560A264002073B50DF107010546FFF722FEAE
S21403257040B103799A0705D113F0300404D043F031
S2140325800303037102B070BD28460AF0C7FB094B6C
S2140325904FF6FF711D7823469DF80760064AD8B2AA
S2140325A08542EFD9D0790133B04204BF118011724E
S2140325B00A32F4E7416F0020FE5C002030B50A4B78
S2140325C0CC081B78094D0733DB1000FB03400123BF
S2140325D001F007018B402C5CDBB212B11C432C5478
S2140325E030BD24EA0304FAE7446F0020A264002007
S2140325F070B50B4B04461B78834204D840F24B213C
S21403260008480DF09EF80025074E3378E8B283425B
S21403261000D870BD00222146FFF7D0FF0135F4E74E
S214032620446F002009960400426F0020FF2810D054
S214032630FF290ED0084BCA081B7801F007010733A1
S214032640DB1000FB0323054AD05CC84000F0010002
S21403265070470020704700BF446F0020A26400202C
S2140326600148F0F7CBBD00BF545E00202DE9F047CC
S2140326701E464D4B8CB01B681546074688469DF88C
S214032680509003F0080A08F090FEA8423FD1B9F133
S214032690000F14D06EB9ADF806603D4604242246FA
S2140326A0414628460AF0D6FB00F001000CB0BDE810
S2140326B0F0870023ADF806303D4606243AE0384658
S2140326C00CF078FEFF28044605D0F2F7FBFC10B1A9
S2140326D02046FEF7CFFF96B10023ADF80630F8F795
S2140326E0FDF80028E8D0062440460DF1060202A9AC
S2140326F009F044FDD8B94046F8F7F8FA17E0ADF804
S2140327000660F8F7EBF80028C7D00424ECE73EB3DE
S214032710BAF1000F2ED000230B24ADF80630B9F122
S214032720000F0AD1F8F7DAF82F460028DCD13D4629
S214032730002EB4D0BAF1000FB1D004F00402414623
S21403274042F0110228460AF085FB22460646414619
S21403275028460AF07FFB002814BF30460020A3E774
S214032760BAF1000F14D00124ADF80660B9F1000FDA
S21403277095D1D7E70B24284602A9F1F783FD074630
S21403278068B902A807F0C4F920B9ADF80600EDE76A
S2140327900124F0E744F00204ADF80670E6E70023F0
S2140327A0ADF80630E2E700BFA44800202DE9F04765
S2140327B01E46744B8CB01B7807460D461446DDF850
S2140327C05080002B3ED008F0F0FD30B36E4B1B68F4
S2140327D0980722D44FF6F7739C4233D843463A46BB
S2140327E031462046FBF7F2FE08F0DFFD854200F097
S2140327F0C5803046FEF75AFBA04203D10CF0DAFD43
S2140328000AF0CCF9BA1E5342534129460022204609
S2140328100CB0BDE8F0470AF019BFE7B1F91ED1F1D5
S214032820000949EB01094FF6F7739C4216D90321B9
S214032830204606F00FFD03233A4631462046009510
S21403284006F0F7FD08F0B1FDA84200F097804FF6BA
S214032850FF739C42CBE74FF00109E4E72B463A4669
S2140328603146204604F02DFC2146CDE900082B46D0
S2140328703246384607F09CF980460146204606F065
S214032880E9FCB8F1000F61D1B9F1000F12D10023B2
S2140328903A4631462046009506F0CBFD88F0010304
S2140328A02A4631462046CDF8009003F00103FFF791
S2140328B0DDFE99E7002FEAD003AA9246334B03F1D5
S2140328C0100E9446186859680833ACE8030073453D
S2140328D06246F6D107A806F008FE0323306871683F
S2140328E08DF81C3008AB03C39DF8293007A843F0C6
S2140328F002038DF8293006F023FF90B13068716823
S21403290008AB03C3042307A88DF81C3006F018FF92
S21403291038B1022307A88DF81C3006F011FF0028F3
S214032920B5D1514607A806F04BFF0028AFD0F4F701
S21403293095FB0028ABD103233A4631462046009543
S21403294006F077FD08F031FDA84250E743463A46C5
S21403295031462046009506F06CFDB8F1010F9DD078
S214032960B8F1020F7FF440AF284607A9F1F78AFCB7
S21403297020B93246284607A90AF033FA0CB0BDE858
S214032980F08700BFC8640020A44800208AE2040041
S214032990044B1A880AB100221A8000210846F9F768
S2140329A0ABBF00BF545E002000232DE9F0478EB076
S2140329B004460D46CDE903334F7808F0F6FC50B1D4
S2140329C0B64B1B689A0706D4092103A806F0E9FC50
S2140329D00EB0BDE8F087204603A9F1F753FC064680
S2140329E0002840F05781022F3DD0042FECD1E5F7A5
S2140329F039FC002846D0E5F735FC022840F0228152
S214032A000DF12408334632464146304607F007F8B0
S214032A10012103A89DF8255007F0F4F82840FF2865
S214032A2000F0348105AD284608F05CFC002840F031
S214032A302F8195E80F0088E80F003A46414603A821
S214032A4006F027FF0246002840F02081032303A94F
S214032A50CDE9005320463B46FBF77EF900280CBF22
S214032A6013210621B1E78D4B1B689B07ACD40235B7
S214032A70082229468A48E8F7BDFF0028A4D0E5F7D0
S214032A80FDFB08B91121A0E7864B874E1B78FBB9DF
S214032A90FFF77EFF3088002860D103AF294638460B
S214032AA006F021FD002800F0CA8028460DF10A0131
S214032AB0F1F7C2FB40B90DF1240A504608F012FCA8
S214032AC08046002800F08780FFF762FF0F217CE72F
S214032AD03088002842D101460CF0C0FA3080002826
S214032AE03AD001230822304603A9F0F7CBFD98BB62
S214032AF00123082229463046F0F7C4FD60BB0123B4
S214032B000222694809A9ADF82440F0F7BBFD034645
S214032B10308823B1002848D04FF0100920E00CF08D
S214032B2045FA61490746204601F0CAFC30880CF096
S214032B303DFAFFB2874209D1FF238DF824300123E3
S214032B4059481A4609A9F0F79DFD28B90021012026
S214032B50F9F7D2FE0C2138E73088DBE74FF0070998
S214032B600CF008FA074630880CF004FA3488112172
S214032B7000F10808204600F02DFE1021824620466C
S214032B8000F028FE0822044603A94046E8F732FF71
S214032B90002840F08180082229463846E8F72AFFB5
S214032BA0002879D1B9F1070F01D010210DE704EB06
S214032BB00A244546A4B271E730884FF0010828B1CD
S214032BC0122100F007FEFF2881461ED12A46B94689
S214032BD02046402304E03A46A9464346BDF80A0089
S214032BE043F00303CDE900A349460323FBF7B4F8F8
S214032BF000283FF469AF0721484606F0D2FBB8F138
S214032C00000FD9D0FFF7C4FEE2E6002108460CF019
S214032C1025FAADF8140048B1204605A901F050FC8A
S214032C20BDF814000CF0C2F90028CFD1142300938A
S214032C304A4639462046338801F0FAFBC6E7FFF7D3
S214032C40A7FE1FE7E5F70EFB012801D00621BCE629
S214032C5005AD324633462946009603A8F9F75EFDCE
S214032C60024608B10A21B0E60C4B20461B6803A9AE
S214032C705B0003F0040343F00303CDE900533B4634
S214032C80FBF76AF80028E1D113219EE605219CE6AE
S214032C9012219AE60B2198E60E2196E6A448002018
S214032CA04F6500206C640020545E0020012330B57D
S214032CB00D4C85B022788DF80430D5188DF8052094
S214032CC00E228DF806200A682570CDF807204A687C
S214032CD001A9CDF80B200B22F0F7D4FCB0FA80F054
S214032CE0400905B030BD00BFC9640020014B187809
S214032CF0704700BF9E650020142230B58BB0054692
S214032D000DEB02011548DAF7BDF910BBBDF8143018
S214032D10DA0720D413F0060FC3F3410208BFC3F348
S214032D2041220F4B0DF116019C5C68462246E8F7DC
S214032D30A5FCBDF8263004F128026A4402F8283CB4
S214032D4002341B0A02F8273C69462A46E0B209F019
S214032D50F2F90BB030BD2320FBE700BF703214E05E
S214032D609AE2040010B58AB0ADF826200022CDE919
S214032D70052204920CAA02924FF6FF720446AC2177
S214032D8001200192064A039004FB0122603200925E
S214032D904CF620010DF126020AF07EF80AB010BDAB
S214032DA02456002000B58BB0ADF824309DF83030A3
S214032DB003208DF82630002303900A4909A8CDE99D
S214032DC00130CDE90533049301F160030093B1F8B4
S214032DD05C3002204CF660410AF05EF80BB05DF8FA
S214032DE004FB00BF2456002010B54FF6FF741E4A9E
S214032DF08AB0B2F86800B2F85E10A042ADF82600BA
S214032E00B2F85C304FF6FD70ADF8241018D081424E
S214032E104FF0000094BF48F660014CF66001CDE920
S214032E200500CDE90300CDE9010094BF09AA60328D
S214032E3000920DF1260204200AF02EF80AB010BD07
S214032E4081424FF000008CBF603209AA00928CBF0B
S214032E504CF6604148F66041CDE90500CDE9030034
S214032E60CDE90100014AE6E7245600208E560020ED
S214032E7000B50E4B0022B3F85E308BB0ADF82430AD
S214032E804FF6FF73CDE90522CDE90322CDE90122F2
S214032E9009AA00924FF400610DF126020720ADF84F
S214032EA0263009F0F9FF0BB05DF804FB245600202A
S214032EB030B58BB08DF825301B0A8DF826300023ED
S214032EC00D4991F85840CD6DB1F85C00CDE9053356
S214032ED0049307236031039308ABCDE90103009104
S214032EE04FF6FF734CF62041082008958DF82440D2
S214032EF009F0D2FF0BB030BD2456002070B54FF654
S214032F00FE76294C1D46B4F85E10B4F85C30B14228
S214032F1094F85C00A2B04FEA132321D14FF440414A
S214032F206034ADF808108DF80B008DF80C3003CC28
S214032F300DF11504CDF80D00CDF811102270120A0C
S214032F406270002211461046A270E270ADF80620A9
S214032F5008F069F8ADF8060090B9002022B070BDFD
S214032F604FF400448DF80D10090AADF808408DF8AB
S214032F700B008DF80C308DF80E100DF10F04DDE705
S214032F80043402A9621A012392B20DF10600F0F787
S214032F9079FB0028E1D1BDF806002A4601210CF092
S214032FA035F8BDF80600D9E724560020202A10B5C8
S214032FB0144614D8012A04D10C88B4F5004418BF6B
S214032FC00124620030B10748E8F71AFA064B0020DE
S214032FD01C7010BD0548E8F713FA054BF7E72120E8
S214032FE0F7E700BF565E00209F650020965E002030
S214032FF0A06500202DE9F047104617460CF07FFC2D
S214033000DFF814A1DFF814919AF8003099F800203D
S2140330100546134302D10020BDE8F08710F440684C
S21403302000F0400619D186BBB0F5804F5CD24FF452
S214033030807400239AF80000344AD9B288425DD8D7
S214033040002399F80000324AD9B28842E3D932F80D
S214033050021B0133A142F7D155E0F81C0CF04FFCDC
S2140330604FF6FF73984214BF0124022486B1052647
S21403307005F44043B3F5004F44F0080424D0B5F5F7
S214033080804F23D244F4807420E044460326EFE7BF
S214033090B5F5804F4FF00506F4D3B8F5406F14BF6F
S2140330A002200820304438440CF029FC194B05F460
S2140330B04045B3F85C3083420CBF44F0080444F048
S2140330C00404B5F5004F01D144F08004B8F5006F51
S2140330D00ED1B8190CF013FC0E4BB3F85E308342D6
S2140330E0A7D144F01004A4E7444603260220D9E7F8
S2140330F0B8F5406F08BF44F020049AE732F8021B85
S2140331000133A14299D1012086E700BF965E0020D5
S214033110565E002024560020A06500209F650020F0
S2140331202DE9F04F104685B0164698460CF0E7FB9F
S2140331305D4F00F00803B7F85C10044600F007097B
S214033140F01C02930391B7F85EB00CF0D8FB06F1BF
S214033150050A054650460CF0D2FB03464FF6FF70B1
S214033160854218D00399A1EB050CDCF1000545EB6D
S2140331700C056D004FF6FF718B420ED145F004052A
S2140331800CF0C8F9029B6BB1B9F1000F11D04220C5
S21403319005B0BDE8F08F0125ECE79B4508BF45F079
S2140331A00805EDE7B9F1030FF1D8DFE809F0021BD4
S2140331B0795D0CF0AFF908B9A807E8D524F0080440
S2140331C0A4B2B4F5004F05D0B4F5624F02D0B4F5FF
S2140331D0404FDCD10025294697F8A820002007F0A9
S2140331E022FF3CE0D7F88030E3B900213246084698
S2140331F0FFF700FFD8B948F6410224F038039BB224
S2140332009342C4D10A2D49D0062DC0D197F8773002
S214033210023B012BBBD8EEF7AFFF0028B7D140F631
S214033220040505E04146304698470028DDD00825CA
S214033230E20648BF45F08005A30648BF45F480551F
S21403324005F00C03042BC6D1F01D0CF058FB97F8C1
S214033250A8303246009341462B4607F0B9FE08B322
S2140332600E9B1880002093E7A90705D14FF6FF733E
S214033270B7F85C209A428AD104F44063B3F5006F32
S2140332800AD0B3F5406F82D1082250460749E8F7C3
S214033290B1FB00287FF47BAF0C25C9E70425C7E7FD
S2140332A0432075E7192073E7245600208456002030
S2140332B0034B1A781AB1FF2A04BF00221A7070470C
S2140332C0A265002070B5084C084E2378F55C1DB146
S2140332D03E2107480CF035FAFF2223782846F2549D
S2140332E00023237070BD00BFA1650020A2650020E7
S2140332F017960400034B044A1B78D05CFF3818BFAC
S21403330001207047A1650020A26500200023074A1C
S21403331007491360074A1360074A1360074A116098
S2140333200121074A1170074A136070475C57002053
S21403333023D003005857002054570020606E002007
S2140333407D6F0020645700200E2A70B50C46064693
S2140333501546194603D9FFF7D9FF502070BD01283B
S21403336007D10020EEF722FFB0B1FFF7CFFF2120F1
S214033370F4E780220021224B1A70224B1960224B5D
S2140333801B684BB134200BF069FE204B188018B92C
S214033390FFF7BCFF0120E1E724F0FF6323F4FF23DC
S2140333A01BB1FFF7B3FF4F20D8E774B92046EEF7FB
S2140333B017FF0124032510F0800F43B21BBF00F054
S2140333C01F039C409C4044F078440020104B24F09C
S2140333D078441E700F4B10491D70104B1C60104B29
S2140333E01870104B1A68EFF797FA18B1FFF78EFFAD
S2140333F00420B3E79DF810200B4B1A70AEE700BF0E
S214033400A36500206057002054570020D65E002096
S214033410A8650020A66500200D370300645700202A
S214033420A76500205C570020A46500207FB5244BC9
S21403343000251A7801232348234903FA02F2007869
S2140334401A440A60ADF80E5020B3984236D11F4C8A
S2140334501F4B20781B680DF10E0198471D4EBDF8D3
S2140334600E20307092B11C4B294600932846022347
S2140334700195EFF78BFA3278237822B1012A12BF2F
S2140334801B230133DBB2237004B070BD013818BFB1
S2140334900120F0E778235A43013A0A6008220F49CD
S2140334A00BF022FD0B49094A0978137821B101294B
S2140334B012BF1B230133DBB21370E5E71846E3E7BD
S2140334C0A6650020A865002068570020A765002091
S2140334D0606E00207D6F002049370300A1F40300CF
S2140334E0024B1868003818BF012070475457002055
S2140334F037B505461C460CF00DF868B974B1084B91
S2140335001A60084B0A461C600123294600930323CE
S214033510FFF71AFF03B030BD4D20FBE72520F9E780
S214033520505700205857002013B504460BF0F2FFFF
S21403353058B962B1074B1A6001230A460093214625
S2140335400323FFF701FF02B010BD4D20FBE7252044
S214033550F9E700BF545700202DE9F0410446DDE9A2
S21403356006861D469DF820700BF0D4FF88B99EB1E1
S214033570A2B10B4B01201A600A4B0A46C3F800801F
S214033580094B21461E602B460697BDE8F041FFF720
S214033590DBBE4D20BDE8F0812520FBE72120F9E7BF
S2140335A0606E00205C570020585700200148EFF754
S2140335B025BE00BFD65E00202DE9F0410020EFF7C0
S2140335C019F9114B114C1E68114B20881D68114BBD
S2140335D0114FD3F8008010B13978EFF7E9FF0020D8
S2140335E03870FFF793FEEFF723FC0EB14046B04763
S2140335F03DB12088A84700232380BDE8F0410CF0A6
S2140336001BB9BDE8F08100BF58570020D65E0020E6
S2140336105457002064570020A9650020F8B52F48AA
S214033620F0F7DCF82E4B187830BBEEF7D9FD2D4FAC
S21403363006463B6803B32C4B2C4D1C6824B195F906
S21403364000301A461946A047294B1B6883B1294CFC
S2140336502378312B0CD8284B18880BF08BFC237857
S2140336605A1C22702A78C25423785A1C2270C654D5
S21403367080232B7000233B60204C23781A2B22D800
S2140336801F4A1278012A09D100211E4A156825FA15
S21403369003F0C007DAB20ED501B122700020EEF7B0
S2140336A09FFD2178884212D10022174B1A70FFF72C
S2140336B0BDFE40B9F8BD0133D8B21A284FF0010158
S2140336C0E5D90A442270BDE8F840FFF775BF00202D
S2140336D0EEF798FD0028E7D0F5E700BF646E0020FC
S2140336E0A86500206057002050570020A3650020DF
S2140336F054570020A9650020D65E0020A765002049
S2140337007D6F002064570020A565002008B50B4B8D
S214033710187880B90221EEF737FD094B1B782BB1D9
S21403372000214FF6FF720846EEF710FDBDE808408D
S2140337300448FFF773BF00210846ECE7A86500209E
S214033740A4650020646E002038B5144B0C461D7823
S214033750012D21D181B90846EEF742FD104A05FA3C
S21403376000F013680F4923EA0003136020462A4635
S214033770BDE838400BF0B8BB0B4A13780133DBB215
S214033780022B137004D9BDE838400848FFF746BF3C
S214033790FFF74CFE0028F6D138BD00BFA865002011
S2140337A064570020A1F40300A5650020646E002082
S2140337B038B50C4605460BF0F9FBA04203D82D217D
S2140337C003480BF0BEFF28460BF0D4FB204438BD5D
S2140337D02B96040070B506460D460BF0CBFB04464D
S2140337E048B130460BF0E2FBA84203D83521024825
S2140337F00BF0A7FF605D70BD2B96040070B50C46FA
S214033800064615460BF0D2FBA04203D83E210448D9
S2140338100BF097FF30460BF0ADFB00B1055570BDBE
S2140338202B9604002DE9F0431E46574B8FB01B78AA
S2140338300746033B012B0C4615469DF8588007D8D0
S214033840F4F718FA20B1F0F71DF908B144F4005460
S2140338504E4B1B7813B924F40074A4B2200509D583
S21403386046B9284604A9F0F70DFD002846D024F4EF
S2140338700064A4B2ADF81840ADF81A5007F095FDF1
S214033880434BADF81C00B8F1000F02D01A7842453E
S21403389001D293F800803F4AE105137848BF0DF143
S2140338A0210103F10103DBB2137058BF08A92205F7
S2140338B08DF81E808DF81F3006D53368083141F821
S2140338C0083C736841F8043CE30407D5324A0831E0
S2140338D0136841F8083C536841F8043C0DF1180896
S2140338E0A1EB08005FFA80F9002148460BF0B6FB0F
S2140338F0064628B900200FB0BDE8F08304AEB9E74A
S2140339000BF038FB41464A46E7F7B8FE30460BF065
S2140339104DFB804630460BF02DFB002302460093FA
S2140339204FF6FF7004235FFA88F107F051FBADF8FA
S2140339300E000028DED040F201131C421AD14FF6C7
S214033940F7739D4216D80BF031FB0DF10E010446BA
S214033950284600F0B5FDBDF80E000BF027FBE4B2D9
S214033960A04207D9BDF80E0007F07FFB437843F06B
S21403397004034370BDF80E003A4601210BF046FBE4
S214033980BDF80E00B7E700BFCD640020C864002072
S2140339902F6F0020CA6400204F650020F0B5082969
S2140339A0D58889B028D00C2926D0AE0424D405F0B7
S2140339B040030B43424C267816B105F020042343FC
S2140339C02FB2002FB8BF43F08003032920D1122360
S2140339D0AC068DF80430937A10D48DF805300DF1CB
S2140339E0060401A9621A012392B2EFF74BFEB0FA5E
S2140339F080F0400909B0F0BD0B46DBE732228DF8B4
S214033A0005308DF80420002EE9D00DF11304E8E705
S214033A100C298DF804300ABF138953798DF80530C5
S214033A20548805BF1B0A8DF806308DF805300DF156
S214033A30070318BF0DF106031C70240A5C70148874
S214033A4002399C70240ADC70147901291C7111D880
S214033A50917A002F597131DA022112899971DA713C
S214033A60120A03F109041A72002EBAD0AB06B8D5AF
S214033A700534B6E7A9071AD4002F0CDA117A51B128
S214033A80917A59711189127A03F1080492B10222CC
S214033A909A71D971E8E70B4C217801F1010C84F88F
S214033AA000C091729C1D002F5971DDDAEAE7917A06
S214033AB09C1DF8E70122090A9A71EAE79C1DD3E7E1
S214033AC0C8640020C9640020014B1880704700BFFB
S214033AD0D85E0020014B1888704700BFD85E0020D0
S214033AE02DE9F84307460BF025FE05461B480BF069
S214033AF098FF1B4B60B31C683C1B2C44A4B20022EB
S214033B00184BDFF868901B78174D03EB830399F87F
S214033B10006005EB43055FFA82F846450AD9AB8891
S214033B2005F10A00A34216D90A23B21A29465A43B4
S214033B30E7F766FC013689F80060AC80B8F1000F41
S214033B4003D1394605480BF001FB2846BDE8F88348
S214033B503C461D60D3E705460132DCE7846E002051
S214033B606C570020AA6500207A5B0020AB65002016
S214033B701FB5154A154C1378013BDBB21370616809
S214033B80206801AA03C221891180114A1278D2182B
S214033B9005D00A2320465A43E118E7F731FC9DF87F
S214033BA006301B070DD0BDF80C00FFF799FF034640
S214033BB08288ADF8082001AA03CA128818605960E3
S214033BC01A8104B010BD00BFAA6500207A5B0020EE
S214033BD0AB650020002108B5084B09481970094B4E
S214033BE01970094B1A7802EB82025200E7F7B6FB0C
S214033BF0BDE808400548EFF7F1BD00BFAB65002000
S214033C007A5B0020AA6500203B6F0020846E0020AC
S214033C10F8B50024084D094F094E3B783178E2B2D7
S214033C200B449A4204F1010400DBF8BD2846EFF783
S214033C30E5FA0A35F1E700BF7A5B0020AB650020A2
S214033C40AA650020F8B516460C4B0D4A1B78127869
S214033C50074613440B4A0D46127893420CD030465F
S214033C60FFF73EFF013506810780857004460BF09B
S214033C705CFDE0800120F8BD0020FCE7AA6500207B
S214033C80AB6500203B6F002010B5064C207828B1AA
S214033C900548F5F799FD10B1034B188810BDFFF7DB
S214033CA067FFF3E7AA6500207A5B002008B50A4A97
S214033CB00346107860B1094A1088984209D121B9A1
S214033CC09378103323F00F039370FFF751FF01200F
S214033CD008BD0020FCE700BFAA6500207A5B002031
S214033CE02DE9F74F00260BF025FDDFF8F890B246D6
S214033CF099F80070B3463A46DFF8EC801FFA80FE68
S214033D00B8F800C0344CAEEB0C039BB20193237897
S214033D10324D009303EB830305EB4303ACEB0E0C2E
S214033D205FFA86FEBE4515D3BAF1000F01D0009B9D
S214033D302370BA422AD3002F37D00A222378C8F832
S214033D40000002FB03532648998803B0BDE8F04FF2
S214033D500BF0FCB9B3F804E001998E4512D84FF086
S214033D60010A009993F802E001310EF1FF3EC9B251
S214033D70013AA3F804B083F802E00091D2B20A3302
S214033D800136CDE7E644A3F804E0F8E789F8002017
S214033D904AB10A222378C8F8000002FB03531048EE
S214033DA099880BF0D3F9237813B903B0BDE8F08FE5
S214033DB0FFF76AFF06460028F5D007F077F80146B6
S214033DC0304607F027FF20B100212888FFF76EFF53
S214033DD0E9E740F60241F8E7AA6500207A5B00208F
S214033DE0846E0020AB6500206C5700202DE9F0415F
S214033DF092F808801F4608F1FF33DBB2EF2B054627
S214033E000E46144688B00BD982238DF80E30314601
S214033E1028469DF80E30204AFBF774FA012037E057
S214033E200E22002104A8E7F799FAB4F809308DF8B2
S214033E301180ADF81230E37A03F07F02032A08D02C
S214033E40012B24D103238DF81030A389ADF8153048
S214033E500EE0032B14BF022301238DF81030E36812
S214033E60CDF815302369CDF81930237D8DF814303D
S214033E70A7F121014A420DF10E034A410093214660
S214033E800DF10F0304A8FAF793FD0028BFD1002015
S214033E9008B0BDE8F08100BFC34C04002DE9F04F25
S214033EA000241D7895B0CDE90201049223462246EC
S214033EB00120CDE90054404909F0AFF9ADF81E00E2
S214033EC0F8B1A346264627460DF120090DF1380A18
S214033ED0E4F7B6F95FFA84F8404516D83A46022165
S214033EE0BDF81E00FFF78AFC32460421BDF81E000B
S214033EF0FFF784FCDDE903100022BDF81E30FBF754
S214033F0001FA012015B0BDE8F08F4A4640460AA9DB
S214033F10FAF740FD9DF8282022B12DB1013DEDB200
S214033F200137FFB20134D3E7BBF1000FF8D199E8AC
S214033F3003009DF829308AE803008DF84030BDF869
S214033F402A30032A8DF841304FEA13238DF8423086
S214033F5017BF032301238DF843309DF82C30DDF87B
S214033F603110DDF82D0014BF8DF84C308DF843303A
S214033F7011AB03C302980CBF4FF00E084FF01508A1
S214033F8008F012FB0590BDF81E000BF00FF805991C
S214033F9000EB080399420BDB0123424651460DF121
S214033FA01E00EFF76FFB0028ABD10136F6B2B7E77A
S214033FB04FF0010BB4E700BF0096040038B5054682
S214033FC00D4B0E481C88EFF7F5FB012D0CD10C4B5F
S214033FD01C88FA21614358B1884209D28408012C0F
S214033FE0204638BF012038BD022D08BF0224F0E763
S214033FF002480BF0ABF8F2E7765B00207047002030
S214034000745B0020012208B5054B06481A70002190
S2140340100BF09CF8BDE808400020FFF7CFBF00BFB9
S21403402099640020704700201E4B73B51A8802F16E
S21403403008039BB2012B02D81B4B1B7823B902B093
S214034040BDE87040EFF7CABB0024184B184D1C7030
S214034050184B1C702B787BB14FF6FC73164E0093EF
S214034060224623462146308808F0DCFC4FF6FD73D3
S2140340702C70338001200FE0104B10461978F4F7AC
S21403408019FF0028F6D10C4B1A884FF6FD739A4297
S214034090F0D0012302202B7002B0BDE87040FFF77A
S2140340A08DBF00BF785B0020996400209C640020CD
S2140340B09A6400209B640020725B00209D640020AD
S2140340C0012808B50AD002280CD020B9084B18706E
S2140340D00848EFF783FB4FF0FF3008BDBDE8084004
S2140340E0FFF790BF0020BDE80840FFF767BF00BF9B
S2140340F0996400207047002002280CD859B1064A5C
S21403410013780133DBB21370044A12789A4202D84A
S2140341100220FFF7D5BF70479B6400209E640020F3
S21403412038B5A0F61343012B04460D4615D80E4AA0
S21403413013780133DBB213700C4A12789A420CD808
S2140341404FF6FD720A4B00201988914201BF0022E8
S2140341501D80084B1A70FFF731FF29462046BDE83D
S214034160384005F0B4B800BF9C6400209F6400206C
S214034170725B00209A64002000234FF6FD71054A07
S2140341801370054A1370054A1180054A1370054AD1
S214034190137070479C6400209B640020725B0020B1
S2140341A09A6400209964002030B5094B02461B78B8
S2140341B033B1084B084C19780023D8B2884201D390
S2140341C0FF2004E0013334F823509542F5D130BD87
S2140341D03A6F0020A1640020525B00200022FF21DA
S2140341E0044B05481A70054B1970054B1A78920054
S2140341F0E7F7B4B8A1640020565B0020A064002053
S2140342003A6F0020F7B58DF807100DF10701044645
S21403421003F002F8234B1D78002D41D02046FFF70C
S214034220C3FF214EFF283178204B05D1204A107852
S21403423085422DD9451C1570884219D01C4A1B4D42
S21403424092F800C00022D7B2BC450CD92F4697F887
S21403425003E00132864505F10405F4D102B203EB0F
S2140342608202D278FA7002B203EB8202D170307007
S21403427002B203EB820123F82240FF228A709DF8E4
S2140342800720FF2A02D003EB8203987003B0F0BD29
S2140342900A46104603EB8202D278FF2AF9D1CBE70F
S2140342A0FF20F3E73A6F0020A0640020565B00204F
S2140342B0A16400202DE9F843FFF776FFFF280446A4
S2140342C069D04FF6FF72354F03B2DFF8DC80344E09
S2140342D027F8232098F80050A54202D10020BDE815
S2140342E0F883337820B28100A34207EB800090F86E
S2140342F003E010D00023294A5FFA83F94D4594461C
S21403430006D99CF803900133A14502F10402F3D1C8
S2140343108CF803E001E086F800E0013DEDB22A1BCD
S214034320D2B2043192003944E7F76AF888F80050AD
S2140343303378FF2B04D0A34224BF03F1FF3333703B
S21403434000214FF6FF70154BCAB2AA420CD30023C6
S2140343504FF6FF71134ADCB2AC42BBD2013332F8DC
S21403436023008842F7D1B5E79A78A2420BD118808A
S214034370DA78FF2A04D0A24224BF02F1FF32DA70B1
S21403438001310433E0E7FF2AF2D0A24224BF02F150
S214034390FF329A70ECE72D20A1E700BF565B0020A2
S2140343A0A0640020525B0020A1640020F8B51C4BDB
S2140343B005461B78084673B3FFF7F6FEFF28044648
S2140343C029D02846FFF7F0FEFF2806D0154B164ED9
S2140343D01A780023D9B2914218D3FF212846FFF753
S2140343E011FFFF28014616D00546104F23B207EBF0
S2140343F0830237F823009678FFF704FFA84208BF26
S214034400FF25FF2E214608D12846F8BD013316F8AE
S21403441023108142DED1FF25F6E73446E6E700BFE8
S2140344203A6F0020A1640020545B0020565B0020F6
S2140344302DE9F04180460E461F46002386B001A8AC
S21403444014469DF830508DF80330FCF74BF8ADF862
S21403445004802EB13368CDF806307368CDF80A3081
S21403446038460AF087FD0DF103034219214601A8D9
S21403447004F039FF9DF8033093B931464046E4F71C
S21403448001F90E4B1B785BB10B2C09D8FF21404674
S214034490FFF7B8FE064605EB4404E4B2A54202D194
S2140344A006B0BDE8F0812946384608F059FE314685
S2140344B0FFF7A8FE02350646EDB2EFE73A6F002097
S2140344C000232DE9F3470DF107028DF80730044664
S2140344D00E4602F08CFE9DF80730054663B920466B
S2140344E0FFF762FE04465EB130880AF05FFD5FFAAE
S2140344F080F8FF2C45D10025284602B0BDE8F0879A
S214034500B046F6E701320C2AF5D02DB207EB850547
S214034510AD78FF2DF6D112F0FF0AECD04FEA4A052C
S2140345200235EDB2002EE7D0304605EB080108F061
S214034530DCFD0028DFD1524641463088FFF75EF99E
S2140345400AF1FF3208F1010108F102093088D2B2FC
S214034550C9B25FFA89F9FFF751F924B207EB84046D
S214034560A478FF2CC8D023B2494637F823203088D6
S21403457008F006FE0028BED109F102095FFA89F9A0
S214034580EBE725460022014FBFE700BF565B00203E
S214034590FF2818BF064B10B51BBF03EB800433F888
S2140345A020302D200B801EBFA3780020137010BD73
S2140345B0565B002008B5D1F7EBFBD0F78FFF00F072
S2140345C02BFAD2F707FCBDE80840D0F7BFBB10B5FF
S2140345D0044601880120D1F799FCE3880BB9C82368
S2140345E0E38010BD37B50446D1F79EFC6588854247
S2140345F00ED8A188E288814205D3431B5343491B47
S214034600B3FBF1F39AB280B240EA024003B030BD86
S2140346100022F8E770B50C46088800F04BF994F8CA
S2140346204430054683420FD004F11C06304600F0A2
S21403463085F984F8445000F085F9618BA064304610
S214034640BDE8704000F075B970BD38B5044690F803
S21403465044108378826CCB1A59425941D0F7DCFB5D
S214034660E37893B1257985B900F06CF90346A2681F
S214034670218A04F11C009C1A8C4236BF5218294624
S214034680D11ABDE8384000F054B938BD09B100F07E
S214034690FDB800F005B938B58388044603B3E3785C
S2140346A00088A17804F10C05A3B10023B1FA81F1C7
S2140346B0E3704909FFF7EAFF4FF6FF72A3882189E3
S2140346C093421CBF03F1FF33A3802846BDE838405E
S2140346D000F02FB90123E370FFF7D8FFE188F4E772
S2140346E038BD10B5044681780088FFF7CFFF012355
S2140346F0E3700023A38010BD10B581780446B1FA99
S21403470081F100884909FFF7C1FF0023E370A38006
S21403471010BDFFF7F1BF70B50446054600262B46CD
S21403472055F8040B10B11B1B0C2B00DD70BD237C4E
S2140347308680002BF3D0637C13B1FFF7D2FFEEE73E
S214034740FFF7DAFFEBE7FFF7E6BF70B5044605466B
S2140347504FF6FF762B4655F8040B10B11B1B0C2B9C
S21403476000DD70BD8388B342F4D04FF4FA724FF67F
S214034770FF731146D0F7A4FBECE709B100F086B847
S21403478000F08EB810B50446C0600830D1F730FD8F
S21403479021792088B1FA81F14909FFF7EEFFA37961
S2140347A043B121796088B1FA81F1BDE81040490927
S2140347B0FFF7E3BF10BD00F0B2B80346184613F880
S2140347C0012B8A4201D0002AF8D1704710B53B214D
S2140347D004460068FFF7F1FF0022034603F8012BA7
S2140347E02068236010BD10B540B1421E0A24002085
S2140347F012F8013F303BD9B2092900D910BD04FB9A
S2140348000030F5E708B500F087F808B540F2BA427D
S21403481000211020D1F7F8FA41F2E823584340F676
S214034820FF7300F2FF70B0FBF3F080B208BD50F8E0
S2140348300C3C23B150F8041C30F80E0C1847704794
S214034840084619B1FF21103002F0CEBB704773B58E
S21403485005460E466DBA1446D1F700FCADF8045073
S2140348607EB1012C04D0032C09D00022012101E0E3
S2140348702246022101A8D3F705FC02B070BD002230
S214034880F7E7042132460DEB0100F4E707B540BA1B
S214034890ADF8040001A8D3F729FC03B05DF804FBC8
S2140348A007B540BAADF8040001A8D3F74BFC03B034
S2140348B05DF804FB002307B540BAADF804000DF11C
S2140348C0030101A88DF80330D3F768FC9DF80300B5
S2140348D003B05DF804FB007800F0DF03552B07D028
S2140348E0642807D0663818BF4FF0FF30C0B2704751
S2140348F001207047032070474FF0FF307047704722
S2140349000020704770477047704718B12D280CBFBA
S214034910012002207047704708B501F057FF08B51D
S21403492000F06FF8BDE8084004F0A3BC50E902307D
S21403493018470A460830FF2102F04DBBFF21083016
S21403494002F05ABB08B50AF054FFBDE8084009F068
S214034950C5BB2DE9F041044600274FF00C0E8F42ED
S21403496002DB0020BDE8F0812078904204D10025C8
S21403497094F80780454502DB01370C34EFE70EFB5E
S21403498005F6D4F808C00CEB06003CF806609E4219
S214034990E8D00135EEE7F0B585B005460E46174676
S2140349A0D1F77CFC0446A0B131462846D1F72EFC4D
S2140349B083783A46002BA36831460293A3782846A9
S2140349C001934FF0000300930CBF80234023E0F7CE
S2140349D06DF805B0F0BD08B51288D1F75FFC50B18D
S2140349E00279BDF80C309A4207D881680298E6F738
S2140349F007FD002008BD8620FCE78920FAE7D1F7EB
S214034A004BBD002004F0B9BC08B504F026FD002811
S214034A1014BF0320002008BD704708B502F0C0F994
S214034A20FFF7C8FDD1F7A4FD642004F06FF86420F7
S214034A3004F06BF802F0B6F9D0F7B4F908F0A8FF63
S214034A40F8E7F8B5D0E90176437B04460D4613B183
S214034A5033463E461F46FFF775FF012D2064384652
S214034A600ED1D0F7A3FB3046D0F7C4FB257360788E
S214034A704FF47F42BDE8F8404FF48171FFF78BBFD8
S214034A80022D05D1D0F7B6FB3046D0F78FFBEDE706
S214034A90D0F7B0FB3046D0F7ADFB0025E6E738B5D8
S214034AA0037B04468B420D4607D190F844305BB334
S214034AB0BDE838404830FFF741BFFFF743FF216C9E
S214034AC0431AC72B0CD80123C83184F8455084F801
S214034AD04430091A04F14800BDE83840FFF729BFFF
S214034AE00DB1237B2BB929462046BDE83840FFF796
S214034AF0A8BF00212046FFF7A4FF0123C82184F89E
S214034B00455084F84430E5E738BD90F84510FFF784
S214034B10C6BF0121FFF7C3BF0221FFF7C0BF0021B5
S214034B20FFF7BDBF4FF60173994210B5044602D195
S214034B300021FFF7B4FF2046BDE81040D1F7E4BEDE
S214034B40032910B504462BD0007B30B9012903D0C6
S214034B5002290CBF0120FF2010BD032A07D8DFE877
S214034B6002F00208101401291CD002291FD0FF20CE
S214034B70F2E70029FBD1B4F85C20012A12D0022AFE
S214034B80F4E704290ED00529F0E7042914D00529F3
S214034B9014D00029EBD1B4F85C20111F0129ECD8FE
S214034BA00220D9E75A1E534253415800D4E7022B3A
S214034BB00CBF02200120CFE70020CDE70120CBE782
S214034BC030B587B005460C46D1F754FC012820D1F2
S214034BD01CB1611E4B424B4158006B784FF48072F8
S214034BE08DF804304FF48273ADF806304FF48173BA
S214034BF0ADF8083001238DF80B30002385F89000BC
S214034C0001A8CDE903238DF80A408DF81430D1F7B7
S214034C1069FC07B030BD41680346C978027B99B981
S214034C208168C97899B9002A08BF0321D1F730BF34
S214034C309B7B002B0CBF01210221F7E79B7B002BFC
S214034C400CBF02210121F1E7012AF1D17047012AA5
S214034C50F4D17047042910B5044604D831B1BDE831
S214034C601040D1F799BF05290DD010BD037B5522FF
S214034C70002B08BF0321A0F85C1040781221FFF731
S214034C808AFE2046EBE743681A8A83681A82E6E7B9
S214034C90012303730378013343734FF44073C381D3
S214034CA0032303740023A0F85C3080F89030704729
S214034CB0F8B54568B0F8F820AB8B04469A4208D09E
S214034CC0A0F8F83040F2055240F604310078FFF7BA
S214034CD062FEEB8BB4F8FA209A4208D04FF4A16236
S214034CE040F604312078A4F8FA30FFF754FEB5F9FD
S214034CF02030B4F9FC209A4208D040F20B5240F61A
S214034D0004312078A4F8FC30FFF745FE2E6BD4F868
S214034D1000319E421ED000200346C4F8006104F111
S214034D208F07C3F12005A3F1200126FA03F200FA48
S214034D3005F52A4320FA01F108330A43302B07F816
S214034D40012FEED120780022BDE8F84040F2027130
S214034D50FFF721BEF8BD10B50446806BD8B1E278E4
S214034D60022A04D0636B5B7972B984F83C3094F8FA
S214034D703C306BB1FFF7B5FC60784FF60272BDE8C6
S214034D8010400621FFF707BEB3FA83F35B09ECE78F
S214034D90FFF7B2FCF0E710BD10B50446406BD0F742
S214034DA005FA2046BDE81040FFF7D5BF10B5044608
S214034DB0406BD0F71FFA2046BDE81040FFF7CBBF85
S214034DC010B50446406BD0F73BFA2046BDE81040CA
S214034DD0FFF7C1BF10B50446002206214078FFF74F
S214034DE0DAFDA378022B01D0FF2B04D12046BDE8C1
S214034DF01040D2F773B910BD4FF60273994210B53F
S214034E00044601D1FFF7A7FFE378022B02D0204622
S214034E10FFF7A1FF2046BDE81040D2F75FB910B5F3
S214034E20D0F8A4407CB103791BB14079D2F716FAC7
S214034E3048B9A3883BB932222046BDE81040012377
S214034E401146D0F73DB810BD10B50446FFF7E7FF8F
S214034E50A278237982B913B12046D2F725FA2046E1
S214034E60D2F762FA03236078A4F86C305522BDE8C3
S214034E7010401221FFF78FBD012B02D12046D2F737
S214034E8013FAA379012B02D12046D2F74DFA012358
S214034E90E9E710B583780446ABB9FFF7C0FFA378FC
S214034EA08BB9237913B12046D2F71EFA2046D2F7E0
S214034EB07FFA04236078A4F86C305522BDE81040CE
S214034EC01221FFF768BDB4F86C30022B0DD023799E
S214034ED0032B02D12046D2F7E7F9A379032B02D19D
S214034EE02046D2F721FA0023E4E72046D2F7A2FAB7
S214034EF0F9E7827883685AB9DB78002B14BF03235B
S214034F000423A0F86C30552212214078FFF743BDE6
S214034F101A7922B9DB78003B18BF0123F1E7022395
S214034F20EFE77FB500239E6A0446B6F5804F0D462D
S214034F300CD201A8D2F72AFC039B5B0506D52946AB
S214034F402046336C04B0BDE87040184704B070BD0B
S214034F5000239B6AB3F5804F05D21B6BB3F5804FD6
S214034F6001D29B6818474FF4817070471FB5002322
S214034F709A6AB2F5804F04D340F2011005B05DF88B
S214034F8004FB126BB2F5804FF6D2012201A8CDE9DD
S214034F9002338DF80420D2F7F9FB039BDB03EBD532
S214034FA0029B1A0EE8D0012A03D1C3F307430A2B48
S214034FB0E2D900239B6A1B6B1B6C9847DEE708B598
S214034FC00AF0DEFDB0FA80F0400908BD134610B5BE
S214034FD042B103439B0707D10AF0CEFDB0FA80F037
S214034FE0400910BD0120FCE70020FAE70023036018
S214034FF0704703680B600160704710B538B132B173
S21403500029B100230139D45C14B90023037010BD01
S2140350108B42FAD200F8014B0133F4E7034638B16A
S2140350200020814204D01A5C02B970470130F8E7C9
S21403503070474FF0FF31FFF7F1BF70B50C461646C9
S214035040054660B15AB151B1FFF7F3FF844206D962
S214035050211A32462844BDE87040FFF7CEBF70BD24
S214035060FEE7FEE700239A4200D1704710B550F8DA
S214035070234041F8234001339A42F8D110BDD2F7BA
S214035080E5BF4369426CD91C143AB1FBF2F103EB5A
S214035090C1000330B0FBF2F00230704738B5054666
S2140350A00C46FFF7EEFF6A6CE31D143AB3FBF2F30C
S2140350B0013304EBC30402FB004038BD38B5054694
S2140350C044692146FFF7EAFF6A6CE31D143AB3FB13
S2140350D0F2F3013304EBC304204438BDF7B50746A7
S2140350E00E4600257C6CA819644280EA06031C4021
S2140350F003D02C46204603B0F0BDFB6B01225B6950
S21403510001A99847019B0133F4D10435EAE770B54A
S21403511005460C46D4F770FDEB6B2046BDE87040A1
S214035120DB68184770B50025044686B00562E36958
S214035130AB4202D8206A06B070BD666C2068E36B8B
S21403514005225B6901A906FB0500984701A800F044
S21403515023FC00F046FC10B1236A013323620135B9
S214035160E5E738B50446456C006804F1400305FBE3
S2140351700101E06B00F042FC05462046FFF7D2FF34
S214035180284638BDF0B50546002687B0EC69013CD5
S214035190B44203D80C46204607B0F0BD01B14C1EFE
S2140351A06F6C2868EB6B05225B6901A907FB04009B
S2140351B0984701A800F0F0FB00F013FC0028EAD1A2
S2140351C021460136E2E7F0B504460D46466CE36B2E
S2140351D0006887B005225B6901A906FB05009847AE
S2140351E001A800F0D9FB00F0FCFB20B101A800F0F9
S2140351F0AAFB07B0F0BD29462046FFF7C3FF0646C5
S214035200676C2068E36B05225B6901A907FB060050
S214035210984701A800F097FB431CEAD0B54238BF75
S2140352200130E6E72DE9F0434FF6FF79D0F8248006
S21403523004460E46C84514BF45460025002787B0DA
S214035240E369BB4202D807B0BDE8F083E26B23688C
S214035250606CD2F814C000FB0530052201A9E047B4
S21403526001A800F099FB022806D0C8450CD1721C91
S21403527029462046FFF775FFE3690135B5FBF3F2D0
S214035280013703FB1255DBE729462046FFF79BFF52
S214035290B0F1FF3F14BF024632460132E8E7036827
S2140352A0F0B5CC1A436C0646B4FBF3F4002587B07E
S2140352B0F36937685A1E9542706C08D3706C33686E
S2140352C000FB043007B0BDE8F04000F095BB0134A6
S2140352D0B4FBF3F203FB1244F36B05225B6901A9EB
S2140352E000FB0470984701A800F056FB00F079FB1A
S2140352F00028E3D10135DBE710B423F0030422448E
S2140353009B070A44436C18BF04325B4281EA0204DB
S214035310234203D05DF8044BFFF7C1BF10465DF888
S214035320044B70472DE9F041D0E90A369E42044605
S21403533086B028D11422C369456802FB1355284654
S21403534006B0BDE8F0812068676C331AB3FBF7F349
S214035350E26B07FB0300D2F8148001A90522C047BD
S21403536001A800F019FB012804D0636C1D44013B1F
S2140353703340ED1A31462046FFF791FF0646A36AEF
S214035380B342E0D1DBE70025F9E708B5083013465A
S214035390D1E90012D4F7B6FB012008BD13B50C46BD
S2140353A0002121760093616813462246D2F7A4FFB4
S2140353B018B1E37D03B1A07EA075A07D02B010BD39
S2140353C073B5164600F108050C46284609680DF124
S2140353D0070200F098F9032E06D16368834203D1CF
S2140353E02846216800F076F9012002B070BDD01E71
S2140353F0009B42424241187E824211D11A688A4279
S2140354000ED85A688A420BD35A6901325A61D3E9D5
S214035410030282423FBF986840F8221001321A61A5
S2140354200120704710B5032A029C07D1A26A534095
S214035430626C5242134201D100F04CF9012010BDB8
S21403544008B5C36800209847BDE80840D4F7DCBB1E
S214035450012814BF0420022070B5002442431C70A8
S214035460CC7D101D02F002024CB91AB1012220F0C5
S21403547003001A7000F108034868184470BD1AB197
S214035480012220F003001A7000230C7E01F1200590
S214035490DAB2A24201D30020F0E735F833205E1CCF
S2140354A0824206D901EBC30300F10802D86910440F
S2140354B0E4E73346801AEBE773B5054690F8426097
S2140354C01C4630460DF10303FFF7C2FFEB6B012EBC
S2140354D05B690DD1324601A998479DF8033013B195
S2140354E0BDF806300193BDF80430236002B070BDEA
S2140354F00122214602B0BDE870401847F0B50546C4
S21403550000244868EB6B87B00E4601225B69029461
S21403551002A908309847274695F84230012B40F0F9
S214035520AC80632C00F2AB80612C08D805AB224616
S21403553031462846FFF7C0FF9DF814305BB305AB32
S2140355402246314628468DF81070FFF7B5FF95F8CA
S2140355504230012B059B7FD14FF6FF72934256D004
S214035560082205A904A800F063FA059B9DF810100D
S214035570C3F3072291424AD1DBB2029A1A4402923B
S21403558045E0DCD005AB224631462846FFF794FFBC
S214035590BDF81430D2E795F84230012B39D1612C8F
S2140355A02ED822463146284603ABFFF785FF314601
S2140355B0284604AB621CFFF77FFF3146284605AB3F
S2140355C0A21CFFF779FF102208230DEB02010DF151
S2140355D007008DF8073000F02BFA102205A90DF10D
S2140355E0070000F025FA039BDAB24AB99DF80720B4
S2140355F0B2EB132F04D1DDE9043203EB024302932B
S21403560095F84230012B14BF012302231C440134B6
S21403561082E7302CF4D822463146284603ABFFF700
S2140356204BFF3146284604AB621CFFF745FF1023A9
S21403563020220DEB03010DF107008DF8073000F073
S214035640F7F9039B9AB2002ADAD19DF80720B2EB4A
S214035650134FD5D1049BD2E70133D8D0102205A926
S2140356600DEB020000F0E4F9059B9DF81010C3F360
S21403567007429142CBD19BB27FE7312C81D9029866
S21403568007B0F0BD13B500240194049C0094D3F72F
S2140356900FFB02B010BD13B501240194049C0094C3
S2140356A0D3F706FB02B010BD00234FF0FF3230B530
S2140356B044689C4202D10023037230BD016801EBAB
S2140356C0C30541F833206A600133F2E7C0E90012EC
S2140356D0FFF7EABF0023F0B545689D4210D0046883
S2140356E0DF0054F8332004EBC306B2F1FF3F08D0C3
S2140356F0C2F31302914204D14FF0FF33E3517360B8
S214035700F0BD0133E9E70023F0B545689D4202D1B9
S2140357104FF0FF300EE00468DE0054F83340671C99
S21403572009D0C4F31307B94205D1240D14700368D6
S21403573033445868F0BD0133E8E7704770B594000A
S214035740224605460E460AF017FA431C0AD058B9F5
S214035750224631462846E6F74DF9002814BF3D2079
S214035760002070BD6E20FCE77120FAE713B50446EF
S21403577001A8D5F7C7FA9DF8063023804FF4807347
S2140357806380D5F7CDFA6060002002B010BDD5F770
S2140357903DBA08B5D5F72EFA002008BD10B5044665
S2140357A044EA010313F00303084609D1934201D1E7
S2140357B0002010BD54F8231040F823100133F5E7FA
S2140357C021469200E5F75AFFF2E710B504460AF0C1
S2140357D0D7F9431C10D088B9D5F7A2FA234620F090
S2140357E003002044984201D1002010BD53F8042B37
S2140357F00132F7D03E20F8E76E20F6E77120F4E793
S214035800704713B50023044601461B220DF107001B
S2140358108DF8073000F00CF922689DF80730B3EBDB
S214035820D26F0CBF0120002002B010BD13B50023B9
S2140358300446014620220DF107008DF8073000F0DC
S214035840F7F80DF107001A22211D00F0F1F862683F
S2140358509DF80730B3EB926F0CBF0120002002B017
S21403586010BD0068431C584258417047006810F04A
S2140358707E0F0CBFC0F3C160002070470068C0F302
S214035880D3107047006800F07F0001288CBF00200B
S21403589001207047036813F07E0F14BF042008200E
S2140358A07047036813F07E0F03D1406820F07C40F6
S2140358B0704713F078001CBF03F07F03D81F7047B0
S2140358C0006800F07F007047032809D0022803D140
S2140358D0C1F10201C8B2704700290CBF072000209F
S2140358E0704737B5054601F10C0443696946012242
S2140358F020469847BDF80030012201932046AB6945
S21403590001A9984703B030BD37B501F10C044369CC
S214035910012269460546204698474FF6FF72009BCC
S21403592099B291420DD16FF30F0343F4254343F02D
S214035930A503019301222046AB6901A9984703B04A
S21403594030BD0020FBE737B5044600251B22011DAA
S2140359500DF107008DF8075000F06AF860689DF8AF
S2140359600720B2EBD06F03D120F0784003B030BDF0
S2140359700DF107001B2204F108018DF8075000F013
S21403598057F8A0689DF80730B3EBD06F01D1C0433A
S214035990EAE74FF0FF30E9E74BF29A22036810B5C7
S2140359A0B2EB134F044613D19BB2012B13D1FFF76F
S2140359B0CAFF01300CD04FF6FF72E068B2EB104F0F
S2140359C04FEA104309D180B2C01A18BF012010BD98
S2140359D02368013303D00420F9E70220F7E7032006
S2140359E0F5E701288CBF0020012070470338012803
S2140359F08CBF002001207047143070472DE9F0411A
S214035A0005469846036908460E46174698470446D1
S214035A1038B943463A4631462846D4F765F904462C
S214035A2018B131462846FFF75CFF2046BDE8F081F3
S214035A301F2A0B689EBF4FF0FF3191408B435908D6
S214035A4001F055315B1A03F033319B0803F033330F
S214035A500B44017803EB13130A444FF0013103F0B0
S214035A600F334B43A2EB13620270704708B507F07F
S214035A7037FEBDE808400021D4F740BA02210320D0
S214035A80D4F73ABC704770477047704770B5054601
S214035A9014460E4609F053FD2B685C4034405C40C8
S214035AA02C60BDE8704009F045BD10B5002422B156
S214035AB0032A0CD00360047110BD11F4000218BF52
S214035AC04FF07F4221F07F4313430C0EF2E721F0A1
S214035AD0FF03CCB2EEE730B5012400F580534568EA
S214035AE05C60CB784A785B0443EA02230A78134364
S214035AF08A78120402F480321343C0F89830EB0716
S214035B005CBF00F50050446030BD70B501260C46FE
S214035B10054600F500535E600B78497803F00703EB
S214035B2043EAC103E17843EA0123A178090101F0BE
S214035B3030010B430367C36AA17923F48B3323F441
S214035B40807343EA01432179090201F4E0610B43C0
S214035B506179090301F480510B43C3621146FFF7D1
S214035B60BAFF05F580535E60E37903B1EE6070BD5E
S214035B7008B50A6FC96F02F00702FFF796FF08BD64
S214035B8013B5044601A8D5F7BDF8042C04D8DFE8FE
S214035B9004F0061603101300002002B010BD40F2F6
S214035BA09C4040F2BA439DF80520012A08BF1846D8
S214035BB0F3E740F6B830F0E74FF41660EDE740F24F
S214035BC0E240EAE74FF050234FF400321A6770477B
S214035BD04FF0B0435A6812B19A6A002AFAD1704756
S214035BE070B5054614460E4609F0A9FC2B685C40C2
S214035BF034405C402C60BDE8704009F09BBC012239
S214035C00417803788A4030214B4342F2100103F176
S214035C10A04303F570335A50704721FA00F2D207B7
S214035C2030B5034600F0FC040FD500220132D2B291
S214035C30042A02D14FF0FF3008E0831803F0030371
S214035C40234421FA03F5ED07F0D4184630BD0020AF
S214035C5070470020704700207047002070470120DF
S214035C607047012070470F207047E6F7DDBB00231F
S214035C7007B5CDE90033012369464FF0FF308DF8B1
S214035C80023004F0C8FB03B05DF804FB0020704745
S214035C9010B508B9212010BD0029FBD0036813F006
S214035CA0704205D1C3F30E030B607BB10020F2E70D
S214035CB003F05044B4F1004F05D0B2F1304F02D098
S214035CC0B2F1404FE6D103F07F03EDE74368002BC4
S214035CD0E0D00B60EAE737B50C46054610B921203D
S214035CE003B030BD0029FAD0002301A90193FFF7C2
S214035CF0CFFF0028F4D12968019A11F0704102F110
S214035D00030222F0030201D12260E9E7AD68B1F194
S214035D10004FC5F38033C5F3403504D103EB450389
S214035D2053432360DCE7B1F1204F01D12B44F7E75F
S214035D30B1F1304FFAD0B1F1404FF7D0CFE737B5D6
S214035D400C460546002800F08780002900F0848072
S214035D5000230B60036803F070430B60C26822B134
S214035D60032A79D143F080630B60AB689A0149D468
S214035D7003F08073EA680AB9002B6DD1226822F01B
S214035D80407213432360EA68032A05D12A69F62A78
S214035D9062D962F317432360AB681B0442BF2368D0
S214035DA043F400432360EB68032B1FBF23682A6872
S214035DB062F30E0323602B68AA68002B2ADB12F417
S214035DC0C84F49D12B6803F0704303F10043B3F186
S214035DD0804F05D2530542BF236843F48063236094
S214035DE00023284601A90193FFF752FF40B92B6809
S214035DF013F070421FD12368019A62F30E032360E7
S214035E0003B030BD03F04073B3F1407F18BF4FF0CB
S214035E100073AFE7500402F4005105D4E1B12368E0
S214035E2043F400532360CDE7236843F480432360A1
S214035E300029C7D0F3E703F05043B3F1004F05D072
S214035E40B2F1304F02D0B2F1404F05D1019B5A1E3A
S214035E50236862F30603D2E72120D1E738B131B1D4
S214035E6001234B604FF0005300208B6070472120C6
S214035E70704737B50C46054608B9212016E00029B9
S214035E80FBD001234B60C368A3B901A90193FFF7B5
S214035E9022FF58B9019B6A699A4209D32A69002AE4
S214035EA0EBD0226043F000530020A36003B030BD64
S214035EB01D20FBE7032BE0D10023F5E7436813B966
S214035EC0416070475B685A68012AFBD15960704786
S214035ED0FFF7DCBE08B5FFF7D9FE002814BF6FF046
S214035EE09200002008BD1346428870B50732072A81
S214035EF00C464FEAD20101D0A14222D1466805885A
S214035F00202218460021E5F729FA360A0346DEB9A9
S214035F10BCB141F20102954205D0B5F5885F02D0C7
S214035F20B5F5905F02D100205C6070BDB5F5105FDB
S214035F300DD1182C03D0202C01D0102C01D11C60BD
S214035F40F1E76FF08600F0E76FF08B00EDE76FF098
S214035F508500EAE7F0B51C46436806461B0A0F466B
S214035F60154689B035D122462946FFF7BCFF68B9E6
S214035F70EB1C23F00303C4E90307636145B920223E
S214035F8000212046E5F7EAF96FF0860009B0F0BD78
S214035F90014620226846E5F7E1F96A462946304677
S214035FA0FFF7A1FF0028EAD12368009A9A42E6D1B8
S214035FB06368019A9A42E2D1A368029A9A42DED1B2
S214035FC0A369069A9A42DAD1E369079A9A42DDD020
S214035FD0D5E76FF08B00D9E7D5F7DCB9D5F7F6BA76
S214035FE070470020704700207047C36819448368D1
S214035FF053F8210030F8023B13607047012310B5B5
S21403600080F888300378044653B100F061FA2146DD
S2140360102046D5F7CDFB2046BDE8104000F04DBA2C
S21403602010BD38B50D460446D5F7AAFB6B68204667
S214036030C4F8B032A96800F096F94FF0FF33204653
S214036040C4F8B432FFF7CDFF38BDD0F8B43210B57C
S2140360500133044601D0002010BD00F0BCFAC4F89A
S214036060B4020130F7D194F8B80280F00100F3E7E8
S21403607008B5D5F7C1FB08BD0A7801382D2A0ABF33
S214036080012200228918D5F713BC07281BD8DFE89E
S21403609000F0060A0D10131504170120704700229E
S2140360A00820D5F705BC00221020FAE7002220209E
S2140360B0F7E70820FFF7E0BF1020FBE72020F9E70B
S2140360C00846D5F757BC002070472DE9F743072845
S2140360D00C46DDE90A7690461D4608D801380628A0
S2140360E00AD8DFE800F01D27303A44574A00212833
S2140360F050D003B0BDE8F083002220461146E5F7F2
S214036100F9F83368C0B205EB83013A6845F8230013
S214036110013348F8221033603B6801333B60E8E7FD
S214036120002220461146E5F7E5F8336880B205EB12
S2140361308301EAE7002220461146E5F7DBF83368D9
S21403614005EB8301E1E7002220461146E5F780FAD6
S214036150336840B205EB8301D7E700222046114699
S214036160E5F776FA336800B205EB8301CDE7002244
S21403617020461146E5F76CFAE1E7002389461E46FA
S2140361801D468DF8063019F8013F7D2B06D1257084
S2140361902D0A65703B6848F82340BDE7202BF2D0F4
S2140361A006F00102013612B98DF80430EBE710222F
S2140361B0002101A88DF80530E5F74AFA6319013581
S2140361C09870ADB2DFE72DE9F04F9B46002385B00C
S2140361D08B45814688469246CDE902336BDC1A46E8
S2140361E01E4619F80340212C09D81F2C04D8103C4E
S2140361F0072C98BF012200E001260133F1E7FF2CAC
S214036200FBD15B4436B1013B43450ADD2B2005B089
S214036210BDE8F08F62B1013B4345F7DC35463746B0
S21403622002E000252F462E46454504DB0020EEE718
S2140362309845F3D0EAE75D453BDB19F80730202B9A
S21403624018D109EB07035B78FF2BDFD1CEB92046C5
S2140362505AF82510FFF719FF78B303AB019302AB87
S21403626000932046DDE90E235AF82510FFF72DFF8D
S2140362700135D9E7212B0ED109EB07035B78FF2BFA
S214036280C4D1029B5AF825200E99012641F82320F3
S21403629001330293ECE7A3F11004072C02D91C4642
S2140362A00137D3E709EB07035B78FF2BAED1E4B2E4
S2140362B0CCE70624CAE72120A9E72620A7E72DE98D
S2140362C0F04F07460E4615469846044685B0DDF859
S2140362D04490DDE90FAB206808B3DAF80020D8F85D
S2140362E000108A421BDA0E9B53F82210D1F7E2FD08
S2140362F048BBDAF800200132CAF800206268117B36
S214036300FE291BD10E9B1068012100932A464346A3
S214036310CDE902B9CDF804A0FFF7D1FF04462B78E8
S21403632043B999F800302BB97EB101233C4689F86E
S21403633000302B70204605B0BDE8F08F01238BF8A4
S21403634000302B70EBE70C34C5E73446F2E710B5A4
S2140363500446236803B910BD237A13B92046D5F73C
S2140363603FFB0C34F5E710B541B10A7932B9012485
S2140363709C300C71FEF73DFE204610BD0020FCE766
S2140363802DE9F041BAB005460AAA084603A900F06B
S2140363905FF90446B0B90DF10A0301930DF10B033F
S2140363A08DF80A0000930AAA284604AB03A9D5F77A
S2140363B0C7FC9DF80A20B2B19DF80B2048B12AB15C
S2140363C0D5F70EFB20463AB0BDE8F081FFF7BFFFD6
S2140363D0F8E7D5F89C50002DF4D0A86808B1FFF76D
S2140363E0B6FF2D68F7E700B346681AAB06F10C084C
S2140363F02AAF01934046049B039900970AAAFFF726
S214036400E2FE04460028DDD1039B05A8CDE9063746
S214036410049B0595CDE90838D6F75AFF05A83368D7
S214036420984705A800F03FFDCCE72D24CAE710B532
S2140364300446AC30E4F78EFE04F1AB031A180020D2
S214036440934200D110BD13F8011F0029FAD00A2980
S21403645008BF0130F4E70023F0B50B60136006466F
S214036460D0F8AC0278B196F8AC0060B1012406F11E
S214036470AC07D6F8AC02844210D306F1AC00B3F5F1
S214036480007F10D30120F0BD0D6801350D6015683F
S21403649001351560F85C01330A2802D0B3F5007F96
S2140364A0F2D30134E5E7C15C0A29EBD00029E9D031
S2140364B01168013301311160E1E710B50021D0F80E
S2140364C08C200446E4F74AFF0023C4E9243310BDB6
S2140364D073B5044600F1AC0580212046FEF79EFD09
S2140364E04FF4007106462846FEF798FD0136C0F5C0
S2140364F00070864220461FD8E4F72CFE0646284640
S214036500E4F728FE01362946421CA819E4F778FF6B
S2140365102046E4F71FFE214602462846E5F7AEF876
S2140365202046E4F717FE0A23204480F8AC30002305
S214036530C4F8AC3202B070BDFFF779FF01AAC4F805
S214036540AC0269462046FFF786FF0022009B2344E1
S21403655083F8AC20C0E773B50D460446FFF767FF24
S2140365606B1C19D1D4F8AC3213B1013BC4F8AC326E
S21403657000252046E4F7EEFDA84215D82046FFF78F
S2140365809CFFD4F8AC322BB16946204601AAFFF72C
S21403659062FFA0B902B070BD012DFBD1D4F8AC32B6
S2140365A08342F7D20133E1E7082000F023F82020E6
S2140365B000F020F8082000F01DF80135D9E7009D0B
S2140365C004F1AC06019BAB42E4D9715D2046D5F7D6
S2140365D0E5FC0135F6E707B500200DF1070100F0ED
S2140365E0E7F820B99DF8070003B05DF804FB4FF009
S2140365F0FF30F9E710B5C1B20446002000F0C8F832
S21403660000280CBF20464FF0FF3010BD0FB407B56F
S21403661004AA52F8041B00200192D5F75BFE002063
S21403662003B05DF804EB04B0704710B54C1C0B4682
S2140366300119045D222C03D07B2C01D05C2C05D1E0
S214036640D21A1844E4F7DCFE012010BD0020FCE754
S2140366502DE9F047054691468846E4F77BFD2A4632
S21403666006461346197801322029FAD0C9F80030B5
S2140366705C1B01236FF0404AC8F80030A64201D8DD
S214036680002014E02F5D29197B2F12D0222F2ED144
S214036690D8F80030621C53442A4449F82320012CBE
S2140366A009D911F8013C13F0DF0F04D02120BDE80F
S2140366B0F0877D27F3E701342B5DBB4209D12B1905
S2140366C05B7813F0DF03F1D1222F00D12B55013471
S2140366D0D4E75C2B07D1324621462846FFF7A5FFB1
S2140366E00028E3D0013E0134A642E5D8DEE75C2F5E
S2140366F008D1324621462846FFF797FF0028D5D013
S214036700013EE4E7202FE2D10022631CB3420A7065
S214036710DDD2EA18EB5C202BD9D0D8F800300F2B4B
S21403672005DC49F823200133C8F80030CFE71E20E4
S214036730BDE700F000B800207047D1F7A9BB70B5DD
S2140367400C46154610B9D5F7B9FD38B143682BB1D9
S2140367502A462146BDE8704000681847232070BDCE
S214036760F7B50D4616461C4638B9D5F7A7FD04B946
S21403677001AC20B9232003B0F0BD03B901ACC76850
S214036780002FF7D02346324629460068B847F2E77B
S21403679007B501228DF807100DF10701FFF7CFFFAC
S2140367A003B05DF804FB0B4601461846FFF7F0BF3F
S2140367B000230122FFF7D4BF08B508F0BBFFFA2376
S2140367C0B0FBF3F080B208BD0420704740F20160CE
S2140367D0D5F76ABE7047012070470020704749BA54
S2140367E089B280EA0103C3F303125340180380B24D
S2140367F058405B0103F4FF535840704708B5D6F77B
S2140368001FFA58B1A0F15903042B06D8042B04D859
S214036810DFE803F00404040304005C2008BDD6F795
S21403682067BB7047F8B50C468D18073552421540BE
S214036830A5F108070646384600F0DFF9A188381B9D
S214036840628801EBE00189B2A2EBE00225F8041CA2
S21403685025F8062CA288C310AAB1A4EBC202B2F88C
S21403686002C0D18003EB0C015180E28892B1D31AA7
S2140368709BB204EBC20425F8023CA380B36803442E
S214036880B3603846F8BD15F8082C42F0020205F846
S214036890082CEAE725F8022CF0E72DE9F04F4FF035
S2140368A0000887B09946531C109B0546174614BF2D
S2140368B014460824CDF81480002B00F0C580C3F8D6
S2140368C00080002900F0C28042688A4240F2BE80FF
S2140368D0073121F0070608F03FFE05AACDE900823E
S2140368E082463A464B463146284600F08AF9059FCB
S2140368F0834607B130B9504608F029FE192007B081
S214036900BDE8F08FB7F8028029694FEAC802C0EBEA
S214036910C8080139B8F1270F29617AD9B9F1000FF0
S21403692051D1864206F1080848D022463946284601
S214036930FFF778FF04460590059B9844404600F011
S2140369405CF9059906F10F004A88C308A2EBD0024A
S214036950A8F80220CA88A8F80430002A30D0D31A30
S2140369609BB201EBC202A8F8063093808B88F60828
S214036970A380B8F804303A46E3804146002328460D
S214036980668000F0A6F9AB680833AB60237843F063
S214036990010323702B6901332B616288AB68504671
S2140369A003EBC203EA68AB60934288BFEB6008F070
S2140369B0CEFD109B083400201C60A0E73C46BBE7D6
S2140369C0A8F80620D2E707EB08042046039200F057
S2140369D014F90BF10703DB080599638008F1070335
S2140369E0DB08A380CB8893B1DB00039AD81D821AF9
S2140369F05A44C2F3CF020B44E2809A80A38808F17C
S214036A00FF384FEAD808A1F80280CB80BBE7E380C3
S214036A10F4E7B9F1010F1BD107F10803B3FBF4F256
S214036A2004FB1233B3B1224639462846FFF7FAFE73
S214036A30044623783A4643F0010323702146012394
S214036A40284600F046F9A8E7222058E7212056E713
S214036A508642E8D13C46ECE707B500224FF0FF310B
S214036A6001AB0192D5F7A4FE019803B05DF804FBD1
S214036A702DE9F74F04460D46002900F0AB80D0E918
S214036A80056808F069FD15F8087C35F8061CFB0751
S214036A90009000D531B9009808F059FD012003B0E5
S214036AA0BDE8F08FA368D4F8109035F804ECA3EB98
S214036AB0C10B09F10103A5F1080C4A1CC4F808B080
S214036AC02361BEF1000F7BD0ACEBCE03D888B3F8BE
S214036AD002A00190187807F00207C00765D4002FBC
S214036AE064D10198A0EB0A07012F69D18A1CABF188
S214036AF008075244C4F81090A76035F802ECBEF1BC
S214036B00000F61D0D4E900700CEBCE0A07EB000946
S214036B10CA4559D21CF83EC057461CF0010C15D185
S214036B20AEEB0101012911D1BAF80210AAF802C08E
S214036B3001310A44BAF80610002943D00AEBC1070C
S214036B40216901392161A1680839A16015F8081C7B
S214036B50013A21F0010105F8081C002125F8061C5E
S214036B605A801A7861F300021A707FB3C3F10702E2
S214036B703A44C2F3CF02DA80BA804EB3B34227D385
S214036B807288002A08BF1E46B8F1000F06D0434598
S214036B9004D8B8F80220002A18BF43460098C4E970
S214036BA0056308F0D4FC002079E74FB115F8087C9C
S214036BB0724427F0020705F8087C00279F809CE7AD
S214036BC063469AE70F46BBE70027BFE7DF80D4E7B5
S214036BD01E46D9E7222062E710B50446D5F700FE25
S214036BE02146BDE81040FFF743BFFFF7F5BF084651
S214036BF0FFF732BF0846FFF7F8BF00230360436082
S214036C007047F0B5D0E90554561C08BF0822002B80
S214036C104FF0000008BF2C46DDF818C0CCF8000083
S214036C20002C37D09DF814706588FF0007EBC50568
S214036C30C2F1000E2078C00708D51BBBE088A0B1C0
S214036C4004EBC004658807EBC505F3E78D42F4D370
S214036C5063B904F10806B6FBF2F002FB106670187F
S214036C600EB1A842EAD8CCF80040F0BD082A0FD0EF
S214036C706088013004EBC000461A06EA0E06801B45
S214036C808542F0D2A0880028EFD0A4EBC004D9E751
S214036C900846E8E72046E8E703460069C0B10AB9B4
S214036CA051B91A6810460378DB0711D531B9C38882
S214036CB05BB100EBC300F6E79A69F3E7012904D159
S214036CC0838823B1A0EBC300EDE700207047184686
S214036CD070472DE9F041D0E9055407468846164625
S214036CE0ABB1954200D00ABB424600213846FFF7B7
S214036CF0D3FFB442054600D02EB94246012138469A
S214036D00FFF7CAFF0446C7E90554BDE8F08195427C
S214036D1008D08D4228BF0D46B44205D0444538BF3F
S214036D204446F0E70D46F7E74446ECE79442EAD1DB
S214036D30E3E770B500261C46C3E90001C3E9026613
S214036D40C3E905001E611A775E62FFF756FF2369E3
S214036D500139C908013341802361A36830460833EB
S214036D60A360E3680833E36070BD002307B5684695
S214036D7000938DF80430D3F7AFFC03B05DF804FB43
S214036D8010B508F0DCFB044606F03CFD2046BDE8E3
S214036D90104008F0CFBB70474FF4C870D5F780BDDE
S214036DA0D5F732BE00F01CB87047704708B503F03D
S214036DB07BF903F083F903F08AF903F099F9BDE848
S214036DC0084003F0A8B9704708B503F068F903F064
S214036DD067F903F066F903F066F9FFF7F4FF08BDF9
S214036DE008B503F099F903F098F903F098F9BDE8AC
S214036DF0084003F09BB97047012070472DE9F34123
S214036E0012F001050446884622D110F0030525D169
S214036E102F465208BA4209D1D3F7ECFE0026B742F2
S214036E2004EB860008D1D3F7F1FE11E054F82730BF
S214036E3001330CD10137EDE7042258F826300DEB69
S214036E400201019308F098FE30B1D3F7DFFE3D252B
S214036E50284602B0BDE8F0810136E0E70125F7E7F2
S214036E607047B0F1006F0FD300F07843B3F1006FB3
S214036E700CD000F06040B0F1404F09D0B0F1604F45
S214036E8014BF04200320704700207047012070477A
S214036E9002207047002070471AB111B180B2D6F7AE
S214036EA027B82120704701F094BEDEF7D7BEFFF760
S214036EB08DBCD0E9023253F8223000211878DEF771
S214036EC01FBB704702F0D5B901F015BEC3688268D0
S214036ED0013BDBB252F823305B78652B02D10020EE
S214036EE0E0F75EBE6E2B01D10120F9E7662B01D1D8
S214036EF00220F5E7704710B5D0E90232044653F88E
S214036F002230187802F09FFAE368A268013352F839
S214036F102330BDE81040187802F093BA10B5044643
S214036F20C0B2D7F7B3F9200ABDE81040D7F7AEB919
S214036F30D0E9023253F822301878D7F7AFBA02F006
S214036F4032BADFF72BBB08B501F0F6FEBDE8084002
S214036F50E0F714BDD0E9023253F82230186801F086
S214036F60E9BE0020E0F710BE0120E0F70DBE0221C7
S214036F70D7F72ABA0321D7F727BA0521D7F724BAB2
S214036F8008B501460C20D7F7FBF9BDE80840D7F74C
S214036F9089B908B501460020D7F7F2F9BDE80840DD
S214036FA0D7F780B907B5C2688368043253F822302E
S214036FB001211B880DF10602ADF806300023D7F732
S214036FC087FF03B05DF804FB08B508F0C7FBBDE810
S214036FD00840EDF7EDB810B51446D8F795FA2146F4
S214036FE0BDE8104008F0B2B808B5D8F78DFABDE88A
S214036FF00840002108F0AAB808B5D8F785FABDE816
S2140370000840ECF7EBBB08B5D8F77EFABDE80840B6
S214037010ECF7D0BB7047704708B508F09FFBFFF747
S214037020FAFF03F0DDF8BDE80840D8F7B9BA7047B1
S214037030012070470120704708B5D8F74DFB00289C
S2140370400CBF0420012008BD70472DE9F341044618
S2140370500D4616461F46DDF8208008F017FC3B4613
S214037060324629462046CDF8008003F0BAF83B4660
S214037070324629462046CDF80080FFF7E5FF02B0EA
S214037080BDE8F04101F0A5BD2DE9FF4704460D46D6
S21403709016461F46BDF830809DF83490DDF838A0BC
S2140370A008F0F4FB3B46324629462046CDE9019AD2
S2140370B0CDF8008001F040F804B0BDE8F04701F0D9
S2140370C088BDF8B504460D4616461F4608F0DEFB97
S2140370D03B46324629462046DDF74CFF044601F080
S2140370E078FD2046F8BD70472DE9F34104460D466A
S2140370F016461F46BDF8208008F0C8FB3B463246BE
S21403710029462046CDF8008003F06EF83346424603
S214037110294620460097FFF7E6FF02B0BDE8F04198
S21403712001F057BD704708B508F0B0FB03F05DF8F3
S214037130FFF7F8FFBDE8084001F04BBD012070479C
S2140371402DE9F74304460D4616461F469DF828903C
S21403715008F09CFB3B46324629462046CDF8009075
S214037160FFF7ECFF80463B46324629462046CDF8DD
S214037170009003F03BF801F02CFD404603B0BDE859
S214037180F083012070472DE9F74304460D46164663
S2140371901F469DF8289008F079FB3B463246294661
S2140371A02046CDF80090FFF7ECFF80463B4632467C
S2140371B029462046CDF8009003F019F801F009FDA2
S2140371C0404603B0BDE8F083F8B504460D461646C0
S2140371D01F4608F05BFB3B4632462946204603F033
S2140371E007F8BDE8F84001F0F4BC00207047F8B596
S2140371F004460D46164608F049FB32462946204605
S214037200FFF7F3FF074632462946204602F0F1FF12
S21403721001F0DFFC3846F8BD38B504460D4608F0E5
S21403722035FB2946204602F0E5FFBDE8384001F06D
S214037230D0BC10B5044608F029FB204602F0DBFF5D
S2140372402046FDF7DCFBBDE8104001F0C2BC7047EA
S21403725038B504460D4608F019FB2946204602F0C9
S214037260D9FF29462046FFF7F2FFBDE8384001F074
S214037270B0BC704770B504460D46164608F006FBCC
S21403728032462946204602F0C7FF324629462046A4
S214037290FFF7EFFFBDE8704001F09BBC704738B5C1
S2140372A004460D4608F0F2FA2946204602F0B6FFD9
S2140372B029462046FFF7F2FFBDE8384001F089BCB7
S2140372C070472DE9F34104460D4616461F469DF8C2
S2140372D0208008F0DBFA3B46324629462046CDF8A6
S2140372E0008002F09DFF3B46324629462046CDF8F5
S2140372F00080FFF7E5FF02B0BDE8F04101F069BC8E
S214037300704738B5054608F0C1FA284600F0E1FE96
S21403731004460146284601F0AAFF01F05AFC20461F
S21403732038BD38B504460D4602F07BFF2946204695
S214037330FFF7E6FF38BD704738B5054608F0A6FAEE
S2140373402846DEF737FC04460146284601F08DFF43
S21403735001F03FFC204638BD38B504460D4602F022
S21403736061FF29462046FFF7E6FF38BD704710B594
S214037370044608F08BFA204602F055FF2046FFF736
S214037380F5FFBDE8104001F024BC704738B504464D
S2140373900D4608F07BFA2946204602F045FF2946AB
S2140373A02046FFF7F2FFBDE8384001F012BC7047F5
S2140373B070B504460D46164608F068FA3246294666
S2140373C0204602F032FF324629462046FFF7EFFFFB
S2140373D0BDE8704001F0FDBB704738B504460D4666
S2140373E008F054FA2946204602F020FF2946204694
S2140373F0FFF7F2FFBDE8384001F0EBBB704738B546
S21403740004460D4608F042FA2946204602F00FFFCE
S21403741029462046FFF7F2FFBDE8384001F0D9BB06
S214037420704710B5044608F031FA204602F000FF14
S2140374302046FFF7F5FFBDE8104001F0CABB7047D2
S21403744010B5044608F022FA204602F0F2FE204663
S214037450FFF7F5FFBDE8104001F0BBBB7047704770
S21403746070B504460D46164608F010FA324629460D
S214037470204602F0E1FE324629462046FFF7EFFF9C
S214037480BDE8704001F0A5BB704710B5044608F090
S214037490FDF9204602F0D1FE2046FFF7F5FFBDE8D2
S2140374A0104001F096BB704738B504460D4608F009
S2140374B0EDF92946204602F0C1FE29462046FFF78D
S2140374C0F2FFBDE8384001F084BB7047F8B50446C8
S2140374D00D4616461F4608F0D9F93B46324629465E
S2140374E0204602F0ADFE3B46324629462046FFF7CD
S2140374F0ECFFBDE8F84001F06CBB704770B504467E
S2140375000D46164608F0C2F932462946204602F0D2
S21403751098FE324629462046FFF7EFFFBDE8704047
S21403752001F057BB70472DE9F34104460D46164656
S2140375301F46DDF8208008F0A9F93B463246294667
S2140375402046CDF8008002F07DFE3B4632462946B3
S2140375502046CDF80080FFF7E5FF02B0BDE8F04116
S21403756001F037BB0E2070470E20704738B504462F
S21403757008F08CF92046FFF7F7FF0546204602F091
S21403758062FE2046FFF7EEFF01F023FB284638BDD8
S214037590704710B5044608F079F9204602F054FE09
S2140375A02046FFF7F5FFBDE8104001F012BB0020B0
S2140375B070470020704738B5044608F067F9204640
S2140375C0FFF7F7FF0546204602F03FFE2046FFF78B
S2140375D0EEFF01F0FEFA284638BD704708B508F0FE
S2140375E055F902F033FEFFF7F8FFBDE8084001F057
S2140375F0F0BA002070477047704708B5D8F73EF9D1
S21403760000280CBF0420012008BD70470B68DA7BF6
S2140376101AB9DB7C0BB9D8F755B98120704708B582
S214037620D8F768F9BDE80840D8F772B97047D8F7B5
S21403763061B9D8F76DB9082808D84FF48B73C340DF
S21403764013F0010F0CBF2120002070472120704744
S2140376500121D8F74FBA0221D8F74CBA0421D8F73C
S21403766049BA0821D8F746BA1021D8F743BA0120F9
S2140376707047D0E9023253F822301878D8F7E6BBC1
S2140376800868C37B1BB9C37C0BB9D8F70FBC812032
S2140376907047D0E9023253F822301878D8F748BC3E
S2140376A0704730B50546044615F8100B85B00295AD
S2140376B065691D44CDE900250B46A21D618801F0CE
S2140376C036FE05B030BD704710B492F80A4192F802
S2140376D0053103EB04230B8100235DF8044B1A46A4
S2140376E001F023BE1FB50446084671B12178FF2971
S2140376F00BD0238B029363690193237C00936288E8
S214037700A31DDEF773FAFF23237004B010BD0868C9
S214037710C37B73B9C37C032B0BD8DFE803F00208E3
S2140377200406D8F705BFD8F735BFD8F765BFD8F72F
S21403773013BF812070477047704700207047137847
S21403774010B5032B0CD15479CBB29C4208D1937954
S214037750B3EB112F04D153781B1A5842584110BD6E
S2140377600020FCE77FB505460E4600246946E0B2D6
S21403777001F083FD28B96A4631462846FFF7DFFF46
S21403778018B90134202CF1D1002004B070BDFFF7E6
S214037790E9BF0868C37B9BB9C37C052B10D8DFE819
S2140377A003F0030D070B0905D8F7CABFD9F706BAC6
S2140377B0D9F760B8D9F7B2B9D9F730B9D9F702B85B
S2140377C0812070470020704730B5102587B001AA86
S2140377D000210195FEF709FC04462A46002102A86B
S2140377E0E3F7BCFD2A46214602A8E3F709FE01217A
S2140377F002A8D9F7C1FB07B030BDD9F74FBB704716
S214037800FFF7FDBF0B68DA7B5AB9DB7C012B04D08C
S214037810022B04D02BB9D9F7D3BFD9F7DDBFD9F7DD
S214037820E7BF81207047002307B5012101A8019314
S214037830D0F786F908B9CFF7BFFF012003B05DF88C
S21403784004FB08B502F06EFA052803D0003818BF0B
S214037850012008BD0220FCE77047D0E9023253F846
S21403786022301878003818BF0120DBF741BBDBF75E
S21403787045BB00207047002070477047FF207047C5
S214037880FF20704700207047002070470020704795
S214037890704706207047DAF7E9BD0868DBF7C2BA17
S2140378A070B50D46044600212846164601F076F9C3
S2140378B0324620800221284601F070F93246608065
S2140378C00421284601F067F90023A360E3606060A3
S2140378D0082070BD034641B181424FF0640005D9CC
S2140378E04343B3FBF1F0C0B2704708467047DBF77B
S2140378F013BBDCF709B9DCF711BAB0F5807F05D006
S214037900A0F500735842584140017047082070475D
S21403791030B599B00D4669461446DCF763F930B9BD
S21403792015B1BDF802302B600CB10D9B236019B066
S21403793030BD2DE9F04788B00E46904604A905AA47
S21403794007461D46FFF7E4FF044638BB28800DF1C3
S2140379500C09DDE904A39A4520D20622514638468F
S214037960CDF8009006ABDCF759F9D8B9039B062B84
S21403797018D12A88DDF81A3042450ED2BDF8181001
S21403798026F832102A8806EBC20253602A8853442C
S214037990013206332A800493DBE7F7D9204608B082
S2140379A0BDE8F0870124F9E72DE9F0438FB00F46D1
S2140379B0904601A9002204469946FFF7A9FF18B18D
S2140379C001200FB0BDE8F083062220460DF1020326
S2140379D002A9FFF7AEFF0028F2D105460246BDF81E
S2140379E00210019CEEB28E42EAD20EAB03EBC60641
S2140379F056F82C3C36F8306C0634BE4217BFE418F3
S214037A00012213460022013522B1C8F80040C9F806
S214037A100030D6E71A46E5E770B50024012602F0E3
S214037A205BF9E5B2C26806FA05F59542234604F10A
S214037A300104F4D3D8B270BD70B586B0DBF720FF6F
S214037A4000F11006E1F714FB00240546142201A9F1
S214037A50301902F048F91CB99DF80430FF2B16D0F4
S214037A60002303F118026A4412F8142CFF2A06D1E5
S214037A701C44601E90FBF5F080B206B070BD2B442C
S214037A80DBB2132BEDD91434B4F5826FDED14FF08D
S214037A90FF30F2E7DBF72ABD07B504220DEB020140
S214037AA002F021F9019803B05DF804FB37B50546EB
S214037AB008460C46FFF7F0FFA84206D004222046ED
S214037AC00DEB02010195E1F725FB03B030BD07B5C9
S214037AD00B460092002102460120DBF799FD03B016
S214037AE05DF804FB08B50121DBF7CAFCBDE80840D6
S214037AF0E1F7BCBCDCF708B808B5FFF7F3FF0020D6
S214037B0008BD08B513460A4601461846DBF714FEB9
S214037B1080F00100C0B208BD00207047704708B16E
S214037B20DCF712B9704730B4DDE902451DB10294A3
S214037B3030BC00F0C6B930BC70471F2804D81422E6
S214037B4000F5A030D5F79EBA70471F2804D8142234
S214037B5000F5A030D5F7C2BA7047152808B505D189
S214037B60FFF7DCFFBDE80840DCF734BA08BD10B504
S214037B70142486B02246002101A8E3F7EFFB202356
S214037B80224601A94FF4A03001F095FC06B010BDC3
S214037B900020704713B500230C461A460146CDE96C
S214037BA00033E0B2DCF7DAFF02B010BD13B50023F2
S214037BB01446019001220093E0B2DCF7CFFF02B037
S214037BC010BDD0E9023253F822301868DDF73EB90B
S214037BD0194491420ADC4218002003B9704712F890
S214037BE0011D013B01EB0020DBB2F6E700207047E6
S214037BF02DE9F04F4FF0000A85B0019381460F46FA
S214037C0015465346019A11785FFA8AF2914203D8D1
S214037C10002005B0BDE8F08F019909EB050801EBDC
S214037C204202517892F802B011F04004009101F03C
S214037C303F061BD0AC19BC42D4BF002401243346F4
S214037C406400A20740F18880009B1B0640F19280E7
S214037C500E9B324603EB0B000021E3F77FFB3D460A
S214037C6000231D44ADB20AF1010ACBE7042E07D860
S214037C7066B1B31E022B0BD8DFE803F012213000E7
S214037C803E2E37D03F2E5BD03D2E4BD00320C0E791
S214037C90BD4234BF00240124012664003346D0E7E6
S214037CA0AB1CBB4250DC02233A4629464846FFF744
S214037CB08FFFADF80A0002230DF10A08C1E7EB1C9B
S214037CC0BB4243DC03233A4629464846FFF780FF78
S214037CD00390042603230DF10C08B2E72B1DBB42C9
S214037CE036DC04233A4629464846FFF771FF0390DD
S214037CF00423F0E77A1E95422CDA02233A462946F5
S214037D004846FFF765FF4FF6FF7380B298420EBFF3
S214037D100223023083B25C19A742B4BF03240124B2
S214037D2004268EE7BD4215D298F80030FF2B0CBF11
S214037D3001230133EC18BC42CCBF03240124EFE734
S214037D400124042600237CE73446B4E70224C0E774
S214037D500224CDE70324E3E70E9A02EB0B0014B1EB
S214037D6042F80B807DE7324641460093E3F786FCF4
S214037D70009B76E702204CE710B5144686B01881C0
S214037D801A460A9B0291CDE9034301230193099BFB
S214037D90014600930320BDF82030DDF775F906B0E1
S214037DA010BD1FB500240294079C0194BDF818402B
S214037DB00094FFF7E1FF04B010BD2DE9F0410E4635
S214037DC01746054686B098B391B38AB34FF00008BA
S214037DD002A95FFA88F001F050FA044640B99DF80C
S214037DE00830032B08D008F10108B8F1200FEFD1B3
S214037DF0204606B0BDE8F0819DF809202B799A420B
S214037E00F1D1BDF80A206B889A42ECD19DF80C306C
S214037E10BDF80D006B7128812B4622464FF6FF7185
S214037E20CDE90067FFF7BDFF0028DCD00446DFE797
S214037E302124DDE710B586B00A9C04949DF82440FF
S214037E400394BDF8204002940124CDE90034134680
S214037E500A4601460620DDF717F906B010BD1FB522
S214037E6004460846194600230094CDE90123079BE0
S214037E70BDF81820FFF7DEFF04B010BDF0B50228EA
S214037E8005460E4614461F468BB00AD106A9F0B225
S214037E9001F0F3F998B99DF8193023719DF81C3059
S214037EA06371119B224604930023CDE902330193A9
S214037EB0109B3146009328463B46DDF7E5F80BB0AA
S214037EC0F0BD13B500240194049C0094FFF7D6FF7D
S214037ED002B010BD2DE9F0450646884614469A467C
S214037EE0002701258BB006A9F8B201F0C6F920BB1E
S214037EF09DF81830012B19D19DF8192033799A4231
S214037F0014D1BDF81A2073889A420FD19DF81C30FD
S214037F1032467371B9B2CDE9030ACDE9010043468F
S214037F2002200094DDF7B0F8054610B90137202F7C
S214037F30D9D128460BB0BDE8F0850546F9E70023FE
S214037F40FFF7C8BF10B50446DDF77CFE0021631EAD
S214037F5004F10F0213F8010FFF2808BF19709342AC
S214037F60F8D10023237410BD0020704770B5064671
S214037F701D46DDF7DBFC044608B9212070BD3046FC
S214037F80DDF7A2FF0028F8D0A0682A46FF21FFF7F6
S214037F9022F89DF81030002063719DF81430A37109
S214037FA0ECE713B59DF81040CDE9003413460122E3
S214037FB0FFF7DCFF02B010BD08B5DDF7B7FC28B14C
S214037FC08068FF21FFF718F8002008BD2120FCE792
S214037FD00122FFF7F1BF1FB50B466A460146184656
S214037FE001F041F96A460823002032F8021B013BE0
S214037FF013F0FF0380EA0100F7D1012838BF012000
S21403800080B205B05DF804FB2DE9F04F87B0DDE9DB
S214038010109B05468846484619461F461446BDF833
S21403802048609DF84CA0FFF7D6FF042D0346ABF837
S21403803000001AD8022D1DD9042D07D04FF2F222C4
S214038040A188914222D1E28891071FD5E17A0022C6
S214038050CDE9013720463346CDE90392CDF800A09B
S21403806001F056F907B0BDE8F08F6A1F012A11D94F
S2140380702120F7E700224146CDE911922846224601
S214038080109707B0BDE8F04F01F051B94FF6FF76F1
S2140380900C21DCE7052D0ED10023E17A0022CDE981
S2140380A00137CDE9039200912346524641463046B6
S2140380B001F021F9D6E74FF2F222A188914204D1CA
S2140380C0E288920701D5E17AE8E74FF6FF760C21BE
S2140380D0E4E7F0B585B00546DDF7E8F848B16B8808
S2140380E0B3F5006F05D1681D05B0BDE8F04000F09C
S2140380F0EFBC284600F003FD0446C8B9E7B269465C
S214038100384601F0BAF878B99DF8006066B9294692
S214038110384601F0B6F820B140F60443984207D03B
S2140381208C26304605B0F0BD0134202CE6D1F7E7A7
S2140381308D26F6E7DDF7A0BA2DE9FF4704460D4680
S2140381400146184617461E46BDF830809DF8349003
S214038150DDF838A0D8F72CF8D0B92146284601F028
S21403816036F933463A4629462046CDE9019ACDF8F4
S2140381700080DDF725FB33463A4629462046CDE9FF
S2140381800D9ACDF8308004B0BDE8F04702F02BB866
S21403819004B0BDE8F087DDF7BDBCDDF775BCDDF7E1
S2140381A099BC10B5044601F01EF908220146204684
S2140381B0BDE81040E3F724B901F017B9002101F038
S2140381C014B901F026B90020704720207047EAF75B
S2140381D0AFBFEAF7F9BFEDF79BBC7047DDF7E6BD27
S2140381E070B506460C46154600F04CF850B13CB147
S2140381F035B1204600F0D8FC013080B2A84200D941
S214038200002070BD304600F043F840B1002CF7D094
S214038210012DF5D9204600F0CCFC0230EDE73046C0
S214038220DDF724FDEAE7F8B5BDF8185010B39678E5
S21403823055B9D478A6F14107012F07D8621ED2B2EA
S21403824000F0D1FD0020F8BD2C46F3E7433E012E97
S21403825004D8A21E92B200F0DEFDF3E7D27813B97B
S2140382600DB1AA4206D811B9E3F778F8EAE7E3F7BF
S214038270C7F8E7E78920E6E7413803288CBF0020E4
S21403828001207047413801288CBF00200120704729
S214038290433801288CBF0020012070470020704718
S2140382A0002070470388B3F57C4F01D3FFF7F8BF70
S2140382B00846FFF7F3BF10B54A880488A2420DD1DB
S2140382C0037B0C79234009D0B2F57C4F08D3FFF724
S2140382D0E7FF0B891B1A5842584110BD0020FCE7E4
S2140382E00120FAE738B50D88D488A5420AD1038859
S2140382F0B3F57C4F08D2FFF7D5FF13891B1A5842F4
S214038300584138BD0020FCE70120FAE72DE9F04785
S21403831015460446B8B149B1EAB100264FF0140A2F
S214038320B04690F80490F3B2994501D800240AE0C9
S21403833027680AFB06773846FFF7BDFF013628B1E4
S2140383403C46A5F800802046BDE8F0877B89434479
S2140383501FFA83F8E7E71446F5E72DE9F0470E46DC
S21403836015460446B8B149B112B300274FF00C0ABC
S214038370B846B0F80890BBB2994501D800240AE085
S2140383806368324620460AFB0731FFF7ABFF28B186
S2140383900C46A5F800802046BDE8F0870B79013728
S2140383A013F0300F02BFCB7843441FFA83F8E2E79B
S2140383B01446F0E72DE9F04186B00D46144698467C
S2140383C004AA05AB03A90646DDF726FD40B30DB1A7
S2140383D0049B2B6034B3049D03982946FFF762FF82
S2140383E02B88074602467188307800F050FBD8B1D8
S2140383F0297911F010030BD0EB782A46CDE9004318
S2140384003B4671883078FCF7E6FA06B0BDE8F081A3
S2140384102A4620460599CDF80080FFF704FFF4E7C7
S2140384208620F2E72046F0E77E20EEE71FB51C46DF
S2140384300023ADF80A20BDF818208DF80400ADF827
S2140384400610ADF80C2069461A4601A800938DF86D
S2140384500840FFF7AFFF009804B010BDF0B587B033
S2140384600E4605AB04AA03A90446DDF7D5FC08B3FC
S214038470049D03982946FFF715FF2B8807460246F7
S2140384806188207800F005FBB0B1297911F010015E
S21403849008D000963B462A4661882078CDF7CEFF63
S2140384A007B0F0BD009101232A4631460598FFF731
S2140384B0BAFEF5E78620F3E77E20F1E72DE9F041E3
S2140384C0064600254FF014080779E8B2874201D81C
S2140384D000241AE008FB05F0D6F800C00CEB0004F5
S2140384E03CF8000081421AD132B1802A10D194F9A7
S2140384F00CC0BCF1000F12DAB0F57C4F05D3204652
S214038500FFF7CEFE834200D04BB92046BDE8F0818C
S214038510402A04D194F80CC01CF0400FECD101356E
S214038520D3E70121DDF7B4BB08B513460022DDF718
S214038530DDFC003818BF012008BD08B513464022ED
S214038540DDF7D4FC003818BF012008BD08B5134674
S2140385508022DDF7CBFC003818BF012008BD08B524
S21403856040220023DDF7C2FC003818BF012008BDF7
S21403857008B580220023DDF7B9FC003818BF0120B8
S21403858008BD0023DDF7B2BC0021DDF71FBD10B523
S21403859004460121DDF71AFD2046BDE8104001F030
S2140385A056BE7047F8B516461F469DF81820BDF808
S2140385B01C300546DDF79AFC78B10421DDF784FD0F
S2140385C0044650B1284600F010FB3A46314628468A
S2140385D0A047BDE8F84000F0FCBAF8BD2DE9F74F18
S2140385E01E46DDE90C9B074688461446BDF8383020
S2140385F02AB3B9F1000F22D00EB392F804A099F86B
S2140386000020504612F0080F0CBF802240226188DB
S214038610DDF76CFC98B10821DDF756FD054670B111
S214038620504600F0E2FA3346224641463846CDE944
S214038630009BA84703B0BDE8F04F00F0CABA03B0EA
S214038640BDE8F08FF8B5BDF8187016461A463B46D7
S2140386500446DDF74BFCE0B177B90221DDF734FDC4
S2140386600546B0B1204600F0C0FA31462046A8477A
S214038670BDE8F84000F0ADBA1021DDF725FD05464C
S21403868038B1204600F0B1FA3A4631462046A847AC
S214038690EEE7F8BD73B5BDF8184016461A462346EE
S2140386A00546DDF723FCB8B1C4B92021DDF70CFD80
S2140386B0044670B1284600F098FA099B31460093A9
S2140386C028469DF820309DF81C20A047044600F05D
S2140386D080FA204602B070BD8624FAE70024F8E745
S2140386E02DE9F04186680446007800F07EFA0025FE
S2140386F014273279EBB29A4203D8BDE8F04100F072
S21403870068BA7B4332682078D15A02EB030800F03C
S214038710C2F901214046DDF7D7FC034608B12078AD
S21403872098470135E5E72DE9F04F1C4689B09DF8DB
S2140387304C30BDF8488001939DF850309246029322
S2140387402246434607460D46DDF7D0FB8DF81470E8
S2140387500646ADF816508DF81840ADF81AA0ADF8D9
S2140387601C8018B9012009B0BDE8F08F05A9FFF7F2
S214038770A2FD0028F6D000252F46A8462C4634E056
S2140387800C231FFA85F903FB09F931887368B1F5E1
S2140387907C4F33F8092003EB090B1AD333F809008F
S2140387A050452CD3019BA3422DD900F0BAF99BF870
S2140387B00200DEF735F9029B43B19BF8043013F051
S2140387C0010F0CBF05200720DEF72AF90134A4B2F7
S2140387D019E0ADF81A205946304605AA0393FFF769
S2140387E081FD039B0028D9D101353289ABB29A4269
S2140387F0C6D804EB0800C31B58425841B3E708F138
S21403880001081FFA88F80137BFB2EDE710B5012457
S21403881088B006949DF83C4005949DF8384004942F
S2140388209DF8344003949DF8304002940B9C0194C9
S214038830BDF828400094DDF78BFD08B010BD2DE988
S214038840F04786B0BDF83880DDF83C909DF840A030
S214038850CDF80080CDE9019A04460D4616461F461C
S21403886000F013F9B8B1431EDBB2012B10D8002376
S2140388700122811E48424841CDE90432CDE902A0D7
S2140388803B46324629462046CDE90089FFF7BEFF20
S21403889006B0BDE8F0870120FAE730B500240125CD
S2140388A087B0CDE9044503959DF82C5002950A9DA3
S2140388B0CDE90045FFF7AAFF07B030BD30B5002469
S2140388C0012587B0CDE9044503959DF8285000940B
S2140388D0CDE901354023FFF799FF07B030BD10B54A
S2140388E0012486B0CDE90444002403949DF828406F
S2140388F00294099C0194BDF820400094FFF786FF7C
S21403890006B010BD1FB5089C03949DF81C40029446
S214038910069C019400240094DDF716FE04B010BDF7
S21403892070472DE9F84F0229074688460C9D04D860
S2140389304FF0000A5046BDE8F88F1BB10429F7D95B
S21403894042F004023A702BB303247B701B0ABB70FD
S214038950DFF710F94FF000099DF82830385504F179
S214038960020A01343B550B9A5FFA89F3D45C002C58
S214038970E0D0732C10D82E464C2C56F804BB3DD0B2
S214038980532C15D0622C45D1AC8805F1080600237C
S2140389901A4616E00124DBE7A4F17503032BC7D8B8
S2140389A0763C2E1D022C52D8DFE804F0565A5800A7
S2140389B06A6805F1080694B2D2B2B2F1FF0318BF93
S2140389C001230AEB040119448845B1DB50461946D6
S2140389D0002947D153441FFA83FA5CB1BBF1000F59
S2140389E0A6D0224607EB0A005946E2F747FE544450
S2140389F01FFA84FA354609F10109B4E74FF6FF7307
S214038A006A6805F1080694B222469C4214BF022304
S214038A100023D6E76C2C05D1584600F0CAF8841C10
S214038A20A4B2B4E7732C04D1584600F0BDF8441C36
S214038A30F6E7A4F13003DAB2092A01D89CB2A6E716
S214038A40A4F14103062B3FF673AF373CE8E7012357
S214038A5000242A68A346B4E70223F9E70323F7E7CB
S214038A600423F5E700F1010C01393A54C9B2120A9E
S214038A701FFA8CF0ACE70020DDF75ABF0022DDF7C3
S214038A8077BF0023DDF78ABF7047012070470120B8
S214038A9070470120704770470020704700207047DA
S214038AA00020704700207047002070470020704762
S214038AB070470E2070470020704700207047002044
S214038AC07047002070477047FF2070470E2070479E
S214038AD08420704770477047002070470020704717
S214038AE00020704700207047002070470020704722
S214038AF00020704770470E20704700207047002004
S214038B00704770470020704770477047704770473C
S214038B100E207047704700207047812070477047CB
S214038B20704738B50546C0B2DDF77AFF0446280A13
S214038B30DDF776FF14B1002808BF0024204638BDB1
S214038B40F8B50546C0B2DDF76BFF0446C5F307204C
S214038B50DDF766FF0746C5F30740DDF761FF064608
S214038B60280EDDF75DFF24B12FB136B1002808BF0C
S214038B7000242046F8BD3C46FBE73446F9E710B42C
S214038B80CC18944203DC5DF8044BFFF721B80020B1
S214038B905DF8044B70470423FFF7F1BF08B50223C3
S214038BA0FFF7EDFF80B208BD0078FF2808BF00205E
S214038BB0704708B502220021FFF7F0FF4FF6FF7358
S214038BC0984208BF002008BD003818BF01204000A7
S214038BD070470020704708B5FFF7A3FCFF284FF047
S214038BE0FF3018BF0020C0B208BD08B5FFF7F3FF7B
S214038BF0FF280CBF2120002008BDF8B506460C460A
S214038C0015461F4600F011F810B12544AC4200D1BA
S214038C10F8BD3946304614F8012BDDF7F3FFF5E7C8
S214038C20014600220220DDF77DBF0120704737B5DD
S214038C300546DCF707FA044601950CB981201CE0CB
S214038C40237823B12046DCF705FA0446F5E72B68BC
S214038C5062685B889A42F5D1A368EA7B99B272B1DF
S214038C602A8A9142EED16A7DB2EB134FEAD10020F5
S214038C70E36801A998478128E4D003B030BD4FF6D6
S214038C80FF72EEE72DE9F84304460F4690469946F1
S214038C900BB3012A1FD80C20E2F766FD064610B96F
S214038CA01920BDE8F8831020E2F75EFD18B93046B8
S214038CB0E2F762FDF4E70123002547EA0847706000
S214038CC00570C0F80C904460876033803046DCF74C
S214038CD0B1F92846E5E72120E3E738B504464368BB
S214038CE008460D469847B4F90830002B02DB2B786C
S214038CF0042B06D1002320466360BDE83840DEF728
S214038D0013BB38BD30B54FF48A5587B0ADF816207F
S214038D100DF116041A46029543B100230122CDE94C
S214038D200033234600F01EFA07B030BD0194012439
S214038D300094F7E7FFF7EBBEFFF7BDBE00207047D2
S214038D4008B500F014FB20B900F05BFB08B9DBF7AD
S214038D500FFBFFF7CFFEBDE80840FFF7DBBE0020A2
S214038D60DEF74ABF0021DEF7E7BF0022DEF7A6BF25
S214038D701FB5D2880B4612F0200F4FF6FD7114BFB5
S214038D8049245224ADF80610510544BF083CE4B20A
S214038D90110544BF083CE4B2120444BF023CE4B2EB
S214038DA0032805D8DFE800F0020F161CADF80630DE
S214038DB0BDF80600FFF788FEFF281CBF241AE4B29E
S214038DC0204604B010BD02AA0DF10601D8B200F089
S214038DD08CFAEDE7D8B200F052FAADF80600E7E7F2
S214038DE0013CE4B2E4E7F8B5064617460D4681B102
S214038DF00C78FF2C0BD00846FFF7D6FEB84228BFE8
S214038E003846C4B22246691C701CE2F7F9FA34707D
S214038E10F8BD0C46FBE770B5044615460E4611B979
S214038E204170017070BD0B78FF2B05D14B78FF2B7B
S214038E3002D103704370F5E73046FFF7BAFEA84247
S214038E4028BF284685B22A46B11CA01CE2F7D8FAEA
S214038E5025702D0A6570E5E7F0B523B9013A531C72
S214038E602FD1002020E0042AFBD800231C46551EE1
S214038E706E1C1AD1042A10D00121D200501E01FA0A
S214038E8000F020421EBF914049420C4318421EBFC9
S214038E904FF0FF3101FA02F213439C421EDCB4BFCB
S214038EA04FF0FF30002040B2F0BD40B1465DEF000A
S214038EB0BE4034434E5D013DBE403343D8E70646CD
S214038EC0F5E78C5C38B90346A34202F1FF32C6D2FB
S214038ED04FF0FF30E8E7835CA342F5D90120E3E7D0
S214038EE0283807288CBF0020012070471D2810D083
S214038EF004D840B11C2804D0552070471E380128DA
S214038F00FAD81A2901E00B390F298CBF5520002007
S214038F1070470829F9E7002000217047F7B59DF848
S214038F2020400546082C104619469DF8246036D87E
S214038F30002213462C44AC4208D106F0FD04382C1C
S214038F400ED10096FFF7E7FF03B0F0BD14F8017DDE
S214038F501B0243EA12631202BA1843F10003EAE75C
S214038F60392E10D107EE100A07EE902AB4EEE77AF0
S214038F70F1EE10FACCBF77EE677A77EEC77A002168
S214038F8017EE900AE0E7824273EB010403D2801ADD
S214038F9061EB0301D8E7101A63EB0101D4E7002065
S214038FA00146D1E738B5C36814461944836853F8B5
S214038FB021501AB12846E2F7CDF82070284638BD6E
S214038FC02DE9F3411C4616460DF107029DF8205085
S214038FD0FFF7E8FF9DF807308046A34288BF8DF869
S214038FE007409DF807700DB1E41BE5B22A46002141
S214038FF03046E2F7B3F93A4641467019E2F700FA0B
S214039000384602B0BDE8F0812DE9F3411D46164609
S21403901001AA9DF82040FCF7E8FF019B80469D428D
S21403902038BF0195019F04B1EC1B22460021304650
S214039030E2F794F93A4641463019E2F7E1F9F8B215
S21403904002B0BDE8F08173B50024154601AA1E469A
S2140390500194FCF7CAFF019B072B0AD92146CCB221
S21403906016B1C4F10704E4B2425C013108292A555B
S214039070F5D1D8B202B070BD1FB5030A8DF80E3015
S2140390800323009303AB8DF80D0000F0BBF805B087
S2140390905DF804FB1FB58DF80F100421030A8DF845
S2140390A00E30009103AB8DF80D0000F0ABF805B061
S2140390B05DF804FBF0B589B016689DF83C50CDF812
S2140390C009608DF811305668BDF83830012D109FB1
S2140390D0BDF84440CDF80D60ADF812308DF814504D
S2140390E014D0032D19D13B68CDF815307B68CDF825
S2140390F019309DF848308DF81D3016230093BDF8BF
S2140391004C2002AB00F07EF809B0F0BD8DF8154098
S214039110240A0F238DF81640F0E70120F4E71FB565
S2140391200446084611461A4602238DF80D1000938E
S214039130214603AB00F066F804B010BD10B5144624
S2140391401A460B6886B0CDF80D304B683421CDF83F
S21403915011300A23009303AB8DF8154000F052F844
S21403916006B010BD2DE9F041B6B014461D460646BE
S2140391700F469DF8F080DFF703F803AA8DF80C007E
S2140391801046330A8DF80F703F0A8DF80E308DF8AF
S2140391900D602B468DF810708DF8114005EB4405D5
S2140391A0AB4202F102021FD16200D2B2931DDBB2C0
S2140391B03D99D8336B44073203F8CC8C01EB480552
S2140391C0D3B250FA82F2A94202F1020212D103EBA1
S2140391D04803009006213046BDF8F820DBB2DEF7E0
S2140391E0D9FF36B0BDE8F08133F8021B1171090AC6
S2140391F05171D5E731F8024B02F8024C240A02F803
S214039200014CE0E72DE9F0411C4605460E4617469D
S2140392109DF81880DEF7B4FF207043463A46314681
S21403922028460694BDE8F041DEF7B4BF0020704739
S2140392307047D3F791BA08B5E9F778FA002840F6ED
S214039240124018BF002008BD70477047704770472C
S214039250704770477047002070477047704700207C
S21403926070477047704702F066BFFEF775B8FEF7A3
S21403927058B803F0D7BAF5F7B7BA03F0C4BAF5F798
S21403928071BAF5F7D9BAF5F793BAFEF737B9FEF719
S2140392901DB910B49DF8044001945DF8044BFEF725
S2140392A010B8FEF764B8FEF771B8F1F75BB9F1F7DB
S2140392B05FB9EEF7CBBCEEF7CFBCEAF753BBFEF7CE
S2140392C0B0B8FEF775B8FDF7C0BEFEF798B8FEF760
S2140392D084B830B4BDF808409DF80C50CDE902457B
S2140392E030BCFDF7D1BEFDF76FBFF5F717BCDEF751
S2140392F0A1BFF5F7DDBC70B49DF80C40BDF8105067
S2140393009DF814600394CDE9045670BCF2F744B993
S21403931070B49DF80C40BDF810509DF8146003948B
S214039320CDE9045670BCF2F777B9F2F761BA10B418
S2140393309DF8044001945DF8044BF2F7B1B910B4FC
S2140393409DF8044001945DF8044B01F0BABF01F0A8
S214039350BABFFDF77DBFFDF78DBFFEF71AB9FDF760
S2140393609EBFECF785BFEDF7DDBEEDF7AFBEECF7BE
S214039370A9BB02F051BBEDF761B902F0A7BBEDF74D
S214039380EDBAECF751BEEDF7D3BEEDF74FBEEDF7F2
S2140393906BBEEBF713BAFEF7C6B8FEF761B8FEF777
S2140393A074B8FEF781B800F036BC00F02FBCF4F7B3
S2140393B0D5B9F1F721BFF4F7AFB9F4F7D5BAF1F79A
S2140393C0EBBEEAF7BBBAF3F775BBFFF732BFFAF7A4
S2140393D093BEFEF703B9FDF72CBFFEF731B801F0D5
S2140393E020BDDEF785BEEAF7D1BFEAF77BBB01F007
S2140393F0DCBF01F0B3BFEAF7C9BBEAF717BFEAF76A
S21403940041BFEAF737BBDEF78FBEDEF7A1BEDEF756
S21403941079BEEAF7D7BADEF77FBEF6F7DDBA01F014
S2140394209BBF01F062BFEAF7D3BAEAF799BFEAF740
S21403943029BB10B4BDF8044001945DF8044BFDF756
S21403944053BEDEF721BFDEF713BFF6F765B8F6F7B0
S2140394509DBA03F0FABA03F000BBF6F7D5B8F6F7F1
S214039460B5BA00F06DB900F0ABB900F0D3B900F0AF
S214039470B9BA00F029BB00F092BADFF71DBC00F0C2
S214039480F0B900F01DBA00F030B810B51C4601F074
S214039490ECFD06F034FA0023C0F3402023704000AE
S2140394A010BD002208B50B461146FFF7EEFF023843
S2140394B018BF012008BD002070477047B1FA81F03D
S2140394C04009704701207047704770470020704777
S2140394D070470020704770470E2070470120704782
S2140394E07047012070470120704714220021E1F7DE
S2140394F035BF704770B505460C468AB02522002155
S2140395000DF10300E1F72AFF6B68CDF81D30AB6859
S214039510CDF82130234601AC03F110062246186825
S2140395205968083303C2B3421446F7D101236A7B52
S2140395308DF8023012F0040F0CBF4FF480734FF413
S214039540A073110748BF43F48063ADF80030930758
S21403955048BFBDF80030684644BF43F00803ADF883
S2140395600030F1F721FB0AB070BD30B5427B0D46E3
S214039570D10704468BB007D5407801A9F1F77EFBE7
S214039580D8B12D200BB030BD9307FAD5C2F38003B4
S21403959010074FEA8313ADF8023044BF43F48063E9
S2140395A0ADF80230BDF80220201D0AB10DF102020B
S2140395B001A902F0DDFD0028E3D001AB03CB9DF843
S2140395C01430A1602373BDF810306060590642BFA3
S2140395D0627B42F0040262735A0542BF627B42F02A
S2140395E0080262731B0742BF637B43F00203637385
S2140395F02B4606AC0AAD224603CAAA421860596037
S214039600144603F10803F6D10020BBE7F0B5044681
S2140396100D4693B0252200210DF12300E1F79EFEAF
S214039620636804F1040CCDF83D30A36809AECDF8A9
S21403963041302B4605F1100732461868596808333F
S21403964003C2BB421646F7D105238DF82230637B4F
S2140396505B0103F40073ADF820306378FF2B1AD157
S214039660002360461A4601A900F0D9F99DF8053093
S214039670FF2B0DD1002301A91A46184600F0CFF997
S2140396809DF80530FF2B03D11C26304613B0F0BDE2
S2140396909DF8053063700020617808AA00F0B4FADC
S2140396A006460028F1D1607801A900F03EFA2B4661
S2140396B003AD2A4618685968083303C2BB421546E9
S2140396C0F7D1637B6078DB0648BF9DF81C3001A9A1
S2140396D044BF63F07F038DF81C3000F03DFAD4E7F7
S2140396E010B504468AB02422002101A8E1F736FE0D
S2140396F0637B590744BF4022ADF810201A0742BFC8
S214039700BDF8102042F48062ADF81020DB070FD5B9
S214039710607801A9F1F7B2FA10B12D200AB010BD96
S21403972001AB03CB637B606043F00203A16063730A
S21403973004A9201D02F01EFD0028EED00020EDE750
S2140397401FB5694600F066F8002818BF2D2005B03F
S2140397505DF804FB73B50D4614460646DEF7D4FEE5
S2140397606B881A071AD522463146102002F0E3FC0E
S2140397702046DEF7C9FE6B88D90717D50023224695
S21403978001210DF107008DF80730DFF78FF96B889D
S214039790002B0CBF2120002002B070BDDE06EAD5E8
S2140397A022460821281DDFF781F9E1E79A0701D54C
S2140397B00223E4E75B07EAD50323E0E70F207047BD
S2140397C01FB50C46694600F025F810222146684668
S2140397D0E2F710F9B0FA80F0400904B010BDB8B152
S2140397E0B1B14388A3B90378013B082B10D8DFE84F
S2140397F003F00507090B0F0F0F0F0D00DFF758B81F
S214039800DFF7B2B8FFF776BEFFF700BFDFF740BA61
S2140398102120704738B50D4609B300B30378013BE2
S214039820082B1AD8DFE803F0050D101319191919B8
S2140398301600DFF775F80446284602F099FE204620
S21403984038BDDFF7B1F8F6E7FFF78FFEF3E7DFF78C
S214039850E1F8F0E7DFF726FAEDE72124ECE7212429
S214039860EDE770B586B0064601A80C461546FFF729
S2140398703CFE04238DF804301CB12068616802ABFB
S21403988003C3294601A88DF80560FFF7A8FF06B0B5
S21403989070BD70B586B0044601A80D461646FFF7A0
S2140398A024FE0323206861688DF8043002AB8DF82C
S2140398B0116003C3294601A8FFF791FF06B070BDE8
S2140398C00022FFF7E6BF30B585B00D46694604466D
S2140398D0FFF7A0FF20B92A4621466846FFF73AFF5E
S2140398E005B030BD30B5437B044613F001020D4688
S2140398F08BB007D0407801A9F1F7C0F970B12D20DD
S2140399000BB030BD9B07FAD5ADF8022001A90DF1C7
S2140399100202043002F02CFC0028F0D000210E22B4
S214039920A81CE1F71BFDBDF810302B80039BAB6032
S214039930BDF81230AB819DF81430237301AB03CB13
S2140399406060A1600020DBE770B5437B0446DB075D
S2140399500E468AB003D42D2528460AB070BD694644
S214039960407800F04DF905460028F4D1DDF81D30A7
S2140399700E226360DDF821300146A360637BB01CD2
S21403998043F002036373E1F7E9FCBDF80030069A7F
S21403999043F004033380059BB2607360DCE70B4639
S2140399A010B50446102200211846E1F7D7FC2278AA
S2140399B0032A09D0042A0DD0022A11D101462046D3
S2140399C0BDE81040DFF7D4B901462046BDE8104095
S2140399D0FFF788BF01462046BDE81040FFF7B4BF37
S2140399E0262010BDF8B5074608460C4616461D4603
S2140399F0FFF77BFD04232370637B314643F00103AB
S214039A00204667706373FFF705FF08B12D20F8BD86
S214039A1029462046FFF7C3FF0028F8D0F6E7F8B537
S214039A20054608460C461F461646FFF75EFD04230A
S214039A30237025B108222946E018E1F7E1FC637B91
S214039A4043F0020363734EB932460121284600F001
S214039A50E4F8FF28607007D12D20F8BD3146204674
S214039A60FFF7D8FE0028F7D1637B43F00103637347
S214039A700DB90020F1E7002FFBD039462046FFF74B
S214039A808EFFF6E7F8B50C460746084616461D460B
S214039A90FFF72BFD03232046394600F8043B082234
S214039AA0E1F7AEFC637B314643F002032046637363
S214039AB0FFF7B0FE08B12D20F8BD29462046FFF774
S214039AC06EFF0028F8D0F6E7F8B5074608460C46BA
S214039AD016461D46FFF709FD03232370637B3146B5
S214039AE043F00103204667706373FFF793FE08B1E4
S214039AF02D20F8BD29462046FFF751FF0028F8D051
S214039B00F6E718B18022012100F087B8FF207047DE
S214039B10002307B51A4619460093F2F7FFFDB0FA7D
S214039B2080F0400903B05DF804FB0B4610B519221C
S214039B300446FF211846E1F711FC7E2C01468CBF34
S214039B4004F5C43004F583304FF01902BDE8104025
S214039B5088BFAD30D3F796BA7E2888BF00F5C430E9
S214039B604FF0190294BF00F58330AD30D3F7B6BA81
S214039B7030B589B00D46FFF7C4FFFF2804460DD065
S214039B8001A9FFF7D2FF2868696801AB03C3204623
S214039B9001A9FFF7E1FF002009B030BD2D20FBE748
S214039BA0704770470020704770470F207047704714
S214039BB09DF8000070470F2070470F207047002065
S214039BC070470F207047002070470020704784B00E
S214039BD08DE80F00002004B07047002070477047E0
S214039BE0704700207047704700207047704700207A
S214039BF07047012070477047002070470120704768
S214039C000E207047FF2070470E2070470E207047C7
S214039C100020704770470E207047FF20704770473C
S214039C2070470020704770477047704700207047A2
S214039C307047002070470020704700207047704729
S214039C407047002070477047002070470020704719
S214039C5070470020704710B50024E3B210B9C3F173
S214039C600303DBB20134042CCA544FEA1222F4D1A4
S214039C7010BD10B50B784C788A78C97828B9104689
S214039C802246044608461946034642EA012043EAAA
S214039C90042343EA004010BD7047DFF71DB908B53B
S214039CA0CDF78CFE002814BF8620002008BD08B51B
S214039CB0CEF754F8003818BF012008BD08B5CEF714
S214039CC00DF8003818BF012008BD08B5CEF792F886
S214039CD0003818BF012008BD08B5DFF7DDF9BDE879
S214039CE00840DFF78BB970B504460D461646DFF716
S214039CF0D3F90420DFF774F9324629462046FFF7E6
S214039D00DDFF04460220DFF76BF9204670BD08B579
S214039D10DFF7C2F9BDE80840CDF7C4BFDFF7F4BCF0
S214039D20DFF7D4BC08B5DFF7D1FC20B1BDE80840A7
S214039D300020DFF709BE112008BD10B5044608B1A0
S214039D40DFF7E4FE2046BDE81040FCF74EBF10B533
S214039D500446006A10B1616AFFF7EFFF0020C4E90A
S214039D60080010BD38B50546FFF7F1FF2B7E044605
S214039D70012B0ED0023B012B0ED8EB69012B18BF2B
S214039D806FF09604282200212846E1F7E7FA2046DA
S214039D9038BDEB69002BF2E76FF09604F2E7182262
S214039DA00021E1F7DBBA70472DE9F84F9846DDE965
S214039DB00B490D9B15469A0706460F4623D02A469F
S214039DC00A9B03EB040A1444A24220D10D9B9B0773
S214039DD005D5A2EB050AD14505EB0A0420D8204693
S214039DE0BDE8F88F434639462020B0470AF1010AFA
S214039DF0CA450AEB0B02F5D3A9EB04024C4588BF10
S214039E0000222A44DCE7A246A5EB040BF0E702F1A6
S214039E10010B434639461AF8010DB0475A46D3E7B5
S214039E204346224639462020B0470AF1010AD2E7C4
S214039E302DE9F047DDE90D7616F0020F9DF8288030
S214039E40DDE90854DDE90BCE1FD106F001094FB159
S214039E50B9F1000F06D0B8F1000F02D116F00C0FBF
S214039E6000D0013F4FF0300A04E0202C04D005F860
S214039E7004A001347445F8D3B9F1000F05D04FF0B0
S214039E803009A74201D9202C2DD116F0100F1FD070
S214039E9016F4806F2CD15CB3744501D0BC4227D135
S214039EA0B4F1010E23D0BCF1100F46D1023C16F0DC
S214039EB0200F28D1202C28D04FF0780C05F804C0AA
S214039EC00134202C21D04FF0300C05F804C00134A7
S214039ED0202C1AD0B8F1000F23D04FF02D0C05F824
S214039EE004C0013412E005F804900134C9E774464F
S214039EF0BCF1100FDBD0BCF1020FE2D1202C04D052
S214039F004FF0620CDAE7202C08D12024CDE90A763C
S214039F10CDE90854BDE8F047FFF746BF4FF0580CAD
S214039F20CCE716F0040F02D04FF02B0CD7E716F051
S214039F30080FEBD04FF0200CD1E7BCF1020F7446AC
S214039F40C1D1DDE72DE9F04391B0189D1A9E1D9F00
S214039F500DB927F010077C0500D515B317F0200FB1
S214039F6014BF4FF0410E4FF0610EAC4600250DF1C5
S214039F702008AEF10A0EBCFBF6F906FB19C95FFA18
S214039F8089F4B9F1090F94BF30347444E4B2B4458C
S214039F9008F8014B05F10105BCFBF6F401D3202DAF
S214039FA010D11C9C069705941B9CCDE903649DF871
S214039FB06440CDE9015408AC0094FFF739FF11B0B3
S214039FC0BDE8F083A446D6E72DE9F04F95B0269E6C
S214039FD0CDE90A23DDE91E74DDE9229B57EA040373
S214039FE008BF26F010067205CDE9080102D557EA28
S214039FF0040337D016F0200F14BF41236123002536
S21403A0000DF1300AA3F10A0821464A465B46384654
S21403A010E0F738FED2B2092A94BF303242444F45A5
S21403A020D2B274EB0B0405F101050AF8012B01D338
S21403A030202D14D1259B06960593249BDDE9080164
S21403A040CDE903939DF88030CDE901530CAB009323
S21403A050DDE90A23FFF7ECFE15B0BDE8F08F0746EF
S21403A0600C46D1E70025E5E708B100F014B87047C1
S21403A07010B1D1E900311847704738B5441E14F8BB
S21403A080015F25B90A2000F006F8284638BD2846A1
S21403A09000F001F8F3E701460020FCF779BB7047B0
S21403A0A07047E9F75FB8704708B5FCF742FBCDF792
S21403A0B085FCBDE80840CFF795BD704708B5CDF7DA
S21403A0C0C5FFFAF7DCFFBDE80840DEF7E5BF08B5D5
S21403A0D0FBF7FEFEDFF74EFDFBF7D8FDE0F7ECF8E7
S21403A0E0E0F7D8F8E0F75AF8BDE80840D2F7A4BF7F
S21403A0F008B5D0F7BBFFFBF7B8FDD0F7C3FFFBF7F8
S21403A100B6FDD5F7ABF9D5F751FAD5F759FBBDE848
S21403A1100840D5F777BA70477047E0F765B808B5D3
S21403A120FCF752FFBDE80840FCF776BF704707B55B
S21403A13000220346114601200092D4F709FB03B020
S21403A1405DF804FB07B500920B46027D81898068A3
S21403A150FDF74EFD003818BF0120C00103B05DF8BF
S21403A16004FB08B50020DBF701FC0020DDF792F9BD
S21403A1700020D5F7CDFE0020D6F7BAF90020D6F793
S21403A180E3FE0020D9F712FA0020D9F77DFF00205E
S21403A190DAF772FDBDE808400020DAF75DBE08B5C1
S21403A1A00120FDF73CFABDE808400120D6F7A0B928
S21403A1B008B50220DBF7CEFC0220DAF767FE0220A2
S21403A1C0DDF776FC0220FFF7ABFD0220FDF792FCDD
S21403A1D00220D9F759FFBDE808400220DBF75AB939
S21403A1E07047FDF7A7BF70477047704770477047C3
S21403A1F070477047704710B50446DBF765F820468E
S21403A200D7F7B4F92046D8F707F92046BDE810403B
S21403A210FDF7A3BCFDF7BEBCFDF7C8BCDAF736BD39
S21403A220704770477047704770477047704770476E
S21403A2307047704705F029BB70477047DAF7C0BD13
S21403A240704770477047704770477047704770474E
S21403A250CCF746B8FEF748BC704700207047FEF7B9
S21403A26045BCFEF74FBC7047431E012B03D9031FA3
S21403A2705842584170470120704700F021BC4FF404
S21403A280D0720021E1F76AB870B50446E3F73EF9E9
S21403A2900546A8B9A169F1B1238AD3B1204604F1D2
S21403A2A01002E2F7E1FF38BBE16919B3638AA3B191
S21403A2B0204604F1120200F0CAFA78B1054603E01C
S21403A2C00023A3612361E3610023284663612362BD
S21403A2D070BDA061E8E72082E6E7E361216A002912
S21403A2E0F2D0A28A002AEFD02046E38ABDE8704067
S21403A2F000F06FBA6182F1E76582E561DEE711B9C6
S21403A300D0F8DC1021B1CB6813B18B68D8897047BD
S21403A3104FF6FF707047E2F7DDB910B50C461146ED
S21403A320E2F7FEF9E3F72CFC012801D1002010BD6B
S21403A330002CF7D10520FAE700F0CFB900F0E3B917
S21403A34070B500232425D0F8DC00C4689C4201D1F4
S21403A350212070BD826805FB0322D6898E4202D86F
S21403A360128A8A4201D20133F0E70020F1E7F8B5FA
S21403A37006460D46E1F74AFCD8B94FF6FF734FF091
S21403A380240CEF68C1B28F4208D81C4621463046DB
S21403A390E1F7F2FD00F09AFB2046F8BDAA680CFB35
S21403A3A00122D4899C4202D2002CEFD023460130EE
S21403A3B0E8E70024F0E7C08D70470A7838B505460D
S21403A3C01046FFF751FF60B14C782046FFF74CFF6D
S21403A3D038B12243530704D42846BDE83840E2F791
S21403A3E0EBBB212038BD10B504460878FFF73CFFC9
S21403A3F058B14A781046FFF737FF30B1042A04D025
S21403A4002046BDE81040E2F7F5BB212010BD00F062
S21403A410E8B8E2F757BF084600F008BBE2F796BA7B
S21403A42038B504460D4600F08EF850B1294620464E
S21403A430E1F7A2FD30B929462046BDE83840E2F7E9
S21403A4404DBA0E2038BD70B516460C4605F077F8A3
S21403A450314605462046E5F72FFC0446284605F018
S21403A46069F8204670BD00F032B970B50446002086
S21403A4700E4600F027FBD4F8F0503DB100233146DA
S21403A4802046AC46BDE870401A4660472B4601227C
S21403A49031462046E2F7BAFC284670BD38B5044676
S21403A4A048880D4600F00EFBD4F8F0302BB9294649
S21403A4B02046BDE83840E2F7B7BB022038BD00F0BF
S21403A4C003BB00F03CB9E2F7D7B8E4F7CFBB70B5EF
S21403A4D0BDF81060054606B16BB1334428469BB2FF
S21403A4E000F077F9044620B91EB13146284600F03D
S21403A4F0ABF9204670BD2124FBE7E3F73DBFC0F868
S21403A500EC1000207047E2F7C9BD00F05EB910B446
S21403A510BDF8044001945DF8044B00F09FB80B4669
S21403A52010B514461846A1689288E1F7A7F8E168C3
S21403A530034631B1A0886288121A92B21844E1F732
S21403A5409DF8002010BD0346408A18B1188A0038CB
S21403A55018BF012070470846E4F794BC00F0ECBA35
S21403A56000F0EABAE4F7A0BE084708B5E2F7CCF86D
S21403A570C0B208BD022A01D800F0E2B92120704714
S21403A580022A01D800F0EDB921207047022A01D82B
S21403A59000F0F9B921207047E3F7E0BB0846E3F77C
S21403A5A0FBBB00F018BA00207047002070477047C6
S21403A5B0D0F8943003F06003402B0DD0602B03D00B
S21403A5C0203B58425841704749B10B68012B06D9C6
S21403A5D0486940F00100704740F2011070470020C0
S21403A5E07047F7B504461046D4E954C7DDE9082694
S21403A5F08CEA020587EA06010540194085EA0C0540
S21403A6007940C4E95451002523F4004106EA0103C6
S21403A61020F0010043F40073024043F00203CDE947
S21403A6200055E6F713FA94F824309A0713D5D4F8AE
S21403A63054319B050FD54FF48811204600F058FB84
S21403A64094F82430024665F3410384F82430204608
S21403A6500B46E2F72DF8002003B0F0BDF0B587B047
S21403A6601C461746BDF830601AB90024204607B0CA
S21403A670F0BD002BF9D00029F7D001AAE3F77CFE42
S21403A6800028F2D0BDF80630A2199A42BDF8085049
S21403A690C4BF9B1B9CB2B54212D90399AD1BADB286
S21403A6A03144A5420391ADF808500DD22A463846E8
S21403A6B0E0F7E4FF0499621B7819E0F7DFFFD5E7BC
S21403A6C00499761B3144049122463846F5E708463A
S21403A6D0E5F792BA0220E4F7DDBD08B5D0F8E4301A
S21403A6E04BB11A68022A06D993F825204AB1186A8C
S21403A6F0B0FBF2F008BD4FF446624C210020E1F7B0
S21403A7009DFC0020F6E7D0F8E42008B57AB113687C
S21403A710022B0CD9536A13F47F4FC3F3072106D0D9
S21403A720126ADBB253438B42B3FBF1F006D200202E
S21403A73040F67F424C21E1F781FC002008BD03462A
S21403A740D0F830010860B3F8343100208B807047AE
S21403A75090F830310C2B14BF90F82B00FF20704775
S21403A76038B50C464FF400610546E7F713FA70B1A7
S21403A7707CB195F81E3173B94FF480724FF4807133
S21403A7802846E7F7F3F9003818BF012038BD220240
S21403A790F4E72246F2E70020F8E74FF48071E7F784
S21403A7A0F9B908B54A024FF40071E7F7DFF900205C
S21403A7B008BD08B58A024FF48061E7F7D7F9002091
S21403A7C008BD4FF40071E7F7E5B9062300208B7147
S21403A7D07047B2F5805FF8B50F460646154619462C
S21403A7E02ED89A422CD33F2A26D9B2FA82F40122D3
S21403A7F0C4F11F03DBB29A4092B2AA422CBFC4F143
S21403A8001904C4F11A04E2B20124931DDBB29C407E
S21403A810A4B2AC4212D096F8F5309BB9012096F854
S21403A820243060F3C71386F824303846E3F7B8FBC2
S21403A83000203762B582F8BD0022ECE70020EEE781
S21403A8402120F8E70E20F6E70846E3F7C9BB70B504
S21403A85005460E46144602B313883F2B1DD9B3FA9A
S21403A86083F3C3F11901C9B2062901D8192B12D0F3
S21403A870062928BF062101238A1DD2B293403046FB
S21403A8802380E3F7B5FB23882846EE616B82E3F764
S21403A89039FC002070BD0021EDE72120FAE710B552
S21403A8A0144608460121E5F77DF82046BDE810402A
S21403A8B00121E5F777B8F8B504460E46174604F0C7
S21403A8C03EFE3A46054631462046E5F729FB044652
S21403A8D0284604F02FFE2046F8BD022070470320CA
S21403A8E07047E4F7CFBC10B50023E2F74FFF0446EA
S21403A8F008B9E6F7C9FA204610BD704770B5054695
S21403A9000E46144600F0E3F831462846FFF72FFDBF
S21403A91000F0DDF8230704D50B2C9CBF24F00804B5
S21403A920A4B221462846E1F7F5FE00224FF4003193
S21403A9302846E7F71BF9002070BD8021E7F72AB900
S21403A9407FB5531C05AAADF814100292022100220B
S21403A950DBB2CDE900211146E7F726F907B05DF82B
S21403A96004FB7FB5531C05AAADF81410029204210C
S21403A9700222DBB2CDE9002100220121E7F714F918
S21403A98007B05DF804FB1FB5531C02910022082193
S21403A990CDE900210122DBB21146E7F705F905B040
S21403A9A05DF804FB07B591F82830009391F82B3037
S21403A9B091F8292091F82A10E3F796F903B05DF889
S21403A9C004FB10B50446E1F79FFE01462046BDE8AA
S21403A9D01040E1F79FBE002914BF212000207047D6
S21403A9E038B5054610460C46E3F704FAD5B1D5F854
S21403A9F0E030BBB15B69ABB1421ED2B2FD2A13D9BC
S21403AA000A68013204BF6FF001020A600A68FF2871
S21403AA101A6007D16268013202D16FF001026260E8
S21403AA2062685A60002038BD0128F2E738B505464B
S21403AA30E5F79EFA04460021A878E3F743FA204692
S21403AA4038BD2DE9F74F01251C469DF830300646E4
S21403AA5001930368174603F0070306339D4005F189
S21403AA60FF380B46A1B1416804EA080BA5EB0B0AB5
S21403AA7041F00059524509EB0B0114D952461846CA
S21403AA80E0F7FCFD49467A1B5A445044E0F7F6FDCE
S21403AA90019B2BB13C4448EA050804EA0804F46029
S21403AAA003B0BDE8F08F1846F0E737B50025144627
S21403AAB00095FFF7C6FF204603B030BDE3F716B890
S21403AAC0002070470020704700207047704770478B
S21403AAD030B549000446056812B102291FD9033967
S21403AAE0C90395B9E1B1B1FA81F3C3F12003C3F108
S21403AAF00F00012838BF012003F01F03D940A942E5
S21403AB0001D901384908216030BDB5FA85F339B15A
S21403AB10B1FA81F29B1A002BE9DC0F20EFE7002144
S21403AB200F20F0E7012805D9023818BF4FF0FF3091
S21403AB30C0B270470120704708B5E4F7FDFCBDE8D6
S21403AB400840E4F721BD38B50446FFF7F5FF054690
S21403AB50FFF7F2FF431BA342FAD338BD38B50D46C1
S21403AB600446E4F7E9FC35B1844200D901392046AE
S21403AB7001F0030138BD844238BF0131F7E708B559
S21403AB800121FFF7EBFFBDE80840E4F7FDBC0B0C23
S21403AB9023F48053B3F5284FF7B50D468FB2064618
S21403ABA099B216D04AF60103994214D04AF6020324
S21403ABB0994212D0B1F5204F14BF04240324D6F8CB
S21403ABC0E0300BB1196851B9D6F8DC3093B9286870
S21403ABD00EE00024F3E70124F1E70224EFE723461F
S21403ABE068463A46E4F72CFDDDE90003002BEBD17B
S21403ABF003B0F0BD19680029E9D0234668463A46F3
S21403AC00E4F71EFDDDE90003002BE0D1F0E702F0D8
S21403AC106FBD0204C0F3891307D56FEA83536FEA47
S21403AC20935313F5007F18B206D0A3F1C8006FF450
S21403AC30FF739842B8BF184670474FF038435969B8
S21403AC409A6903F500530A405A6170470E2070470D
S21403AC50E6F70EBBE6F70CBBE6F70ABBE6F708BB60
S21403AC6008B50846E6F72AFF08BDE6F701BB02204B
S21403AC70704702207047002070470120704700206D
S21403AC8070470E20704700207047E2F779BF0846EA
S21403AC9011460122FFF741BB70B505460C46114627
S21403ACA01A46E6F7BDFF06682B462046B446BDE8BF
S21403ACB07040604710B5E6F7B3FFBDE81040836801
S21403ACC01847FFF710BEE2F783BEFFF7A9BBE2F70C
S21403ACD08DBB70B504460D4616464FF4881100F03A
S21403ACE01CF8324629462046BDE87040E3F7A2B872
S21403ACF038B505460C4604F022FCD5F890301C40C7
S21403AD00D5F88C302343C5F88C3004F013FC211E91
S21403AD1018BF01210020490238BD38B504460D4648
S21403AD2004F00DFCD4F890301D40D4F88C3023EAA0
S21403AD300505C4F88C5004F0FDFB284638BD38B52D
S21403AD4004460D464FF48811FFF7E7FF29462046D1
S21403AD50BDE83840E3F796B873B50D7806460C465B
S21403AD6035B304238DF804302379304601A98DF8D2
S21403AD700530FFF738FB0546B8B92278A37952BBEE
S21403AD808DF80430E379304601A98DF80530FFF7D6
S21403AD9014FB054648B923783BB161883046E2F791
S21403ADA043F901213046FFF7DBFC284602B070BDAD
S21403ADB02946FFF7D5FC29463046FFF7F2FC29461D
S21403ADC03046FFF7F6FC2378002BCAD123798DF89B
S21403ADD004306379C9E702228DF80420D3E7FFF72E
S21403ADE0E0BCFFF7EEBC0020704710B50446E6F75C
S21403ADF0B1FF21460020E7F70FFEBDE81040002014
S21403AE0000F03EB970470120704708B5E8F732FCFA
S21403AE1080F00100C0B208BD4FF0FF30FFF79EBBC5
S21403AE2070470020704710B50C4604F0A3F8048062
S21403AE3010BD38B50C46154604F09CF803881DB1C2
S21403AE401C43A1B2018038BD23EA040189B2F9E7A5
S21403AE5008B504F08FF8008808BD08B504F08AF832
S21403AE60C07808BD08B504F085F8008800F00C002B
S21403AE7008BD08B504F07EF8008800F00C00031F38
S21403AE805842584108BD38B5054604F073F80446E1
S21403AE902846FFF7EEFF30B904F1100004F02FFD4B
S21403AEA000F4406038BD4FF40060FBE738B5054654
S21403AEB004F060F804462846FFF7DBFF014648B96E
S21403AEC010342046042203F095FF2044BDE83840A2
S21403AED004F015BDA08838BD10B50C4604F04AF83A
S21403AEE0848010BD38B5054604F044F80446284669
S21403AEF0FFF7BFFF014608B1201D38BD10340422FA
S21403AF00204603F077FF2044F7E738B5054604F0FC
S21403AF1031F804462846FFF7ACFF30B904F11000B9
S21403AF2004F0EDFC00F4404038BD4FF40060FBE74E
S21403AF3038B5054604F01EF804462846FFF799FF81
S21403AF40014648B910342046062203F053FF204436
S21403AF50BDE8384004F0D3BCA08838BD38B50546F4
S21403AF6004F008F804462846FFF783FF014608B1B5
S21403AF70201D38BD10340622204603F03BFF204434
S21403AF80F7E708B503F0F6FF007A08BD08B503F047
S21403AF90F1FF90F9090008BD08B503F0EBFF807ACE
S21403AFA008BD08B503F0E6FFC06808BD10B50C463B
S21403AFB003F0E0FF047210BD10B50C4603F0DAFF91
S21403AFC0447210BD10B50C4603F0D4FFC46010BD28
S21403AFD02DE9F8430F468046002107F11000164678
S21403AFE0994604F03BF80446D0B103F0C3FF054688
S21403AFF0204603F0DBFF002102462846E0F7AEF9C1
S21403B00000232046AB7049F00401FFF70CFFA5F8B8
S21403B01004802EB13A46314605F11000E0F72EFBC8
S21403B0202046BDE8F883F8B505460F4610200021F4
S21403B03004F014F80446B0B103F09CFF064620461D
S21403B04003F0B4FF002102463046E0F787F90023F9
S21403B05039462046B370FFF7E6FE25B12A4601219E
S21403B060204603F0D3FF2046F8BD08B503F082FF61
S21403B070103008BD08B503F099FF1038C0B208BDFC
S21403B0800020E7F7F1BB08B5E7F74CFE002008BD44
S21403B0904088C0F30C00033080084000043070473B
S21403B0A070B50E4605461146304603F0D7FF0446F4
S21403B0B035B128B103F05EFF32462946E0F7A0F922
S21403B0C0204670BD0088B0FA80F04009704738B556
S21403B0D005880022044604F07CFC05B1258038BDB3
S21403B0E0F8B507460D4600880021164603F07AFF9A
S21403B0F0B042044605D129463846BDE8F840FFF776
S21403B100E6BF0021204603F06DFFB04205D020467F
S21403B110002103F067FF0446F3E72A462046002192
S21403B12003F074FF32462846BDE8F840002103F0DA
S21403B1306DBF38B5044638B1002104F044FC002343
S21403B14001465D1C09B998B238BD204604F05FFC81
S21403B1502B460146F5E7F8B5058807467DB1CCB220
S21403B1602146284603F03EFF8542064609D10023C2
S21403B1703B8000222146304603F048FF35462846EA
S21403B180F8BD214603F02EFF21460246284603F06B
S21403B1903DFFEEE72DE9F0470788824688461446CA
S21403B1A05FB3384603F002FF3D460646E4B2214647
S21403B1B0284603F017FF4045814616D1214603F083
S21403B1C011FF21460246284603F020FF474504D1D7
S21403B1D0454508BF0025AAF80050002221464046F0
S21403B1E003F014FF3046BDE8F0878742FAD003F039
S21403B1F0DDFE30444D4686B2D9E73E46F2E70022EE
S21403B2000123C0E900237047F8B50446012700264A
S21403B21004F0A2F923683BB904F099F900226368A5
S21403B220012B0ED16360F8BD1D691F61266004F013
S21403B2308EF9012DF2D02B462D691E61012DFAD110
S21403B240E6E719691A610B46EAE7036823B940681B
S21403B250012803D0E8F7AEBA002070474FF0FF305E
S21403B2607047F8B5054604F065FA0123064600273D
S21403B270A8602B7304F070F92B6802467BB11C6937
S21403B2802169A1420CBF2F6019612761104604F0A3
S21403B2905EF9012C08D0204663689847EAE76C6895
S21403B2A0012C04D104F053F900232B73F8BD616914
S21403B2B0711AB1F1004FF5D8216969602361E5E79A
S21403B2C070470220704702207047002070470144F1
S21403B2D0884201D10120704710F8013B9342F7D012
S21403B2E0002070470821FDF7A6BF70B50146064645
S21403B2F092B00020E6F75AFF044670B9FDF796FFB2
S21403B300054601466A462046E7F7A4FA6A462946F2
S21403B31020468DF80260E7F753FD204612B070BD55
S21403B32000B593B0FDF782FF6A4601460020E7F7B3
S21403B33091FA9DF9020013B05DF804FB00B593B0D3
S21403B340FDF774FF6A4601460020E7F783FA9DF887
S21403B350000013B05DF804FBE7F740BA012070471E
S21403B3607FB54FF6FF7101AAE8F700FD20B1BDF8DF
S21403B3700C0007B05DF804FB4FF6FF70F9E708B55D
S21403B38004F084FB003818BF012008BD08B510463A
S21403B390E9F7C0FDBDE80840E9F77ABE7047704795
S21403B3A070477047704770477047002100B593B0E9
S21403B3B06A460846E7F74EFABDF8060013B05DF88E
S21403B3C004FB002110B592B004466A460846E7F728
S21403B3D041FA00216A460846ADF80640E7F7F0FC56
S21403B3E012B010BD002100B593B06A460846E7F7D1
S21403B3F031FABDF8040013B05DF804FB002110B564
S21403B40092B004466A460846E7F724FA00216A46DD
S21403B4100846ADF80440E7F7D3FC12B010BD7047FA
S21403B42073B50646E8F7C8FF04463046EBF746FF13
S21403B4302246034600213046F7F760FD0546D0B1A5
S21403B440FFF713FE0446284603F094FD0023E21D8F
S21403B450121A294608200093D2B2FBF794FE01384D
S21403B460C0B2012807D801222946304602B0BDE8FB
S21403B4707040E8F7D7BF02B070BD134610B50A4652
S21403B48000210446F7F714FD014628B12046BDE81F
S21403B49010400222E8F7C6BF012010BD07B500938F
S21403B4A013460A460021F7F77DFC28B1002103B0B6
S21403B4B05DF804EBF5F728BA012003B05DF804FB4A
S21403B4C02DE9F04F87B00C4691460746FFF7CAFCB6
S21403B4D00546661C304604F012FA042D40F09080B0
S21403B4E03846FFF7C2FD0378092203F00303012B56
S21403B4F014BF0223032301212046039303F07AFC9F
S21403B500092200210546204603F074FC21788DF8B5
S21403B510170001390022204689B2FFF7C1FD04EB6C
S21403B52009088346F0B14FF0010A2A460146CDF8D2
S21403B53000A003980DF11703FBF725FE0228054626
S21403B54026D1584603F032FD00222070C0B2431EB7
S21403B55000929BB252465946304604F0D1FA2378FD
S21403B560534423703846FFF773FC020424D498F838
S21403B570013021789B071FD50139A1EB09013A4613
S21403B5804046C9B2EDF7B6FC23781844207013E0A2
S21403B59020B92070284607B0BDE8F08F032809D1EC
S21403B5A0404604F0ACF920F4007189B2404604F03A
S21403B5B0A8F9D7E70428D5D101250022204621780B
S21403B5C0FFF76EFD07460028E4D04FF0000801465B
S21403B5D0434601224046CDF80080FBF7D4FD0228FF
S21403B5E019D1384603F0E2FCC2B2013A207093B296
S21403B5F0394601223046CDF8008004F081FAC9E7C7
S21403B60080F0800520F0800081B23046C5F3C01577
S21403B61004F077F9D1E70028BCD12070BAE708B563
S21403B6200020FFF7F2FB80F00100C0B208BD0A4617
S21403B63008B501460020E8F7F5FEB0FA80F04009A9
S21403B64008BD0020E7F7F0BC00210846E7F794B9E9
S21403B6500020FFF7D8BB70B5044604F050F9042267
S21403B66000210646204603F0C5FB204404F047F9B4
S21403B670032205460021204603F0BCFB204404F0C9
S21403B6803EF94FF6FF730540ADB29D4214D1F30762
S21403B69012D506220021204603F0ACFB204404F01A
S21403B6A02EF90446E8F730FF844214BF022406242A
S21403B6B0E8F724FF204070BD2046FBF77CFFC4005C
S21403B6C0E4B2F5E708B5FFF7C6FF003818BF012058
S21403B6D008BD0120704710B50446FEF7B5FA08B951
S21403B6E0FEF7B4FA03050FD40C231B2B01D100205D
S21403B6F009E020FA03F1C90703F1010206D5DBB21C
S21403B700E31A5842584110BD0B23F9E71346ECE7FA
S21403B71010B50C46098819B90846F7F7A9FB208027
S21403B720012010BD08B510461A4600F0B8FABDE869
S21403B730084004F082B870B504460D46164692B02B
S21403B7406A46E7F787F86A46294620468DF81F605B
S21403B750E7F736FB12B070BD10B50C46E9F7B0FA42
S21403B7602046BDE81040E9F7C1B90129F8B50546FA
S21403B7700C461DD003291ED0052920D0072922D028
S21403B7800026002400270120E6F7A8FF3044854260
S21403B7901DDA0320E6F7A2FF2044854219DA0520C6
S21403B7A0E6F79CFF38448542B4BF07200520F8BD62
S21403B7B06FF00406E5E76FF004040526E2E70026CB
S21403B7C06FF00407DFE7002405272646DBE70120A2
S21403B7D0EDE70320EBE738B5054600242046E6F7F9
S21403B7E07DFF0134A842E4B202D9062CF6D1072421
S21403B7F0204638BD38B14379490023F00C0301F0E5
S21403B8000C010B434371704710B5044678B1417978
S21403B8104088490801F006010131000AFFF7A5FF39
S21403B820024601462046FFF7E5FF104610BD0722F5
S21403B830FBE738B50D46E9F731FA044608B90020A8
S21403B84038BDFFF7E1FF002DFAD1237913F0070384
S21403B850F5D0984238BF1846C0B2F1E7037923F013
S21403B8600703194301717047037903F00F0343EA93
S21403B8700113037170470022E9F7B4BD00210122CA
S21403B88008B5E9F7AFFD401A18BF012008BD38B563
S21403B8901546FFF7F0FF0446284604F00DF984B179
S21403B8A0FF2804D0626822FA00F3DB0701D50120E3
S21403B8B038BD0123834013436360E3780133E370A9
S21403B8C0F5E72046F4E7E9F7F7BF10B503F052FBB8
S21403B8D000F11004204604F012F820F4007189B237
S21403B8E02046BDE8104004F00CB82DE9FF4115468C
S21403B8F0019101218DF80D301B0A8DF80E309DF84D
S21403B9002C308DF80C008DF80F3028460423009158
S21403B91003AA9DF828809DF830709DF8346001F0E6
S21403B920D8FC044670B12946FFF7D6FAB8F1000FE3
S21403B93002D12046FFF7C9FF2FB146B9314620464C
S21403B940F4F7E2FF0024204604B0BDE8F0810022AD
S21403B95020461146E9F736FFF4E74FF47A70EAF724
S21403B9608BB8F0B5064687B010461C460F461546FC
S21403B970FFF77BFB9DF83030184443789CB1617821
S21403B980012211F0020F0CBF032100210020CDE994
S21403B9900142CDE903100722394630460095EAF7FF
S21403B9A007F907B0F0BD22462146EFE708B5E7F7EB
S21403B9B015FFBDE808400020EAF736BB00B58BB09C
S21403B9C06846EAF735F8009BBDF8060004A9069317
S21403B9D0E9F7D4FF0BB05DF804FB1FB504466846D1
S21403B9E0EAF726F802AB03CB2060616004B010BD13
S21403B9F01FB5062304468DF80C30EAF7A5FC002392
S21403BA008DF80D00CDE9003301210223204603AA59
S21403BA1001F05FFC04B010BD70B50C46054601206E
S21403BA20EBF786FB237B4BB1FFF7BFFC01462346B0
S21403BA302A46BDE870400120EAF734BF4FF6FE7190
S21403BA40F5E7F8B50E460746FFF70FFB054603F086
S21403BA5056FF00F44040B0F5404F14BF00220622C4
S21403BA6002F10A03EB5C0B325C0004F00E045B0885
S21403BA70144403F0380338461C44FFF7FBFA8442A9
S21403BA8008D2001BC2B20F2A28BF0F22304629193C
S21403BA90DFF7F4FD2046F8BD40F62740ECF77ABA08
S21403BAA013B5F5F7D3F96946044600F0E1FF58B13C
S21403BAB0FFF77BFC40B1E7F785FF28B1002302229E
S21403BAC069462046F2F782FD02B010BDFF224FF60C
S21403BAD0FF71ECF7ABBC07B500210DF10700ECF7DF
S21403BAE033FE9DF8070003B05DF804FB13B5044668
S21403BAF001A90020ECF728FE019A01462046ECF740
S21403BB0039FE204602B010BDF0B50F46002187B0BF
S21403BB10044608461646ECF717FE012305460DF1C4
S21403BB200A008DF808408DF80930FFF756FF092CF8
S21403BB301DD131460DF1120003F0E3FE05AB0021E3
S21403BB4002AA9B1A2846CDE90011DBB2642101F054
S21403BB50C0FB0546E0B1092C15D1ECF755FE0446AB
S21403BB6088B12846ECF764FE204607B0F0BD3146A0
S21403BB700DF113008DF812704FF6FF7503F0C1FE3A
S21403BB800DF11503DBE7284600F02EF80446EBE735
S21403BB900446E9E77FB50D461646ADF80E0003F0FA
S21403BBA005FA841BE4B2BDF80E20631B9BB2104655
S21403BBB029460093731901F0C0FA21460DF10E00D1
S21403BBC001F093FA04B070BD38B504460D4603F091
S21403BBD090FF40B1AC4206D0204603F0EBFBBDE835
S21403BBE0384000F0DBBF38BD10B50446FFF73DFA1A
S21403BBF0023003F084FE4FF6F7739842204603D9CB
S21403BC00BDE81040ECF796BFECF7E0FFB0FA80F023
S21403BC10400910BD0022ECF7B1BE70B50546FFF72C
S21403BC2024FA0646284601F078FB01462846F7F72D
S21403BC30D1FD04462846FFF739F94FF6F7739842C5
S21403BC4008D8337803F00303012B05D1A31E58420B
S21403BC50584170BD0120FCE70020FAE741F20333A8
S21403BC6030B585B00D46ADF808300446FFF79DFBAA
S21403BC708DF80A00FFF799FB0021000A8DF80B00E8
S21403BC8005232046CDE9001102AA8DF80C5001F0D9
S21403BC9020FB10B12146FFF7BDFF05B030BD2DE9EF
S21403BCA0F041044617460D46E1B13F294FF0000622
S21403BCB000D135462046FFF7D5F8082814D10121D0
S21403BCC0204603F08FF9064603F070F90446304623
S21403BCD003F050F93B4601462A46E0B2BDE8F04180
S21403BCE0FDF75BBB0126E5E72046FFF7BBF80246F8
S21403BCF030B9BDE8F0414FF6FF71012003F0C8BD2F
S21403BD002046FFF7C0F8B0F5006F0ED12046FFF7C8
S21403BD10CDF84FF6FF739842014617D0002D0CBF9F
S21403BD2003200520002203F0B3FD29462046E9F749
S21403BD3001FE68B929462046EEF7DCFB40B93246D9
S21403BD4029462046BDE8F041EDF7FCB90120E9E7B6
S21403BD50BDE8F08137B54FF6F675FDF76AFA431E70
S21403BD609BB2AB420446F8D8E8F798FF0028F4D114
S21403BD7069462046E8F786FA0028EED0204600F00B
S21403BD80DCFF0028E9D12046FFF778FD0028E4D140
S21403BD902046EEF723FC0028DFD1204603F0A9FE59
S21403BDA00028DAD12046FDF75AFA0028D5D12046D6
S21403BDB003B030BD73B504460E46EEF70FFC0546DA
S21403BDC088B92046EEF764FC21462B460D224FF633
S21403BDD0FD70009500F056F83146204602B0BDE8E7
S21403BDE07040EEF717BC02B070BD37B50546144673
S21403BDF00C2914D8DFE801F02C132C1313130713A4
S21403BE001313132424006946E8F73CFA18B90121F2
S21403BE106846F2F7BDFF41202946F8F781F9D4B109
S21403BE202046FFF722F9023003F069FD4FF6F77359
S21403BE30984210D9204603B0BDE83040EDF792B8DB
S21403BE4040F6144040F613430B2908BF1846E3E7B1
S21403BE50F6F788FBE3E703B030BD1FB50346084695
S21403BE6003218DF80D308DF80C1001230021ADF859
S21403BE700E20CDE9003103AA042301F02AFA05B007
S21403BE805DF804FB2DE9F34106460F4614461D46AE
S21403BE909DF82080FFF789FAB04207D10022214699
S21403BEA0384602B0BDE8F041FFF79FBF3A46314639
S21403BEB02046FFF7D2FFADF8060060B10D2C05D182
S21403BEC000224FF6FF71282003F0E2FC35B9BDF8D7
S21403BED00600FFF789FE02B0BDE8F0810123424663
S21403BEE029460DF10600E7F7CDFBBDF80630002B1B
S21403BEF0EDD1F0E7F7B50C460546FFF7B6F8611C3B
S21403BF0006462846F7F766FCA11C0746284601F0B6
S21403BF1027F9014604463846FDF7D7F90D2F34D1E5
S21403BF202046EEF75BFB78B1301D03F0E8FC0446D1
S21403BF302846F679FEF7FCFF31460246204603B054
S21403BF40BDE8F040FFF7A3BCB01C03F0D8FC4FF6E7
S21403BF50F773984202D92846EDF704F82046EEF721
S21403BF6097FBFFF722FAA04205D1002003B0BDE8F5
S21403BF70F040EEF7D1BB6B46B068F16803C3694681
S21403BF802046EEF747FB03B0F0BD2A463946204667
S21403BF9003B0BDE8F040FFF728BF14220021DFF707
S21403BFA0DDB92DE9F04F11F00F0704460E4615468E
S21403BFB08FB05CD10120DCF74FFE09A8FDF795FA98
S21403BFC0092309A88DF82430FDF793FA09A8DCF7AE
S21403BFD015FE01A909A8FDF71DFC26F00F08A844C5
S21403BFE004F1100904F10F0A454511D1236901A98B
S21403BFF03344236109A8FDF7F2FB0020DCF72CFE8F
S21403C000B6F1005F28BF272738460FB0BDE8F08F8C
S21403C01005AA234696469446186859680833ACE83A
S21403C02003004B456246F6D12B46224605F1100B1C
S21403C03053F8041B5B4542F8041BF9D1714609A863
S21403C040FDF7CDFB09A8DCF7D9FD224621460120E2
S21403C050DCF7BEFD013D631E13F8012F15F8011F23
S21403C060534582EA01021A70F6D15D46BCE7022701
S21403C070CAE7F0B5174685B005460C4610220021E0
S21403C0806846DFF76BF9BFB3C4B30F2C04F00F0693
S21403C09008D924F00F043A4621462846FFF781FFC5
S21403C0A040BB2744324639466846DFF7E7FA802224
S21403C0B02F6906F1100337446B44B7F5005F03F8A6
S21403C0C0102C2F61C6F110061AD3062E1FDDFB00B7
S21403C0D01A0E8DF80A201A0C5BBA8DF80B20ADF8F1
S21403C0E00C306A4610212846FFF75BFF00202B69B9
S21403C0F0103B2B6105B0F0BD3E46D8E72646D6E793
S21403C100022E04DDFB005BBAADF80E30E9E76A46A3
S21403C11010212846FFF745FF2B691022A3F11004D0
S21403C120002168462C61DFF719F9B7F5005F4FEA7F
S21403C130C403CDD2E7E770B50E46054686B001A820
S21403C1401446FFF72AFF3246294601A8FFF791FF58
S21403C1502246054601AB05AE1C4603CCB44210602E
S21403C1605160234602F10802F6D1284606B070BD98
S21403C170EEF770BB0A460021EEF76CBBF0B58BB04A
S21403C1800C4601A9EEF766FB054680B3252200217F
S21403C190E01CDFF7E3F80123A3700E23BDF810704D
S21403C1A02380FA0510D523464FF4877206AE23F88C
S21403C1B0042B0DF1280C324603CA624518605960F9
S21403C1C0164603F10803F6D13B0605D5238843F04C
S21403C1D080032380069B636001AB03CB039BC4F8F9
S21403C1E01D00C4F82110A361EFF740FE60612846E6
S21403C1F00BB0F0BD30B505460C4687B001A8FDF779
S21403C20074F92868696802AB03C39DF8113043F0DC
S21403C21002028DF8112074B12288510644BF43F000
S21403C22006038DF81130530542BF9DF8113043F0D5
S21403C23008038DF8113001A8FDF752FAB0FA80F022
S21403C240400907B030BD70B58AB00D46002201A97B
S21403C2500446EEF7FFFA88B1204604A9FFF7CAFFA3
S21403C26060B1BDF81060FFF7A0F838B9720601D5C3
S21403C270730503D529462046FDF793F80AB070BD2B
S21403C2802DE9F3410F460546164602F08FFE4FF0A2
S21403C2900008C41BE4B2294623463A463046CDF886
S21403C2A0008003F02DFC0121284602F09BFE88B196
S21403C2B00121284602F096FE074602F077FE054661
S21403C2C0C3B2424630193946CDF8008003F018FC55
S21403C2D02544ECB2204602B0BDE8F0812DE9F04FCC
S21403C2E085B00C46054691461F464FF0010ADDF819
S21403C2F038809DF83CB002F059FE22463B4629465C
S21403C3000646CDF800A0484603F0FAFB51462846F9
S21403C31002F068FE3C4418B35146284602F062FE1B
S21403C320F6B2B442814610DAE7B2F31BDBB24046FC
S21403C33022462946CDF800A003935F4403F0E0FBB2
S21403C340039BBF1B984407F0FF0B012300220E93A9
S21403C35049465B46404605B0BDE8F04F03F0D0BB08
S21403C3605B4622462946CDF838A0F3E72DE9F0418F
S21403C370002686B0074608460C4615469846CDE97D
S21403C380026604968DF8146002F010FE411BCBB2D1
S21403C3900D2B28BF0D232A462146009602A803F03C
S21403C3A0AFFB424602A93846EEF7CEFC06462946C0
S21403C3B020469DF80820F7F721FA304606B0BDE878
S21403C3C0F0812DE9F04F0E46CBB001210546174606
S21403C3D01C4602F007FE23463A462946814606A82F
S21403C3E0FFF7C4FF0DF1280A00EB070B5246314650
S21403C3F028465FFA8BFBFFF743FFB34503D20020C3
S21403C4004BB0BDE8F08FABEB06085FFA88F808F18F
S21403C41004039842F3DB331F18440423C4B2019386
S21403C420A31BDBB20093524643460021CDF808A077
S21403C43006A8DCF781FB0028E1D1A4EB0B040AEB8A
S21403C4400803E4B252462846314600930194434615
S21403C450FFF744FF39462846F7F7BCF9394600F09C
S21403C460F8022846F7F7CAF90121284602F0BAFD72
S21403C470002818BF4D462846ADF8165002F096FD24
S21403C480011FC9B20DF1160000F02FFE0120B7E719
S21403C4902DE9D841064600F040FF411C044689B208
S21403C4A0304600F00DFF98B394B321463046F7F7B5
S21403C4B091F900F00C03042B074629D000F003087B
S21403C4C0B8F1020F00D11BBB384600F0AFFF3B06A6
S21403C4D00444A4B216D5611C304689B200F0F0FEBF
S21403C4E0B0B121463046F7F775F9B8F1010F0146AA
S21403C4F000F003030CD0032B0AD0384600F0A5FF48
S21403C50003199CB221463046BDE8D84100F0D8BE98
S21403C5100020BDE8D881F8B5064600F0C0FE054603
S21403C52004463046FEF7A1FD43785B0718D5AC1CDE
S21403C530A4B22146304600F0C3FEB8B129463046C1
S21403C540F7F748F90746691C304689B2F7F742F908
S21403C5501FB1874201D8FF2808D104EB4704A4B2D1
S21403C56021463046BDE8F84000F0AABE0020F8BDDC
S21403C57013B5044601A8EEF73FFEBDF80430DA070C
S21403C58010D49B0707D410220021204602B0BDE832
S21403C5901040DEF7E3BE224621461020FFF7CBFD10
S21403C5A00028F0D102B010BD024608B5EEF74CFEE7
S21403C5B0510544BF0838C0B2130544BF0838C0B29B
S21403C5C008BDF0B5D30705460C468BB04AD50088A0
S21403C5D000F0A3FE00230646029314B9CDE90344F4
S21403C5E003AC002208212046FEF771FEA8B1288876
S21403C5F0FEF73BFD023003F082F921460746E7F7D4
S21403C60041FE50B1002240231146384600F01DFA81
S21403C61040F6094528460BB0F0BD31462888F7F7A3
S21403C620D9F810F0030F0CBF01260026EEF756F9D3
S21403C63046EA4000C0B200900021204602AB05AA9D
S21403C640F0F76CF80546EEF749F90028E2D0002D1E
S21403C650E0D000212046009602AB05AAF0F75EF86C
S21403C6600546D7E740F60A45D4E700231A46EFF710
S21403C670AFBF30B58BB005AD04462846FCF735FF93
S21403C6800223284601A98DF81430FDF7C3F8234684
S21403C69001AA144603CCAC4218605960224603F143
S21403C6A00803F6D10BB030BD08B500230246194681
S21403C6B01846EFF78DFF012008BD37B504466846D8
S21403C6C0EFF7FEFF054648B1082221466846DFF726
S21403C6D091F9B0FA80F0400903B030BDFF2208217B
S21403C6E02046FEF7F4FD034628B106212846FFF749
S21403C6F0BCFF0120F0E722460146EFF769FFF8E7A3
S21403C70007B56846EFF7DCFF10B16846FDF700FA99
S21403C71000F0010003B05DF804FB0120F0F70ABD4A
S21403C720704737B504460846FEF7DCFB0546FEF7BA
S21403C7303CFE00230146009322462B460120F6F7D3
S21403C74035F803B030BD30B50124054689B003A8DB
S21403C750FCF7CBFE01A88DF80C40DCF7ADFA9DF88C
S21403C76006209DF80730AA4209D0AB4209D103A898
S21403C7708DF80D40DCF742FA012009B030BD0024E5
S21403C780F5E70020F9E700221021FEF7A0BD7FB5EC
S21403C7900D4600F582300D22694600F58070D0F70D
S21403C7A071FC6B462A4602AE1C4603CCB4421060AC
S21403C7B05160234602F10802F6D1206810602379FF
S21403C7C0137100236B7304B070BDF0B585B06A4671
S21403C7D005460B46164601F10807144618685968BD
S21403C7E0083303C4BB422246F7D118680D222060E3
S21403C7F01B7905F582303146237100F58070D0F73A
S21403C8006DFC05B0F0BD38B504460D46DBF718FDE4
S21403C810A04205D920462946FFF7B9FF002038BDB8
S21403C8202820FCE730B5002485B08DF80040DBF700
S21403C83007FDE5B2A84204D8F2F70EF9002005B0CA
S21403C84030BD69462846FFF7C0FF0134EFE738B529
S21403C8500446002002F07EFDFF2805460FD002F0B6
S21403C86001FE10F0010009D0284602F0FBFD400847
S21403C87040EAC17080F0010000F0010038BD04F00A
S21403C8800100FBE70146F8B506460020F2F71EF85E
S21403C890FF2801D00120F8BDDBF7C2FC00240546C3
S21403C8A0871CDBF7C1FCE3B2984201D80020F2E70D
S21403C8B035F82430B34203D117F82430002BE9D1DE
S21403C8C00134EEE738B50D460121044602F08AFB33
S21403C8D030B10121204602F085FB2880012038BDB7
S21403C8E020462C8000F00EFE0130C0B2F7E72DE99B
S21403C8F0F04788B00746894610460DF10A011D46E3
S21403C9009046FFF7DFFF4FF0000ABDF80A600446C3
S21403C9103046CDE905AACDF81BA002F047FB031B62
S21403C920DBB20B2B28BF0B2322463146CDF800A0E3
S21403C93005A803F0E5F848F21F039D4243D00BD841
S21403C94085F40043012B15D923464246494628461B
S21403C9500097FDF730F933E048F23A039D42F3D1EE
S21403C960FEF723FDB8422BD02246414605A8FDF725
S21403C97057F925E09DF8143013BBBDF81D40DDF8CC
S21403C9801500DDF8191003AB03C3204603A9DBF734
S21403C99079FE0122204603A9EDF7F2FEA7420646DA
S21403C9A00ED0012103A8F2F7F3F948F201039D42E2
S21403C9B006D12EB9334632463946204600F046FEA7
S21403C9C008B0BDE8F0879DF81450002DF8D12F4627
S21403C9D09DF815800234EAB24245F1D2D200D2B2B3
S21403C9E022440823314692B2009703A8CDE9037781
S21403C9F003F086F803A8F4F759FA02F0DBFC00F01C
S21403CA00CDF80135E7E708B5E6F7E8FEBDE80840E8
S21403CA10F2F7FCBB10B50024418084800480C280FA
S21403CA20038110BD13B5BDF81040CDE900340023D3
S21403CA30F2F754FD02B010BD13B5BDF810400190D7
S21403CA400094F2F74BFD02B010BD07B50093012327
S21403CA50FFF7F2FF03B05DF804FB0123F2F7E4BD32
S21403CA600121F3F751BF01464FF6FF70F3F774BE8B
S21403CA7010B50C4602F09EFCFF2808D0F4F7FEF92A
S21403CA8020B10368236043680120636010BD002063
S21403CA90FCE710B50446FEF7F6F9B0F5006F20463E
S21403CAA005D1FEF703FABDE8104002F083BCFEF79B
S21403CAB019FABDE8104003F018B808B502F07AFC7E
S21403CAC0FF280CD002F0CEFC10F0010309D040087A
S21403CAD040EAC17080F0010000F0010008BD0020AC
S21403CAE0FCE71846FAE71FB500F582300B2201A9CA
S21403CAF000F5C070D0F7C6FA9DF80E0005B05DF8D5
S21403CB0004FB30B589B001F0010503A90446F4F728
S21403CB10D7FD9DB190B9204602F0A4FC10F00101A8
S21403CB2009D0204602F09EFC430843EAC17383F013
S21403CB30010303F0010103A8F2F72AF92046F5F7EB
S21403CB4057FD9DF81430294600932046BDF816205D
S21403CB5003ABFCF79EFB09B030BD7FB50C4605461C
S21403CB60F4F774F9A04217D04FF6F7739C4213D824
S21403CB7005F5823606F5C0760B2201A93046D0F7B6
S21403CB8081FA01A90B223046ADF80C40D0F7A6FA7D
S21403CB9021462846F4F7ACF904B070BD10B5044638
S21403CBA0DBF754FBA0420FD92046F4F74FF94FF6B4
S21403CBB0FF73984208D020460021FFF7A2FF2046C5
S21403CBC0BDE81040F4F7D6BD10BD10B50446FEF719
S21403CBD0ECFB0023024619462046BDE81040F4F756
S21403CBE023BF2DE9F04114460F4605469846FEF747
S21403CBF03CFA0646043002F082FE20802846FEF702
S21403CC0097F96080B379791CE372C9B22846F6F7C0
S21403CC10E1FDB91CA072C9B22846F6F7DBFDFE1C7F
S21403CC202072F6B2B8F1000F18D03146284600F04D
S21403CC3097FA0537FEB23146A080284600F090FAF0
S21403CC40B11CE080C9B22846F6F7C4FD6072217AAB
S21403CC50A0880122BDE8F041F5F706BC2088EAE784
S21403CC602DE9F04186B090461E4604460D46FEF773
S21403CC709CFB4FF6F7739845074632D80523A04228
S21403CC808DF80C304FF0010214BF012300234FF040
S21403CC90000118BF8DF80D30CDE9002114BFADF8A3
S21403CCA00E008DF80D30284614BF0423022303AA72
S21403CCB000F00FFB0546A0B1A7421AD0FEF7D5F940
S21403CCC0074621460430803E02F01BFE2046FE71D6
S21403CCD004A9FFF7CDFE40B9204604A9E6F7E6FF10
S21403CCE018B9002006B0BDE8F081284604A900F074
S21403CCF07EFB41462846FEF78DFFF3E7037923F0D4
S21403CD000303194301F03F010171704707B50DF1A5
S21403CD100701F5F74FFA03B05DF804FB08B5FFF714
S21403CD20F5FF18B1BDE80840F5F794BA08BD002230
S21403CD304FF6FF701146F5F797BB10B50446FFF79D
S21403CD40E5FF024638B901462046F5F78DFB003865
S21403CD5018BF012010BD0120FCE7F8B517460446AE
S21403CD600E46FFF7D3FF0546386068B1037903F034
S21403CD700303337023B93A68137903F03F0313713F
S21403CD803B685C882046F8BD01462046FEF751FD09
S21403CD90074628B1E8F790F9874201D83570F1E7DE
S21403CDA031462046FCF701FF0028EBD003234FF65D
S21403CDB0FF743370E6E707B501AA0DF10301FFF729
S21403CDC0CCFF9DF8033053B9019828B1037913F0CB
S21403CDD0300F14BF0120002003B05DF804FB0020D1
S21403CDE0FAE72DE9FF410646104688461546F4F74E
S21403CDF05DF80746FEF7D9FA044648BB4FF6FF73BD
S21403CE009E4225D09F4206D00146384604B0BDE870
S21403CE10F041EBF71BBC07238DF804302B68024662
S21403CE20CDF805306B68092101A8CDF80930FEF767
S21403CE3037F9024618B9192004B0BDE8F08101237A
S21403CE4041463046F0F76CFE0028F4D02046F3E760
S21403CE500220F1E72DE9F04390460F4606464FF0D1
S21403CE60010991B00BA803ADFCF73FFB07AC2946BD
S21403CE700BA8ADF82C90FCF7CDFC95E80F0084E8E2
S21403CE800F004B46002239463046CDE90048F0F7FE
S21403CE9063FF11B0BDE8F0832DE9F04F002785B09E
S21403CEA081460C467E2039469846BDF83CB09DF830
S21403CEB044A0BDF84C500192ADF80E7002F0CEF8C7
S21403CEC00646002800F0AA8002F054F839467E226F
S21403CED0DEF744FA304602F04DF80090304602F092
S21403CEE049F8B9F1FF0F0CBF274644F003073B0A86
S21403CEF014F44062077043705FD14FF00808C31CF8
S21403CF00184642460199DEF77BFA034604F440448A
S21403CF10434484B1790606D419464FEA1B2201F826
S21403CF2002BB5A700B46B4F5004F56D0A4F54042E8
S21403CF3054425441E400224618460E99DEF760FA3E
S21403CF40009A03462044A0EB02085FFA88F89DB1D6
S21403CF504FF47C521A53841C284602F00BF883467F
S21403CF60284602F023F8C5B22A4659462046DEF77D
S21403CF7085FB60190235EDB2B9F1FF0F2FD052468B
S21403CF80109900F8019BDEF779FB08F101015AFAC4
S21403CF9081F129443046E6F70BFB0C210022FF0003
S21403CFA007F0800710463943FEF73DF8ADF80E004C
S21403CFB0E8B9002005B0BDE8F08FB2F5006F80F841
S21403CFC003804FEA182880F8048000F1050314BF95
S21403CFD04FF008084FF0020892E70224ABE708EB8D
S21403CFE00A0129443046E6F7E3FA0821D6E7304635
S21403CFF001F0C0FF0446304601F0D8FF0123024685
S21403D00021460DF10E00E6F73DFB0028D1D10121A4
S21403D010BDF84820BDF80E0001F0F8FFBDF80E007D
S21403D020C8E710B50C46098821B90846F5F720FF6E
S21403D030208008B1012010BD0220FCE72DE9F0474F
S21403D04080460F460646002402F1FF39BC4202D250
S21403D05019F8015F25B9A6EB080080B2BDE8F08792
S21403D0609A46A5F13102012A5AF8041B10D8324613
S21403D070322D02F8011B06D10134A4B2A74232D3E3
S21403D0800912B21C7170013453461646A4B2DDE78A
S21403D090342D0CD10334BC42DDDA0B0A31707370C5
S21403D0A00B0C090EB370321DF170A4B2EBE7A5F1B9
S21403D0B03302062A0DD8303DADB22B19BB42CADA6D
S21403D0C02A463046013CDEF79BF915FA84F47219BA
S21403D0D0EBE7A5F14102062A01D8373DECE79D8828
S21403D0E003F1080AE9E71646B5E770B50546008872
S21403D0F00C4601F05BFFA04228880AD201F056FFD7
S21403D1000023221A19462846BDE8704092B2E6F775
S21403D110B9BA2146E6F74CFA002070BD38B5054685
S21403D12001F028FF0446284601F040FF002201468E
S21403D1302046BDE83840FDF7B3BFF8B516460C46A3
S21403D1401D46BDF8187001F015FF0444304601F083
S21403D15011FF3A4641192046BDE8F840DEF750B9BC
S21403D16070B50C46013189B20646F6F733FB214605
S21403D17005463046F6F72EFB00EB052080B270BD61
S21403D1801FB50123ADF80C2000930A46022301467F
S21403D19003A802F0B5FC05B05DF804FB0FB437B581
S21403D1A0069D0021A8B201F059FF044601F0E2FEF5
S21403D1B02CB1002207AB0193D1B28D4205D820468D
S21403D1C003B0BDE8304004B0704753F8041B8154E5
S21403D1D00132F1E773B504460D464020002116469A
S21403D1E001F03CFFADF8060001F0C4FEBDF80630C2
S21403D1F013B9002002B070BD402133462A462044AE
S21403D200FFF71CFF211889B20DF10600FFF76DFF2B
S21403D2100028EED1BDF80600ECE70EB403B503AA6A
S21403D22052F8041B0192FFF7D5FF02B05DF804EB3A
S21403D23003B070472DE9F7430F4601218146164692
S21403D24001F0D0FE054658B1FFF768FF308088B975
S21403D250284601F0ABFE68B1192003B0BDE8F083A1
S21403D260484601F0A3FEFF2FA0EB0704E4B214D058
S21403D27014B934800020F0E72A4621462846FDF7F5
S21403D2800FFF80460028E7D03B464A4629460094CF
S21403D290FFF753FFA6F80080ECE70120DDE708B5AB
S21403D2A0FDF7E3FE437803F001001A074CBF103086
S21403D2B00830DB0644BF0830C0B21030C0B208BD29
S21403D2C010B50C4601F072FEA04234BF00200120C8
S21403D2D010BD7FB514460091024641F2092141F67E
S21403D2E009209DF820601D46002E18BF0146099BA5
S21403D2F00020F6F797FAADF80E0010B9002004B038
S21403D30070BD01232A4621460DF10E00E6F7BAF951
S21403D3100028F3D1BDF80E00F1E738B50546FFF750
S21403D320BEFF0446284601F041FE631C9BB28342BF
S21403D3300FD82846FDF799FE43785B0707D52146A5
S21403D3402846F6F747FA013004EB4004E4B22046D9
S21403D35038BD0024FBE71FB5ADF80E0001F026FE2E
S21403D3600446BDF80E00FFF7D8FF00F10E03DBB24C
S21403D370BDF80E200146E01A80B200901046FFF773
S21403D380DCFEA4F10E0189B20DF10E00FFF7ADFE2F
S21403D39004B010BD4278034612F0080006D0D20748
S21403D3A002D403F10800704703F10900704737B54C
S21403D3B005460C46FDF759FE437813F0100212D0CB
S21403D3C09CB103F001021B074FF0000329460093AC
S21403D3D020464FF0080354BF1832203202F090FB69
S21403D3E0012003B030BD1046FBE72046F9E773B5CE
S21403D3F005460C46FDF739FE437813F0100211D0AC
S21403D40094B1012603F001021B0729464FF00803D7
S21403D410204654BF18322032009602F071FB304685
S21403D42002B070BD1046FBE72046F9E700F00303A1
S21403D430012B08D0C30606D400F00C000C2814BF3A
S21403D44008200920704702207047034611F00300A6
S21403D45005D003F00303022B14BF022003207047FA
S21403D460F8B50C46064601F0A1FD631C834202D9BB
S21403D47000252846F8BD21463046F6F7ABF90746A1
S21403D480FFF7D4FF3B060546F3D50444304601F0C8
S21403D4908DFDA4B2631C9BB28342E9D82146304675
S21403D4A0F6F798F901463846FFF7CFFF2844C5B28A
S21403D4B0DFE770B506460D46FFF7D2FF044610B900
S21403D4C00024204670BD29463046F6F783F98206C7
S21403D4D0F7D5304601F06AFD2544ADB26B1C9BB20E
S21403D4E08342EDD829463046F6F774F900F0180360
S21403D4F0082B14BF05340634E4B2830644BF08344D
S21403D500E4B2DEE738B50546FFF707FF044608B979
S21403D510002038BD01462846FFF7CBFF0028F7D08A
S21403D5202044C0B2F5E72DE9F04387B005460C4624
S21403D530FDF79BFD804602F0E2F907462846FFF713
S21403D540ECFE064601462846FFF78AFF00220346FE
S21403D55000922946324602A802F0D2FA9DF80860E5
S21403D56006F00C030C2B06F003090BD0B9F1010FE0
S21403D57059D0F10657D49DF809300DF10A0500205D
S21403D580637107E0FF230DF10900637102F0B7F939
S21403D5900DF10B05208198F80130DA0704D508F160
S21403D5A0020002F0ACF92081B9F1010F5FFA89F8A5
S21403D5B03DD0F3063BD4284602F0A1F96080A81CB0
S21403D5C002F09DF9053515F8013C208023712B7870
S21403D5D0B006A37206F0400348BF43F020033906A3
S21403D5E027D543F40073F80448BF43F48063390532
S21403D5F048BF43F400633206E38011D56A7812F01D
S21403D60003020DD06FEA43436FEA5343A978B8F198
S21403D610020FE3800B4611D1EB7841EA0321218107
S21403D62007B0BDE8F083FF230DF10905A7E7FF2345
S21403D630CCE77A0648BF43F48073D4E7012A04BFD5
S21403D6400B029BB22381EBE7F6F7C8BD0BB1F6F7E7
S21403D65031BE0AB9F6F7AABEFF21F6F7D3BD431CBF
S21403D66008BF0020DFF730B9034B5868C0F3080043
S21403D670003818BF0120704700ED00E0014B186822
S21403D680704700BF50690020084B1B6F03F0070369
S21403D690022B04D0032B05D0012B05D0FEE7044B49
S21403D6A018687047034BFBE7034870470080005039
S21403D6B05069002058690020002D310108B5FFF796
S21403D6C0E3FF054B1B6FC3F301330133B0FBF3F0EA
S21403D6D0024B186008BD00BF008000504C69002054
S21403D6E00048704700B4C40400487047002D310159
S21403D6F0014B1868704700BF58690020174A9368A3
S21403D700C3F304430C2B0AD8DFE803F00B0909091B
S21403D7100909072119091B1D1F001148704700201E
S21403D7207047936803F04073B3F1807F11D0B3F171
S21403D730007F10D0002B0B4818BF002070470A4804
S21403D74070470A4870470A4870470A4870470A48AD
S21403D75070470A4870470A48704700BF0040015A9E
S21403D760405DC60000093D00C0EA210180BA8C0175
S21403D7700048E801005A62020024F40080841E0078
S21403D78040420F00014B1868704700BF54690020E1
S21403D79007B500F065FC6A4600F0C2FC18B14721E5
S21403D7A0034801F0CEFFDDE9000103B05DF804FB9A
S21403D7B02F0304000229F8B596BF104B00245C5CC7
S21403D7C0012805460E4608D0022809D008B944F0B9
S21403D7D002040B4B1F6837B9F8BD44F00804F8E79A
S21403D7E044F02004F5E77B681A68144203D03146F8
S21403D7F028465B6898473F68EDE700BF9A9A04009F
S21403D8001C3E002038B5104D2B78ABB10F4C237857
S21403D8101BB100F031FA00232370002001F0A4FFAF
S21403D8200B4C50B100F07AFA0023012120782B70BC
S21403D830FFF7C0FF0123237038BD0122054B1A7082
S21403D8402278054B1A70F7E70E5F00200C5F002066
S21403D850135F00200F5F0020105F00200E490B7837
S21403D860FF2B01D198B170470BB990B970470028C8
S21403D87014BF0122FF2213440B7060B1074B1B78C1
S21403D880012B08D9064B1B782BB9FFF7BBBF1A46EB
S21403D890F1E70122EFE77047125F0020135F0020D5
S21403D8A00F5F002010B501F04AFE064B04461B78B6
S21403D8B01BB1BDE8104001F03DBEFFF7A3FF2046B5
S21403D8C0F7E700BF0B5F002002282DE9F04147D0A1
S21403D8D029480378FF2B41D1002941D11A46134426
S21403D8E0DBB2037000293BD0244E3278012A37D9A5
S21403D8F0002B3ED001F023FE214F04463B780BB3AA
S21403D900204D2B781BB901222A701F4A1370DFF8AB
S21403D9107C8098F8003023B100F0AEF9002388F835
S21403D9200030204601F006FE012001F01DFF01F045
S21403D93006FE2B7804461BB100F0F0F900232B708B
S21403D94000233B70204601F0F5FD01243078A04209
S21403D95006D02146FFF72EFF347001E013B931B924
S21403D960BDE8F081002914BF0122FF22B7E7012298
S21403D970B5E70224EAE700BF125F0020135F00202A
S21403D9800E5F00200B5F00200F5F00200C5F00205F
S21403D9902DE9F04385B0EFF3108572B6AFF3008040
S21403D9A001F0B7FF002800F09280624E624F337892
S21403D9B023B10020FFF752FF00233370387878B97D
S21403D9C003A900F01DFB044650B95C4B039A1B6881
S21403D9D09A4200F284800120FFF740FF0123337050
S21403D9E03B78002B40F09980554B1B78002B00F0BA
S21403D9F091804FF00208534CDFF868912078404539
S21403DA0007D099F8003013B94146FFF7D3FE84F8E0
S21403DA100080B8F1020F0FD1DFF8248198F80030A8
S21403DA2053B9494B1B7823B900F020F90122474B21
S21403DA301A70012388F80030207800F0F7F899F878
S21403DA40003013B1424B1B782370AFF30080284697
S21403DA5001F085FEEFF3108572B63E4B1A7852B18D
S21403DA6000221A703A4B20781B78984203D1012182
S21403DA702170FFF79FFE384800F082FA01F05DFF41
S21403DA808046002893D12E4F3B789BB189F800003F
S21403DA90DFF8B89099F800301BB100F0EDF889F87C
S21403DAA00080002001F060FE002839D000F036F92F
S21403DAB000233B70337823B10020FFF7CFFE00230B
S21403DAC0337000212078FFF775FE00232370AFF331
S21403DAD00080284605B0BDE8F04301F040BE1F4B6A
S21403DAE0D3F8008000F048F9039B80449845BFF4C0
S21403DAF072AF00F03BF98200039942F0020292B241
S21403DB00CDE900422346164AA1EB0801124801F06C
S21403DB102DFE65E700F09CF86BE74FF001086AE717
S21403DB20012000F083F8284601F019FEEFF3108574
S21403DB3072B6B6E70D5F0020125F0020243E002079
S21403DB400E5F0020135F0020115F00200C5F002093
S21403DB50105F0020095F0020283E0020203E0020A2
S21403DB60A5D803000F5F002010B501F0E8FC0022E3
S21403DB70054B1C781A7001F0DDFC00F005FBE4B2DF
S21403DB802043C0B210BD00BF0A5F002038B501F0C5
S21403DB90D6FC094B05461B78012B04D801F0CAFCBA
S21403DBA00024204638BD054B1C6800F0E5F8044405
S21403DBB0284601F0BFFCF4E7135F0020203E002058
S21403DBC01549164A0B6F10B503F007031360144A82
S21403DBD0144C9269032B02F00200C2F34002227037
S21403DBE017D0D1F8203103F00703022B11D0D1F858
S21403DBF0803203F001030C4A137048B143B9064B55
S21403DC00D3F8003103F00303591E4B424B41137004
S21403DC1010BD0123EFE700BF00800050843E0020C4
S21403DC2000C00150185F0020195F0020012805D0AE
S21403DC300238012808D80020CCF72EBD034A136902
S21403DC4023F00403136130BF704700BF00ED00E00C
S21403DC50044B054AD3F8203103F007031360F7F7A4
S21403DC6013BF00BF008000508C3E00200122014BF2
S21403DC701A707047175F0020F8B51F4B1B78002BF0
S21403DC8039D01E4C2378B3B91D4B9A6DD10302D5F8
S21403DC90DA6D92072FD49B6DDB072CD401F0A9FD18
S21403DCA0184B194A1860136F23F0070343F0030356
S21403DCB01367FFF703FD01F09CFD124B134D1B6822
S21403DCC0134EC01A2B78134F56F8232046F823001A
S21403DCD0111A3A681048521A0A213A600932B2FBFE
S21403DCE0F1F20133DBB20260B3FBF1F201FB123354
S21403DCF02B7000232370F8BD195F0020165F0020E9
S21403DD0000C000507C3E002000800050155F0020BD
S21403DD10543E0020503E00204C3E002008B5F7F746
S21403DD20B4FE0D4A0D49136F096823F007030B432E
S21403DD3013670B49D2F82031096823F007030B4316
S21403DD40C2F82031074B1B7813B10122064B9A62A7
S21403DD50BDE80840FFF7B2BC00800050843E0020B8
S21403DD608C3E0020195F002000E00050014B18781D
S21403DD70704700BF195F0020054B187818B1054B94
S21403DD80186800EBD000044B1B681844704700BFAC
S21403DD90195F00204C3E0020803E002008B50D4B46
S21403DDA01A7892B100221A700B4A136F23F00703F6
S21403DDB043F001031367D2F8203123F0070343F03F
S21403DDC00403C2F82031FFF779FC0122034B5A679C
S21403DDD008BD00BF175F00200080005000E0005021
S21403DDE00D490B68A0B10022A3B1834203D1836817
S21403DDF022B90B6003E01A469B68F5E793608368D5
S21403DE000BB9002070475A6941690A445A61F8E71A
S21403DE102220704702207047983E002010B501F07C
S21403DE2004FD0A4C0A4B19682368C31A09B9206013
S21403DE3010BD002BFBD04A699A423ABF9B1A0022B8
S21403DE40D21A4A6128BF00238968EFE7943E002070
S21403DE50983E002038B5154D2B682BB35B69B3B1DC
S21403DE60134A022014681C4400F088FA204600F087
S21403DE7047FA00220F492B680A70012A05D823B1F6
S21403DE80D88880070AD501230B70002038BD0220EE
S21403DE9000F074FA022000F093FAEAE79B68002B7E
S21403DEA0F3D058690244E8E72220EFE7983E0020C3
S21403DEB0943E00201B5F0020C38870B504460D46C1
S21403DEC03BB9FFF763FE8542064602D2F8F758FFD2
S21403DED035460E4A656113689BB91460A3600FE06C
S21403DEE02D1A986819466561034618B15869A84201
S21403DEF0F6D941B18C60A36013B15A69521B5A61BB
S21403DF0070BD0021F2E71460F5E700BF983E0020DD
S21403DF1070B516469DF81420C0E903360271049ABC
S21403DF20BDF818300260002204460D468260C380A6
S21403DF3006BB01F07AFC2844A0613DB9E36865613D
S21403DF4013B120462168984796B1354601F0F7FA93
S21403DF500646FFF763FF29462046FFF7ADFF074B4C
S21403DF601B68A34201D1FFF775FF304601F0E2FAC2
S21403DF70002070BD01F059FC3044DDE7983E0020D8
S21403DF80F8B50546D0B101F0DAFA0646FFF746FFC4
S21403DF900B4B28461F68FFF723FF044620B1304685
S21403DFA001F0C8FA2046F8BDAF42F8D1FFF752FF9A
S21403DFB02228F4D1022000F0EDF9F0E72224F1E75D
S21403DFC0983E002038B50C460546A8B1A1B10023FB
S21403DFD00B7001F0C1FA0121084B1B6833B901F03D
S21403DFE0B6FA002038BD9D4204D121702278002A5B
S21403DFF0F9D0F4E79B68F1E72220F3E7983E002088
S21403E000F8B506460F4601F0A7FA00250446124B5C
S21403E0101B6823B9204601F09AFA1B2011E05A69BF
S21403E0201544DA88B2420DD101F0FFFB0B4E33687C
S21403E030C01AA8420AD3002320463B6001F087FAA1
S21403E0400020F8BDFF2EEFD09B68E2E701F0EDFB62
S21403E05033682B441B1AEFE7983E0020943E0020BB
S21403E06070B501F079FA064601F0DFFB084B04466B
S21403E07001201D6801F0C9FB18B101F0D6FB044668
S21403E0800135304601F063FA2046294670BD00BFCD
S21403E090A03E0020014B1868704700BF9C3E00203E
S21403E0A0F8B50C4B05461B680E4683420FD3002477
S21403E0B040F2E7302146084B4FF47A721F6800237C
S21403E0C0E5FB0701DCF7DEFD30602046F8BD2120C6
S21403E0D0FCE700BF903E00209C3E00200F4B10B58F
S21403E0E01A689AB14FF47A71531E1342A0FB0101CA
S21403E0F00ED1B2FA82F2C2F11F04531CD243E0409F
S21403E10001FA03F3184321FA02F20243104610BD44
S21403E1100023DCF7B7FD0246F8E700BF9C3E00206D
S21403E12038B5164B14468342154B8B4123D3154BF8
S21403E1301A6802B34FF47A75A0FB050305FB013199
S21403E140531E134211D1B2FA82F3C3F11F055A1CB0
S21403E150DB4301FA02F2E84021FA03F310431843C3
S21403E160E940C4E90001002038BD0023DCF78AFD3E
S21403E170C4E90001F7E72120F6E700BFEFA7C64B87
S21403E180378941009C3E002010B501F0E5F9034BAA
S21403E1901C7801F0DCF9E4B2204610BD1A5F0020BB
S21403E1A008B5084B1B7803F0FF004BB101F021FBC9
S21403E1B0054B1B689B69C01A02288CBF00200120F0
S21403E1C008BD00BF1B5F0020983E0020C2072DE954
S21403E1D0F843044607D5474A136801331360FFF72D
S21403E1E01DFEFFF737FEA30740F1818001F0B4F967
S21403E1F04FF0000805464646FFF710FE3E4F3C68C4
S21403E2000CB16369A3B100223C4B012E1A7003D1F3
S21403E21018F0020F18BF1E70FFF71CFE222802D14B
S21403E220022000F0B7F82846BDE8F84301F08FB99E
S21403E23023465A693AB91A792179914288BF1C460E
S21403E2409B68002BF5D1284601F081F9D4F810809D
S21403E250B8F1000F3FD001F0E8FAA269851AEB1770
S21403E260454573F1000337DB23691344A361012398
S21403E2702269CAB1C3B9A38BB8EB050833B1E28BE5
S21403E28013449BB2B3F57A7F1CD2E38301F064F99F
S21403E290054641462046FFF70FFEA3692269284636
S21403E2A01344A36101F053F9E36813B120462168D0
S21403E2B09847B4F8068001F04FF901360546FFF794
S21403E2C0ADFD9CE7A3F57A73E383A36918F1FF38E2
S21403E2D0013BA361DAE7454601F03EF98146204655
S21403E2E0FFF77EFD484601F032F90023C0E7BDE89C
S21403E2F0F88300BFA03E0020983E00201A5F00204F
S21403E30010B5044601F01BF94FF0B042936A1907A3
S21403E310FCD4136A116C5269120704D4CA1A032A6E
S21403E32001D899420ED1E21A022A98BFDC1CB4F136
S21403E330FF3F38BF013C4FF0B04308221C6403F58F
S21403E34080539A6101F0F6F8054A13783BB14FF013
S21403E350B041CB6B43F00203CB630023137010BDB5
S21403E360F76E002007B5044B01A9187901F08DF963
S21403E370019803B05DF804FBD898040000F001038D
S21403E3808207034A48BF43F008039361704700BF00
S21403E39000100058820700F001030AD50121064A3F
S21403E3A043F0080311704FF0B041CA6B22F003022A
S21403E3B0CA63024A93617047F76E00200020005834
S21403E3C0830742BF0822014B5A617047001000586A
S21403E3D073B502AB164603E90600044600F052FF87
S21403E3E00546204600F05EFF9DF800208DB1202CE8
S21403E3F033780ED8012B2ED84FF6FF752D4803EB36
S21403E4004313234430F81310A94202D0013120F8F5
S21403E4101310294B294E33F8141036F81400814292
S21403E42032D34FF6FF75A9424FF0010502D00131F2
S21403E43023F8141004F0FD01092927D1998AB68A16
S21403E4400A44B242B4BF9A829E8233F8143083429F
S21403E45027D202B070BD022BDBD14FF6FF704FF60A
S21403E460FF75144B33F81410814218BF013104F1C1
S21403E470210018BF23F8141033F81010A9421CBF4C
S21403E480013123F81010C4E70025D0E71D2CDCD19A
S21403E490598F8E18864203DA01390A445A87D4E71D
S21403E4A05887002DD5D1204602B0BDE8704001F054
S21403E4B0D7B900BF28590020005A0020AC590020C5
S21403E4C038B50D46044601F047F8064A13889BB252
S21403E4D02DB123431380BDE8384001F038B823EA52
S21403E4E00403F7E7EE5D00200022034B01214FF4FF
S21403E4F080701A70FFF7E4BF4965002008B5054B26
S21403E5001868FCF7C2FB00F00300C31E58425841CC
S21403E51008BD00BF2056002038B5044601F03EFA79
S21403E5200C4B05461978187981420FD0631E082BC9
S21403E5300CD8DFE803F0050D0B0D0B0D0D0D0D00CC
S21403E54000220146044B1868FCF79DFB284638BD9D
S21403E5500022F7E7256F00202056002038B54FF03D
S21403E560FF300C46FFF77BF80A4B05461868FFF7A3
S21403E57076F8641B241A20B210F1630F06DB10F141
S21403E580240F05DA64308000C0B238BD0020FCE7F3
S21403E590FF20FAE72056002008B5134B1B78062BFE
S21403E5A004D040F62101114801F0CBF8104B1B882C
S21403E5B01B0704D440F622010C4801F0C2F80D4BA9
S21403E5C02A201978FFF7A8FF00210820FFF778FF15
S21403E5D00222094B1A70094B1868E3F76BFBBDE878
S21403E5E0084001F02AB900BF496500203D950400A4
S21403E5F0EE5D0020466500205A6F0020205600205E
S21403E60010B50E4C236823B940F6A3410C4801F01D
S21403E61098F82068013001F072F900F0070003282B
S21403E6200AD1246809220121204600F0E3FB205C7E
S21403E630031F5842584110BD0020FCE71056002027
S21403E6403D95040038B50C4640B100210420FFF781
S21403E65037FF01F0F2F8012C1DD038BD244B1B8880
S21403E6609B07F6D50129234A2FD1117869B30139BF
S21403E670C9B2117011B92020FFF722FF0021022032
S21403E680FFF71EFF04221C4B00211C481A7000F0E3
S21403E6905DFD01F0D2F81A4C2068013001F02FF925
S21403E6A000F44060B0F5006F1FD1246801210422F6
S21403E6B0204600F09FFB204401F021F90146BDE807
S21403E6C038400022202001F0E3B800210D4D02203F
S21403E6D01170FFF7F5FE2B78FF2B04D040F29961FB
S21403E6E0094801F02EF82C70B3E74FF6FF71E6E702
S21403E6F0EE5D00204865002049650020586C002028
S21403E700105600205B6F00203D95040038B5134C6F
S21403E71005462388580709D5FFF7F0FE014607206C
S21403E720FFF7FAFEFF210120FFF78CFF23889907E6
S21403E7300BD50B4B284619788A1F51425141FFF7D8
S21403E740EBFE01210020FFF77DFF23881B0703D57F
S21403E750BDE83840FFF720BF38BD00BFEE5D0020A0
S21403E76049650020F7B5124CD4E9006586EA020C29
S21403E77085EA03070CEA000C0F405CEA070E15D087
S21403E78086EA0C067D40C4E90065CDE900230B4606
S21403E790084902460868FBF73AFE38B14FF4FD71A4
S21403E7A0054803B0BDE8F04000F0CBBF03B0F0BDB2
S21403E7B0C0160020205600203D95040008B50A4BDD
S21403E7C01B88DB0604D440F64701084800F0B9FF6F
S21403E7D000211020FFF774FE002000F06BFBBDE85D
S21403E7E0084001F02AB800BFEE5D00203D95040006
S21403E7F02DE9F04F5706804614461D4691B005D5C1
S21403E800FFF77CFE01460120FFF786FEEE0403D5E4
S21403E81000212D20FFF780FEA00224D54046FCF7FA
S21403E820E0FA0146F8B94020FFF74AFE40460AA937
S21403E830FBF7B4FEB8B99DF83030022B40F0D98010
S21403E840BDF8280000F0B6FDFF2808D14046FBF7C8
S21403E850A3FE40B901214020FFF732FE03E000F09B
S21403E860C3FD0028F2D1A10305D5FFF747FE0146F5
S21403E8700320FFF751FEE20104F0807640F1C080EA
S21403E880854B1B889B072DD5844E3068FBF71BFEF4
S21403E89040BB834B834F18703B78FF2B04D040F26A
S21403E8A05761814800F04DFF4FF000090021022018
S21403E8B0FFF706FE87F800907C4F3B78062B07D1C0
S21403E8C001210820FFF7FCFD49462820FFF724FE18
S21403E8D03B78052B06D100212B20FFF71DFE306861
S21403E8E0E3F7E8F900F0A9FF220717D56B4F0321DA
S21403E8F0386805AAFBF701FE064620B940F2C9614F
S21403E900694800F01EFF9DF81430072B00F0D080F6
S21403E910FFF7F4FD01460420FFF7FEFDE10505D5EC
S21403E920FFF7ECFD01460420FFF7F6FD14F4863FDF
S21403E93005D0FFF7E3FD01460220FFF7EDFDA20138
S21403E94013D5FFF7DBFD01460820FFF7E5FD0021A1
S21403E9500420FFF7B5FD554B1B78012B03D14F4B16
S21403E9601868E3F7A7F900F068FF14F0084F09D01A
S21403E970FFF7C4FD01460720FFF7CEFDFF21012068
S21403E980FFF760FEA30009D5FFF7B8FD0146062092
S21403E990FFF7C2FDFF210120FFF754FEA70705D5A9
S21403E9A03D4B1B881E0701D5FFF7F6FD6C0603D506
S21403E9B000210A20FFF7B0FD280602D50120FCF748
S21403E9C021FAE90540F1858140460AAA05A9FCF724
S21403E9D058F99DF81430222B00F06D8100F28281E5
S21403E9E0152B40F26A8140F60A112F4800F0A9FE63
S21403E9F06FE1032B7FF437AF0AA801F06AF830E71C
S21403EA0005F0020756EA07030DD0284B262019788F
S21403EA10A1F1060EDEF1000141EB0E01FFF77CFDCE
S21403EA200121304611E004F0805656EA07030FD062
S21403EA301E4B26201978A1F1060CDCF1000141EBF0
S21403EA400C01FFF769FD02213846FFF7FBFD4BE794
S21403EA5004F0884151EA060309D0144B272019789D
S21403EA608F1F79427941FFF757FD0221D9E705F059
S21403EA7008030B4302D02320FFF74EFD680703D598
S21403EA8000212420FFF748FDE9077FF52DAF00217D
S21403EA902520FFF741FD27E7EE5D002020560020E6
S21403EAA0486500205B6F00203D9504004965002003
S21403EAB0314638680AAAFBF726FD20B14FF4DA611F
S21403EAC09E4800F03EFEBDF81630386802330AA9A9
S21403EAD0ADF82C30FBF719FD20B140F2DF61974803
S21403EAE000F02FFE0023009331460423386804AA5F
S21403EAF0FBF70DFD042804D040F2E4618F4800F0D4
S21403EB0020FEDFF8589299F80030C3BB0DF11100D0
S21403EB1000F0F5FE00F00700022830D1FFF7EEFC08
S21403EB2001460920FFF7F8FC854B1B78062B23D1FB
S21403EB30844B9DF813201B789A421DD19DF83530DF
S21403EB4023B940F2FA617D4800F0FBFD0DF1110098
S21403EB5000F0D5FEC0F3001631462920FFF7DCFC93
S21403EB6000210820FFF7ACFC774B1E70FFF748FD2B
S21403EB7010B93868E3F79EF800F05FFECEE6BDF8FE
S21403EB8016000121083080B200F068FA039030B90D
S21403EB90FFF7B4FC01460420FFF7BEFCECE700F0E9
S21403EBA0E9F905AA014606463868FBF7B8FC99F862
S21403EBB000A0BAF1000F22D106F1010B584600F06F
S21403EBC09EFE83065AD53868FCF70BF90746FFF70F
S21403EBD095FC05370146F8B2FFF79EFC584600F051
S21403EBE08EFE00F007000328584F2DD00121042085
S21403EBF0FFF766FC4FF0FF30FBF7B0FC38600022EF
S21403EC005349BDF816300978F718F1549DF8363095
S21403EC10BB709DF83730FB700A9B190E3971190CBF
S21403EC207971FB71190A99F80030B97123B97378B1
S21403EC3092B343F020037370002000F069F97870F4
S21403EC40039800F071FA97E701210922304600F095
S21403EC50D1F8305C01210428C9D1FFF731FC4FF00D
S21403EC60FF30FBF77BFC3B4B38601B885806C6D54A
S21403EC7051464020FFF724FC0122C1E7FFF73EFC84
S21403EC8001460920FFF748FC2D4B1B78012BB6D114
S21403EC903868E3F70FF8B2E723F02003CBE7012247
S21403ECA07E33DBB202FA03F313F00A1F31D113F0FB
S21403ECB0011F3FF498AE27202CE0012202FA03F34B
S21403ECC0254A1A402ABB13F0041FF4D1DA077FF54E
S21403ECD08AAEAB052FD50121802011B0BDE8F04FD9
S21403ECE0FFF7EEBB652B1AD8622B12D8452B0CD830
S21403ECF0422B0ED8352B06D8322B0AD8252B08D90B
S21403ED00322BD8D06FE6422BFBE7552B05D8522B78
S21403ED10F7D92620FFF7FAFCDBE7622BF1E7952B02
S21403ED203FF661AE812BBAD8722BC4D0733B022B4D
S21403ED303FF659AEEDE711B0BDE8F08F3D95040000
S21403ED4049650020456500205A6F00200C560020B8
S21403ED505C6F0020EE5D00203A0038004C65002012
S21403ED60024B1878B0FA80F04009704749650020D6
S21403ED7008B5064B4FF0FF311868FBF7A8FF0028CD
S21403ED80B8BF033040F3870008BD00BF20560020FD
S21403ED9008B5074B1868FBF7CFFA30B1054BB3FB42
S21403EDA0F0F083B20BB1184608BD0120FCE700BFA4
S21403EDB02056002040420F0038B510200C46012193
S21403EDC0FFF77EFB064B1D68FFF7E2FF012200FB01
S21403EDD004F1044B2846FBF75FFF002038BD00BF55
S21403EDE020560020BDE70300014800F0AABC00BF80
S21403EDF057950400032A70B5144602D82C4B985C2A
S21403EE0070BD81F0010519B90D2A07D1FF20F7E778
S21403EE100D2A03D100780538C0B2F1E7084400F0A4
S21403EE206EFDC5F1040110F440660246C9B209D16D
S21403EE30042C0846E4D0052C16D112F0400F18BF58
S21403EE400846DDE7C5F10603042CD8B2D8D0B6F5DC
S21403EE50006F03D1C5F10805E8B2ECE7B6F5406FDD
S21403EE60E9D1C5F10E05F7E712F4404107D1062CA8
S21403EE70C6D0072CC4D0082C13D10130CCE75506D6
S21403EE805CBF831CD8B2062CBAD0B1F5004F02D1B2
S21403EE90831CD8B2EDE7B1F5404FEAD100F1080381
S21403EEA0F7E7130744BF0530C0B20C2CA8D9ADE76B
S21403EEB0C4E00400AC2370B5094C054603FB0043CD
S21403EEC05E6D26B940F2FD31064800F03AFCAC23ED
S21403EED003FB0544002363653346BDE870401847CB
S21403EEE0245600209495040010B40C461146AC2218
S21403EEF0064B02FB0033586D20B95C655DF8044B86
S21403EF00FFF75ABF02205DF8044B704724560020D3
S21403EF10AC22034B02FB003393F8A800704700BFF4
S21403EF202456002028B1034B1B68C01A401001303A
S21403EF3080B27047E456002030B1044B00F1004025
S21403EF401B68013803EB4000704700BFE4560020FF
S21403EF50064B1B68834206D8054B1B68834294BF47
S21403EF600020012070470020704700BFE4560020B1
S21403EF70E056002010B5044608B9002010BD00F086
S21403EF801BFD20B940F2CD41074800F0DAFB2046CE
S21403EF90FFF7D2FF0028F0D00388DB0B14BFD0F8AE
S21403EFA00A000830EAE700BF6B95040010B508B9FD
S21403EFB0002010BDFFF7C0FF044600F0F4FC20B9A4
S21403EFC04FF49D61064800F0BCFB002CF0D023886C
S21403EFD0DB0B0ABF60882089C0F30C00E9E700BF9B
S21403EFE06B95040038B5FFF7A7FF0D46044650B1EE
S21403EFF000F0D9FC20B940F24151034800F0A1FBD0
S21403F000023534F8150038BD6B95040070B5FFF76C
S21403F01093FF0C4616460546B0B100F0C4FC20B973
S21403F02040F24D510C4800F08CFB3046FFF784FF4E
S21403F03000F0B9FC20B940F24E51074800F081FBBE
S21403F040023425F8146070BD40F25251BDE870409A
S21403F050014800F076BB00BF6B9504002DE9F8432A
S21403F0600746884600F00FFC20B940F28E512A4826
S21403F07000F067FBFC1CA408284B64000434B7F5B7
S21403F080005F1E68A4B204D340F29551224800F0F4
S21403F09058FB00F061FA224981460B687BB9214B85
S21403F0A01D68761BC6F34F06B44227D9002548468B
S21403F0B000F04DFA2846BDE8F843FFF733BFB8F132
S21403F0C0000F11D0174A15685A1BC2F34F02944219
S21403F0D0ECD81448620005EB44040460B8F1000F52
S21403F0E00FD113440B600CE0F61AC6F34F0676B93D
S21403F0F040F2A651084800F024FBD7E705EB44048A
S21403F1001C6000236F80AB80EB802B80CFE7B4427C
S21403F110CCD8044A1568DCE76B950400E856002053
S21403F120D0560020E056002038B5054600F014FA05
S21403F130044629460448002200F04BFC2046BDE85E
S21403F140384000F004BA00BFF45D002082684B4BE1
S21403F1502DE9F0419A4204460E46056815D121B1C1
S21403F16040F21311464800F0ECFA00F0F5F9236973
S21403F1701BB92B682BB924612C60BDE8F04100F065
S21403F180E6B91A6922611C61F6E700F0D3FA8046F5
S21403F190FEF76AFA20B14FF49571394800F0D1FAB8
S21403F1A06FF000439E4221694BD22B7B08EB06028D
S21403F1B0002B4DD0AB6893424AD1531C002949D04B
S21403F1C06169994242D01EB9521AB2F1004F3DD935
S21403F1D0636123696E689C4203D19D21284800F031
S21403F1E0B0FA2F460023B4420BD0002B41D17269EC
S21403F1F06169891AB1F1004F32D8326937469442B1
S21403F2002CD12269BD420CBF6A603A617BB926697C
S21403F210B44203D1B8211A4800F093FA3B46012EB4
S21403F22005D062697169521AB2F1004F23D99D4223
S21403F2300BBF6B681A69236122610CBF6C601C618B
S21403F24004E0434431B162699342C1D1BDE8F08121
S21403F2501346B3E76A6822616C60B9E71646C6E7E9
S21403F260A8EB0202B2F1004FC7D93B4637463669D0
S21403F270B9E71F46F9E733463669D0E7A9370200F0
S21403F2807F9504000823064A12F8011B814205D025
S21403F290013B13F0FF03F7D1184670470120704770
S21403F2A075E104000823064A12F8011B814205D0C3
S21403F2B0013B13F0FF03F7D1184670470120704750
S21403F2C06DE1040010B5082207490446DCF792FBFB
S21403F2D0B0FA80F04FF6FF732289400940009A4245
S21403F2E008BF40F0010010BD86E1040030B50446B7
S21403F2F00D4685B002B9084A1068516801AB03C3CE
S21403F30001AB03CB20602046ADF80C501B88616030
S21403F310238105B030BD00BF131F0400002270B563
S21403F3200A4B1C780A4BD5B2AC4202D800200C70AC
S21403F33008E01E880132864205D30D701B881B1A0F
S21403F3405842584170BD1233EDE700BFC664002033
S21403F350AC5B0020F8B5154B04461D680E46E5B1B8
S21403F360134B1F78874218D900EB400305EBC30500
S21403F37026B92B69DA0712D42046F8BD082231468F
S21403F380281DDCF737FB50B92B69DB07F4D40134AF
S21403F390E4B2A74205F11805F0D1FF24ECE70134E7
S21403F3A0E4B2A74205F11805E2D1F6E74C57002070
S21403F3B07A6F00200A4B01461B6830B52BB1094A09
S21403F3C014780022D0B2844201D8FF2030BD5D8875
S21403F3D08D4202D11D69ED07F8D401321833F1E7E7
S21403F3E04C5700207A6F00200F4A03461068D0B1AE
S21403F3F00E4A12789A4215D919B203EB430300EB6F
S21403F400C300036913F001000DD0094A126832F8ED
S21403F410112002F4E2622AB913F00C0F14BF012084
S21403F42000207047012070474C5700207A6F002059
S21403F43048570020094B1B686BB1094A1278824271
S21403F44009D900EB4000C20003EBC0000169C907FD
S21403F45001D5985C7047FF20704700BF4C570020CB
S21403F4607A6F00200C4A0346106890B10B4A127854
S21403F4709A420DD903EB430300EBC300D0E90432F1
S21403F48013F001004FF0000104D0184611467047F0
S21403F49000200146704700BF4C5700207A6F0020BB
S21403F4A010B5164B187860B1154C2368CBB14FF4E2
S21403F4B0707200201349FFF717FD2368013B236092
S21403F4C010BDFFF755FC1049104A91F90040136828
S21403F4D084420B4C03F1010313602368B8BF087022
S21403F4E053B90B4800F09DFA0028E9D1BDE8104057
S21403F4F001460748FFF72ABE0822DAE7A865002078
S21403F50068570020A1F40300A3650020605700207D
S21403F510646E0020054B1B682BB9054B1868003832
S21403F52018BF012070470120704700BF58570020BE
S21403F5305457002010B962B6BFF36F8F7047EFF3CE
S21403F540108072B67047302383F31188704780F3B8
S21403F5501188BFF36F8F7047EFF31180302383F367
S21403F56011887047002070474FF4004070474FF4EF
S21403F5707A7070470122417803788A4030214B43E2
S21403F58041F2100103F1A04303F570335A5070475C
S21403F590B0F5802F24D010D8B0F5003F22D006D87F
S21403F5A028B3B0F5803F14BF012048207047B0F55C
S21403F5B0403F14BF01202C207047B0F5302F13D0E6
S21403F5C008D8B0F5E02F11D0B0F5202F14BF0120D6
S21403F5D010207047B0F57F0F14BF01200620704738
S21403F5E04B2070472A207047112070472120704710
S21403F5F008B570B100F022F84FF098435A6CD20267
S21403F600FCD5586D10F4702004D0BDE80840FFF711
S21403F610BFBF212008BD08B528B128220021DBF78B
S21403F6209DFE002008BD2120FCE7036A042B9FBF34
S21403F63000EB83020133D16003627047036A052B34
S21403F64014D84FF09842116CC902FCD504339B00C2
S21403F65013650168103B11604168116050F8081F7C
S21403F66011604FF098420344984200D1704750F817
S21403F670041F1160F8E7836813B9816070475B68FD
S21403F6805A68012AFBD15960704709B100F008B8DF
S21403F69022207047012100F046B8002100F043B84D
S21403F6A070B506460D46FFF757FF04461D2E37D89E
S21403F6B0DFE806F00F18361C1E20362224363636B0
S21403F6C02628362A2C2E3036363636343636363616
S21403F6D03632FDF7D9FF002628602046FFF737FFAE
S21403F6E0304670BD0120CAF771FDF4E70320FAE740
S21403F6F00420F8E70C20F6E70220F4E70620F2E7FA
S21403F7000720F0E70820EEE70520ECE70920EAE704
S21403F7100A20E8E70D20E6E71020E4E70B20E2E7FF
S21403F72000202126D8E70020704708B5FEF730F8FA
S21403F73080B208BD08B5FEF72BF808BD704742DE59
S21403F740704738B504460D4600F008F8FFF7FBFE91
S21403F75029462046BDE83840FFF7F1BF704710B989
S21403F76062B6BFF36F8F7047012070472DE9FF41E4
S21403F7700D4616461F460446A8B14FF00008C0F8CB
S21403F7801C80FEF7FDFBBDF82C30424602939DF825
S21403F79028302946CDE9007320463346FEF7B8FBEA
S21403F7A004B0BDE8F0812220FAE7F0B51F46002337
S21403F7B087B00D46164604468DF81730A8B1C361C8
S21403F7C00DF11701FEF7FEFB9DF817207AB9BDF879
S21403F7D03430294602939DF830302046CDE9007335
S21403F7E03346FEF795FB07B0F0BD2220FBE7032068
S21403F7F0F9E738B5FFF7B0FE054600F016F80446FD
S21403F8002846FFF7A4FE204638BD4FF0B043012834
S21403F8105B6904D0022805D1C3F3C000704703F028
S21403F820010070470020704770474FF0B0439A6A54
S21403F8301207FCD4186A7047704708B5FFF7FCFF39
S21403F84000F01DF808BD10B5FFF779FE0121044648
S21403F8500846FEF739F82046BDE81040FFF76ABEB3
S21403F86010B5044600F012F82046FAF7E3FC2046EB
S21403F870F7F7F4FDBDE81040F9F7ABB9704708B5E4
S21403F880FFF7FCFF08BD0120704770470020704754
S21403F89030B589B00446ADF806108DF81020FFF792
S21403F8A0F1FC05462046FFF7FDFC03469DB1BDF877
S21403F8B00600ABB900F0BAF8FF2808BF00200DF128
S21403F8C00F038DF80F001A46204604990593FEF79A
S21403F8D07FFD09B030BD0028F5D00DF10603F2E731
S21403F8E000F0A4F8FF2808BF0020BDF806308DF806
S21403F8F00F00ADF81A308DF8180006ABE3E7008862
S21403F90070470170090A4170704701207047012053
S21403F910704738B5DAF762FC0446CFF7DDFE051EFE
S21403F92018BF2546CFF7AAFF041E18BF2C46FFF7BD
S21403F930ECFF002818BF204638BD38B5FEF714F98B
S21403F9400446F6F741FF04281ED002284FF00005B0
S21403F95008BF0124F7F751FE042817D0022808BF72
S21403F9600124F7F769FB042812D0022808BF0124F4
S21403F970FFF7CDFF04280DD0022808BF0124002D71
S21403F98018BF0024204638BD0125E3E70125E8E734
S21403F9900125EDE70024F5E7FF20704708B5FFF7DC
S21403F9A0FBFF002008BD08B520B1FFF7D1FA00F031
S21403F9B0010008BD0120FAE708B5FFF7BDFABDE868
S21403F9C00840FFF7F0BF008810B1C9B2FFF70ABBC3
S21403F9D070472DE9F041B0F8008006460C46D5B2D4
S21403F9E0B8F1000F11D029464046FFF7FBFA22462E
S21403F9F0074629464046FFF709FB3A46294620466E
S21403FA00FFF704FB3480BDE8F0810F46F5E70346B5
S21403FA101B8808468B4202D00021FFF7E3BA00207A
S21403FA2070470069003818BF0120704700207047F0
S21403FA30F8B506460D46FFF745FC0328044621D0D5
S21403FA402846FFF73FFC032807461BD010F00203A7
S21403FA5018D1A0070DD5F90716D401233C43E207B6
S21403FA6004D431892A89914218BF002303F0010088
S21403FA70F8BD082229463046DBF7BCFFB0FA80F310
S21403FA805B09EBE70020F3E71846F1E770B50D4690
S21403FA9000210646FFF797FF044630B1FFF76AFAE0
S21403FAA001462846FFF7C4FF08B1204670BD21462D
S21403FAB03046FFF7ACFFEFE707B50DF10701FFF799
S21403FAC02DFC20B19DF8070003B05DF804FBFF2072
S21403FAD0FAE708B500F009F8FF2804D0FFF7C2FCE0
S21403FAE0C0F3C00008BD0120FCE701460020FFF775
S21403FAF031BC08B5FFF75EFCFF3818BF012008BD10
S21403FB002DE9F84307460846154688461C469DF8E1
S21403FB102090FFF72FFA4619A4B19EB14046FFF78F
S21403FB2045FA254485420FDC2246B9F1000F06D17B
S21403FB3031463846DBF764FC0020BDE8F8833946D7
S21403FB403046F7E72120F8E71D20F6E7000000001F
S21403FB50000000000000000000000000000000009D
S21403FB60F8B500BFF8BC08BC9E467047F8B500BFA2
S21403FB70F8BC08BC9E4670475FF800F07567002027
S21403FB805FF800F0D96600204465766963652074E3
S21403FB90797065206368616E676520646574656364
S21403FBA07465643A202564202D3E2025640D0A00E2
S21403FBB050726573732064657465637465640D0AB7
S21403FBC0004D756C74692070726573732064657478
S21403FBD065637465643A2025640D0A0052656C6596
S21403FBE06173652064657465637465640D0A004C0F
S21403FBF06F6E6720707265737320646574656374D3
S21403FC0065640D0A006D65746572696E673A206EE9
S21403FC106F20636F756E74657220617661696C61BF
S21403FC20626C6520666F722043460D0A006D65742C
S21403FC306572696E673A206E6F20636F756E7465C2
S21403FC407220617661696C61626C6520666F7220F2
S21403FC504346310D0A006D65746572696E673A2016
S21403FC60424C303933372064726976657220737478
S21403FC7061727465642028696E74657276616C209F
S21403FC802564206D73290D0A0072656C61795F73B4
S21403FC90746172745F6C61746368696E675F7075B4
S21403FCA06C73653A20616E6F746865722070756C4C
S21403FCB07365206973206163746976650D0A007243
S21403FCC0656C61795F6F6E0D0A0072656C61795FB2
S21403FCD06F66660D0A0072656C61795F746F67679D
S21403FCE06C650D0A0057726974696E6720636F6EE0
S21403FCF066696720746F206E763A2025730D0A00B6
S21403FD0053697A653A2025640D0A004661696C6575
S21403FD106420746F2077726974652044455649439E
S21403FD20455F434F4E4649475F4441544120746FF5
S21403FD30204E562C207374617475733A2025642EF6
S21403FD40202862797465733A202564290D0A0073A6
S21403FD50756363657373210D0A004661696C656498
S21403FD6020746F2072656164204E565F4954454D7A
S21403FD705F4445564943455F434F4E4649472C200B
S21403FD807573696E672064656661756C7420636F4E
S21403FD906E66696720696E73746561642C2073747C
S21403FDA0617475733A2025642E202862797465730E
S21403FDB03A202564290D0A005573696E6720636F20
S21403FDC06E6669673A2025642063686172732066ED
S21403FDD0726F6D0D0A25730D0A0067626D31306A06
S21403FDE06E6A3B5453303034332D4D413B534130D0
S21403FDF0753B494430693B534134753B494331694C
S21403FE003B534133753B494330693B425441303B96
S21403FE104D3B004E6574776F726B20737461747517
S21403FE2073206368616E67656420746F2025640DB4
S21403FE300A004D616E75666163747572657220742F
S21403FE406F6F206269670D0A004D6F64656C2074DE
S21403FE506F6F206269670D0A00496E697469616C89
S21403FE60697A696E67205A6967626565207769747F
S21403FE70682025642073776974636865732C20256E
S21403FE80642072656C6179732C20256420636F7619
S21403FE9065722073776974636865732C2025642004
S21403FEA0636F766572730D0A00436F6E666967202B
S21403FEB070617273656420737563636573736675C7
S21403FEC06C6C790D0A0072656164207665727369DD
S21403FED06F6E20666F726D206E6577206C6F636140
S21403FEE074696F6E0D0A004661696C656420746FF1
S21403FEF0207772697465206C6173745365656E56FA
S21403FF00657273696F6E20746F204E562C2073745F
S21403FF103A2025640D0A004F6C6420766572736977
S21403FF206F6E3A2025640D0A0043757272656E740F
S21403FF302076657273696F6E3A2025640D0A005247
S21403FF404553455420414C4C210D0A0068616C5FB3
S21403FF506770696F5F63616C6C6261636B3A20659F
S21403FF60787469206C696E6520256C6420737461EF
S21403FF7074757320256C750D0A0068616C5F677075
S21403FF80696F5F63616C6C6261636B3A206E6F20AE
S21403FF90667265652045585449206C696E65730D15
S21403FFA00A002F686F6D652F72756E6E65722F77F8
S21403FFB06F726B2F747579612D7A69676265652D2B
S21403FFC07377697463682F747579612D7A696762CC
S21403FFD065652D7377697463682F73696C616273E3
S21403FFE05F746F6F6C732F73696D706C696369747C
S21403FFF0795F73646B2F2E2E2F2E2E2F7372632F23
S21404000073696C6162732F68616C2F7A69676265C5
S214040010652E630044726F7070696E67206F6C643F
S214040020204F544120696D6167652C206375727298
S214040030656E74206F66667365743A20256C750A5F
S21404004000556E6B6E6F776E20636F7665722063F5
S2140400506F6D6D616E643A2025640D0A00556E6BF3
S2140400606E6F776E20636D642025640D0A004275FA
S21404007074746F6E20707265737320646574656340
S2140400807465642C20627574206E6F2062757474B7
S2140400906F6E20697320707265737365640D0A0051
S2140400A0427574746F6E206C6F6E67207072657321
S2140400B0732064657465637465642C2062757420AB
S2140400C06E6F20627574746F6E206973206C6F6E29
S2140400D06720707265737365640D0A004E6F206343
S2140400E06F7665722073776974636820636F6E66D3
S2140400F0696720696E204E562C207573696E6720DA
S21404010064656661756C74730D0A00417474726973
S21404011062757465206368616E6765642C2065701B
S2140401203A2025642C20636C75737465723A202516
S214040130642C20617474723A2025640D0A00556E8E
S2140401406B6E6F776E204C6576656C4374726C20AC
S214040150636F6D6D616E643A2025640D0A00556EFA
S2140401606B6E6F776E204F6E4F666620636F6D6D95
S214040170616E643A2025640D0A00496E6465782031
S214040180617420777269746520617474723A2025EC
S214040190640D0A004E6F2073776974636820636F7A
S2140401A06E66696720696E204E562C207573696EDC
S2140401B0672064656661756C74730D0A00496E7613
S2140401C0616C69642072656C61795F696E646578D8
S2140401D020256420696E204E562C20726573657443
S2140401E074696E6720746F2064656661756C740D3F
S2140401F00A003E2000556E6B6E6F776E2065727235
S2140402006F7200496E70757420627566666572203A
S21404021069732046554C4C004D6178696D756D20A8
S2140402206E756D626572206F6620617267756D65A6
S2140402306E747320657863656564656400546865E8
S21404024020617267756D656E74206973206E6F74B5
S21404025020666F726D617474656420636F72726574
S21404026063746C7900496E636F727265637420619F
S2140402707267756D656E74207479706500496E6377
S2140402806F7272656374206E756D626572206F6638
S21404029020617267756D656E7473004E6F20636FB0
S2140402A06D6D616E6420666F756E640075696E743C
S2140402B038006164646974696F6E616C002A007545
S2140402C06E6B6E6F776E0077696C64636172640040
S2140402D06865786F707400737472696E676F707493
S2140402E00075696E7433326F70740075696E74319C
S2140402F0366F70740075696E74386F707400686554
S2140403007800737472696E670075696E74313600AE
S21404031075696E743332002E2E2E200068656C705C
S214040320000A25730A257325730025732008002FF9
S214040330686F6D652F72756E6E65722F776F726B50
S2140403402F747579612D7A69676265652D7377698F
S2140403507463682F747579612D7A69676265652D93
S2140403607377697463682F73696C6162735F746F03
S2140403706F6C732F73696D706C69636974795F73DE
S214040380646B2F706C6174666F726D2F7365727612
S2140403906963652F6C65676163795F68616C2F7349
S2140403A072632F626173652D7265706C6163656D2F
S2140403B0656E742E63002F686F6D652F72756E6E92
S2140403C065722F776F726B2F747579612D7A6967F2
S2140403D06265652D7377697463682F747579612D0A
S2140403E07A69676265652D7377697463682F7369C4
S2140403F06C6162735F746F6F6C732F73696D706C6E
S21404040069636974795F73646B2F706C6174666F6B
S214040410726D2F736572766963652F746F6B656E84
S2140404205F6D616E616765722F6C65676163792FB6
S2140404307372632F736C5F746F6B656E5F6D616E42
S214040440616765722E63002F686F6D652F72756E17
S2140404506E65722F776F726B2F747579612D7A695A
S214040460676265652D7377697463682F747579613F
S2140404702D7A69676265652D7377697463682F736F
S214040480696C6162735F746F6F6C732F73696D70E0
S2140404906C69636974795F73646B2F706C617466DE
S2140404A06F726D2F736572766963652F746F6B65F3
S2140404B06E5F6D616E616765722F6C6567616379E7
S2140404C02F7372632F736C5F746F6B656E5F6D61F1
S2140404D06E75666163747572696E672E6300437524
S2140404E07272656E7420436F6E6669673A202530B3
S2140404F0780053657420434341206D6F646520740F
S2140405006F2025643A2025307800656E61626C653C
S214040510640064697361626C6564006F7574286353
S2140405206C69656E742900696E2028736572766539
S2140405307229004D464720537472696E673A202527
S21404054073004170704275696C646572204D46474D
S21404055020436F64653A20307825303458006E6F37
S2140405606465205B004164646974696F6E616C2025
S214040570696E746572666163657300202025643A4B
S214040580200070616765205B25645D206368616E8A
S214040590205B25645D20707772205B25645D006EA9
S2140405A06F7420616374697665006572726F722079
S2140405B03078253038580070616E4944205B3078B6
S2140405C0253034585D206E6F64654944205B30786E
S2140405D0253034585D20007870616E205B307800DA
S2140405E0706172656E744944205B307825303458E7
S2140405F05D20706172656E7452737369205B256446
S2140406005D006E6F646554797065205B00536563A6
S2140406107572697479206C6576656C205B2530325A
S214040620585D006E6574776F726B207374617465C1
S214040630205B253032585D20004275666665722060
S21404064062797465733A202564202F20256400455A
S2140406507020636E743A202564006570202564203B
S2140406605B656E64706F696E742025732C206465F8
S214040670766963652025735D20006E776B205B25A5
S214040680645D2070726F66696C65205B3078253017
S21404069034585D206465764964205B3078253034B0
S2140406A0585D20766572205B3078253032585D00C0
S2140406B020202020257320636C75737465723A209D
S2140406C030782530345820004E776B20636E743AA9
S2140406D0202564006E776B202564205B25735D00FF
S2140406E05072696D617279202870726F290020201B
S2140406F06E6F646554797065205B307825303258A7
S2140407005D002020736563757269747950726F6634
S214040710696C65205B3078253032585D0045502082
S21404072025643A20257320004572726F723A2020A1
S214040730556E6B6E6F776E20656E64706F696E743F
S2140407402E00456E61626C65206576656E74206465
S2140407506562756720696E666F20696E20436F72E6
S2140407606520434C4920636F6D706F6E656E740030
S2140407706F6E6C7920636F6F7264696E61746F72EA
S214040780732063616E20666F726D0A006A6F696E0D
S214040790203078253038580A006C65617665002567
S2140407A073203078253032580A0072656A6F696E95
S2140407B04469666644657669636554797065006560
S2140407C078742E2050414E2049443A20004E574B10
S2140407D0206F70656E3A20257520736563004E574A
S2140407E04B20636C6F7365640066696E64206A6F81
S2140407F0696E61626C653A2030782530325800663E
S214040800696E6420756E757365643A203078253099
S2140408103258004368616E67696E6720746F2063A0
S21404082068616E6E656C2025643A20307825303217
S2140408305800696E76616C6964206E6574776F72B1
S2140408406B20696E6465780053686F72742049443F
S2140408503A203078253034582C2045554936343AD9
S21404086020002C2050616E2049443A2030782530F0
S21404087034580053746172746564206D756C7469C1
S2140408802D70687920696E746572666163650046CA
S21404089061696C656420746F20257320257320308D
S2140408A07825303258005465726D696E61746564DB
S2140408B020257320307825303258004B656570202B
S2140408C0616C69766520737570706F727420656EDE
S2140408D061626C65642E006661696C656420746F81
S2140408E020736574206B65657020616C697665207D
S2140408F06D6F64652E007375636365737366756CDC
S2140409006C792073657420746865206368696C6408
S2140409102074696D656F7574206F7074696F6E20CE
S2140409206D61736B2E006661696C656420746F205C
S21404093073657420746865206368696C64207469E0
S2140409406D656F7574206F7074696F6E206D61735A
S2140409506B2E00646973636F766572004D61746311
S21404096068202573792066726F6D203078253034C0
S214040970582C206570202564004E574B2041646433
S2140409807265737320726573706F6E73653A203088
S21404099078253034580049454545204164647265DD
S2140409A0737320726573706F6E73653A20005365B7
S2140409B072766963652025737920646F6E652E00F0
S2140409C0232020747970652020206E776B20206C9D
S2140409D06F6320202072656D202020636C75732061
S2140409E020206E6F64652020206575690020202510
S2140409F06420202020307825303458202030782574
S214040A00303458202030782530345820307825303B
S214040A1034582000736C5F7A69676265655F676542
S214040A20745F62696E64696E67204572726F723AAB
S214040A30203078253038580A002564206F66202533
S214040A40642062696E64696E6773207573656400FA
S214040A50656E61626C6564207072696E74006469A8
S214040A607361626C6564207072696E74006164649C
S214040A70206C696E6B206B6579004552523A2043B0
S214040A80616C63756C617465642043524320646FC3
S214040A906573206E6F74206D6174636800455252EE
S214040AA03A20496E7374616C6C20436F6465206DE4
S214040AB075737420626520382C2031302C20313434
S214040AC02C206F7220313820627974657320696E29
S214040AD0206C656E677468004552523A204145534F
S214040AE02D4D4D4F2068617368206661696C65649E
S214040AF03A2030782530325800536574206A6F697E
S214040B006E696E67206C696E6B206B657900736521
S214040B10742062696E642025643A20307825303269
S214040B207800454D50545900554E494341004D32C6
S214040B304F4E45004D554C5449003F202020200080
S214040B40496E64657820494545452041646472656C
S214040B5073732020202020202020204E574B496EDF
S214040B606465782020496E204643202020202054A7
S214040B70544C28732920466C6167202020204B653E
S214040B8079202020200025642020202020002020FA
S214040B9025642020202020202000202025303858BE
S214040BA020200020307825303458202000496E64F8
S214040BB06578204945454520416464726573732011
S214040BC02020202020202020496E2046432020205C
S214040BD020205479706520204175746820204B6568
S214040BE079002D202020202000256320202020208E
S214040BF02563202020202000696573005741524E4B
S214040C00494E473A202052454144494E47204F46D4
S214040C10204B45592056414C554553204449534191
S214040C20424C4544204259204D464720544F4B459C
S214040C304E004E574B204B6579002573206F757414
S214040C402046433A202530385800257320736571B2
S214040C50206E756D3A203078253032580025732082
S214040C606F75742046433A20253038780054432064
S214040C70257320002573205461626C650025642F5B
S214040C80256420656E747269657320757365642EB9
S214040C90005472616E7369656E74204B6579002525
S214040CA06420656E7472257320636F6E73756D6948
S214040CB06E67202564207061636B657420627566B8
S214040CC066657225732E0057494C4C0057494C4CA8
S214040CD0204E4F540054727573742043656E7465C9
S214040CE07220257320616C6C6F7720747275737430
S214040CF02063656E7465722072656A6F696E732010
S214040D007573696E672077656C6C2D6B6E6F776E86
S214040D10206B65792E005365742074696D656F7554
S214040D207420666F722054727573742043656E74F3
S214040D3065722072656A6F696E73207573696E6773
S214040D402077656C6C2D6B6E6F776E206C696E6B9E
S214040D50206B657920746F202564207365636F6E3D
S214040D6064732E004552524F523A20002573737412
S214040D7061636B206D75737420626520646F776E93
S214040D802E0052656164696E6720416C6C6F7765EE
S214040D90640048617368696E67206F6E6C790073CF
S214040DA06C5F7A69676265655F6B65795F736574A6
S214040DB074696E67735F743A20307825303458004F
S214040DC020205065726D697373696F6E733A2025BF
S214040DD073004572726F723A204661696C656420CE
S214040DE0746F2067657420636F6E6669672C207362
S214040DF074617475733A203078253038580046612B
S214040E00696C65643A20307825303858004D73672D
S214040E103A20636C7573203078253034582C206360
S214040E206D64203078253032582C206C656E202571
S214040E3064006275666665723A2000454D42455206
S214040E405F00257353454355524954595F4C4556E4
S214040E50454C3A2025303258002573657261736517
S214040E60206B65792025643A203078253038580080
S214040E70636D64206E6F74206275696C740073729F
S214040E806320657020253032782C20636C757320BF
S214040E90253034780073656E64696E6720746F203D
S214040EA06D756C7469636173742062696E64002581
S214040EB0733A2065703A2025642C20636C3A2030FF
S214040EC078253034582C20617474723A2030782592
S214040ED0303458002C207376723A2025630025732C
S214040EE03A20726561643A20307825303278002CD6
S214040EF0207376723A2025632C2064747970653AE0
S214040F002030782530325800417267756D656E74EE
S214040F1020617420696E6465783A202564206973BC
S214040F20206F7574206F662072616E676500436F6C
S214040F306D6D616E6420616C7265616479206275A2
S214040F40696C742E202043616E6E6F742073657412
S214040F50204D464720737065636966696320636F36
S214040F60646520666F7220636F6D6D616E642E001B
S214040F704D464720436F64652053657420666F7240
S214040F80206E65787420636F6D6D616E643A2030F0
S214040F90782530345800557365204E657874205390
S214040FA0657175656E63652053657420666F72207F
S214040FB06E65787420636F6D6D616E643A20307868
S214040FC0253032580044697361626C652044656656
S214040FD061756C7420526573706F6E73652053650B
S214040FE07420666F72206E65787420636F6D6D6111
S214040FF06E643A20307825303258004552523A20F2
S21404100072656164696E672061747472696275746E
S214041010652025303278004552523A206174747245
S21404102069627574652073697A6520256420746F17
S2140410306F206C6172676520666F722062756666E3
S2140410406572004572726F723A20617474726962D6
S21404105075746520494420307825303458207265EC
S214041060706F727461626C65206368616E67652078
S21404107069732073697A65202564422C206275742E
S2140410802025644220656E74657265640A006E6F7E
S21404109020636D64004572726F723A20434C492097
S2140410A053656E64206661696C65642C2073746194
S2140410B07475733A20307825303858004572726F4C
S2140410C0723A2020455549363420617267756D653D
S2140410D06E7420697320656D70747920616E642067
S2140410E06C6F6F6B7570206279206E6F6465204933
S2140410F044206661696C65642E0047726F757000E3
S214041100556E696361737400556E62696E6420255A
S2140411107320257330782530325800526571756512
S21404112073743A20005A444F2073696D706C6520BE
S21404113064657363207265712025303278005A44E2
S2140411404F206E6F6465206465736320726571203A
S21404115025303278005A444F206D617463682064E9
S21404116065736320726571202530325800557369A3
S2140411706E67206D79206C6F63616C204555493627
S2140411803420666F7220646573742045554936347E
S21404119020696E2062696E64696E67005A444F2047
S2140411A062696E6420726571202530327800636C43
S2140411B07573746572206C696D69742072656163F9
S2140411C068656400696E76616C6964207061676541
S2140411D03A202564206F72206368616E6E656C3AEF
S2140411E0202564004368616E6765206368616E6EDF
S2140411F0656C207374617475733A203078253032C8
S21404120078006475726174696F6E206D75737420EE
S214041210626520696E2072616E67652030202D201D
S2140412203500636F756E74206D7573742062652067
S214041230696E2072616E67652031202D2038007338
S21404124063616E2073746174757320307825303250
S21404125058006E6574776F726B2075706461746580
S2140412602073657420737461747573203078253028
S2140412703258004163746976652045502072657162
S21404128075657374207374617475733A20307825A9
S214041290303258004C5149205461626C65207265A6
S2140412A071756573743A2030782530325800426977
S2140412B06E64696E67205461626C65207265717530
S2140412C06573743A20307825303258004C65617660
S2140412D06520257330782530325800506F77657254
S2140412E02044657363726970746F72202573307856
S2140412F025303258005573696E67206D79206C6FFF
S21404130063616C20455549363420666F72206465E7
S214041310737420455549363420696E20756E6269AB
S2140413206E64696E6700526F757465205461626CF2
S21404133065202573307825303258002F686F6D6528
S2140413402F72756E6E65722F776F726B2F74757948
S214041350612D7A69676265652D7377697463682F92
S214041360747579612D7A69676265652D737769741A
S21404137063682F73696C6162735F746F6F6C732F2D
S21404138073696D706C69636974795F73646B2F70CD
S214041390726F746F636F6C2F7A69676265652F610D
S2140413A070702F6672616D65776F726B2F636F6DE9
S2140413B06D6F6E2F736C5F7A69676265655F7379AC
S2140413C07374656D5F636F6D6D6F6E2E6300457825
S2140413D074656E64656420526573657420696E6610
S2140413E06F3A203078253034582028257329002F6A
S2140413F0686F6D652F72756E6E65722F776F726B80
S2140414002F747579612D7A69676265652D737769BE
S2140414107463682F747579612D7A69676265652DC2
S2140414207377697463682F73696C6162735F746F32
S2140414306F6C732F73696D706C69636974795F730D
S214041440646B2F70726F746F636F6C2F7A69676248
S21404145065652F6170702F6672616D65776F726B4C
S2140414602F636F6D6D6F6E2F7A69676265655F6156
S21404147070705F6672616D65776F726B5F736C65B3
S21404148065702E630053746179206177616B652003
S2140414907768656E206E6F74206A6F696E65643A4D
S2140414A020257300466F7263656420737461792027
S2140414B06177616B653A20202020202020202020A0
S2140414C0257300466F7263696E6720646576696388
S2140414D06520746F2073746179206177616B650091
S2140414E0416C6C6F77696E67206465766963652006
S2140414F0746F20676F20746F20736C656570002F9F
S214041500686F6D652F72756E6E65722F776F726B6E
S2140415102F747579612D7A69676265652D737769AD
S2140415207463682F747579612D7A69676265652DB1
S2140415307377697463682F73696C6162735F746F21
S2140415406F6C732F73696D706C69636974795F73FC
S214041550646B2F70726F746F636F6C2F7A69676237
S21404156065652F6170702F6672616D65776F726B3B
S2140415702F636F6D6D6F6E2F7A69676265655F7333
S2140415807461636B5F736C6565702E630052583AC2
S214041590205265736574546F466163746F72794440
S2140415A0656661756C747343616C6C6261636B0031
S2140415B0657A737020636F756E74657273206661E6
S2140415C0696C656420257500657A737020526573AE
S2140415D06574205468726573686F6C6420657272F3
S2140415E06F7220257500657A7370205365742054D5
S2140415F068726573686F6C64206572726F722025FA
S21404160075002575292025733A20257500536574C1
S21404161074696E67205468726573686F6C642063BF
S2140416206F6D6D616E64003F3F3F004D61632052F5
S21404163078204263617374004D61632054782042BD
S21404164063617374004D616320527820556361733F
S21404165074004D6163205478205563617374004DA3
S21404166061632054782055636173742052657472E4
S21404167079004D6163205478205563617374204665
S21404168061696C0041505320527820426361737440
S21404169000415053205478204263617374004150D3
S2140416A0532052782055636173740041505320547C
S2140416B07820556361737420537563636573730090
S2140416C041505320547820556361737420526574D6
S2140416D07279004150532054782055636173742006
S2140416E04661696C00526F757465204469736320A3
S2140416F0496E69746961746564004E6569676862F9
S2140417006F72204164646564004E65696768626F41
S214041710722052656D6F766564004E65696768620F
S2140417206F72205374616C65004A6F696E20496E4F
S2140417306469636174696F6E004368696C64204D04
S2140417406F76656400415348204F766572666C6F09
S2140417507700415348204672616D65204572726F6A
S2140417607200415348204F76657272756E2045723A
S214041770726F72004E574B204643204661696C7563
S214041780726500415053204643204661696C757269
S214041790650041534820584F666600415053205513
S2140417A06E617574686F72697A6564204B6579003A
S2140417B04E574B2044656372797074204661696C99
S2140417C07572657300415053204465637279707472
S2140417D0204661696C75726573005061636B65744D
S2140417E02042756666657220416C6C6F6361746531
S2140417F0204661696C757265730052656C61796523
S214041800642055636173740050687920746F204DAA
S2140418104143207175657565206C696D6974207225
S214041820656163686564005061636B657420566126
S2140418306C69646174652064726F7020636F756E82
S21404184074004E574B207265747279206F766572F9
S214041850666C6F7700434341204661696C75726518
S214041860730042726F616463617374207461626CA6
S214041870652066756C6C00505441204C6F20507285
S214041880692052657100505441204869205072699D
S2140418902052657100505441204C6F2050726920CC
S2140418A044656E696564005054412048692050724E
S2140418B0692044656E69656400505441204C6F206D
S2140418C0507269205478204162727400505441204A
S2140418D0486920507269205478204162727400412D
S2140418E064647265737320436F6E666C69637420F8
S2140418F053656E740043534C2052782073636865B6
S21404190064756C65206661696C6564000D004465E9
S214041910627567207072696E742067726F757020C6
S21404192025730A0057726F6E6720706172616D6569
S2140419307465720A0046696E6420616E64204269AA
S2140419406E6420496E69746961746F723A20436FDD
S2140419506D706C6574653A203078253032580053C3
S21404196074617274207461726765740046696E648B
S21404197020616E642042696E6420546172676574E7
S2140419800025733A2025733A2030782530325800E3
S214041990467261676D656E746174696F6E20525825
S2140419A02077696E646F772073697A65207365742F
S2140419B020746F202564002F686F6D652F72756E16
S2140419C06E65722F776F726B2F747579612D7A69D5
S2140419D0676265652D7377697463682F74757961BA
S2140419E02D7A69676265652D7377697463682F73EA
S2140419F0696C6162735F746F6F6C732F73696D705B
S214041A006C69636974795F73646B2F70726F746F3B
S214041A10636F6C2F7A69676265652F6170702F66D5
S214041A2072616D65776F726B2F706C7567696E2F58
S214041A30667261676D656E746174696F6E2F667227
S214041A4061676D656E746174696F6E2E63005258BB
S214041A503A2041646447726F7570526573706F6E96
S214041A607365203078253032582C20307825303471
S214041A70580052583A205669657747726F75705207
S214041A806573706F6E7365203078253032582C205D
S214041A903078253034582C20220052583A20476596
S214041AA07447726F75704D656D62657273686970A0
S214041AB0526573706F6E7365203078253032582CFB
S214041AC0203078253032582C00205B30782530348E
S214041AD0585D0052583A2052656D6F766547726FAE
S214041AE07570526573706F6E73652030782530326A
S214041AF0582C203078253034580065705B253032F9
S214041B00585D2069645B253034585D00436C65611C
S214041B1072696E6720616C6C2067726F7570732EC5
S214041B20004552523A204661696C656420746F2001
S214041B306372656174652062696E64696E672028E5
S214041B4030782530325829004552523A2042696E80
S214041B5064696E67207461626C65206973206675BB
S214041B606C6C004552523A2077726974696E67202D
S214041B706E616D6520737570706F727420253032D7
S214041B80580052583A2041646447726F757020308A
S214041B9078253034582C20220075760052583A2086
S214041BA05669657747726F757020307825303458DB
S214041BB00075767300766965775F67726F75700077
S214041BC047726F7570733A206661696C6564207439
S214041BD06F2073656E6420257320726573706F6E54
S214041BE073653A20307825303258006765745F672D
S214041BF0726F75705F6D656D62657273686970206B
S214041C00726573706F6E73650064656661756C7477
S214041C105F726573706F6E73650052583A2047653D
S214041C207447726F75704D656D626572736869701E
S214041C30203078253032582C007575620047726F54
S214041C407570733A206661696C656420746F2073DE
S214041C50656E642025733A20307825303258005259
S214041C60583A2052656D6F766547726F75702030EE
S214041C707825303458004552523A204661696C65DE
S214041C806420746F2064656C6574652062696E6494
S214041C90696E672028307825303258290072656DC1
S214041CA06F76655F67726F75700052583A2052659A
S214041CB06D6F7665416C6C47726F75707300525821
S214041CC03A2041646447726F757049664964656E6C
S214041CD074696679696E67203078253034582C200C
S214041CE02200616464004368616E6E656C206E6FEA
S214041CF0742076616C69643A202564005072696DBC
S214041D00617279002573206D61736B206E6F772086
S214041D10307825303858005365636F6E6461727985
S214041D20004D61736B206E6F742076616C69643A43
S214041D30202564007072696D617279007365636F43
S214041D406E646172790025733A2053657420257396
S214041D50206D61736B20746F2030782530385800FE
S214041D605374617475730025733A2025733A0043DF
S214041D7068616E6E656C206D61736B3A002020207E
S214041D802028312920307825303858205B00202040
S214041D90202028322920307825303858205B0053FC
S214041DA0746174653A2030782530325820282573BB
S214041DB0290043757272656E74206368616E6E6581
S214041DC06C3A20256400546F74616C20626561630C
S214041DD06F6E733A202564004A6F696E20617474CE
S214041DE0656D7074733A202564004E6574776F725F
S214041DF06B2073746174653A20307825303258004D
S214041E0053746F700025732053746F702E20204314
S214041E106C65616E696E672075702E0042726F6124
S214041E206463617374696E67207065726D6974208B
S214041E306A6F696E0054727573742063656E746598
S214041E4072206C696E6B206B6579207570646174A2
S214041E5065207374617475730025733A2057415274
S214041E604E494E473A20736C5F7A69676265655FD0
S214041E707365745F696E697469616C5F73656375B5
S214041E80726974795F7374617465206661696C65E0
S214041E90642E20436F6E74696E75696E6720776969
S214041EA074686F757420696E7374616C6C20636FEC
S214041EB064652E004572726F723A20696E7374619F
S214041EC06C6C20636F64652073657475702066613E
S214041ED0696C65642E20497320616E20696E737484
S214041EE0616C6C20636F646520666C6173686564FE
S214041EF0206F6E746F207468652064657669636508
S214041F003F00D0D1D2D3D4D5D6D7D8D9DADBDCDDCE
S214041F10DEDF00FFFFFFFFFFFFFFFF005A69674297
S214041F206565416C6C69616E636530390025733A8A
S214041F302069737375696E67207363616E206F6EB4
S214041F40202573206368616E6E656C7320286D614E
S214041F50736B203078253038582900257320697330
S214041F6020616C726561647920696E2070726F6797
S214041F7072657373005374617274004578616D6999
S214041F806E696E6720626561636F6E206F6E206394
S214041F9068616E6E656C20256420776974682070AD
S214041FA0616E49642030782530345800546869736B
S214041FB020626561636F6E206973206E6F74207093
S214041FC0617274206F66207468652063757272652A
S214041FD06E74206368616E6E656C206D61736B2031
S214041FE028307825303858292E2047657474696E51
S214041FF067206E65787420626561636F6E2077680B
S2140420006F7365206368616E6E656C206269746DBB
S21404201061736B206973207365742E004572726F4A
S214042020723A20257320636F756C64206E6F74207B
S214042030617474656D7074206A6F696E3A203078C6
S21404204025303258004E6F20626561636F6E7320D0
S2140420506C656674206F6E2063757272656E74208C
S2140420606D61736B2E204D6F76696E6720746F20DA
S2140420706E657874207374617465002573206A6FC6
S214042080696E696E6720307825303458206F6E206C
S2140420906368616E6E656C20256400257320537436
S2140420A06174653A202573004572726F723A202572
S2140420B07320636F756C64206E6F7420736574751B
S2140420C0702073656375726974793A2030782530A8
S2140420D03258004572726F723A205363616E206301
S2140420E06F6D706C6574652068616E646C657220D3
S2140420F072657475726E65642030782530325800C7
S2140421002573207363616E20636F6D706C657465F0
S2140421102E20426561636F6E732068656172643A4F
S21404212020256400257320737461636B20737461C7
S21404213074757320307825303258002573206E6508
S21404214074776F726B206A6F696E65642E002573F0
S21404215020747279696E67206E657874206E657473
S214042160776F726B2E004E6F6E65005363616E2040
S2140421705072696D617279204368616E6E656C7326
S21404218020616E642075736520436F6E666967759B
S214042190726564204B6579005363616E20507269E2
S2140421A06D617279204368616E6E656C7320616E32
S2140421B0642075736520496E7374616C6C20436F7C
S2140421C06465005363616E205072696D6172792094
S2140421D04368616E6E656C7320616E64205573652A
S2140421E02043656E7472616C697A6564204B657908
S2140421F0005363616E205072696D61727920436882
S214042200616E6E656C7320616E6420557365204440
S21404221069737472696275746564204B65790053DA
S21404222063616E205365636F6E64617279204368E0
S214042230616E6E656C7320616E64207573652043F1
S2140422406F6E66696775726564204B6579005363C3
S214042250616E205365636F6E6461727920436861B2
S2140422606E6E656C7320616E642075736520496EAE
S2140422707374616C6C20436F6465005363616E20F5
S2140422805365636F6E64617279204368616E6E6530
S2140422906C7320616E64205573652043656E74729A
S2140422A0616C697A6564204B6579005363616E20BE
S2140422B05365636F6E64617279204368616E6E6500
S2140422C06C7320616E642055736520446973747260
S2140422D0696275746564204B6579005363616E208A
S2140422E05072696D617279204368616E6E656C73B5
S2140422F020616E642055736520416C6C204B6579B3
S214042300732028696E7374616C6C20636F64652C2B
S2140423102063656E7472616C697A65642C206469E6
S21404232073747269627574656429005363616E2000
S2140423305365636F6E64617279204368616E6E657F
S2140423406C7320616E642055736520416C6C204B61
S2140423506579732028696E7374616C6C20636F648E
S214042360652C2063656E7472616C697A65642C20D2
S214042370646973747269627574656429004F6E2F9C
S2140423804F6666207365742076616C75653A202501
S2140423903032582025303258004552523A20726561
S2140423A06164696E67206F6E2F6F66662025303213
S2140423B058004F6E2F6F666620616C726561647993
S2140423C02073657420746F206E65772076616C7553
S2140423D06500546F67676C65206F6E2F6F666620A6
S2140423E066726F6D202530325820746F2025303287
S2140423F058004552523A2077726974696E67206FA6
S2140424006E2F6F6666202530325800496E737461ED
S2140424106C6C656420547970652028426173652964
S2140424203A20203078253032580043617061626962
S2140424306C69746965733A202020202020202020AF
S214042440202030782530345800426F6F746C6F61EA
S2140424506465722056657273696F6E3A2020202078
S21404246020307825303458005365637572652042F1
S2140424706F6F746C6F61646572204B65793A2020C7
S2140424802020202000426F6F746C6F6164696E6751
S214042490206661696C65642100446F776E6C6F61B9
S2140424A064206661696C65642E0044656C657469B5
S2140424B06E67206661696C656420646F776E6C6F06
S2140424C061642C207374617475733A2030782530F7
S2140424D0325800496D61676520646F6573206E6FBE
S2140424E07420636F6E7461696E20616E2055706728
S2140424F07261646520496D616765205461672028B0
S214042500307825303458292E20536B697070696EE4
S2140425106720757067726164652E0045786563751B
S21404252074696E6720626F6F746C6F616420636198
S2140425306C6C6261636B2E005374617274696E67AF
S2140425402045424C20766572696669636174696FDA
S2140425506E0045424C206661696C6564207665723F
S214042560696669636174696F6E2E0045424C20701B
S21404257061737365642076657269666963617469FC
S2140425806F6E2E002573696E67204F544120636C6E
S21404259069656E74207374617465206D616368691F
S2140425A06E650073746F7070004572726F723A20B5
S2140425B04E6F20696D61676520617420696E64657D
S2140425C078202564004E6F7420737570706F727473
S2140425D065642E00436C69656E7420696D61676579
S2140425E020717565727920696E666F004D616E752F
S2140425F0662049443A2020202020202020203078BD
S2140426002530345800496D6167652054797065201B
S21404261049443A2020202030782530345800437529
S2140426207272656E742056657273696F6E3A2020F6
S21404263030782530385800486172647761726520B6
S21404264056657273696F6E3A20004E410051756587
S21404265072792044656C6179206D733A20202020BD
S2140426602020202020202020256C640053657276CC
S214042670657220446973636F766572792044656C6D
S2140426806179206D733A20256C6400446F776E6C14
S2140426906F61642044656C6179206D733A20202054
S2140426A0202020202020256C640052756E20557052
S2140426B067726164652044656C6179206D733A20A5
S2140426C02020202020256C640056657269667920D7
S2140426D044656C6179206D733A20202020202020E8
S2140426E020202020256C6400446F776E6C6F616434
S2140426F0204572726F72205468726573686F6C64DA
S2140427003A2020256400557067726164652057611D
S2140427106974205468726573686F6C643A2020206C
S214042720202564004F544120446F776E67726164BD
S21404273065733A2044697361626C6564004F544162
S21404274020446F776E6772616465733A20456E61E4
S214042750626C656400426F6F746C6F61642073749E
S2140427606174653A20257300496E76616C6964204D
S2140427704550202564207768656E20747279696EEA
S2140427806720746F2073656E64204F5441206D6516
S21404279073736167652E0053656E64696E672055B2
S2140427A070677261646520456E6420726571756534
S2140427B073742E0025733A20696E76616C69642002
S2140427C0636D64496420307825303258004572724F
S2140427D06F723A20204661696C656420746F2073BA
S2140427E0656E64204F544120636F6D6D616E642086
S2140427F03078253032582C207374617475733A20FF
S2140428003078253032580053657276657220756EBE
S2140428106B6E6F776E2C2066616C6C696E672062D7
S21404282061636B20746F20646973636F7665727975
S2140428302E004D6178696D756D207175657279200D
S2140428406572726F72732068697420282564292C57
S214042850207374617274696E67207365617263684D
S21404286020666F72206E6577204F54412073657220
S2140428707665722E0A004170706C79696E672075F1
S2140428807067726164650025733A20696E76616CC0
S2140428906964206F66667365742063757272656E0C
S2140428A07454696D652830782530385829203E20C0
S2140428B07570677261646554696D65283078253073
S2140428C0385829004F544120436C75737465723A26
S2140428D0207761697420666F722025642073005225
S2140428E05865642074696D654F757420307825309A
S2140428F0385820732C204D41582074696D654F75E7
S21404290074203078253038582073004D6178696D0E
S214042910756D207570677261646520726571756582
S214042920737473206D616465202825642920776993
S21404293074686F757420726573706F6E7365206645
S214042940726F6D207365727665722E0055706772AD
S2140429506164696E6720616E79776179004F5441CE
S214042960205365727669636520646973636F766560
S21404297072792070726576656E746564202D2061A8
S2140429806E6F7468657220697320616C7265616429
S2140429907920696E2070726F677265737300466182
S2140429A0696C656420746F20696E69746961746506
S2140429B0207365727669636520646973636F7665F0
S2140429C072792E004F5441205365727669636520F0
S2140429D0446973636F7665727920696E2070726FCE
S2140429E0677265737300436C69656E7420766572EE
S2140429F0696669636174696F6E206661696C656493
S214042A002E005369676E617475726500437573743E
S214042A106F6D00706173736564004641494C4544AC
S214042A20004E6F207369676E6174757265207665F3
S214042A3072696669636174696F6E20737570706F0E
S214042A4072742C20617373756D696E6720696D618D
S214042A506765206973206F6B61792E002573207675
S214042A606572696669636174696F6E2025733A20BE
S214042A70307825303258004D6178696D756D206E5A
S214042A80756D626572206F6620646F776E6C6F6119
S214042A9064206572726F72732072656163682028A1
S214042AA02564292C2061626F7274696E672E004F4C
S214042AB0544120436C75737465723A20736574745C
S214042AC0696E672049454545206164647265737381
S214042AD0206F66204F544120636C757374657200D2
S214042AE05061727469616C2066696C6520646F77E6
S214042AF06E6C6F616420666F756E642C20636F6EF7
S214042B0074696E75696E672066726F6D206F66668F
S214042B107365742030782530385800466F756E64B7
S214042B202066756C6C7920646F776E6C6F61646573
S214042B30642066696C6520696E2073746F726167C1
S214042B4065202876657273696F6E20307825303874
S214042B5058292E00466F756E642066696C65206978
S214042B606E2073746F726167652077697468206479
S214042B706966666572656E742076657273696F6ED3
S214042B80202830782530385829207468616E2063F0
S214042B90757272656E742076657273696F6E20281E
S214042BA0307825303858290046696C6520696E20CF
S214042BB073746F726167652069732073616D652035
S214042BC061732063757272656E742072756E6E69B9
S214042BD06E672076657273696F6E202830782530AC
S214042BE0385829004E6F20696D61676520666F75D9
S214042BF06E6420696E2073746F726167652E004F71
S214042C005441205365727669636520446973636F23
S214042C107665727920756E626C6F636B65640049C5
S214042C20676E6F72696E672073657276657220666A
S214042C30726F6D206C6F6F706261636B2061646489
S214042C40726573730049676E6F72696E67203078B9
S214042C5025303458204F54412073657276657220AF
S214042C60696E20736561726368206F662054430042
S214042C7053657474696E67204F54412053657276A9
S214042C80657220746F203078253034580044656CA3
S214042C906179696E67202564207365636F6E64735B
S214042CA0206265666F7265207374617274696E67FC
S214042CB0204F544120636C69656E740054696D65D9
S214042CC06F75742077616974696E6720666F722009
S214042CD06D6573736167652E00426164204F5441CD
S214042CE020636F6D6D616E643A20307825303258FB
S214042CF0004F544120636F6D6D616E6420307825FB
S214042D0030325820746F6F2073686F727420286C8A
S214042D10656E202564203C206D696E20256429009C
S214042D204F544120636F6D6D616E642066726F6DE3
S214042D3020756E7265636F676E697A656420736565
S214042D4072766572203078253034582E20204D79DE
S214042D50204F5441207365727665723A2030782588
S214042D6030345800496D616765204E6F7469667922
S214042D7000476F7420756E657870656374656420AB
S214042D8025732E2020537461727420646973636FF4
S214042D90766572792E0064656661756C74004F54AE
S214042DA0413A206661696C656420746F2073656EB1
S214042DB06420257320726573706F6E73653A2030D5
S214042DC0782530325800496D616765206E6F7469E6
S214042DD0667900476F7420756E65787065637465F0
S214042DE0642025732E202049676E6F7265642E005A
S214042DF04F54413A2044656661756C74207265735D
S214042E00706F6E736520666F7220496D616765200A
S214042E106E6F746966792C207374617475732030D0
S214042E20782530325800496D616765206E6F746985
S214042E30667920636F6D6D616E6400257320756E10
S214042E4069636173742C207175657279696E6700A5
S214042E50496E76616C696400257320257320706161
S214042E60796C6F616420747970652030782530320F
S214042E70580025732025733A206F7574206F6620DA
S214042E8072616E6765206A697474657220256400D1
S214042E9025732025733A207061796C6F6164206C09
S214042EA0656E67746820646F65736E2774206D6141
S214042EB07463682074797065203078253032582021
S214042EC0282564203C2025642900257320257320AA
S214042ED064756520746F206E6F6E2D6D6174636803
S214042EE0696E67206D616E7566616374757265726E
S214042EF02049440025732025732064756520746F6B
S214042F00206E6F6E2D6D61746368696E6720696DDF
S214042F10616765207479706520494400257320250F
S214042F20732064756520746F206D61746368696EC0
S214042F3067206669726D776172652076657273695B
S214042F406F6E0025732025732C2052782764204A40
S214042F5069747465722028307825303258292C20FC
S214042F605069636B6564204A6974746572202830FE
S214042F70782530325829005175657279206E657847
S214042F807420696D61676520726573706F6E736512
S214042F900025732072657475726E6564203078251A
S214042FA03032582E20204E6F206E657720696D6172
S214042FB0676520746F20646F776E6C6F61642E0093
S214042FC0257320746F6F2073686F727420282564CD
S214042FD0203C202564290025733A204E6577206915
S214042FE06D61676520697320617661696C61626CE6
S214042FF06520666F7220646F776E6C6F61642E0056
S2140430002573206973206E6F74207573696E67204C
S2140430106D7920696D61676520696E666F2E00455F
S21404302052524F523A204E65787420496D61676556
S21404303020697320746F6F2062696720746F207331
S214043040746F72652028307825303858203E20303A
S2140430507825303858290025732072657475726E89
S21404306065642073616D652046696C655665727388
S214043070696F6E2061732063757272656E746C7905
S21404308020696E7374616C6C65642E004F54412025
S214043090446F776E67726164657320446973616216
S2140430A06C65643A2046696C6556657273696F6E22
S2140430B020626568696E642063757272656E74203A
S2140430C0696E7374616C6C6174696F6E00537461BD
S2140430D07274696E6720646F776E6C6F61642C20FF
S2140430E056657273696F6E203078253038580045FF
S2140430F072726F723A204661696C656420746F2040
S21404310064656C65746520696D6167652E0045723B
S214043110726F723A204661696C656420746F20652C
S21404312072617365206F6C642074656D70206461D1
S21404313074612E00496D61676520626C6F636B2055
S214043140726573706F6E7365004F54413A20496D13
S214043150616765426C6F636B5265706F6E73652052
S214043160636F6E7461696E7320696E76616C6964F0
S214043170206F7220696E636F6D706C657465206471
S214043180617461005570646174696E67204D696E80
S21404319020426C6F636B20526571756573742050A2
S2140431A06572696F6420746F202564206D73004413
S2140431B06F776E6C6F61642064656C6179206279E8
S2140431C020736572766572202564206D7300446FE3
S2140431D0776E6C6F61642061626F727465642062DE
S2140431E079207365727665722E0053657276657201
S2140431F020646F65736E277420737570706F7274B5
S214043200207061676520726571756573742C206F14
S2140432106E6C79207573696E6720626C6F636B20C1
S214043220726571756573742E0053657276657220C7
S21404323072657475726E65642027756E737570702A
S2140432406F7274656420636C757374657220636F43
S2140432506D6D616E64272E00556E6B6E6F776E20F3
S21404326025732073746174757320636F64652030EE
S21404327078253032580025732068617320646174A1
S214043280612073697A65202825642920736D616C32
S2140432906C6572207468616E2061637475616C205D
S2140432A07061636B65742073697A652028256429C8
S2140432B02E002573206572726F723A204578706509
S2140432C063746564206F6666736574203078253091
S2140432D038582C2062757420676F74203078253037
S2140432E038582E202049676E6F72696E6700257302
S2140432F020696E666F20646964206E6F74206D6149
S214043300746368206D7920657870656374656420DD
S214043310696E666F2E202044726F7070696E672E19
S214043320004661696C656420746F20777269746501
S21404333020746F2073746F726167652064657669A4
S21404334063652100446F776E6C6F61640055706727
S2140433507261646520656E6420726573706F6E7347
S21404336065005365727665722061626F7274656477
S21404337020757067726164652C207374617475734C
S2140433803A20307825303258004572726F723A20EF
S21404339025732068616420696E76616C69642025F3
S2140433A0733A200066696C652076657273696F6E81
S2140433B000416464696E67202564206D732E206462
S2140433C0656C617920666F7220696D6D65646961EC
S2140433D0746520757067726164652E00436F756E40
S2140433E074646F776E20746F20757067726164659D
S2140433F03A202564206D73002053746174653A2066
S21404340020202573002057616974696E6720666FF3
S2140434107220726573706F6E73653A202573002090
S2140434204E657874204576656E742054696D6572B1
S2140434303A202564206D73002043757272656E749D
S21404344020446F776E6C6F6164204F666673657494
S2140434503A20307825303858202825642525290038
S21404346025733A206661696C6564207061727369BD
S2140434706E67204F544120636D64203078253032C7
S21404348058004F54412044656661756C742072651B
S21404349073706F6E736520746F20636F6D6D616EED
S2140434A064204944203078253032582C20737461C7
S2140434B07475732030782530325800496D6167651D
S2140434C020626C6F636B207265717565737420740B
S2140434D0657374206F6E6C7920776F726B732077C8
S2140434E068656E20737461746520697320424F4F5B
S2140434F0544C4F41445F53544154455F4E4F4E45E0
S2140435000052616E646F6D2044656C61792062655B
S214043510666F726520737461727400446973636FB6
S214043520766572696E67204F5441205365727665DE
S2140435307200476574204F54412053657276657255
S21404354020455549004F627461696E206C696E6B44
S214043550206B6579005175657279696E67204E65D2
S214043560787420496D61676500446F776E6C6F618F
S21404357064696E6720496D616765005665726966A1
S21404358079696E6720496D6167650057616974697A
S2140435906E6720666F722055706772616465206D71
S2140435A065737361676500436F756E74646F776ED9
S2140435B020746F2055706772616465005761697482
S2140435C0696E6720746F2075706772616465207613
S2140435D06961206F75742D6F662D62616E64206D4F
S2140435E0656368616E69736D0025733A20256425EA
S2140435F02520636F6D706C65746500496D61676541
S2140436002025640020204552524F523A20436F75BD
S2140436106C64206E6F74206765742066756C6C200D
S214043620686561646572210020204865616465727E
S2140436302056657273696F6E3A2030782530345898
S214043640002020486561646572204C656E67746866
S2140436503A20202564206279746573002020466928
S214043660656C6420436F6E74726F6C3A20203078F9
S214043670253034580020204D616E75662049443A42
S2140436802020202020202030782530345800202088
S214043690496D61676520547970653A2020202020A2
S2140436A030782530345800202056657273696F6E62
S2140436B03A2020202020202020307825303858003A
S2140436C020205A69676265652056657273696F6E55
S2140436D03A203078253034580020204865616465E7
S2140436E07220537472696E673A2020257300202076
S2140436F0496D6167652053697A653A202020202049
S214043700256C6420627974657300202053656375A4
S2140437107269747920437265643A202030782530C3
S21404372032580020205570677261646520446573C2
S214043730743A2020200020204D696E2E2048572001
S2140437405665723A202020203078253034580020E0
S214043750204D61782E204857205665723A20202046
S21404376020307825303458002020546F74616C2043
S214043770546167733A202564002020202054616732
S2140437803A20307825303458002020202020204C41
S214043790656E6774683A20256C64004572726F72B1
S2140437A03A20436F756C64206E6F74206F62746188
S2140437B0696E2074616720696E666F2066726F6D2D
S2140437C020696D6167652E000A256420696D61674E
S2140437D0657320696E204F54412073746F7261675D
S2140437E0652E00496D6167652064656C65746525A2
S2140437F0732E004572726F723A2020436F756C64A4
S214043800206E6F74207265616420626C6F636B3A1D
S214043810203078253032582E0A0053746172746949
S2140438206E672065726173652066726F6D206F66C1
S214043830667365742030782530385820746F2030CD
S214043840782530385800436F756C64206E6F74208A
S2140438507374617274204552415345212028307890
S214043860253032582900454550524F4D2045726147
S214043870736520636F6D706C657465002F686F6D7B
S214043880652F72756E6E65722F776F726B2F7475F7
S21404389079612D7A69676265652D737769746368E3
S2140438A02F747579612D7A69676265652D737769FA
S2140438B07463682F73696C6162735F746F6F6C7383
S2140438C02F73696D706C69636974795F73646B2FA9
S2140438D070726F746F636F6C2F7A69676265652F99
S2140438E06170702F6672616D65776F726B2F706C86
S2140438F07567696E2F6F74612D73746F7261676577
S2140439002D73696D706C652D656570726F6D2F6FA4
S21404391074612D73746F726167652D656570726F5F
S2140439206D2D706167652D65726173652E63002F5A
S214043930686F6D652F72756E6E65722F776F726B1A
S2140439402F747579612D7A69676265652D73776959
S2140439507463682F747579612D7A69676265652D5D
S2140439607377697463682F73696C6162735F746FCD
S2140439706F6C732F73696D706C69636974795F73A8
S214043980646B2F70726F746F636F6C2F7A696762E3
S21404399065652F6170702F6672616D65776F726BE7
S2140439A02F706C7567696E2F6F74612D73746F72E8
S2140439B06167652D73696D706C652D656570726FD2
S2140439C06D2F6F74612D73746F726167652D6565F5
S2140439D070726F6D2E63004F54412053696D706C86
S2140439E0652053746F7261676520454550524F4D8C
S2140439F0207761726E696E673A20636F756C642017
S214043A006E6F742067657420736C6F7420696E66BD
S214043A106F20666F7220736C6F742025642028658F
S214043A2072726F7220307825303258292E20446501
S214043A306661756C74696E6720746F207370656355
S214043A4069666965642061646472657373206F6671
S214043A5066736574730053746F726167652044728D
S214043A60697665723A2020202020202020202020FD
S214043A7020204F54412053696D706C652053746F39
S214043A807261676520454550524F4D20506C7567EE
S214043A90696E0052656164204D6F646966792057CB
S214043AA07269746520537570706F72743A20206E54
S214043AB06F00534F4320426F6F746C6F6164696E7E
S214043AC06720537570706F72743A202020207965D1
S214043AD07300426F6F746C6F616465722053746F09
S214043AE07261676520537570706F72743A205573EF
S214043AF06520666972737420736C6F7400536C6F00
S214043B007420746F207573653A20202020202020AE
S214043B102020202020202020202564004375727257
S214043B20656E7420446F776E6C6F6164204F6666B2
S214043B307365743A202020203078253038580045A4
S214043B40424C205374617274204F66667365743AEF
S214043B5020202020202020202020203078253038C7
S214043B605800454550524F4D2053746172743A20A4
S214043B7020202020202020202020202020203078D4
S214043B802530385800454550524F4D20456E643A0E
S214043B90202020202020202020202020202020201C
S214043BA02030782530385800496D61676520496EA5
S214043BB0666F2053746172743A20202020202020DF
S214043BC02020202030782530385800536176652030
S214043BD05261746520286279746573292020202038
S214043BE020202020202020307825303858004F66AA
S214043BF066736574206F6620646F776E6C6F61649D
S214043C00206F666673657420202030782530385817
S214043C10004F6666736574206F662045424C206FBD
S214043C2066667365743A202020202020203078258C
S214043C30303858004F6666736574206F6620696D69
S214043C406167652073746172743A202020202020F6
S214043C5030782530385800736C5F7A69676265651A
S214043C605F61665F6F74615F73746F726167655FCF
S214043C706472697665725F726561645F636228293F
S214043C80206661696C65642100426164206D616729
S214043C906963206E756D62657220696E2066696C54
S214043CA0653A20307825303258203078253032581E
S214043CB0203078253032582030782530325800426B
S214043CC061642076657273696F6E20696E2066691A
S214043CD06C6520307825303458004572726F723A1D
S214043CE02072656164416E6456616C6964617465D2
S214043CF053746F726564496D616765282920747210
S214043D0069656420746F2072656164206D6F7265E6
S214043D102064617461207468616E20697420636F26
S214043D20756C6420686F6C642E00736C5F7A6967C8
S214043D306265655F61665F6F74615F73746F7261FD
S214043D4067655F6472697665725F726561645F63F6
S214043D50622829204641494C454421004C6173742D
S214043D60206F666673657420646F776E6C6F61642B
S214043D7065643A203078253038580053746F726181
S214043D806765204D6F64756C653A204F5441205327
S214043D90696D706C652053746F7261676520506C32
S214043DA07567696E00496D616765732053746F7239
S214043DB065643A20202564206F6620310A00253089
S214043DC032583A006570202530325820636C75737B
S214043DD020253034582061747472202530345820DD
S214043DE073767220256300206D666720253032586E
S214043DF000207265706F7274206D696E20253034F1
S214043E0058206D61782025303458207270742D63E4
S214043E1068672025303858002072656365697665C2
S214043E202066726F6D20253034582065702025304A
S214043E3032582074696D656F7574202530345800C7
S214043E4072656D6F766500636C656172696E672076
S214043E506C617374207265706F72742074696D651A
S214043E60206F6620616C6C2061747472696275746C
S214043E7065730074657374696E672074696D696E22
S214043E8067206F6620766172696F7573207265703D
S214043E906F7274696E67206F7065726174696F6E95
S214043EA073002D2D2D2D2D2D2D2D2D2D2D2D2D2D20
S214043EB02D2D2D2D2D2D2D2D2D2D2D2D2D2D2D2D29
S214043EC02D2D2D2D2D2D2D2D2D2D2D2D2D2D2D2D19
S214043ED02D002D2D7461626C6520726561647320FB
S214043EE02D2066756C6C207461626C652D2D0072D5
S214043EF06573756C74203D202564206D73002D2D2C
S214043F00696E6974202F207363686564756C652018
S214043F107469636B2D2D2D002D2D6C6F61642063E9
S214043F206F6E66696775726174696F6E2064656624
S214043F3061756C74732D2D002F686F6D652F727507
S214043F406E6E65722F776F726B2F747579612D7A2A
S214043F5069676265652D7377697463682F7475790C
S214043F60612D7A69676265652D7377697463682F56
S214043F7073696C6162735F746F6F6C732F73696DB2
S214043F80706C69636974795F73646B2F70726F7495
S214043F906F636F6C2F7A69676265652F6170702F27
S214043FA06672616D65776F726B2F706C7567696E7C
S214043FB02F7265706F7274696E672F7265706F7298
S214043FC074696E672E6300524541445F5250545FD5
S214043FD043464700726561645F7265706F72746908
S214043FE06E675F636F6E66696775726174696F6E1C
S214043FF0005265706F7274696E673A206661696C08
S214044000656420746F2073656E6420257320726562
S21404401073706F6E73653A203078253032580045D9
S21404402052523A2072656164696E6720636C7573D8
S214044030746572203078253034582061747472693F
S21404404062757465203078253034583A20307825E7
S214044050303258004552523A207265706F72746955
S2140440606E67206F66204C4F4E4720737472696EDD
S21404407067206174747269627574652074797065FA
S214044080206E6F7420737570706F727465643A2056
S214044090636C7573746572203078253034582061EB
S2140440A074747269627574652030782530345800EB
S2140440B05265706F7274696E6720456E74727920EB
S2140440C046756C6C202D206372656174696E67207A
S2140440D06E6577207265706F7274004346475F5250
S2140440E0505400202D20646972656374696F6E3ABB
S2140440F0253032582C20617474723A2530345800B6
S214044100202020747970653A253032582C206D6949
S2140441106E3A253034582C206D61783A2530345860
S214044120002020206368616E67653A0020202074B2
S214044130696D656F75743A2530345800636F6E6622
S21404414069677572655F7265706F7274696E670011
S2140441502054434C4B2075706461746520616C7206
S2140441606561647920696E2070726F677265737317
S214044170004D616E75616C2054434C4B2075706421
S214044180617465206661696C65642E2573005374DA
S214044190617274696E6720757064617465207472E8
S2140441A07573742063656E746572206C696E6B201B
S2140441B06B65792070726F63657373005570646104
S2140441C07465205443204C696E6B204B657900203F
S2140441D04E6577206B65792065737461626C6973CC
S2140441E06865643A00204572726F723A00506172D4
S2140441F0746E65723A20005A434C20676C6F626195
S2140442006C20636C757374657220636F6D6D616E7C
S214044210647300646972656374696F6E00646973BD
S214044220632D636F6D2D67656E00646973632D631C
S2140442306F6D2D726563006578706563742D7265A5
S214044240706F72742D66726F6D2D6D650075777262
S214044250697465006E7772697465007265706F7252
S214044260742D726561640073656E642D6D652D61D1
S2140442702D7265706F727400437265617465732085
S2140442806120676C6F62616C20646973636F766526
S2140442907220636F6D6D616E6420666F7220746841
S2140442A065206173736F6369617465642076616CFD
S2140442B07565732E00636C757374657249641F614B
S2140442C0747472696275746549641F6D61784E759D
S2140442D06D626572546F5265706F72741F0043721C
S2140442E06561746573206120676C6F62616C20730E
S2140442F0656E64206D652061207265706F7274202F
S214044300636F6D6D616E6420666F722074686520DD
S2140443106173736F6369617465642076616C756537
S214044320732E00636C757374657249641F617474CC
S21404433072696275746549641F6461746154797046
S214044340651F6D696E5265706F727454696D651F72
S2140443506D61785265706F727454696D651F72650D
S214044360706F727461626C654368616E67651F0086
S21404437043726561746573206120676C6F62616C5B
S2140443802072656164207265706F7274696E67204E
S214044390636F6D6D616E6420666F7220746865204D
S2140443A06173736F63696174656420636C75737499
S2140443B065722C2061747472696275746520616E0E
S2140443C064207365727665722F636C69656E7420FB
S2140443D0646972656374696F6E2E00636C757374BA
S2140443E0657249641F6174747269627574654964A0
S2140443F01F646972656374696F6E1F00476C6F6231
S214044400616C207265706F7274696E6720636F6D7D
S2140444106D616E6400656E64706F696E741F636CA4
S214044420757374657249641F617474726962757415
S2140444306549641F6D61736B1F0043726561746523
S21404444073206120676C6F62616C20726561642002
S214044450636F6D6D616E64206D657373616765204F
S214044460746F20726561642066726F6D207468656F
S21404447020636C757374657220616E642061747455
S21404448072696275746520737065636966696564CC
S2140444902E00636C757374657249641F617474725C
S2140444A0696275746549641F004372656174657357
S2140444B0206120676C6F62616C2077726974652076
S2140444C0636F6D6D616E64206D65737361676520DF
S2140444D0746F20777269746520746F207468652021
S2140444E0636C757374657220616E64206174747293
S2140444F069627574652073706563696669656400CE
S214044500636C757374657249641F6174747269624E
S21404451075746549641F747970651F646174611FDE
S2140445200043726561746520612065787065637404
S2140445302D7265706F72742D66726F6D2D6D6520A9
S2140445406D6573736167652077697468206173733A
S2140445506F6369617465642076616C7565732E009B
S214044560636C757374657249641F617474726962EE
S21404457075746549641F74696D656F75741F0043AF
S2140445807265617465206120446973636F76657231
S21404459020436F6D6D616E64732047656E6572614E
S2140445A074656420636F6D6D616E642077697468EA
S2140445B0206173736F6369617465642076616C75DA
S2140445C065732E00636C757374657249641F737427
S2140445D0617274436F6D6D616E6449641F6D6178BA
S2140445E0436F6D6D616E6449641F00536574732078
S2140445F074686520646972656374696F6E20666F9B
S2140446007220676C6F62616C20636F6D6D616E649F
S214044610732C2065697468657220636C69656E74B2
S21404462020746F20736572766572206F72207365CE
S2140446307276657220746F20636C69656E742E00E2
S21404464053657473206120666C616720736F2074F1
S21404465068617420746865206170706C6963617445
S214044660696F6E206672616D65776F726B2057494D
S2140446704C4C204E4F5420726573706F6E642074D9
S2140446806F20746865206E657874205A434C206DDC
S214044690657373616765207468617420636F6D6504
S2140446A07320696E206F7665722074686520616970
S2140446B0722E0053657473206120666C61672073E4
S2140446C06F207468617420746865206170706C690A
S2140446D0636174696F6E206672616D65776F726B65
S2140446E02057494C4C20726573706F6E6420746F4B
S2140446F020746865206E657874205A434C206D6576
S2140447007373616765207468617420636F6D657385
S21404471020696E206F766572207468652061697200
S2140447202E0053657473207468652044697361624F
S2140447306C652044656661756C7420526573706F91
S2140447406E7365204672616D6520436F6E74726F7A
S2140447506C2062697420746F2075736520666F72AE
S21404476020746865206E65787420636F6D6D616E65
S214044770642069662074686520636F6D6D616E647D
S214044780206973206E6F7420616C72656164792091
S2140447906275696C742E0064697361626C65446545
S2140447A06661756C74526573706F6E73651F005323
S2140447B06574732074686520666C616720746F2066
S2140447C07573652074686520696E6372656D656EC1
S2140447D07465642073657175656E6365206E756DAA
S2140447E06265722066726F6D2074686520667261F9
S2140447F06D65776F726B20666F7220746865206EC5
S2140448006578742072617720636F6D6D616E642EB7
S214044810007573654E65787453657175656E63656A
S2140448201F00436C6920636F6D6D616E6420746F46
S2140448302063616C6C20736C5F7A69676265655F80
S21404484061665F7365745F74696D652066756E6313
S21404485074696F6E20646F63756D656E746564202D
S214044860696E2061662E680075746354696D651FF1
S2140448700053657473207468652074776F206279BA
S2140448807465206D616E75666163747572657220F9
S2140448907370656369666963206964656E746966C6
S2140448A069657220746F2075736520666F72207454
S2140448B06865206E65787420636F6D6D616E642024
S2140448C069662074686520636F6D6D616E64206927
S2140448D073206E6F7420616C7265616479206275F2
S2140448E0696C742E006D66675370656369666963E8
S2140448F049641F0054727573742043656E74657240
S214044900204A6F696E2048616E646C65723A207343
S2140449107461747573203D2025732C206465636967
S21404492073696F6E203D2025732028253032582960
S2140449302C2073686F72746964203078253034587C
S21404494000554E73656375726564206A6F696E0000
S214044950646576696365206C65667400554E736598
S21404496063757265642072656A6F696E0075736537
S21404497020707265636F6E66696775726564206B16
S21404498065790073656E64206B657920696E2074A2
S214044990686520636C6561720064656E79206A6F71
S2140449A0696E006E6F20616374696F6E00616C6C73
S2140449B06F772072656A6F696E73206F6E6C79000C
S2140449C06E6F742000534C5F5354415455535F4EDE
S2140449D04554574F524B5F55502030782530345845
S2140449E00054727573742043656E74657220455561
S2140449F049206861732025736368616E6765642E59
S214044A0000534C5F5354415455535F4E4554574FCF
S214044A10524B5F444F574E00534C5F5354415455CA
S214044A20535F4E4F545F4A4F494E454400534C5FC4
S214044A305354415455535F5A49474245455F4E4582
S214044A4054574F524B5F4F50454E45443A202564C9
S214044A502073656300534C5F5354415455535F5A57
S214044A6049474245455F4E4554574F524B5F434C6A
S214044A704F5345440025733A2025730064697374C4
S214044A80726962757465640063656E7472616C69DC
S214044A907A656400466F726D002573696E67206FD1
S214044AA06E2063682025642C2070616E4964203073
S214044AB07825303458004572726F723A2044657611
S214044AC069636520646F6573206E6F7420737570F8
S214044AD0706F7274202573206E6574776F726B2006
S214044AE0666F726D6174696F6E004A6F696E004915
S214044AF06E76616C69642053656375726974792097
S214044B0050726F66696C653A2030782530325800EA
S214044B10704A6F696E20666F722025642073656321
S214044B203A20307825303258004C696D6974696EC5
S214044B3067206475726174696F6E206F6620706595
S214044B40726D6974206A6F696E2066726F6D206676
S214044B506F726576657220283235352920746F2089
S214044B603235340052583A205A444F2C20636F6D25
S214044B706D616E64203078253034582C207374614F
S214044B807475733A203078253032580053696D7046
S214044B906C650052583A202573204465736320528E
S214044BA0657370004D61746368002C204D617463F6
S214044BB06865733A20256400446576696365204118
S214044BC06E6E6F756E63653A203078253034580003
S214044BD052583A20494545452041646472657373CA
S214044BE020526573706F6E73650052583A204163A5
S214044BF07469766520455020526573706F6E7365D0
S214044C002C20436F756E743A202564004E6F6465DD
S214044C10002C204D6174636865733A203078253023
S214044C20345800737461636B207665722E205B259E
S214044C30642E25642E256400202573206275696C15
S214044C40642025645D005A444F00534500484100E3
S214044C50436C757374657200476C6F62616C0025F3
S214044C60737478203078253038582C200050726FB2
S214044C7066696C653A2025732028307825303458C8
S214044C80292C20436C75737465723A20307825306D
S214044C9034582C2025642062797465732C00205ABD
S214044CA0434C20257320436D642049443A202564F0
S214044CB0005072652D52656C6561736500416C70B9
S214044CC06861203100416C706861203200416C706C
S214044CD06861203300426574612031004265746166
S214044CE020320042657461203300474100526573E8
S214044CF0657420696E666F3A203078253032582005
S214044D00282573290064656C6574652062696E6481
S214044D10696E673A20253032582025303258000113
S214044D2002030405060708090A0B0C000101010129
S214044D300101010101010101005752495445204572
S214044D4052523A200025736570202530325820636D
S214044D506C757320253034582061747472202530A5
S214044D603458206E6F7420737570706F7274656437
S214044D70002573696E76616C6964206461746120D1
S214044D807479706500257361747472206E6F742074
S214044D907772697461626C650057524954453A20CB
S214044DA06E6F2077726974652C206A75737420613F
S214044DB0207465737400524541443A2061747472D9
S214044DC069627574652073697A6520746F6F206CE8
S214044DD06172676520666F722063616C6C65720031
S214044DE0636C6E74007372767200525700524F00F2
S214044DF0202052414D20200020746F6B656E2000E9
S214044E0065787465726E2000454E44504F494E5482
S214044E10202530325800636C7573202F2073696424
S214044E2065202F2061747472202F206D6667202001
S214044E302F74797065286C656E292F207277202F61
S214044E402073746F72616765202F2064617461201B
S214044E5028726177290025303458202F20257320A6
S214044E602F2025303458202F2000202F20253032A4
S214044E705820282530325829202F202573202F200B
S214044E802573202F2000556E737570706F727465CD
S214044E9064004F544120524541443A2065703A25F7
S214044EA0303258206369643A25303458206174746B
S214044EB069643A25303458206D736B3A253032587D
S214044EC0206D66636F64653A253034580052454158
S214044ED0443A20636C757320253034582C20617452
S214044EE074722025303458206661696C6564202508
S214044EF030325800524541443A20636C757320257D
S214044F003034582C206174747220253034582C2088
S214044F10646174614C656E3A20253032582C204FFB
S214044F204B00282563292530325825303258253041
S214044F3032582530325825303258253032582530EC
S214044F403258253032580064697361626C650025F6
S214044F5073642C2064726F7070696E6720657020AD
S214044F6030782530325820636C75732030782530BD
S214044F70345820636D6420307825303258004765F5
S214044F806E6572617465640052656365697665640E
S214044F9000446973636F76657220436F6D6D616E4E
S214044FA0647320726573706F6E73652028636F6D0B
S214044FB0706C6574653A202563292C202573204976
S214044FC044733A200030782530325820005F455824
S214044FD05400524541445F41545452005752495478
S214044FE0453A20636C7573202530345820617474F8
S214044FF072202530345820004641494C2025303252
S214045000580057524954453A20746F6F2073686F9E
S214045010727400444953435F415454520025732527
S214045020733A20636C7573202530345800537663C6
S21404503020446973633A2000257357616974696E66
S214045040672025642073656320666F722064697325
S214045050636F7665727920746F20636F6D706C650C
S214045060746500537461746520636F72726573703F
S2140450706F6E64696E6720746F2074686520746848
S214045080652072657175657374206E6F7420666F23
S214045090756E640A002573636F6D706C6574652E97
S2140450A00A002573536572766963652044697363E1
S2140450B06F76657279205374617465206C696D69C6
S2140450C0747320726561636865640A002573496CAD
S2140450D06C6567616C2062726F61646361737420CF
S2140450E0616464726573732C2072656D6170706997
S2140450F06E6720746F2076616C6964206F6E652E0F
S2140451000025734661696C656420746F2073656E50
S21404511064206D6174636820646973636F76657276
S214045120793A2030782530325800257353746172EA
S21404513074696E6720646973636F76657279206636
S2140451406F7220636C757374657220307825303402
S214045150580025734661696C656420746F20736516
S2140451606E642073696D706C652064657363726920
S21404517070746F7220726571756573743A20307836
S214045180253032580025734661696C656420746F57
S2140451902073656E642049454545206164647265E4
S2140451A0737320726571756573743A203078253090
S2140451B032580025734661696C656420746F2073E9
S2140451C0656E64204E574B20616464726573732069
S2140451D0726571756573743A2030782530325800DC
S2140451E04572726F723A2025732062616420736977
S2140451F06D706C652064657363726970746F722079
S2140452006C656E6774682E0025734D6573736167ED
S2140452106520746F6F2073686F72740025734D6514
S214045220737361676520746F6F2073686F72742080
S214045230666F72206E756D2E20656E64706F696E73
S21404524074730025734D61746368257320666F75E7
S2140452506E642066726F6D203078253034582E00C8
S2140452604572726F723A20257320696E76616C6996
S21404527064206C656E6774682028256420213D20B0
S21404528025642920666F722041637469766520451B
S2140452906E64706F696E7420726573706F6E73657A
S2140452A0002573676F7420616374697665204550C2
S2140452B020726573706F6E7365005554432074696D
S2140452C06D653A2025642F25642F25642025643ACD
S2140452D025643A2564202825303858290028556E38
S2140452E06B6E6F776E20636C75732E205B3078253B
S2140452F03034585D29000D0A54253038583A005287
S21404530058206C656E2025642C206570202530326C
S214045310582C20636C757320307825303458200060
S214045320206D6667496420253034580020464320A3
S2140453302530325820736571202530325820636D2D
S214045340642025303258207061796C6F61645B008C
S2140453504261736963004F76657220746865204104
S214045360697220426F6F746C6F6164696E670025A2
S21404537073525820706B7420746F6F2073686F724A
S214045380743A202564203C20256400257352582056
S214045390706B74206D616C666F726D65643A20255F
S2140453A064203C2025640020204861766520526FE6
S2140453B07574657220537570706F72740020204582
S2140453C06E6420446576696365204F6E6C790020B0
S2140453D020456E61626C65640020204469736162D6
S2140453E06C6564004572726F7220726574726965CA
S2140453F076696E6720696E666F20666F72206C69C8
S2140454006272617279204944202564002573206CF9
S21404541069627261727925732070726573656E7441
S214045420005A69676265652050726F0042696E644F
S214045430696E6700536563757269747920436F7289
S21404544065005365637572697479204C696E6B20C8
S2140454504B6579730043424B45203136334B31005C
S21404546043424B4520445341205369676E004543ED
S214045470430043424B4520445341205665726966B7
S21404548079005061636B65742056616C696461745D
S21404549065005A4C4C0043424B45203238334B315E
S2140454A000454343203238334B310043424B4520BA
S2140454B0636F7265004E4350004D756C7469206EC0
S2140454C06574776F726B00456E68616E6365642001
S2140454D0426561636F6E205265710043424B4520FE
S2140454E03238334B3120445341205665726966790D
S2140454F0004D756C74692D50414E002F686F6D65B4
S2140455002F72756E6E65722F776F726B2F74757946
S214045510612D7A69676265652D7377697463682F90
S214045520747579612D7A69676265652D7377697418
S21404553063682F73696C6162735F746F6F6C732F2B
S21404554073696D706C69636974795F73646B2F70CB
S214045550726F746F636F6C2F7A69676265652F73F9
S2140455607461636B2F636F6E6669672F736C5F7A03
S21404557069676265655F636F6E6669677572617495
S214045580696F6E2E63002F686F6D652F72756E6E71
S21404559065722F776F726B2F747579612D7A6967D0
S2140455A06265652D7377697463682F747579612DE8
S2140455B07A69676265652D7377697463682F7369A2
S2140455C06C6162735F746F6F6C732F73696D706C4C
S2140455D069636974795F73646B2F70726F746F6339
S2140455E06F6C2F7A69676265652F737461636B2FBE
S2140455F06672616D65776F726B2F6165732D656377
S214045600622E63002F686F6D652F72756E6E6572FD
S2140456102F776F726B2F747579612D7A696762655F
S214045620652D7377697463682F747579612D7A694B
S214045630676265652D7377697463682F73696C6137
S21404564062735F746F6F6C732F73696D706C6963CC
S2140456506974795F73646B2F70726F746F636F6CA9
S2140456602F7A69676265652F737461636B2F736540
S2140456706375726974792F7A69676265652D7365D7
S2140456806375726974792D6D616E616765722D6ECE
S2140456906F2D7661756C742E63004572726F723A64
S2140456A020204661696C656420746F2072656164AD
S2140456B02066726F6D20454550524F4D2061742010
S2140456C030782534582C207374617475733A202509
S2140456D06400454550524F4D20496E697469616CAB
S2140456E0697A65643A20256300454550524F4D203B
S2140456F0427573793A202563005061727469616C4F
S21404570020576F72642053746F7261676520436F0D
S214045710756E743A20256400416464726573733A46
S2140457202030782534582C205061727469616C20BE
S214045730576F72643A203078255800636F6E666936
S214045740726D656400617373756D6564000A454522
S21404575050524F4D20496E666F004E6F742061762E
S21404576061696C61626C6520286F6C646572206286
S2140457706F6F746C6F616465722900506172742077
S2140457804465736372697074696F6E3A20202020D2
S2140457902020202020202573004361706162696CFC
S2140457A069746965733A2020202020202020202058
S2140457B02020202030782532580050616765204527
S2140457C0726173652074696D65202873293A2020F8
S2140457D02020202025640050617274204572617375
S2140457E0652074696D65202873293A2020202020BE
S2140457F020256400506172742045726173652074BC
S214045800696D6520286D73293A20202020202025E4
S2140458106400506167652073697A6520286279742C
S2140458206573293A202020202020202020256C0083
S214045830506172742073697A65202862797465737E
S214045840293A202020202020202020256C00576F75
S21404585072642073697A6520286279746573293ABC
S2140458602020202020202020202564202825702980
S21404587000454550524F4D20696E69743A20307881
S2140458802558002F686F6D652F72756E6E65722FC2
S214045890776F726B2F747579612D7A6967626565A7
S2140458A02D7377697463682F747579612D7A6967C7
S2140458B06265652D7377697463682F73696C6162BA
S2140458C0735F746F6F6C732F73696D706C69636943
S2140458D074795F73646B2F7574696C2F706C75675D
S2140458E0696E2F706C7567696E2D636F6D6D6F6E64
S2140458F02F656570726F6D2F656570726F6D2E63A0
S21404590000556E61626C6520746F20626F6F742040
S214045910696D61676520617420736C6F7420256CF3
S214045920640A00536C6F74204D616E616765722063
S2140459306661696C656420746F20657261736520A6
S214045940736C6F740A004D61782072656164206C14
S214045950696D69742073657420746F2025642062F1
S214045960797465730A004164647265737320202039
S21404597020202020202020446174610A00307825ED
S214045980346C7820202020202020307825780A00C7
S2140459904661696C656420746F2072656164206674
S2140459A0726F6D20666C6173680A00536C6F7420A6
S2140459B0256C640A20204164647265737320202079
S2140459C020203A20307825346C580A20204C656E06
S2140459D06774682020202020203A20307825346CF4
S2140459E0582028256C64206279746573290A00207F
S2140459F0205479706520202020202020203A200082
S214045A004E6F2047424C2070726573656E740A00B0
S214045A105A69674265650A005468726561640A00DB
S214045A20436F6E6E6563740A00426C7565746F6FBF
S214045A3074680A00426C7565746F6F7468206170D0
S214045A40706C69636174696F6E0A004D43550A0091
S214045A504F7468657220283078256C58290A00200F
S214045A602056657273696F6E20202020203A2030FD
S214045A7078256C580A0020204361706162696C695D
S214045A80746965733A20307825346C580A002020EF
S214045A9050726F6475637420494420203A200030A5
S214045AA07825582000536C6F74204D616E616765CD
S214045AB0723A206661696C656420746F20696E6949
S214045AC07469616C697A6520626F6F746C6F616467
S214045AD0657220286572726F7220307825347829B2
S214045AE00A0056657273696F6E20202020203A20C3
S214045AF025640A0050617274202020202020202073
S214045B003A2025730A004361706162696C6974699E
S214045B1065733A20307825780A00506172742073D1
S214045B20697A652020203A20256420420A005061C4
S214045B3067652073697A652020203A202564204210
S214045B400A00576F72642073697A652020203A2011
S214045B50256420420A00536C6F7473202020202092
S214045B6020203A2025640A004661696C6564207426
S214045B706F20726561642066726F6D2073746F7235
S214045B8061676520666C61736820286572726F723F
S214045B90202564290A00496E76616C696420736C5A
S214045BA06F7420256420286D617820736C6F7420D0
S214045BB02564290A004661696C656420746F206751
S214045BC0657420696E666F20666F7220736C6F74DE
S214045BD02025640A00536C6F74204D616E616765FE
S214045BE0723A20736C6F74207772697465206661EC
S214045BF0696C7572652E2041646472657373206FD8
S214045C0066667365742028256429202B20777269BC
S214045C107465206C656E677468202825642920677F
S214045C20726561746572207468616E20746F746145
S214045C306C20736C6F74206C656E677468202825FE
S214045C4064290A00536C6F74204D616E6167657237
S214045C50207761726E696E673A20736C6F742025C4
S214045C6064206C656E6774682028256429206E6F2E
S214045C707420616C69676E656420746F2070616758
S214045C80652073697A6520282564292E2054686562
S214045C9020656E7469726520736C6F742077696C06
S214045CA06C206E6F74206265206572617365642E65
S214045CB00A00536C6F74204D616E616765723A20FA
S214045CC06661696C656420746F2065726173652013
S214045CD0256420627974657320696E20736C6F7412
S214045CE020256420617420616464726573732030B7
S214045CF07825347820286572726F7220307825787B
S214045D00290A0045726173656420256420627974EB
S214045D10657320696E20736C6F742025640A0046D0
S214045D2061696C656420746F2073657420736C6F8E
S214045D307420746F20626F6F7420286572726F729D
S214045D40203078253478290A004661696C65642019
S214045D50746F20736574206C697374206F66207387
S214045D606C6F747320746F20626F6F742028657272
S214045D70726F72203078253478290A004661696C7F
S214045D80656420746F20676574206E6577206C697F
S214045D907374206F6620736C6F747320746F206244
S214045DA06F6F7420286572726F722030782534788D
S214045DB0290A00426567696E6E696E6720696D61BF
S214045DC0676520766572696669636174696F6E2EAD
S214045DD02E2E002E6661696C656421202845727239
S214045DE06F72203078253478290A002E7061737318
S214045DF065642120426F6F74696E6720736C6F74DC
S214045E002025640A00666E692B00666E69006E6162
S214045E106E00666E692D006C696273006273656E4F
S214045E2064007265736574007261770073656E64EE
S214045E305F6D756C7469636173740073656E642D4D
S214045E407573696E672D6D756C7469636173742DF3
S214045E5062696E64696E670074696D6573796E63F2
S214045E60006765742D7074692D726164696F2D63A3
S214045E706F6E66696700636F6E6669672D6363613C
S214045E802D6D6F6465006576656E74730073656367
S214045E907572697479007A69676265655F7072699C
S214045EA06E7400706C7567696E006E6574006B6561
S214045EB07973006F7074696F6E00706C7567006339
S214045EC068616E67656B6579006368616E67656BAC
S214045ED0007A646F007072696E742072656C617407
S214045EE0656420636F6D6D616E64732E00617474F7
S214045EF072005A646F2072656C6174656420636F07
S214045F006D6D616E64732E00726F75746500706FCC
S214045F10776572006D676D742D6C7169006D676DC1
S214045F20742D62696E64006E6F64650073696D70CB
S214045F306C650069656565006E776B00756E6269F1
S214045F406E64006E776B2D757064006F75742D63C8
S214045F506C2D6C69737400696E2D636C2D6C69739B
S214045F6074005A646F20696E2D636C2D6C697374AB
S214045F702072656C6174656420636F6D6D616E6418
S214045F80732E005A646F206F75742D636C2D6C69C4
S214045F9073742072656C6174656420636F6D6D61E3
S214045FA06E64732E005A646F206E776B2D75706462
S214045FB02072656C6174656420636F6D6D616E64D8
S214045FC0732E007363616E2D6368616E2D6D61734D
S214045FD06B007363616E006368616E50670063688C
S214045FE0616E005A646F20756E62696E6420726515
S214045FF06C6174656420636F6D6D616E64732E00EE
S214046000756E6963617374006368616E67656B655A
S214046010792072656C6174656420636F6D6D616E62
S21404602064732E006C696E6B004F7074696F6E201B
S21404603072656C6174656420636F6D6D616E647304
S2140460402E00726567697374657200646973630011
S214046050696E7374616C6C2D636F64650062696E3F
S21404606064696E672D7461626C65007072696E7423
S2140460702D72782D6D736773006170737265747218
S214046080790041505320726574727920666C61679A
S21404609020666F72636520636F6D6D616E64730056
S2140460A0456E61626C65732F44697361626C6573D7
S2140460B0207072696E74696E67206F66205278204D
S2140460C06D657373616765732E00656E61626C65DA
S2140460D00042696E64696E67207461626C65207242
S2140460E0656C6174656420636F6D6D616E64732E98
S2140460F0005365637572697479206B6579732072D1
S214046100656C6174656420636F6D6D616E64732E77
S2140461100064656C657465004E6574776F726B20F9
S21404612072656C6174656420636F6D6D616E647313
S2140461302E00666F726D0072656A6F696E2D6469F3
S21404614066662D6465766963652D74797065006589
S214046150787470616E69640069736F70656E00624E
S214046160726F61642D706A6F696E006368616E6732
S214046170652D6368616E6E656C00696E6974006394
S21404618068616E67652D6B6565702D616C697665F3
S2140461902D6D6F64650074696D656F75742D6F7011
S2140461A074696F6E2D6D61736B006D756C74692DFB
S2140461B07068792D7374617274006D756C74692DD2
S2140461C07068792D73746F700066696E64006E650E
S2140461D074776F726B2066696E6420636F6D6D6191
S2140461E06E64732E006A6F696E61626C6500756E0C
S2140461F07573656400736C6F742D6D616E6167658D
S2140462007200636F756E746572730066696E642DD2
S214046210616E642D62696E6400667261676D656E98
S214046220746174696F6E0067726F7570732D736531
S21404623072766572006E6574776F726B2D73746513
S2140462406572696E67006F74612D626F6F746C6F30
S2140462506164006F74612D636C69656E74006F749D
S214046260612D73746F726167652D636F6D6D6F6EEC
S214046270006F74612D73746F726167652D65657048
S214046280726F6D0069646C652D736C65657000755E
S21404629070646174652D74632D6C696E6B2D6B650B
S2140462A079007570646174652D74632D6C696E6B0A
S2140462B02D6B65792072656C6174656420636F6DFF
S2140462C06D616E64730074696D6572006E6F77003D
S2140462D0436F6D6D616E647320746F20636F6E74AC
S2140462E0726F6C2069646C696E672F736C65657079
S2140462F0696E67206F6620746865206465766963D6
S2140463006500666F7263652D6177616B6500617702
S214046310616B652D7768656E2D6E6F742D6A6F6977
S2140463206E6564007265706F7274696E672072655C
S2140463306C6174656420636F6D6D616E64732E00AA
S214046340636C6561722D6C6173742D7265706F7207
S214046350742D74696D6500746573742D74696D6944
S2140463606E67006F74612D73746F726167652D6557
S2140463706570726F6D2072656C6174656420636FFE
S2140463806D6D616E64732E0077697065006F74615D
S2140463902D73746F726167652D636F6D6D6F6E20FC
S2140463A072656C6174656420636F6D6D616E647391
S2140463B0007072696E74496D616765730072656C0E
S2140463C06F61640073746F726167652D696E666FC2
S2140463D000646174612D7072696E74006F74612D4F
S2140463E0636C69656E742072656C617465642063A1
S2140463F06F6D6D616E64732E0076657269667900E2
S214046400626C6F636B2D7465737400706167652DC1
S2140464107265717565737400757067726164652D55
S214046420726571756573740064697361626C652D59
S214046430646F776E67726164657300656E61626C23
S214046440652D646F776E677261646573006F74613F
S2140464502D626F6F746C6F61642072656C61746515
S2140464606420636F6D6D616E6473006E6574776F20
S214046470726B2D7374656572696E672072656C61E4
S21404648074656420636F6D6D616E64732E00707244
S214046490652D636F6E666967757265642D6B6579C5
S2140464A02D736574006D61736B2072656C61746521
S2140464B06420636F6D6D616E642E00737562747212
S2140464C06163740067726F7570732D736572766599
S2140464D0722072656C6174656420636F6D6D616EA5
S2140464E064732E00667261676D656E746174696F9D
S2140464F06E2072656C6174656420636F6D6D616E89
S21404650064732E007365742D72782D77696E646FCC
S214046510772D73697A650061727469666963696167
S2140465206C2D626C6F636B2D64726F700046696EBF
S2140465306420616E642062696E642072656C6174A6
S214046540656420636F6D6D616E64732E00696E6999
S214046550746961746F7200656E61626C655F7479EC
S214046560706500737461636B00617070007A636CAD
S214046570006C65676163795F61665F646562756711
S21404658000636F756E746572732072656C617465F2
S2140465906420636F6D6D616E64732E007072696E35
S2140465A0742D636F756E7465722D747970650073DF
S2140465B0696D706C652D7072696E74007072696EA8
S2140465C0742D7468726573686F6C64730073657495
S2140465D02D7468726573686F6C6400726573657495
S2140465E02D7468726573686F6C64730073656E648B
S2140465F02D7265717565737400736563757269745D
S214046600792072656C6174656420636F6D6D616E6C
S2140466106473007365742D616C6C6F772D7472757A
S21404662073742D63656E7465722D72656A6F696E18
S2140466302D7573696E672D77656C6C2D6B6E6F7731
S2140466406E2D6B6579007365742D616C6C6F772D98
S21404665074727573742D63656E7465722D72656AD3
S2140466606F696E2D7573696E672D77656C6C2D6B0F
S2140466706E6F776E2D6B65792D74696D656F7574A5
S214046680007365742D6B65792D7265717565737409
S2140466902D706F6C696379006D66672D746F6B651A
S2140466A06E00617073005365637572697479206156
S2140466B070732072656C6174656420636F6D6D61C0
S2140466C06E64732E004765742F736574204D4647B9
S2140466D020746F6B656E2E00656E64706F696E74E1
S2140466E02072656C6174656420636F6D6D616E64A1
S2140466F0732E00656570726F6D207574696C6974AD
S214046700792072656C6174656420636F6D6D616E6B
S214046710647300536C6F74204D616E6167657220FC
S21404672072656C6174656420636F6D6D616E64730D
S21404673000626F6F742D736C6F740065726173659D
S2140467402D736C6F74006578742D666C6173682D98
S214046750696E666F00736C6F74732D696E666F0076
S2140467605072696E74732074696D652E0050726978
S2140467706E7473206174747269627574652E004356
S2140467806C6561727320746865205A444F206C6986
S2140467907374206F6620636C69656E742028696E56
S2140467A02920636C7573746572732E004164647378
S2140467B020636C75737465727320746F20746865D7
S2140467C0206B6E6F776E20636C69656E7420286923
S2140467D06E2920636C757374657273206F6E2074F3
S2140467E0686973206465766963652E00436C656129
S2140467F0727320746865205A444F206C6973742041
S2140468006F6620636C69656E7420286F7574292022
S214046810636C7573746572732E00416464732063CD
S2140468206C75737465727320746F20746865206B5E
S2140468306E6F776E20636C69656E7420286F75744E
S2140468402920636C757374657273206F6E20746888
S2140468506973206465766963652E0053656E647398
S21404686020616E20757064617465206368616E6E65
S214046870656C20726571756573742E006368616E4D
S2140468806E656C1F0053656E647320616E207570B0
S21404689064617465206368616E6E656C2070616700
S2140468A065207265712E2054686520737461636B6D
S2140468B02073656E6473206E776B20656E68616EF8
S2140468C06365642075706461746520726571206602
S2140468D06F72206E6F6E2D7A65726F2070616765B9
S2140468E02E006368616E6E656C1F706167651F00BD
S2140468F0506572666F726D7320616E20656E657288
S2140469006779207363616E2E007461726765744ED6
S2140469106F646549641F7363616E4475726174695C
S2140469206F6E1F7363616E436F756E741F004272E1
S2140469306F616463617374732074686520494420CE
S2140469406F6620746865206E6577206E6574776F51
S214046950726B206D616E6167657220616E64206182
S2140469606374697665206368616E6E656C732E0069
S2140469706E776B4D676549641F6368616E6E656C00
S2140469804D61736B1F00506572666F726D73206184
S2140469906E20656E65726779207363616E206F6E14
S2140469A020676976656E206368616E6E656C206D1F
S2140469B061736B2E007461726765744E6F6465490B
S2140469C0641F7363616E4475726174696F6E1F73BE
S2140469D063616E436F756E741F6368616E6E656C7B
S2140469E04D61736B1F0053656E64732061206E6582
S2140469F074776F726B20616464726573732072655A
S214046A00717565737420666F722074686520676993
S214046A1076656E20494545452061646472657373E6
S214046A202E00696565651F0052657175657374731C
S214046A3020616E2049454545206164647265737320
S214046A40206261736564206F6E20612067697665D5
S214046A506E206E6F64652049442E006E6F6465492F
S214046A60641F0053656E647320612073696D706CD7
S214046A70652064657363726970746F7220726571E1
S214046A807565737420666F72207468652073686F0A
S214046A907274206164647265737320616E64206529
S214046AA06E64706F696E7420737065636966696579
S214046AB0642E00646573741F746172676574456E32
S214046AC064706F696E741F0053656E647320612072
S214046AD06D6174636844657363726970746F72730E
S214046AE05265717565737420746F207468652067C9
S214046AF06976656E2064657374696E6174696F6E19
S214046B0020776974682074686520676976656E20E6
S214046B1070726F66696C652E006E6F646549641FDB
S214046B2070726F66696C651F0053656E64732061CE
S214046B30206E6F64652064657363726970746F7227
S214046B40207265717565737420746F20612067699F
S214046B5076656E2074617267657420646576696311
S214046B60652E007461726765741F0053656E6473E6
S214046B702061205A444F2042696E6420636F6D6D15
S214046B80616E6420746F2061206465766963652095
S214046B9073706563696669656420696E20746865E8
S214046BA020636F6D6D616E6420617267756D656ECE
S214046BB074732E0044657374696E6174696F6E1F16
S214046BC0536F7572636520656E64706F696E741FAB
S214046BD044657374696E6174696F6E20656E647063
S214046BE06F696E741F636C757374657249441F72A3
S214046BF0656D6F746545554936341F646573744511
S214046C00554936341F0053656E647320616E2061E7
S214046C10637469766520656E64706F696E7420723D
S214046C2065717565737420746F2074686520646577
S214046C307669636520776974682074686520676977
S214046C4076656E2073686F72742049442E0053650F
S214046C506E647320616E20756E62696E6420726560
S214046C60717565737420666F72206120756E696332
S214046C706173742062696E64696E6720746F207431
S214046C8068652074617267657420646576696365F7
S214046C902E007461726765741F736F757263652066
S214046CA065756936341F736F7572636520656E6427
S214046CB0706F696E741F636C757374657249441FD4
S214046CC064657374696E6174696F6E4555493634CC
S214046CD01F64657374696E6174696F6E20656E6493
S214046CE0706F696E741F0053656E647320616E2046
S214046CF0756E62696E64207265717565737420665C
S214046D006F722061206D756C7469636173742062A0
S214046D10696E64696E6720746F2074686520746198
S214046D2072676574206465766963652E00746172A3
S214046D306765741F736F757263652065756936348D
S214046D401F736F7572636520656E64706F696E7409
S214046D501F636C757374657249441F67726F757030
S214046D60416464726573731F0053656E64732061B7
S214046D70205A444F204D616E6167656D656E7420C0
S214046D804C6561766520636F6D6D616E6420746F0B
S214046D90207468652074617267657420646576691A
S214046DA063652E007461726765741F72656D6F7615
S214046DB0654368696C6472656E1F72656A6F696E96
S214046DC01F0053656E64732061205A444F204D475C
S214046DD04D542D42696E64202842696E64696E675C
S214046DE0205461626C652920526571756573742040
S214046DF0746F2074686520746172676574206465B6
S214046E00766963652E007461726765741F737461B6
S214046E107274496E6465781F0053656E64732061EE
S214046E20205A444F204D474D542D4C514920284C50
S214046E305149205461626C652920526571756573E9
S214046E407420746F2074686520746172676574209A
S214046E506465766963652E0053656E6473206120ED
S214046E605A444F20506F7765722044657363726985
S214046E7070746F72205265717565737420746F2018
S214046E8074686520746172676574206465766963E6
S214046E90652E0053656E64732061205A444F207239
S214046EA06F757465207265717565737420636F6D94
S214046EB06D616E6420746F207468652074617267F7
S214046EC065742E007461726765741F696E646578F4
S214046ED01F00696E6465781F65756936341F696EB0
S214046EE07374616C6C436F64651F00696E646578C7
S214046EF01F65756936341F6B65791F005443206C13
S214046F00696E6B206B657920726571756573742084
S214046F10706F6C6963791F417070206C696E6B20AA
S214046F206B6579207265717565737420706F6C6912
S214046F3063791F00426F6F6C3A20616C6C6F772028
S214046F4074727573742063656E7465722072656AF4
S214046F506F696E207573696E672077656C6C2D6B30
S214046F606E6F776E206B65791F0070726F66696C42
S214046F706549641F636C757374657249641F007495
S214046F80617267657449641F00456E61626C65735F
S214046F90207072696E74696E67206F66205278205E
S214046FA06D657373616765732E005365747320741F
S214046FB068652062696E64696E67207461626C65D8
S214046FC000696E6465781F636C75737465721F6CF4
S214046FD06F63616C45701F72656D6F746545701FD5
S214046FE065756936341F00436C6561727320746876
S214046FF0652062696E64696E67207461626C652ED2
S214047000005072696E7473207468652062696E64D9
S214047010696E67207461626C6520746F207468659D
S21404702020636F6D6D616E64206C696E652E00431F
S2140470306C6561727320616C6C207365637572692C
S2140470407479206B6579732E0044656C65746520CD
S21404705074686520737065636966696564206C6925
S2140470606E6B206B657920696E6465782E005072AD
S214047070696E747320616C6C2073656375726974D1
S21404708079206B6579732E005465726D696E617430
S214047090657320746865206D756C74692D50485945
S2140470A020696E7465726661636500557365642055
S2140470B0746F207374617274206D756C74692D50CE
S2140470C0485920696E74657266616365206F7468DA
S2140470D06572207468616E206E61746976652061DD
S2140470E06E6420666F726D20746865206E657477B2
S2140470F06F726B2E2054686520737461636B207501
S2140471007365732073616D652050616E49642061F8
S21404711073206E617469766520726164696F206E8F
S2140471206574776F726B2E00706167651F636861A4
S2140471306E6E656C1F706F7765721F6F7074696F03
S2140471406E734D61736B20284269742030203D2095
S214047150526F757465727320616C6C6F7765642CFE
S214047160204269742031203D2042726F616463615D
S214047170737420616C6C6F776564291F00417474A6
S214047180656D70747320746F206368616E67652024
S214047190746865206368696C642074696D656F75CE
S2140471A074206F7074696F6E206D61736B20746FDA
S2140471B02066696C746572206F757420756E6465DC
S2140471C073697261626C652076616C7565732028DC
S2140471D0652E672E206E6F206D6F72652074686151
S2140471E06E20332064617973292E0074696D656F8F
S2140471F07574206F7074696F6E206D61736B1F00F9
S2140472005377697463686573206265747765656E21
S21404721020646966666572656E74206B65657020A9
S214047220616C697665206D6F646573207375707024
S2140472306F72746564206279206120726F7574655C
S214047240722E004B65657020616C697665206D6FE3
S21404725064651F005072696E7473207468652063D9
S214047260757272656E74204E6F64652049442C20D6
S21404727045554936342C20616E642050616E204991
S214047280442E00496E697469616C697A657320617D
S214047290206E6574776F726B3B207468697320691F
S2140472A0732061207465737420636F6D6D616E6402
S2140472B0207573656420666F722074632D7377611E
S2140472C0702D6F75742074657374696E672E005321
S2140472D065747320746865206E6574776F726B20AE
S2140472E0696E646578207573656420627920616CC4
S2140472F06C2066757475726520434C4920636F6D07
S2140473006D616E64732E20204265666F726520651B
S2140473107865637574696E67206120434C49206301
S2140473206F6D6D616E642C20746865206672616D85
S21404733065776F726B2073776974636865732074FE
S2140473406F2074686973206E6574776F726B2E2075
S2140473502041667465722074686520636F6D6D6184
S2140473606E642066696E6973686573206578656304
S2140473707574696E672C20746865206672616D6525
S214047380776F726B207377697463686573206261C4
S214047390636B20746F207468652070726576696FFD
S2140473A07573206E6574776F726B2E202054686533
S2140473B020434C4920757365732074686520736197
S2140473C06D65206E6574776F726B20696E64657880
S2140473D020756E74696C20746865206465766963CC
S2140473E06520726573657473206F722069742069F2
S2140473F073206368616E676564207468726F75676E
S21404740068207468697320636F6D6D616E642E0006
S214047410417474656D70747320746F206368616E54
S214047420676520646576696365206F766572207487
S2140474306F206120646966666572656E7420636891
S214047440616E6E656C20676976656E20696E207461
S2140474506865206368616E6E656C20617267756D21
S214047460656E742E00546865206368616E6E656C84
S21404747020746F206368616E676520746F1F0066F2
S214047480696E64556E7573656450616E4964006612
S214047490696E644A6F696E61626C654E6574776F77
S2140474A0726B005065726D697473206A6F696E69D9
S2140474B06E67206F6E20746865206E6574776F72D1
S2140474C06B20666F72206120676976656E206E7524
S2140474D06D626572206F66207365636F6E647320D9
S2140474E0414E442062726F616463617374732061F9
S2140474F0205A444F204D676D74205065726D697430
S214047500204A6F696E696E6720726571756573745B
S21404751020746F20616C6C20726F75746572732EA4
S21404752000412073696E676C652062797465206912
S2140475306E6469636174696E6720686F77206C6F28
S2140475406E67207468652064657669636520736871
S2140475506F756C642068617665207065726D6974F9
S214047560206A6F696E696E67207475726E65642032
S2140475706F6E20666F722E20412076616C756520D2
S2140475806F662030786666207475726E73206F6E30
S214047590207065726D6974206A6F696E20696E6406
S2140475A06566696E6974656C792E1F004368656349
S2140475B06B73206E6574776F726B20706A6F696E7A
S2140475C0207374617475732E005772697465732022
S2140475D074686520657874656E6465642070616E91
S2140475E020494420666F7220746865206465766955
S2140475F063652E0065787470616E69641F00526559
S2140476006A6F696E7320616E206578697374696E3B
S21404761067206E6574776F726B20696E20612073C5
S2140476206563757265206F7220696E736563757223
S21404763065206D616E6E65722077697468206120BE
S214047640646966666572656E7420646576696365EA
S21404765020747970652E00426F6F6C65616E206EC3
S2140476606574776F726B206B657920617661696CDF
S2140476706162696C6974791F4368616E6E656C201B
S2140476806D61736B1F416E20656E756D65726174F6
S214047690696F6E20696E6469636174696E672074CD
S2140476A068652064657669636520747970652074FE
S2140476B06F2072656A6F696E2061732E5468652048
S2140476C0737461636B206F6E6C792061636365709D
S2140476D0747320534C5F5A49474245455F454E44B0
S2140476E05F44455649434520616E6420534C5F5AB7
S2140476F049474245455F534C454550595F454E44BE
S2140477005F4445564943452E1F0052654A6F696ECD
S214047710732061206E6574776F726B2E00426F6FF4
S2140477206C65616E206E6574776F726B206B65791D
S21404773020617661696C6162696C6974791F43685B
S214047740616E6E656C206D61736B1F004C656176AF
S21404775065732061206E6574776F726B2E005475A6
S214047760726E73207065726D6974206A6F696E69D3
S2140477706E67206F6E20666F722074686520616D78
S2140477806F756E74206F662074696D6520696E640B
S2140477906963617465642E00412073696E676C6565
S2140477A0206279746520696E6469636174696E67C2
S2140477B020686F77206C6F6E672074686520646538
S2140477C0766963652073686F756C64206861766596
S2140477D0207065726D6974206A6F696E696E6720C1
S2140477E07475726E206F6E20666F722E204120763E
S2140477F0616C7565206F66203078666620747572D5
S2140478006E73207065726D6974206A6F696E206984
S2140478106E646566696E6974656C792E1F004A6FBE
S214047820696E732061206E6574776F726B206F6E5D
S214047830206120676976656E206368616E6E656C8C
S2140478402C2077697468206120676976656E2054F9
S2140478505820506F77657220616E642050414E2028
S21404786049442E00546865206368616E6E656C201A
S2140478706F6E20776869636820746F206A6F696E1C
S21404788020746865206E6574776F726B1F4F6E6523
S2140478902D62797465207369676E65642076616C01
S2140478A0756520696E6469636174696E67207468BF
S2140478B06520545820506F77657220746861742070
S2140478C074686520726164696F2073686F756C6490
S2140478D02062652073657420746F1F546865205099
S2140478E0414E204944206F6E20776869636820748F
S2140478F06F206A6F696E20746865206E6574776F92
S214047900726B1F00466F726D732061206E6574770C
S2140479106F726B206F6E206120676976656E2063D8
S21404792068616E6E656C2C207769746820612067C8
S2140479306976656E20545820506F77657220616EA4
S214047940642050414E2049442E00546865206368E4
S214047950616E6E656C206F6E20776869636820744C
S2140479606F20666F726D20746865206E6574776F1D
S214047970726B1F4F6E652D62797465207369676E2E
S21404798065642076616C756520696E6469636174EC
S214047990696E672074686520545820506F77657246
S2140479A020746861742074686520726164696F204D
S2140479B073686F756C642062652073657420746FD9
S2140479C01F5468652050414E204944206F6E20772E
S2140479D06869636820746F20666F726D20746865CA
S2140479E0206E6574776F726B1F0054686973206924
S2140479F06E6974696174657320612054434C4B202E
S214047A007570646174652070726F63656475726501
S214047A102E00537065636966792074686520616D0D
S214047A206F756E74206F662074696D6520746F20A0
S214047A3077616974206166746572206F6E65205480
S214047A40434C4B20757064617465206F7065726179
S214047A5074696F6E20636F6D706C657465732062F5
S214047A6065666F726520626567696E6E696E67200B
S214047A7061206E65772054434C4B207570646174A6
S214047A8065206F7065726174696F6E2E0054686548
S214047A9020616D6F756E74206F662074696D652045
S214047AA06265747765656E20737562736571756556
S214047AB06E742074727573742063656E74657220B8
S214047AC06C696E6B206B6579207570646174657380
S214047AD020696E206D696C6C697365636F6E647380
S214047AE01F00536574206F7220636C656172207387
S214047AF0746179206177616B65207768656E206EA6
S214047B006F74206A6F696E656400536574206F72C3
S214047B1020636C65617220666F72636520617761AD
S214047B206B6500446973706C6179207468652073B2
S214047B306C6565702073746174757300464F5220CB
S214047B4054455354494E4720505552504F5345536D
S214047B50202D206761746865722074696D696E678C
S214047B60206D65747269637320666F722072657027
S214047B706F7274696E67207461626C65206F7065DD
S214047B80726174696F6E732E00436C656172732044
S214047B90746865206C617374207265706F727420EB
S214047BA074696D65206F6620617474726962757499
S214047BB065732E00416464732061206E65772065CA
S214047BC06E74727920746F20746865207265706FA5
S214047BD07274207461626C652E00546865206C6F44
S214047BE063616C20656E64706F696E742066726F74
S214047BF06D207768696368207468652061747472A0
S214047C006962757465206973207265706F72746535
S214047C10641F54686520636C757374657220776896
S214047C20657265207468652061747472696275741F
S214047C3065206973206C6F63617465641F5468659E
S214047C40204944206F6620746865206174747269E4
S214047C5062757465206265696E67207265706F72FE
S214047C607465641F3020666F7220636C69656E7479
S214047C702D736964652061747472696275746573C2
S214047C80206F72203120666F72207365727665727B
S214047C902D736964652061747472696275746573A2
S214047CA01F546865206D696E696D756D2072657008
S214047CB06F7274696E6720696E74657276616C2C77
S214047CC0206D6561737572656420696E20736563E3
S214047CD06F6E64732E1F546865206D6178696D75C8
S214047CE06D207265706F7274696E6720696E746554
S214047CF07276616C2C206D6561737572656420699B
S214047D006E207365636F6E64732E1F546865206DF2
S214047D10696E696D756D206368616E676520746F42
S214047D202074686520617474726962757465207461
S214047D306861742077696C6C20726573756C742046
S214047D40696E2061207265706F7274206265696E58
S214047D50672073656E742E1F0052656D6F766573AB
S214047D6020616E20656E7472792066726F6D207461
S214047D706865207265706F7274207461626C652E1B
S214047D800054686520696E646578206F66207468A0
S214047D9065207265706F727420746F20626520723D
S214047DA0656D6F7665641F00436C65617273206150
S214047DB06C6C20656E74726965732066726F6D20D4
S214047DC0746865207265706F7274207461626C6585
S214047DD02E005072696E7473207468652072657024
S214047DE06F7274207461626C652E005769706573D7
S214047DF020616C6C206461746120696E207468650F
S214047E002073746F72616765206465766963652E96
S214047E10005072696E747320617262697472617262
S214047E2079206279746573206F6620746865204FC4
S214047E30544120696D616765206F6E206469736BB9
S214047E402E0054686520696E646578206F66207419
S214047E50686520696D61676520746F207072696E4D
S214047E60742069747320646174611F546865206F9C
S214047E70666673657420696E746F20746865204F37
S214047E80544120696D616765207468617420776960
S214047E906C6C206265207072696E7465641F005095
S214047EA072696E747320696E666F726D6174696F41
S214047EB06E2061626F7574207468652073746F72C7
S214047EC0616765206465766963652E0052656C6F2C
S214047ED06164207468652073746F726167652064DA
S214047EE065766963652E0044656C657465732074F5
S214047EF0686520696D616765206174207468652013
S214047F0073706563696669656420696E6465782E56
S214047F100054686520696E6465782061742077680B
S214047F2069636820746F20626567696E2064656C97
S214047F306574696E672074686520696D6167651F7E
S214047F40005072696E74732074686520696D616789
S214047F5065732E00456E61626C6573204F54412034
S214047F60646F776E6772616465732E00446973612B
S214047F70626C6573204F544120646F776E6772613C
S214047F806465732E0053656E647320616E205570AD
S214047F906772616465456E645265717565737420B5
S214047FA0746F20616E204F5441207365727665723B
S214047FB02E0043616E206265207573656420746FBD
S214047FC02064796E616D6963616C6C792074757276
S214047FD06E206F66662073656E64696E67207061D6
S214047FE06765207265717565737473206F6E20748F
S214047FF0686520636C69656E7420736964652C20FB
S2140480006966207468652073657276657220646F8D
S21404801065736E277420737570706F72742074683D
S214048020697320666561747572652E00426F6F6CA5
S21404803065616E2076616C7565207475726E696E06
S21404804067206F6E20283129206F72206F666620A5
S2140480502830292074686520706167652072657110
S2140480607565737420666C61671F0053656E647370
S21404807020616E20696D61676520626C6F636B209A
S2140480807265717565737420666F72206120666907
S2140480906C652074686520736572766572207368F3
S2140480A06F756C64206E6F7420686176652E202070
S2140480B054657374206861726E657373206F6E6C9A
S2140480C079202874657374206361736520392E35AE
S2140480D02E36202D204D697373696E672046696CB1
S2140480E06529005072696E747320696E666F726DCE
S2140480F06174696F6E206F6E207468652063757294
S21404810072656E74207374617465206F662074687B
S21404811065204F544120636C69656E7420646F77E4
S2140481206E6C6F61642E0053746F70732074686590
S214048130204F5441207374617465206D61636869CF
S2140481406E652E0053746172747320746865204FD4
S214048150544120636C69656E742073746174652081
S2140481606D616368696E652E20546865207374615A
S2140481707465206D616368696E6520646973636FF6
S2140481807665727320746865204F54412073657257
S2140481907665722C207175657269657320666F72D8
S2140481A0206E657720696D616765732C20646F7730
S2140481B06E6C6F6164732074686520696D616765B1
S2140481C07320616E6420776169747320666F722011
S2140481D07468652073657276657220636F6D6D6171
S2140481E06E6420746F20757067726164652E00502B
S2140481F072696E747320746865206D616E7566614D
S2140482006374757265722049442C20496D616765F4
S21404821020547970652049442C20616E642056658C
S2140482207273696F6E20696E666F726D6174696FC2
S2140482306E207468617420617265207573656420AD
S2140482407768656E2061207175657279206E657831
S2140482507420696D6167652069732073656E742088
S214048260746F20746865207365727665722062790F
S2140482702074686520636C69656E742E00506572A0
S214048280666F726D73207369676E617475726520AC
S214048290766572696669636174696F6E206F6E20B5
S2140482A074686520696D616765206174207468650B
S2140482B02073706563696669656420696E646578B1
S2140482C02E0054686520696E646578206174207792
S2140482D06869636820746F20626567696E207665D6
S2140482E072696669636174696F6E206F662074686C
S2140482F06520696D6167651F00426F6F746C6F61FE
S21404830064732074686520696D61676520617420F4
S2140483107468652073706563696669656420696E50
S2140483206465782062792063616C6C696E6720747A
S2140483306865204F544120626F6F746C6F616420CF
S21404834063616C6C6261636B2E0054686520696EB1
S21404835064657820617420776869636820746F2088
S214048360626567696E20626F6F746C6F6164696EB4
S214048370672074686520696D6167651F00507269BF
S2140483806E747320696E666F2061626F75742074F4
S214048390686520696E7374616C6C656420626F6FC7
S2140483A0746C6F616465722E0053756274726163D7
S2140483B074732061206368616E6E656C2066726FEC
S2140483C06D206569746865722074686520707269CA
S2140483D06D617279206F72207365636F6E6461726B
S2140483E079206368616E6E656C206D61736B206FB7
S2140483F06620746865206E6574776F726B2D73746F
S214048400656572696E6720636F6D706F6E656E74F6
S2140484102E00546865206368616E6E656C206D611D
S214048420736B20746F207375627472616374207446
S2140484306865206368616E6E656C2066726F6D1F7A
S214048440546865206368616E6E656C20746F207373
S2140484507562747261637420746865206D61736BF1
S2140484602066726F6D1F0041646473206120636828
S214048470616E6E656C20746F206569746865722021
S214048480746865207072696D617279206F722073EA
S21404849065636F6E64617279206368616E6E656C85
S2140484A0206D61736B206F6620746865206E65743A
S2140484B0776F726B2D7374656572696E6720636F70
S2140484C06D706F6E656E742E005468652063686107
S2140484D06E6E656C206D61736B20746F20616464CE
S2140484E02061206368616E6E656C20746F1F54682B
S2140484F065206368616E6E656C20746F20616464C9
S21404850020746F20746865206D61736B1F0053655B
S2140485107473206569746865722074686520707267
S214048520696D617279206F72207365636F6E646122
S2140485307279206368616E6E656C206D61736B2E54
S21404854000546865206368616E6E656C206D6173A7
S2140485506B20746F20737562747261637420746820
S21404856065206368616E6E656C2066726F6D1F545D
S21404857068652076616C756520746F207365742059
S214048580746865206368616E6E656C206D61736BDC
S21404859020746F2E1F0053657473207468652070F2
S2140485A072652D636F6E66696775726564206B65A8
S2140485B07920736F207468617420746865206A6F0C
S2140485C0696E696E67206465766963652063616EAB
S2140485D020656E74657220746865206E6574776FA6
S2140485E0726B2E0053657473207468652070726510
S2140485F0636F6E66696775726564206B65791F00C4
S21404860053746F707320746865206E6574776F7228
S2140486106B207374656572696E672070726F63652C
S21404862073732E0053746172747320746865206EBD
S2140486306574776F726B207374656572696E6720F4
S21404864070726F636573732E0041206D61736B20C7
S2140486506F66206F7074696F6E7320666F72206920
S2140486606E6469636174696E6720737065636966B6
S2140486706963206265686176696F722077697468D9
S214048680696E20746865206E6574776F726B2D73DF
S21404869074656572696E672070726F636573732E96
S2140486A01F00446973706C61797320746865206375
S2140486B0757272656E7420737461747573206F6658
S2140486C020746865206E6574776F726B20737465AA
S2140486D06572696E672070726F636573732E0043EC
S2140486E06C65617273207468652067726F75707349
S2140486F0207461626C65206F6E20657665727920E1
S214048700656E64706F696E74005072696E7473205F
S214048710696E666F726D6174696F6E2061626F75E3
S214048720742074686520636F6E74656E7473206F4E
S21404873066207468652067726F7570732074616252
S2140487406C652E004172746966696369616C6C7944
S2140487502064726F70732074686520626C6F636B3C
S214048760206E756D62657220646566696E65642048
S2140487706279207468652070617373656420617221
S21404878067756D656E74206F6E6C79206F6E6365A9
S2140487902C20616E64207468656E20616C6C6F7743
S2140487A0732069742075706F6E2061207265747210
S2140487B0792E0054686520626C6F636B206E756D4D
S2140487C062657220746F2061727469666963696198
S2140487D06C6C792064726F7020746F20666F72639D
S2140487E0652061207265747279202D20736574206B
S2140487F0746F203078464620746F20646973616213
S2140488006C651F0053657473207468652072656315
S214048810656976652077696E646F772073697A6513
S2140488202E2020427920646566696E6974696F6ECD
S21404883020696E2074686520536D61727420456EDD
S214048840657267792070726F66696C65206974203A
S2140488506D7573742062652073657420746F20319F
S21404886020627574207468697320616C6C6F77730A
S21404887020697420746F206265206368616E676582
S214048880642E00546865206D6178206E756D62658F
S21404889072206F662074686520626C6F636B732049
S2140488A07265636569766564206265666F726520C5
S2140488B0616E204150532061636B206973206765A5
S2140488C06E6572617465641F004D616B6573207418
S2140488D0686973206E6F64652073746172742069AE
S2140488E064656E74696679696E67206173206120B9
S2140488F074617267657420666F722062696E64695B
S2140489006E67207769746820616E20696E69746981
S21404891061746F72206E6F64652E005468652065FE
S2140489206E64706F696E74206F6E20776869636812
S21404893020746F20626567696E20746865204669D6
S2140489406E64696E6720616E642042696E64696E47
S21404895067207461726765742070726F63657373E1
S2140489601F004D616B65732074686973206E6F64B5
S214048970652073746172742074686520696E697406
S2140489806961746F722070617274206F66207468F7
S214048990652066696E64696E6720616E642062692C
S2140489A06E64696E672070726F636573732E00540D
S2140489B0686520656E64706F696E74206F6E2077CC
S2140489C06869636820746F20626567696E207468DE
S2140489D0652046696E64696E6720616E642042692C
S2140489E06E64696E6720696E69746961746F72205B
S2140489F070726F636573731F00456E61626C652FDA
S214048A0064697361626C6520646562756720606C76
S214048A10656761637920617070206672616D657741
S214048A206F726B20646562756760207072696E741D
S214048A3020747970652E00456E61626C652F6469DA
S214048A407361626C651F00456E61626C652F6469B4
S214048A507361626C6520646562756720607A636C16
S214048A6060207072696E7420747970652E00456E8D
S214048A7061626C652F64697361626C65206465620B
S214048A807567206061707060207072696E742074FF
S214048A907970652E00456E61626C652F646973613A
S214048AA0626C652064656275672060636F726560DA
S214048AB0207072696E7420747970652E00456E613C
S214048AC0626C652F64697361626C652064656275A7
S214048AD0672060737461636B60207072696E7420C3
S214048AE0747970652E0053656E6473206120726518
S214048AF0717565737420666F72204F544120636FDE
S214048B00756E746572732E00526573657473206196
S214048B106C6C207468726573686F6C64732076611D
S214048B206C75657320746F203078464646462E0072
S214048B30536574732061207468726573686F6C641F
S214048B402076616C756520666F7220612070617294
S214048B50746963756C61722074797065206F662021
S214048B60636F756E7465722E0054797065206F6637
S214048B7020636F756E7465721F5468726573686FD0
S214048B806C642056616C75651F005072696E747350
S214048B9020746865207468726573686F6C647320EB
S214048BA06F6620616C6C2074686520636F756E74E4
S214048BB06572732E00436C6561727320616C6C2061
S214048BC0636F756E7465722076616C7565732E00BE
S214048BD05072696E747320616C6C20636F756E746A
S214048BE065722076616C7565732E005072696E74BA
S214048BF073207468652076616C7565206F662074D2
S214048C0068697320706172746963756C617220633D
S214048C106F756E7465722E0054686520636F756E8A
S214048C20746572207479706520746F207072696E32
S214048C30741F005072696E747320616C6C20636FCD
S214048C40756E7465722076616C75657320616E64EA
S214048C5020636C65617273207468656D2E005365BD
S214048C6074204D464720746F6B656E2C2043414E2E
S214048C704E4F5420424520554E53455420425920C9
S214048C80434C492E005072696E74204D464720743A
S214048C906F6B656E2E005072696E74206163746922
S214048CA07665206576656E74732E0044697361621A
S214048CB06C652074686520656E64706F696E7420D8
S214048CC0666F72205A434C206D65737361676573D3
S214048CD02E00456E64706F696E7420696E646578E4
S214048CE01F00456E61626C65732074686520656E4E
S214048CF064706F696E7420666F72205A434C206DE0
S214048D00657373616765732E005072696E742073A1
S214048D107461747573206F6620656E64706F696E17
S214048D2074732E0053686F777320746865207665B5
S214048D307273696F6E206F662074686520736F6641
S214048D4074776172652E00536574207468652063B9
S214048D506F6E66696775726564203830322E3135F9
S214048D602E3420434341206D6F646520696E207461
S214048D70686520726164696F2E2053656520646F90
S214048D8063756D656E746174696F6E207265676174
S214048D907264696E67205241494C5F4945454538BF
S214048DA030323135345F4363614D6F64655F742ED2
S214048DB00041205241494C5F4945454538303231DF
S214048DC035345F4363614D6F64655F742076616C10
S214048DD075651F0052657475726E73205054492071
S214048DE0726164696F20636F6E66696720696E6678
S214048DF06F726D6174696F6E20746F20646574653C
S214048E00726D696E652074686520504859207479BF
S214048E107065206265696E67207573656420627983
S214048E20205241494C2E2072657475726E2076610C
S214048E306C756520697320656E756D205241494CCA
S214048E405F494545453830323135345F5074695290
S214048E506164696F436F6E6669675F7420652E6729
S214048E6020205241494C5F4945454538303231351A
S214048E70345F5054495F524144494F5F434F4E4616
S214048E8049475F32503447485A203D2030783030C6
S214048E9055205241494C5F494545453830323135B5
S214048EA0345F5054495F524144494F5F434F4E46E6
S214048EB049475F32503447485A5F414E54444956F6
S214048EC0203D203078303155205241494C5F494589
S214048ED045453830323135345F5054495F52414449
S214048EE0494F5F434F4E4649475F32503447485ACE
S214048EF05F434F4558203D2030783032552052414C
S214048F00494C5F494545453830323135345F505415
S214048F10495F524144494F5F434F4E4649475F328B
S214048F20503447485A5F414E544449565F434F4570
S214048F3058203D2030783033550053656E647320D6
S214048F40612072656164206174747220666F722099
S214048F507468652074696D65206F66207468652082
S214048F6064657669636520737065636966696564BC
S214048F702E2049742073657473206120666C6167C3
S214048F8020736F207768656E206974206765747334
S214048F902074686520726573706F6E7365206974DB
S214048FA020777269746573207468652074696D65CA
S214048FB020746F20697473206F776E2074696D65F2
S214048FC020617474722E0049641F737263456E6464
S214048FD0706F696E741F64657374456E64706F6930
S214048FE06E741F005768656E2073656E64696E67DD
S214048FF0207573696E6720612062696E64696E67A6
S2140490002C20737065636966696573207768657478
S2140490106865722061206D756C7469636173742071
S21404902062696E64696E672073686F756C6420622B
S2140490306520757365642E007573654D756C74696B
S2140490406361737442696E64696E671F0053656E6C
S21404905064732061207072652D627566666572653C
S21404906064206D756C746963617374206D657373C5
S21404907061676520746F206120676976656E206776
S214049080726F75702049442066726F6D2061206788
S2140490906976656E20656E64706F696E742E0067FF
S2140490A0726F757049641F7372632D656E64706F9A
S2140490B0696E741F00437265617465732061206D68
S2140490C0657373616765206279207370656369668A
S2140490D079696E6720746865207261772062797496
S2140490E065732E20557365207468652073656E64F9
S2140490F020636F6D6D616E6420746F2073656E649B
S21404910020746865206D657373616765206F6E6390
S2140491106520697420686173206265656E206372D9
S21404912065617465642E2045783A20726177203034
S2140491307830303046207B303020304120303020AC
S21404914031312032322033332034342035357D20FB
S21404915073656E64732061206D6573736167652043
S214049160746F20636C7573746572203135202830F3
S214049170783030304629206F66206C656E677468D8
S214049180203820776869636820696E636C75646547
S2140491907320746865205A434C2068656164657260
S2140491A02E00436C757374657249641F4461746160
S2140491B01F0052657365747320746865206E6F644F
S2140491C0652E005772697465732061206D6573732C
S2140491D06167652E00456E64706F696E741F436C1C
S2140491E075737465722049441F417474726962759C
S2140491F074652049441F4D61736B1F44617461207C
S214049200747970651F4461746120627974651F0007
S21404921052656164732061206D6573736167652EA2
S21404922000456E64706F696E741F436C7573746565
S214049230722049441F4174747269627574652049CA
S214049240441F3120696620736572766572206469EE
S21404925072656374696F6E2C203020696620636CB7
S21404926069656E7420646972656374696F6E1F0045
S21404927053656E64732061206D6573736167652E34
S2140492800044657374696E6174696F6E1F536F75FD
S21404929072636520656E64706F696E741F446573CF
S2140492A074696E6174696F6E20656E64706F696E42
S2140492B0741F00536F7572636520656E64706F6902
S2140492C06E741F004C697374732077686963682032
S2140492D06F7074696F6E616C206C6962726172691A
S2140492E06573206F662074686520737461636B20F1
S2140492F061726520696D706C656D656E7465642059
S2140493006F6E2074686973206465766963652E00E1
S2140493105072696E747320696E666F726D617469DB
S2140493206F6E2061626F757420746865206E657454
S214049330776F726B2073746174652C20636C75731D
S214049340746572732C20616E6420656E64706F6938
S2140493506E74732E006F66667365741F00507269B0
S2140493606E747320696E666F726D6174696F6E20B9
S214049370666F7220616C6C20617661696C61626CE8
S2140493806520736C6F74732E00526561647320726B
S214049390617720646174612066726F6D20666C610B
S2140493A073682073746F726167652E00416464721B
S2140493B065737320746F20726561641F4E756D62E9
S2140493C06572206F6620627974657320746F2072EC
S2140493D06561641F005072696E747320666C6173F5
S2140493E0682073746F7261676520696E666F726D4C
S2140493F06174696F6E2E00457261736573207468BC
S214049400652073706563696669656420736C6F7440
S2140494102049442E0053746F7261676520736C6F25
S21404942074206E756D6265721F00426F6F747320D0
S21404943074686520696D61676520696E2074686567
S2140494402073706563696669656420736C6F742045
S21404945049442E00434C4920696E7374616E6365FB
S214049460206578616D706C650064756D6D795F69F3
S2140494706E7374005A434C20636F6D6D616E647333
S21404948000626173696300676C6F62616C006D668D
S214049490672D636F6465007573652D6E6578742D2E
S2140494A073657175656E636500782D6465666175B0
S2140494B06C742D7265737000746573742D726573A5
S2140494C0706F6E73652D6F6E00746573742D7265A0
S2140494D073706F6E73652D6F6666005A434C206218
S2140494E06173696320636C757374657220636F6D52
S2140494F06D616E6473007274666400436F6D6D61B3
S2140495006E64207468617420726573657473206178
S2140495106C6C206174747269627574652076616C13
S21404952075657320746F20666163746F7279206446
S214049530656661756C742E005241494C006C6F77F9
S21404954065722D6D61632D7261696C2D3830322E13
S21404955031352E342E63006C69627261696C2E613B
S21404956000756E636C61696D656400627566666538
S214049570722D6D616E6167656D656E742E63006530
S21404958076656E742D71756575652E63007A6967E8
S2140495906265652D75707065722D6D61632E63004E
S2140495A06E65696768626F722E63006173736F63BA
S2140495B0696174696F6E2E6300313832317300311D
S2140495C034323231003132310032730031323231CA
S2140495D031320031323231310032383100383131F3
S2140495E000313832313100313231313132313232B8
S2140495F0323173003132320031323131323231009D
S214049600313131310032323800726F7574652D7421
S21404961061626C652E63006D61632D6D756C746993
S2140496202D6E6574776F726B2E63006C656761636D
S214049630792D7061636B65742D6275666665722E2E
S21404964063000000000002000000000000000000AC
S214049650BA04000000000200000000000000000041
S214049660BA040000000102030E312E312E322D37CB
S21404967036353166656464000100000203030100A8
S21404968006000000000003000000000013B779FA8B
S214049690C925DDB7ADF3CFE0F1B614B8010200007A
S2140496A000000000FFFFFFFF0100000001000000B3
S2140496B000000000000000000000000000000000A1
S2140496C00000000000000000000000000000000091
S2140496D0000000000000000000000000033F1F0020
S2140496E0935703008F5703006D5703003B5703003F
S2140496F0CB5703009D5703003D5703002C00000082
S214049700020202030000000001020000000801B487
S214049710B49704000008015A70970400000800403B
S2140497202C97040000000000000000000000FCFE6F
S214049730FFFF000000000000FFFF00000000000024
S214049740FFFF000000000000FFFF00000000000014
S21404975040001806F4D200002C00B0023DBE000003
S2140497601700F2000C7C00000C0041009E42000032
S2140497706400FCFEFFFF000000000000FFFF000086
S214049780000000005A00F306A554FEFF2100A301C2
S214049790A1FEFFFF1100A600832700000A00610057
S2140497A0DC26000006003B00F8200000030015003D
S2140497B0AD130000C800FCFEB4008B087BC0FBFFA2
S2140497C04D00E402E756FFFF2C00A20183EBFFFFE7
S2140497D01A000301B31A00001100A3005529000063
S2140497E00A005E005A28000006003A002122000003
S2140497F00400180073160000384D0400F501040038
S214049800F5010400F5010400F5010400F501040067
S214049810F5010400F5010400F5010400F501040057
S214049820F5010400F5010400F5010400F501040047
S214049830F5010400F5010400F5010400F501040037
S214049840F5010400F5010400F5010400F501040027
S214049850F5010400F5010400F5010400F501040017
S214049860F5010400F501040003020400F5010400F8
S21404987018020400F5010400F50104003D0204008A
S214049880F5010400F5010400F5010400F5010400E7
S21404989065020400F5010400F5010400F501040066
S2140498A0F50104007D020400F50104009B02040097
S2140498B00B0000000B000000020000000000202047
S2140498C000000000030000008C8C3C000000000038
S2140498D00000000000000000000000581200000015
S2140498E000000000FFFFFFFFFFFFFFFFFFFFFFFF7B
S2140498F0554E4B00474F200042544C00474F320011
S214049900474F3300474F3400474F3500474F360024
S214049910474F3700474F3800474F3900474F4100FD
S214049920474F4200474F4300474F4400474F4500C8
S214049930474F46004A4D500042445200555052008C
S21404994042544D004D534D0046544C00554E4B006A
S214049950474F200042544C004241440046544C00B9
S214049960465243004F54410044534C004241500079
S21404997055504700544D450046415500545A46003C
S214049980554E4B0050494E00454D3400554E4B0045
S21404999048562000554E4B00455850004C574D0035
S2140499A0554E4B005242540044534C00454D34002F
S2140499B0554E4B0041535400554E4B0056465900E5
S2140499C0494E4800554E4B004C434B0058544C00EF
S2140499D04F424600554E4B00485244004D454D00FC
S2140499E0425553005553470044424700444D4100F6
S2140499F056435400554E4B005550200052502000FC
S214049A004150300041503100415020004450200065
S214049A1044454300F0980400F49804004C9904006C
S214049A20809904008C99040094990400A099040079
S214049A30B0990400B8990400C4990400D4990400A9
S214049A40F4990400554E4B004649420042544C00DB
S214049A504558540050575200574447002053570067
S214049A60435253004653480042414400464C540077
S214049A7042524F00010401030306010501050109D2
S214049A800600060B0000070B050B00000000000094
S214049A90000000000400E40C0A00010410010000A9
S214049AA00005000200000300309D04002C9D040005
S214049AB0189D0400149D0400109D04000C9D0400D1
S214049AC0FA9C0400EA9C0400D09C0400C89C040091
S214049AD0BE9C0400BC9C0400A49C0400A19C04003E
S214049AE0999C0400889C0400789C0400669C0400EE
S214049AF04C9C0400449C0400389C0400349C0400E1
S214049B00309C0400229C0400179C0400FE9B040066
S214049B10E59B0400899B0400889B0400789B040052
S214049B20509B0400459B0400449B0400309B0400A7
S214049B30000000000000000000000000000000001C
S214049B40000000000F0000000000000000000000FD
S214049B5000000000000000000000000000000000FC
S214049B6000000000000000000000000000000000EC
S214049B7000000000000000000100000000000000DB
S214049B8000000000000000000F00000000000000BD
S214049B9000000000000000000000000000000000BC
S214049BA000000000000000000000000000000000AC
S214049BB0000000000000000000000000000000009C
S214049BC0000000000000000000000000000000008C
S214049BD0000000000000000000000000000000007C
S214049BE0000000000000000000000000000000006C
S214049BF0000000000000000000000000000000005C
S214049C00000000000000000000000000000000004B
S214049C10000000000000000000000000000000003B
S214049C20000000000000000000000000000000002B
S214049C300000000000000000FFFFFFFFFFFFFFFF23
S214049C40FFFF00000000000000000000000000000D
S214049C5000000000000000000000000000000000FB
S214049C6000000000000000000000000000000000EB
S214049C7000000000000000000000000000000000DB
S214049C8000000000000000000000000000000000CB
S214049C90000000000000000000FFFFFFFFFFFFFFC2
S214049CA0FF9C0000FF000000000000000000000011
S214049CB00000000000000000800000000000FFFF1D
S214049CC0FFFFFFFFFFFFFFFF00000000FFFF000095
S214049CD0000000000000000000000000000000007B
S214049CE000000000000000000000FFFFFF0000006E
S214049CF0000000000000000000000000000000005B
S214049D00000000000000000000000000000000004A
S214049D10000000000000000000000000000000003A
S214049D20000000000000000000000000000000002A
S214049D30FC0301010101010101010101010101010D
S214049D4001000000000000010020060000000601DB
S214049D500100002002041104040211101A080A0269
S214049D601801081110111A080A04020D0B19195CBF
S214049D700110280B01140000000000000000000081
S214049D8000000000000101010101010001010101C0
S214049D9001010100000101010001000101000000B1
S214049DA000000000000000000000000000010000A9
S214049DB000000000000000000000000001FF010099
S214049DC023E1010075E4010063E2010063E501009C
S214049DD062E1010079EB010064EE010024E1010078
S214049DE025E1010026E1010027E1010028E1010048
S214049DF029E101002AE101000000010080000100C1
S214049E00000101008001010000020100800201003F
S214049E1020E20100000301000005010080050100A6
S214049E20000601002C8901008006010000070100DD
S214049E3001E5010002E501000008010080080100B8
S214049E400040010086321010FFFFFFFFFFFFFFFFF8
S214049E50220B0400280B04002E0B0400340B040011
S214049E603A0B04005A6967426565416C6C69616E19
S214049E70636530394E574B205374656572696E6757
S214049E80000095969595950507090D0000000000BD
S214049E9000010203040600006621040001350400E4
S214049EA01B350400323504004535040055350400DE
S214049EB0693504007B3504008B350400A73504009F
S214049EC0BC3504000208010D0D0101011201000059
S214049ED0FFFFFFFFFFFFFFFF000000000000000081
S214049EE00109050100020000000000031EF1EE0B4C
S214049EF0009F0400F7410400384D0400FE000000F3
S214049F001342040060A00400000000001D42040088
S214049F1050A00400000000002A42040040A00400F0
S214049F20000000003742040030A0040000000000D7
S214049F30554204001CA00400000000004D4204002A
S214049F4008A004000000000054420400F49F04002B
S214049F500000000062420400E49F040000000000C9
S214049F60D4400400D09F0400000000005B420400BC
S214049F70C09F04000000000067420400AC9F040079
S214049F8000000000530904009C9F04000000000029
S214049F90000000000000000000000000816F0300C5
S214049FA078420400B5420400010100FF39EC0000C9
S214049FB0DE42040023430400010100010107FF0000
S214049FC0F5EB000070430400DB430400010100FFCE
S214049FD035EB0000FC4304001544040000010100B6
S214049FE0FF000000936F03003A4404009244040008
S214049FF00101FF007B6F0300A94404000045040030
S21404A00001010207FF000000756F0300A944040065
S21404A0100045040001010207FF0000006F6F030003
S21404A020A94404000045040001010207FF000000E3
S21404A030E9EA00002145040060450400010101FF2F
S21404A04089EA00007F450400C4450400010000FFBF
S21404A05045EA00007F450400C4450400010000FFF3
S21404A060CDEA0000EB450400F143040000FF0000C5
S21404A070696F0300404604007B710400FF00000083
S21404A080636F0300B34604007B710400FF00000006
S21404A09025EA0000224704009747040000FF00005A
S21404A0A0FDE90000AF4704001148040000FF00006B
S21404A0B0556F0300224804006848040002FF0000AD
S21404A0C0C5E9000071480400E548040001FF0000EB
S21404A0D05E49040041490400504904005C490400F8
S21404A0E06D4904008349040099490400A349040007
S21404A0F0AD49040000000000B14C0400110000004B
S21404A100BD4C040012000000C54C040013000000FF
S21404A110CD4C040021000000D54C040022000000B1
S21404A120DC4C040023000000E34C0400AA000000FA
S21404A130EA4C0400FF00000000000000FFFFFFFFE1
S21404A140FFFFFFFF00000000000000000000010801
S21404A1500109020A030B040C050D060E070F08106E
S21404A16001180119021A031B041C051D061E071FED
S21404A1700820012102220323042405250626072796
S21404A18008280129022A032B042C052D062E072F46
S21404A19008300131023203380239043A08E004E197
S21404A1A004E204E802E902EA04F008F11000000000
S21404A1B0000000000205000018A2040002000F00C0
S21404A1C040A2040002000F0068A2040002000F0070
S21404A1D090A2040002000F00B8A2040002000F00C0
S21404A1E0E0A2040002000F0008A3040002000F000F
S21404A1F030A3040002000F0058A3040002000F005E
S21404A20080A3040002000F00A8A3040002000F00AD
S21404A210D0A3040002000F0000000000F8A304000E
S21404A22003000000400000000000000019000000C9
S21404A2301CA4040004000F008000000000000000BE
S21404A24000000000F8A30400030000004000000023
S21404A25000000000190000001CA4040004000F0005
S21404A260800000000000000000000000F8A30400C6
S21404A2700300000040000000000000001900000079
S21404A2801CA4040004000F0080000000000000006E
S21404A29000000000F8A304000300000040000000D3
S21404A2A000000000190000001CA4040004000F00B5
S21404A2B0800000000000000000000000F8A3040076
S21404A2C00300000040000000000000001900000029
S21404A2D01CA4040004000F0080000000000000001E
S21404A2E000000000F8A30400030000004000000083
S21404A2F000000000190000001CA4040004000F0065
S21404A300800000000000000000000000F8A3040025
S21404A31003000000400000000000000019000000D8
S21404A3201CA4040004000F008000000000000000CD
S21404A33000000000F8A30400030000004000000032
S21404A34000000000190000001CA4040004000F0014
S21404A350800000000000000000000000F8A30400D5
S21404A3600300000040000000000000001900000088
S21404A3701CA4040004000F0080000000000000007D
S21404A38000000000F8A304000300000040000000E2
S21404A39000000000190000001CA4040004000F00C4
S21404A3A0800000000000000000000000F8A3040085
S21404A3B00300000040000000000000001900000038
S21404A3C01CA4040004000F0080000000000000002D
S21404A3D000000000F8A30400030000004000000092
S21404A3E000000000190000001CA4040004000F0074
S21404A3F08000000000000000000020012000000093
S21404A40008000000040042213000000090A404006C
S21404A41000FF420030000000000000000000F008CA
S21404A42040000000B1A40400010023044000000022
S21404A430B9A404000600300140000000000000003B
S21404A440FDFF210240000000010000001900000486
S21404A450190001011900020419000301190005047A
S21404A460190006011900070404004100F90601005A
S21404A470060041000178030019008100E923010069
S21404A48019008400752E0100008000000000000002
S21404A49006435553544F4D000000000000000000D2
S21404A4A000000000000000000000000000000000A3
S21404A4B000FFFFFFFFFFFFFFFFFFFFFFFF0004019A
S21404A4C0040104010401040104010401040104015B
S21404A4D0040104010401FFFFFFFFFFFFFFFFFFFF6E
S21404A4E0FFFFFFFFFFFFFFFFFFFFFFFFFFFF000170
S21404A4F002030405060708090A0B1F1C1F1E1F1E5D
S21404A5001F1F1E1F1E1F07021F012F0037013F00BB
S21404A5105701DF02E700FF02000000000000000011
S21404A5200000000000000000000000000000000022
S21404A530000000000000000000000000505304006B
S21404A5401900000056530400FFFF0000000000003E
S21404A550215404002C540400384D040034540400E0
S21404A56042540400384D040055540400605404005A
S21404A5706E54040072540400825404006E220400D4
S21404A5809254040096540400A1540400AB540400EE
S21404A590B5540400B9540400C7540400DB54040042
S21404A5A0F1540400008000000000000000000000D9
S21404A5B000000000FFFFFFFFFF0000000000000097
S21404A5C05DB3010000000000000000000000F03F42
S21404A5D00000000000002440000000000000594075
S21404A5E00000000000408F40000000000088C340C8
S21404A5F000000000006AF8400000000080842E413D
S21404A60000000000D01263410000000084D7974188
S21404A6100000000065CDCD41E725040008BC040019
S21404A62000000000175E0400F8BB040000000000F1
S21404A6301C5E0400E8BB0400000000001D5E04006D
S21404A640D8BB04000000000062420400C4BB04003F
S21404A6500000000055420400B0BB040000000000E7
S21404A660225E0400A0BB040000000000285E040074
S21404A67090BB0400000000002C5E040080BB0400B5
S21404A680000000003B5E040070BB040000000000F5
S21404A690585E040060BB040000000000615E040015
S21404A6A050BB040000000000765E040040BB0400BB
S21404A6B000000000A933040030BB040000000000C2
S21404A6C0865E0400F0BA0400000000007D62040008
S21404A6D07CB2040000000000395204003CB20400BE
S21404A6E0000000008D5E04007CB104000000000041
S21404A6F0965E040080B0040000000000A35E040020
S21404A70074AC040000000000BF5404004CAB04000A
S21404A71000000000AA5E04004CAB04000100000028
S21404A720AE5E04000CAB040000000000B35E040040
S21404A730D0A9040000000000E7020400D0A9040029
S21404A74001000000A35E040074AC040000000000D6
S21404A750BA5E040074AC040001000000BF5E04008E
S21404A7609CA9040000000000C95E04009CA9040023
S21404A77001000000D15E0400CCA704000000000025
S21404A780580A040098A70400000000000000000017
S21404A7900000000000000000A8A70400D55E040026
S21404A7A0384D0400FE000000ED5E040024B30400EF
S21404A7B0000000005263040014B30400000000000C
S21404A7C0000000000000000000000000DCA70400F9
S21404A7D0F25E0400384D0400FE000000085F04002A
S21404A7E0A4B40400000000000E5F040094B4040047
S21404A7F000000000145F040084B40400000000009D
S21404A8001D5F040074B404000000000099070400EF
S21404A81064B4040000000000A30504002CB4040083
S21404A82000000000AA0E040018B404000000000093
S21404A830275F040008B4040000000000970A040020
S21404A840F8B30400000000002C5F0400E8B3040022
S21404A85000000000335F0400D8B3040000000000CA
S21404A860385F0400C8B30400000000003C5F040026
S21404A87068A9040000000000435F040010A9040057
S21404A880000000004B5F0400DCA804000000000089
S21404A890575F0400A8A804000000000000000000A1
S21404A8A00000000000000000B8A80400625F040076
S21404A8B0384D0400FE000000E21C040044B304000B
S21404A8C0000000009349040034B3040000000000B4
S21404A8D0000000000000000000000000ECA80400D7
S21404A8E0835F0400384D0400FE000000E21C0400F0
S21404A8F064B30400000000009349040054B3040049
S21404A900000000000000000000000000000000003E
S21404A91020A90400A55F0400384D0400FE000000D2
S21404A920C35F0400B4B3040000000000A164040084
S21404A930A4B3040000000000D25F040094B3040033
S21404A94000000000D75F040084B304000000000089
S21404A950DE5F040074B30400000000000000000082
S21404A960000000000000000078A90400E35F040073
S21404A970384D0400FE000000A41C040050B404007B
S21404A98000000000006004003CB404000000000066
S21404A990000000000000000000000000ACA9040055
S21404A9A008600400384D0400FE0000002460040023
S21404A9B0E4B4040000000000BF540400D4B404004F
S21404A9C0000000000000000000000000000000007E
S21404A9D0E0A9040029600400384D0400FE000000CD
S21404A9E04260040094B504000000000065190400E9
S21404A9F084B50400000000004B60040074B5040035
S21404AA000000000024600400C4B404000000000039
S21404AA1050600400B4B40400000000005D6004004C
S21404AA20CCAA0400000000006B60040098AA04008E
S21404AA30000000007960040058AA0400000000002A
S21404AA408D5E04007CB104000000000000000000DD
S21404AA50000000000000000068AA040082600400F1
S21404AA60384D0400FE000000C694040064B50400DB
S21404AA7000000000D794040054B504000000000051
S21404AA80962D040044B504000000000000000000F9
S21404AA900000000000000000A8AA0400A060040053
S21404AAA0384D0400FE000000CA600400B4B504007B
S21404AAB000000000474F0400A4B504000000000096
S21404AAC0000000000000000000000000DCAA0400F3
S21404AAD0D1600400384D0400FE000000580A04004B
S21404AAE0E8B504000000000093490400D8B504004B
S21404AAF000000000A1640400C4B5040000000000C7
S21404AB000000000000000000000000001CAB040071
S21404AB10F1600400384D0400FE000000580A0400EA
S21404AB2018B60400000000001161040008B6040012
S21404AB300000000093490400F8B50400000000007B
S21404AB400000000000000000000000005CAB0400F1
S21404AB5018610400384D0400FE0000003261040051
S21404AB604CB70400000000004B4904003CB7040046
S21404AB7000000000656104002CB70400000000001B
S21404AB80990704001CB7040000000000664904008E
S21404AB900CB704000000000037610400FCB6040093
S21404ABA0000000004F610400ECB604000000000042
S21404ABB058610400DCB60400000000005F61040075
S21404ABC0CCB60400000000006B6104009CB60400D0
S21404ABD000000000A16404008CB60400000000001D
S21404ABE07A6104007CB6040000000000552E0400C0
S21404ABF06CB60400000000007F6104005CB604002C
S21404AC0000000000966104004CB60400000000003A
S21404AC10AA61040038B6040000000000BA6104000B
S21404AC2028B6040000000000C961040040AC04001B
S21404AC30000000000000000000000000000000000B
S21404AC4050AC0400CE610400384D0400FE00000041
S21404AC50E5610400BCB6040000000000EE610400D8
S21404AC60ACB6040000000000000000000000000075
S21404AC700000000084AC0400384D0400384D040085
S21404AC80FE000000F5610400BCB2040000000000F1
S21404AC900262040000B10400000000000B6204001D
S21404ACA04CB00400000000001962040018B0040050
S21404ACB00000000027620400E4AF04000000000067
S21404ACC0356204004CAF0400000000004662040035
S21404ACD024AF0400000000005362040084AE0400A5
S21404ACE0000000005E6204002CAE040000000000B9
S21404ACF07162040004AE0400000000004641040033
S21404AD00A0AD0400000000008462040060AD0400EE
S21404AD10000000008F6204002CAD04000000000058
S21404AD200000000000000000000000003CAD04002D
S21404AD30A2620400384D0400FE000000C66204004F
S21404AD406CB7040000000000CC6204005CB704008A
S21404AD5000000000000000000000000000000000EA
S21404AD6070AD0400D0620400384D0400FE000000FC
S21404AD70521E04009CB70400000000000263040096
S21404AD808CB70400000000000E6304007CB70400C7
S21404AD9000000000000000000000000000000000AA
S21404ADA0B0AD040024630400384D0400FE00000027
S21404ADB0580A040000B80400000000009349040088
S21404ADC0F0B7040000000000403E0400E0B70400B2
S21404ADD000000000E21C0400CCB7040000000000E1
S21404ADE040630400BCB7040000000000576304007E
S21404ADF0ACB70400000000000000000000000000E3
S21404AE000000000014AE040063630400384D040020
S21404AE10FE0000008863040010B804000000000070
S21404AE200000000000000000000000003CAE04002B
S21404AE308D630400384D0400FE000000B163040076
S21404AE4060B80400000000001161040050B804005B
S21404AE5000000000BD63040040B8040000000000C9
S21404AE60C463040030B8040000000000D16304008A
S21404AE7020B80400000000000000000000000000ED
S21404AE800000000094AE0400DC630400384D0400A7
S21404AE90FE0000004A62040010B90400000000002E
S21404AEA0F963040000B9040000000000E72504006C
S21404AEB0F0B804000000000015350400E0B80400F3
S21404AEC000000000C4610400D0B8040000000000C4
S21404AED0521E0400C0B80400000000000064040011
S21404AEE0B0B80400000000000B640400A0B804001E
S21404AEF0000000001864040090B80400000000007D
S21404AF002864040080B80400000000003B640400C9
S21404AF1070B80400000000000000000000000000FC
S21404AF200000000034AF04004D640400384D0400F3
S21404AF30FE000000E725040020B90400000000001D
S21404AF400000000000000000000000005CAF0400E9
S21404AF506B640400384D0400FE000000521E04001A
S21404AF6090B90400000000001535040080B9040000
S21404AF7000000000C461040070B904000000000072
S21404AF808E64040060B9040000000000CD5F040075
S21404AF90A4AF040000000000000000000000000051
S21404AFA000000000B4AF0400A5640400384D04009B
S21404AFB0FE000000A164040050B904000000000074
S21404AFC0E21C040040B9040000000000BB64040056
S21404AFD030B904000000000000000000000000007B
S21404AFE000000000F4AF0400C4640400384D0400FC
S21404AFF0FE000000580A0400B0B904000000000077
S21404B00093490400A0B904000000000000000000FA
S21404B010000000000000000028B00400E4640400FF
S21404B020384D0400FE00000004650400D0B9040096
S21404B0300000000017650400C0B90400000000000A
S21404B0400000000000000000000000005CB00400E7
S21404B0502D650400384D0400FE0000004D65040014
S21404B060F0B904000000000065190400E0B904000B
S21404B07000000000000000000000000000000000C7
S21404B08090B00400384D0400384D0400FE00000063
S21404B09057650400A8B0040000000000000000008B
S21404B0A00000000000000000B8B00400384D0400A2
S21404B0B0384D0400FE0000006365040040BA040036
S21404B0C000000000B054040030BA04000000000081
S21404B0D06965040020BA0400000000006D650400E1
S21404B0E010BA0400000000007165040000BA0400F1
S21404B0F00000000000000000000000000000000047
S21404B10010B1040081650400384D0400FE00000000
S21404B110580A0400C0BA0400000000009C6504003D
S21404B120B0BA040000000000AF650400A0BA040032
S21404B130000000009349040090BA040000000000D8
S21404B140BC65040080BA040000000000CD6504005D
S21404B15070BA040000000000DB65040060BA040056
S21404B16000000000EC65040050BA04000000000073
S21404B1700000000000000000000000008CB1040085
S21404B180F9650400384D0400FE0000001366040050
S21404B19014B50400000000004666040004B504006C
S21404B1A00000000081660400F4B4040000000000FF
S21404B1B09866040008B2040000000000A2660400BA
S21404B1C0D4B10400000000000000000000000000ED
S21404B1D000000000E4B10400A6660400384D040034
S21404B1E0FE000000C694040034B50400000000000D
S21404B1F0D794040024B504000000000000000000FA
S21404B200000000000000000018B20400C566040038
S21404B210384D0400FE0000007D190400E0BA040066
S21404B22000000000A1640400D0BA0400000000007E
S21404B2300000000000000000000000004CB2040003
S21404B240D8660400384D0400FE000000580A0400C6
S21404B25020BB040000000000CA60040010BB040009
S21404B26000000000474F040000BB0400000000007C
S21404B2700000000000000000000000008CB2040083
S21404B280F3660400384D0400FE000000D163040099
S21404B29038BC040000000000521E040028BC040051
S21404B2A000000000E725040018BC040000000000AD
S21404B2B0000000000000000000000000CCB2040003
S21404B2C013670400384D0400FE00000031670400D4
S21404B2D088BC0400000000003B67040078BC04003F
S21404B2E0000000004667040068BC0400000000007C
S21404B2F06242040058BC04000000000055670400C5
S21404B30048BC04000000000000000000000000002C
S21404B31000000000476F030060670400384D040017
S21404B320FF000000436F03006D670400384D0400FF
S21404B330FF00000039F100007F670400384D040068
S21404B340FF000000D5F00000AC670400746F040032
S21404B35001FF000039F10000EC670400384D0400DA
S21404B360FF000000D5F000001A680400746F0400A3
S21404B37001FF00006DF100005B6804007C680400B7
S21404B38000FF00006DF1000085680400E268040018
S21404B3900000FF00E9F10000F068040009690400F9
S21404B3A0010001FF55F200002E69040070690400D4
S21404B3B00102FF00E9F1000086690400B569040093
S21404B3C001000102FF00000065EF0000E6690400CA
S21404B3D0226A040007FF000085EF0000286A0400C4
S21404B3E05B6A040001FF000099EF0000636A040032
S21404B3F0B36A04000100FF00F5EF0000C86A040009
S21404B400196B04000101FF00C9EF0000296B04005A
S21404B410636B040001FF000049F000006B6B04003E
S21404B420B46B0400010000010707FF0085F200006A
S21404B430066C04005B6A040001FF000085F300004C
S21404B4404E6C0400926C0400010700010700FF0024
S21404B450A56F0300E76C04002D6D040001070001CE
S21404B46001FF00000DF30000696D0400A46D0400E4
S21404B470010000FFDDF20000C26D0400066E040049
S21404B4800100FF00ADF20000196E0400066E040011
S21404B4900100FF0055F30000586E0400636B0400BF
S21404B4A001FF0000C5F30000936E0400C46E0400A0
S21404B4B00100FF00F5DC0000384D0400D26E0400E5
S21404B4C0000707FF99DC0000384D0400EB6E04000B
S21404B4D0000707FFA5E10000384D0400F76E0400DE
S21404B4E007FF0000A5E10000384D0400F76E0400D5
S21404B4F007FF0000F76E0300384D0400FC6E0400DE
S21404B5000000FF0081E10000384D04007645040089
S21404B51001FF000049E10000384D0400346F0400C8
S21404B52000FF000079DC0000384D0400384D0400AC
S21404B530FF00000079DC0000384D0400384D04009C
S21404B540FF000000CD6E0300384D0400384D0400A3
S21404B550FF000000CD6E0300384D0400384D040093
S21404B560FF000000CD6E0300384D0400384D040083
S21404B570FF00000049DC0000384D04006A6F040038
S21404B5800101FF0035DC0000384D04007F6F040025
S21404B59001FF0000C96E0300384D0400384D040056
S21404B5A0FF000000FDDB0000A8600400384D040026
S21404B5B0FF000000FDDB0000896F0400384D040026
S21404B5C0FF0000007DDD0000AA6F0400C16F0400C8
S21404B5D00001000007FF0000C56E0300E76F0400CB
S21404B5E0384D0400FF000000F9DA00000170040082
S21404B5F0384D0400FF0000003F6F03002F70040066
S21404B600384D0400FF000000316F03004970040049
S21404B610CB6E040000FF000079E400006E700400A6
S21404B620384D0400FF000000CDD9000088700400E7
S21404B630384D0400FF00000061D90000AB70040020
S21404B6402871040000000310FF0000003DDA00002B
S21404B6507D710400EB71040001FF000011DA0000A4
S21404B660007204004372040000FF000025D90000A5
S21404B67054720400384D0400FF000000C36E03003B
S21404B68083720400384D0400FF00000001D9000056
S21404B690CF720400CB6E040000FF0000CDD800007B
S21404B6A0107404006574040000FF0000B1D80000A4
S21404B6B07F740400384D0400FF00000095D8000095
S21404B6C08F740400384D0400FF000000B36E0300BE
S21404B6D0A37404002175040000FF000065D8000070
S21404B6E0AC750400384D0400FF00000021D80000AB
S21404B6F0C9750400F475040007FF0000E1D70000D4
S21404B700FE75040057760400000500FF99D7000074
S21404B7100A7704001D7704000002FF0075D70000B6
S21404B7204C770400384D0400FF000000B36E03009D
S21404B7305E7704009877040000FF000009D7000035
S21404B7401E78040064780400000301FFF9D60000A4
S21404B750047904004A790400000301FFED4C01005B
S21404B760EA790400384D0400FF000000C37B0300A0
S21404B770127A04008D7A040002FF0000A5F7000088
S21404B780E27A04007B71040000FF000071F70000F9
S21404B7900A7B04007B71040000FF000021F7000010
S21404B7A0237B0400384D0400FF000000F93E01002E
S21404B7B03C7B0400384D0400FF000000D13E01002D
S21404B7C0897B0400384D0400FF0000005D3E010044
S21404B7D0B47B0400DA7B040000010100010102FFCF
S21404B7E0353E0100597D0400817D040000FF000001
S21404B7F0153E0100A87D0400384D0400FF0000003B
S21404B8005D3D0100D27D0400384D0400FF000000B9
S21404B810957A0300EB7D0400384D0400FF00000019
S21404B8202D320100117E0400427E04000002FF0057
S21404B830F77803009F7E0400384D0400FF000000E4
S21404B840F3780300CC7E0400384D0400FF000000AB
S21404B850E1310100E77E0400117F040000FF0000D0
S21404B860A12F0100417F0400384D0400FF000000B2
S21404B8701D1B0100547F0400384D0400FF00000027
S21404B880051B01006C7F0400384D0400FF00000017
S21404B8906F780300857F0400384D0400FF00000025
S21404B8A05B780300B27F04002C80040000FF0000D5
S21404B8B0AD2E01006B800400384D0400FF0000002C
S21404B8C09D2D0100E3800400384D0400FF000000B5
S21404B8D0C119010027810400384D0400FF00000050
S21404B8E0A519010044810400384D0400FF0000003F
S21404B8F01D1A0100EF810400384D0400FF0000000B
S21404B900111A01007D820400C282040000FF0000B8
S21404B910DD190100F98204004A83040000FF0000D8
S21404B920091801007D830400384D0400FF00000060
S21404B930A10C0100A9830400128404000000FF0087
S21404B940A10C010067840400C98404000000FF0001
S21404B950410D01000E850400418504000002FF002D
S21404B960C977030096850400E485040007FF0000F9
S21404B970750E010000860400384D0400FF00000028
S21404B980890C0100248604004986040000FF000098
S21404B990950D0100A2860400384D0400FF00000047
S21404B9A059060100DF860400384D0400FF0000003D
S21404B9B02106010009870400384D0400FF0000003A
S21404B9C0A176030044870400B387040000FF000048
S21404B9D07DFF0000048804008388040000FF000044
S21404B9E093760300C98804001B89040000FF000046
S21404B9F07376030062890400AF89040000FF000028
S21404BA0069760300F9890400378A040000FF000001
S21404BA1063760300478A0400378A040000FF0000A8
S21404BA205D7603006E8A0400378A040000FF000077
S21404BA3057760300958A0400378A040000FF000046
S21404BA4051760300BD8A0400378A040000FF000014
S21404BA502D760300E68A0400384D0400FF0000003B
S21404BA6033760300088B0400384D0400FF00000002
S21404BA7025FA0000308B0400698B04000001FF00E7
S21404BA8051FA00008A8B0400384D0400FF000000C1
S21404BA902F760300B58B0400384D0400FF00000029
S21404BAA00DFA0000D08B0400384D0400FF0000009F
S21404BAB0C9F90000EB8B0400188C040000FF00009A
S21404BAC0B1F90000338C0400384D0400FF00000078
S21404BAD0F9E100005E8C0400384D0400FF0000000D
S21404BAE0F9E10000858C0400384D0400FF000000D6
S21404BAF0E9D60000968C0400384D0400FF000000D0
S21404BB00B5D60000AB8C0400D28C040000FF000005
S21404BB10B5D60000E28C0400D28C040000FF0000BE
S21404BB204DD60000098D0400384D0400FF000000C7
S21404BB30AB6E0300248D0400384D0400FF000000A3
S21404BB40A9D20000478D0400B18D040000FF000058
S21404BB5089D20000D48D0400384D0400FF00000094
S21404BB6071EE00003A8F0400C78F0400010000FF46
S21404BB7055ED0000E48F04003890040000FF000038
S21404BB8089ED00004D9004009F9004000100FF0022
S21404BB90F5EC0000B5900400A29104000107FF0034
S21404BBA0AF6E0300B2910400384D0400FF0000009D
S21404BBB055E60000C3910400D5910400000101007D
S21404BBC00007FF004DE500001092040021920400D7
S21404BBD000010100FF00000089ED000070920400DF
S21404BBE081920400010000FFC5E400007092040086
S21404BBF0B392040000FF000041800100C4920400D8
S21404BC00384D0400FF000000DDD20000109304004D
S21404BC10384D0400FF0000009B9C0300384D0400D0
S21404BC20384D0400FF000000658E0100384D040006
S21404BC30384D0400FF000000298E0100384D040032
S21404BC405593040002FF0000D59501005D9304009F
S21404BC50384D0400FF00000061950100899304003C
S21404BC60AC9304000200FF001D9D0300D59304005E
S21404BC70384D0400FF0000003D950100F7930400D2
S21404BC801594040002FF0000159501002A94040090
S21404BC901594040002FF0000010000000C4E002072
S21404BCA00000000000000000FFFF00000D76030007
S21404BCB00000000003000000FFFF0100817603007F
S21404BCC00000000004000000FFFF01000F770300DF
S21404BCD00000000004000000FFFF0000937703004C
S21404BCE00000000006000000FFFF000005780300C7
S21404BCF00000000019000000FFFF01009B7803000D
S21404BD006D6504008C6B002000000000000000003D
S21404BD1000000000000000008194040084BD0400BC
S21404BD200000000087940400F09E04000000000059
S21404BD308E940400C0A004000000000052630400B7
S21404BD40B0A004000000000097940400A0A0040023
S21404BD5000000000A994040090A004000000000065
S21404BD60B894040080A0040000000000C9940400F5
S21404BD7070A00400000000000000000000000000A6
S21404BD800000000094BD0400DB940400384D040059
S21404BD90FE000000F6940400ACBD040000000000A1
S21404BDA00000000000000000000000002FA10300B7
S21404BDB0FB940400384D0400FF03010001013F0416
S21404BDC00201003F040202003D040202003D040199
S21404BDD0020001020003010002023D040201000207
S21404BDE00202010002020000002020202020202061
S21404BDF02020282828282820202020202020202012
S21404BE002020202020202020208810101010101021
S21404BE10101010101010101010040404040404046D
S21404BE200404041010101010101041414141414107
S21404BE3001010101010101010101010101010101E9
S21404BE4001010101101010101010424242424242F9
S21404BE5002020202020202020202020202020202B9
S21404BE600202020210101010200000000000000061
S21404BE7000000000000000000000000000000000B9
S21404BE8000000000000000000000000000000000A9
S21404BE900000000000000000000000000000000099
S21404BEA00000000000000000000000000000000089
S21404BEB00000000000000000000000000000000079
S21404BEC00000000000000000000000000000000069
S21404BED00000000000000000000000000000000059
S21404BEE00000000000000000000000000000000049
S21404BEF0A00100009814002000021000A8520020A0
S21404BF00381600200000020800000000FFFFFFFFB4
S21404BF10FFFFFFFFFFFFFFFF000000000000000020
S21404BF200000000000000000000000000000000008
S21404BF3020000000ADC10100100000008DC2010009
S21404BF4000000001000001010001010120C001B849
S21404BF500000000000000000FFFFFFFFFFFFFFFFE0
S21404BF60FFFFFFFFFFFFFFFFFFFFFFFFFFFFFFFFD8
S21404BF70FFFFFFFFFFFFFFFF0001020203030405AC
S21404BF8006080C0C0C00010203040707C8C8C8C83E
S21404BF90C8C8C8C8C8C8C8C8030404080808080825
S21404BFA000B801B802B800B08CDB040074DB0400EF
S21404BFB00304040808050000000000000000000058
S21404BFC00000000000000000EA06000048704C0F65
S21404BFD044700E0E30707E1302989A173870340F21
S21404BFE034705A0F307048102C7048102870D011D6
S21404BFF02470E81120703E0F1C70901218700C13F9
S21404C00014703A0FB110086001D80A7104B87F782A
S21404C010020C7E78641000C6881F00A01DB87078D5
S21404C02003B018600F3027B30F330111C0480698C9
S21404C0307C0229B0086001D8087109DD047109BBC7
S21404C04011101660A048086004100112FF32215037
S21404C0500860D048086000880698381400C4441F56
S21404C06000A000BA03DF107109DF067202983603D7
S21404C0701DB8507800A04413281441158110086098
S21404C08002D8147110880698201900C014C000B88D
S21404C0900698861B0091069892020160B83020D854
S21404C0A006711EBC637C784D5412F03240DE047276
S21404C0B0404804DB08720DDD0C72044BEF30144864
S21404C0C00698F20400C4E0400054441208620132A8
S21404C0D02140087C811140D91C72B1123032CF4AFB
S21404C0E0013AB1DA107208D8067104D80871804C87
S21404C0F0237C5670684C441200C4A41E00A044144A
S21404C100413AF3240164415C412A047580B800C4B2
S21404C1106040005481D8367140D90472237C084BA1
S21404C1200698F20404BA1CB9767900C1204001B816
S21404C13035797F216121007906B906A901D80671EF
S21404C14002981002804C307C0298640208D86A7107
S21404C15000C1544000B8141110D95E71584C4412F2
S21404C16080BDA26DFF25784C4412FC22513A281457
S21404C170104C00C20CC101B82412281408622814FA
S21404C1800862281408622814304C304C00C11C4045
S21404C19000B814111814086100C5284001B85415D5
S21404C1A0FF35047110491814B04C44120862013269
S21404C1B0067102980401804C08D80C7107BA24D87A
S21404C1C0047106BA187004D80C7101BA40D80E71FE
S21404C1D002BA0A7005BA20D8047203BA204C441175
S21404C1E0C04C181408611814911138311142911179
S21404C1F0186110D90472EF3200C1084001B8141156
S21404C20010311E6111422814A111086118140698F1
S21404C2106C1B181400C1084001B814111861FF31D2
S21404C220181400C1448001B81411181408611814B5
S21404C2303088024806989403009308DB047101F8DA
S21404C24000A027B00F3000A01088B111186180D963
S21404C2500A7100C1884000B80811009100A000C40B
S21404C260684000B8441000A000C088400050041184
S21404C2708261041082601050F07200A0541550457C
S21404C2801271069802050698920407B8707802B8E8
S21404C29041781EBA5B7A5C7A5D7A00C220C001B827
S21404C2A0241206982A1900C5481F00A054155114D4
S21404C2B000C3FF010000313D09647F3406989C02E8
S21404C2C0015851280475015841280E7581110861DA
S21404C2D002D90472FF0FCC7007B8727800F8EBBD71
S21404C2E000C0441F00A00411113D10D91271FF3381
S21404C2F0186300C1781002B8381107B97479581059
S21404C30000A0069892020D300472044809DC0472F8
S21404C310084800C11CC101B8141100C3D01E00A0F7
S21404C320911504351A7218131CBB08D804716C7B5B
S21404C33004D804716A7B1DBB2F7C5B7B1670044B90
S21404C34018131CBB08D804716F7B04D804716D7B6A
S21404C350217C0C30026006987E040698C40B00B854
S21404C360B111186140D906720298580401BC00C283
S21404C370084001B800DC0A7124150265604A0A7098
S21404C3802C4A241508654C4A043508D9047120241F
S21404C39000C13C1F00A0141200DC327120D80671C4
S21404C3A001B80C70F0DA0C720CDB087102B806984F
S21404C3B08604482400C3384101B834138F7B0E71B9
S21404C3C002B9911308DB047203B928707C4914116E
S21404C3D01110FD300DDC1C7200C0A01E00A004105D
S21404C3E080D8107100C0448001B80410E52004759C
S21404C3F0804900C3884000B8FFB801201141087185
S21404C400014118130824014200C1284000B8141141
S21404C41001411C655141911520351E655141181383
S21404C4202813481300C3844000B8341003D8167188
S21404C430073005DC1071B1108F780A7200C384C40B
S21404C4400350217B1DB8507800B800C13C1F00A0E3
S21404C45014121C602150F0300152281100A0402410
S21404C460076400C0FFFF0100013C17B0022001581A
S21404C4704028067518AC01EC00A0208800C020C037
S21404C48001B8041217B4211304123052F871196457
S21404C490402400C35C1F00A0341014110698F60D47
S21404C4A01961009211592129067600BB1159069884
S21404C4B0D60D8762313B0472215A412A00A000C27D
S21404C4C0686000B8B8B91F610D49181200A030881A
S21404C4D001B9116100C30000C0FF3110312800BC4F
S21404C4E0002D0C75115418AC01EC312DF470196440
S21404C4F051134155312C009300A000C3C00FFEFF1A
S21404C50050B2313A014250AA00A006983E07FFB046
S21404C510867808715CB86B786E7800C2548001B86F
S21404C52000C0D81F00A004100812B822217A237A6B
S21404C53052B8417801B80C6021A809B819604CA813
S21404C54000C0FFD1C1FF4FB2013A00C0002E300038
S21404C55001424FAA24B86E78ACB9FFB004D804716F
S21404C5604CB923A90698A80500C0139001000698A4
S21404C5702E0500A00698020519B81460FFB28C6256
S21404C5800F32826A214006982E0549BC21B952B85A
S21404C59049B207DE2A7105DE0871627C607C1D0CD8
S21404C5A06179677864786B786278657863786078A0
S21404C5B0617C010C010C6878020C69786C78020CBA
S21404C5C000C22C8001B8277A287A267A6A78050C65
S21404C5D041790A0CB11040D806710298BA06784A16
S21404C5E02B7A327A584A247A00C400011100404A51
S21404C5F000C0108400000812508800C58410010092
S21404C600FBAD10BD01BB8A6B21B9FAA9C44A181246
S21404C610217A227A00C0341F00A00410FCA8826489
S21404C620411030300129F9A9F8ADFBB08260FBA8AF
S21404C6300330A0652110044820EC237A0410037A02
S21404C640184A2411DC4A0158002924100475315074
S21404C650F8B1115081632A71514031400812FCB17F
S21404C6608461FCA90F310E7117B0112817B1115946
S21404C6701028FA76C44AF9B11812217A227AA070E0
S21404C68000950812F8A800C20C8001B8207A844AE3
S21404C69000B80812020CA44A087A020C21B84178A1
S21404C6A0784A0B7A127A00C2C81F00A0FFB008D8D6
S21404C6B00472184A241000DC0A7140A804222410CC
S21404C6C041A806989C0200C2481F00A024100151ED
S21404C6D000C4FF01000041391150081200A006985A
S21404C6E03E0700BC00C20C8001B8217A52B84978D3
S21404C6F0020C4878020C49B8417852AC21AC204A66
S21404C700087A067A077A49AC00A059B840785AB134
S21404C71001D9FC72427857B8407858B101D9FC72F6
S21404C720427800A000C20C8001B8217A227A21B88F
S21404C730547852B8BC4A24119979127107B9156114
S21404C7404CA9617800BB03BC0C64147009B9196168
S21404C7504CA9417801BB126300C4002E300000C00F
S21404C760FFD1C1FF4FB1013941414FA9E44AC8B8CE
S21404C770081224AB4CB823A80698A80500C0049059
S21404C7800100FFB186790471084806982E0500C09A
S21404C7908009004040A809B8FFB108D9047103B85D
S21404C7A053A8B11004D80C7156BB607B57BA627A92
S21404C7B0607A02D80C7156BB607B59BA627A607A8A
S21404C7C004B86E783DB8607800C05638000000C1E2
S21404C7D0B08001B814119979087200C0D60400001C
S21404C7E000C124C000B814119F79047208484CA8EC
S21404C7F02EB8FFB108D906714AA804704BA80FB822
S21404C80034A800C00C5E000046B2014246AA00C12D
S21404C8102C4001B8141108610631087100B9069855
S21404C820501106983E14B11101D90E710698921B48
S21404C83002D906720698A00C069838145114069865
S21404C840920406982A110698641700A006984E17B4
S21404C85001D80A711CB85B7807B8757800B84CA87C
S21404C8604AA84BA800C0F321FFFF46B1013946A9E8
S21404C87004B86F7800A0FABC1964415C512C00C05F
S21404C880581F00A00410012C0675069892040698FA
S21404C890780FB110186005D8327140BA06980E1495
S21404C8A004B86578911004D816711CB86E7800C068
S21404C8B0684000B821780698781101400A721DB8BD
S21404C8C0427806984A1402985E0B1DB8717804B82C
S21404C8D06C7841B8427863784478FFB104D906721C
S21404C8E00298CA0900C004900100FFB18679047159
S21404C8F0084806982E0500C32C1F00A000C274C06A
S21404C90000B82414481300BC48121C4B1C4A2414B8
S21404C910481300BC4812084B584A2414481301BC58
S21404C92048124ABA447A427A4BBA447A427AFFB0F8
S21404C93086780472617A4CBA647A657A3DBA607A0B
S21404C9404DB942B83FBB5B7966796179020C64796C
S21404C950050C63796079050C627965795A7900C2A9
S21404C960340102B8241305B819603140081242B8DD
S21404C9706A78020C4A78020C40BCFFB208DA0671E8
S21404C9804ABA06704BBA627A657A677A667A6A79C0
S21404C990667B0298A40A00C32C1F00A000C274C0C1
S21404C9A000B8241448131C4B1C4A241448133FBCD8
S21404C9B048121C4A00BC4812084B444A2414481324
S21404C9C001BC48124ABA647A627A4BBA647A627ACA
S21404C9D0FFB3867B0472617A4CBA647A657A3DBA90
S21404C9E0607A01D94E71647800C1708001B800C0C5
S21404C9F08000080008110698860B42B861784DB985
S21404CA007F797E796A7868786278020C7B790F0C75
S21404CA107A79140C7479417860787579050CFFB2CC
S21404CA2008DA06714AB804704BB8657801BC166417
S21404CA30407002D93C710698860B42B84DB96878A6
S21404CA40407841787F797E797B790F0C7A79140C5B
S21404CA50FFB208DA087171794ABA067070794BBA6F
S21404CA607279657A6A78020C4A78050C01BC1664F9
S21404CA70020C417940790C0C00C04C0102B84810F5
S21404CA800698F20400C4784000B8007C00C0A01EDB
S21404CA9000A0041180D93271911104D92C727F2020
S21404CAA021200411FD310DDD207200C0448001B840
S21404CAB00411E521147600C0244001B804118A79D3
S21404CAC00871207C104C207C2AB86278511400C06F
S21404CAD0581F00A00410012C17B0011187680158D4
S21404CAE041280E7605218769415C412D112D06707B
S21404CAF00698920442B84DBB7C7B6478020C29B835
S21404CB0068785114404406750698920442B84478EE
S21404CB102AB84278FFB101D90C7100C1548001B81B
S21404CB20CBB80811911004D8147100C0A01E00A040
S21404CB30041080D8067107B8537800F807B800C107
S21404CB40CC1E00A000C220C001B824122811777899
S21404CB5000F8B1109478387106989C02E4B911591B
S21404CB601128067600B80C70A0B91159012904756D
S21404CB70A0B8826000C3C01F00A03413012B341079
S21404CB8000C3FFFF00FF42B13139114042A800A0A4
S21404CB901DB09178FA7142B86478020C00BA29AADA
S21404CBA000C4548001B842B84DB900C3C04001B8AF
S21404CBB03413977B047240EC020C44785C7953AAD5
S21404CBC00A0C281442B84DB9FFB301DB2671244C75
S21404CBD000C3FF0FFF013814547940784178557923
S21404CBE0020C5B795A79140C5F795E794A7842783C
S21404CBF0347002DB1471527951795079020C5B79E6
S21404CC005A795F795E791E7004DB1A7100C4FF07D7
S21404CC10000000C3342102B848133FBB467B020C15
S21404CC205B795A793DBB407B4CBB447B457B00C358
S21404CC30301F00A03414403C207100C068C000B807
S21404CC40481028131C4B1C48341448102813144B43
S21404CC5044483414481028134AAA4BAA04B86D78DA
S21404CC601DB851785CB84B784E7800A000C074C0EC
S21404CC7000B80411108800B9181068480411108808
S21404CC8001B90B6118102C4804111088008800C1E3
S21404CC90231C000018104AB864784BB86478260C35
S21404CCA028B000C1FFFF0FF0113871B90B611140B5
S21404CCB028A828B97379747900C21010303045AAB0
S21404CCC054790E0C00C0E84001B8041100C230309C
S21404CCD0101045AA0E0C0410008810880698620DE1
S21404CCE00091009020888F618F600698620D0090F6
S21404CCF0886A21400112906A035800C13F3F000031
S21404CD001138FFBC022441281138014245AA28B92B
S21404CD1053794AB844784BB8447800900091181078
S21404CD2000912C48181000916848181000A09168CB
S21404CD30436091694361115B012B112841603128DE
S21404CD40315B00BA302806763128204A4163302801
S21404CD5006763128104A4163302806763128084A78
S21404CD604163302806763128044A41633028067623
S21404CD703128024A416330280476014A00A011593A
S21404CD8010D906710860086008D90471086004D9CF
S21404CD900471046002D90471026001D9047101604F
S21404CDA000A000BA01D806710148112A1F6101606B
S21404CDB001D8F6720138F67200A000C220C001B88D
S21404CDC0241211592129127300210E7100C238C091
S21404CDD001B824120121212900A002B020D8147120
S21404CDE000C0B01E00A0041002B945790698761358
S21404CDF0EA7003B09F78087200B806A800F8069890
S21404CE003E0700C5641F00A05088044D1CBC00C02B
S21404CE10B41E00A0811101D91E71407C0095011535
S21404CE200C4D5088044DFFBB1863315B0411069803
S21404CE30EE0D3129F8750698681A54150698921B53
S21404CE4001D908720698580706700698F4071CBBA2
S21404CE50547B06984E1701D8067202981A0FFFB92B
S21404CE6001211038F67281129B7AF07100C2448058
S21404CE7001B8241400C0C01E00A004100113002032
S21404CE80041040500C7200B90698280F18B90A709E
S21404CE9018B90698280F00B900B806981E0F704AED
S21404CEA008B806981E0F00C2284000B814B80698A2
S21404CEB01E0F00C2EC4001B80CB806981E0F2022C4
S21404CEC010B806981E0F10883088069858070093E6
S21404CED000910698280F00C0C41E00A00412FFB9D3
S21404CEE0012121411810009500F83128112804105A
S21404CEF0081200A004B831281128F8B1181000A0B0
S21404CF00069880080E700698C40B06988008069843
S21404CF107212069812079112211900C02C4001B80B
S21404CF200A78097800F810B901BA06980414069825
S21404CF302A110698641700C5641F00A081109D7806
S21404CF40FC7200F8911203321CB900C3A01E00A0A4
S21404CF50341300C4B04000541DB84278707903DE20
S21404CF60067144783A707179A11020D80671029837
S21404CF70541080DB1C7102D8187205B80814A1106E
S21404CF8010300248081400B80814911008600814F9
S21404CF901DB86278A11000DC0676517900BA0698AE
S21404CFA04E1701D82272911120311D61911004D8B8
S21404CFB00E7200C1501F00A0141101D90A712088F6
S21404CFC006985011009200C1204000B801DB187189
S21404CFD0084C03DE0471904C441400C3FF1F000089
S21404CFE0413BFF233811944900C3384101B8341338
S21404CFF0086380DB0C7103BA186206983C1008704C
S21404D000186206983C100C490879097914102140D6
S21404D010081100A000BD0698760210B903DC04715E
S21404D02000B901BA0698041402D9067100404E727B
S21404D03003B118610F3106987811FFD82872811051
S21404D04008D8187106DD0A710698760203DC0C729D
S21404D0500698BC1106984A140C7006DD10710698E2
S21404D060C211487020B804A806DD1072069880081D
S21404D0700698120701F840B804A800F800C0A01EDD
S21404D08000A00413086301DB2271911001111861DA
S21404D09011381DB910D8087144790298541002DB6F
S21404D0A0FA72A11328DBF47203BD06981E110698C3
S21404D0B080081DBA7F7A0698F20400C5681F00A08F
S21404D0C00698760200BA03DC1672044DA11002D844
S21404D0D004711C4D00C10CC101B80698AE04541569
S21404D0E0212D06983E050298AA089110015503358D
S21404D0F05150011900A000C14C1F00A0141001D803
S21404D100427101480860FE200E75811020D808710F
S21404D11000C1501F00A0141101D9287100C02C4072
S21404D12001B80412215108610F31186111522810F8
S21404D13000C0084001B80411911221512031115247
S21404D140211900A0811380DB067201B800A000C379
S21404D15014C001B8341006302E726C4B34121C4BBB
S21404D1603410186002302072811080D8DE713410BA
S21404D170014A08620460803021508C480A717F237B
S21404D1804D233410013000A000BD06981E111CB8B3
S21404D19047784578437802B8447800A00698800813
S21404D1A00698BC1100C5741F00A0541506983E05C9
S21404D1B00298AA08B1138F7B0A7200C384C4035072
S21404D1C0017B06983E1400C1384101B814118F79CA
S21404D1D00E7100C1B84000B800BA06983C1050BAA8
S21404D1E006980E1406987811FFD84A71911004D840
S21404D1F04872811008601CD8407220D93872111207
S21404D200FF322151347180218021111400C0D81EB0
S21404D21000A00413FFBA3151113A215111531DB91C
S21404D22038107B7940440E7200B900C2AC1E00A0D0
S21404D2301812067004B860780698381400F800B916
S21404D24000C2A44000541812644A0AB918121CBA40
S21404D250507A517A1DB942795F7900A00698760211
S21404D26007DC1072911000200A7506987212029854
S21404D270660F0698120701B9911004D8047100B914
S21404D28010BA0698041400BA0040347100C0A01EF8
S21404D29000A00411086101D9127104D9E272811048
S21404D2A0086001D8DA711DB8647800C11CC101B8E1
S21404D2B00698AE0401B81160002A047600BA00C5C8
S21404D2C0781F00A05415212D069872120698580748
S21404D2D000C57C1F00A000F800BC811108D9167296
S21404D2E080D9207201B910BA0698041400400E7151
S21404D2F001BC10700698BC1106984A1420B804A8FD
S21404D30000F80698721281110231127100B900C237
S21404D310144000541812244A02B918120698BC1174
S21404D32000C5801F00A054150698F01A0298AA0893
S21404D3300411012114711CBA737A042004122811F2
S21404D340042004110121F47200A00698F20401F8E6
S21404D35006984E1701D81671FFB9012110380E72BF
S21404D36081109B78087104B9677900F8911010D879
S21404D370287100C51CC101B854110698EE0D00C5ED
S21404D380C81E00A054155129EA7507B876781DB84A
S21404D390447801B804A800F8B110186010D82E71AB
S21404D3A000C05040005400C3084000B83114984CE4
S21404D3B044113411086101D9FA7144122810086224
S21404D3C028100862281008622810E8700298B00234
S21404D3D006989202113804721E6202BB00C1D81E5F
S21404D3E000A0141120390C72911210DA0672417BD7
S21404D3F000A006983E1400C2A01E00A0241220DA44
S21404D4000472617B1CBA527A00A01CBA727A81122A
S21404D41004DAFC7200A01CB86B7800C0684000B840
S21404D4202F7800A006984E1701D83A7100C22C40F7
S21404D43001B8241003609111203101513831115084
S21404D4401D6008121DB9457900C2448001B8241233
S21404D45000C0C01E00A00410182000200410205095
S21404D4600471657910631EB9637900B902EC00CDC6
S21404D470114502EC00CC01DB087100BB0298D618FB
S21404D48003B841110731FA211C760621911210DAED
S21404D490087102DD10721E7020B80698B20D30387E
S21404D4A0147208B806987E0400C02C4000B8297888
S21404D4B0207800F8056020D8067102980C1602EC55
S21404D4C000CA05B823DA187104DBDA7120DAD671DB
S21404D4D010DAD2721EB8617800B801DA067202EC6D
S21404D4E000C8911110D9267100C1B81E00A01411ED
S21404D4F01150FF300C720761A110115002300A71EE
S21404D50080DB0A720AB89E701DB97C791860911186
S21404D51011402111C031114001191EB8411108D91A
S21404D5200471667820D904726578A11002D8067250
S21404D530C0DA1E711EB8273123DD087210DB1072A4
S21404D540607825DD0A7121DD087208DB04716278D3
S21404D55003B8411107310872A1152035AA7102DDFE
S21404D5602072A11120D9A07102D91672CCDA987251
S21404D570411140D9927206B8054D5A720298AE14FB
S21404D58021114049C0D94C71A0314115403502657E
S21404D59051410461086308DA1E7204DA36721049CF
S21404D5A0A1150235067110DB0E7201340A7108DB10
S21404D5B022711EB86778CC3211101A300ADC087251
S21404D5C0CCDE0471FD3100C00D0F0C0D216001D8B6
S21404D5D05C7207B80298D81400BA411108D90C71C5
S21404D5E002EC00CA05B830DAEC720734F031036195
S21404D5F001DA0471014900C0F300A3E3216001D8F5
S21404D600D27100C09814406821604030014440DA6A
S21404D6100471204C04320262204A111006301F6046
S21404D620014218311D6111420298F614204A00C0C6
S21404D630051708502160113001422088FFBB0DDA1F
S21404D640507100C1DE1B250180BC04DA107208DAB2
S21404D6500A7200C120841000E024A0240863414319
S21404D660026401DA06711E49024B00C0201F00A0A6
S21404D67008633810BC2002DA127101B91159A113DB
S21404D68080DB087100C100FCFF01181002986218C4
S21404D69000C4A01E00A0441080D87C710092D0DA8A
S21404D6A006710DDA0C711EBD437DEFBD069814039A
S21404D6B004620DDA8672A11105D95C7100C240407D
S21404D6C0005424121424281401D9067202D9327183
S21404D6D040D91E7102EC00CA211018320471FA22D5
S21404D6E020D804720822FE22087502EC00C8F870DE
S21404D6F001D90E7102EC00C802D9067204DC187255
S21404D70000C0A01E00A004101D6001D806711EB83B
S21404D710647807B873780298D61800C0A01E00A0D4
S21404D720041080300A7100C0C41E00A0041000A0BB
S21404D73006984E1701D82E71911010D828728110B1
S21404D740A0D8227203B084781C7200C12C4001B8A1
S21404D75014100DBA487A697A6B7A08111CB87B786B
S21404D76007B8757800A0641000C6881F00A0C3B868
S21404D77006987C0200C4441F00A014BA281400B8FB
S21404D780011AB1108F780A7200C084C4035001785D
S21404D79091101030011905BA06980E1402D90671B4
S21404D7A001B804A800C0A01E00A0041306986411C3
S21404D7B080DB0671029858141DBA7C7A01DB6A7104
S21404D7C000C2241F00A024111114FF3402EC00C868
S21404D7D0FF24FA7608610698C20D046111380F30EA
S21404D7E004611114011141100698C20D01D8087283
S21404D7F003B80298D8140C4A01DB227124101128AD
S21404D8001128041202300471106200C0FFFF0000E9
S21404D810213800C2204000B8FF20081241100860DA
S21404D8200698C20D01D87C7120BC1033767100BBFB
S21404D83000C1201F00A01415C021112C511218621B
S21404D8400F320E71408851140698FA18414300941A
S21404D850511208651C620F320E714111511406985C
S21404D860FA181C6441430865513B00C1DC1E00A045
S21404D8701411111231100F30127100BA056101D85B
S21404D8800471114201600FD8F472311003601E3027
S21404D890047201B8003A087204B80298D8140298C0
S21404D8A0C41600C0384101B804118F7914717F2062
S21404D8B0692004110861303110DD06711DBA637ADF
S21404D8C00698120300F830885088FF34087102EC7A
S21404D8D0FF24F87002EC00CD1410595001440421C2
S21404D8E0FF22F2720F4C0095009300A000C1A81E00
S21404D8F000A0141100A030880698421B811108610C
S21404D90002D906720298061A1CBB557B086120D9F8
S21404D91006710298F6190088A11018600698201956
S21404D92008211415FC251EBB5C7B5D7B00C10840EA
S21404D93001B814110731FE21307608D82A72511323
S21404D940FC23341304DB20711863FF33315B00C1FE
S21404D95010C000B81411086180490C71FF313029D9
S21404D96054751EBB7B7B10707B7B7C7B00DD047157
S21404D9707D7B01BB3815EC25541300DF5471042558
S21404D98005DF54715415211120880698EE0D009277
S21404D99051293E7500C1084001B8141102DB0C7110
S21404D9A00731315B31292A760C7004DF0872016175
S21404D9B080D91E720698201900C010C000B80698B8
S21404D9C0861B069820191411FFD9607202984C1A07
S21404D9D00090009300A05415A111186110D9A672E6
S21404D9E0082508D8A071082510D89A712088211116
S21404D9F00698EE0DFC255412112AF82554110C2510
S21404DA0020D80871F02554111025202904762159B0
S21404DA10181500920298B81907B97179811010D8B0
S21404DA200A711CB8447802B841781CB9747904B9F0
S21404DA30677900F88110A0D808711CB9497900A04C
S21404DA40086002D8FA7106982019108806983E14C1
S21404DA50106210DA087108211415F025541100C25A
S21404DA600020FEFF202912750698921B01D90A721F
S21404DA70069880080698120700941CBB41100C20D8
S21404DA80069864134111082114100698641331286B
S21404DA90441111120861FF31FF3201221052107234
S21404DAA01861181404244413042438140C701861E0
S21404DAB02141181408240814029838144044147198
S21404DAC000C1AC1E00A0141551131C630FDB0C72AE
S21404DAD0196506980205411500A000C3784000B8F1
S21404DAE03413807B06720698120706983E1408BB09
S21404DAF051140698B01A4415FC25541500C37840F2
S21404DB0000B83413807B047100A002983E051CB94B
S21404DB1000C3A01E00A03413086308DB1A71811327
S21404DB20A0DB0671497910706979086302DB087214
S21404DB3004B9677900F800A08111086102D9107150
S21404DB401CB97579069820191411FF3100A0FFB985
S21404DB5000A0041008211411F421081100A081115A
S21404DB60106110310E710698201908211411F8213D
S21404DB70141100A0CCDD040000000000A4DB0400A7
S21404DB80010000000000000000F04902CCDD0400A3
S21404DB9000000000C8DB04000100000000000000D4
S21404DBA000F04902ECDB04004063598F404B4C0004
S21404DBB00B000B001A00FF7F206C00200000000002
S21404DBC06EE0040000000000DCDC04004063598FB3
S21404DBD0404B4C000B000B001A00FF7F206C00200B
S21404DBE0000000006CE0040000000000FC1F0103BD
S21404DBF0CCDF04001CC0011000F807001CC0013074
S21404DC001402080050C00100874130042440060175
S21404DC1007006200387000000000000000000003E7
S21404DC200068010F40B8244058400101FC00690018
S21404DC30804005012363E0119BC34A74F00300008F
S21404DC4003800000BE0A0000E0400101330000002B
S21404DC50F0400401590B0000640483078813C83A93
S21404DC6090200A0028410101001E00003C410B01DF
S21404DC7000148C00141A21282E343B424950435574
S21404DC807698BA0C28690000010000000721286471
S21404DC9014171A002004C869A1203A093C4201015D
S21404DCA029000000A080020170780300D5C000009F
S21404DCB0A8800111F0010000A88001310542CB01C3
S21404DCC0AC800111F0010000AC80013105228D000A
S21404DCD0B080010100030002FFFFFFFFFC1F0103E9
S21404DCE01CE004001CC0011000F807001CC0013032
S21404DCF0F502080050C001008741300C244006019C
S21404DD0007C05200000000000000000000000003EE
S21404DD100000000000000000584001016402FF00FB
S21404DD20804005014B01A0089BC34A74F003000021
S21404DD300000000000000000E04001013300000085
S21404DD40F040040100000000640483078813C83A06
S21404DD509C200A0028410101031000003C410B01ED
S21404DD6000000000000000000000000000000000AA
S21404DD700000000000000000010000000000000099
S21404DD800000000000000000000000003C4201010A
S21404DD9000000000A080020170780300D5C00000D7
S21404DDA0A8800111F0010000A88001310542CB01D2
S21404DDB0AC800111F0010000AC80013105228D0019
S21404DDC0B080010100030002FFFFFFFF0C400200C9
S21404DDD0018014007F400000204002000000000084
S21404DDE000000000304007000000000000000000B3
S21404DDF0000000000000000000000000000000001A
S21404DE00A007000050400100000000005C40020033
S21404DE100000000000000000A84001000700000009
S21404DE20B440040000400000FF4C00000041000025
S21404DE30FF4D000008C001000000000020C00110D3
S21404DE40FF00000020C001300043000024C004008E
S21404DE50EC80B3034375A802000000002E02000005
S21404DE6054C003000E2D09E654060708D1B6020076
S21404DE7064C008000430000040201006C8F24818A9
S21404DE801FE8F600BD4B721511A318051032547620
S21404DE90980A000088C00100000000000800010184
S21404DEA00407000018000101000000002000010122
S21404DEB0088400001C4002011000000020F913042E
S21404DEC05C4005014108000001000000B00708009E
S21404DED0A700000000000000944007010101103074
S21404DEE050707F7F0000000000000000000000006B
S21404DEF00000000000000000E440010100000000F3
S21404DF00EC4001017DA8D98B00410201006120008C
S21404DF10B75635120C410301F95412002030042977
S21404DF2088BB400024410101000000003041030189
S21404DF306406660C0C010000E853FA00684103010D
S21404DF406404830788138200000000003042030143
S21404DF50000000000000000E000000004442010122
S21404DF600000000010800101030000003880020158
S21404DF701149100001000000888001010000000023
S21404DF809C800101EB400200B480010137000001CF
S21404DF9088000202000C00044C00000094000102F9
S21404DFA000040000D00002020E0000009002960852
S21404DFB0E40001023D094204F400010200000000EE
S21404DFC01801010260005102FFFFFFFF120000006B
S21404DFD0666666000000000080E0040070E004004E
S21404DFE000000000001A9A00005A620280841E0094
S21404DFF00420FE001149500200000000000000004A
S21404E000000000000000000000000000B1841E00B4
S21404E01000000000000000000000000012000000E5
S21404E020666666000000000080E0040070E00400FD
S21404E030000C0000001A9A00005A620280841E0037
S21404E04004200000114950020000000000000000F7
S21404E050000000000000000000000000B1841E0064
S21404E060000000000000000000000000050400009E
S21404E070E1190000E11900000000000000000000A3
S21404E080193F0106041001000001010600102700D4
S21404E090000900000000000000000000F1CA0100B2
S21404E0A0A1CA0100ADCA01009DCB0100D5A603009C
S21404E0B06FAC030073AC030077AC03007BAC0300C7
S21404E0C07FAC03000001030464EE010010000000AE
S21404E0D024E101001A00000079EB010011000000A1
S21404E0E075E401001100000063E51100040000005F
S21404E0F023E111000400000025E1010008000000EF
S21404E10026E101000A00000027E1010002000000E9
S21404E110000000000000000088E2040077E204002B
S21404E1200000000089E20400AFA50400000000001F
S21404E130A9A50400ABA5040000000000ADA50400DA
S21404E14055E204009EE20400B0A50400AAA504005B
S21404E15000000000AEA504006CE10400A7A50400BE
S21404E160A8A50400ACA50400A6A5040000020304A8
S21404E1700508090A0B0001020304051D2000B4016A
S21404E18008020200AA00FFFFFFFFFFFFFFFFFFFFDA
S21404E190ED0803002528020091570200113C0300F5
S21404E1A0A15A0200A1B30300A3B30300A5B303005E
S21404E1B0A7B30300D9D2020049A80200F1EF020077
S21404E1C0AD350300B14702009DB30300D5AC020091
S21404E1D061260300C53802009FB30300519C030068
S21404E1E0BD3F02002771030000000000001300007A
S21404E1F00000000000000000000000000100000015
S21404E200BDB002000200000017C5030003000000B2
S21404E21015B002000400000091C4030005000000CD
S21404E220B5AF020000000000000000000023001B41
S21404E2302200FF00000000000C090202000000009B
S21404E2401C1A0B0303FF06080402020204020A0B4C
S21404E250030302030480FF0204FF01010101080016
S21404E260000000000000005A6967426565416C6C56
S21404E27069616E636530398000001838103000001C
S21404E280000000008F8E8C8081815A696742656524
S21404E290416C6C69616E6365303906080C10800049
S20C04E2A03C6AFB7F010000004C
S21004E2A8B4E20400E8670020E80100006F
S21404E2B40000000000000000FFFF00000100000052
S21404E2C40000000000000000000000000000000041
S21404E2D40000000000000000000000000000000031
S21404E2E40000000000000000000000000000000021
S21404E2F40000000000000000000000000000000011
S21404E3040000000000000000000000000000000000
S21404E31400000000000000000000000000000000F0
S21404E32400000000000000000000000000000000E0
S21404E33400000000000000000000000000000000D0
S21404E34400000000000000000000000000000000C0
S21404E35400000000000000000000000000000000B0
S21404E36400000000000000000000000000000000A0
S21404E3740000000000000000000000000000000090
S21404E3840000000000000000000000000000000080
S21404E3940000000000000000000000000000000070
S21404E3A40000000000000000000000000000000060
S21404E3B40000000000000000000000000000000050
S21404E3C40000000000000000000000000000000040
S21404E3D40000000000000000000000000000000030
S21404E3E40000000000000000000100000000F0012E
S21404E3F40800000078100020010023010400000037
S21404E4048010002006003001010000008410002063
S21404E414FFFFFFFFC0EA2101C0EA210100800000DB
S21404E42400F049026069002000600B0000800000D0
S21404E434CC360020C8000000FE00000000000000E7
S21404E444E096040088100020FFFFFFFF949A04005F
S21404E45433000000F1F5000033000000F7750300F4
S21404E464271604002B160400381604004516040068
S21404E474521604005F160400721604008416040080
S21404E484911604009E160400AB160400C01604007D
S21404E494D3160400E5160400FA160400091704004B
S21404E4A41A17040029170400391704004517040032
S21404E4B45217040062170400741704008317040038
S21404E4C4921704009B170400B0170400C517040031
S21404E4D4DA170400FA1704000818040027180400BE
S21404E4E4421804005518040062180400771804003F
S21404E4F48618040095180400A7180400B918040024
S21404E504CC180400DF180400F5180400000000000A
S21404E5140F000000FF0000000000000000000000E0
S21404E52400000000000000000000000000000000DE
S21404E534000000000030E70400C818036621040045
S21404E5446B21040098210400C3210400F121040073
S21404E5541F2204004E2204007B220400AB22040083
S21404E564DB2204002B230400FFFFFFFF00F8030054
S21404E574FFFFFFFF0000040000000400005C260503
S21404E584BC6A002006000000A0BC040000000000D2
S21404E5940100190001000000544200200100190083
S21404E5A4010000005442002001001900010000008C
S21404E5B454420020010019000100000054420020C7
S21404E5C40100190001000000544200200100190053
S21404E5D4010000005442002001001900010000005C
S21404E5E45442002001001900010000005442002097
S21404E5F40100190001000000544200200100190023
S21404E604010000005442002001001900010000002B
S21404E6145442002001001900010000005442002066
S21404E624D0460020000000000000000018A60400E5
S21404E6340C4E0020706B0020CC500020699404001B
S21404E64406000000000000000000000000000000B7
S21404E65400BD040018BD040074940400384D04007E
S21404E664FE000000A06B002000000000DC50002028
S21404E67444510020AC5100200000000000000000BB
S21404E684000000000000000000000000000000007D
S21404E694000000000000000000000000000000006D
S21404E6A4000000000000000000000000000000005D
S21404E6B40000000067A20300ECBE0400FFFFFFFF97
S21404E6C4ABA50300A7A50300FFFFFFFFAFA5030048
S21404E6D4FFFFFFFF1DF60100FFFFFFFFFFFFFFFF25
S21404E6E4FFFFFFFFFFFFFFFFFFFFFFFFFFFFFFFF2D
S21404E6F40000000020A1070000000000F1E703006A
S21404E70400000000000000000000000000000000FC
S21404E71400000000000000000000000000000000EC
S21404E724EC560020191E0200A9370200384D0400D6
S21404E73400000000000000000000000000000000CC
S21404E744EC560020B124020000000000384D0400FA
S21404E75400000000000000000000000000000000AC
S21404E764EC560020F52E0200A9370200384D0400AA
S21404E774000000000000000000000000000000008C
S21404E78461950400EC5600204D3C02000000000095
S21404E794384D0400000000000000000000000000E3
S21404E7A400000000EC560020D150020000000000D7
S21404E7B4384D0400000000000000000000000000C3
S21404E7C400000000EC560020415602000000000041
S21404E7D4384D0400000000000000000000000000A3
S21404E7E400000000EC5600203D6B02000000000010
S21404E7F4384D040000000000000000000000000083
S21404E80400000000B80B0000EC560020AD700200B7
S21404E81400000000384D0400000000000000000062
S21404E8240000000000000000EC5600200D7C0200EE
S21404E83400000000384D0400000000000000000042
S21404E8440000000000000000EC560020D17D020009
S21404E85400000000384D0400000000000000000022
S21404E8640000000000000000EC56002099BA0300E3
S21404E87400000000384D0400000000000000000002
S21404E8840000000000000000EC560020F98302009B
S21404E89400000000384D04000000000000000000E2
S21404E8A40000000000000000EC560020698A020004
S21404E8B400000000384D04000000000000000000C2
S21404E8C40000000000000000EC5600201BC70300F4
S21404E8D400000000384D04000000000000000000A2
S21404E8E40000000000000000EC560020A1EF020027
S21404E8F400000000384D0400000000000000000082
S21404E9040000000000000000EC560020110803007C
S21404E91400000000384D0400000000000000000061
S21404E924000000000000000023D00300EC56002082
S21404E9341D360300A9370200384D04000000000009
S21404E944000000000000000000000000EC56002058
S21404E954E13C030000000000384D04000000000001
S21404E964000000000000000000000000FFFFD007C5
S21404E974B80B0000600EFFFFFFFFCEFAEFBEFFFFEA
S21404E984FDFFFDFF0C002C01001E2C014006800038
S21404E9941027FFFF04F8FFFF0C000000000000002F
S21404E9A44000FDFF2C019C000000FFFFFDFFFFFF5D
S21404E9B4FFFF60EA8000800010C1CDAB0A0132017B
S21404E9C4FFFFFFFFFFFFFFFFFFFFFFFFFFFFFFFF4A
S21404E9D4FFFFFFFFFFFFFFFFFFFFFFFFFFFFFFFF3A
S21404E9E401FF05FFFFFF0101FFFF0201FFFF6402B1
S21404E9F450FF0F010208031E0605021601010A0C45
S21404EA04052007051010010F080410010601010172
S21404EA1404FF030101FF0C01FF405AB47F01504078
S21404EA243000FFFFFF0B03FF050B0101FF03010387
S21404EA3405020201FFFFFFFFFFFFFFFF010102FFC4
S21404EA44FFFF40FF01010000BD4C0000954C000090
S804007F1567
