S01B00006275696C642F72656C656173652F7A69676265652E73333714
S21400400008100020B182000045CA0000690D0300B8
S214004010690D03004DCA000055CA0000690D030073
S214004020690D0300690D0300690D0300690D0300A7
S21400403059CA000028510400690D0300690D0300E9
S214004040690D0300690D0300690D0300C97D0000BA
S214004050690D0300690D0300690D0300690D030077
S214004060690D0300690D030059CF0000690D0300B8
S214004070690D0300690D0300690D0300690D030057
S214004080690D0300690D0300690D0300690D030047
S214004090690D0300690D0300690D0300690D030037
S2140040A0690D0300798600005D860000690D030037
S2140040B0690D0300690D0300690D0300412302002A
S2140040C07B68030077680300A51A02009168030066
S2140040D07F6803000123020083680300350702009F
S2140040E081230200690D0300690D0300690D0300BA
S2140040F0690D0300690D0300690D0300690D0300D7
S214004100690D0300690D0300690D0300690D0300C6
S214004110690D0300690D0300690D0300690D0300B6
S214004120690D0300690D0300690D0300690D0300A6
S208004130690D03000D
S214004134F0B5114A114C124E00F00105E3695F0711
S21400414413D40DB9334213D103EA00078F4207D1C3
S2140041540B4A1A40002A14BF6FF001000020F0BD7D
S214004164013AEBD16FF00200F9E74FF0FF30F6E7C3
S2140041746FF00100F3E700BF80969800000003503C
S214004184020001000B4B70B5D96911F480310DD1D2
S21400419401244FF48072084E084DF46020462C64C7
S2140041A41A61FFF7C5FF3464EC6070BD6FF0010060
S2140041B4FBE700BF0000035000100350002003502C
S2140041C438B541F6713301220C4C0021E569E363EE
S2140041D40B4B05F48035DA600223606121202361ED
S2140041E4FFF7A6FF10B92120FFF7A2FF0122054B17
S2140041F4DA600DB10023E36338BD00BF000003504E
S214004204001003500020035070B5134C6061E3693E
S2140042145B071ED40E4656F8043B8D18A361AE42C7
S2140042240BD10423002121202361FFF781FF58B915
S214004234BDE870402120FFF77BBF08210846FFF742
S21400424477FF10B10423236170BD56F8043BA361C5
S214004254E5E74FF0FF30F7E7000003502DE9F84399
S214004264154641F67132164B8946DF69DA63012238
S214004274064603F58053DFF8508007F48037DA608B
S21400428455B9284601220F4BDA601FB10022A3F568
S2140042940053DA63BDE8F88306F5005404EA08041C
S2140042A4A41BAC4228BF2C46494622463046FFF79C
S2140042B4ABFF0028E6D12644A1442D1BE0E700BF4F
S2100042C4000003500020035000E0FFFF45
S2140042D02DE9F04F4FF0FD0BC9B09A460DF11B09C2
S2140042E09DF8503108AFCDF80C90CDF808B0019786
S2140042F0059303890446009383790E4690464188C9
S2140043008288407812F068FD054650B10090A38878
S214004310002062883A4913F0A3F8284649B0BDE861
S214004320F08F99F800002FF0FAFD38B12846A388E0
S2140043306288344913F094F88D25EEE75A463946DC
S21400434099F800002FF093FD8346002851D0529B29
S2140043501BB1BDF84C3198424BD8002399F8009019
S2140043600793A9F14102012A5FFA8BF123D8384658
S2140043700139254ADFF898C05FFA81FE734513DBE2
S214004380059B04210792C3B907AF18221F489FED6B
S2140043901A7B02FB060420460A460830394684ED9E
S2140043A0027B17F085FD11E010F8011F0133514024
S2140043B00CFB01F2E2E7059B33B123464A4638463A
S2140043C0009610F08BFCA8E70829DED9B8F1000F9C
S2140043D001D088F80090BAF1000F01D0AAF800B01A
S2140043E0529B002B99D05A46184608A917F060FD34
S2140043F093E7012591E700BF0000000000000000E1
S214004400FBF9030030FA0300C59D1C81F010002064
S21400441093010001000000002DE9F04F93B0CDE9B4
S2140044200A32DDE91C530E9353EC102BCDE908013C
S214004430104619468DED060B1E9E16F0C3FF80B182
S214004440DDE906014FF0FF32C54B16F0E3FF40B939
S214004450DDE906014FF0FF326FF4801316F0BCFF63
S21400446070B1DDE908019DED060B0E9B1E96CDE9A9
S2140044701C53DDE90A3213B0BDE8F04F00F088B9EE
S2140044800022DDE90601002316F0A6FF002800F052
S2140044903381DDE906A303F1004BCBF30A5016F493
S2140044A08063A0F2FF3008BF06250F9316F0B8FC15
S2140044B09BA3D3E9002316F01DFD9BA3D3E900239D
S2140044C016F062FBCBF31304894644F07F51804616
S2140044D00022A44B504641F4401116F053FB94A31F
S2140044E0D3E9002316F006FD02460B464046494631
S2140044F016F04AFB16F098FF044616F091FC8EA3C1
S214004500D3E900238046894616F0F4FC0022964B39
S21400451016F03AFB16F088FF89A3D3E90023074676
S2140045204946404616F0E6FC80463846894616F070
S21400453077FC85A3D3E9002316F0DCFC02460B4685
S2140045404046494616F01EFB02460B46CDE90C23B4
S21400455016F0D0FCDDE90C23804689461046194645
S21400456016F012FB0022CDE91001804B404649466A
S21400457016F0EAFD00227E4B16F006FB02460B46BE
S2140045804046494616F0E0FD00227A4B16F0FCFA4B
S21400459002460B464046494616F0D6FDDDE90C239A
S2140045A08046894600204FF0804116F0EBFA02461E
S2140045B00B464046494616F0E7FA02460B46DDE94A
S2140045C0100116F0C1FD07F2FF3700226A4B16F005
S2140045D0DBFA00223B0516F08DFC52465B46804611
S2140045E0894616F017FF002840F08980CDE90C892F
S2140045F004F16303C62B8CBF0527042731051BD5A2
S21400460053A3D3E900235046594616F0F9FE002876
S2140046107FD051A3D3E900235046594616F0DCFE5E
S214004620002876D00027A542C6BF2C1B04F1FF3514
S21400463000253C4646F480660E9B9F422CBF4FF0FA
S2140046400008A3EB070816F0020903D0002F18BFD6
S2140046504FF000083CB1DDE90C235046594616F0F1
S21400466073FD82468B46DDE906010022002316F024
S214004670B3FE10B10BF100439B46DDE9080126F4BA
S2140046800063CDE90183DDE90A324BEC10AB0095FF
S21400469000F07EF802465FB3DDE9091316F0200F3E
S2140046A000F10105089E0CBF65204520B047DDE9F6
S2140046B008010523002205930A23002CCDE90232C7
S2140046C007F1FF374FEAD473B8BF64422A46019316
S2140046D004970A9B009431F03EFA0246B9F1000FA7
S2140046E006D00B9BC41A0B9B1A190E9BA34245D8E7
S2140046F0104613B0BDE8F08FDDE906ABCDE600222C
S214004700404649461A4B16F01FFD013CCDE90C0108
S2140047106EE7002D90D00F9B002B8DD0013D8BE7D0
S214004720FB799F501344D33FB3C8608B288AC63F9B
S21400473061436F63A787D23F71A379094F930A40FD
S2140047401655B5BBB16B0240EF39FAFE422EE63F76
S2140047502D431CEBE2361A3F0000000080842E41F9
S214004760FFFFEF7F0000F83F0000E03F00002C4016
S21400477000002440000018400000F03F2020DDE943
S2140047800913089DA8470134ADE700BF00000000EC
S2140047902DE9F04F5BEC10AB97B0CDE90501DDE9F4
S2140047A02058CDE90723504652465B465946229F7D
S2140047B016F008FE70B90323CDE902870193AA4BD1
S2140047C00093DDE90501DDE9072331F0F6F817B0BF
S2140047D0BDE8F08F4FF0FF326FF480135046594615
S2140047E016F0FAFD28B10423CDE9028701939F4B0A
S2140047F0E6E74FF0FF32504659469D4B16F00AFE4C
S21400480068B19C4A07F00403002B08BF03229A4BAA
S2140048101CBF13460422CDE902870192D0E750461A
S2140048208DA3D3E90023594616F0F4FD38B98CA3BE
S214004830D3E900235046594616F0CEFD68B1DDE9AF
S2140048400723DDE905014BEC10ABCDE92187209568
S21400485017B0BDE8F04FFFF7DFBD0022002350463B
S214004860594616F0B9FD002800F091805B46524686
S2140048700020002116F086F9012382468B46099314
S21400488017F4806400F08580092D40F285800024AE
S21400489030210EABA5F109020134202C03F8011BD0
S2140048A0A5EB040901D09442F6D15946504616F0BD
S2140048B0BBFD724B054603EBC90393ED007B8DED04
S2140048C00A7B16F0ADFA02460B465046594616F0DD
S2140048D059F9DDE90A2316F00DFB02460B46CDE931
S2140048E00C2316F0C9FD064616F08AFA02460B4659
S2140048F0DDE90C0116F046F902460B46CDE90C231D
S21400490000225F4B16F086FD002848D00136304660
S21400491016F076FA02460B46DDE90A0116F066FD49
S21400492008B100260135B9F1000F45D1284616F02A
S21400493077FA02460B465046594616F023F90022EF
S2140049404F4B16F049FD10B9E90700D501350A218D
S2140049500EAB1A19202C0AD095FBF1F001FB10556E
S214004960303502F8015B013405460028F2D107F025
S2140049700302012A55D1B8F1000F52D0099A12B994
S21400498017F00C0F01D008F1FF38302240E00990F4
S21400499076E74FF0060988E7A946002485E7002257
S2140049A0DDE90C01364B16F017FD0028BBD10EB121
S2140049B0F007B8D50136B6E70A210EAB1A19202C37
S2140049C00DD0B6FBF1F001FB1063092E03F13003A6
S2140049D009F1FF3904F1010402F8013B11D8302136
S2140049E0A1440EAA202CB2D04C4504F101030AD1F2
S2140049F004F158020DEB02042E2204F8202C1C466B
S214004A00A5E70646DBE7A1541C46EBE71A5501343A
S214004A10444506D2202CF9D1CDE9028701940EAB8D
S214004A20CEE6202CF8D0099B3BB12D2204F158038A
S214004A306B4403F8202C0134EEE77A0704D504F122
S214004A4058032B226B44F4E73B07E5D504F15803E3
S214004A5020226B44EDE700BF0000000065CDCD418D
S214004A600000000065CDCDC11E170400221704000B
S214004A70FFFFEF7F151704001A170400606004009C
S214004A800000E03F0000000070B58EB02C22002130
S214004A9003A817F07DF864234FF002320893CDE99F
S214004AA005230B2301218DF834305B4B8DF8101055
S214004AB01D880D4040F0A980084635F0A7F80A2268
S214004AC0564B574C1A704FF42873ADF812304FF00F
S214004AD0FF332360534B54491B8820460B82534BAD
S214004AE0534A1B68CD828B61524B0D621B884B82EA
S214004AF0514B1B68CB611DF0B9FC20B14FF41B7104
S214004B004E4836F01EF90521206831F017FA20B11C
S214004B1040F27D21494836F014F9206815F0EEFF82
S214004B20474B2068196831F0CCFA0C2535F0D6FCD6
S214004B306843099035F0D2FC68430DEB05010790F9
S214004B40206817F0E7FE20B140F295213B4836F08A
S214004B50F8F825681FF0C2FE00220146284631F00C
S214004B6028FB20B140F29721344836F0EAF840F2AC
S214004B700353344D344E2B80052396F90000AB705A
S214004B807F2801D11DF068FD3378EB7035F0A6FC68
S214004B9000EB80008000A88035F0A0FC0023C00059
S214004BA04FF0FF31E880AB604FF0FF3018A3D3E939
S214004BB0002335F07DF92549206831F0B3FA2068E6
S214004BC002A931F0CFFE20B14FF434711B4836F005
S214004BD0B8F8042220680DEB020131F047FA0428E9
S214004BE004D040F2D721154836F0ABF801A90120D1
S214004BF030F048FE07F06AFF01201EF0B1F92CF0F5
S214004C00ABFE1EF0D7F91DF0BFFC0EB070BD00BFA6
S214004C100A0020FF420300009A5B0020CA620020C0
S214004C20C05500200E7A0400AC690020147A0400F7
S214004C30359C03000C7A0400107A0400E74F040049
S214004C40F4660020B4550020846C0020A99C030064
S214004C500348044B834202D0034B03B11847704706
S214004C60B06C0020B06C002000000000064B074926
S214004C70C91A891048BF0131491003D0044B0BB143
S214004C8001481847704700BFB06C0020B06C002089
S214004C900000000010B5064C237843B9FFF7D8FF94
S214004CA0044B13B10448AFF300800123237010BDFA
S214004CB02016002000000000949D040008B5044B58
S214004CC01BB104490448AFF30080BDE80840CDE7B7
S214004CD00000000024160020949D0400A3F5803AEE
S214004CE0704700BF154B002B08BF114B9D46FFF7C2
S214004CF0F5FF00218B460F461148124A121A16F08D
S214004D0047FF0C4B002B00D098470B4B002B00D0D6
S214004D1098470020002104000D000B4817F07EFA8B
S214004D2016F00EFF200029002BF0E7FC17F064FABF
S214004D30000008000000000000000000081000202E
S214004D40081000202063002085C2010007B501215D
S214004D5020200DF1070201F0F7F958B102230121D6
S214004D6020200DF107028DF8073001F0FDF903B0A1
S214004D705DF804FB9DF807100229F8D002220948C6
S214004D8015F0F4FD022301210DF1070220208DF815
S214004D90073001F0E9F92BF00AFC4FF4FA6001F055
S214004DA01DF8E4E768B1030038B502F0D9FA01F05F
S214004DB069FB012805D001F065FB022801D001F04F
S214004DC087FB064D2B783BB901F05CFB01280446B7
S214004DD002D12BF075FC2C7038BD00BF785C00202B
S214004DE010B5044600882BF0ADFBA37884F8440089
S214004DF0834202BF0123E3702371074B04F11C00BA
S214004E00C4E9073401F0F6F9224620880349BDE8D4
S214004E10104001F033B900BFDB020300A502030017
S214004E2070B5C37804460D461646002B34D1D1B172
S214004E30214815F09BFD0123E370E36CA6600BB1DF
S214004E40E06D9847E368F61A63699E4221D2217E98
S214004E501A480131C9B2217615F088FDA36D13B149
S214004E60217EE06D9847E5702BF0B4FB15B32379EF
S214004E7003BBA268238A801A83421BD801231048EA
S214004E80237115F073FD236DA3B1E06DBDE870408E
S214004E90184701232376E6E70029E4D1094815F0F0
S214004EA065FD636DE660E5702571002BDBD0E06D77
S214004EB09847D8E770BD00BF90B10300A1B10300CA
S214004EC0CFB10300BCB1030070B51E46838804460C
S214004ED00D46C18002810BB1868070BD8178008846
S214004EE02BF01CFA0123E370064BA680C4E90334BA
S214004EF00C34204601F07EF929462046BDE8704075
S214004F002BF05FBB270303002DE9F04104462BF08E
S214004F1061FB94F93C60656C6064451B30462BF081
S214004F203BFB30462BF034FB074630462BF032FB7B
S214004F3030462BF030FB94F93D8040462BF02CFB9E
S214004F4040462BF025FB064640462BF023FB40460A
S214004F502BF021FB002D54D0394B4FF47A72BB4214
S214004F6028BF3B465343B3FBF5F105FB11335343D0
S214004F70B3FBF5F302FB0133E268B3FBF2F347F64B
S214004F80FF729A4228BF1A4622840A22B3FBF2F323
S214004F906362D4E90A32DB1942F10002C4E90A323C
S214004FA0236CA2693B442364236C93422BD27DB1CD
S214004FB0234B9E4228BF1E464FF47A735E43B6FBD1
S214004FC0F5F205FB12665E43B6FBF5F603FB0265DB
S214004FD094F83E204FF6FF71DAB16369B5FBF3F340
S214004FE08B4228BF0B46E383002A0CBF0123002315
S214004FF0A08884F83E30A37913D1A3B92BF098FA91
S21400500013E02B46B8E79B1A2364236B0133236314
S214005010CAE72369B5FBF3F58D4228BF0D46A58385
S214005020E2E7002BEAD12BF079FA636B0BB1A06BA9
S2140050309847A16804F14800BDE8F0412BF0C1BADA
S21400504000093D0038B58368044613B94FF4FA6387
S2140050508360E3680BB95323E360236913B940F216
S2140050601F33236163690BB96C236361A36913B9AA
S2140050704FF47A73A3610022012120882BF084FA72
S21400508084F83C00013005D1234815F06FFC4FF042
S214005090FF3038BD0022012160882BF075FA431CD2
S2140050A0054684F83D0009D11C4815F05FFC94F9CC
S2140050B03C002BF06CFA84F83C50E8E70022A0880D
S2140050C011462BF00CFAA379A0880BB32BF026FA26
S2140050D0012394F93C0084F83E302BF05CFA94F9F6
S2140050E03D002BF058FA2BF075FA0D4B04F14805ED
S2140050F0C4E912346064284601F07CF82846A168AA
S2140051002BF05FFAA168074815F030FC0020C0E7D6
S2140051102BF00EFADCE700BFE5B103000DB203008A
S214005120094F000036B2030010B501790446B1FA03
S21400513081F1008849092BF068F921796088B1FA75
S21400514081F149092BF061F9034B1A68A24204BFAA
S21400515000221A6010BD00BF3C16002070B54379CF
S2140051600446A3B100880E4E04F10805336813B157
S2140051700C4B1B786BB121792BF047F964210A4B55
S2140051803460A3602846BDE870402BF01ABA408809
S214005190E9E7064815F0EAFB054B3221A360F1E784
S2140051A03C1600207A5C00202951000069B20300FA
S2140051B05D51000010B50446E0B10F4815F0D6FB6F
S2140051C001236371A37953B9217920882BF01DF947
S2140051D0236B7BB1606B0121BDE810401847204669
S2140051E0FFF7A2FF04F108002BF0F0F92046FFF7C6
S2140051F0B5FFEDE710BD00BF9FB2030010B5044633
S214005200F8B1104815F0B2FB00236371A3796BB9AF
S21400521021792088B1FA81F149092BF0F6F8236B41
S2140052207BB1606B0021BDE8104018472046FFF7B1
S2140052307BFF04F108002BF0C9F92046FFF78EFF2C
S214005240EDE710BDAAB2030010B5044668B10748E2
S21400525015F08CFB637920461BB1BDE81040FFF7C4
S214005260CDBFBDE81040FFF7A5BF10BDB6B2030026
S21400527010B50E4C0E48214615F078FB82210D48DD
S21400528015F074FB82210220A21E00F06DFF01467D
S21400529030B134F8022C0848BDE8104015F066BB63
S2140052A00648BDE8104015F061BB00BF0657002059
S2140052B0C5B20300E0B20300EBB203002FB3030055
S2140052C038B5104C82212246022000F03DFFA51C76
S2140052D0014678B122880C4815F048FB2A460B4B4D
S2140052E003F1340153F8040B8B4242F8040BF9D156
S2140052F03323238035F8021C054A0648BDE83840AB
S21400530015F034BB045700203AB30300BAB30300C9
S2140053100657002098B30300034B1B781BB18B4243
S21400532001D82BF044B970472A6C0020F8B51E4B04
S2140053301E4F1B78A3B11E4D1E4C2B785BB11E4B27
S2140053405B7943B100211D4B4FF60C72187829701B
S21400535021702BF07CF91A4B1B883BB90023237075
S214005360B9681848BDE8F8402BF02BB97A6A9A421B
S214005370F4D32378FF2B10D12E78002EF0D10E48D0
S214005380FFF73CFF01232B700C4B4FF60C72314697
S214005390187826702BF05BF9E2E70133DBB2022BBC
S2140053A02370DDD9E8E700BF805C002008100020ED
S2140053B0835C0020795C0020E42000203017002069
S2140053C0E46B00200817002010B5044601460E487E
S2140053D015F0CCFA012C11D10C4B0D481A884FF65B
S2140053E0FF739A421EBF0022094B5A742AF0F3FF3D
S2140053F002F00CF9BDE8104001F0DEBF0448BDE83D
S21400540010402AF0EABF00BFEEB30300DC6B0020BA
S2140054108066002070B50024254D264E3378A342C2
S21400542025DC0024244D254E3378A34225DC0024B9
S214005430234D244E3378A34225DC234C237833B106
S214005440224D2846FFF7FEFD18B30023237001F017
S21400545019F801281E4828D12AF0BDFF02F0D6F818
S21400546001F0AAFFBDE870401A4801F02BB82846A4
S214005470FFF7B6FC01346035D0E728462AF091FFE6
S21400548001343435D0E728462AF0C4FF01343835D5
S214005490D0E7114C114BC4E90030204600F0AAFEBC
S2140054A02046A9682BF08DF8D1E72AF096FFD9E7B9
S2140054B014230020815C002034270020825C00201A
S2140054C0E4200020805C00207E5C00200810002085
S2140054D080660020C9530000081700202D530000E6
S2140054E02DE9F04F87B0FFF7EBFEAE4B05A805930E
S2140054F02AF0B4FF054616F047FAAB4CC2B21F2A94
S214005500627004D9A94815F031FA00F05BFC294610
S214005510A01C16F0CDFC05A82AF0A0FF054616F044
S21400552033FAC2B21F2A84F8212001D9A048EAE73C
S214005530294604F1220016F0BBFC05A82AF08EFFCF
S2140055403226044600272578002D40F0A780994C87
S214005550FFF760FF2378DFF8A4A2DFF8A482964F57
S21400556000939AF8003098F800203978934815F0A0
S214005570FDF93A7898F800109AF80000531803449A
S214005580DFF874B220782C4603445846DBB2AA42B1
S21400559000F32783012B38BF0123894E029332463E
S2140055A0002335464FF482704FF6FF71029C01339C
S2140055B09C4213705080918002F10C02F6DC814B05
S2140055C07F497948AB6001F045F8E879AB6800EBB5
S2140055D0400003EB800000F001FEEB790133EB7135
S2140055E0794B1B782BB17948794B7549436001F0AC
S2140055F023FC4FF6FF73774C22889A4203D07049FB
S214005600754801F04BF94FF6FF7322886C49D21AA1
S21400561018BF0122714801F00FFE4FF00009694CD7
S2140056203A784A4500F3E58200264FF00C096C4AAA
S214005630DFF88CB198F800003978B04200F3ED82BC
S21400564046180C21002501FB06B19AF800009423A9
S214005650A842644A00F3FF820C253E7898F8003092
S21400566000274FF070081E44064405FB06B5DFF819
S21400567094A1504B1B78BB4200F30083029950481C
S21400568000F03AFE059B47491A468B4240F00983D4
S214005690554807B0BDE8F04F15F068B9532D0BD14B
S2140056A063784C2B40F04D81A378502B40F0498115
S2140056B04E4B01221A7011E0442D18D16378303B0E
S2140056C0092B0BD8601C2AF0D6FE494B494A19789C
S2140056D0002386B2994202F1600204DC05A82AF093
S2140056E0BDFE04462FE722F8466C0133F2E7422D52
S2140056F00CD16378542B40F08780A01C00F00CFD82
S214005700344B188018462AF0AAFDE7E7582D33D800
S214005710412DE3D9433D152DE0D801A353F825F0DC
S214005720515B0000DD5600003D5A0000DD560000CB
S214005730DD560000DD56000095580000DD560000DE
S214005740DD560000475800008B570000DD5600006D
S214005750DD560000DD560000DD560000C75900008B
S21400576043590000DD560000DD560000DD560000FF
S214005770DD560000655A0000692DAFD1601C2AF086
S2140057807AFE80B22AF00FFFA8E70B4B01201978AB
S2140057900023194A994202F1A8029FDD02F8A60CDE
S2140057A00133F7E706570020646500200DB40300B8
S2140057B024B403007B5C00207F5C002034B403002C
S2140057C030170020A81700207E5C0020341D002023
S2140057D008100020DC6B0020B816002040160020C1
S2140057E0341C0020781A002084B403007A5C002061
S2140057F0815C002014230020381E00207C5C0020E2
S2140058007D5C002028190020601C00F085FC054601
S214005810E01C2AF0A8FE0121024628462AF05FFE78
S2140058206021BA48BA4C03785943621865524FF45F
S214005830FA6111824FF448715161B6495683116579
S214005840013303704AE7601C00F066FC00224FF04C
S21400585034088146B04F11462AF041FE3878AF4DE5
S21400586008FB00F325F80390EA18E3781046693B36
S21400587018BF012393702AF094FD0021A84A3B78B4
S2140058805160012103FB08550B443B7015600F4621
S214005890117423E7601C00F03FFC0022114681468D
S2140058A02AF01DFE34229C4DDFF87082287802FB19
S2140058B000F328F8039008EB0301E3780846693BF9
S2140058C018BF01238B702AF06CFD964A0023104601
S2140058D0916B31BB00EB831034232A7802FB0383E1
S2140058E08363914A00231046D2F8A410F9B9A8227F
S2140058F002FB030034232A7802FB0383C0F8A4309B
S2140059005FB9874A3B46114652F8040BA8B93422C1
S214005910287800FB028241F823202B7801332B7075
S214005920DCE60133042B02F14002D1D1D9E7013382
S214005930042B02F1A802D7D1E2E70133042BE3D10E
S214005940EBE7601C00F0E8FB8046E01C2AF00BFE4C
S2140059500121024640462AF0C2FD60216B486C4D8C
S2140059600278DFF8E4C151436B1825F801804FF444
S2140059704871198259616D495E839965E178A8245A
S214005980642904BF012199709CF80030DFF898E183
S2140059905C430EEB04010EF804304FF400744C80A8
S2140059A003240C718C7102EB420405EB441532247F
S2140059B00133DBB201324B718D6081F8A04002707A
S2140059C08CF800308AE6601C00F0A6FB00224FF040
S2140059D0380A8146DFF86C8111462AF080FD98F877
S2140059E00030534D0AFB03F325F803904FF00109EE
S2140059F0EA1882F80490E37873B1E01C00F08CFBA0
S214005A000022044611462AF06AFD98F800300AFB88
S214005A1003535C8083F806904648424A037899010F
S214005A20535498F8001002EB8314C1EBC10205EB47
S214005A30C2054A1C656388F8002001E7601C00F078
S214005A406BFB3D4D2880E01C00F066FB6880601D07
S214005A5000F062FBE379A880693B18BF0123AB71B5
S214005A60364B26E6601C00F057FB8046E01C00F034
S214005A7053FB0546601D2AF076FD044602460121CA
S214005A8040462AF02CFD2246284601212AF027FD12
S214005A9060204FF4487CDFF874E01D4A9EF8003022
S214005AA000FB03F422F80480DFF880801119A1F8C7
S214005AB010C0C1F814C04E83C1F85880591CC9B232
S214005AC048431418A4F810C0C4F814C06683C4F879
S214005AD05880942415521A4D981C8EF80000287889
S214005AE0DFF868C0444303EB430301EB41010CEBD2
S214005AF0040E02EB431302EB41120CF80400CEF83E
S214005B000430CEF8082001302870E7E5815C0020DC
S214005B101423002047040300825C00203427002062
S214005B2080660020341C0020381E00201953000018
S214005B30E42000207D5C0020081000207E5C002011
S214005B407C5C0020805C00207F5C0020781A0020AF
S214005B50601C00F0E1FA8046E01C00F0DDFA00224E
S214005B600546114640462AF0BAFC00223824114663
S214005B7028462AF0B4FC4F484F4A03784FF0000EF0
S214005B8004FB03FC22F80C804FF0010802EB0C012A
S214005B9081F806E081F8048003EB0801C9B24C43A3
S214005BA002EB040C15539C1C04707024434D8CF8B7
S214005BB006E028788CF804804443DFF808C1C3EB7D
S214005BC0C303C1EBC1010CEB040E02EBC30302EBF3
S214005BD0C1020CF80400CEF80430CEF80820404489
S214005BE092E7467901358E4284BF04714471A8302D
S214005BF0CDE4B9F1000F06D016F8052C02EB4202F0
S214005C0004EB8204B4603146584601F0D3FE09F135
S214005C1001090BF1A80B0C3602E571180AD0481ED4
S214005C2009FB00B0C07900EB400004EB800409FBE0
S214005C3001B08460104609FB0151039201F078FC24
S214005C4039781F48314409FB015101F0DBF8039A0B
S214005C5001364032EEE4F54218BF11F8050C039108
S214005C601EBF00EB400004EB80048C6003FB0520A5
S214005C7000F0D8FF039901350C31E6E4F74218BF6F
S214005C8015F8053C29461CBF03EB430304EB8304CD
S214005C9008FB07A018BFAC6000F09AFE01370C3571
S214005CA0E7E413F8011D00297FF4EDAC3B2102F870
S214005CB0011CE8E4805C0020E42000207B5C0020DF
S214005CC0D82000202819002007B5012121200DF139
S214005CD0050200F039FA18B99DF80520074B1A702E
S214005CE0022123200DF1060200F02EFA18B9044B0B
S214005CF0BDF806201A8003B05DF804FB2A6C00206D
S214005D00E46B002007B5064B8DF8070018700121DC
S214005D100DF10702212000F027FA03B05DF804FB1E
S214005D202A6C002007B5064BADF806001880022145
S214005D300DF10602232000F017FA03B05DF804FB0D
S214005D40E46B002007B5022101200DF1060200F0E9
S214005D50FBF938B9044814F009FEBDF8060003B094
S214005D605DF804FB0020FAE7A1B4030007B50221A2
S214005D70ADF806000DF10602012000F0F5F9014627
S214005D8010B1034814F0F2FD03B05DF804FB00BF49
S214005D90C2B4030010B5FFF7D5FF04460146074816
S214005DA014F0E4FD0121064814F0E0FD24B9BDE836
S214005DB010400120FFF7DABF10BD00BFF2B40300A9
S214005DC004B5030008B5044814F0D0FD00F0DCF973
S214005DD02AF0EDFB2AF0E8FB1AB5030038B50446B6
S214005DE0084D094B28462B6000F004FA002C18BF1B
S214005DF021462846BDE8384008BF4FF496712AF081
S214005E00E0BB00BF38280020950403002DE9F043CE
S214005E10384D91B008AC0746894690460FCD0FC462
S214005E2095E80F00002684E80F0001250323324C76
S214005E303248CDE90366CDE905668DF80E30079643
S214005E40029534F027FF2E4834F024FF32462D49C1
S214005E5020468DF8176004F0D5FE334632462A49B0
S214005E608DF81900009020468DF82390CDF82C80F0
S214005E708DF8216004F0E0FE0A9020468DF8097047
S214005E8004F042FE204608AA05A904F0FBFE02AA7A
S214005E90204603A92BF0BCFC4FF400721B4B5A6241
S214005EA0194BE560626A920510D46BB94FF4007224
S214005EB0164B11485A6204F027FE114834F0EDFEE6
S214005EC0002011B0BDE8F083013BEBE7002BEDD0DE
S214005ED0094908A82BF0CFFC4FF400720B4B06487C
S214005EE05A6204F011FE064834F0D7FEBDF82000D2
S214005EF0E7E700BFE05004000040005A8853040063
S214005F008453040080841E0040420F000060005A44
S214005F100122034B1870034B1980034B1A7070470D
S214005F20855C0020E66B0020845C0020F8B5454BBD
S214005F301B780BB90020F8BD434B1B78012B03D10F
S214005F40BDE8F8402AF0A9BA404B1C884FF6FF730C
S214005F509C42EFD03E4834F09DFE0023260AE4B271
S214005F601A462146304604F08FFD012E354604F0D1
S214005F70010335D015D9B51E012DDBD8002B0BBF7C
S214005F804FF480754FF080754FF470614FF070617C
S214005F900BBF01274FF480370F204FF470202D4B96
S214005FA011E0002B0BBF4FF480754FF080754FF457
S214005FB070614FF070610BBF01274FF480370F20E0
S214005FC04FF47020244B1A6802401CD0BA421AD0F4
S214005FD01A680A4032D11A6822EA01022A4316E0F9
S214005FE0002B0BBF4FF480754FF080754FF4706137
S214005FF04FF070610BBF01274FF480370F204FF42E
S2140060007020164BDFE71A6822EA00023A431A604D
S2140060102AF043FA054600288CD0083644EA0610D3
S2140060202A460321C0B2FFF7F1FE40F6FF7368432D
S21400603000F2FF70B0FBF3F080B27CE795427FF48D
S21400604079AFC8E7845C0020855C0020E66B002002
S2140060508853040028C3035020C3035024C30350AE
S21400606010B5044C237823B9034834F013FE0123FB
S214006070237010BD875C0020885304002DE9F04390
S2140060801F4C85B0074688469146FFF7E9FF237800
S2140060901BB902F0A9F9012323707BBAADF80C30C6
S2140060A030220023174E02FB03F4315DA51901BB15
S2140060B0012333554FF0FF3304F1100012493044EA
S2140060C0AB606F80C5F80480C5F80C9009F01EFC24
S2140060D004F10801042231440C4B009503A802F099
S2140060E059FAA96802460A4814F040FC05B0BDE813
S2140060F0F0830133102BD6D1064814F037FCF5E7B1
S214006100865C002060280020BF040300D104030042
S21400611027B5030055B5030080B10278A2F141030C
S214006120032B0BD840783038C0B2082806D8054B69
S214006130134413F8413C40EA032070474FF6FF70C3
S214006140704700BF0051040008B50B4642B1014637
S2140061500448006803F062FBBDE808402AF01DBA58
S214006160022008BDEC66002008B50B4642B1014689
S2140061700448006803F0DAFCBDE808402AF00DBACF
S214006180022008BDEC660020F0B50026124F8DB048
S214006190FF2300930A223346386802A92BF0F5F84D
S2140061A0C0B102AB1D4603EB800404E055F8043B87
S2140061B0B34228BF5E1CAC423868E9D9296803F0B0
S2140061C03BFE0028F2D02D28F0D00DB0BDE8F04000
S2140061D02AF0E3B90DB0F0BDEC66002028B1034B01
S2140061E00360034B4360002383607047190000037D
S2140061F094660020FF2307B50021044A0093083068
S21400620009F008FB03B05DF804FB00BFBD05030002
S2140062100B460449024608680349097808B12AF083
S214006220F4B970476C2B0020895C0020F7B50C464B
S21400623018B12921194834F084FD246823685E7952
S2140062405F8830463946FFF7E3FFF0B18568E5B171
S214006250A089227D3946904291BF0020801AA3680B
S21400626080B294BF03469B18E27C00903046A84755
S2140062700138032803D8DFE800F0080F0B0D0024D0
S21400628020462EF0B4FB204600E0812003B0F0BD8F
S2140062908024F5E79324F3E78724F1E77DB5030030
S2140062A0F8B515460D4A044610680D4A0B46117897
S2140062B050B122462AF0A9F9034628B100210C273E
S2140062C0C678B14201DB0020F8BD07FB01F45A682E
S2140062D01019125BAA42F7D00131F2E76C2B0020AE
S2140062E0895C002008B5034B1B6803B19847002063
S2140062F008BD00BF682B00202DE9F74F04460D4669
S2140063000026454B454F1860454B19703301002158
S214006310F85C013610F04EFB0C2EF7D10C2D28BF82
S2140063200C254FF0000901953C4EDFF800A13D4DCD
S214006330DFF8FC80019B4B4502DC03B0BDE8F08F24
S21400634023784FF0000B337063887380A388B38084
S214006350A379C6F80880B371E379C8F8005088F8C6
S21400636004304FF00003A768A8F80630E3795B45D1
S2140063700ADC012116F8100B10F01CFB08F10808C7
S21400638009F101090C34D5E74FF0000338886B811A
S2140063902880FB784FF0000C2B81BA78C5F804A053
S2140063A0002A00920CBF802240222A7379680AF1E4
S2140063B00C02634513DC03EB43030AEB830ABB685A
S2140063C043B1009A4FF6FF71B2FA82F2164B5209A9
S2140063D02EF09DFA14350BF1010B0C37C6E7B1F819
S2140063E000E00CF1010C22F80CEC91F802E00C3203
S2140063F002F816EC91F804E00C3102F815EC11F8EE
S21400640009ECBEF1010F14BF4FF0100E4FF0110E45
S21400641002F814ECCDE700BF6C2B0020A44200204D
S214006420895C0020703100202D620000702B002057
S214006430F0330020014B1860704700BF642B00202B
S214006440014B1860704700BF682B002070B512889B
S21400645005460E46FFF724FF044670B102790499FC
S214006460806815F0E7FB064B1B680BB9002070BD73
S2140064703146284622889847F8E78620F7E700BF87
S214006480642B002008B50FF031FB022806D0012847
S21400649006D0044B18784000C0B208BD0120FCE7C7
S2140064A00220FAE7885C0020054B10B51C682CB16A
S2140064B0FFF7E8FF2346BDE81040184710BD00BFB1
S2140064C0602B0020014B1860704700BF602B002037
S2140064D0034B1A781AB901221A700BF067BB704783
S2140064E0885C00200022024B1A70FFF7DDBF00BF59
S2140064F0885C002037B50446002836D00FF0F6FA40
S214006500022834D160892EF0D4FDE079237A003851
S21400651018BF0120012B637A08BF40F008000BB1BA
S21400652040F0100063890BB140F00400257CA18880
S214006530A2790DB1E36893B90F4B10F017FE2178DE
S214006540084610F08FFE2EF0DDF8044610F048FEE8
S2140065507CB100280CBF0020032003B030BDCDE97D
S2140065600035064B10F002FEE9E70220F5E70120B1
S214006570F3E72046F1E700BF4806040011D6030003
S21400658008B50DF071FC014630B1044814F0EEF980
S214006590BDE808400EF00CB808BD00BFEFB503001C
S2140065A0034B044A5B7C012103201370FFF7DCBD1C
S2140065B0806600208A5C002010B50446FFF7F0FFD6
S2140065C0B4F57F4F0BD10024144B1A8813449C70EB
S2140065D0FEF74EFE2046BDE81040FFF7FFBB4FF625
S2140065E001739C4204D1BDE810400D4829F0DBBE83
S2140065F04FF602739C4205D1BDE81040094B18784F
S214006600FFF780BB4FF60B739C4205D1BDE81040E8
S214006610054B1888FFF786BB10BD00BF0457002047
S214006620806600202A6C0020E46B002010B5074C22
S214006630012122460320FFF787FD28B92378044A64
S214006640003B18BF0123537410BD00BF8A5C0020B6
S21400665080660020F8B5624B624D1A884FF6FF73CD
S2140066609A421CBF03232B7008235F4A3224137000
S214006670302393705371D37134235470D4703624FE
S21400668013724FF40013147139244364574B9471FA
S214006690C364574B01240365564B06198365564B56
S2140066A0C667C365554B564E4366564B80F8484002
S2140066B08366554B80F854400367544B80F860401F
S2140066C04367202380F8783080F8843000F1210377
S2140066D0C0F888304E4B80F86C40C0F88C30C0F85C
S2140066E0806080F89040C0F894504A4D4A4BC0F8FD
S2140066F0AC504A4DC0F89830C0F8B050092580F824
S214006700B450474D474BC0F8C450474DC0F8B8206A
S214006710C0F8C8508225454AC0F8A430C0F8BC204E
S2140067200F23022280F8CC50414D80F89C40C0F8E0
S214006730D050404DC0F8A000C0F8D4503E4D80F870
S214006740A830C0F8DC503D4D80F8C0202D7880F889
S214006750D840002D40D080F8E420394A394DC0F8A2
S214006760E820394AC0F8E050C0F8EC20374A80F8F4
S214006770F040C0F8F420364C227C62B10C2202FBBA
S2140067800302344D01335564012582F8485004F164
S2140067901105D564DBB24FF0000CCD798E6805EBA1
S2140067A04502970006EB820226F807C0D370012345
S2140067B044309370EB185060CB71FFF785FAFFF703
S2140067C035FFFFF75FFE012808D1237C33B1BDE813
S2140067D0F8401F4829F0E7BD0D23CCE7F8BD00BF01
S2140067E0DC6B00202B6C00208B5C00201951040011
S2140067F00100200018510400020020001751040078
S2140068000500420003002000165104000400420068
S2140068100700300004510400120010010600420078
S214006820145104000040420000FF4401FDFF210017
S2140068300457002002FF20012A6C00207E5C002006
S214006840E46B00200BFF21010CFF1000835C00208E
S2140068508066002001FF100113B504460D4829F09C
S21400686009FD6422C0F30F43637083B2B3FBF2F3F7
S214006870A07823702022012129F0E9FEA0782122A9
S214006880012129F0E4FE0449201D02B0BDE81040B5
S21400689029F097BEDC6B0020E09304000B7870B5FF
S2140068A083704CF61E0303804FF02013C36201234F
S2140068B080F8303080F83C30C3180364124B04462E
S2140068C043640223114A80F84830114B8263C36444
S2140068D04063CA798D6802EB420305EB830004F13E
S2140068E02C0646600B4E45F8236000238360531C3D
S2140068F0CB71094B201DC4E90134FFF77BFC204611
S214006900BDE87040FFF7A8BFFDFF21002100200072
S2140069101A5104000100010359680000437B044A31
S2140069200121137000781130C0B2FFF71DBC00BF04
S214006930955C002038B504460078054D11302A468F
S2140069400121C0B2FFF700FC08B92B78637338BD8D
S214006950955C0020024B53F8200029F053BF00BF7F
S21400696050340020012908B506D0022907D049B9BD
S21400697029F03FFF002008BD29F03EFFFAE729F086
S2140069803EFFF7E7024813F0F1FF0120F3E700BFF0
S2140069901CB6030010B4054C114654F820001A46E5
S2140069A0BDF804305DF8044BFFF7DCBF5034002020
S2140069B0002310B5044683810364A0F844304830B1
S2140069C0FFF718FC014BC4E9123410BDEB070300B7
S2140069D038B504460B781A4A43700D4642F8230031
S2140069E0FFF7E6FF2046FFF7A5FF4FF440132361AD
S2140069F00123144A2375A261134A84F82030E26109
S214006A00124A84F82C306262114A84F83830A26246
S214006A1004F10C0222630F4A04F10D036263E36380
S214006A20EA79A86802EB420300EB830110344C605D
S214006A30094C40F82340094B8B60531CEB7138BD62
S214006A4050340020945C0020080020002C6C0020AD
S214006A5000FF300001FF10010201010495690000EB
S214006A6010B47024427B0D48013A012904FB020051
S214006A7006D0022908D059B95DF8044B29F0B9BEF2
S214006A805DF8044B29F0B8BE5DF8044B29F0B7BE9C
S214006A9003485DF8044B13F069BF00BF28190020B7
S214006AA038B60300B0F85C302DE9F0418B4204465E
S214006AB00E4638D0437B077C8BB31C4A12789A422A
S214006AC02DD370251A4A013B05FB032390F80F804F
S214006AD01B7B424629F0A4FEB845054601D1FF2897
S214006AE01FD13A463146204694F8903029F098FE59
S214006AF02F460546552212216078A4F85C6029F0DE
S214006B00A6FDFF2F03D039462046FFF7A9FFFF2D2D
S214006B1009D029462046BDE8F04129F0C1BEFF2530
S214006B20DFE70746E6E7BDE8F08100BF7B5C0020B4
S214006B302819002041688268C978D27849B112B114
S214006B400321FFF7AFBF837B002B0CBF012102217F
S214006B50F7E72AB1837B002B0CBF02210121F0E767
S214006B60014813F003BF00BF49B60300037BD3B14F
S214006B704368DA7812B18268D278A2B91B7933B149
S214006B80837B002B0CBF04210521FFF78BBF836896
S214006B901B792BB1837B002B0CBF05210421F4E766
S214006BA0014813F0E3BE70477BB60300084A437BF8
S214006BB005211370837B5370C37B9370037CD37063
S214006BC0037B137100780E30C0B2FFF7CDBA00BF5A
S214006BD0965C002038B5044600780C4D0E302A46E8
S214006BE00521C0B2FFF7B0FA20B1BDE8384008482A
S214006BF013F0BCBE2B7863736B78A373AB78E37328
S214006C00EB7823742B79237338BD00BF965C002085
S214006C10B7B60300024B53F8200029F08BBE00BF26
S214006C2078340020F8B504460B78424A43700D4687
S214006C3042F82300404E29F09BFEFFF7CBFF626828
S214006C40A3683E483E49D6641165D4655065C3E9DD
S214006C501410DE64DC654FF098730226636101232E
S214006C6004F10C01E16137491032216204F10D0193
S214006C70A16235492376E16204F10E01616333496E
S214006C8084F82430A16304F10F012164304984F8AC
S214006C903030616404F11001E1642E4984F83C3020
S214006CA084F84830216584F85460A265E879A968BC
S214006CB000EB400201EB820704F1140CC7F804C095
S214006CC04FF4817C244F41F82270C218D2B202EBF6
S214006CD0420241F822C001EB820700227A601F4A76
S214006CE084F8703022661E4A84F88830A2661D4AF0
S214006CF01D4BE2661D4AC4F88C3062671C4A831935
S214006D00A26704F15C02C4F88020DBB2194A03EBE8
S214006D104303C4F8842084F8646084F87C6001EB44
S214006D20830260345460144A033041F82320E8712B
S214006D30F8BD00BF78340020356B0000F70803006C
S214006D406D6B0000010020010200100103003001FD
S214006D50040030010500210101FC01064A00210063
S214006D601C510400510010001E5104001F51040065
S214006D70550021006F0018001200010470B50D4682
S214006D800646144613460A4601461A4813F0EEFD18
S214006D9025B92046BDE87040FFF70EBC072D05D18B
S214006DA021463046BDE8704000F0C8BD4FF60143AE
S214006DB09D4205D121463046BDE87040FFF72ABF08
S214006DC0062D05D121463046BDE8704000F06ABB6E
S214006DD0B5F5817F05D121463046BDE87040FFF706
S214006DE0B9BD202D04D12046BDE8704000F0F0B9B2
S214006DF070BD00BFE6B603000148FFF71BBB00BF2F
S214006E007D6D00004FF4C01330B50360012303719D
S214006E10074B8C688360CA7902EB420304EB830558
S214006E206860044844F82300531CCB7130BD00BF93
S214006E3020510400040001010B786E4A0370012300
S214006E40836003F52023C0E90423C3604FF4D813FE
S214006E5083610423037700F108030362664B4268EC
S214006E6043620223F0B502F11C04C462634C80F84E
S214006E702830046302F11E048463614C80F83430C9
S214006E80C46302F1200444645E4C80F8403084649D
S214006E9000F10C0404655C4C80F84C30446500F14D
S214006EA00E04C465594C80F85830046600F110048E
S214006EB08466574C80F86430C46600F11204446758
S214006EC0544C80F87030846700F11404C0F8804099
S214006ED0514C80F87C3080F8883000F11603C0F8FA
S214006EE08440C0F88C30CD798C6805EB450304EB04
S214006EF0830600F118077760484F00F1900C44F8BD
S214006F00237000246B1CB460CB712346D2F830E0AB
S214006F1000F18F07C3F12006A3F120052EFA03F235
S214006F2004FA06F6324324FA05F508332A43302BD2
S214006F3007F8012FEED101234FF47A72C0E926320A
S214006F402B22A0F8A0204FF41412C0F8A42006228A
S214006F5080F8B43080F8C03080F8E43080F8F03044
S214006F6000F1A103C0F8F4302D4B0025C0F8C8305E
S214006F70032380F8A8202B4A80F8CC30C0F8B02035
S214006F8000F19602C0F8B820274A80F8D830C0F83A
S214006F90BC2000F19702C0F8C42000F19802C0F8A7
S214006FA0D02000F19C02C0F8DC20204AA0F89650C1
S214006FB0C0F8E02000F1A002C0F8E8201C4AC0F8A3
S214006FC0ACC0C0F8EC201B4A00F1A407C0F8D420DF
S214006FD0CA798E6802EB420306EB83046760164F9D
S214006FE046F82370531CA560CB714368134AC3E967
S214006FF00D20F0BD0100E80305052100080521006D
S2140070000B052900000621000106210002062100CA
S214007010030621000406210005062100040B010AD0
S21400702001032200000218000003300003031800CA
S2140070300603180002032200020701079109030055
S2140070400368064A0C211360436853600389138162
S214007050438922205381FFF787B800BFA034002061
S21400706010B50368044686B0FBB1114813F07EFCE9
S214007070A37B104A8DF804304FF48273ADF80630C7
S2140070800123CDE90223002301A804938DF81430D0
S214007090FFF730FA2046618929F0CDFC2046FA2118
S2140070A050F8143B594329F08CFA06B010BD00BFC7
S2140070B019B703002000000110B5064C236843B141
S2140070C0054813F053FC2068BDE81040418929F0BC
S2140070D0B2BC10BDAC3400203AB7030070B53649D8
S2140070E010460C68BDF81020002C5ED003285CD833
S2140070F0DFE800F0021E2745002B5AD0022A58D996
S2140071001D78B3F80160291E18BF012132462B48AE
S21400711013F02CFC2DB13146204629F08CFC0020C3
S21400712070BDE573FA206368584329F0D1FAF6E794
S214007130234813F01BFCE37B002B38D00023E373BB
S214007140F0E7002B35D0032A33D91D681D482946A1
S21400715013F00CFC1C4B2A1F9A4201D90220DFE7D1
S21400716023680BB19D42F9D823899D42F6D3E37B71
S2140071706560B3B9FA20684329F0AAFA11E0002B3B
S214007180CED0012ACCD91D881048294613F0EEFB34
S214007190002DE3D063689D42E0D8E37B2581002B79
S2140071A0E8D12046FFF74CFFB9E70120B8E70420F6
S2140071B0B6E70320B4E700BFAC3400205DB7030099
S2140071C094B70300B3B70300FCFF6D00DEB70300FF
S2140071D038B5154B1C6834B3F0B92168134813F062
S2140071E0C5FB23683BB16268934204D2104813F093
S2140071F0BDFB6368236004F11405284629F0E6F910
S214007200236823B1FA212846594329F0DAF92046A3
S214007210BDE83840FFF714BF032804D1618905484C
S21400722013F0A4FBF3E738BDAC34002009B8030024
S21400723037B803006CB8030070B53E4B0D460446E5
S21400724009781860002A6FD101231A46A17300211D
S214007250E1730121A1814FF46151C4E90013282391
S214007260354E22810C21324622206381FEF76CFFC8
S21400727060B9D6E900230AB19A4207D33189994208
S2140072809FBFC4E900237389218163812B4B2C4A5D
S214007290E363042384F8403084F84C30E318236515
S2140072A0284BA2646365022304F10802E265264ABD
S2140072B084F85830226604F10A02A266234A84F84B
S2140072C0643084F8703004F10C03E266636764642B
S2140072D0EA79A86802EB420300EB830104F13C065E
S2140072E04E601B4E40F82360FA261A4B1A488B60F5
S2140072F0531CEB71FFF7A4F8208904F114057043C2
S21400730029F0E6F96189204629F095FB134B2846BB
S214007310C4E90534FEF76EFF216849B1284671437B
S214007320BDE8704029F04DB94FF4F07302228DE7A6
S21400733070BD00BFAC340020A03400200000230144
S214007340010023000200210003002101FDFF2100AF
S21400735020000105DD700000B970000061700000BB
S214007360134B10B51C680CB3E37BEBB129F032F974
S2140073702369C01A002809DB0E4813F0F7FA002329
S214007380FA20E3736368584329F0A2F9E37B5BB104
S2140073902489FA235C4329F0A6F9A04206D02046A9
S2140073A0BDE8104029F094B96468F2E710BD00BF4C
S2140073B0AC34002099B8030038B50024044D55F8C5
S2140073C0040B08B129F04AFB01340A2CF7D138BD6A
S2140073D0B0340020042908B50AD172B16BB1137815
S2140073E01BB929F066FB002008BD29F058FBFAE718
S2140073F0034813F0BBFA0120F6E70320F4E700BFCA
S214007400D3B8030010B4054C114654F820001A46B1
S214007410BDF804305DF8044BFFF7DCBFB034002045
S2140074200229024608B50ED004D839B9104629F00C
S21400743040FB06E04029F9D0412907D1104629F043
S2140074402EFB002008BD29F03EFBFAE7024813F0A9
S2140074508DFA0120F6E700BFF3B8030010B4054C20
S214007460114654F820001A46BDF804305DF8044B67
S214007470FFF7D6BFB0340020426B094B52791A7022
S21400748082785A70C2789A70826B12B190F83C205B
S214007490DA70007804210930014AC0B2FEF764BEF3
S2140074A09B5C0020024B53F8200029F028BB00BF4D
S2140074B0B034002038B504460078084D09302A4616
S2140074C00421C0B2FEF740FE30B96B78A370AB78EB
S2140074D0E370EB7884F83C3038BD00BF9B5C00203E
S2140074E038B504460078114D09302A460421C0B24A
S2140074F0FEF72AFEC8B9A3782A78022B0CD004D847
S21400750063B9204629F0D5FA01E0FF2B0AD02046C1
S214007510BDE8384029F0A2BA002AF2D1204629F068
S214007520BEFAF4E7002AF9D1EBE738BD9B5C0020F1
S214007530F8B504460B78284A0D4642F823004370F7
S214007540FFF7B8FF636B254A5C631A632046FFF7B4
S214007550C7FF204629F082FA4FF4801363600123A8
S214007560626BA66B0532E2601D4A23722261A21C82
S2140075702375A26166B11B4A84F82030E261E21CE2
S2140075806262194A84F82C3004F13C03A262236339
S2140075900627EA79A96802EB4203002E21F8237039
S2140075A001EB83000CBF02230423C3700123837006
S2140075B00E4B04348360531C4460DBB20C4C03EB6C
S2140075C0430341F8234001EB830000234360094B4B
S2140075D002328360EA71F8BDB0340020DB0A030093
S2140075E00340300101FF300102FF10015D7400000E
S2140075F0080001000574000028B1034B1B78834285
S21400760034BF0020012070477D5C002070B5002547
S2140076100A4C0B4E3378AB4200DC70BDD4F8A42085
S21400762042B123791BB16079FFF7E6FF10B9104627
S21400763028F0AAFE0135A834ECE700BF381E00206B
S2140076407F5C002008B5427901461046FFF7D4FF5C
S214007650A8B1CB780A48013A042B00EB82100ED86A
S214007660012B08D81BB9BDE8084029F018BABDE8B8
S214007670084029F01EBABDE8084029F024BA08BD23
S214007680341C002008B5427901461046FFF7B4FFC7
S214007690A8B1CB780A48013A042B00EB82100ED82A
S2140076A0012B08D81BB9BDE8084029F002BABDE88E
S2140076B0084029F0F4B9BDE8084029F004BA08BD2E
S2140076C0341C002010B586B00446FEF7DBFE012809
S2140076D030D1E278042A2DD8DFE802F013323403E2
S2140076E0030061790846FFF787FF58B31648032A58
S2140076F000EB811050F80C3C58791DD1003818BFAB
S214007700012063784FF480728DF804304FF4827352
S214007710ADF806300623ADF8083001238DF80B309F
S21400772000238DF80A0001A8CDE903238DF8143054
S214007730FEF7E0FE06B010BDB0FA80F04009E0E7C4
S2140077400020DEE70220DCE7341C002010B586B0FF
S2140077500446FEF797FE012830D1E278042A2DD899
S214007760DFE802F013133203030061790846FFF7DF
S21400777043FF48B31548032A00EB811050F80C3C31
S2140077805B791DD11A1E18BF012263788DF80A2076
S2140077908DF804304FF48273ADF806300623ADF84A
S2140077A0083001234FF480728DF80B30002301A8B7
S2140077B0CDE903238DF81430FEF79CFE06B010BD0D
S2140077C0B3FA83F25209E0E70222DEE7341C002017
S2140077D010B586B00446FEF755FE012812D1637830
S2140077E0094A8DF804304FF48273ADF806304FF432
S2140077F08073CDE90223002301A804938DF814308A
S214007800FEF778FE06B010BD0800070110B586B07A
S2140078100446FEF737FE012820D16278104B8DF81B
S21400782004204FF4827294F8A01094F8A1005970C6
S2140078301870ADF8062004934FF4807202230949AD
S21400784001A88DF81430CDE90212FEF753FE94F825
S214007850A130013B18BF012384F8A13006B010BD4B
S2140078609F5C00200800050110B58378044603B32A
S2140078700379022B0AD142791046FFF7BDFE28B1E4
S2140078800C48013A00EB821029F01DF9A379022B6F
S21400789002D12046FFF716FF2046FFF7B7FF022368
S2140078A06078A4F86C305522BDE81040122128F00C
S2140078B0CEBE10BD341C00204388094A0821138020
S2140078C08388538083681B8A938090F8A0309371D6
S2140078D08379D37100780430C0B2FEF745BC00BF90
S2140078E08657002038B50D4604460178114813F037
S2140078F03DF84FF602739D420ED10F4B1B782BB905
S21400790063712046BDE83840FFF7D6BF62790AB1FA
S2140079109342F6D20123F3E7B5F57F4FF1D1204627
S21400792029F06AF9A378022B0CBF01220022A36873
S2140079309A70E6E70FB903007D5C0020024B53F80F
S2140079402000FFF7CFBF00BFD834002038B504466C
S2140079500078144D04302A460821C0B2FEF7F4FB26
S21400796020B1BDE83840104813F000B82B8863807B
S2140079706B88E978A380AA88A3681A82AB7984F812
S214007980A030EB79A371094B1B780BB9637138BD36
S21400799009B19942FBD9064812F0E8FF2378013373
S2140079A0F4E700BF8657002029B903007D5C00205D
S2140079B052B90300F8B504460B78474A0D4642F81C
S2140079C023004370FFF7C2FFA268444BD465D3641C
S2140079D0434B02265365434BA11C13654FF44013DB
S2140079E0E36001236161E1623F4910322163226551
S2140079F0211D3E4AA1633E483E49626504F1A0024D
S214007A00A061E163E265E01C611D3B4A206261649F
S214007A103A483B492266A21D2374237784F828300F
S214007A2084F8343084F84030A16484F84C6084F8DC
S214007A30583084F864306062A266E879AA6800EB81
S214007A40400102EB810704F10C0CC7F804C04FF0AC
S214007A50060C2C4F42F82170C118C9B201EB410147
S214007A6042F821C002EB810700217960264F84F896
S214007A7080302767254F84F89830A767244F254B1A
S214007A80E767254F84F8746084F88C60C4F89C30EF
S214007A9004F16C06831CC4F88470C4F890601F4F11
S214007AA01F4EDBB203EB4303C4F89460C4F888703F
S214007AB002EB83067034746008261A4C42F82340A2
S214007AC0C31CDBB203EB430302EB8304043042F82F
S214007AD023606160E871F8BDD83400204F0B0300C6
S214007AE0990B03006978000001FF300104FF2001B4
S214007AF01000300102FF200105FF300100FF3001B9
S214007B0003FF2101070001084A002100225104005A
S214007B105100100024510400255104005500210096
S214007B206F0018001200010400239B6AB3F5804F13
S214007B3003D21968064A914203D00023037083607B
S214007B407047012202709A689B694260F7E700BF9F
S214007B5007B0CD5E024B034A1A602AF071BC00BF24
S214007B600000002002020FF073B53F4B04461A785F
S214007B701AB102221A7002B070BDCDE900220028A8
S214007B80F9D001261E7032F0E7FF384D384B1860EA
S214007B9017F0CEFC2B785BB902F0F2F940B9354805
S214007BA00823354A3549006801F038FE00B92E70C2
S214007BB0334B5A68E260334A9A601A6E22605A6EF5
S214007BC06260D3F87021A2601B6E5C042CD52E4A2E
S214007BD0D368D807FCD42D4B1A68531C29D04FF411
S214007BE0801393402A4A13660423294C4FF08042A0
S214007BF023664FF480632366102323664FF40053F6
S214007C006846236601A92266636629F00DF8009B84
S214007C102366019B63662B78002BACD0164B1A6844
S214007C2022665B686366A6E71A4AD368D907FCD45F
S214007C30D1E7194B1B78002BD6D1184B5A68144B3A
S214007C4012B94FF480121A66154A526812B94FF4E8
S214007C5000121A66134B5B68002BC5D14FF48002E6
S214007C600B4B1A66C0E700BFA25C0020A35C002096
S214007C7010350020EC660020143500200071080046
S214007C800080004455CEAC0000000440B8660020DA
S214007C900090004400000450A15C002000800550C5
S214007CA000C005500000065038B5224D04462B781B
S214007CB0012B02D001232B7038BD0028FCD028F001
S214007CC0D8FF013009D028F0D4FF40F201139842C3
S214007CD003D0194AD368DB07FCD42268174B1A6610
S214007CE062685A66A268C3F87021E268D40744BF87
S214007CF000229A60124B1A68013213D1114A127888
S214007D0082B911494968C80748BF1A600F4A5268C5
S214007D10D10744BF01221A600D4A5268D20744BFF9
S214007D2002221A6017F00CFC0A4B186832F00FFF9C
S214007D300023C0E7A25C002000000440008000444E
S214007D40B8660020A15C00200080055000C00550E9
S214007D50000006501035002070B50024A36AB3F565
S214007D60804F23D21A68134B9A421FD1124E337893
S214007D7013F0FD0518D14FF480341048FFF7F4FED9
S214007D80032004F04FFC0E4B0320DC6004F02EFCB6
S214007D900C4B1C61AB6ADB69984704460748FFF743
S214007DA083FF0CB901233370204670BD4FF48174F5
S214007DB0FAE700BF07B0CD5EA15C002000350020CA
S214007DC000A000440090004413B5204B1B7803B974
S214007DD0FEE700231E4CCDE900336A4608231D4902
S214007DE0206801F01BFDF8B91B4AD2F84031D2F8E2
S214007DF040211F2B4FF0010311D9203A9340019ADE
S214007E001A43019208236A461249206801F08EFE42
S214007E10124B134A1A602AF013FB02B010BD9340AF
S214007E20009A1A430092EDE72D28F1D10A4AD2F8BB
S214007E304031D2F840211F2B4FF0010385BF203A76
S214007E4093409340019398BF0093DBE7A25C002029
S214007E50EC6600200071080000800044000000204E
S214007E600B020FF038B50025AB6A0446B3F5804F19
S214007E7010D21B6BB3F5804F0CD20748FFF774FE89
S214007E80AB6A20461B6B5B689847BDE838400248E3
S214007E90FFF70ABF38BD00BF1C35002013B500240D
S214007EA0A36A0190B3F5804F13D21B6BB3F5804FD6
S214007EB00FD20948FFF758FEA36A01211B6B01A8E1
S214007EC09B69984704460448FFF7EEFE204602B03A
S214007ED010BD4FF48174F9E71C35002070B50026FC
S214007EE0B36A0446B3F5804F0D4612D21B6BB3F54A
S214007EF0804F0ED20848FFF737FEB36A20461B6B4A
S214007F0029469B69984704460348FFF7CDFE20465E
S214007F1070BD4FF48174FAE71C35002070B500265A
S214007F20B36A0446B3F5804F0D4612D21B6BB3F509
S214007F30804F0ED20848FFF717FEB36A20461B6B29
S214007F402946DB69984704460348FFF7ADFE2046FE
S214007F5070BD4FF48174FAE71C350020F8B5002791
S214007F60BB6A0446B3F5804F0D46164611D21B6B0E
S214007F707BB10948FFF7F8FDBB6A20461B6B32460B
S214007F8029465B6A984704460348FFF78DFE20465D
S214007F90F8BD4FF40174FAE71C35002070B50026D2
S214007FA0B36A0446B3F5804F0D4612D21B6BB3F589
S214007FB0804F0ED20848FFF7D7FDB36A20461B6BEA
S214007FC029469B6A984704460348FFF76DFE2046FD
S214007FD070BD4FF40174FAE71C350020F0B5002799
S214007FE0BB6A0446B3F5804F0D461646ADF5337DA5
S214007FF020D21B6BB3F5804F1CD21048FFF7B4FDA0
S214008000BB6A20461B6B40F2C1225B6A01A99847F7
S214008010044630B10948FFF747FE20460DF5337D8C
S214008020F0BD836A32461B6B2946DB6A01A8984777
S2140080300446EFE74FF40174EFE700BF1C3500205D
S21400804010B50024A36AB3F5804F10D21B6BB3F5AE
S214008050804F0CD20748FFF787FDA36A1B6B1B6B8C
S214008060984704460348FFF71FFE204610BD01242C
S214008070FBE700BF1C350020F0B58FB0044601A812
S2140080800E461546FFF7EEFE9DF80C30012B12D17A
S214008090B5F5402F27D8B4F5402F24D86319B3F58B
S2140080A0402F20D821462A46304613F001FF0024F0
S2140080B020460FB0F0BD0027BB6AB3F5804F15D23F
S2140080C01B6BB3F5804F11D20A48FFF74DFDBB6A14
S2140080D02A461B6B314620465B6B9847044605488C
S2140080E0FFF7E2FDE4E740F20244E1E740F2011464
S2140080F0DEE700BF1C350020F0B58FB0044601A8AF
S2140081000E461546FFF7AEFE9DF80C30012B1FD12C
S214008110B5F5402F06D8B4F5402F03D86319B3F54C
S214008120402F13D940F2024420460FB0F0BDE2586B
S214008130013225D104339D42F9D82A4631462046DD
S21400814028F0C7FD0028EDD00024EDE70023F2E775
S2140081500027BB6AB3F5804F15D21B6BB3F5804F73
S21400816011D20A48FFF700FDBB6A2A461B6B314650
S21400817020469B6B984704460448FFF795FDD3E7D7
S21400818040F20344D0E740F20114CDE71C3500204E
S21400819070B58EB0044601A80D46FFF763FE9DF845
S2140081A00C30012B22D144EA0503C3F30C03002B49
S2140081B033D1B5F5402F04D940F2024420460EB024
S2140081C070BDB4F5402FF7D82544B5F5402FF3D849
S2140081D0204604F5005428F075FDAC4202D0002875
S2140081E0F6D1E9E70028E7D00024E7E70026B36ADF
S2140081F0B3F5804F14D21B6BB3F5804F10D20A48EC
S214008200FFF7B2FCB36A29461B6B2046DB6B984728
S21400821004460548FFF748FDD0E740F20444CDE7A2
S21400822040F20114CAE700BF1C350020BFF34F8F91
S2140082300549064BCA6802F4E0621343CB60BFF3FD
S2140082404F8F00BFFDE700BF00ED00E00400FA0519
S21400825070B5D0B1C9B10E4E431E013913F8014FA7
S2140082602046325D02F00302012A11F8012F08BFF2
S21400827004F12000B55C05F00305012D08BF20328F
S214008280801A01D1002CE9D170BD0120FCE700BFA7
S214008290FD7804000348044A0449121A921028F094
S2140082A064BD00BF34410000D0420000BC63002023
S2140082B008B5154B83F30A8800F030F8FFF7EAFF9D
S2140082C0124B13498B4212D30020124B12498B4299
S2140082D018D3FCF707FD186850F82240586840F895
S2140082E02240013298688242F5D30C33EAE7002236
S2140082F0F8E71C6844F8220001325C68A242F8D312
S2140083000833E4E70022F8E7080000209C9D0400FC
S214008310A89D0400A89D0400A89D0400124B134AC3
S21400832070B59A60D3F88820114D42F47002C3F8F5
S21400833088206FF0010205F50054226641F2FF72B4
S21400834062660222C3F8D020BFF34F8FBFF36F8F51
S2140083504FF44036032004F065F90320E66004F08D
S21400836045F92E6170BD00BF00ED00E00040000042
S21400837000800044014B1860704700BFC0660020B4
S214008380054B1860054B1B6F03F00703032B01D149
S21400839030F03ABD704700BFC8660020008000502D
S2140083A02DE9F04104464FF001080C250D4E0CB99E
S2140083B0BDE8F08194FAA4F0B0FA80F00F2808FA2D
S2140083C000F2C8BF103824EA0204CABF05FB0062E8
S2140083D005FB0062B4325768002FE8D09168C0B23F
S2140083E0B847E4E72C35002008B50C4832F052FCBC
S2140083F0192004F009F928B1192004F013F91920FE
S21400840004F0F4F81A2004F0FFF828B11A2004F05B
S21400841009F91A2004F0EAF8002008BD8853040081
S2140084202DE9F0410E461746054618B30F2923D806
S2140084300378DBB1013BDBB2022B19D8104AD35CC0
S2140084406A78D340DB0717D50E4BD3F81043ACB988
S21400845032F082FB80463A462846314602F042FE1B
S214008460404632F074FB2046BDE8F0817F23E7E704
S2140084700023E5E72224F6E72124F4E70224F2E7C6
S2140084807851040000C0035010B5044610B30378BA
S214008490E3B1013BDBB2022B1AD8104AD35C6278F8
S2140084A0D340DB0718D532F057FB012261782378DA
S2140084B08A4030214B4341F2100103F1A04303F5FB
S2140084C070335A5032F043FB002010BD7F23E6E79E
S2140084D00023E4E72220F8E72120F6E7785104009D
S2140084E010B5044610B30378E3B1013BDBB2022BB0
S2140084F01AD8104AD35C6278D340DB0718D532F01E
S2140085002BFB0122617823788A4030214B4342F2CC
S214008510100103F1A04303F570335A5032F017FBF5
S214008520002010BD7F23E6E70023E4E72220F8E7DB
S2140085302120F6E77851040038B50D46044618B3F6
S21400854011B30378E3B1013BDBB2022B1AD8104A11
S214008550D35C6278D340DB0718D532F0FDFA3022C0
S2140085602378534303F1A04303F570335B696278C5
S214008570D34003F001032B7032F0E9FA002038BD37
S2140085807F23E6E70023E4E72220F8E72120F6E74A
S214008590785104002DE9F0410D46164698460446EB
S2140085A000284FD000294DD00178002940D04B1E1E
S2140085B0DBB2022B3ED8254AD25C6378DA40D2077B
S2140085C001D4FF2940D1022E01D9042E3CD132F02D
S2140085D0C3FA23780746FF2B05D032462046296883
S2140085E002F0C6FD28602B68013309D12378FF2BE3
S2140085F006D1174B6078D3F8241429F091F9286037
S21400860029684B1C18D00C23124A03FB0122069B38
S214008610C2F8048093602378FF2B04D001230E4A0F
S2140086208B40C2F82434384632F091FA002007E036
S2140086307F22C2E70022C0E7384632F088FA2D20B3
S214008640BDE8F0812220FBE72120F9E778510400FD
S21400865000C003502C35002000D0035008B502F0AF
S21400866037FD044B00F05530C3F82004BDE8084041
S214008670FFF796BE00E0035008B502F029FD044B54
S21400868000F0AA30C3F82004BDE80840FFF788BE13
S21400869000E003502DE9F04F144605460E469B4673
S2140086A0C36B87B001225B6902A960689847EB6BD1
S2140086B001225B6903A93046984702A828F054FFB8
S2140086C0074648B10023A37563754FF0FF33A360D8
S2140086D0002007B0BDE8F08F03A828F052FF012362
S2140086E0A375237E04EBC303DE611F846368B34275
S2140086F00ED1206003A828F066FF4FF0FF332075E8
S214008700A360237D043B022B26D80023A375DFE756
S21400871023681A1A53425341A37503A828F053FF3F
S214008720237D834218BFA77503A828F02EFF0746AF
S21400873002A828F02AFF874218BF002303A818BF04
S214008740A37528F02AFF074602A828F026FF8742CE
S2140087501CBF0023A375D4E703A828F016FF80B13A
S214008760EB6B022230465B6904A9984704A828F000
S2140087701BFF0346207D032839D8DFE800F0383891
S214008780040903A8F3E7CC22237E04EBC3031A8470
S21400879001F06EFC109B187003A8277E28F0E9FEF7
S2140087A004EBC70787F82200237E03A804EBC30365
S2140087B0B3F8209093F8227028F0E7FE804603A8CE
S2140087C028F0EBFE8246B8F1000F15D0EB6B0222C4
S2140087D030465B6904A9984704A828F0AAFE60758D
S2140087E0637D6BB90023A3754FF0000838E0227E46
S2140087F004EBC2021384CBE703A828F085FEEEE75D
S21400880094F81680B8F1000FEED0B9F1000F09D138
S214008810DFB10123E375637E002B4FD1012F42D1D8
S214008820677614E06B6C06EB0A015A4286EA010092
S21400883010421CBF0022A2755A1E0A409B1A994578
S214008840D0D8A37D002BE3D1CEE7E37D43B94FF02C
S21400885000084B4652463146284628F0D0FBA0601A
S214008860A27D12B123694B4423611A49237E0978FD
S21400887099422AD901332376BBF1000F27D032B3B1
S214008880E37D23B3B8F1000F21D1032F1FD0A168D9
S2140088904B1C1CD0109B2246009328460123FFF752
S2140088A0F9FEA07513E095F8343063B9EB6A01332E
S2140088B0CFD1032FCDD10123A376C8E7012FCFD088
S2140088C0032FC4D1F7E79846C3E70023A375A07D1E
S2140088D0FFE600BF9C5104002DE9F04F0E46984677
S2140088E000238BB004464FF0FF31104617468DF834
S2140088F0133001F0A7FBB6F5801F20D2314605AA3B
S21400890004F1080028F082FD451C014603D1237CB3
S214008910BBB92D2010E0384601F094FB0122394601
S21400892020460DF1130328F0BCFB0028EFD09DF87D
S214008930133088F8003000200BB0BDE8F08FB01C74
S214008940E5D1E56A691C36D12046616A28F09DFAB1
S2140089500546B31C18BF0123DFF8CC900193636A69
S214008960626C0293236805A902FB053AE36B0522B5
S2140089705B695046984705A828F091FE28F0B4FE9B
S214008980504628F0BCFE4FF0000B824601464B1CBA
S21400899005D0636C81EA0A025B42134211D0294675
S2140089A0204628F072FA029BAB422CD0BBF1000F97
S2140089B02CD10546D3E72368ED1A636CB5FBF3F5B7
S2140089C0C7E7484601F03EFB0DF113034946204633
S2140089D0019A28F066FB034690B1B21C03D0D9F882
S2140089E00020B2420CD19DF8132003930D4B88F85B
S2140089F0002049461A68384613F05AFA039B9B46ED
S214008A00D9F80810C3E7BBF1000F82D0B6F5801F77
S214008A1091D2314698F800307A6804F1080001F0E7
S214008A203FFA88E798510400083D00202DE9F341FD
S214008A300446174698460E46184D816AE36A8B42EE
S214008A4001D04B1C02D102B0BDE8F081284601F0EF
S214008A50F9FA0122294620460DF1070328F021FBEA
S214008A6038B14346294620469DF80720B8470028D7
S214008A70E9D0A9684A1C04D16968204628F092FA11
S214008A800146012EDAD16B6881EA0302636C5B4211
S214008A901A4218BF4FF0FF31D0E700BFDC3C002081
S214008AA02DE9F04F4FF0FF334FF6FF7200250446D6
S214008AB000F10806C0E909238BB0C36205620563AE
S214008AC03046884628F073FC204628F0AEF960BB96
S214008AD02046414628F029FA204628F0A6F960BB31
S214008AE05E200BB0BDE8F08F2368E26B606C5769C0
S214008AF000FB0530052205A9B84705A828F0CFFDDC
S214008B00012807460CD12946204628F0DFF9012F18
S214008B10024600D101322946204628F0A5F903E096
S214008B2028F0E7FD0028EED10135E3699D42DBD34E
S214008B30204628F07AF90028CAD000254FF0FF39E1
S214008B404FF6FF73CA46A846C4E90853E36998453A
S214008B500AD3A5EB0905012D2CD84FF6FF72636AE0
S214008B6093423CD16720BCE72368E26B606C576990
S214008B7000FB0830052205A9B84705A828F08FFD98
S214008B80834605A828F062FD0746584628F0ACFD47
S214008B9068B1574538BFC4F82480B94528BFB946E0
S214008BA0BD4238BF3D46BA46236A0133236208F108
S214008BB00108CBE74FF6FF7300256362E3699D4229
S214008BC0CBD2676C2068E36B052207FB05005B6968
S214008BD005A9984705A828F039FD0135EEE7E26BB0
S214008BE0676C2068694607FB030055690522A8479D
S214008BF0684628F02BFD626A2368606C4B4D00FBCC
S214008C00023028F07CFD4FF0FF33A062E3622A4674
S214008C106FF00101204605ABFFF75EFE002846D147
S214008C20AD6829462046E56228F0DBF8206320B9C7
S214008C302046E16A28F0B6F9E0622946204628F088
S214008C40B1F90546A36A9D4233D1204628F09CF828
S214008C5000278046B946E36999453CD3B84559D9BB
S214008C602046616A28F011F90026054604F1400AFC
S214008C70B74212D8626C2368694602FB0539E36B7B
S214008C8005225B6948469847684628F0DFFC53464D
S214008C9002464946E06B28F034FD2946204628F077
S214008CA0F4F80136B0450546E2D1642019E7A56A16
S214008CB0B7E72946204628F094F8236B2946034454
S214008CC007462363204628F06DF90546002FB9D1E4
S214008CD0C4E90B07B6E7636C2568052203FB095554
S214008CE0E36B05A95B692846984705A828F0D7FCDA
S214008CF028F0FAFC58B1284628F001FD0146204627
S214008D0028F06FF8636C143B984208BF013709F1EE
S214008D100109A0E7304628F04AFB00232046194602
S214008D20034AFFF783FE0020DBE600BF343D002049
S214008D30911003002DE9F041036B9046826B0768A3
S214008D409A4288BF8363426C436A90B002FB037703
S214008D50C36B0E46052201A95B6904463846984750
S214008D6001A828F09CFC01280146307057D0656C9D
S214008D70E26B2368606AD2F814C005FB0030052257
S214008D8006A9E04706A828F08AFC01284FF000054F
S214008D9023D0D4E90A3201219342CDE90B458DF860
S214008DA034800E958DF83C102AD11946204628F0BE
S214008DB0F9F8236B626C14339B1AE06223630C9BF6
S214008DC053B99DF83C303BB1626A616C2368E06B36
S214008DD001FB023128F01BFC0C9DE36B05225B694E
S214008DE001A93846984701A828F059FC3070284653
S214008DF0236BA26B9A4288BFA36310B0BDE8F081D4
S214008E00237C33B91C490BAA04F1080001F096F83C
S214008E10D5E72046194A0BABFFF708FECFE7237CC1
S214008E2023BB2246164904F1080001F087F8616A60
S214008E30204628F04BF8616A421C204628F014F8B9
S214008E40054620B9236B626C1344143B236320460B
S214008E50A16A28F0A7F82368A062C01A636CB0FB6A
S214008E60F3F06062204628F0E0F8B6E700232046DC
S214008E70044AFFF7DBFDDAE7D995000055950000B8
S214008E802B110300C710030073B50D46D11E4A42CE
S214008E901C461B7E4A419A4226D12968236899427D
S214008EA022D3636899421FD8114E0DF1070332464C
S214008EB0FFF712FDC0B972686B689A4214D19DF82C
S214008EC00730DA1E53425341227E93420CD1636927
S214008ED001336361D4E90323934205D22968A2686B
S214008EE042F8231001332361012002B070BD00BF99
S214008EF0343D00202DE9F04F9B4689B09DF8483060
S214008F009046514A0193136907465B450D46C0F0EB
S214008F109580D94653680093B9F1000F7BD0FB6B60
S214008F2001225B6905A90098984705A828F029FB47
S214008F30454B1B68984240F0848005A828F02DFB1E
S214008F400428064615D105A828F02EFB009B0446EB
S214008F501E44019B002B3ED1804512D91C46A8EB2F
S214008F6000083846009928F01DF8A9EB040900907F
S214008F70D2E7FB6B02225B69009806A9984706A811
S214008F80E2E7A0EB08045C4528BF5C46032C464499
S214008F90ABEB040B1DD9FB6B294630465B69A20878
S214008FA0984724F0030304F0030A1E441D44DDF82A
S214008FB00480BAF1000FD4D0FB6B012206A930461C
S214008FC05B6998475246284606A912F071FF554439
S214008FD0C7E7A246EBE7824600F0030302932B188E
S214008FE003930644039BA6EB0A00A3EB0A05029B29
S214008FF09A4514D1BAF1000FB3D0FB6B012206A933
S2140090005B6998475246284606A913F00DF90028D2
S214009010DDD04FF03609484609B0BDE8F08FFB6B4F
S214009020012206A95B6998470422284606A913F080
S214009030FBF80028EDD1AAF1040AD3E74FF0630944
S214009040E9E74FF06F09E6E7603D00202DE9F041C3
S2140090500F4616469846044688B060B390F83450DB
S214009060FDB1012127F0D6FE00210E9BCDE90511AA
S214009070CDE902379DF83C30CDF804808DF81C30E1
S214009080237C04968BB90D4901AA04F1080000F070
S21400909055FFDDE90553E06B002E08BF1D4628F09E
S2140090A052F8284608B0BDE8F0812046044A01ABD5
S2140090B0FFF7BCFCEDE70546F3E700BFF51003003D
S2140090C0898E00007FB590F84260044601920DF14B
S2140090D00B030A463046114928F03DF8012E054696
S2140090E0E36B17D132465B6903A998479DF80B10CE
S2140090F0039B019A59B19BB243EA024301222846D8
S2140091000393E36B03A99B69984704B070BD62F3B1
S2140091100F03F3E701229B6901A9F5E7603D0020F4
S2140091202DE9F04F99B00E460D920A69416C0B93EB
S2140091301439D31DB3FBF1F3013302EBC302036B07
S21400914004469342C0F001820023DFF8049408939B
S214009150E36A48461946059300F074FFD6E90337DC
S21400916007930B9B022B4DD1CC2F40F0D7810D9B44
S2140091703BB13146204628F044F8656C1490012037
S21400918044E00120079B656C1B68149300F0010007
S21400919000280CBF04230823782F0E9349D8059A7D
S2140091A06B1E1340ED1A3B1D9D423CD2002F3DD056
S2140091B0082D3ED80023042506934FF0040A336892
S2140091C006990B98C9F80030C9F8107028F0FFF916
S2140091D04FEA9A030F93059B89F814000393002324
S2140091E009930C9304930A93616C039B4A1E1A40DE
S2140091F08B1A27B35544AB4223D8236B5B1A134410
S21400920023632FE1782F656CB9D8F07D0D9B002B7A
S214009210BCD0E36B01225B69706816A9984716A854
S21400922028F0B3F9B4E700250695C6E704250697A7
S214009230C3E7012300254FF0080A0693BFE753450E
S214009240DBD3A3EB0A029742039BB84628BF90469F
S2140092509742534428D90122D9F8101089F81720CC
S2140092608F4226D10399C9F80410049299F8172062
S2140092700AB399F818100398CA1C09EBC20250608A
S21400928004980131A2F80880907289F81810B8F195
S214009290000F07D00B9A022A40F08180099A72B11B
S2140092A0012209929B46ABE0049A002A18BF0322CB
S2140092B0DBE70222D9E7039AC9F80420E7E70C9A0D
S2140092C04244032AEED9E26B1846956914A9012296
S2140092D00993A847099B05460028E1D03D2D40F09C
S2140092E01E8104F1080303932368059A606CA2EBC1
S2140092F0030ABAFBF0FA00FB0A3028F000FAE16A2B
S2140093008046204627F04EFEA26A824200F00F8179
S214009310626CD9F80830511E0B40216B2768891AF9
S2140093200B442363089BE062DF1BB7FBF2F7BA45EA
S21400933040F0FA80059BB3EB080A12D0E36B4FEAC5
S2140093409A0241469B6998478346E36A059A5344C6
S214009350E362236B03989B1A4344236328F027F8A1
S214009360DA462368616CE06B01FB073128F03CF9B4
S214009370204627F05AFD204627F057FE2063BAF114
S214009380000F00F0D4803269616CD31D1439B3FB32
S214009390F1F3013302EBC3029042A5D2BFE00D9A6F
S2140093A0002A77D1B8F1030F4FEA98026ED9E16B25
S2140093B018468D6907991093A847109B0546C0B9B3
S2140093C018F0030515D0079A28F0030B02EB0B01E3
S2140093D09B444FF0FF3215A815922A46109312F0C0
S2140093E067FDE26B5846956915A90122A847054610
S2140093F0109B9B46079A42440792002D40F08B80B4
S214009400049B16A80193069B009399F814204346E4
S214009410316800F0CDFDE36B0F9A9B69039816A99F
S2140094209847039A051E089B18BF134608934346A1
S21400943052462046039927F0E2FD236B08F103020B
S214009440A3EB0A0322F003029B1AC9F80800236361
S214009450002D7FF443AF0C9BA7EB080743440C9307
S214009460CDF80CB02046039927F09CFD002503900C
S214009470002F7FF4B9AE364A3168936804F10800CD
S214009480E36252680B9B00F00BFD49E09B464546A5
S21400949007999EE79B4606F120021092F27D7068BF
S2140094A0A2B1002296F818C00A99D5B2AC4511D9D7
S2140094B0109D02F1010E35F832508D4228D90E98D3
S2140094C006EBC2020144D069084403E00E9A0A99EA
S2140094D00A441044E26B15A9556901221193A84766
S2140094E0159A0A9B1392E26B04339569584601223B
S2140094F013A90A93A847119B054603EB0802A2EBA3
S2140095000B02042A7FF679AF28B90BF1040BC5E7E6
S2140095107246491BC9E7CDF820B088E770252F466C
S214009520384619B0BDE8F08F4FF0000A19E73269E7
S214009530616CD31D1439B3FBF1F3013302EBC302A4
S214009540236B9342BFF404AEE9E71C27E8E700BFAD
S214009550083D0020032A2DE9F34106460D4617462E
S2140095601C4606D1237A012B23D0012002B0BDE889
S214009570F081DFF86080096842460DF10703FFF7C7
S214009580ABF960600028EDD19DF80720237A032A06
S214009590E8D0D8F804106A689142E3D1012B296913
S2140095A0D4F80CC007D172690CEB0103934202D9C0
S2140095B02074207CDAE708316144E1603B460122F2
S2140095C029463046FFF7ACFD60600028CAD0002070
S2140095D0CCE700BF343D00202DE9F341089C032A68
S2140095E01746266806D1237A012B24D0012002B024
S2140095F0BDE8F081DFF89080304642460DF1070363
S214009600FFF76AF960600028EDD12568D8F80400F5
S214009610A96AD5F844C04840CCF100031840227A25
S214009620E1D1012A09D1E268D8F8103013447269F2
S214009630934202D92074207CD9E72868EB6A1B1A6B
S214009640081AB3FBFCF3B0FBFCF083420BD1706C42
S214009650F36A421E1340326B121A134428463363D1
S21400966027F0A0FCE862D8F81020E368083213441C
S214009670E36001223B4604492068FFF751FD606025
S2140096800028B0D00020B2E7343D00202DE9F0419C
S2140096900025604B0E46D3F8008004461D6018B9BE
S2140096A021252846BDE8F08190F8347007B30A6893
S2140096B003689A4240F0A3804A6843689A4240F0A2
S2140096C09E808A6883689A4240F09980CA68C36818
S2140096D09A4240F094800A6943699A4240F08F802B
S2140096E08A69C36B9A4240F08A804B698361D8E7E7
S2140096F068223946856B12F04BFAD6E902123368B7
S21400970004F1080023607368A563636033696361CE
S2140097107369A36127F05DFEB36904F14000E3635B
S2140097209B68984720B9676C17B16368B3FBF7F777
S21400973094F84330E761002BB2D00023656C2366B3
S214009740002D64D0002F62D02368B3FBF5F205FB32
S2140097501233002B55D16668B6FBF5F305FB136391
S214009760002B4ED1204627F02CFBA369043303447C
S2140097709E4248D340F634726369CC3B934244D849
S214009780B5F5805F43D30321204627F043FBD4E999
S2140097900001E36B1B6898470546E36B0220DB6815
S2140097A09847CDB941462046FFF77AF96428054622
S2140097B004D141462046FFF773F90546666C5DB94D
S2140097C0236A2046143E5E4327F0FBFAA36904335F
S2140097D003449E4238BF5A25002D0CBF01230023A8
S2140097E084F8343007D1D4E900010B4A13680133FA
S2140097F0136027F088FEE06B27F0A5FC51E75D2597
S2140098004FE759254DE75A254BE75F2549E75B2586
S21400981047E700BF98360020943600202DE9FF4128
S2140098200C4616461F46054680B390F834307BB388
S214009830B1F5801F2ED2DFF86080012127F0EAFA0A
S2140098402146424628460DF10F03FFF745F8044629
S21400985070B99DF80F30012B11D1D8F81030BB42EB
S21400986012D10246009031462846FFF743FB0446D5
S214009870E86B27F068FC204604B0BDE8F081022BB8
S21400988014BF2D246024F3E76324F1E72124F2E7D4
S2140098901124F0E72924EEE7603D00202DE9F0438F
S2140098A085B00C4617461E460546DDF8308098B350
S2140098B090F8343093B3B1F5801F31D2DFF864905E
S2140098C0012127F0A7FA21464A4628460DF10F0344
S2140098D0FFF702F8044688B99DF80F30012B14D123
S2140098E0D9F8102006EB08039A4213D3009043469B
S2140098F0324639462846FFF7FDFA0446E86B27F05D
S21400990022FC204605B0BDE8F083022B14BF2D24B0
S2140099106024F3E76324F1E72124F2E71124F0E75B
S2140099202924EEE7603D002073B50C461646054632
S21400993030B390F834302BB3B1F5801F24D2012118
S21400994027F068FA21462846104A0DF10703FEF76D
S214009950C3FF044680B99DF80730032B0CD0022BBA
S2140099600CD12846094927F04CFC3060E86B27F0FC
S214009970EAFB204602B070BD2D24F7E76124F5E728
S2140099802124F6E71124F4E72924F2E7603D0020BD
S2140099902DE9F3411E4600230C4617460546336064
S2140099A050B390F834304BB3B1F5801F28D2DFF8AF
S2140099B05480012127F02EFA2146424628460DF112
S2140099C00703FEF789FF0446A0B99DF80730032B6E
S2140099D010D0022B03BF01233B600423D8F81030BD
S2140099E018BF38603360E86B27F0ADFB204602B046
S2140099F0BDE8F0812D24F6E72124F7E71124F5E7EA
S214009A002924F3E7603D002073B50446056B27F074
S214009A10D8F9636E03449D422CBF00230123854280
S214009A2094BF00252D1A207C84F85030656584F894
S214009A305800A8B100230C4E1A4619462046009638
S214009A4027F0A3FC002305461A4619462046009632
S214009A5027F0A4FCE3682844984294BF0020C01A6C
S214009A60E06502B070BD00BFFFFF0F002DE9F347B1
S214009A701E4643690446B342884617469DF828901A
S214009A804ED300258DF80750204627F09AF9D4F8D3
S214009A9030A082450AD2236AB5EB430F06D20022D5
S214009AA020460DF10701FFF745F9B8B39DF80730DA
S214009AB0012B05D1002220460DF10701FFF73AF9E8
S214009AC0B9F1030F06D03146204627F06AF9256B18
S214009AD0854227D3144D4FF0FF31284600F0B2FAE6
S214009AE04B46294600222046C5E90376C5F8008085
S214009AF0FFF716FB236E054663B12046FFF784FF8B
S214009B0094F8503013B994F858301BB1236E04F112
S214009B1050009847284602B0BDE8F0870135B3E705
S214009B206225F7E71C25F5E7343D00202DE9FF41C7
S214009B300F4690461E46054698B390F8343093B3C9
S214009B40B1F5801F31D21A4C022127F063F9224664
S214009B50394628460DF10F03FEF7BEFE024678B1E1
S214009B60012342460093394633462846FFF77EFFD8
S214009B700446E86B27F0E7FA204604B0BDE8F0811B
S214009B809DF80F30012BEBD12169B142E8D100934B
S214009B90414633462846FFF7ADF904460028DFD194
S214009BA0E7E72124E8E71124E6E72924E4E700BFF5
S214009BB0603D00202DE9F04790F8423086B0012B3A
S214009BC005460391A1EB020740F0AA80FF2F03D8B9
S214009BD01E464FF0640807E00226012B14BF4FF024
S214009BE032084FF06408013600244FF6FF79DFF89C
S214009BF044A195F84230012B14BF322364239C42C3
S214009C0002D35FFA88F40DE005AB2246514628469B
S214009C1027F0D5FA95F84230012B059B34D14B45F9
S214009C202DD1E4B295F84230012B14BF32226422C3
S214009C30121BB24217D3012E39D10022012B0597F1
S214009C408DF8132027D1082205A90DF1130027F05F
S214009C5072FD9DF81330059A42EA032221462846F3
S214009C60FFF730FA40B10223324900932846CC234E
S214009C70096803AAFFF7FAFE06B0BDE8F087DBB274
S214009C8003B902340134B4E7591CCAD09BB2002B86
S214009C90F8D10134F6E7102205A90DF1130027F0DC
S214009CA04AFD9DF81330059A42EA0342D6E7039A26
S214009CB0012B059223D10823202205A90DF11300BC
S214009CC08DF8133027F037FD9DF813201202214639
S214009CD02846FFF7F7F995F84230611C012BC9B208
S214009CE01AD10028BFD12846BDF81420FFF7EAF99C
S214009CF00028B8D10234BDF81620E1B2AFE7102331
S214009D00202205A90DF113008DF8133027F013FD5E
S214009D109DF813201204DAE70028A4D1059A9EE7DE
S214009D20B7F5803F4FF00106BFF457AF4FF032084B
S214009D305AE700BF603D002070B586B00E46054667
S214009D400392A0B390F834309BB3B1F5801F32D2A3
S214009D50022127F05FF831462846184A0DF117030E
S214009D60FEF7BAFD044618B99DF81730032B0ED13E
S214009D700223314600932846CC2303AAFFF776FE3B
S214009D800446E86B27F0DFF9204606B070BD022BCC
S214009D900BD10A49284627F034FA03990246814235
S214009DA0EFD02846FFF706FFEAE76124E9E721241B
S214009DB0EAE71124E8E72924E6E700BF603D002033
S214009DC0F7B50C461646054668B390F8343063B3CC
S214009DD0B1F5801F2BD2022127F01CF82146284619
S214009DE0144A0DF10703FEF777FDC0B99DF807305A
S214009DF0032B14D0022B14D10E49284627F001FA63
S214009E00471C024639462846FFF7D4FE044606B1EC
S214009E103760E86B27F097F9204603B0F0BD2D2495
S214009E20F7E76124F5E72124F6E71124F4E729246F
S214009E30F2E700BF603D002030B50C46054685B011
S214009E4028B390F8343023B3B1F5801F23D2022113
S214009E5026F0E0FF0DF10F03214628460F4AFEF7D5
S214009E603BFD034688B99DF80F20032A0DD0032238
S214009E702146009202462846FFF7F8FD0446E86BA6
S214009E8027F061F9204605B030BD2D24F7E72124E0
S214009E90F8E71124F6E72924F4E700BF603D002028
S214009EA02DE9F043466886B3056898464FF0000CE7
S214009EB0A946AE4655F83C400CF1010CC4F3130716
S214009EC0013401D0B94217D0B4450EF1080EF1D1D5
S214009ED02F46002403E0B44207F1080712D055F8D5
S214009EE0343001340133F6D1C1F3130141EA08518D
S214009EF0C7E90012BDE8F08341EA0851CEE9001236
S214009F00BDE8F083B8F1030F03D101230372BDE867
S214009F10F083002303E0B34209F10809F5D055F8B1
S214009F2033400133C4F30754032CF4D1C1F31303B5
S214009F3043EA0853C9E90032BDE8F0832DE9F04151
S214009F400646406882B0B8B10F4690460024336893
S214009F5053F8345003EBC403C5F30752C5F313019B
S214009F60013506D05B683046CDF80080B84718B19A
S214009F70706801348442EAD302B0BDE8F08100BFC5
S214009F80024B1968024B1868FFF780BBCC660020AE
S214009F90EC66002008B530F0D2FD014B186008BD15
S214009FA08C3D0020014B186830F0C4BD8C3D00206D
S214009FB073B504462248012A00EAC1119DF81850DC
S214009FC023F07C4007D9961E012E28D9073303F0CC
S214009FD07F03194308E09DF81C300A43DB0603F0B4
S214009FE0C053134343F060410023C4E900108DF8CA
S214009FF00730B5B1202221460DF1070027F09BFB64
S21400A0001A220DF10700211D27F095FB0820636832
S21400A0109DF8072043EA8263636002B070BD114377
S21400A020E2E71B220DF10700214627F084FB236898
S21400A0309DF80720042043EAC2632360EDE700BFD3
S21400A04080FFFF0738B5094B0D461A680021044605
S21400A05011F09EFD00234FF0FF322383C4E9002554
S21400A0602361A260E382A37638BD00BF9851040046
S21400A0700138C0B205289ABF014B185C0120704712
S21400A0809D5104002DE9F0410746154600240E4672
S21400A090596888B0490A012922464FEA510104F15D
S21400A0A00104F8D8DC78997824031B88C90201F4E7
S21400A0B0006104F480540C43C3F30A0352032344A0
S21400A0C092B24FF000089C18274B6FEA04440393A3
S21400A0D025F07843ED4302A90DF107001B220293F9
S21400A0E08DF8078027F027FB9DF80720029B02A922
S21400A0F043EAC2630DF107001B2225F0784504935E
S21400A10002958DF8078027F016FB9DF80720029B26
S21400A1106FEA144443EAC26305934FF0FF33079493
S21400A120069307A9BB69012206F110009847BB6990
S21400A13005A90446012206F108009847BB69404578
S21400A14018BF044604A90122301D98470122404545
S21400A15018BF0446BB69304603A99847404508BF68
S21400A160204608B0BDE8F08101009AB238B5104B21
S21400A1700546D3F800310C4603F00303022B0BD040
S21400A180032B0DD0012B0FD12EF058FE032305B163
S21400A190286004B1236038BD2EF09AFE0723F6E748
S21400A1A030F0E0FC0623F2E701230020EFE700BFD3
S21400A1B00080005038B5134B0546D3F820010C46F6
S21400A1C000F0070004281AD8DFE800F003090D1194
S21400A1D01500012305B1286004B1236038BD2EF0B8
S21400A1E0F3FD0423F6E72EF029FE0323F2E72EF014
S21400A1F02BFE0523EEE72EF01DFE0223EAE70023E2
S21400A2001846E7E70080005038B5104B0546D3F8EF
S21400A21040310C4603F00303022B0BD0032B0DD06A
S21400A220012B0FD130F0A0FC082305B1286004B143
S21400A230236038BD2EF04CFE0723F6E730F097FC7F
S21400A2400923F2E701230020EFE700BF008000505B
S21400A25038B5104B0546D3F860310C4603F00303BF
S21400A260022B0BD0032B0DD0012B0FD130F07CFC32
S21400A270082305B1286004B1236038BD2EF028FEFF
S21400A2800723F6E730F073FC0923F2E701230020EA
S21400A290EFE700BF0080005041F6713210B5104C59
S21400A2A0104BA04294BF00240124D969DA639A684F
S21400A2B001F4803122F4401242EA04529A600A4ABB
S21400A2C090420A4AD2F818028CBF40F0020020F0F2
S21400A2D00200C2F8180209B10022DA6310BD00BFFE
S21400A2E0005A62020000035080F0FA0200C00750D5
S21400A2F02E4B98424AD022D82D4B984240D014D8A4
S21400A3002C4B984239D00AD82B4B984232D02B4B44
S21400A31098422FD02A4B98422CD000207047294BC9
S21400A3209842FAD1284B186F7047284B98422AD08B
S21400A330274B9842F1D1244BD3F880007047254B29
S21400A34098422BD009D8244B984223D0234B9842CE
S21400A350E3D11D4BD3F88C007047214B984221D097
S21400A36003F5740303F510539842D6D1164BD3F871
S21400A37098007047144B986D7047134B586E704793
S21400A380114B586F7047104B986F70470E4BD3F8B1
S21400A390840070470C4BD3F8880070470A4BD3F8FC
S21400A3A090007047084BD3F8940070470048E801C7
S21400A3B00024F400C0CF6A0080841E0000093D001F
S21400A3C040420F00405DC6000080E00FC0EA210159
S21400A3D080BA8C01007E560380D54302006CDC02F6
S21400A3E00090D00337B50C460021114B0191D3F8ED
S21400A3F08031054603F00303022B0ED0032B11D049
S21400A400012B03D101A8FFF7D5FE0D210DB1019B4D
S21400A4102B6004B1216003B030BD2EF015FD052180
S21400A4200190F3E72EF006FD02210190EEE700BF53
S21400A4300080005038B5104B0546D3F840320C4625
S21400A44003F00303022B0BD0032B0DD0012B0FD1EF
S21400A45030F08AFB082305B1286004B1236038BDBC
S21400A4602EF036FD0723F6E730F081FB0923F2E7EE
S21400A47000231846EFE700BF0080005038B5144BA5
S21400A4800546D3F800020C4600F0070004281BD847
S21400A490DFE800F003090D111500012305B128605F
S21400A4A004B1236038BD30F05FFB0823F6E72EF0DA
S21400A4B00FFD0723F2E730F05AFB0923EEE72EF0F4
S21400A4C0A3FC0C23800AE9E700231846E6E700BF52
S21400A4D00080005038B5144B0546D3F808020C46E9
S21400A4E000F0070004281BD8DFE800F003090D1170
S21400A4F01500012305B1286004B1236038BD30F093
S21400A50033FB0823F6E72EF0E3FC0723F2E730F0F0
S21400A5102EFB0923EEE72EF077FC0C23800AE9E7F2
S21400A52000231846E6E700BF00800050032814D03A
S21400A53005D8012805D0022809D0002005E00F28FC
S21400A540FBD1084B186FC0F3013001307047054B44
S21400A550D3F89000C0F30460F7E7024B186FC0F31F
S21400A5608020F2E7008000501FB5002301932528C5
S21400A57017D8DFE800F0131A1D272C363B51565B20
S21400A58060656A78161A401616561A272C27361A49
S21400A5905127783B3B3B3B2727275B602EF01AFC76
S21400A5A00190019805B05DF804FB2EF02DFCF7E74E
S21400A5B02EF010FC02460220FFF7B8FFB2FBF0F2C6
S21400A5C00192EEE72EF020FC02460320F4E72EF080
S21400A5D01BFC02460320FFF7A9FFB2FBF0F252086D
S21400A5E0EEE7002101A8FFF7FDFEDAE7002101A84B
S21400A5F0FFF7E0FDD5E702934FF0E0231B695B070A
S21400A60005D52EF001FC0290029B0193C9E703A931
S21400A61002A8FFF7F9FDF7E7002101A8FFF7F4FD10
S21400A620BFE7002101A8FFF713FEBAE7002101A843
S21400A630FFF724FFB5E7002101A8FFF74BFFB0E7BF
S21400A640002101A8FFF792FDABE7094BD3F8803055
S21400A65003F00303022BA8D0032B01D000209FE7B2
S21400A6602EF0F2FB9CE7002101A8FFF7E3FE98E737
S21400A6700080005008B50120FFF776FFBDE80840CF
S21400A6800349884294BF01210221032000F002B84A
S21400A69080F0FA02032810B50C4627D004D801280B
S21400A6A004D0022817D010BD0F28FCD127F061F87F
S21400A6B027F067F8124A013C136F23F4405343EA2D
S21400A6C0043313672EF0A0FB0021FFF7E5FDBDE87D
S21400A6D01040FFF7CFBF0A4A4C1ED2F8903023F046
S21400A6E0F85343EA0463C2F89030DCE7044A4C1E91
S21400A6F0136F23F4806343EA84231367D3E700BF12
S21400A700008000501FB500230193252821D8DFE8DC
S21400A71000F013202020202A2F454A4F54595E71FE
S21400A72020203420204A202020202A204520712F57
S21400A7302F2F2F2020204F54314B1B6F03F0070381
S21400A740013B032B05D8DFE803F00C02080A0423BC
S21400A7500193019805B05DF804FB0323F8E7062390
S21400A760F6E70223F4E7002001A9FFF73BFEF0E737
S21400A770002001A9FFF71EFDEBE702934FF0E02350
S21400A7801B695B0705D52EF03FFB0B230393039B4A
S21400A790DEE703A902A8FFF737FDF8E7002001A9C6
S21400A7A0FFF732FDD5E7002001A9FFF751FDD0E7FE
S21400A7B0002001A9FFF762FECBE7002001A9FFF702
S21400A7C089FEC6E7002001A9FFF7D0FCC1E70C4BC5
S21400A7D0D3F8803003F00303022B03D0032B05D0FD
S21400A7E00023B5E72EF010FB0B23B1E72EF02CFB71
S21400A7F00523ADE7002001A9FFF71CFEA9E700BF6F
S21400A8000080005008B50320FFF790FE034B187039
S21400A81026F0AFFFBDE8084026F0B3BFA45C0020DA
S21400A82010B504462EF0F0FA0021FFF735FD1CB1F6
S21400A830BDE81040FFF71EBF034B0320BDE81040E5
S21400A8401978FFF727BF00BFA45C002038B505467F
S21400A850FFF74EFD204B04465A68012A04D11F49D3
S21400A8604A609A699207FCD10020FFF74BFF042844
S21400A87003D126F07EFF26F084FF194A24F04073A9
S21400A88095421FD0174A95421FD0174AD16811F03B
S21400A890060FFBD19068936091684B4013F4F81F45
S21400A8A016D12846FDF766FD0020FFF72BFF04288B
S21400A8B010D12EF0A9FA0021FFF7EEFCBDE83840D3
S21400A8C0FFF7D8BE43F00073DFE743F08073DCE7A2
S21400A8D09060E9E738BD00BF00C0015000E00150BD
S21400A8E040420F0080841E000000015070B50446F0
S21400A8F00020FFF707FF03287CD045F60E03022151
S21400A900414AC2F88030414B9962012103F58053D9
S21400A9109962936DD903FCD4D4E900131B0543EA6E
S21400A9200163E17B94F823500B43217B43EA014308
S21400A930617B43EA0133A17B43EA8113136191698A
S21400A940D4E904031B0643EA806301F000410B438D
S21400A950A17EE07E0B43217E43EA0143617E43EA0B
S21400A96001239361E169136A002923F00D0343EA8A
S21400A970010314BF0121002143EA800343EAC10317
S21400A980136294F8203094F82200916A4FEA431339
S21400A99031D194F8216021F0330143EA06130B43CA
S21400A9A043F0010393621A49174A936D31EA030391
S21400A9B0FBD10221154B9962936D5B00FCD41369A1
S21400A9C0A16823F4700343EA015313614FF0004279
S21400A9D00E4B9A6118B9022203F580539A6215B994
S21400A9E001220C4B9A6294F824301BB1064B0A4A9B
S21400A9F0C3F8802070BD21F0330129430B4343EA9E
S21400AA0040039362EFE700BF00C0005000D0005044
S21400AA100300014000E00050F1A7FFFF014B93F94F
S21400AA2000007047A55C0020014B1880704700BFEF
S21400AA30E86B00200C4A10B51369044643F0040383
S21400AA4013612EF051FD26F0A0FE084B084AC3F80D
S21400AA50202430BF26F09AFE02F066F91CB9BDE845
S21400AA6010402EF0D1B910BD00ED00E000E003501C
S21400AA700000FFFF034A0179D36E23F030030B4337
S21400AA80D366704700400050F8B504460D461F4692
S21400AA9016464AB101238B403021184A01FB00229A
S21400AAA0F7B141F21001535004EB4403072D4FF069
S21400AAB00F014FEA031316D8A80006FA00F28140E9
S21400AAC00F48184426F065FE4EB9012330210B4A84
S21400AAD0AB4001FB042277B141F210015350F8BDA0
S21400AAE042F21001DFE7A5F10800800006FA00F246
S21400AAF081400448E5E742F21001EFE700C003504A
S21400AB0004C003500CC00350012200F5805310B55A
S21400AB105A60244B244AC36043691340FCD18361C6
S21400AB20C0F89830436913F4401FFBD14369DA0537
S21400AB302CD4836F53BB43699B0529D4D0F8883047
S21400AB4033BB0121C26FD0F88C2000F50052516053
S21400AB50302183600361C36203620167C0F880101E
S21400AB601249884208D142F26004114984640165A2
S21400AB7043658465016643660C49884202D100201D
S21400AB80102B08D10B4B5362936210BD436FCDE779
S21400AB90D0F88430CFE703F1280441F824000133CD
S21400ABA0EEE700BF12000200520001000040005A0B
S21400ABB000C002808F330F80084608B569B9182098
S21400ABC0FFF7D2FCB0B10C4B984206D90B4B9B68F2
S21400ABD0C3F302730133B0FBF3F0094B00F57420A6
S21400ABE000F23F20B0FBF3F001387F2828BF7F201B
S21400ABF0C0B208BD0120F0E7005A62020040005AC9
S21400AC0040420F000B4B10B5994228BF19460C4620
S21400AC101AB91820FFF7A8FC0246631E1344B3FBBC
S21400AC20F4F0A34228BF00F1FF30032828BF03201A
S21400AC30C0B210BD005A620210B51048104C002B6E
S21400AC4008BF04468C4228BF0C461AB91820FFF7E6
S21400AC508BFC02469DF8083040F2FF300133B2FB11
S21400AC60F3F2631E1A44B2FBF4F3A24228BF03F1C8
S21400AC70FF33984228BF184610BD00BF8096980044
S21400AC80404B4C002DE9F04F2DED068BB64D0C4693
S21400AC9016462946002285B00746FFF7B3FF94F80C
S21400ACA005800122804538BF804607F500535A606C
S21400ACB020795FFA88F850B91820FFF755FCA842AB
S21400ACC0014628BFB0FBF8F13846FFF775FF4FF096
S21400ACD00009E37822781B01524202F0020203F0D8
S21400ACE03003134362780004524202F00402134316
S21400ACF0A27800F4FE00524202F0080213434FEA24
S21400AD00087202F0E04213431843E3882289B860D1
S21400AD103B616389DFF85CA243EA02433B62574526
S21400AD2002D1B9F1020F08D1012307F580577B60E5
S21400AD3005B0BDEC068BBDE8F08F002235788B4859
S21400AD408B49B468954218BF01462B468948CDF812
S21400AD500080FFF771FF07EB09118B6CA2B223F09E
S21400AD60405323F4EE2323F01F0305F003041C4393
S21400AD70737882424FEA830303F01C0344EA030419
S21400AD80B37838BF02461B03F07803F4E04323434E
S21400AD90040404F4E024234334794FEA091C24070E
S21400ADA004F0405423438B648C6C09F1050BC4F308
S21400ADB00234013C7049042C26D8DFE804F025252F
S21400ADC003101A00D1F88041240C2DB3C2F30902F7
S21400ADD00AEB0B135A6009F1010910369FE7D1F808
S21400ADE08441002DF2D1D1F88C11A4B20914490087
S21400ADF015E0D1F88441002DE8D1D1F88C11240C4F
S21400AE00091401EB41010AE0D1F88041A4B2002DFB
S21400AE10DCD1DFED5A7A06E0D1F88C11091407EE82
S21400AE20901AF8EEE77A01210CF1B44C0CF5804C40
S21400AE302304DCF8483024F4C045C3F3820C0CF13C
S21400AE40010C01FA0CF107EE101A4FEA854548BFCF
S21400AE5045F0004513F01C0FB8EEC79AF6EE008AD0
S21400AE60454B55D1D3F88C110BB208EE103AB8EE1C
S21400AE70C88A38EE278A9FED42AAF7EE049A002881
S21400AE805DD1039226F0FFFC07EE900AF8EE677A93
S21400AE9087EE8A7AC9EE877A27EE888A039A9FED2C
S21400AEA0397AC7EE097A9FED387A67EE877AB1EE7F
S21400AEB0007AB5F1004F48EE077A0BD09FED337A53
S21400AEC006EE104A77EE876ABAEEE86AF0EE477A40
S21400AED056EE267AF5EEC07AF1EE10FACBBFF1EE1A
S21400AEE0677A78EEE78A77EEE87AFDEEE87AC8BF0A
S21400AEF0FDEEE77A17EE901AB1F5003F2ADB6FEA0F
S21400AF0055456FEA45451B484FEA0B1145505DE72E
S21400AF10D3F8901169EE286A09B207EE101AB8EE57
S21400AF20C77AD3F8881177EE677A0BB208EE103A34
S21400AF3087EEA67AB8EEC88A38EE078A9BE7D6ED83
S21400AF40037AF8EE677A87EE8A7AC9EE877A27EE72
S21400AF50888AA4E711F5003FAABFC1F3110145F4A2
S21400AF6000350D43CFE700BF005A6202404B4C004D
S21400AF70809698000040005A0080E00F0000000015
S21400AF8000007A440000804300002044000000498E
S21400AF9041F67132034BDA63012203F50053DA609F
S21400AFA0704700BF0000035041F671320121044B88
S21400AFB0DA6303F50052D1600022DA63704700BFFF
S21400AFC000000350044B1868421C02BF034AD2F824
S21400AFD094001860704700BFF066002000400050E4
S21400AFE0CB784A7810B55B010C7843EA82030A797D
S21400AFF0234343EA02130C22424302F1B042136396
S21400B000012C02BF8A78024B43F8202010BD00BFF7
S21400B010D080035008B54FF0B0435A6802B960B10B
S21400B0205B680BB126F057FC4FF0B04130B1012001
S21400B030074B586026F04FFCC86008BD26F04BFC56
S21400B0400223CB6026F047FC0122024B5A60F4E74D
S21400B05000100058002000584FF0B0414B6810B563
S21400B0600BB126F038FC01220B4BC4785A6083786B
S21400B070934043EA840344782343047943EA041361
S21400B080447943EAC4038B60044B5A600378C3F1E7
S21400B0900203CB6010BD00BF00200058001000580F
S21400B0A0054B5B69C3F38512827003F03F021B0BEE
S21400B0B042700370704700BF00C007500120034B6A
S21400B0C09B680A3303F01F03984070470080E00F28
S21400B0D0034BD3F82424D3F820041040704700BF55
S21400B0E000C003502DE9F8431E4B0546D3F8103335
S21400B0F04B1E0E2B0E46174690F8009044781DD92E
S21400B10009B34FF000082846D7B12FF033FD09EBFE
S21400B1104903072C4FF00F014FEA031315D8A4007C
S21400B120114808FA04F2A140184426F0DCFBBEB928
S21400B13028468FB1BDE8F8432FF01CBD8846E2E7ED
S21400B14026F0E0FBE3E78846E1E7083CA400074872
S21400B15008FA04F2A140E7E7BDE8F84326F0D2BBC0
S21400B160BDE8F88300C0035004C003500CC0035071
S21400B1702DE9F041204B1646D3F810234A1C05460D
S21400B1800C46407804D1D3F8241426F0C9FB0446B4
S21400B190002C2EDB072C14DC03274FEA84082A78C1
S21400B1A007FA08F73946154802FA08F226F09BFB1C
S21400B1B06A78394602F00302114802FA08F226F0CD
S21400B1C092FB012316F0050F0E4A18BF0E4903FA2C
S21400B1D004F30CBFC2F81034C1F8103416F0060F92
S21400B1E018BF094AC2F814340123064AA340C2F81D
S21400B1F020342046BDE8F08100C0035000C4035050
S21400B20008C4035000E0035000D0035070B5044655
S21400B2102AF068FF064630B90FCC044D0FC594E8F7
S21400B2200F0085E80F00304670BD00BF903D00203F
S21400B23047F6FF739A42F0B570D0022970D8394BA2
S21400B2405B5C022B6CD8384DDE0005EBC304A77898
S21400B25015F83330012F394638BF0121012B16D19E
S21400B260E078401A0021884205D8012F2CBFC0196B
S21400B2700130C0B2F0BD431A6568A0EB530335F940
S21400B28013509542D4BF194603F1FF30EBE76068D0
S21400B2900028EFD0B0F90040944204DBB0F9024039
S21400B2A09442B8BF144683883544FF2B19BFC82381
S21400B2B02827B0F90630B0F90870A3EB04030CBFDA
S21400B2C00122002293FBF7F36E7813441BB29E42D2
S21400B2D001DD002B01DA731E1BB24FF47A7C00EB03
S21400B2E0C305EA88AD685F1C14FB02521D4622EABD
S21400B2F0E2723BB25C329E42B2FBFCF204DD00EB33
S21400B300C307BF889742EAD200EBC50398889042ED
S21400B31028BF1046884238BF0846AAE7FF20A9E79C
S21400B3200020A7E7A3510400903D00200229F0B5B5
S21400B33060D8314B595C02295CD8304B13F8310089
S21400B340012816D103EBC1039C78D878012C21463E
S21400B35038BF0121904294BFC1EB0001C1EB02014E
S21400B360001BCAB28242C8BF00225B6833F91200D3
S21400B370F0BD002A3CD003EBC1035968002939D040
S21400B3809878904202D3B1F90200F1E7DC78B1F97F
S21400B39000009442ECD95C788B88013CA3F1FF0650
S21400B3A0734201F10405E4B2734101F10C07DEB209
S21400B3B0B44216D805EBC3034FF47A756A43B3F963
S21400B3C002405B68D21A04EBD47302EB630292FB72
S21400B3D0F4F29042CCDBB1F902009042C8DC10B225
S21400B3E0C6E737F833C05E1C9445E3D33346DEE742
S21400B3F00348BDE70348BBE7A3510400903D002087
S21400B4000CFEFFFF0080FFFF08B50448FFF7FEFEB6
S21400B410BDE8084001202AF06BBE00BFA85104001A
S21400B4207FB51422002101A810F0B2FB044B01A93D
S21400B4304FF0FF3002932AF0A1FE07B05DF804FB40
S21400B440006A18002DE9F0418CB08846DDE91276D6
S21400B4501D460446002847D0002945D0002F43D07B
S21400B460002E41D013F00F033ED120482049A360A0
S21400B470002A08BF01462362C4E90013404609A912
S21400B48026F0E0FA68BB204609992FF0CEFB294645
S21400B49020462FF0CAFB6946404626F062FB00BBFA
S21400B4A06946204626F08DFB404603A926F064FB3D
S21400B4B0B8B9204603A926F084FB06970127204644
S21400B4C045F0005506A90797089526F07AFB204612
S21400B4D009A909960A970B952FF0CDFB20462FF069
S21400B4E087FB0CB0BDE8F0812120FAE700010004DC
S21400B4F0000101042DE9F04F97B0894690461F469B
S21400B5000546DDF880A0002800F0BB80002900F08A
S21400B510B8803AB1229B002B00F0B380239B002B0F
S21400B52000F0AF80BAF1000F00F0AB80219B002B3B
S21400B53000F0A78067B13C680026229B4344029334
S21400B540464507D307B13C60002017B0BDE8F08F32
S21400B5503C46F1E75CB1229B219A9B5D125D01346B
S21400B5605340239A04F00F0493550136E8E7A8EBFE
S21400B570060BBBF10F0F58D9434B4846C5E90034BC
S21400B580AC602C6213A926F05DFA0028DDD12846AF
S21400B59013992BF00F0B2FF048FB594628462FF037
S21400B5A044FB484604A926F0DCFA0028CDD12846FC
S21400B5B004A926F006FB484607A926F0DDFA00286F
S21400B5C0C3D1284607A926F0FCFA012322992F4A60
S21400B5D0CDF828A00B930C928A190D9228464BF0B2
S21400B5E000520AA90E9303920F9226F0EAFA284612
S21400B5F00DA926F0E6FA239B039A991901231091C8
S21400B60011931292214A284610A9CDF84CA0149303
S21400B61015922FF030FB284613A92FF02CFB284656
S21400B6202FF0E6FA5E4400288FD1229B03EB060B30
S21400B630239B1E44029B9B4501D1464680E7ACB93E
S21400B640219B2246CDE900A3494610232846FFF752
S21400B650F9FE00287FF479AF0AF1100212F8013DD6
S21400B6600133DBB213700BB95245F7D1219A1BF8A0
S21400B670013B125D0134534006F8013B04F00F0411
S21400B680D8E7212061E700BF030300041000002074
S21400B6907FB50E461D460446F0B102B9E3B9012354
S21400B6A00192029345F00053039300230B4AA360D4
S21400B6B0C4E900232362204601A926F082FA314617
S21400B6C020462FF0B2FA204629462FF0AEFA204642
S21400B6D02FF08EFA04B070BD2120FBE7000009436E
S21400B6E0084B984202D0084B984207D10B88B3F516
S21400B6F0105F14BF6FF08500002070476FF0850064
S21400B700704700BF004440040013C00410381028DF
S21400B71008D8064BC34013F0010F0CBF6FF086002D
S21400B720002070476FF08600704700BF01010100DF
S21400B7302DE9F04FA7B008AFCDE90501DDE9329558
S21400B740DDE9346A00210792384610229846DDF873
S21400B750D8B010F01DFA102200210CA810F018FA2C
S21400B760069B2BB96FF08604204627B0BDE8F08F05
S21400B770079B002BF6D0B9F1000F01D1002DF1D1B7
S21400B780309B13B9319B002BECD116B9BAF1000FE0
S21400B790E8D1BBF1000FE5D040460599FFF7A0FFC2
S21400B7A004460028E0D1014628221CA810F0F0F933
S21400B7B02022214614A810F0EBF91CA82FF02BFA33
S21400B7C0002840F0AF80DDE90612059814AB26F09D
S21400B7D044FA04460028C7D11498FFF797FF04469A
S21400B7E00028C1D115B9CBF80000BDE7B14518D285
S21400B7F009EB05039E4214D25545B3D82A4649465E
S21400B800304610F017FA554B984526D006D3544BC1
S21400B810984524D003F54073984520D06FF08504F2
S21400B820A2E74F4B98451BD003F54073984517D0B9
S21400B8304A4B9845F2D1554594D815F00F0291D150
S21400B8402B46CDE9009614A91CA8FFF7FBFD814600
S21400B85000285CD1CBF8005086E7B146EDE7B1464C
S21400B8601022002110A810F093F955453FF67AAF44
S21400B8703C4B9845319B39D10D2B7FF473AF012398
S21400B8808DF84030309B0DF1410203F10C0153F866
S21400B890040B8B4242F8040BF9D11B78137001237A
S21400B8A08DF84F3015F00F0842D025F00F034B44AB
S21400B8B00DF1300C03F1100E624618685968083313
S21400B8C003C273459446F7D10F2D33D825F00F03E6
S21400B8D0334403930CABCDE9017310AB009342469F
S21400B8E0002314A91CA8FFF705FEB0E7102B7FF471
S21400B8F039AF309B10AA03F1100E944618685968A9
S21400B9000833ACE8030073456246F6D1CAE75246F0
S21400B9100021304610F03CF90023B9F1010FCBF8B6
S21400B920003002D06FF092041EE76FF08B041BE726
S21400B9300F2D8FD910ABCDE9029600930197002307
S21400B94025F00F0214A91CA8FFF7D4FD8146002895
S21400B950DDD1B8F1000F3FF47DAFB7E700444004F7
S21400B9600010C0040013C0042DE9F04F8A46A1B0B1
S21400B9700021DDE92A56DDE92C790590934606A8D4
S21400B9801022984610F004F9102200210AA810F0A0
S21400B990FFF8BAF1000F05D16FF08604204621B0FB
S21400B9A0BDE8F08FBBF1000FF6D00DB9002EF3D135
S21400B9B017B9B9F1000FEFD12E9B002BECD0404603
S21400B9C00599FFF78DFE04460028E7D10146282298
S21400B9D016A810F0DDF8202221460EA810F0D8F8A0
S21400B9E016A82FF018F9002854D15A465146059843
S21400B9F00EAB26F032F904460028CFD10E98FFF79A
S21400BA0085FE04460028C9D116B92E9B1860C5E7E6
S21400BA10BD4216D2AB199F4213D24E45BCD8324611
S21400BA202946384610F006F93A4B98455BD003F5A0
S21400BA304073984531D0384B984511D06FF0850447
S21400BA40ACE7344B98454FD003F54073984525D066
S21400BA50314B9845F2D14E4503D96FF089049DE7E6
S21400BA603D46330798D133460122CDE900570EA94B
S21400BA7016A8FFF7E7FC2E9B05461E6000288DD013
S21400BA804A460021384610F083F800232E9A012DEE
S21400BA9013603BD06FF0920480E73D460D3E4E4566
S21400BAA0DBD801238DF828302B460DF1290205F14D
S21400BAB00C0153F8040B8B4242F8040BF9D11B78A7
S21400BAC00D3513704FF48073ADF8363006AB019326
S21400BAD00AAB009332460023CDE902570EA916A8FA
S21400BAE0FFF708FDC7E73D46103E4E45B5D82B4646
S21400BAF00DF1280C05F1100E6246186859680833D7
S21400BB0003C273459446F7D11035DFE76FF08B0418
S21400BB1044E700BF0010C0040044400410B54FF4D2
S21400BB202F720021044610F033F88023C4F88C30BE
S21400BB30054B04F19C00C4F88430012384F8883057
S21400BB40BDE8104025F0D5B887B9030010B5D0F889
S21400BB50A0400A468CB926F096FA044610B900248E
S21400BB60204610BD2D2896BF064B074953F82010D7
S21400BB70064A074826F0CDFBF2E7D0F8A410104698
S21400BB80A047ECE7945204008AB9030025B50300E9
S21400BB90BABA0300F8B590F88060044616B10026DD
S21400BBA03046F8BD26F0A2F80028F8D1012384F824
S21400BBB0803094F8883033B1D4F884101F4884F865
S21400BBC0886026F0A6FB4FF0FF37D4F8B402421C7C
S21400BBD01FD0C4F8B47210F0FF052CD0204626F013
S21400BBE082F82946204600F0A7FB0028EDD0204624
S21400BBF026F087F894F888303BB1D4F884100F48C4
S21400BC0026F087FB002384F88830002384F88030F1
S21400BC10C6E726F063FB431CDDD1D4F88C30D4F89D
S21400BC209420013B9A4204DB054A0649064826F062
S21400BC3070FB0126E9E70126C7E700BF5CCC0300DE
S21400BC4025B5030098B90300BABA0300F8B50B7817
S21400BC500446302B0D46164604D14B7803F0DF031E
S21400BC60582B11D0284F6A1E12F8011F002934D114
S21400BC7028460A220FF07CFE202C03460D4631D1C2
S21400BC80B1FA81F040091AE04A1C1F4912F8013F38
S21400BC908BB928460FF078FE1C4B02382340032B46
S21400BCA012D10134A41084420AD1A87837288CBF58
S21400BCB00020012003E0CB5C13F04400E6D1F8BD81
S21400BCC0CCBF01200020FAE7002CB8BF0334B0EB4D
S21400BCD0A40FD4BF01200020F1E77B5C13F0040022
S21400BCE0C2D1ECE726B1084302D0013B61F1000562
S21400BCF00122A240013A1A40002D08BF9A420CBF0A
S21400BD0001200020DBE700BFFD7804000300008070
S21400BD10F0B5037801467B2B17D106460224002295
S21400BD200B4F16F8015F7D2D05D10B5D6BB9D24325
S21400BD3002F0010008E07B5D13F0440002D00132FF
S21400BD400134EEE7202DFBD0F0BD0020FCE700BF5D
S21400BD50FD78040070B506460D460FF015FE044645
S21400BD60304626F0D6FA044EAC4200D370BD3046BC
S21400BD7026F0CFFA0134F7E734C303002DE9F84F75
S21400BD80044602215148FFF7E5FF1E212068FFF711
S21400BD90E1FF6368586826F0BCFA4D4826F0B9FA09
S21400BDA067683B7BFD2B12D8D7F808804FF0FF362C
S21400BDB040460FF0E9FD0546DFF81091DFF870A168
S21400BDC0DFF84CB10C3717F8013BFF2B01D1BDE86B
S21400BDD0F88F212B18D8212B36D8DFE803F03772DE
S21400BDE074111B1D1F213535353535353535232561
S21400BDF027292B2D2F3135353535353535353D331E
S21400BE00344C002D2BD12EE0334C344AFE2B08BF89
S21400BE101446F6E7324CF4E7324CF2E7324CF0E7E1
S21400BE20324CEEE7324CECE7324CEAE7324CE8E7CD
S21400BE30324CE6E7324CE4E7324CE2E7324CE0E7DD
S21400BE40324CDEE7324CDCE7234CDAE7314CD8E7FD
S21400BE5026F053FA01362AE0002DB4D02E4C202BC3
S21400BE6006F10106AFD002214846FFF773FF1E21F8
S21400BE704846FFF76FFF504626F04BFA59462046D5
S21400BE8010F0DCF82549002818BF2146244826F083
S21400BE9040FA3B78202B02D12B2026F02EFA2148A0
S21400BEA026F037FA4DB118F806301F2B05D018F8D3
S21400BEB006001F2801D0AE42CADB054826F029FA44
S21400BEC081E7194C9DE7194C9BE700BF4806040024
S21400BED025B5030042BA030054BA03007AD603001D
S21400BEE09FBA0300A6BA030097BA030093BA0300EA
S21400BEF08ABA030080BA030076BA03008BBA03003E
S21400BF0081BA030077BA03006CBA030065BA03006F
S21400BF105CBA030041BA030047BA030052BA0300F2
S21400BF205CCC0300CBBD03009EBA0300A5BA030099
S21400BF3062D703002DE9F04F9BB005468B460024E0
S21400BF40009203930FF020FD249F039B04901C6037
S21400BF5028463C600AAA09A926F0FDF9064658B903
S21400BF600A980FF011FD3446B046039B1860D5F8CA
S21400BF709C300293029B1BB920461BB0BDE8F08F95
S21400BF80029BD3F80890B9F1000F6CD02E4416F837
S21400BF90013B202B11D000260C23734309EB030A28
S21400BFA059F803300193002B58D0099B434555DBC5
S21400BFB09AF808202AB1721C39E03B6801333B60CE
S21400BFC0E5E73968D5F894200793039B521A1A6060
S21400BFD01AAB03EB880151F8403C019918460593CB
S21400BFE00FF0ECFF06900028E5D101980FF0CCFC8E
S21400BFF0DDE906230146DAF80400D7F800A090F839
S21400C0000CC0BCF1FE0F16D103F1FF3EC64512D0A0
S21400C010D0F80090059801920FF0B6FC0AF1010ADC
S21400C020019A50442B5C23B1386008F1010816468B
S21400C030B2E70130F6E7D5F894200591A2EB0A02A4
S21400C0408A4220DC58460FF09FFC059901447B2964
S21400C0500DD958461F4A009924F072FE2B46049AC2
S21400C0602A4493422CD1029B1B68029382E7DDE9A7
S21400C0700012584624F064FE5846174A00990134C8
S21400C08024F05EFE97E7BCF1FE0F94D1013B4345DA
S21400C09091D1D0F800A0DFF840905AF80C2B22B9C6
S21400C0A0049B3B60039B1A60D8E75846009924F02F
S21400C0B047FE4A465846009924F042FE0134ECE713
S21400C0C013F8011B0029CCD14FF0200103F8011C06
S21400C0D0C7E700BFACBA030034C303002DE9F0473E
S21400C0E0002486B01C60DDE90EA8064689468AF85C
S21400C0F000401168154888F8004017461D468DF820
S21400C1001740FCF7A5F818B901242B6801332B60FB
S21400C1100020D6F89C6036B914B1012388F80030A8
S21400C12006B0BDE8F087B06868B14B460021CDE99F
S21400C13002A8CDE900750DF1170225F043FF9DF822
S21400C1401730002BE8D13668E5E700BFB1BA030028
S21400C1502DE9F0470446ADF5447D8022002104A871
S21400C16002AF0FF015FD80222046009703AB04A90E
S21400C170FFF7E0FE01283DD104A80FF005FC039967
S21400C1803B68461A0B4426EAE6762344054604A88E
S21400C1903246014418460FF08BFE00228255D4F832
S21400C1A09060039B3968D4F890201944B14212DCA1
S21400C1B0D4F89410E81A0244C4F89020014404AA63
S21400C1C0C4F89410D41825182B1B002B0DDC0DF585
S21400C1D0447DBDE8F087A05C26F08FF8D4F8903058
S21400C1E001360133C4F89030DBE714F8010B26F073
S21400C1F084F8E9E7EBDD24AD8022002128460DF522
S21400C200887A0FF0C5FC0DF110094FF4007200217A
S21400C21050460FF0BDFC4FF001084A46002312F8C6
S21400C220016BA6B904A84AF828300FF0ADFB2946E2
S21400C230334698451CDB19F8016B0DF5887C5CF8D5
S21400C240042B82420CD101F8016B0133F1E7202E5A
S21400C25003F1010304BF4AF8283008F10108DEE7BD
S21400C2600DF1100E7244D25CB242E8D00022EA54BD
S21400C270D4F89060039BB3422FDC23462C4A04A9D3
S21400C2802C4826F046F828460FF07EFB0646039B11
S21400C2903F68F61A1F4426EAE672E01917441D4462
S21400C2A0E11904F1900399423CD904F198039842AD
S21400C2B038D26A1E81190B1A002B27DD12F8013FAF
S21400C2C000F8013BD4F890300133C4F89030D4F82D
S21400C2D094300133C4F89430EDE7D4F8903001364A
S21400C2E0E05C26F00AF8D4F890300133C4F89030B9
S21400C2F0C0E7D4F89020013B0132C4F89020D4F86F
S21400C30094200132C4F89420002BF2DC00232E4443
S21400C310E355731B002B7FF75AAF15F8010B25F07A
S21400C320ECFFF6E729460FF0C3FD3346ECE700BF07
S21400C33087B90300B6BA03002DE9F843D0E92456BE
S21400C34004460F46002294F89830012B07D10A2F96
S21400C35007D1002384F898300020BDE8F88300F267
S21400C3609F801B2F01D10223F4E70D2F0DD101234F
S21400C37084F898300D2025F0C0FF0A2025F0BDFF78
S21400C38000230120C4E92433E7E74FF00008082F14
S21400C39084F8988034D1454530DDB5420FD1384613
S21400C3A025F0ABFF202025F0A8FF013D384625F0FC
S21400C3B0A4FF013E04F80580C4E92456CCE7FBDA66
S21400C3C005F1FF39384625F098FF04EB0903A6EB84
S21400C3D00902611918460FF02DFC04F80680014684
S21400C3E0013E484825F095FF35464D4501DC4D4653
S21400C3F0E2E7082025F081FF013DF6E7ACD0DBE759
S21400C4007F2F1CD1002EA7DDB542A5DA6319691C63
S21400C41021441846721B0FF00DFC04F806800146F6
S21400C420394825F076FF0820013E25F066FFB54224
S21400C430F9D1D4F89430013BC4F894308CE70A2F35
S21400C44098D0092F03D12046FFF782FE84E7D4F860
S21400C4508C30013BB3427FF77FAFB54204EB050853
S21400C46005F101090CDB384688F80070D4F89430E2
S21400C470C4F890900133C4F8943025F03EFF6BE783
S21400C4804146721B04EB09000FF0D4FB404625F032
S21400C49040FF0820013E25F030FFB542F9DDE2E717
S21400C4A0022B06D15B2F01D1032353E784F8982093
S21400C4B049E7032B7FF450AF413F84F89820032FC1
S21400C4C03FF64AAFDFE807F002070A1601212046CA
S21400C4D025F0C4FE40E74FF0FF31F8E7B542BFF65F
S21400C4E03BAF605D25F009FFD4F890300133C4F807
S21400C4F0903031E7002D7FF72FAF013D0820C4F8BC
S21400C5009050BAE7BFBA0300B9BE030008B50248A8
S21400C510FEF79CF9002008BD00B4C40430B58BB00B
S21400C5206C46174D0FCD0FC40FCD0FC495E8030012
S21400C53084E80300134BD3F84C2112031CD5A3F553
S21400C540FE431C884FF6FF739C4208BF8C248DF870
S21400C5501940FEF763FA204480F308008DF81800AF
S21400C5600948FBF70DFF6846FEF7C0F93220FEF7D4
S21400C5705BFA00200BB030BDD3F85041E4B2E6E7DA
S21400C5804C5304000080E00F00F049020028ACBFC6
S21400C59000F16040064B4FEA0111C9B2ABBF00F58F
S21400C5A0614000F00F0080F800131954704700BF78
S21400C5B014ED00E008B52EF0CFFA0B4B1A7872B9DE
S21400C5C001221A702EF0C3FA6FF0040210460132F0
S21400C5D0052152B2FFF7DAFF3D2AF7D108BDBDE8C4
S21400C5E008402EF0B4BA00BFA65C0020002807DB87
S21400C5F001234109034A00F01F00834042F821301E
S21400C600704700BF00E100E0054B421153F82230AE
S21400C61000F01F0023FA00F0C04300F0010070474E
S21400C62000E100E0002808DB01224309034900F08E
S21400C6301F008240603341F82320704700E100E08D
S21400C64010B504462EF07BFA024B1C602EF072FAF0
S21400C650002010BDB83D002010B52EF070FA034B38
S21400C6601C682EF067FA204610BD00BFB83D0020BB
S21400C67038B50C461546014610B9FFF7EDFF0146E2
S21400C6802B46224603480EF093F90028D4BF3720E5
S21400C690002038BDAD24030008B500F0E3FB18B158
S21400C6A06A2102482EF04DFB002008BDC4BA0300E4
S21400C6B008B500F049F80C4A536A43F470235362F5
S21400C6C0EFF308834FF0CD31084A043B934208D27B
S21400C6D000F070FAFFF7E0FFBDE808400448FEF7F8
S21400C6E095BD43F80419F1E700ED00E008000020CE
S21400C6F0A851040007B5042200200DEB020129F022
S21400C700B5FC042803D0D72104482EF01AFB019864
S21400C71000F0DCF903B05DF804FB00BFC4BA030008
S21400C720082310B50C0A41400648C9B241F300027E
S21400C730013B024013F0FF0382EA5101F6D184EA7E
S21400C740010010BD2083B8ED38B5FEF73BFC04466B
S21400C75025F0BBF8E3072AD401221046114600FA5A
S21400C76001F3234002F1010223D01D4B33F81130B0
S21400C7701C48062B028844881B4920D14FF20F0321
S21400C7809C4219D1B2F5406F28BF4FF4C0624CF2FC
S21400C7903C330A80438040F201730A889A4201BF04
S21400C7A0124B134AD2E90001C3E9000115E000214B
S21400C7B0DBE7102AD2D1DBE74FF4C062E7E740F2AE
S21400C7C00725AB420AD14FF20F05AC4206D19A427A
S21400C7D004D14CF23C320B80428038BD0B80DAE745
S21400C7E010550400B86300208E570020BC3D002082
S21400C7F0B0630020014B1888704700BF8E5700209A
S21400C800014B1888000A70478E570020044B0548D5
S21400C8101B881A0AB3F5406F38BF00EB82007047DA
S21400C8208E570020E0540400044B1888044B020A7C
S21400C83053F82230C0B203EB800070478E570020BA
S21400C840B054040010B504462EF07DF94FF20F02E6
S21400C850044B1C805A80BFF35F8FBDE8104025F064
S21400C860EFBD00BFB86300206D4A2DE9F0416D4B67
S21400C87055686D4C5D65516A99656C49D1F8000242
S21400C880D865D1F80412586B1966916A10F0040F37
S21400C8905966D16A4FF000009966116BD966516BE4
S21400C8A01967D26BD8645A67D3E90E1218BF1146BF
S21400C8B05F4A91421A655DD301F12000A04259D823
S21400C8C08869C5F308051864CE69062D5E6455D1DF
S21400C8D0584DA84252D3584DA8424FD205884DF61F
S21400C8E0426085424AD11868C3F890005868C3F879
S21400C8F0940040F20170A242154604D22E6804321B
S21400C900B6F1CD3FF7D00022C3E91E22C3E92022AC
S21400C910C3E92222641BDFF81CC1434DDFF818E18F
S21400C9209C648D422DD8D3E91EC7D3E92065D3E990
S21400C93022414FF0000E013AD2B2FF2A3CD1BEF19E
S21400C940000F05D0C3E91EC7C3E92065C3E922412D
S21400C950B3F85430C3F308030C2B3BD8022B54D93E
S21400C960DA1E092A51D8DFE802F03157404350500A
S21400C9705050504D0021C3E910112D494FF420604E
S21400C980B9E755F8044D6445CBD37445C9D2E607DC
S21400C990C7D50026294F57F8048FA045C1D00136C9
S21400C9A0062EF8D132B1013AD2B202F11E0643F891
S21400C9B02640B6E70522F8E7E0464FF0010EBC46F3
S21400C9C037462E4625460C464146B4E740F601203B
S21400C9D0BDE8F0813B2B18D1194B9B6913F0020F71
S21400C9E040F2025318BF1846F2E740F60320EFE77E
S21400C9F040F6042240F20173B0F5206F0CBF1046DB
S21400CA001846E5E740F60520E2E740F60722013B38
S21400CA104B2B98BF1046DBE740F60220D8E700BF56
S21400CA2000ED00E0206300200810002000E100E098
S21400CA3008000020D042000040B1030094630020AC
S21400CA400080015A00F00CB800F00AB800F008B8F0
S21400CA5000F006B800F004B800F002B800F000B825
S21400CA6072B61EF0080F09D01EF0040F0DD0DFF8C6
S21400CA7050E0AEE8FF1F6FF002000CE0DFF840E089
S21400CA80AEE8FF1F6FF00E0005E0DFF834E0AEE81A
S21400CA90FF1F6FF006006946EFF309828EE8070075
S21400CAA086460848084C854501D3A54501D384F33E
S21400CAB00888FFF7D9FE84F30888FFF7C3FE000056
S21400CAC02063002048000020081000204BF6EF628C
S21400CAD083B2002B08BF1346044A000C13804FF69F
S21400CAE0CE2308BF1846024B18807047EC6B002018
S21400CAF0EA6B00200B4BB3F900201888002AB8BF59
S21400CB0080F0620042001A80074AB2F900101388CB
S21400CB100029BCBF83F4805383F00B0359001180B7
S21400CB2058407047EC6B0020EA6B002007B568465B
S21400CB3000F01AF8DDE900010022034B03B05DF8AF
S21400CB4004EB25F079BF00BFC43D002007B5009375
S21400CB5013460A460146034825F022FD03B05DF859
S21400CB6004FB00BFC43D00200249034A0160521A7C
S21400CB7042607047B06C00200000012000487047FB
S21400CB80C43D002038B5416004462DF0D8FF054668
S21400CB902146044824F0B0F82846BDE838402DF079
S21400CBA0C9BF00BFEC3D0020014824F0A2B800BF7A
S21400CBB0EC3D00200222014B1A67704700400050EF
S21400CBC070B52DF0BCFF174E054617482EF062F8DC
S21400CBD03378CBB900F046F9044620B128462DF04C
S21400CBE0A9FF204670BDFFF7DFFF2EF01DF90F4BA3
S21400CBF01C602CF0F5FD0E4B0E4A1860536F43F088
S21400CC000103536725F034FF00F028F825F047FFAE
S21400CC10094B002418600123284633702DF08AFF44
S21400CC20DFE700BFB25C002088530400F03D002020
S21400CC30183E002000400050F43D0020054B1B68C5
S21400CC405843054B00F5742000F23F20B0FBF3F08C
S21400CC50704700BF183E002040420F00294B2A4A6A
S21400CC60D3F8003170B503F0030313602CF04EFBCD
S21400CC704FF4C870FFF7E2FF0022244B24491860E7
S21400CC80244C0B680132D2B20A2A44F8040BF9D1BC
S21400CC90034400EBC00003440B601F4B1F4D1B7882
S21400CCA013B3184BD3F8003103F00303022B22D042
S21400CCB0032B23D0012B17D12CF0C0F8024698B1D5
S21400CCC0174B184EDC6800231946C4F30B040134D6
S21400CCD004EB84040138E4FB06010EF0EDFBFFF7DD
S21400CCE0ADFF2B6803442B601F20FFF7A7FF2B68C0
S21400CCF003442B6070BD2CF0EBF8DFE72DF032FF1D
S21400CD00DCE700BF00800050583E00201C3E00209C
S21400CD10203E0020243E0020B65C0020503E00202E
S21400CD2000C0015040420F000122154B10B55A6753
S21400CD30144B154C1B7813B302202EF066F8F0B196
S21400CD402CF0D4FDD8B1A36DD90302D5E36D9A07B4
S21400CD5015D40D4B9B6DDB0711D401220B4B1A70BB
S21400CD602EF047F8BDE81040094B0A4A1860136FCA
S21400CD7023F0070343F0030313672CF045B810BDF8
S21400CD8000D00050B75C002000C00050B45C00200B
S21400CD904C3E0020008000500122014B1A70704764
S21400CDA0B75C002007B5FFF7C1FE01A8FEF778F9CB
S21400CDB09DF80530012B25D1234B9A6DD20311D453
S21400CDC05A6B6FF3162242F4BC1242F4A0625A6306
S21400CDD01A6B22F4704242F440421A631A6B42F411
S21400CDE0E0621A639DF8043063B94FF000531B6885
S21400CDF0164B1B68164B1B68164B1B68164B1B689E
S21400CE00164B1B68164AD2F8803043F00303C2F86C
S21400CE10803025F04CFEFFF7CDFBFFF777FBFFF7E2
S21400CE207DFB0DF00FFEFFF7CBFE00F01BF825F0A4
S21400CE303FFEFFF73DFC25F04AFE28F047FF03B013
S21400CE405DF804EB25F035BE00C000500040002021
S21400CE500080002000C000200000012000400120CB
S21400CE600080005070B52DF077FE144E05463478DD
S21400CE70FCB9134B1C60134B1C60134B1C6000F07A
S21400CE8031F801202CF020FE2CF012FE0F4B02464B
S21400CE90186020B928462DF05AFE232070BD234680
S21400CEA040F2E7310A480EF007FB0A4B18600123F0
S21400CEB0337028462DF04BFE0020EFE7BA5C0020CA
S21400CEC0683E0020643E0020703E00206C3E00203D
S21400CED018FCFFFF603E0020014B1868704700BF3B
S21400CEE0603E00201FB50024184B18689A880290F0
S21400CEF0D3F806009B7A00901548ADF80C208DF804
S21400CF0004302DF0C7FE02A88DF808408DF80C40BE
S21400CF10FEF7A2F8694601208DF80040FEF760F89B
S21400CF201F220C4B9A615A614FF0B042936A13F07D
S21400CF300803FBD113620120FEF76CF80A20FFF706
S21400CF4071FB0A20FFF752FB04B010BD39550400F0
S21400CF50805304000020005810B52DF0FDFD4FF062
S21400CF60B04304465B691A07074A03F0010003F062
S21400CF700D0348BF40F0020053612CF0CDFC204664
S21400CF80BDE810402DF0E3BD0020005821282DE913
S21400CF90F341054604D82C46204602B0BDE8F08191
S21400CFA000240B4E0B4FDFF830800023CDF80080B6
S21400CFB01A461946386824F0E8F98442EBD2222C47
S21400CFC0E9D056F8043BAB42E6D00134EDE700BFAB
S21400CFD058580400EC660020FFFF0F002DE9F04FC4
S21400CFE0644E654D89B025F0BEFD31682868FCF7B3
S21400CFF04DFB0446002827D033680024D3E90001FF
S21400D0009A6912689047336804A89B699B6898479A
S21400D010336802209B69DB68984732680598536836
S21400D020E7B2B3FBF0F3BB42916904F101044ED8BA
S21400D030CB680020984733689B695B6898473168DF
S21400D0402868FCF723FB04460027DFF844A1DFF836
S21400D0504481DFF84491F4B9484B2868DB5D002B27
S21400D06000F08380D8F8006002AB314603AAFCF7D4
S21400D0708FFC2D2807D070B9039B012B0BD03146AF
S21400D0802868FCF7D9FEDAF8003031461A682868B6
S21400D090FCF752FE04460137222F0AF1040A08F173
S21400D0A0040809F10109D6D1B4FA84F3344A5B09BD
S21400D0B013702B681B7C33B125F021FD18B1DB21E2
S21400D0C030482DF03EFE204609B0BDE8F08F1268CD
S21400D0D00B6907FB002098479FE7D8F8003003AAA3
S21400D0E0194402AB0191FCF753FC2D280346019925
S21400D0F02BD0286813B30BF1010B5FFA8BF18E422D
S21400D1002868EAD8204BDB5D002BC4D0F3B27E2B18
S21400D1102868C0D8D8F8003003AA06EB030B594697
S21400D12002ABFCF735FC2D28B5D059462868FCF72D
S21400D13083FE013604460028E8D0ACE7039B7BB9A3
S21400D14099F80020029B9A42D5D099F80030DAF878
S21400D15000202868FCF7EAFC0028CCD00446D1E77B
S21400D1600191FCF769FE0199EFE7084BA346DE5DE7
S21400D170C3E700BFCC660020EC66002034580400ED
S21400D180BC5C00204BBB030012580400CE570400C2
S21400D1904455040058580400F0570400F8B51F46DC
S21400D1A0214B04461B780D46164623B100F47E2319
S21400D1B0B3F50E2F2BD02046FFF7E8FE21280446B5
S21400D1C014D81A4B53F82010194B1B78ABB1194BD7
S21400D1D0212C18681DD8184B1B5DD3B13268FCF79C
S21400D1E0ABFD044650B125F089FC07E0FF2807D9BF
S21400D1F03A46314680B225F095F900242046F8BD1F
S21400D2004FF4A9710D482DF09CFD0021DCE7014686
S21400D210DAE77F2D08BF00253B46324651FA85F1F6
S21400D220FCF784FCDDE700BFBB5C00205858040018
S21400D230BC5C0020EC660020345804004BBB0300A6
S21400D24030B5134600F07E62B2F17E6F8BB00DD122
S21400D2500A46C0F30B016846FEF71AFA20B140F200
S21400D260931109482DF06DFD0BB030BD5A0825F01E
S21400D27048FC0028F8D04FF49C7103480BB0BDE87A
S21400D28030402DF05EBD00BFDCBB03002DE9F74348
S21400D290C70705460E46144604D540F2E311494832
S21400D2A02DF04FFDE10704D54FF4F27145482DF0FF
S21400D2B048FD454B93F80080B8F1000F20D043F2AC
S21400D2C060239D4208D12246314640480EF0F0FDCC
S21400D2D0002003B0BDE8F083C5F30B0705F4405506
S21400D2E0B5F5805F14BF4FF40F204FF40E20234691
S21400D2F032467F21384303B0BDE8F043FFF74EBF08
S21400D30005F47043B3F5805F3FD1C5F30B05304A93
S21400D31005F17E65631E2B44934230D82F46DFF816
S21400D320A49007EB0408474542D1AA070ED04FF653
S21400D330FF7336F8022BA81E43EA024304220DEBC5
S21400D34002010193FFF77CFF0235023CA3070ED0D3
S21400D350023C24F00103F35A04226FEA03436FEA07
S21400D36013430DEB020128190193FFF769FF002C08
S21400D370AED0224631462846FFF762FFA8E740F2C5
S21400D380FD1110482DF0DDFCC8E705F46043B3F549
S21400D390005F04D1C5F30B0505F53E25BEE740F258
S21400D3A0052108482DF0CDFC6FF00F074546B6E77F
S21400D3B017F8013BFF2BB6D04FF4047148462DF00A
S21400D3C0C0FCB0E7DCBB0300BB5C0020EE6B0020BB
S21400D3D0FF03E00F10B500F077F825F0DEFB0446FB
S21400D3E018B100F079F8204610BD00F07BF804462E
S21400D3F00028F6D10122014B1A70F2E7BD5C00202E
S21400D400054B1B7833B1054BC0F313010022186897
S21400D410FCF7D6BC11207047BD5C0020EC660020EF
S21400D420144B2DE9F0411B7805460E461746FBB116
S21400D43025F09AFB012805D9841EE4B2012C09D9EF
S21400D440212412E03B4631462846BDE8F041002242
S21400D45000F052B800F038F83B4600223146284625
S21400D46000F076F8044600F037F82046BDE8F08174
S21400D4701124FAE7BD5C0020124B70B51B780446F9
S21400D4800D461646E3B125F06FFB012805D9831E2D
S21400D490DBB2012B08D9212410E03246294620466B
S21400D4A0BDE8704000F040B800F00EF82046324666
S21400D4B0294625F074FB044600F00EF8204670BDA1
S21400D4C01124FBE7BD5C002008B52DF038FB014BAE
S21400D4D0186008BD743E0020014B18682DF02ABB6A
S21400D4E0743E0020024B1968024B1868FCF7CEB851
S21400D4F0CC660020EC66002037B505460C46C0F327
S21400D50013010848ED02006805D5224603B0BDE8C1
S21400D5103040FCF709BA009313462246FCF7BEF9E2
S21400D52003B030BDEC66002030B405461346074A0B
S21400D5300C46C0F313011068EA0203D5226830BC1B
S21400D540FCF7FABB224630BCFCF7F0BAEC660020CB
S21400D550F7B505460F4614461E461BB92125284634
S21400D56003B0F0BD0029F9D025F0FEFA4BF2346284
S21400D570ABB2934220D14FF0FF3322466946CDE945
S21400D580003325483346FFF7E3FF082205462349C4
S21400D59068460EF049FE38B933462246694641F2DF
S21400D5A0F010FFF7D5FF0546002DD8D13246694664
S21400D5B038460EF07DFCD2E741F2F01293420FD1CE
S21400D5C0174B311908299A6CDB6CC7D8CDE90023B4
S21400D5D032460DEB040138460EF06AFC0025BEE725
S21400D5E002280BD1C5F30C4332199342B6D3C5F3C8
S21400D5F00B0104F17E6432462144ECE7032809D18E
S21400D600C5F30C4332199342A8D3C5F30B0104F5B6
S21400D6103E24F0E70125A2E7021008C0E458040003
S21400D6200080E00F10B527F01AFD28F0B1FDBDE828
S21400D6301040034601210220014A02F00BBC00BF45
S21400D64073BC030013B5D0E9023253F822301C78BD
S21400D650204627F016FD2346009001210220024AAC
S21400D66002F0F8FB02B010BD87BC0300014B18782F
S21400D67027F0EFB8BE5C0020FF232DE9F04F8FB0F7
S21400D6801122002108A88DF813300EF081FA08A8A0
S21400D69026F09FFA01210220B04A08AB02F0DAFB1E
S21400D6A041F24903AE4A0121022002F0D3FB06A84C
S21400D6B026F0BEFB08A90DF1130026F0C4FB0220DD
S21400D6C00021A84A02F0C6FB002027F0F3F810B1AC
S21400D6D006A809F047FE9DF92A3001210220A24A39
S21400D6E000939DF82B3002F0B5FB27F0B4FC831EA8
S21400D6F0DBB2FC2B054631D8012102209B4A02F002
S21400D700A9FB01249A4E9B4FDFF8D082234632466F
S21400D7100021022002F09EFB05A9E0B227F09DFC46
S21400D720034650B1A0F11602012A40F2AA804246F2
S21400D7300121022002F08EFB0CE09DF914303A46DF
S21400D74001939DF816300121009302209DF81530B4
S21400D75002F080FB0134E3B29D42D7D8BDF82840E2
S21400D76008F0ECF923460021834A0090022002F0DC
S21400D77071FB02200021814A02F06CFB002027F09A
S21400D78099F810B108A809F0EDFD01217C4A0220A5
S21400D79002F060FB27F0BBFB044627F0B6FB2346EF
S21400D7A00121784A0090022002F054FB08F09EFE09
S21400D7B000210220744A02F04DFB9DF81330FF2B27
S21400D7C065D000210220714A02F044FB01216C4A18
S21400D7D0022002F03FFB26F03BFB012103466C4A89
S21400D7E0022002F037FB08F081F900210346694A5F
S21400D7F0022002F02FFB26F031FB044626F030FB19
S21400D80023460121644A0090022002F023FB2DF0FB
S21400D810A5FA08F013FF01210346604A022002F031
S21400D82019FB0025DFF8B88108F008FFECB2A0422B
S21400D83033D82DF093FA0123594A1946022002F0F4
S21400D84009FB002027F005F8564B574C00930121A2
S21400D85000230220554A02F0FDFA236863B1012135
S21400D86002201B78524A02F0F5FA236801210220B2
S21400D8705B78504A02F0EEFA26F0F0FF0FB0BDE8F3
S21400D880F08F012102204C4A02F0E4FA62E7002100
S21400D89002204A4A02F0DEFA98E7494B204603EB9C
S21400D8A00416D6F8089008F083FF8246204608F053
S21400D8B0CBFE444F00280CBFC346BB46204608F0AC
S21400D8C077FF0AF031FD002808BF4746534600217F
S21400D8D00220CDE900B73C4A02F0BCFAB379012138
S21400D8E00293B388022001937388384A0093337BEF
S21400D8F002F0B0FA0026DFF8ECB099F80430F4B283
S21400D900A34203D82DF02AFA01358DE714235C4391
S21400D910D9F8007002203A5B07EB040A9AF90C303B
S21400D92000922B4A002132EA230228BF5A461346A9
S21400D930284A02F08FFA002026F0BCFF38B1504685
S21400D9403C5B26F0F4FA014620460AF03BFD012136
S21400D9500220214A02F07EFA0136CEE7C8BC030058
S21400D960D7BC0300F3BC03001FBD0300FABC0300D2
S21400D97010BD030017BD03004CBD03006CBD0300C3
S21400D980B6BD030075BD030097BD0300F9DD0300B7
S21400D990A2BD0300B8BD0300CEBD0300E4BD030076
S21400D9A05DBE030075BE03007043002069BE030021
S21400D9B083BE030097BE030034BD030054BA0300C1
S21400D9C0A44200209FBC0300EFBD03000FBE03006F
S21400D9D0BCBC030045BE0300480604003FBD030070
S21400D9E0A7BC0300B0BC03002DE9F7430025134E87
S21400D9F0DFF8588008F022FEECB2A04202D803B04E
S21400DA00BDE8F0832701204616F8079008F01CFEB4
S21400DA100B4A4B46002808BF4246002102200092CF
S21400DA20084A02F017FAF05D26F01EFA01210220DD
S21400DA30054A02F00FFA0135DCE700BFA4420020D9
S21400DA40E10C0400B2BE030048060400EB0C040020
S21400DA5008B583685A681178C26853F82230A1F175
S21400DA60650251425141187808F0A4FF30B9BDE86C
S21400DA70084001210220024A02F0ECB908BD00BFAE
S21400DA80BDBE030000210220014A02F0E3B900BF38
S21400DA90D7BE030000210220014A02F0DBB900BF16
S21400DAA005BF030010B5044686B01822002168465C
S21400DAB00EF06EF8684626F04CFED4E9022052F8C6
S21400DAC0203002EB80021B788DF80B30516891F9FC
S21400DAD000108DF80A1091680988ADF80810616882
S21400DAE0091A032907DDD26803F01F03127843EAF8
S21400DAF042138DF80B30684608F0CEF80021034636
S21400DB00024A022002F0A6F906B010BD21BF0300AB
S21400DB1007B5002027F063FA00210090034B02208F
S21400DB20034A02F097F903B05DF804FB2EBF03002A
S21400DB3034BF030013B5D0E9023253F8221003EBCA
S21400DB4082035B68087819680023094CA222994270
S21400DB5008BF2146C01A18BF012027F034FA012159
S21400DB600090044B0420044A02F074F902B010BD81
S21400DB7000F8FF073FBF03004DC0030013B5D0E910
S21400DB80023203EB820153F82230D1E901141878EF
S21400DB90FF22003818BF01202378096827F013FAFF
S21400DBA001210090034B0420034A02F053F902B00F
S21400DBB010BD00BF46BF03004DC0030008B50021DE
S21400DBC001230C4A27F084F80A4826F0E4FD0020DA
S21400DBD0094909F05FFC002026F06CFE10B10548EC
S21400DBE009F0C0FBBDE8084001210420034A02F00A
S21400DBF031B900BFF06100205BBF03004806040097
S21400DC0010B526F02FF9034630B1BDE810400121CB
S21400DC100420054A02F01EB90121BDE81040042088
S21400DC20024A02F017B900BF69BF03007ABF0300BB
S21400DC3010B526F0B2FDBDE81040034601210220D3
S21400DC40014A02F007B900BF85BF030010B526F0F1
S21400DC5076FDBDE81040034601210220014A02F08D
S21400DC60F9B800BF9BBF030037B5D0E902320124E4
S21400DC7053F822304FF6FF701D78FE2204FA05F1A5
S21400DC80002327F00CFA2B46009021460420024A77
S21400DC9002F0E0F803B030BDAFBF0300D0E90232B7
S21400DCA053F822301B7823B101210220024A02F0E9
S21400DCB0D1B8024A13707047CEBF0300BE5C002086
S21400DCC007B5684626F0B4F807F038FF012103468A
S21400DCD0084A022002F0BEF8684609F043FB08F046
S21400DCE0A1F901210346044A022002F0B3F803B06A
S21400DCF05DF804FBE4BF0300FEBF030037B5D0E9C0
S21400DD000245406854F82530401B0328D8BF002041
S21400DD1004EB8504C8BFE06819786368C8BF00785C
S21400DD201A78A36893F900300090012027F03BF999
S21400DD3038B901210220084A03B0BDE8304002F09D
S21400DD4089B8064B0190009301210220044B054A36
S21400DD5002F080F803B030BD0FC0030017C0030008
S21400DD60EBEE03002BC0030007B5012027F023F9D4
S21400DD7048B9009001210220084B094A02F06AF8CF
S21400DD8003B05DF804FB054B0190009301210220CF
S21400DD90044B054A02F05EF8F2E700BF17C0030026
S21400DDA042C00300D01A04002BC0030008B5D0E917
S21400DDB0023253F82230187827F0AFF830B9044A08
S21400DDC00121BDE80840042002F044B8014AF7E704
S21400DDD057C0030073C0030008B5D0E9023253F8F9
S21400DDE02230188827F097F830B9044A0121BDE898
S21400DDF00840042002F02EB8014AF7E792C003005C
S21400DE00C2C0030073B50378044613F0050F0ED0A6
S21400DE104588062D17D1836801215B68174A1B7851
S21400DE200193838804200093154B02F013F823789F
S21400DE30012B20D001210420114B124A02B0BDE86C
S21400DE40704002F007B835B98388012104200E4AD5
S21400DE5002F000F8EBE7012DE9D186680B490020B7
S21400DE6009F018FB304609F07DFA29460420084AD6
S21400DE7001F0F0FFDBE702B070BD00BFF8C00300A2
S21400DE80EFC003004AC1030015C1030032C10300FE
S21400DE90480604002DE9F04F00268FB0364D09AC39
S21400DEA00FCD0FC42B6801210220344A236001F0F5
S21400DEB0D1FF3446DFF8DC9025F0CEFFF5B2A8425D
S21400DEC00BD825F0C9FF23460090012102202C4ADA
S21400DED001F0C0FF0FB0BDE8F08F284605A927F077
S21400DEE006F80346002841D19DF81430032B39D993
S21400DEF004238DF814302B4600210220214A01F01D
S21400DF00A9FF9DF814300EAA02EB830300214A46AF
S21400DF1053F8143C022001F09DFF28469DF821A0EE
S21400DF209DF815B09DF81870BDF8168026F0E1FF34
S21400DF305346CDE9028000210220CDE900B7124AFF
S21400DF4001F088FF01340020E4B226F0B3FC18B1DB
S21400DF500DF1190009F006FA002102200B4A01F023
S21400DF6079FF01E0002BC6D10136A5E7002102208B
S21400DF70074A01F06FFFF7E7EC5804005CC10300A6
S21400DF80D5C1030012BD030089C1030025B50300F7
S21400DF90B0C103005CCC0300C3688268013BDBB2FF
S21400DFA052F8233002201B78652B14BF0022012173
S21400DFB0044B1BBF01211A70034A044A08BF19709C
S21400DFC001F048BF556C0020ECC10300FAC1030005
S21400DFD0D0E9023253F822301A88014B1A80704773
S21400DFE0F06B002007B5D0E9023103EB810253F84D
S21400DFF0213052681988054B05481288009300881E
S21400E000012309F0A3FE03B05DF804FB05DE000063
S21400E010F06B0020C3688268013BDBB252F8233005
S21400E0205B78A3F1660253425341014A137070476E
S21400E030586C002030B5D0E9023253F8223089B04F
S21400E0401D78012302AA1946044626F041FE012344
S21400E0500093102302210DEB0302204626F019FE42
S21400E060284604AA02A927F034F80446002026F021
S21400E07021FC18B12146044807F0F0FD00200349B2
S21400E08009F0EEF909B030BD09C2030048060400E5
S21400E090002330B58FB00221009309AA122305464B
S21400E0A026F0F7FD05AA014609A807F0B5FB0446C9
S21400E0B098B1232805D1134A0121042001F0CAFE95
S21400E0C009E0212801D1104AF6E703460121042081
S21400E0D00E4A01F0BFFE0FB030BD01232846194698
S21400E0E003AA26F0F5FD05A903A826F0F4FF0546C9
S21400E0F0204626F0DFFB18B12946054807F0AEFD9E
S21400E100044AD9E716C2030039C2030074C20300EA
S21400E11095C2030048060400F0B5D0E9023253F871
S21400E120221003EB82039B6805461F7887B03846AB
S21400E1300E7826F09FFB044608BBD5E90221012392
S21400E1408DF80830194452F8210002EB810200884D
S21400E1508DF809709268ADF80A00127804218DF8DF
S21400E1600C2028460DF10D0226F0B2FD304602A91D
S21400E1708DF8154026F0BFFE044626F06FFB3346AA
S21400E18001210420024A009401F064FE07B0F0BDAD
S21400E190AAC203002DE9F04101218EB00220274AD1
S21400E1A001F058FE002005AB01AA09A926F08BFF56
S21400E1B000250446224E234FDFF898801CB12846DF
S21400E1C00EB0BDE8F08102202B463246214601F013
S21400E1D041FE204626F06EFB10B10AA809F0C2F8F0
S21400E1E03A46002102209DF8303001F033FE4246C8
S21400E1F000210220079B01F02DFE00210220BDF821
S21400E2002030114A01F026FEBDF8143000210F4AD6
S21400E210022001F01FFE013501A826F046FBEDB2F4
S21400E220012102200A4A01F015FE284605AB01AA84
S21400E23009A926F048FF0446C0E700BFDCC2030079
S21400E24022C303002AC3030018DE03003FC30300F3
S21400E2504806040036C303002DE9F047064698B08A
S21400E260C0B925F0F7FD074600250EA826F035FFB5
S21400E27001210220384A01F0EDFD2C46DFF8E0804F
S21400E280DFF8E090DFF8E0A0BC4205D3284618B0DF
S21400E290BDE8F0870127E7E713A826F01EFF002E4B
S21400E2A04CD0022306A913A88DF84C30FE2426F085
S21400E2B006FF00283FD102A913A826F006FF9DF806
S21400E2C0593043F001038DF85930002E3DD12346D6
S21400E2D031460220214A01F0BDFD9DF859300AA9B9
S21400E2E043F0010313A88DF8593026F0EEFE002007
S21400E2F026F0E0FA10B114A809F034F80C9B424658
S21400E3000021022001F0A6FDBDF82820002112F40D
S21400E310007F0CBF4C23412312F0100F0CBF6E225F
S21400E3207922022000924A4601F094FD06A826F0C3
S21400E330BCFA0135EDB20134E4B2A5E720460AABDB
S21400E34006AA13A926F0BDFEB3E752460021022016
S21400E35001F080FDC1E700BF49C3030022C30300EC
S21400E36036C3030085C303007EC3030030B5012413
S21400E37099B00EA826F0B1FE13A88DF8384026F006
S21400E3804AFEC0B9BDF84C1011EA040513D1214667
S21400E3900220444A01F05EFD29460220424A01F06E
S21400E3A059FD214602203F4A01F054FD2146022035
S21400E3B03C4A01F04FFD06A90EA826F080FE20B1CB
S21400E3C01022FF2106A80DF0E3FB04A826F07FFE2E
S21400E3D0059B01210220354A0093354B01F03AFD9A
S21400E3E09DF8123001210220324A0093304B01F092
S21400E3F031FD00212E4B304A022001F02BFD06A8ED
S21400E40026F053FA13A826F068FE02230AA913A8DA
S21400E4108DF84C3026F059FE00283FD10B9B009318
S21400E42001210220254B264A01F014FD0121234B31
S21400E430244A022001F00EFD0120FFF70DFF012106
S21400E4401E4B214A022001F005FD0020FFF704FFC5
S21400E450044625F0FFFC23460090012102201B4ABB
S21400E46001F0F8FC01211A4B174A022001F0F2FCD9
S21400E470FFF790FE1749022803461748174A28BF99
S21400E4800A46084928BF01460092CDE9013102201C
S21400E4900121134A01F0DEFC19B030BD4FF0FF3306
S21400E4A0BDE700BF4806040098C30300D6C30300B8
S21400E4B0CEC30300E6C3030075ED0300A2FB030012
S21400E4C0F9C3030009C4030010C4030019C4030001
S21400E4D02DC4030094C30300DFE2030031E303000E
S21400E4E03BC4030010B5D0E9023253F822301C7842
S21400E4F0201E18BF012026F07AFD054A054B002095
S21400E500002C18BF1A46BDE81040034908F0A8BF03
S21400E51068C4030063C4030071C40300D0E9023278
S21400E52010B553F822301C88204626F062FD22469D
S21400E530BDE810400020014908F092BFB2C40300B5
S21400E54037B5044607F0D2FA014638B100200D4A26
S21400E5500D4903B0BDE8304008F082BFE368A2680A
S21400E560013BDBB252F8233008481D780123084AE5
S21400E57000936C2D08BF02461023204626F089FB28
S21400E58003B030BD00C5030008C503003E6C002084
S21400E5902E6C002013B583689A681278672A22D1F9
S21400E5A001A826F038FD0446A8B9BDF8042017498E
S21400E5B008F056FFBDF80430DA070AD413F0020F4D
S21400E5C0134B144A18BF1A461349002008F048FF98
S21400E5D019E0124AF8E702461149002008F040FF09
S21400E5E022461049F1E7C26801A953F8220003EB5E
S21400E5F082035B6800681B68ADF8043026F011FDE6
S21400E60004460028ECD102B010BD00BF3BC5030095
S21400E6102EC50300D2EE03005CC503001EC5030032
S21400E6206EC503009AC50300034A04491388C854FC
S21400E63001331380704700BF9E570020C45C002043
S21400E64073B5154D01242B78144E13F0040F0CBF30
S21400E65002230423124A21461470328802200192B3
S21400E660EB5C104A0093104B5B8801F0F3FB002133
S21400E67002200E4A01F0EEFB0D4B2946009332882D
S21400E6802346022001F02CFC21460220094A02B053
S21400E690BDE8704001F0DEBBC45C00209E57002041
S21400E6A0C35C0020A9C5030090570020CEC5030018
S21400E6B0F0C503004806040070B516464FF48A52AB
S21400E6C0114B124DDA805980114B1B881A1E18BF49
S21400E6D0012240EA82000F4A1278003A18BF01224F
S21400E6E040EA0210287063B103246B701B0AAB70FB
S21400E6F009F088FE631C2855EE54074B02341C8034
S21400E70070BD0124F4E700BF90570020C45C0020D1
S21400E7109C570020C25C00209E57002038B5D1E9E7
S21400E72002320C46054653F82230024619880C4B36
S21400E7301878FFF7C1FFE368A268013352F8233068
S21400E740188824F06EFA4DB1E368A268023352F8D6
S21400E75023301878BDE83840FFF766BF38BD00BFE5
S21400E760BF5C0020F0B50546EB68AA68023352F895
S21400E770233008461C78294685B0FFF7CFFF204691
S21400E78025F0C1FB204E214F78B3204625F0C7FB6D
S21400E7900321441C03AA284623F0AAFA3288E4B2CE
S21400E7A0C2F1FF0303991B1B9BB28B4222443CBF62
S21400E7B0C2F1FF0303930123032100933A449DF81B
S21400E7C00C30284626F065FA039A022C338804BFDC
S21400E7D00F48110AFA5408BFC15413441C4434802D
S21400E7E005B0BDE8F040FFF72BBF204607F086FED9
S21400E7F00123328804460093032103463A44284600
S21400E80026F047FA3388E9E79E570020C45C0020CC
S21400E810C55C0020052307B5012100930220044BA8
S21400E820044A01F017FB03B05DF804EBFFF79EBD4A
S21400E830D7C50300DEC5030013B5044626F0E7FB84
S21400E84038B1CDE9004001210220034B034A01F014
S21400E85001FB02B010BD00BF00C50300F5C50300F4
S21400E860194B37B51B783BB901210220174A03B074
S21400E870BDE8304001F0EEBAD0E90232144C53F84D
S21400E880223001211D78638802200093114A2B460E
S21400E89001F0E0FA104B25711B78104D63B1012191
S21400E8A002200F4A01F0D6FA20460E4A298803B005
S21400E8B0BDE8304025F0C8B820460A4A298803B08B
S21400E8C0BDE8304025F082B9C35C00200CC60300CA
S21400E8D0905700201AC60300C05C00209E570020F8
S21400E8E031C60300C45C00202DE9F041D0E90232B5
S21400E8F053F8221003EB82035A680C7817889A683C
S21400E900DB68B2F80080C6B01D780021304B0220CC
S21400E910304A0094CDE9017801F09CFA002D0CBF36
S21400E9206E237923012102202B4A01F093FAFF235C
S21400E930002D0DF1170606AD019320460CBF80236F
S21400E9404023424639460296009525F022FE0446AC
S21400E950002835D1307825F0DCFA0746B0B12846D5
S21400E96025F067FF1D4BFD28A8BFFD20009323461A
S21400E97082B20DF11901022001F0B2FA0121022043
S21400E980174A01F067FA46B0BDE8F081307825F006
S21400E990C6FA60B1284625F051FFFD28A8BFFD2025
S21400E9A00E4B82B200930DF11A013B46E3E7307836
S21400E9B007F0A4FD0B4B0246009329460123DAE735
S21400E9C0009001210220084B084A01F043FADAE7DA
S21400E9D03EFC03004BC6030070C60300F60F04009F
S21400E9E048060400F0C50300F8CE03007AC603000C
S21400E9F0D0E9023253F8221003EB82032DE9F04FE0
S21400EA005A680F78B2F800809A68C7B0B2F80090DB
S21400EA10DA681B6992F800A01E7800212F4B304A56
S21400EA200446CDE901890220009701F013FABAF1F5
S21400EA30000F0CBF6E23792301210220294A00967D
S21400EA4006AD01F007FAFF22002128460DF0A0F8D7
S21400EA50304625F05EFA834608B30023052100936E
S21400EA602046FD230DF1190226F013F92870BAF19D
S21400EA70000F0CBF802340234A4641463846CDE966
S21400EA80005625F051FD0146144807F0E7F801212D
S21400EA900220154A01F0DEF947B0BDE8F08F304697
S21400EAA025F03DFA60B1FD2305212046CDF800B0E3
S21400EAB00DF11A0226F0EDF885F801B02870D6E7B9
S21400EAC00590304607F01AFD059A03460092052188
S21400EAD02A46204626F0DDF8C9E700BF31FC0300D1
S21400EAE04BC603008BC60300480604002DE9FF470B
S21400EAF01C465B68E5685B1B00255FFA83F8039598
S21400EB002E46FFF7D9FDEBB298450BD90C9B9B5DC3
S21400EB10282B39D8202B00F2CB800136F6B2002BFA
S21400EB2040F0C980FFF78CFD04B0BDE8F087132ADB
S21400EB302FD801A151F822F0FFEB000011EC0000E5
S21400EB4023EC000057EC000025EB000025EB00004E
S21400EB5025EB000025EB000093EB000093EB000094
S21400EB6093EB000093EB000093EB000093EB0000A8
S21400EB7093EB000093EB000093EB000093EB000098
S21400EB80A3EB00007DEC0000A3F13102D1B2132903
S21400EB90CDD90136F6B2A3F14102032AC2D8422BE0
S21400EBA06CD06C4F00213A88DFF8B0A1C2F1FE03AA
S21400EBB09BB2FF2B28BFFF2301320091DBB2204619
S21400EBC0524469B226F041F83B880AF80300013344
S21400EBD01844388011E04FF00409E368A2682B441B
S21400EBE052F823301F68F8B209F1FF39FFF71CFD11
S21400EBF019F0FF094FEA1727F5D1013583E7E368D7
S21400EC00A2682B4452F823301878FFF70DFDF4E77E
S21400EC10E368A2682B4452F82330188824F001F8E1
S21400EC20EBE7E368A2682B4452F823301F68B7F17D
S21400EC30807F09D2F8B2FFF7F7FCC7F30720FFF78B
S21400EC40F3FCC7F30740E0E72B4601210820424AC1
S21400EC5001F000F966E74FF00409E368A2682B4468
S21400EC6052F823301F68F8B209F1FF39FFF7DCFCD1
S21400EC7019F0FF094FEA1727F5D1BEE7294603AA80
S21400EC80204623F035F80021324F344A3B88DDF821
S21400EC900C9002EB030CCAB2914501F1010102D8B7
S21400ECA04B443B80A9E710F802A00CF802A0F2E75C
S21400ECB0242B3FF670AF013B232B3FF633AF01A268
S21400ECC052F823F0FFEB000011EC000023EC0000EC
S21400ECD0D7EB000025EB000025EB000025EB00003D
S21400ECE025EB000025EB000025EB000025EB0000DF
S21400ECF025EB000025EB000025EB000025EB0000CF
S21400ED0025EB0000FFEB000011EC000023EC0000F8
S21400ED1057EC000025EB000025EB000025EB00007B
S21400ED2025EB000025EB000025EB000025EB00009E
S21400ED3025EB000025EB000025EB000025EB00008E
S21400ED4025EB0000FFEB000011EC000023EC0000B8
S21400ED50D7EB00009E570020A4C60300C45C00202A
S21400ED60094B1B7823B101210820084A01F072B82C
S21400ED70D0E9023253F82230054A1B88012113805D
S21400ED800820044A01F066B8C35C0020CAC6030027
S21400ED909C5700200CC70300D0E9023253F82230FB
S21400EDA0054A1B780121003B18BF01230820137079
S21400EDB0024A01F04FB800BFC15C002032C7030012
S21400EDC0D0E9023253F82230034A1B78012113702F
S21400EDD00820024A01F03EB8C25C002061C703006A
S21400EDE010B5D0E90232044653F8223013221988AF
S21400EDF00B4B1878FFF760FCE368A268013352F803
S21400EE0023301878FFF710FCE368A268023352F844
S21400EE1023301878FFF708FCBDE81040FFF710BC59
S21400EE20BF5C002010B5D0E90232044653F8223009
S21400EE30112219880B4B1878FFF73EFCE368A2688E
S21400EE40013352F823301878FFF7EEFBE368A26828
S21400EE50023352F823301878FFF7E6FBBDE810407F
S21400EE60FFF7EEBBBF5C0020D0E9023253F8223039
S21400EE70034A1B78003B18BF0123DB001370704762
S21400EE80BF5C002010B5D0E9023253F822300446A9
S21400EE9019880E4B06221878FFF70EFC0120FFF7A4
S21400EEA0C3FBE368A268034452F82330188823F0B3
S21400EEB0B8FEE368A268023352F82330188823F0BD
S21400EEC0B0FEBDE81040FFF7BBBB00BFBF5C002034
S21400EED02DE9F043D0E902324FF0FD09013253F834
S21400EEE0221003EB82035A68C7B017889A68B1F8F5
S21400EEF00080147853F8043C002C0DF1170506AE7C
S21400EF0018783A4614BF4023802341460295CDF830
S21400EF100490009625F03DFB034638B1184A0121BF
S21400EF20082000F097FF47B0BDE8F083201E18BF0A
S21400EF3001200A224146C000FFF7BEFB384623F0F8
S21400EF4070FE2878FFF770FB4A463146287824F092
S21400EF508EFF044628B10B4F3D88C5F1FF0398424B
S21400EF6002DD2346084ADAE70246084831462844C6
S21400EF7025440CF09DFF3D80FFF762FBD3E700BF02
S21400EF8097C703009E570020B3C70300C45C002049
S21400EF9010B5D0E90232044653F822300822198808
S21400EFA00B4B1878FFF788FBE368A268023352F829
S21400EFB023301878FFF738FBE368A268013352F86D
S21400EFC02330188823F02DFEBDE81040FFF738BB2D
S21400EFD0BF5C002073B5D0E902320546023253F812
S21400EFE0221003EB820353F8042C53F8083C0C78E9
S21400EFF01988234B168818780622FFF75DFB002039
S21400F000FFF712FB304623F00CFE2046FFF70CFB02
S21400F010EB68AA68033352F82330188823F001FE01
S21400F020EB68AA68043352F82330188823F0F9FDF9
S21400F030204609F0E7FBE8B9204607F05FFA05210D
S21400F0400446019001AA284622F052FE019B014682
S21400F0509C4206D0224631460A480BF087FC02B096
S21400F06070BD094D09482E882246304434440CF0C1
S21400F070E1FD2C8002B0BDE87040FFF7E1BA00BFAA
S21400F080BF5C0020DFC703009E570020C45C002042
S21400F09073B5D0E902324FF48A5153F82230104D3E
S21400F0A01A88104BD9805A8000232A4600930121E3
S21400F0B0FF2325F0EEFD2B78044613F0040F0A4BD1
S21400F0C008BF01261B7818BF032613B109F09AF96A
S21400F0D0A855064B1C8002B0BDE87040FFF7B0BADA
S21400F0E0C45C002090570020C15C00209E57002082
S21400F0F0D0E9023253F82230034A1B78003B18BF8F
S21400F10001231370704700BFC05C002010B50C468A
S21400F11008B908F003F9024B18715C7110BD00BF06
S21400F1209057002002462DE9F341D0E90253526879
S21400F13055F82310D21A0C8805EB8301013BDBB28D
S21400F14055F82380294D022A4868C8BF8A682B785C
S21400F150D8BFFF210078C8BF11783BB90121022033
S21400F160234A02B0BDE8F04100F074BEFFF7CEFFC0
S21400F17006F0E4FC1F4F204E3B88014622460093D3
S21400F1801E48334625F0F2FA0246C8B998F804102D
S21400F1903B885F2917D1CDE900364FF6FF71204630
S21400F1A0164B24F045FC28B1034601210220144AE0
S21400F1B000F050FE0023134A2B701380124A13707F
S21400F1C002B0BDE8F0814FF6FB718C4208D9CDE95C
S21400F1D000362146094B4FF6FF7024F087FCE2E725
S21400F1E02146064A009624F0B3FCDCE7C35C002008
S21400F1F02AC803009E570020C45C002090570020B9
S21400F20031C803009C570020C25C0020002210B5C5
S21400F2100A2104461046FFF74FFA002023F001FDAE
S21400F2200122044B1A70FFF70BFA2046BDE8104087
S21400F230FFF778BFED61002038B51C461546012360
S21400F240224625F045FD60B92146284625F009FFEF
S21400F250044620B101210420034A00F0FBFD2046AD
S21400F26038BD0024FBE700BF58C803002DE9F04373
S21400F2700C4615461F46D0E9022352F8231002EB2F
S21400F280830293680E8893F80080D3688BB0B3F837
S21400F29000903246012106ABFFF7CEFFF0B90DF124
S21400F2A0200CF4B101232A884021CDE902C2CDE921
S21400F2B00471CDE900932221434606AA304625F084
S21400F2C03EFD0B4B0B4A00930B4B0190002C08BFE6
S21400F2D0134601210420094A00F0BCFD0BB0BDE82E
S21400F2E0F083624628686968032303C22246DBE788
S21400F2F0B7C803009CC8030096C80300A4C8030050
S21400F30007B501236A46002125F0E2FC684603495A
S21400F31008F0C8FD03B05DF804FB00BF05DE000082
S21400F320D0E9023253F822300149188808F08CBD23
S21400F33005DE000010B5D0E9023203EB8201496811
S21400F34053F8223009784FF48A52188825F0E7FCE3
S21400F350BDE81040034601210420014A00F07ABDB2
S21400F360C1C80300D0E9023253F8223002214FF41C
S21400F3708A5210B5188825F0C4FCBDE81040034634
S21400F38001210420014A00F065BD00BFDAC8030071
S21400F3901FB5D0E9023203EB820153F822304968E8
S21400F3A018884FF48A5309880293094B094A019337
S21400F3B0094B1B7800931278084B25F018FD0121A5
S21400F3C003460420064A05B05DF804EB00F042BD93
S21400F3D0A0570020C45D0020C35D0020AA5700206F
S21400F3E0F1C803002DE9F043D0E9023253F82210A9
S21400F3F003EB82035A680E8817789A68DB688BB02E
S21400F40092F80090B3F800803246042106AB04461A
S21400F410FFF712FF28BB08AD01232A460521204628
S21400F42025F056FC38B9042001210F4A00F012FDE1
S21400F430284624F0FDFC4FF48A53CDE904930023BC
S21400F440CDE9025303232121CDE9008306AA3B46DA
S21400F450304625F074FC01210346044A042000F0DF
S21400F460F9FC0BB0BDE8F08309C9030038C90300F6
S21400F47038B5D0E9024303F18043023B02220F492C
S21400F48054F823009D000CF0CFFE60B90C4B0D49DC
S21400F4901A78042A0BD82C44A068008821F8120099
S21400F4A001321A7038BD084B08491A78F1E7012175
S21400F4B0BDE838400420064A00F0CCBC66F40300E1
S21400F4C0C45D0020AA570020C35D0020A05700207E
S21400F4D04AC9030008B5C368806803F18043023B4D
S21400F4E00222064950F823000CF09EFE10B9044B89
S21400F4F0187008BD0022034B1A70FAE766F4030082
S21400F500C45D0020C35D002037B5D0E9023153F852
S21400F51021208C0015784268521A012AC5BF1B1993
S21400F5205B686C091C78DCBF44F0180405F01F0506
S21400F5302946204625F01FFB034640B123460121FD
S21400F54004200E4A009500F085FC03B030BD012172
S21400F550A94074B92346FE224FF6FF7025F09FFDA2
S21400F560012103460420064A03B0BDE8304000F0FF
S21400F57071BCFE2241EAC461EEE700BF60C9030029
S21400F58080C9030070B5D0E9021551F8253001EBAB
S21400F5908501044618884B681A788B68052A1B88EC
S21400F5A002D85E1E072E0BD9012104200C4A00F05B
S21400F5B051FCBDE87040012104200A4A00F04ABC14
S21400F5C06468641B032CCABFC9680749096825F02C
S21400F5D066FDBDE8704002460449002007F05ABFA9
S21400F5E09EC90300BEC9030000F8FF07DBC903007D
S21400F5F008B5D0E9023253F8220003EB82035968BB
S21400F600FF22038809684FF6FF7025F048FDBDE825
S21400F610084002460149002007F03CBFEEC903003F
S21400F62008B5D0E9023253F8223005214022188866
S21400F63025F067FBBDE8084002460249002007F0B7
S21400F64029BF00BF0FCA030008B5D0E9023203EB9A
S21400F6508201486853F82210027840230988312036
S21400F66025F0A2FBBDE8084002460249002007F04C
S21400F67011BF00BF30CA030008B5D0E9023203EB61
S21400F6808201486853F82210027840230988332004
S21400F69025F08AFBBDE8084002460249002007F034
S21400F6A0F9BE00BF4ACA03001FB5D0E9023253F8BC
S21400F6B0221003EB82039B6808881A780023D21A6C
S21400F6C018BF0122CDE9023302A94023D20125F05A
S21400F6D07AFB01210090044B0420044A00F0BAFB98
S21400F6E005B05DF804FB00BFB7C8030068CA030096
S21400F6F007B5D0E9023253F8223003214022188899
S21400F70025F0FFFA01210090034B0420034A00F085
S21400F710A1FB03B05DF804FBB7C8030077CA03007B
S21400F72037B5C3688268053352F8233004211D7844
S21400F7306A460123044625F0CBFA38B90420012195
S21400F740064A00F087FB684624F072FB2B466A46A2
S21400F75000212046FFF78AFD03B030BD91CA0300A2
S21400F76007B5D0E9023203EB8201486853F822104D
S21400F770027840230988322025F016FB01210090EC
S21400F780034B0420034A00F065FB03B05DF804FB5E
S21400F790B7C80300C2CA030070B585690446EA0705
S21400F7A005F0020605D476B1C5F3072025F062F809
S21400F7B009E01EB1B2210F482BF0C3FAA069C0F3CE
S21400F7C0810025F046F8E3691BB9BA2109482BF0F9
S21400F7D0B8FA204614F00EFCE3693EB1607E984706
S21400F7E0AB0706D0BDE8704025F038B820469847ED
S21400F7F0F6E770BDD7CA030008B514F0EFFE28B1CF
S21400F800BDE80840472102482BF09BBA08BD00BF60
S21400F810D7CA03002DE9F041FF2B04460F46904659
S21400F8201D469DF8186005D0FF2E03D0D52111483F
S21400F8302BF087FA0023FF2D18BFAD000E4A1CBF21
S21400F84045F00105EDB222600C4AC4E9063818BF3F
S21400F850A561FF2EC4E901232361E76007D0A369F1
S21400F86043F0020323F47F4343EA0623A361BDE883
S21400F870F08100BFD7CA0300783E002099F7000049
S21400F880002310B5054C03610460054CC261C0E955
S21400F89001430123C160836110BD00BF783E002094
S21400F8A099F7000070B58669044606F00303032B3B
S21400F8B00D4603D1FC2114482BF043FAFF2D16D039
S21400F8C0B20704D440F201110F482BF03AFA28464A
S21400F8D024F06EFCFF28054604D14FF482710A48D6
S21400F8E02BF02FFA2DB204EB4514204670BDF3071B
S21400F8F0FBD5A36913F00C0FF7D040F20B110248AA
S21400F9002BF01FFAF1E700BFD7CA03000023054A11
S21400F910C0E9063103610260C360034A034B4260DC
S21400F92083607047783E002099F70000C13F0200D0
S21400F930014827F078BA00BF783E0020014827F03B
S21400F9407EBA00BF783E002013B50E4827F045FA71
S21400F95023F0EAF926F00EFA26F030FA26F03AFA04
S21400F960FCF748FF0446FCF75FFF234600900121A2
S21400F9700420054A00F06EFA02B0BDE81040FCF71D
S21400F9803FBF00BF783E00206ACB0300022808B5C0
S21400F99003D12BF0CFF9014B186008BDA83E00201C
S21400F9A008B50DF05BF90122044B1A702BF04BFAE8
S21400F9B0BDE8084002490348FDF7E4B8C65D0020EC
S21400F9C0F8660020AC3E0020014B1870704700BF60
S21400F9D0C55D0020024B187808B106F093B8704752
S21400F9E04E6C002008B5074B1B780BB1002008BDF5
S21400F9F0FFF7F0FF0028F9D106F05EFC023818BFCA
S21400FA000120F4E7C55D002070B5FFF7EBFF174D4A
S21400FA1020B1FFF78DFF0428044613D82B781BB9B6
S21400FA202BF011FA01232B7023F08CF90446D8B181
S21400FA302B781BB9F7210E482BF083F9BDE87040F0
S21400FA40FFF776BF23F080F90028E7D02B785BB16C
S21400FA502BF075F806460021012029F0DBFA304627
S21400FA602BF068F800232B70204670BDC65D002082
S21400FA708BCB03001FB5FFF7C7FF0446FDF72CFA34
S21400FA80A04228BF204688B103A929F0AFFE03464E
S21400FA9038B9CDE90000064A039906482BF066F906
S21400FAA018B18E2104482BF04CF9012004B010BD8B
S21400FAB0432D0300883E00208BCB03000D4B70B512
S21400FAC01B780D4D0D4C0121002B0CBF2B462346F9
S21400FAD002200B4A00F0BEF90A4B01211B780220D7
S21400FAE0002B0CBF2B462346BDE87040064A00F0AC
S21400FAF0B1B900BF4E6C002085F40300A4F40300E7
S21400FB0021CC0300C55D002040CC030010B5D0E931
S21400FB10023253F8223002201B780121002B15BF39
S21400FB2001240024044A054A00F094F92046BDE862
S21400FB301040FFF749BF00BF5FCC03007CCC03003A
S21400FB40D0E9023253F82230034A1B78003B18BF34
S21400FB5001231370704700BF4E6C002038B5012596
S21400FB60084B1D702AF0EBFF04462946284629F06C
S21400FB7051FA20462AF0DEFFBDE838400249034825
S21400FB80FDF700B8C75D002000670020D43E0020C7
S21400FB9070B514F0A9FD10F0070F1D4D11D02B788D
S21400FBA05BB901262E702AF0CAFF0446314630465D
S21400FBB029F030FA20462AF0BDFFBDE8704014F068
S21400FBC063BB25F050FA022803D1124B1B78032B97
S21400FBD0E5D914F089FD18B90E4B1B78032B14D801
S21400FBE014F052FB04460028D9D02B785BB10026CF
S21400FBF02E702AF0A4FF05463146012029F00AFAA5
S21400FC0028462AF097FF204670BD4FF0FF34ECE7F9
S21400FC10C75D00204E6200201FB5FFF7B9FF0446FF
S21400FC20FDF75AF9A04228BF204688B103A929F05B
S21400FC30DDFD034638B9CDE90000064A03990648BB
S21400FC402BF094F818B18C2104482BF07AF8012098
S21400FC5004B010BD1D320300B43E00209BCC030050
S21400FC6010B5094C0949002007F0FAFB23681B6809
S21400FC70587924F0D3FA23681B68587923F0D7FA0A
S21400FC8005F066F9002010BD3444002029CD03009D
S21400FC9008B525F0D8F9024628B1BDE8084000208E
S21400FCA0014907F0DDBB08BD4CCD030008B525F0C3
S21400FCB0E0F9024628B1BDE808400020044907F0F4
S21400FCC0CFBB5422BDE80840FF2102480BF060BFBE
S21400FCD064CD0300B457002038B504460D4625F021
S21400FCE0CCF9024628B1BDE838400020034907F0A9
S21400FCF0B7BB034B23F8145038BD00BF82CD0300BA
S21400FD00B45700202DE9F34100240C4E0C4DDFF8CB
S21400FD1038800C4F56F8043B0BB9D8F8003035F84D
S21400FD20022B3946009200202246013407F098FB49
S21400FD302A2CEFD102B0BDE8F08100BF0C6700208E
S21400FD40085800209ECD03000867002008B52A2129
S21400FD50034825F08AF9BDE80840FFF7D3BF00BF87
S21400FD600858002007B5D0E9023253F822301A7836
S21400FD70292A0DD8084B53F822300BB9074B1B68BD
S21400FD800749002031F812100091064907F068FB79
S21400FD9003B05DF804FB00BF0C6700200867002076
S21400FDA0085800209ECD030008B52A21034825F0F8
S21400FDB05EF9BDE80840FFF7A5BF00BF0858002061
S21400FDC038B5D0E9023253F8221003EB82035B68A1
S21400FDD00C781D880020044907F042FB294620467F
S21400FDE0BDE83840FFF778BFA9CD03002DE9F34101
S21400FDF000240C4E0C4DDFF838800C4F56F8043BB0
S21400FE000BB9D8F8003035F8022B3946009200209E
S21400FE102246013407F024FB2A2CEFD102B0BDE8BD
S21400FE20F08100BF0C670020B45700209ECD030071
S21400FE300867002010B5024623F00FFA20B9044CDC
S21400FE40236811B11343236010BD23EA0203FAE7C7
S21400FE50B86700200CB413B502460C4623F0FDF933
S21400FE6060B9094B1B681A4208D005A9049801918D
S21400FE700AF090FD14B1054825F008FF02B0BDE871
S21400FE80104002B0704700BFB8670020A8D003003B
S21400FE90034610B5D3E9023253F8223008461C78E0
S21400FEA0211E18BF0121FFF7C5FF014648B9084AC1
S21400FEB0084B0220002C08BF1346074AFFF7CAFF6C
S21400FEC010BD00210220054AFFF7C4FFF8E700BF77
S21400FED0A7BC03009FBC0300AAD00300C0D0030049
S21400FEE02DE9F04105461F460C46DFF82C808E189B
S21400FEF0B44201D1BDE8F0810021284614F8013B48
S21400FF00069AFFF7A7FF002FF2D0424600212846A8
S21400FF10FFF7A0FFECE700BF34C303000021024A4E
S21400FF200248FFF7ADBC00BFB1FF0000DC3E00207A
S21400FF30FF21014822F0EABEDC3E00200022034BEF
S21400FF40FF2103481A7022F0DABE00BFC85D002009
S21400FF50DC3E002013B5114C2378032B13D80093F6
S21400FF6000230F4A18460F4907F07AFA237842F220
S21400FF701072002B08BF0022FF210B4802B0BDE81C
S21400FF80104022F0ABBE00220849104607F068FA7F
S21400FF9002B0BDE81040FFF7D1BF00BFC85D00202B
S21400FFA0D1D00300E3D00300DC3E0020EDD00300F8
S21400FFB0F0B52B4D8FB02B7823B309A825F08DF81C
S21400FFC0022309A88DF8243025F075F801AA064604
S21400FFD09446244B03F110071446186859680833F2
S21400FFE003C4BB422246F7D105AA17461E4B03F1AF
S21400FFF0100E144618685968083303C47345224621
S214010000F7D1E6B1012409A825F003F828B9BDF80F
S214010010243013F0020F18BF01242B781349002B4C
S2140100204FF000034FF0A00208BF1946204624F007
S214010030CAFF90B92B7801332B700FB0F0BD614623
S21401004009A825F03AF80028DCD1394609A825F098
S21401005034F804460028D6D0D4E7FFF77BFFECE758
S214010060C85D0020005904001059040000F8FF077D
S21401007010B50020324907F0F3F908220020314973
S21401008007F0EEF9304B314A1978314B0020002940
S21401009018BF1A462F4C304907F0E2F9002024F029
S2140100A0D8FB2368002B47D01B78022B44D90022AB
S2140100B02A4B10462A4907F0D3F923F015F92949A6
S2140100C00246002007F0CCF900F0D0F82649024697
S2140100D0002007F0C5F923681B78032B2CD900F004
S2140100E0D5F822490246002007F0BAF900F0DEF8FA
S2140100F01F490246002007F0B3F900F0DFF81D495A
S2140101000246002007F0ACF900F0A4F81A490246AE
S214010110002007F0A5F900F0D7F8184C184954F854
S2140101202020002007F09CF900F024F9154954F826
S2140101302020002007F094F9BDE8104024F08EBB83
S2140101400FD103002BD10300C95D002085F4030005
S214010150A4F40300704300204ED1030075BE0300D3
S21401016069BE03006AD103008ED10300B2D1030039
S214010170D6D10300FAD1030021D20300BC670020C8
S21401018048D203006BD2030008B5D0E9023253F817
S2140101902230187840B10020074907F061F9BDE820
S2140101A00840802000F034B8044907F059F9BDE84A
S2140101B00840802000F046B88ED20300ABD2030080
S2140101C0D0E9023253F82230034A1B78003B18BFAD
S2140101D001231370704700BFC95D0020182200215B
S2140101E0094BC3E900121A7B0AB9084A9A601A7CBD
S2140101F012B94FF47A72DA8140F6B8325A82002286
S2140102009A829A75704700BFFC3E0020E093040076
S2140102100A4B10B51B687BB11B78032B02D8B0F5CF
S214010220007F09D1064C23680343236063681842A4
S21401023002D02AF07AFDA08210BD00BF70430020D4
S214010240FC3E0020024A136823EA0003136070474D
S214010250FC3E0020014B1868704700BFFC3E0020A2
S214010260014B9868704700BFFC3E0020024B98681F
S214010270FA23B0FBF3F07047FC3E00200122024B4C
S21401028098601A73704700BFFC3E0020024BD88965
S214010290FA23B0FBF3F07047FC3E00200122024B2C
S2140102A0D8811A74704700BFFC3E0020024B588A62
S2140102B0FA23B0FBF3F07047FC3E0020014B586870
S2140102C0704700BFFC3E00202DE9F84300244FF0A4
S2140102D00C08104B104F9D7D104E3988E3B28B42AF
S2140102E002D32846BDE8F88308FB03F3F05C06EB6F
S2140102F0030924F0B5FA50B9FF21D9F8080022F015
S21401030005FD20B199F805309D4238BF1D460134E0
S214010310E3E700BFFC3E0020F46B002040680020AD
S214010320124B10B51B68124CEBB11B78032B02D88D
S21401033023689B0517D52AF0F8FCA38AC01A638A9E
S21401034080B283423EBFD4E900329343236024F057
S21401035004FE08B1E08910BD2368002BFAD1FFF72F
S214010360B3FF0128F6D0A068F5E700BF7043002070
S214010370FC3E0020014B987D704700BFFC3E0020EC
S21401038038B504460D462AF081FD244B1B7813B17F
S214010390204622F0A4FF402C27D006D884B13F2C5B
S2140103A018D0BDE8384024F059BA4C3C0C2CF8D88B
S2140103B01B4B2341DB07F4D40220FFF743FFF0E792
S2140103C04FF40070FFF73EFF0220FFF721FF154BA9
S2140103D01C71E6E74FF40070FFF734FF0220FFF7C9
S2140103E031FF00220F4B1A71DBE724F0BAF900281F
S2140103F0D7D10C4C0220237901332371FFF722FF5A
S2140104004FF40070FFF704FF2379AB42C9D322F003
S21401041067FF0028C5D122F03CFFC2E7C95D002076
S214010420FEEEFFFF143F002010B505F05FFB02282B
S2140104300AD124F06EFD034630B1BDE8104000221B
S2140104400249104607F00CB810BD00BFF7D20300F2
S2140104500021024A0248FFF713BA00BF290401002F
S2140104601C3F002038B5002024F0F3F9124B1B681E
S21401047093B11B78022B0FD905F038FB022816D151
S2140104800E4C2568FFF74CFFA842206008D0FF21DC
S21401049022680B4822F022FCBDE8384024F0DEB981
S2140104A0FF21074822F032FC0028F5D1EFE7FF21B3
S2140104B0034822F024FCEFE770430020143F00209D
S2140104C01C3F002002460249002006F0C9BF00BFBB
S2140104D00BD3030010B5234C2348FF2122F00FFC59
S2140104E0207802281ED003282ED0012804D02120EF
S2140104F0BDE81040FFF7E6BF1C4B19780029F7D07E
S21401050002231B4A23701378052B0EBF00230133E9
S214010510DBB29942137003D1052313700020E7E77D
S214010520052BFBD0124B1B78052B02D1032323701E
S214010530DDE7104A104932F8230007F085FC032353
S21401054023700028D4D110BD094B0C4A1878094BEA
S21401055003EB8001897833F8200007F045FC01237E
S214010560EEE700BFCA5D00203C3F0020D35D0020BF
S214010570506C00205C5800205D070100090701004F
S2140105802DE9F04F0D46144695B004901122002136
S2140105900FA89946DFF86C810BF0FAFA04EB4503D5
S2140105A00393D9F800301C2B02D0039B9C4202D146
S2140105B015B0BDE8F08F0123DFF844A18DF81C309B
S2140105C023884C4AADF81E309AF800304A4D08EBA5
S2140105D083039B7828788DF8203013688DF81D00EA
S2140105E0CDF821305368CDF8253024F039F9049B35
S2140105F08DF8290021882878002B4AD123F0FFFDA9
S214010600002844D09AF800300FAA38F8230007A92A
S21401061022F074FE00283AD023F01EFC4FF0000BA7
S214010620074606461C255FFA8BF2974234D8B74236
S2140106302BD99DF81C30032B1AD10FAB0193BDF8B3
S214010640213000220421009301202C4B06F08EFD60
S2140106509AF8003008EB83039978274B187806F050
S21401066001FE9AF80030002038F8231024F04DF8E7
S2140106705DB107A9304624F03EFC214B05461B78A8
S214010680304638F8231024F038FCC9F800500234FC
S21401069087E723F0ABFDB3E710460BA9059224F0DC
S2140106A026FC30B99DF82C1031B9059AB74208BF1F
S2140106B016460BF1010BB6E7BDF82E00BDF81E205D
S2140106C09042F6D19DF830009DF820209042F0D15E
S2140106D09DF81C208A42ECD1032A14BF082202226C
S2140106E00DF121010DF131000BF09EFD002808BF30
S2140106F00025DEE7CB5D00204F6C002088D5030087
S214010700506C00205C58002013B503460020114AA7
S2140107109C6812780190052A03D01B78032B00D120
S2140107202CB9012002B0BDE81040FFF7CBBE6268CD
S214010730217801ABFFF724FF217A0120E26801ABA3
S214010740FFF71EFFFF21044802B0BDE8104022F06B
S214010750CEBA00BF506C00203C3F0020094B1B78EE
S214010760052B02D00378032B02D00120FFF7AABE87
S2140107708168054A0B68054813604B68FF21536082
S21401078022F0B5BA506C0020CB5D00203C3F002023
S21401079038B50024114B124D1870124BFF211C70F6
S2140107A02C7006F05FFD0122032110460E4B06F069
S2140107B0DDFC4FF6FF712246084623F0A9FF0446EA
S2140107C048B940F6B832FF21084822F087FA0123DB
S2140107D02B70204638BDFFF775FEFAE74F6C0020F8
S2140107E0CA5D0020D35D0020480604003C3F00207F
S2140107F0144BF0B51A681449136809785879884279
S2140108000BD11249D78808460022114D1E792B7844
S214010810D4B2A34203D8052C0AD10020F0BD0C881F
S214010820BC4202D18C78B442F7D001320431EFE7F2
S214010830A342F2D120F82270013300EB82008670C9
S2140108402B70EAE7344400204F6C00205C580020EF
S214010850D35D0020FF2307B50021044A0448009316
S214010860FEF7D8FF03B05DF804FB00BFD504010016
S2140108703C3F00201FB5B42303210446ADF80E30DB
S21401088023F0B4FC98B121232046009300220321D3
S2140108900DF10E0323F059FE04460020054B064ACF
S2140108A00649009406F0DCFD204604B010BD8624FF
S2140108B0F3E700BF35D3030042D3030057D3030049
S2140108C0D0E9023253F82230034A1B780121137013
S2140108D00220024AFFF7BEBA686C002066D3030006
S2140108E00122014B1A707047686C00200A4B90F881
S2140108F005111B7890F8082119448A42BCBFB2FB47
S214010900F3F103FB11234FF0FF32B8BFDBB202FA5B
S21401091003F380F80A317047686C00202DE9FF4127
S2140109200446057F867EDFF870806E43237F98F845
S214010930002013449D4212DB607F60B9238B029333
S21401094063690193237C00936288A31D217805F0D7
S21401095095FDFF232370002004B0BDE8F081E37EFF
S214010960AB42E9D9A77E228BF1199142A4BF921B13
S214010970D7B205EB0323E3813A46334629462046A0
S21401098022F0D6FC0028E7D1637F374401330135D6
S2140109906377BEB2EDB2C9E7686C002037B505468D
S2140109A024F0D7FA0D4B04461B6869461B78032BC7
S2140109B082BF0B4B1B881B18284688BF9CB224F0AD
S2140109C050FB38B9684624F0C6FA18B9044B1B88A0
S2140109D023449CB2204603B030BD00BF70430020C4
S2140109E0F86B0020084B1B78FF2B0BD1074B1B78AD
S2140109F0FF2B07D1064B1B78022B03D04FF48070D8
S214010A00FFF720BC704700BFC46700208C40002061
S214010A105C3F002010B50446FF2122F070F9054B1B
S214010A209C4202BF0023A4F588742370BDE81040E1
S214010A30FFF7D8BF6C4000202DE9F0479A462A4BB5
S214010A4081461B7888461646BDF82050002B49D0B3
S214010A50FF2D3ED938252846BDE8F087234B0C22CA
S214010A603146A01D636184F80090A4F802800BF063
S214010A70E1F8A289414642F4004242F04002204693
S214010A80A28122F067FC2A46514660690BF0D2F833
S214010A9041464846A21D258323F0AFFFA0760028D5
S214010AA0D8D00544013DB5FBF0F0FF28D2DC002389
S214010AB0E0762046A383FFF731FF054680B9237908
S214010AC04FF48070B372FFF7A3FB227C099B1A8058
S214010AD0C1E7074C2778FF2FC0D040F60345BAE799
S214010AE02770F2E70225B6E7686C0020D55D002086
S214010AF08C400020B0F9063010B5002B25DA144CD6
S214010B002278237CFF2A02D0827A9A4207D0114C9F
S214010B102378FF2B17D0827A237C9A4213D169B9A6
S214010B20637F013BDBB263775BB90B4A237F1278A5
S214010B30204613442377FFF7F1FE0146204622F0B4
S214010B4018FCFFF74FFF012010BD0020FCE700BF97
S214010B508C400020C4670020686C00202DE9F04F0F
S214010B609A46B1F9063091B0002B0D461746DDF8CE
S214010B706880049080F22981B8F80030FF2B04D9F0
S214010B804FF4B871A6482AF0DCF8A64B00241A7870
S214010B9093F80401B3F80211002A40F0A5802E7ADA
S214010BA0A14A1278B24240F2AF800222A3F8027143
S214010BB01A70AA7AFF2483F804210022A3F80841B8
S214010BC083F80521A3F80621B8F80020954883F894
S214010BD00C21FFF78BFE3846FFF7E0FE214600EBBF
S214010BE04002924822F07AF84FF48070FFF710FB2B
S214010BF08C4C94F80A91B9F1FF0F20D18A4A94F8E7
S214010C00053112781344B34219DC94F80C1184F8B8
S214010C100531B4F80631204601FB0233A4F806314B
S214010C20FFF764FE0122824B38461A70FFF7B6FEC4
S214010C30494600EB400204F5887022F04FF894F81C
S214010C400531B34260D8DFF8E0B19BF800C00CEB89
S214010C500302964258DA764994F808210878013A50
S214010C60002853D0964205DAB8F8002084F80C2103
S214010C7000220A70B6FBFCF901220CFB196994F8F4
S214010C800A015FFA89F902FA09F2D1B2024076B98D
S214010C902889000A844584F8080108D92046CDE948
S214010CA006210593FFF722FEDDE90621059B94F850
S214010CB00A01014384F80A1182B994F80921B4F8AB
S214010CC006C1013284F80921B8F80020DAF80010CC
S214010CD00CEB0200FF2826DD0323237094F808316D
S214010CE0013B9E4230D138E0AE7A864202D18F4235
S214010CF000D11C462E7A002C7FF47BAF002A3FF4ED
S214010D004FAF012A3FF44CAF01205FE09642B1DAC3
S214010D1094F80C1198F800209142ABD004F5887035
S214010D20FFF778FEF0E794F80CE1F31A0EFB03C325
S214010D30A01C10FA83F005920AF07CFF94F80831A3
S214010D40059A013B9E4244D0012394F80A2103FAF6
S214010D5009F3013B1343FF2B04D1224629463846AB
S214010D6022F0F9FA94F8083194F809219A42CBD185
S214010D709BF80030B2FBF3F103FB112212F0FF02E5
S214010D8018BF13462278022A26D1264A0234107842
S214010D905178012804BF01315170012224F8022C38
S214010DA0EA88B4F8041122F04002EA8094F8092196
S214010DB00A44591E94F80A3113FB01F31344A8F8A8
S214010DC00030CAF80040FFF70DFE002011B0BDE864
S214010DD0F08F84F80B21C0E76979002994D0032AA3
S214010DE092D1B4F8062194F80B1108AE11445A1E9C
S214010DF094F80C31284613FB02F30B4400219BB2F6
S214010E00A21CA8F80030CAF80020CDE900710296AD
S214010E10049907F005FD8921304623F0EBFD7DE7B7
S214010E208DD303005C3F0020686C00206C400020DE
S214010E30D45D002013B5044618B101280BD002B0CA
S214010E4010BDFF2301460093064A0748FEF7E2FC61
S214010E50064B1C70F3E7FFF743FDFF22044B1A70A5
S214010E60EDE700BF150A01006C4000205C3F002042
S214010E708C40002013B501A909F04AFE044648B982
S214010E80BDF806309DF80420034906F0E9FA20462D
S214010E9002B010BD8120FBE724D4030013B56946D8
S214010EA009F042FE044688B9BDF802309DF80020DC
S214010EB0074906F0EFFA2046019906F043FA204664
S214010EC0044906F0CDFA204602B010BD8120FBE7AA
S214010ED048D403006ED4030037B5694609F048FECE
S214010EE0044618BB9DF801309DF80020104906F015
S214010EF0D1FA104D9DF80120E3B29A4206D800209F
S214010F000D4906F0ADFA002003B030BD019863002C
S214010F1003F4FF7302220021184423F084FC2946BF
S214010F200246002006F0B6FA0134E3E78120EBE73B
S214010F3070D403009FD403004806040013B501A92A
S214010F4009F0ECFD044648B9BDF806309DF80420CA
S214010F50034906F085FA204602B010BD8120FBE762
S214010F60A9D4030030B500240B4D85B06946E0B224
S214010F7023F0BDFF50B99DF80030032B06D129465A
S214010F80BDF805309DF8012006F06AFA0134202CE0
S214010F90ECD105B030BD00BFD0D4030008B50020A9
S214010FA0034906F05DFABDE80840FF2000F0DEBA0E
S214010FB0E2D403002DE9F04F85B006460D461746EC
S214010FC022F017FA044640B130463A46294622F046
S214010FD0FAF9002005B0BDE8F08F4FF003094FEA9B
S214010FE015285FFA84FA6946504623F080FFB8B99F
S214010FF09DF800B0BBF1000F12D1694650468DF83E
S21401100000908DF805508DF806808DF8016023F06C
S21401101072FF02460028D7D05846064906F020FA45
S2140110200134202CDDD10020034906F019FA89206D
S214011030D0E700BFF7D403001ED503001FB5002379
S21401104004468DF80F3022F0BFF928B19DF80F3015
S21401105063F07F038DF80F30182301930DF10F0312
S2140110600022009304214023204623F05DFA024625
S21401107018B10020024906F0F3F904B010BD00BF14
S21401108039D503001FB502A909F060FD044688BBE7
S214011090BDF80820184906F0FDF92046039906F028
S2140110A051F92046154906F0DBF94FF6F672BDF800
S2140110B00810134C4B1E9BB2934219D82368039A0F
S2140110C01B685879FFF776FF23681B79012B0BD82D
S2140110D0BDF808300022CDE900030421094B0920A0
S2140110E006F044F823F080FC6FF0FF0004B010BD5A
S2140110F08720E9E78120F9E758D503006ED403007D
S214011100344400206FD5030070B504468AB005AD9F
S2140111101122002128460AF03BFD204604A909F0C9
S21401112009FD044600283AD11E4EBDF810201E497E
S21401113006F096F932681379012B28D84FF6F67027
S214011140BDF810104B1E9BB2834224D81368587901
S21401115022F04FF908B333682A461B68BDF8101011
S214011160587922F02FF9BDF8103001220421CDE97B
S214011170004309200D4B029505F0F8FF23F034FCDF
S214011180034620B100200A4A0A4906F069F96FF0C1
S214011190FF000AB070BD8724E5E78B24E3E78120D2
S2140111A0F7E700BF3444002072D5030087D503005B
S2140111B08BD5030096D503002DE9F0479AB004A914
S2140111C009F0D0FC0446002840F0B5809DF81020B8
S2140111D05B4906F05FF925465A4E9DF81020EBB2A2
S2140111E09A4254D80020584906F03AF99DF8105012
S2140111F0002D40F099802C462E46544F06A9F0B299
S21401120023F075FEC8B99DF81830032B15D13B683D
S2140112109DF819201B685B799A420ED19DF81D2016
S21401122005F168036B4403F8402C9DF81E20023537
S214011230013403F83F2CEDB2E4B20136202EDDD1A5
S2140112409DF810300BB1002C77D00AABCDE90143E5
S214011250FF2302220421009309203D4B039505F04C
S21401126085FF23F0C1FB034660B19DF81020002ADC
S2140112705FD0384A3849002C08BF0A460020374953
S21401128006F0EEF86FF0FF001AB0BDE8F08705989B
S2140112906B0003F4FF7302220021184423F0C3FA03
S2140112A031460246002006F0F5F8013595E7059827
S2140112B0730003F4FF7302220021184423F0B3FAEB
S2140112C0002780465FFA80FA06A9F8B223F00FFEDF
S2140112D000BB9DF81830032B1CD1D9F800309DF8BF
S2140112E019201B685B799A4214D19DF81D3053452D
S2140112F010D19DF81E30C8F307229A420AD105F193
S21401130068036B440235013403F840AC03F83F2C04
S214011310EDB2E4B20137202FD6D101369DF8102068
S214011320F3B29A42C3D88BE70025DFF820902E4609
S214011330F4E7084AA2E78120A6E78B20A4E700BFCE
S214011340F0D503009FD4030048060400344400206F
S2140113500FD60300C1D50300DFD5030013D6030063
S2140113602DE9F04389B002A909F0EAFB04460028FA
S21401137067D1BDF80820344906F072F84FF6F672C8
S214011380BDF80850DFF8D4906B1E9BB2934254D838
S214011390D9F8003029461B685F79384622F029F8CB
S2140113A000284CD026465FFA86F8404603A923F06B
S2140113B09EFD28B92946384603AA22F007F820B927
S2140113C00136202EEFD14FF0FF08404623F08DFD69
S2140113D0014658BB112203A80AF0DAFB2946384613
S2140113E003AA21F0F0FFD9F800301A79012A18D89B
S2140113F01B68BDF80810587923F0D6F9BDF80830F7
S21401140003220421CDE900430920104B05F0AEFE6E
S21401141023F0EAFA034620B100200D4A0D4906F0F2
S2140114201FF86FF0FF0009B0BDE8F08302460A49D5
S214011430002006F015F80124D5E78724D3E78B248E
S214011440D1E78120EFE700BF35D603006FD5030053
S21401145073D6030096D503004CD60300344400200F
S2140114602DE9F043DFF894800020D8F800302149B8
S2140114701B688BB05E79002505F0F2FF01275FFA45
S21401148085F9484601A923F032FD044690B99DF836
S2140114900430032B0ED19DF80530B3420AD14846DD
S2140114A023F023FD0146A0B102461349204605F06C
S2140114B0D7FF27460135202DE1D1D8F8003000218D
S2140114C01B68587923F070F987F001000BB0BDE86E
S2140114D0F083112205A80AF05BFBBDF809403046EF
S2140114E0214605AA21F06FFF2146304623F05CF91C
S2140114F0E0E700BF80D603004CD60300344400204A
S21401150037B5694609F028FB044638BBBDF800200C
S214011510134905F0BFFF134D2046019905F012FF50
S2140115202046114905F09CFF2B681B68587923F06B
S2140115304AFA70B14FF6F672BDF800104B1E9BB218
S214011540934209D82B68019A1B685879FFF732FD38
S2140115500446204603B030BD8724FAE78120F9E728
S21401156094D60300344400206ED403007FB50546AC
S2140115700024E6B26946304623F0B9FCA8B99DF8C6
S2140115800030032B11D19DF80130AB4204D0FF2D62
S2140115900BD19DF80D3043B9304623F0A6FC024628
S2140115A018B10020034905F05BFF0134202CE0D17F
S2140115B004B070BD4CD60300034B1B681878012895
S2140115C008BF0220704700BF70430020D0E90232F6
S2140115D053F822301A78024B1A7000F0E7BA00BFAF
S2140115E0D45E002070B5D0E902456B1EDBB254F81C
S2140115F0230003221B490AF017FE54F8253004EB9A
S2140116008504197863681A78A2F10B030F2B05D9A4
S21401161015490020BDE8704005F022BF01290FD111
S214011620124C9140236840B90B43114A23600020B5
S214011630BDE870400F4905F013BF23EA0103F4E744
S21401164002290CD101230C4903FA02F20B6818B9DE
S21401165013430A4A0B60EAE723EA0203F9E70A465C
S2140116600749D6E7B8D60300BCD60300E8670020D2
S214011670D2D60300DAD60300E4670020EDD60300D5
S214011680F7D6030007B5D0E9023103EB810253F820
S21401169021300B491B785268012B0A4B08BF0B46B9
S2140116A012684FF000001A600092074A074B08497B
S2140116B018BF1346074A05F0D3FE03B05DF804FBD6
S2140116C0E8670020E467002012D703000AD703006A
S2140116D01CD703003059040038B5254A254B264C43
S2140116E00020264905F0BCFE0020254905F0B8FE7D
S2140116F022682449002005F0CDFE2068224C234DA7
S21401170005F088FE2146002005F0AAFE2A68204939
S214011710002005F0BFFE286805F07CFE214600206B
S21401172005F09EFE1B4B1C491A781C4B002053F8F3
S214011730223005F095FE00F00DF919490246002009
S21401174005F08EFE174B00201A78174905F088FE23
S214011750164B17491A78002005F082FE04F0C6F9E8
S214011760BDE8384002461349002005F079BE00BFA7
S2140117703059040036D70300E86700203DD7030040
S21401178045D7030053D70300B6BD0300E467002026
S21401179064D70300025F002075D70300EC670020C2
S2140117A088D70300E75E00209CD70300E65E002092
S2140117B0AED70300C0D7030007B500F071F8054B9C
S2140117C00090054A0020054905F04AFE03B05DF881
S2140117D004FB00BFD6D703003059040057D30300DB
S2140117E0F8B504460B4F0C4E0C4D00200C4A0D4923
S2140117F005F036FE20463B7829783278F4F772FEFB
S21401180000233B7033702B70FF21BDE8F84006487B
S21401181021F075BA025F0020E65E0020E75E002038
S21401182030590400DBD70300AC40002037B512481E
S214011830FF2121F064FA114B187810F0100505D03D
S214011840002003B0BDE8304003F01CBF0121B420E6
S21401185004F0C6FA04460A4B0A4A0B490090284689
S21401186005F0FEFD2046FFF7BBFF4FF4806003B096
S214011870BDE83040FEF7E6BCAC400020025F002029
S214011880F2D703003059040057D303000021024A5F
S2140118900248FDF7F5BF00BF2D180100AC4000203F
S2140118A008B5054B1B7823B11720FFF799FF0020D9
S2140118B008BD0220FCE700BF025F002010B550B152
S2140118C0054B00F1100250F8044B904243F8044BCC
S2140118D0F9D1024B197010BDE85E0020F85E0020B9
S2140118E037B5174D04462B78DB0626D50090154BE9
S2140118F00020154A154905F0B3FD1E2C0BD0652CAA
S21401190009D0032C19D0002023F069FB40F61C40B7
S214011910FFF766FF0DE023F08AFB4FF4FA63B0FB96
S214011920F3F202FB1300C218FF21094892B221F01C
S214011930D5F92B7823F010032B7003B030BD00BF10
S214011940025F00200BD803003059040057D3030070
S214011950AC400020014B1879704700BF705800203A
S21401196070B54C4E8EB0337803F0FB02A3F1090537
S214011970022AEDB258D0042B41F6041257D0A3F137
S21401198008014B424B415B0013434348ADF80C3012
S21401199021F05FFD48B9414B3F4A03F1100153F86E
S2140119A0040B8B4242F8040BF9D13D4B1B78002BFC
S2140119B03FD03C4B0DF10E0203F1100153F8040B1E
S2140119C08B4242F8040BF9D103A823F028FB232805
S2140119D0044610D1012D49D80020334A334905F079
S2140119E03FFDBDF80C3003A823F40053ADF80C30CE
S2140119F023F015FB0446002C41D14FF40C7023F064
S214011A000CFB044600283AD103F0FAFE012D36D825
S214011A10274A01AB1068516803C3264901A823F081
S214011A205AFB78B319242AE043F60412A7E70223E7
S214011A30AAE73378042B0DD0082B0BD01E4B0DF1E3
S214011A400E0203F1100153F8040B8B4242F8040B0B
S214011A50F9D1B9E7104A0DF10E0302F1100152F85F
S214011A60040B8A4243F8040BF9D1ADE7337803F04F
S214011A70FB03022B03D10020104905F0F1FC2046A0
S214011A800EB070BD044901A823F025FB04460028CA
S214011A90C8D1F4E7025F0020D65E0020D8D8030044
S214011AA0F85E0020E85E0020305904002FD80300BD
S214011AB0E9D8030020590400F2D803008AD80300AD
S214011AC070B5002686B00446252023F08EFA16222D
S214011AD0002116480AF05CF8154B1E60154B187865
S214011AE0FFF76AFD022814BF0123042303208DF8A3
S214011AF0083023F0C8FA04238DF810300E4B02A8E4
S214011B000593039403F030FD05460C4B0C4A196807
S214011B100C4B3046A14208BF134600940A4A0B49B3
S214011B2005F09EFC284606B070BD00BF7058002028
S214011B30CC400020025F0020211E0100E867002043
S214011B400AD7030012D703003059040003D9030053
S214011B5008B5134A1378042B09BF124B01331B78BF
S214011B60C3F10603DBB2137003F0FD02092A04D1A8
S214011B701720FFF735FE172008BD0A4A1278002AFB
S214011B8014BF052206229A4207D1074B186800287F
S214011B90EED0FFF795FF4D20EEE70020ECE700BF03
S214011BA0025F0020F85E0020E467002073B51E4C3B
S214011BB01E4E23683268134334D01D4B1B6853B343
S214011BC01C4D2B783BBB03F091FFF8B94FF48060B6
S214011BD0FEF71EFB184B24681B7894B1C3F1020371
S214011BE02B7003F047FD2046FFF76AFF04460020EE
S214011BF0124B134A1349009405F032FC204602B0FA
S214011C0070BDC3F1060334682B70EAE70121B420E6
S214011C1004F0E6F8EAE70020094A0B4905F020FC43
S214011C200224E4E70224E9E7E8670020E4670020ED
S214011C3070430020025F0020F85E00204BD90300AD
S214011C403059040057D3030031D903002DE9F34777
S214011C50384D394E00202A792B88384905F000FC8A
S214011C603268287922FA00F010F0010002D13449D6
S214011C7005F0F6FB334F3C783CB108223249334835
S214011C800AF0D2FA041E18BF0124DFF8DC80DFF860
S214011C90A490DFF8B4A014E098F80000494601309B
S214011CA0C0B288F8000023F092F9002835D13C78BC
S214011CB03CB10822514625480AF0B6FA041E18BF60
S214011CC001242A793368D340DB07E5D5002CE3D11C
S214011CD000922B881E4A1F49204605F0C1FB1E4B69
S214011CE01878FFF769FC01230322124923F075F9DE
S214011CF01A4A054613780133137010B902B0BDE8CD
S214011D00F08720462B46124A154905F0A9FB2846BE
S214011D1002B0BDE8F047FFF763BD0020114905F0AA
S214011D209FFBFFF715FF0028E8D102B0BDE8F0479A
S214011D3000F01CB870580020CC40002051D9030098
S214011D4082D90300015F0020F95E00207E58002042
S214011D503059040051DA0300025F0020E65E0020DD
S214011D60F2D903001BDA0300D55E00202DE9F0410D
S214011D70214C224D2378002055F82330204A214952
S214011D8005F06EFBFFF7ECFD03461D4E1E4FDFF818
S214011D9074802BB92378042B15D8B3B91B4B15E0E7
S214011DA032463946002005F05BFBFFF7D1FE00BB4B
S214011DB02378324655F82330414605F051FBFFF7AC
S214011DC0CFFD0346E5E7092BE8D1114B00201B6840
S214011DD0104A11491360114B187023F0F8F820B11E
S214011DE0BDE8F0410120FFF7FBBCBDE8F041FFF77D
S214011DF02DBFBDE8F08100BF025F0020EC67002028
S214011E003059040071DA03007EDA0300E46700202B
S214011E10E8670020CC40002070580020D55E0020E6
S214011E2070B51C4C23789BB3838913F4407F2FD065
S214011E30056835B12A46BDE870400020164905F010
S214011E400FBB23F0C2F8154E03463070144A2846DD
S214011E50144905F005FB33781BB1BDE87040FFF768
S214011E6085BF2378082B0CD8042B0CD80E4B1B7877
S214011E70C3F1060323700D4BBDE870401868FFF7E9
S214011E801FBE0A2BF2D1BDE870401820FFF7A8BC90
S214011E9070BD00BF025F0020A9DA0300E75E0020E4
S214011EA030590400D6DA0300F85E0020E46700200B
S214011EB030B5464D03460446454A0020454987B09D
S214011EC005F0CEFA2B782BBB01A823F006F90223E6
S214011ED001A88DF8043023F0EEF8B0B93E4901A808
S214011EE023F0EBF888B1152C0FD123F0A0F847F2B8
S214011EF03153B0FBF3F202FB130000F51C50103017
S214011F0080B203F0BFFB07B030BD162CFBD103F047
S214011F10F3FBF8E7152C2AD100202D4A2F4905F0AE
S214011F209FFA2B78042B11D0082B0FD02C4B1B7843
S214011F30DA070BD401A823F06CF818B9BDF8043001
S214011F409B0703D42B7843F010032B7023F06FF814
S214011F504FF4FA63B0FBF3F2FF2102FB1300C21841
S214011F60204892B207B0BDE8304020F0B7BE23F05B
S214011F7090F804460028C6D12B78013B092B1ED8C1
S214011F80134A194905F06CFA184A194913780133AE
S214011F90D8B2107023F01BF860B12046154905F041
S214011FA05FFAFFF7D5FD0028ADD107B0BDE8304098
S214011FB0FFF7DCBE07B0BDE83040FFF747BE40F68E
S214011FC01C4007B0BDE83040FFF70ABC025F0020A6
S214011FD030590400FADA03002059040011DB03002B
S214011FE0D45E0020AC40002024DB0300D55E002038
S214011FF0705800201BDA03002DE9F0410B4686B02D
S21401200004460E4617463A490246002005F028FACD
S2140120104FF000080123CDE901380DF116030093B6
S214012020424640230621204622F0B3FA054640B137
S21401203002463049404605F013FA284606B0BDE888
S214012040F0819DF816202AB936B900202A4905F0F4
S21401205007FAF2E7012EF8D082F0010300202749A3
S2140120608DF8173005F0FCF99DF817300DF11706BD
S21401207033B310230022CDE9006306214023204616
S21401208022F052FA064630B1324600201C4905F0CD
S214012090E7F93546D1E74FB90821204622F0A6F8E0
S2140120A020B120469DF8171022F07FFB052120461F
S2140120B022F09CF80028C0D0204622F073FBBCE733
S2140120C04FB90821204622F091F820B120469DF80C
S2140120D0171022F06AFB10230022CDE900630621C7
S2140120E04023204622F020FA06460028DED0CBE721
S2140120F053DD03006FDD030088DD0300A8DD030068
S214012100C8DD0300002208B5034B11461B681B6897
S2140121105879FFF771FF08BD3444002008B5044B19
S21401212000221B6801211B685879FFF765FF08BD6F
S2140121303444002008B5044B00221B6802211B68AA
S2140121405879FFF759FF08BD3444002010B5012324
S214012150002488B001A88DF80430CDE90244F5F7D3
S214012160E3FC20469DF80420124905F079F9204643
S214012170039A114905F074F92046029A0F4905F0B1
S2140121806FF910220E4B0DEB0201188840F06040EB
S21401219040F48010FBF744F920460A4905F07AF925
S2140121A004A822F082FB2046074905F059F908B039
S2140121B010BD00BFE1DD030000DE03001FDE0300EB
S2140121C0E05804003EDE03004806040008B521F08E
S2140121D071F90020024905F043F9012008BD00BF4E
S2140121E05BDE03000023054A8360C360044BC0E93D
S2140121F0002311B14FF6FF730B807047491015B2DB
S2140122002630021110B5044660B10020064905F0DB
S21401221027F9052C06D002F0CBF904490246002026
S21401222005F01EF9012010BD6FDE030080DE0300FD
S21401223037B500216A4601AB054621F0FCF9044694
S21401224068B100220F49104605F00AF902F0B0F90C
S2140122500D490246002005F003F903B030BD0B49D5
S21401226005F0FEF8012020F03BF901F099FF431C30
S21401227002D007F09DFFF0E721462846FFF7A6FFAC
S214012280EBE700BFA9DE030080DE0300F1DE0300FA
S21401229038B5054601F084FF044622F04FFA4DB1E9
S2140122A000200E4905F0DCF8631C14BF2046002010
S2140122B007F040FF21F00CF90228044605D001285A
S2140122C005D10020064905F0CBF8204638BD002090
S2140122D0044905F0C5F80024F7E700BF0EDF030048
S2140122E028DF030041DF030008B50020034A044944
S2140122F005F0B6F8BDE8084000F050BDEBEE03006F
S2140123005ADF030008B50020034A044905F0A8F87F
S214012310BDE8084001F0CAB979DF03005ADF0300BF
S2140123201FB5D0E9023253F8223068461C782146A0
S21401233001F0D0FB684601F073FC28B92246044937
S21401234005F08EF804B010BD6846FFF771FFF9E797
S2140123507FDF03000020014905F082B89BDF030000
S2140123607FB50DF1060102A8FFF73CFF00202649C4
S21401237005F076F80020BDF80820244905F070F82D
S2140123800020BDF80A20224905F06AF8039A0020C9
S214012390204905F065F800201F4905F07BF84FF647
S2140123A0FF73BDF806209A4229D000201B4905F08C
S2140123B057F800201A4A1B4905F052F800201A4A1D
S2140123C01A4905F04DF800221949104605F048F85B
S2140123D00020154A174905F043F80A22002016493D
S2140123E005F03EF80A220020144905F039F80A22C1
S2140123F00020134905F034F807B05DF804FB00200F
S214012400104905F02DF8D4E7AADF0300C2DF030068
S214012410DBDF0300F4DF03000DE0030018DE03003A
S214012420E093040023E00300C027090042E0030014
S21401243061E0030080E003009FE00300BEE00300CC
S214012440DCE0030020E0030008B50020034905F0A6
S21401245007F8BDE80840012001F0FAB9FAE00300E8
S21401246008B50020034904F0FBFFBDE80840002042
S21401247001F0EEB913E1030030B5104B104D1B5CB3
S21401248085B08DF80F302B780446834206D00D4B6D
S2140124900D4953F82020002004F0E2FF30232C7071
S2140124A00A4801930DF10F03009306228023192198
S2140124B0007822F039F805B030BD00BF4759040056
S2140124C00A5F0020545904002BE10300526C0020DF
S2140124D01FB5232303900193064803AB0093012203
S2140124E080231921007822F01FF8039805B05DF8C3
S2140124F004FB00BF526C002073B5164D04462B78C2
S214012500154ECBB121F005F8012815D0346040F600
S214012510B244124B1B78072B17D02D78C5B920F083
S214012520F8FF031E18BF01230D4800952246192106
S214012530007821F07DFB03E000233360002CE8D116
S214012540201E18BF012002B070BD02250123EBE753
S2140125500025FBE7075F0020D04000200A5F00202F
S214012560526C002008B50448FFF7C6FFBDE80840D6
S2140125700220FFF781BF00BFC027090010B5064C37
S214012580208822F013F9608822F010F96068BDE80F
S214012590104022F01AB900BFD44000207FB5232393
S2140125A08DF813300DF113030293042306480193AB
S2140125B005AB0093012280231921007821F0E9FF61
S2140125C0059807B05DF804FB526C00202DE9F04732
S2140125D0DFF84C91044699F8000090460F4621F02A
S2140125E0E7FD0B2899F8002005D9BDE8F047002043
S2140125F03F4904F035BF00263E4B3F4D1E803F4B02
S214012600DFF820A103EB00135B8801202B802A71E1
S21401261004F04EFE05F0F6FE04F04AFE204604F0F5
S21401262047FE0123042C8AF800300BD8022C45D82B
S2140126309C4216D02346BDE8F0470020304A314977
S21401264004F00EBF062CF5D130462F4904F008FFE2
S214012650384604F02DFEFFF791FF97B18AF8006027
S2140126600FE04FF6FF76294F3888801B18BF0120F0
S21401267004F01EFEFFF782FF3888B04201D022F038
S21401268095F819236B8099F8003000202B71204BA8
S2140126901B786B71EB8843F04003EB801D4B198868
S2140126A022F033F8034620B1224600201A4904F0EE
S2140126B0D7FE4046BDE8F047FFF71EBF304604F0A0
S2140126C0F7FDFFF75BFFFFF769FF22F07EF8134B7C
S2140126D01B78002B0CBF3F20202004F0E9FD042CC2
S2140126E0CFD14FF4806022F061F83220C7E700BFF7
S2140126F03EE103009458002098580020A442002090
S214012700F8CE03008AE103006DE10300885800203B
S214012710516C0020F26B0020A3E10300065F00204D
S214012720526C0020075F002038B5044605200D4690
S214012730FFF7A2FE184B1A884FF6FD739A4207D18F
S2140127400020164904F08CFEBDE83840FFF70ABFAA
S21401275065B1134A13780133DBB2092B137014D910
S2140127600A2200200F4904F07BFEEDE7012C0ED172
S2140127700B4B1D700C490D48FFF734FDBDE8384082
S214012780002101200A4AFFF721BF012CF2D0BDE843
S21401279038400748FFF7B0BEF26B0020DDE10300CA
S2140127A0095F002008E2030088580020D44000207A
S2140127B0E093040008B50649002004F051FE0548E0
S2140127C0FFF736FDBDE8084000210846FFF7ACBF1D
S2140127D04CE20300D4400020814237B5034615463B
S2140127E008D2002000910F4A0F4904F039FE00205C
S2140127F003B030BD0C1A224600200C4904F030FE0E
S21401280040F6BB5322460020094904F029FE4FF446
S2140128107A735C43074B01209C4294BF2C602B606B
S214012820E6E700BFF8CE03005DE203009AE203008C
S214012830B5E2030080EE360010B504460820FFF727
S2140128401BFE0D4B3CB91C700021BDE81040062054
S2140128500A4AFFF7BBBE1B78092BF5D90A220020CE
S214012860074904F0FDFD0020064904F0F9FDBDE826
S2140128701040FFF79FBF00BF095F0020C027090077
S214012880E1E2030022E3030073B51F4D2C7834B157
S21401289000201E4902B0BDE8704004F0E1BD0220F0
S2140128A0FFF7EAFDFF221A4E1A4B30781A7021F014
S2140128B07FFC0B2807D920463278174902B0BDE8BD
S2140128C0704004F0CDBD154B1549009301EB001186
S2140128D0012319224FF6FD70498805F037FA70B1C9
S2140128E02046104904F0BCFD00220F4B0F481C7017
S2140128F00F4B1A7002B0BDE87040FFF7FDBD012412
S2140129000C492C70EEE700BF085F002033E303009C
S214012910526C0020516C00203EE10300192C01008E
S214012920A442002074E30300075F0020C0270900CB
S214012930095F00209AE3030038B5144D04462B784E
S214012940052B21D91249FFF75DFC24B918B91149A5
S21401295004F086FD0424104B195D21B9BDE838400A
S2140129600846FFF769BF032C06D02B78052B03D04A
S21401297006200A4AFFF72AFE0021094B084619706D
S214012980BDE83840FFF7D0BE38BD00BF0A5F002063
S214012990D4400020BCE303003D590400C0270900D1
S2140129A0075F002030B5044689B00720FFF764FDB5
S2140129B0052C0AD100222A4B03A91A7002A804AAE0
S2140129C001F0FEFD30B1022045E09CB90122244B06
S2140129D01A700224224D287878B1421E50422149AD
S2140129E05041FFF755FC022304462B70022C0ED1F2
S2140129F00A200FE0022CE6D1EBE7631F5A424FF0A4
S214012A00050018495A4120F08BFD0446EEE7032CD9
S214012A1004D10020FFF770FD09B030BD062C06D1A9
S214012A200020114904F01CFD01232B70E0E70F4A3A
S214012A300F4B2878002C18BF13460E490E4A0094F7
S214012A40002808BF0A4600200C4904F009FD201E94
S214012A5018BF0120400009B0BDE83040FFF76CBF49
S214012A60055F0020D4400020F7E30300F0E30300F5
S214012A70E9E30300D8E30300E2E3030032E40300E2
S214012A8013B51F4C0620FFF7F7FC2278092A09D94F
S214012A9000201C4904F0E4FC042002B0BDE810400C
S214012AA0FFF74ABF184B1B782BB300201FF03CFDE5
S214012AB020F02FFD68B9FFF771FD144B196820F05F
S214012AC01FFD02460420002102B0BDE81040FFF7BA
S214012AD07DBD01A820F01BFDFF2809D14FF4FA6047
S214012AE023780133237002B0BDE81040FFF704BD20
S214012AF00198FFF7EDFC4FF4FA620320E3E700BF0D
S214012B00095F00204DE40300065F0020E44000203A
S214012B10F023F0B589B0CDE90003344880230022C4
S214012B2019210078324E334F21F0FEFC0020324945
S214012B3004F096FC3246394603A801F041FD03280D
S214012B4004462E4D1CD10626039A2D49002004F07A
S214012B5087FC0398FFF7BCFC0020396800F0ACFE48
S214012B602E7001F09FF900220446264B30461A705B
S214012B70FFF782FC84BB09B0BDE8F040FFF780BFD9
S214012B8028BB7268204904F06BFC214604A8FFF7B5
S214012B9029FB059B726893420BD020461B4904F023
S214012BA05FFC072305202B7009B0BDE8F040FFF756
S214012BB0F9BE1A462046164904F052FC05230021A8
S214012BC001202B7009B0BDE8F040FFF7ADBD002035
S214012BD0104904F045FCF1E7042C05D0042009B0A7
S214012BE0BDE8F040FFF7A8BE09B0F0BD526C00206A
S214012BF0D4400020E440002085E403000A5F002062
S214012C00B6E40300095F0020F1E403002AE50300AF
S214012C107EE50300BAE50300F7B5044687680020A1
S214012C202378364D012B287004D0354B3549187062
S214012C3004F016FC26785EBB334B1B78FF2B04D1C1
S214012C4003B0BDE8F040FFF78DBC304B1B78032B7B
S214012C5011D82F4C0320FFF70FFC6946208822F07D
S214012C6000FA002843D02B49208805F0EDF820B162
S214012C702E70FFF777FC03B0F0BD0124204B2649E8
S214012C801C7004F0EDFB0320FFF7F6FB2C70F2E757
S214012C90012E25D13B78002BEDD01B4D2B78FF2B39
S214012CA0E9D1A68802F04AFF864206D100201B49D8
S214012CB003B0BDE8F04004F0D3BB194BA2881B78E3
S214012CC03BB132B11749002003B0BDE8F04004F033
S214012CD0C7BB7B6814491B782B700D4B1A80F2E733
S214012CE0032E08D108226846A16808F0A3FF6846AB
S214012CF0FFF70EFFBFE700232B70A1E7075F002059
S214012D00085F0020D5E50300516C00200A5F002013
S214012D10F26B0020192C01009AE30300F5E503008D
S214012D20045F00201BE6030046E603007FB5094B5F
S214012D301A78FF2A0AD1187001F088FB0022064B88
S214012D400DF1060102A81A80FFF74CFA07B05DF8EC
S214012D5004FB00BF526C002086580020152838B5A9
S214012D6017D10C4B1D78A5B922F061F9C4B2012C1C
S214012D7038BF01240120FFF77FFB2846224606497B
S214012D8004F06EFB4FF47A706043BDE83840FFF7FD
S214012D90B3BB38BD0A5F002063E60300034B1B7814
S214012DA0022B01D8FFF770BD704700BF0A5F0020F5
S214012DB070B5284C20F0A8FB2578274EBDB1002021
S214012DC0264904F04DFB264A13780133137000237D
S214012DD023703378062B0AD1BDE87040214B186862
S214012DE0B0F5FA6F38BF4FF4FA60FFF785BB33785A
S214012DF0013B082B2CD8DFE803F005090D2B13192E
S214012E001D222700BDE87040FFF7C8BFBDE870402F
S214012E10FFF73ABD00232370BDE87040FFF7A2BB61
S214012E202946BDE870400120FFF77EBCBDE8704032
S214012E30FFF726BE0220BDE87040FFF7B3BD0120B4
S214012E40BDE87040FFF7F8BCBDE87040FFF7B2BCC4
S214012E5070BD00BF075F00200A5F002092E60300F6
S214012E60095F0020D040002010B90520FFF764BD9F
S214012E70034B1B78062B01D1FFF79ABF704700BFA3
S214012E800A5F00202DE9F0478E68054633189A78C8
S214012E900C46092A8EB008D90020A34904F0E0FAAE
S214012EA0852420460EB0BDE8F08750B98B899F492E
S214012EB0895C8B4205D200919D4904F0D1FA8024A9
S214012EC0EFE79C4BE7881B889F4236D09A490978E2
S214012ED0012932D932B13A460020984904F0C0FAA5
S214012EE07E24DEE7964B1A70934B26791B78052BCA
S214012EF003D0012B3AD8FFF751FF5EB93146204681
S214012F0021F078FD0346002851D030468D4A8E497F
S214012F1004F0A6FAD4F80880A48998F8037098F803
S214012F200450002E4CD13046884A894904F098FA5C
S214012F3000210120FFF7F8FB4FE00021804B1970BC
S214012F40072A00F28A8301A353F822F0E92E010032
S214012F509730010097300100A9320100A932010023
S214012F60A93201003F3501003F350100022B17D180
S214012F7002F0E4FD8742B3D00020764A764904F099
S214012F806FFAFFF781FC46BB3146204621F032FD41
S214012F90034610B36B4A6C49002004F061FA1CE04A
S214012FA06E4A00206E4904F05BFA012479E7A368B3
S214012FB01B78DA06AED432466A4904F051FAA9E71C
S214012FC000210AA8FFF70EF9032F08D95F4B664ABE
S214012FD066490097002004F043FA002461E76B1E5F
S214012FE0632B04D9594B604A61490095F2E7614B5E
S214012FF0E4B2DB5D9C4209D0CDE901430020534B8E
S214013000594A5D49009704F02BFAE6E757B3A4B294
S21401301022460521404621F006FCBDF828308342B1
S21401302003D04A4B554A5649B6E7012F1AD02246D5
S2140130300721404621F0F7FBBDF82A30834203D032
S214013040424B4E4A4F49A7E7032F0BD1224609218F
S214013050404621F0E5FB0B9B984203D13B4B474A88
S214013060494999E7642D3FF463AF21F0E0FF6423FB
S214013070C0B2B0FBF3F203FB12030133DBB29D4295
S214013080BFF456AFCDE900530020304B3B4A3F49D1
S21401309004F0E6F9A1E7284B1B78052B01D03C4A42
S2140130A07FE7EB1CDBB2277BF45C44B123460020B0
S2140130B0374A384904F0D4F900210C460BE00F2FAB
S2140130C00DD81023204634490093314A3B4604F07C
S2140130D0C7F9802401210020FFF726FBE1E604352D
S2140130E0EDB220462A4A2D4904F0BAF97A1B711925
S2140130F0D2B206A820F01BFA05443A46E9B2304699
S21401310021F08EFB264D069A2B68264F9A42386090
S21401311001D100284AD1244900201D4A04F0A0F913
S21401312085240121D7E700BFAFE6030080590400DC
S214013130C7E60300F26B00200A5F0020F6E60300F4
S214013140075F00206CE7030074E70300FCE7030059
S21401315011E803003AE7030047E703009CE7030092
S214013160A9E70300C6E7030026E803002EE80300EC
S21401317048E803004359040066E80300BBEC03007B
S214013180A0E80300CAE80300F2E8030019E9030017
S2140131904DE9030067E9030096E90300ADE9030082
S2140131A0D4400020E4400020D6E9030000F08EFF62
S2140131B03E68B0420AD200F089FF9D490346324676
S2140131C0204604F04DF98924012184E7079A6B68AB
S2140131D09A4205D12046974A974904F041F96BE790
S2140131E09649097859B19A4209D22046944904F081
S2140131F037F996210620934AFFF7E8F95CE7924AE9
S214013200924905A801F0DCF9079E48B96A6896421A
S21401321006D88F4904F024F90520FFF7C3FB40E6E2
S214013220324600208B4904F01BF93968002700203C
S21401323000F042FB00206E60FFF74AF9864B06203D
S2140132401F80FFF719F9854B1F7001F0B1F906468B
S214013250F8B94FF6FF73824A0AA81188994214BF3B
S21401326013463B466A88298801F012F90AA800F03D
S214013270D7FC58B10AA801F0DDF938B130467949D2
S21401328004F0EEF80420FFF757FB0AE6FFF7F8FB19
S21401329007E6042805D1744B1921187820F0DFFCC5
S2140132A0FFE538467149EBE7714B1B78062B01D0D9
S2140132B0704A76E6DFF8A0A1EB1C94F80C90BAF8F9
S2140132C00080DBB22EB930466B4904F0C9F887247A
S2140132D0E7E5F75C2C1D972FE4B22FD025D8812F78
S2140132E071D0952F67D017BBB9F1100F7FF6E7ADF8
S2140132F031194A460AA820F01AF90444E4B22146D4
S2140133004A46304621F08CFA231DDBB2053416F806
S21401331003A0E4B2A9EB04035345054666DA00931D
S21401332038465346534A5549C7E5982F43D03B463E
S2140133300020504A524904F093F8C8E7B9F10A0F41
S2140133407FF6BDAD1FFA89F721463A46304621F091
S21401335067FA05F1080104463A46C9B2304621F03B
S2140133605FFA0AAA01462046FFF736FA08B9454B26
S2140133700A93B9F10C0F12D905F10C013A46C9B2FC
S2140133803046DDF8288021F04EFA044602463E49D2
S214013390002004F065F8AAF8004044440A940A9C08
S2140133A03A492246002004F05BF82046FFF7A4F8CD
S2140133B020F0B5F811E63649002004F051F8032054
S2140133C0FFF7BAFA09E6334C23786BB120F09AF886
S2140133D050B10020304904F043F80023237020F058
S2140133E09EF8FFF74DFBF8E52C49E5E7DFF8A490DA
S2140133F099F8003043B9FFF7D1F88542034607D064
S2140134001C4A27490095E5E520F083F80128F2D10A
S21401341010220D480AA908F007FF10B9BAF13F0FAC
S21401342042D9144A1F49002004F01AF84FE700BF9A
S214013430F5E903004DE903002DEA0300035F0020D0
S21401344062EA0300C0270900D4400020E4400020BF
S214013450F1E40300A3EA030086580020095F002078
S21401346088580020C5EA0300526C0020E4EA0300F5
S2140134700A5F00200AEB03001FEB03004CEC03007D
S2140134802EEC0300E09304005AEB030085EB0300E7
S214013490A4EB0300065F0020C0EB0300FFEB030074
S2140134A088EC0300C4EC03006D4B187099F80030EB
S2140134B04BB120F027F830B1284620F026F8042832
S2140134C007463FF48AAD51462846321920F060F986
S2140134D028B10020634903F0C3FF042070E799F880
S2140134E00030554463B120F00DF848B1FF2FF4D0F9
S2140134F0012F3FF472AD032F16D120F00EF80546CA
S2140135002846FEF7E5FF044602460521564820F008
S21401351035F8564B1B689C420AD3204620F033F9F7
S2140135200520FFF73FFA58E51FF0F5FF8046E7E76D
S2140135304046FEF7E1FF00287FF44FAD51E74C4BC4
S2140135401B7803F0FD03082B01D04A4A29E5A4891C
S21401355035B1F27822B10020474903F081FF2EE70A
S214013560E4B22246F11C0AA81FF0E1FF434BBDF866
S21401357028201988054691420DD04FF6FF718A42E0
S21401358009D03C4A00203E4B3E4903F083FFBDF87C
S21401359028203D4947E7BDF82A20598891420CD09A
S2140135A04FF6FF718A4208D0324A0020374B354920
S2140135B003F070FFBDF82A20EBE70B9A5B689A428E
S2140135C00AD0013208D02B4A2E490020304B03F096
S2140135D061FF0B9A2F4926E7A4B2E91C2246C9B21D
S2140135E0304621F01DF9E91DC9B20746224630468C
S2140135F021F016F9431C014606D10820FEF73CFFD0
S2140136002548FEF779FFE8E4384606AAFFF7E4F80E
S214013610A8B9214B0693214B00221978204B187824
S2140136201FF061FF069C2046FEF766FF224600203B
S2140136301C4903F015FF0920FEF71EFFCDE440F6F6
S214013640B733069A9A42E6D840F6B83200201649B1
S21401365003F006FF40F6B833DCE7812421E400BF1F
S214013660095F0020F7EC03001AED0300E440002098
S2140136700A5F002023ED030038ED0300D44000204C
S214013680BAE803005FED030018DE0300E4E8030078
S2140136907AED030077F5030080EE3600516C0020CA
S2140136A0526C0020B2ED030087ED030008B504203C
S2140136B0FFF742F90020FEF7DFFE0023054A192135
S2140136C01370054A1370054B1878BDE8084020F0C2
S2140136D0C6BA00BF075F0020085F0020526C0020BA
S2140136E010B5164B164C1A78164B002053F82220AC
S2140136F0154903F0B5FE2178144B154A0020002920
S21401370018BF1A46134903F0ABFE23782BB1124BB0
S21401371000201A68114903F0A3FEFEF73FFF044696
S214013720FEF73CFF0E4B19681FF01BFF2246BDE853
S214013730104003460B49002003F092BE0A5F0020AA
S214013740075F002054590400CEED0300A4F40300E3
S21401375085F40300DBED0300D0400020F5ED030007
S214013760E44000200EEE030038B501460446002072
S214013770FFF788FB054698B1E37C00200A4A0B490F
S21401378003F06EFE2379042B0AD02946204621F049
S21401379031F9034620B10020054A064903F060FED0
S2140137A06FF0FF0038BD00BFF8CE030036EE030011
S2140137B06CE7030074E7030010B51346094A127854
S2140137C082420DD163B1084A002014680A460749AF
S2140137D003F046FE2146BDE810400120FFF752BB2C
S2140137E010BD00BF526C00203444002058EE030088
S2140137F010B50D4B1C782CB1BDE8104000200B49CC
S21401380003F02EBE6420FEF763FE4FF6F0716FF0F4
S2140138100F02074B0320C3E9001222462146BDE8EA
S2140138201040FEF7D3BE00BF0A5F002091EE0300F2
S214013830D4400020014B1870704700BF065F00207F
S21401384000210620014AFEF7C1BE00BFC0270900BD
S214013850014B1870704700BF035F0020114B2DE924
S214013860F04107460D4618680F49101A09681FF0FF
S21401387078FEDFF840800D4E98F800400346FF2C96
S214013880307004D0A8420AD32C44A04207DB3A4643
S2140138900020074903F0E4FD337888F800303078DB
S2140138A0BDE8F081EC400020E84000200B5F0020DE
S2140138B0BFEF0300536C002050EA010208D0FF223C
S2140138C0054B091A1A70054B1860054B19607047AD
S2140138D011461046FFF7C2BF536C0020EC40002093
S2140138E0E84000202DE9F04FAFB006AD284600F0C5
S2140138F0FDFD0026624FDFF8D091284600F090F9D2
S214013900044648B900F0BEFD5E490246204603F073
S214013910A7FD2FB0BDE8F08F39460020F2B203F0C4
S2140139209FFD284616A900F0FFFD044620B1564922
S214013930002003F095FD8FE0BDF85820534903F0B1
S2140139408FFD49462046BDF85A2003F089FD2046E2
S214013950BDF85C204E4903F083FD2046BDF85E208D
S2140139604C4903F07DFD2046BDF860204A4903F02E
S21401397077FD2046199A494903F072FD2046BDF8A5
S2140139806820474903F06CFD204646490DF16A025E
S21401399003F066FD44492046239A03F061FDBDF815
S2140139A05C30D90705D520469DF890203F4903F0A5
S2140139B057FDBDF85C309A0714D500203C4903F04A
S2140139C069FDBDF85830B3F5807F4FD1002020F057
S2140139D071FF18B10DF1910003F0C4FC00203549C8
S2140139E003F03EFDBDF85C305B070BD50020BDF84B
S2140139F0B220314903F034FD0020BDF8B4202F4930
S214013A0003F02EFD062228460DF116030AA91FF023
S214013A10D7FD044690BBBDF81620294903F020FDCA
S214013A20DFF8A8A0DFF8A8B00DF12808BDF8161039
S214013A30A2B2914210D9B8F800205146002003F0F6
S214013A400FFD0134D8F804205946002003F008FD84
S214013A50062C08F10808E9D16C46204600F05AFD0C
S214013A6094E80F00013685E80F0046E7012320227F
S214013A7000200DF1910103F057FCAFE7114957E71C
S214013A80D1EF03009EF10300DAEF0300FEEF03001F
S214013A9032F003004BF0030064F003007DF00300F6
S214013AA096F00300AFF00300C4F00300E0F003005B
S214013AB0F9F00300480604000CF1030025F10300A9
S214013AC03EF1030071F1030017F003004FF103000C
S214013AD05FF103002DE9F04188B004AD04462846A5
S214013AE08846002700F002FD6E46474507D195E857
S214013AF00F0084E80F00204608B0BDE8F08130468C
S214013B0000F008FD96E80F0085E80F00284600F053
S214013B1087F801370028E8D1014B0FCBE9E700BF52
S214013B20D45B04001FB5D0E9023253F82230684650
S214013B301978FFF7CFFF684600F07CFD48B10428EE
S214013B4009D1074A0020074903F08AFC05B05DF851
S214013B5004FB054AF6E70020044903F081FCF5E77B
S214013B6040FB0300B9F10300F0F40300C5EA0300CB
S214013B7010B5D0E9023203EB8201496853F82230CE
S214013B8098B00C6804A81978FFF7A4FF03AB40228D
S214013B900093214608AB04A800F0E2FC024628B1D7
S214013BA000200E4903F05CFC18B010BD039808A96C
S214013BB000F007040122C0F3C70003F0FBFB0399E2
S214013BC008A8091B0144064801232246008803F081
S214013BD0ABFB044803F0E4FBE6E700BFC9F10300D2
S214013BE0A458002048060400F0B504460D460B4BC9
S214013BF0EF880FCB84E80F00AB882E899B0741BF67
S214013C00D5F83900D5F83D1004F1080303C3EA6876
S214013C102046278066806260F0BD00BF8C59040094
S214013C20102208B5034908F0FFFA003818BF012032
S214013C3008BD00BFD45B040008B521F056FEC2885B
S214013C40FF219208012A38BF012202481FF046F8D8
S214013C50012008BDFC40002038B5134690B1012074
S214013C60274A1070274A00201160274A13600A4627
S214013C70264903F0F5FB02F043FB254B18700220A2
S214013C8002F044FB21F04CFEE8B91D4D1D4C2B788B
S214013C902BB921F02AFE2268C368134423601A4B0D
S214013CA024681B689C4229D221F01FFEC168204669
S214013CB006F022F8002402462C7050B921F030FE9E
S214013CC0FFF7BAFF03E0FFF7B7FF0028DDD00120BA
S214013CD038BD20460F4903F0C3FB0D4B187802F0A0
S214013CE015FB00200C4903F0BBFB00F091F908B965
S214013CF000F0AEF92046FFF7B7F8E8E70124ECE755
S214013D000D5F0020F4400020F0400020F0F1030099
S214013D100C5F00201CF203003CF2030038B500F0F3
S214013D204BFA044600F042FA241A21F0DEFD05465D
S214013D3018B9B1211B4827F004F8AB8803F0030338
S214013D40032B03D0B221174826F0FBFF00F02EFA12
S214013D5005461FF0A8FC01238340013B2B4203D0FC
S214013D60B421104826F0EDFF1FF09DFC012383408F
S214013D70013B234203D0B5210A4826F0E2FF05F0B5
S214013D8091FD05461FF08FFC4FF48063B3FBF5F3FE
S214013D90C440A34205D2BDE83840BA21014826F006
S214013DA0D0BF38BD52F20300FF2108B504481EF00B
S214013DB0A6FFBDE80840002211461046FFF74CBF9B
S214013DC0FC400020F7B504460E4600F089F805468B
S214013DD021F08BFDC3682B449C4220D31FF063FC6B
S214013DE02C44C440013C114F3B68DEB1A34219D1BB
S214013DF001340023ADF8043000F0E4F9054605F07F
S214013E0051FD103504FB005405F04CFD01A9024696
S214013E10204605F099FD1FF056FC386004E04FF08F
S214013E20FF34E0E7A342E4DB03B0F0BD18680020EE
S214013E304FF0FF320A4B10B51A600022094B1A7078
S214013E4000F0B4F9044600F0B7F921460246012015
S214013E50FFF702FF00280CBF0120042010BD00BFA1
S214013E60186800200E5F002038B500F0D1F808B9B8
S214013E70002038BD094D0A4C2B7823B91FF023FCCE
S214013E80012320602B7024681FF00DFC0134844050
S214013E90EED000F025F82044EBE700BF0E5F0020CF
S214013EA01868002070B50D4C2368002B01DA01203C
S214013EB070BD00F07BF9054621F017FD2468C66841
S214013EC01FF0F1FB013404FA00F1294401208A199C
S214013ED0FFF7C2FE0028EAD00420E9E718680020B0
S214013EE0024B18680C301FF01EBC00BF1C68002077
S214013EF0FF2307B50021044A04480093FBF78AFC18
S214013F0003B05DF804FB00BFA93D0100FC400020A2
S214013F100E4B70B51C680546036804F582641C44A4
S214013F200E46FFF7DDFF2B68834208D232681A443B
S214013F30824208D9C31A012033602C6070BD044A3E
S214013F40126813441C1A0020F7E700BF1C68002003
S214013F50F84000202DE9F04FB3F5803F87B00F46BB
S214013F609846019003D3002007B0BDE8F08F03A95F
S214013F7004A8CDE90332FFF7CBFF0024824600F107
S214013F800109DFF888B05FFA89F9019BDDE903567C
S214013F90AAB27BB13046109921F0AEFC0028E2D1DE
S214013FA0B9F1020F2BD1DBF800300493019B03BB60
S214013FB02F4421E03946304605F0C6FC0028D2D110
S214013FC0BAF1000FECD0002CEDD105F06BFC2E44BD
S214013FD0B6FBF0F303FB10600028E4D005F062FCAA
S214013FE005A902463046059405F0AEFC0028DAD055
S214013FF0B9E7109B2B441093A8EB05050395631CAA
S2140140004B454FF00104C0D32046ADE7F8400020F1
S2140140107FB56B460C4A1068516803C390680C2242
S21401402018600A4B0DEB0201186821F065FC0C22A2
S21401403068460DEB020108F0F7F8B0FA80F0400987
S21401404007B05DF804FB00BF9C5904001C68002003
S2140140501FB5084A01AB1068516803C3906801A9EF
S2140140601860054B0C22186805F06EFC05B05DF86B
S21401407004FB00BF9C5904001C680020F7B50446E9
S21401408015460E4681B9072A03D80024204603B0F8
S214014090F0BD0D4B80791968E379063000EB0320FB
S2140140A00C3180B21FF049FB002721462B463246D1
S2140140B038460097FFF74EFF04460028E5D03946FC
S2140140C07019FFF77FFEE1E71C680020024B1868B5
S2140140D0A0F50060704700BF2868002010B58AB0C0
S2140140E0684606F015F810F0FF0027D1009BFBB1DB
S2140140F0174C01A9206005F083FF10F0FF001DD1C9
S2140141002268009B9A4204D34FF4DD71114826F0D1
S21401411018FE019B104A11491360029A13440B6062
S2140141200F49A3F500630A600E4A1360009B63B94A
S21401413040F2CF11074826F004FE06E0044A034683
S21401414012680020084903F08BF90AB010BD00BFC1
S2140141502068002005F30300F840002024680020B2
S214014160286800201C680020ADF3030008B5FFF79F
S214014170B5FF21F0BAFB50B121F0B7FB064B02693F
S2140141801B689A4203D2B321044826F0DAFDFFF7F2
S214014190C5FD012008BD00BF2868002005F3030007
S2140141A0014B1868704700BF20680020014B186853
S2140141B0704700BFF8400020014B1868704700BFE9
S2140141C024680020014B1868704700BF1C68002057
S2140141D010B5FFF749FE04462849002003F040F9D0
S2140141E00020274903F03CF90020264903F038F95E
S2140141F00020254903F034F9244B00201A6824498D
S21401420003F02EF922462349002003F029F9FFF78F
S21401421067FE21490246002003F022F91F4B0020C9
S2140142201A681F4903F01CF91E4B1F4C1A68002020
S2140142301E4903F015F9226800201D4903F010F904
S2140142404FF4806200201B4903F00AF9226800201F
S2140142501949103203F004F92268002017490C327C
S21401426003F0FEF822680020154902F5826203F089
S214014270F7F8BDE8104005F049BA00BF2CF403007A
S21401428069F4030088F40300A8F403002068002002
S214014290D3F40300F2F4030015F50300F840002000
S2140142A038F50300246800201C6800205BF5030035
S2140142B07EF50300A1F50300C4F50300E7F503004E
S2140142C00AF603002DE9F04194B004460D4600209D
S2140142D0482102AA1FF042FA18B9534903F0C0F860
S2140142E019E060220021204607F052FC04224F49C3
S2140142F002A807F099FF90B16DB19DF80B30002030
S21401430001939DF80A309DF80820009348499DF8CE
S214014310093003F0A5F8012014B0BDE8F081BDF81E
S2140143200C20B2F5807F228003D0424903F098F832
S214014330F1E7BDF81420BDF80E102281DDF8162035
S2140143406180E2600499BDF81A206160228284F8D7
S214014350320007AD04F112020FAE2B4603CBB34277
S214014360106051601D4602F10802F6D10F9B324AD9
S21401437063631360314B10221846002107F008FCD6
S214014380E288A388028022894280E26842600BB9F3
S2140143900020C1E700263546A388D90709D536B1DE
S2140143A005F150026A4412F8482C84F83820013589
S2140143B0EDB29A0714D520881FF0E6F807466EB1CD
S2140143C002AB03EB05080246414604F1390007F04B
S2140143D06FFD3A4641461A4807F06AFD2F44FDB282
S2140143E0A3885B070DD556B105F150036B4433F82E
S2140143F0482C33F8463CA4F85A20A4F85C3004351F
S214014400EDB2002EC4D1482D02D930460D4965E7DC
S2140144102946382002AA1FF0A1F908B90A495DE722
S21401442038250126B8E700BF2DF60300A859040079
S2140144305FF6030095F603001C4100202041002092
S21401444028410020B0F6030000F7030030B50B4CFE
S21401445099B025786DB9FFF789FE68B12946684697
S214014460FFF730FFB0FA80F0054B400918700123C2
S2140144702370002019B030BD0120FBE70F5F00203C
S214014480105F0020014B1878704700BF105F0020B6
S21401449070B51E46134B044618881D46884298B0D0
S2140144A002D15B88934206D00F4B0FCB84E80F00F6
S2140144B0204618B070BD96B100216846FFF702FF8E
S2140144C00028F1D1BDF804305B0708D53388BDF864
S2140144D05A209A42E8D8BDF85C209A42E4D395E87F
S2140144E00F00E3E720410020D45B0400064B10B523
S2140144F01B7804462BB9054B0FCB84E80F002046EA
S21401450010BD034BF8E700BF105F0020D45B04002A
S2140145102041002010B50446024B0FCB84E80F0063
S214014520204610BDD45B04000B4B10B51B78044627
S21401453008467BB10021FFF7C5FE48B91022214687
S214014540064807F071FE003818BF0120C0B210BD42
S2140145500120FBE70120FAE7105F00202041002040
S2140145602DE9F0410E4690460E4910221F4607F0EF
S2140145705BFE044670B90C4B3A461D683046AD1BCF
S214014580454528BF454629461FF0E8F828B907499A
S21401459002F066FF0120BDE8F081069B20461D6003
S2140145A0F9E700BF204100201C41002000F703006E
S2140145B00022024B1A70FFF73BBC00BF105F0020C1
S2140145C02DE9F0419CB00F4616468046FFF74CFC9D
S2140145D0054602461549002002F042FF382D20D933
S2140145E0012104A8FFF76EFE0446D0B9119B04A969
S2140145F03B606F463846FFF7F7FA97E80F0086E804
S2140146000F00119BAB4297BF01210324084AC8F84B
S214014610003094BF1170C8F8005020461CB0BDE8A9
S214014620F0810022024B01241A70F6E732F70300EC
S214014630105F002070B5084D00262B7853B1FFF7A8
S214014640F7FB04461022002104482E7007F0A0FA5A
S214014650204670BD3446F5E7105F0020204100205B
S21401466008B50020064902F0FBFE064B00201A782A
S214014670054902F0F5FEBDE80840FFF7A9BD00BFF9
S21401468051F70300105F00207BF70300034601206B
S214014690024AC3E9032000221A7070470100FEFF98
S2140146A02DE9F0410024264E264FDFF8A88088B079
S2140146B000F0D4F9A5B2854202D308B0BDE8F08176
S2140146C0284603A91FF080F8A2B23146002002F066
S2140146D0E1FE9DF80D2012B39DF81210BDF81030C2
S2140146E0402914BF6E2179210020CDE900313946D9
S2140146F0BDF80E3002F0CEFEBDF814201AB100202F
S214014700114902F0C7FE9DF80C00BDF8182070B9DB
S214014710079B0E490093BDF81A3002F0BBFE00203D
S2140147200B4902F09DFE013426F018FBC0E7BDF8E8
S2140147301C304146009300209DF81A30EDE700BF7B
S21401474094F703009AF70300BDF70300C7F70300C9
S21401475048060400EEF7030010B500F0ABFABDE81A
S21401476010400346024A0020024902F079BE00BF0B
S21401477016F803004DC00300D0E9023253F8223088
S21401478010B5188800F086FABDE810400346024AC4
S2140147900020024902F064BE1CF803004DC003006D
S2140147A010B5D0E90232002486B08DF8044053F8E3
S2140147B0221003EB8203097801A88DF805105A68C8
S2140147C01288ADF806209A681288ADF80820DA68D3
S2140147D01278ADF80C40A24214BF402280228DF818
S2140147E00A201A691288ADF810205A699B69128846
S2140147F0ADF812201B68059300F0D0FB034A034670
S2140148000349204602F02CFE06B010BDB8D60300C0
S2140148104DC0030038B50024064D26F08BFA45F846
S21401482024000634C02CF8D10020BDE838400249E7
S21401483002F016BEF010002023F8030030B5002069
S21401484087B0204902F00CFE00201F4902F008FE46
S21401485000201E4902F004FE26F06CFA00240546EC
S214014860A0B201A901341EF0AFFF202CF8D126F02A
S21401487061FA1749421B002002F0F2FD154900209B
S21401488002F0EEFD26F056FA0446012000F09EF8EE
S21401489026F050FA0E49021B002002F0E1FD0E49F7
S2140148A0002002F0DDFD26F045FA04461EF07DFFED
S2140148B026F040FA021B0020054907B0BDE830404B
S2140148C002F0CEBD4FF803007EF80300AEF80300F9
S2140148D0CBF80300DAF80300F4F8030010B50C4631
S2140148E003F022FD08B9032C12D101F0FFF80428C9
S2140148F00ED001F0FBF805280AD0064802F060FC4D
S2140149001C2801D11FF0FEFEBDE8104002F068BC75
S21401491010BD00BFB53703002DE9F04F00274FF05B
S214014920FF36DFF8A4B0264C87B0BBF80030B8B22B
S214014930834209D8731C3BD03246FF21214807B079
S214014940BDE8F04F1EF0CAB901A91EF03DFF9DF863
S214014950050001F001FFF8B19DF80480B8F1000FE1
S2140149601AD1BDF810A0BDF8129026F0E3F918216F
S2140149700246BBB24B43E018E158007C4FF47A7311
S214014980A2EB010C50B103FB0AF363450ED30B44B3
S214014990981A864228BF06460137C6E74D466B433E
S2140149A0FAD06345F5D31944881AF2E74046F0E792
S2140149B0FF21044807B0BDE8F04F1EF0A0B900BFC4
S2140149C0F0100020304100208A5800202DE9F041E7
S2140149D0014688B058B1022810D01EF00FFF78B3F8
S2140149E0D221194808B0BDE8F04126F0AAB9FF2344
S2140149F0164A17480093FAF70DFFEEE700244FF02A
S214014A0001082746134EA5B2284603A98DF80D7056
S214014A101EF0DAFE9DF80D0068B101F09DFE20B192
S214014A209DF80C300BB986F810800134202C06F165
S214014A301806E8D12546084B1D80FFF76DFFCCE729
S214014A4008B0BDE8F08100BF14F90300814D0100F4
S214014A5030410020F01000208A580020014B1888B1
S214014A60704700BF8A5800202DE9F04F634A077D42
S214014A7089B004466249002002F00CFD00201FF0B8
S214014A8019FF20B12368218A588803F09BFC002077
S214014A905C4902F0E5FC637DDFF87491002B236826
S214014AA008BF08205988574B18BF00200093228A58
S214014AB04FF0090314BF4FF080084FF0400802F092
S214014AC02FFBA289BB1C93420CDB1FF08DFF034614
S214014AD020B100204C4A4D4902F0C2FC012009B029
S214014AE0BDE8F08FA068791C89B2C55D1FF09BFEFA
S214014AF00337012D0646BFB213D8236832465988BC
S214014B005879238A009343461FF0D7FA8246002835
S214014B103ED1862002F0CCFB284602F0C9FB304687
S214014B2068E08520F6E703A91EF04EFE9DF80C30DE
S214014B30AB4223D123689DF80D105A7991421DD1BD
S214014B40BDF80E105A88914218D1BDF81020B24215
S214014B5014D19DF81220424510D1BDF81410228AB6
S214014B6091420BD1002D38D0BDF81810E288914241
S214014B7004D19DF81A201B799A422ED00BF1010B15
S214014B80B9F800305FFA8BF08342CCD88B20C1E7AE
S214014B904FF0000BF4E79AF8020002F089FBBDF82B
S214014BA018001FF003FEBDF81A001FF0FFFD9AF86B
S214014BB0020003F027FE002883D19AF8020001F0D4
S214014BC09DFC0546079E002D3FF47BAFF0B2013DEC
S214014BD002F06EFB360AEDB2F5E7002002F068FB44
S214014BE0284602F065FB30461FF0E0FD012DD2D1CC
S214014BF0BDF81C001FF0DAFD63E700BFA3F9030050
S214014C0075ED030048060400B0F90300CDF9030072
S214014C108A5800202DE9F04391B0694680461EF07F
S214014C20D3FD0023194F8DF801303888431E98B202
S214014C308045388009D1694640461EF0CDFD68465C
S214014C401EF0B1FD11B0BDE8F0834FF0180905A9BB
S214014C501EF0BAFD0E4C3E880AAD09FB06460FCE85
S214014C600FC596E8030009FB084485E803000AAE71
S214014C70404605A91EF0B0FD0FCE0FC495E803000F
S214014C8084E8030069463888D7E700BF8A580020C1
S214014C90F010002008B5064B1B88834205D9FFF7A4
S214014CA0B9FFFFF739FE002008BD2720FCE700BF4B
S214014CB08A58002038B5074D2C882CB9FF210648A4
S214014CC01EF01DF8204638BD601E80B2FFF7A2FF19
S214014CD0F2E700BF8A580020304100202DE9F34753
S214014CE09A4618239DF82890244FCDE9001203FB1D
S214014CF009731446D3E902231FF055FF06462046E2
S214014D000D4603F07FFD04F0FD03382B80460FD1DE
S214014D10009432462B460021DAF810001EF07FFD83
S214014D20B8F1010F1BD135431ED102B0BDE8F087A3
S214014D30392CDAF810300BD107EE906A07EE103AEC
S214014D40F4EEC77AF1EE10FAACBF01200020E7E7D7
S214014D509E4275F100032CBF01200020E0E7B8F168
S214014D60000FE2D10028E0D0182303FB09770123C6
S214014D703B7402B0BDE8F047FFF7CEBDF01000204F
S214014D802DE9F04F00252E46A846AA462C46DFF808
S214014D90BC91D1B0694BA8B21B88834209D81CB11B
S214014DA061882079FFF79AFDFFF7B6FD51B0BDE89F
S214014DB0F08F0BA91EF008FD25F0BCFF1823AFB23B
S214014DC07B4309EB030B59F8033005909DF82D0042
S214014DD0049301F0C1FC002800F0AE809DF82C1071
S214014DE0002940F0A980DDE90432D01A4FF47A7226
S214014DF0BDF838305343834200F29E809BF8103052
S214014E0043B9BDF83A30002B00F0968053438342F5
S214014E1000F29280FD230022CDE9013210AB00930F
S214014E200DF119020DF11A03E9B20BA8EFF750FACA
S214014E30002877D1BDF81A30DA1C0493D2B214B325
S214014E403F4B9DF82D101B8813442279914214D1B3
S214014E50BDF82E10628891420FD19DF83220B8EB32
S214014E60D21F0AD1BDF83420524506D1B3424DDDDA
S214014E700020344902F0F4FA01E0B342F8DC61881C
S214014E802079FFF72BFD02F0E7F904469DF9320081
S214014E902D4BC043C00F0093BDF834200A23BDF844
S214014EA02E10C0009DF8328002F03AF99DF82D30A0
S214014EB04FF0000B23714FF48A53FF26BDF834A040
S214014EC04FEAD818E38007A95FFA8BF020F00FF8B5
S214014ED0C0B2B0B99DF81D109DF82D20914210D199
S214014EE0BDF81E10BDF82E2091420AD122469DF82B
S214014EF029109DF81C001FF080FDB04228BF3046E7
S214014F00C6B20BF1010BBBF1200FDCD1BDF83000AE
S214014F101FF04CFC9DF8190002F0CAF9049910A87C
S214014F2002F0DAF9182300225F4309EB07031A742B
S214014F3025F000FF49F8070001352BE78A580020C5
S214014F40945800208CFA030048060400F010002054
S214014F5070B500240126104D8AB02B88A0B283427A
S214014F6004D80AB0BDE87040FFF7D6BC05A91EF00C
S214014F702BFC9DF8150001F0EFFB50B19DF81430A5
S214014F803BB91A46CDE901360093E1B205A8EFF721
S214014F909FF90134E1E700BF8A5800202DE9F0436C
S214014FA00389DFF858818BB0B8F800900093044667
S214014FB083798288418840781FF07FF8002800F0C6
S214014FC09580E78927B1A389BB4200F2918000272B
S214014FD0B8F80030BDB2AB4214D84D4601264FF6A4
S214014FE0FF73E2899A4226D146B9B8F80030AB423F
S214014FF002D92846FFF70EFEFFF78EFC00200BB005
S214015000BDE8F083284605A91EF0DEFB9DF81430A6
S2140150107BB92268059B5340FF2B0AD86368069E1E
S2140150205E4036F07F4604D1BDF81C2023899A42A3
S214015030D5D00137CCE7E2689A422BD0002E53D167
S214015040D4E90323CDE9082305A81EF0ACFB00280C
S214015050D5D1B8F80030AB4204BF6B1CA8F80030BD
S21401506025F068FE18236B43234AE9B2D050D418C2
S214015070002305A81A46CDE901330093EFF728F976
S21401508018B100220023C4E90223284605A91EF010
S214015090A3FBB1E7234605AA04F1100C17461868CE
S2140150A05968083303C763453A46F7D1186838602C
S2140150B005A81EF07BFB0028C0D01F2D1AD80023A0
S2140150C08DF8143063788DF815306388ADF8163096
S2140150D0A388ADF81830A3798DF81A302389ADF876
S2140150E01C300028B0D1ABE70020E6E7862086E733
S2140150F0872084E7892082E7F01000208A58002064
S2140151002DE9F04FB04A90F814908DB00446AF499F
S214015110002002F0BFF900201FF0CCFB20B123686D
S214015120218A588803F04EF90020A94902F098F91F
S214015130637DDFF8B8A2002B14BF802340230293BF
S214015140236808BF08205988A14B18BF0020009388
S214015150228A072301F0E4FF00230393A28909F1C1
S2140151600305954211DB039B13B9184602F0A0F81C
S2140151701FF03AFC034620B10020964A964902F0F9
S2140151806FF901200DB0BDE8F08FA06809F10101AB
S21401519089B210F809601FF046FB32468046034686
S2140151A08E490020ADB202F05BF98EB1012E00F0FF
S2140151B08A808527384602F07BF8304602F078F878
S2140151C040461FF0F3FA852FD2D00123039376E0F1
S2140151D0A06809F10401A28989B2475D1FF023FB8B
S2140151E009F10601A289049089B2A0681FF01BFB91
S2140151F03A4605900090049B3046794902F030F912
S21401520009F1080938461FFA89F503F0FBFA002868
S21401521057D1384601F072F9294603468146A289DC
S214015220A0681FF0F1FA6F498346304602F032F962
S214015230A1684A4629443346304602F075F830469E
S214015240634902F00DF9A9441FFA89F5236842461D
S21401525059885879238A0093029B1EF02EFF18B1B5
S2140152608378BB4240F0AC80483FFFB2092F05D897
S21401527040F21133FB40DB0700F1A48000238DF8D8
S2140152801C30236807A85A798DF81D205B88ADF875
S2140152902080ADF81E30029BCDF82CB08DF8223060
S2140152A0238AADF82430049BADF82830059BADF871
S2140152B02A30FFF773FE074600287FF47BAFA94626
S2140152C04CE7B346C2E72946A289A0681FF0ABFAAD
S2140152D04FF0000B024607464349002002F0C0F893
S2140152E009F10509BAF800301FFA89F5BAF8002065
S2140152F01FFA8BF94A4503D81F2B31D9892759E75D
S214015300484607A904931EF05FFA9DF81C20049BEB
S214015310012A22D122689DF81D00517988421CD1AC
S214015320BDF81E005188884217D1BDF820104145AE
S21401533013D19DF82210029881420ED1BDF82400A7
S214015340218A884209D1BDF82800E188884204D123
S2140153509DF82A10127991421BD00BF1010BC5E77B
S214015360012299468DF81C20226851798DF81D106E
S2140153705188ADF82080ADF81E1002998DF82210E4
S214015380218AADF82410E188ADF8281012798DF83D
S2140153902A2007A8ADF82C701EF005FA074600284B
S2140153A07FF408AFBAF800304846994508BF09F1BE
S2140153B0010307A908BFAAF800301EF00DFA7EE720
S2140153C08D27F7E68C27F5E6B7FA030075ED03009F
S2140153D04806040018FB0300CDF90300BFFA0300DA
S2140153E0DCFA0300FDFA030008FB03008A580020DC
S2140153F02DE9F04F074688469146002589B09A4622
S214015400BDF848B09DF84C60149C224B1A88A8B28F
S214015410824235D903A91EF0D7F99DF80C201D4B01
S214015420B2BB9DF80D10B94232D1BDF80E10414500
S2140154302ED1BDF8101049452AD19DF812105145BC
S21401544026D1BDF81410594522D13046029201F0FA
S21401545055F8A6F14103012B01460AD820461FF054
S214015460E8F90D4B0D4A204484420CD104210293E5
S21401547002ACEDB232462046009503ABFFF72EFC98
S21401548009B0BDE8F08F14F8011F4B405343EBE71A
S2140154900135BBE78A580020C59D1C819301000198
S2140154A01FB50F4C2478C4B142EA03229DF8183088
S2140154B08DF8051042EA43220A4BADF80C201A7803
S2140154C0094B8DF80610079903EB021300908DF82F
S2140154D00400DB6868460291984704B010BD00BF1F
S2140154E0115F0020135F00205041002073B51A4D54
S2140154F0FF211A481DF003FC2B7853B3184C194EA4
S2140155002378180106EB03131A7A5968305C1FF0EA
S21401551072FD4D281DD0E0B1012300212278CDE98E
S21401552000311201B25CC0B2FFF7BAFF0A2223783B
S2140155300A480133DBB2B3FBF2F102FB1133FF2160
S21401554023702B78013B2B7002B0BDE870401DF034
S214015550CEBB02B070BD00BF115F0020F04100203D
S214015560135F002050410020F8B5104F3E780A2EF8
S2140155701AD00FC8DFF840C00D4D9CF80040013628
S21401558005EB041585E80F000A230134E4B2B4FBE9
S214015590F3F203FB12440748FF218CF800403E70EB
S2140155A01DF0A5FB0020F8BD0120FCE7115F0020DF
S2140155B050410020F0410020125F00200021024AE5
S2140155C00248FAF75DB900BFED540100F041002032
S2140155D0002337B50C46124D12492A78CDE900331F
S2140155E012018A5C01230146E0B2FFF759FFA4B914
S2140155F00D490A788AB10A202B78013A0133DBB2C9
S214015600B3FBF0F40A70FF2100FB143307482B703C
S21401561003B0BDE830401DF06ABB03B030BD00BF2B
S214015620135F002050410020115F0020F041002050
S21401563008B500F0BDF850B1054B064A06490528E5
S21401564008BF1A46BDE80840002001F009BF08BDA2
S2140156502CFB0300480604004DFB030008B503209D
S2140156601FF0E3FC10B90122014B1A7008BD00BF00
S214015670145F00200022024B18781A70704700BF92
S214015680145F00200246FF2101481DF027BB00BF22
S21401569010420020114B37B51D78C5B9FF211048BF
S2140156A01DF02DFBFFF7DAFF044600900D4B284650
S2140156B00D4A0E4901F0D4FE4CB10D4B1B78DB06AA
S2140156C005D528461FF08BFC20461DF0DDFE094B54
S2140156D0186803B0BDE83040FFF7D4BF145F002060
S2140156E0104200206AFB030098FB030057D3030017
S2140156F0025F00202C680020FF2101481DF0FFBA40
S2140157001042002070B51A4E054633780C466BB32E
S2140157100020184A184901F0BDFE032C01D0652C63
S21401572020D11649002001F0B5FE2246002014497A
S21401573001F096FE0020134901F0ACFE0123294634
S2140157400822002001F0F0FD00200F4901F088FE3C
S214015750032C88BF0023204688BF3370BDE8704005
S214015760FCF7BEB8012CE0D00849DBE770BD00BFEE
S214015770145F002098FB030041D70300ABFB030036
S214015780F8DD0300C9FB030048060400C1FB030063
S214015790014B1860704700BF2C6800200021024AA8
S2140157A00248FAF76DB800BF955601001042002076
S2140157B0054B10B51C782CB90448FF211DF097FA4B
S2140157C0204610BD0520FCE7145F00201042002093
S2140157D0F8B50024074B084E1D68084FE3B29D42FA
S2140157E004F1010400D8F8BD394656F823001CF030
S2140157F03DFCF3E7AC770400B0770400F8680020BE
S21401580010B5044C23780BB11FF0FFFB0123237066
S21401581010BD00BF546C00202DE9F743254B0D4603
S21401582016460446019350B14AB1042301AA12F860
S214015830011BA94235D0013B13F0FF03F7D121200C
S21401584003B0BDE8F08317F8010F90FAA0F0000E40
S2140158501CF048FE014608EB07039945F3DCCAB283
S214015860C1F30F2392FAA2F293FAA3F3120E1B0EC0
S21401587003EB0223DB43621912F8020C99B2DBB286
S21401588098420CD112F8013CB3EB112F07D13246E6
S2140158902146284603B0BDE8F0431FF01EBB232077
S2140158A0CEE74FF6FF71671EA5F10209C4F10108A4
S2140158B0D1E700BF080A0E12014B1870704700BFEF
S2140158C0155F0020024B1A6818608260704700BF9F
S2140158D030680020024B186800B14068704700BF6E
S2140158E03068002070B5044600250A4B1B687BB162
S2140158F000211E8807E05A6802EB0110013145B904
S214015900021B554255418AB29642F4D89B68EEE78F
S214015910184670BD306800202DE9F04F1E46002362
S21401592093B0022E074688461446DDF870909DF81F
S21401593074A0ADF81A3040F2C08099F800305A07CA
S21401594029D5042E40F2B98099F804B000255F4BA2
S21401595033F83520002A00F0B68001350A2DF7D13C
S214015960209B002B40F0AD80FF250023207908AA5C
S2140159700DF119018DF819301EF0E9FE70B1BDF870
S2140159802C309DF8190023801EF063FF0790C0B1EC
S21401599013B0BDE8F08F99F802B0D7E720791EF072
S2140159A007FC0B28059000F28A8020791EF062FF22
S2140159B007900028ECD1464A059B02EB03135B884F
S2140159C023804FF6FF73002F08BF434662880021ED
S2140159D0CDE9002358465246238802F0FDFD18B152
S2140159E0E38843F02003E380209B07A90DA8CDE9B7
S2140159F00D34CDF83C90ADF84080ADF842608DF89E
S214015A0044708DF845A01EF0B5FE08B10798BFE7B3
S214015A10484602F025FDA01D02F010FD2246414633
S214015A2038461EF0EAFFB04227D3E3882246C3F386
S214015A300E03E3809DF87C3041460393BDF8783031
S214015A40384602930DF11A03CDE90093F3B21EF026
S214015A5022F9209B079003B3F8B9BDF81A2042B18A
S214015A60092D06D81B4B03EBC5018A80209A43F803
S214015A7035201120FAF7CCFB1CE0BAF1000F0AD151
S214015A800DF11A03CDE9006322464B4641463846DE
S214015A90FAF7D2FFDDE73820DBE7052807D1E388F0
S214015AA0DB0607D5002301200793FFF705FF079BB9
S214015AB0002BDED01EF0D2FEA8E7012068E72120E9
S214015AC066E71C2064E7EDB24FE700BF38420020CE
S214015AD0A4420020344200204FF6FF72024B1A8087
S214015AE05A809A80704700BF8C58002010B5044C2D
S214015AF02379FF2B02D11FF0B6FA2071207910BD51
S214015B008C58002010B50C4C2379FF2B08D10020AF
S214015B101EF09FFE20B91FF0A6FA20711EF09EFE11
S214015B202079022805D00438012894BF00200120DE
S214015B3010BD0020FCE700BF8C5800204FF6FF7315
S214015B4010B5044C22889A4202D11FF082FA2080B6
S214015B50208810BD8C58002010B5FFF7BDFF40F619
S214015B601D439842044607D8B0F5416F05D2182860
S214015B7026D8152848D829D010BDA0F541630D2B8D
S214015B80FAD801A252F823F0CD5B0100CD5B0100EB
S214015B90795B0100795B0100795B0100795B0100AB
S214015BA0795B0100795B01001D5C01002F5C01003F
S214015BB0C95B0100C95B0100C95B0100C95B01004B
S214015BC040F606439842D7D11C4920E0FFF7B6FFBE
S214015BD01B490246002001F043FC152C05D11FF09D
S214015BE022FABDE810401EF0CEBD164B164A1749E4
S214015BF0B4F5416F08BF1A46002001F031FC1EF0D3
S214015C00C1FD1EF0C0FDECE71628DDD110490020CD
S214015C1001F026FCBDE810401EF0D7BE1EF022F9AA
S214015C20BDE8104002460B49002001F019BC0020D7
S214015C30BDE81040084901F013BC00BF280304006A
S214015C40D502040048060400D0020400F102040054
S214015C50110304003D0304006503040007B5094A67
S214015C600346108831B9084A084903B05DF804EBC9
S214015C7001F010BC0091064A064901F00BFC03B086
S214015C805DF804FBA458002054CE030085030400ED
S214015C90F8CE030057D303000D4B37B51B680446F7
S214015CA093B11D780389012D08BF02250093C37A9D
S214015CB0084A0020084901F0D3FB2146284603B0D4
S214015CC0BDE830401FF087B9022003B030BD00BFE9
S214015CD070430020FA030400A9030400002010B555
S214015CE01EF0B7FD0D4B1B6863B15A78052A03D821
S214015CF062B1052402220AE0FF2AFAD000200849F0
S214015D0001F0AEFBBDE810401EF0A8BD14461046DB
S214015D101FF0BDF920461FF0B8F9F3E770430020E5
S214015D20FF03040013B5134C00201EF092FDFFF78D
S214015D30D3FE23689BB101A81EF087F878B92368C3
S214015D401A789DF804309A4209D0D91E032906D93B
S214015D50D11E012903D9012A07D1022B05D103231C
S214015D6001A8ADF804301FF03CF902B0BDE81040C0
S214015D701EF074BD7043002000231946034A013308
S214015D800A2B918042F8081BF9D170473442002053
S214015D907FB50E4605461FF026F92A4604460346F9
S214015DA00D49002001F05CFB96B10C4B36211A8898
S214015DB09B78ADF80C208DF80E300323002200935B
S214015DC04FF6FC7003AB8DF80D501FF060F80446DB
S214015DD0204604B070BD00BF20040400E45B04004C
S214015DE0FF2810B50C4604D10020044901F038FB09
S214015DF0FE202146BDE81040FFF7CABF3904040063
S214015E00F8B51E460B8807460C461546002B64D18E
S214015E104A88B1F9021000200029B8BF6B783049D2
S214015E2001F01EFB6288132A1DD002F5FF437F3363
S214015E309BB2052B23D8A2F50042013A052A1ED8AB
S214015E40DFE802F0193F1D033C09264A26490020D7
S214015E5001F006FB13E0254A2349002001F01AFB56
S214015E602A792349F3E7022E94BF4FF6FF72B5F85D
S214015E7001202049EBE700201F4901F0F1FA3346E3
S214015E802A46214638461FF0F8FF70B933462A469F
S214015E90214638461FF0F3FF48F2210362889A42F2
S214015EA003D1384669781EF05BFC6388B3F5004F72
S214015EB002D90820FAF7C6F90120F8BD2A790F4958
S214015EC0C5E70F4A0849002001F0E4FA032E94BF03
S214015ED04FF6FF726A880B49B9E70020EDE700BF6D
S214015EE0740404009C040400A3040400B404040025
S214015EF0BA040400C8040400E0040400FA04040020
S214015F001C050400210504002DE9F04116888AB01D
S214015F10DFF88C80ADF80E300DF10E03C8F80020C6
S214015F2015460093324610AB07460C46FAF716FEA6
S214015F3090BB109B8DF824000693BDF80E3004A884
S214015F40ADF81C30AB898DF81070ADF820306B8938
S214015F500594ADF81E60ADF822301EF009FCD8B9E4
S214015F6021463046BDF80E30109A01F0C9FF98B9A7
S214015F7021463046BDF80E30109AFFF741FF58B95A
S214015F80CDE9006039462046BDF80E30109A02F081
S214015F9049FB08B9C8F800000AB0BDE8F08100BFA7
S214015FA030420020F0B585B004AB03E903000023BE
S214015FB01C469DF80D609DF80E70154AD9B202EB8D
S214015FC0C1004568EDB99DF80C30284600939DF850
S214015FD00A209DF80B300F4901F05CFA26B13246D3
S214015FE028460D4901F056FA0C4A0020002C18BF2D
S214015FF02246BDF808300A4905B0BDE8F04001F078
S2140160002FBA12F831100133B94208BF2C46D5E732
S2140160108C5B04003305040044050400C3CD030073
S214016020480504004FF6FF7310B5084C88B0628827
S2140160309A4207D102A90DF107001DF004FFBDF831
S21401604010306380608808B010BD00BF8C580020F7
S2140160502DE9F04F85B0894692461C460746BDF8A5
S2140160603850BDF83C80109E002833D00346464A7F
S2140160700020464901F00EFA2388002B76D040F224
S2140160800912934274D0424A4249B3F5827F08BF4F
S2140160900A46CDF804806188002000913E4901F04F
S2140160A0F9F9238893B1B8F1020F0FD933783B4938
S2140160B013F0010F3A4A18BF0A4659074FF000007D
S2140160C04CBF3379B378374901F0E4F900203649FB
S2140160D001F0C6F90023354931F83320AA4249D1E7
S2140160E0334A52F833B0002331F83300DA00A842BD
S2140160F046D100202E490A44908041F8330047B922
S214016100238833B9B4F90230002B02DB0820FAF7F2
S2140161107FF80120FAF796F89EB13578EB0710D58F
S21401612015F0040004D04246012130461EF07BFBE8
S214016130CDE90170434622465146484600961EF078
S21401614094F8BBF1000F06D0434622465146484616
S214016150CDE90067D8474346224651464846CDE931
S21401616000671DF048FD05B0BDE8F08F114A90E7C5
S214016170114A8EE701330A2BAED14FF0000BB2E77E
S21401618001330A2BB0D1BAE700C503006F0504003E
S214016190C4CD03005D0504007D0504006005040010
S2140161A068050400AE0504004806040038420020D5
S2140161B034420020560504005A0504000D4BF0B584
S2140161C04FF00C0C1F88054600230B4EDCB2BC4278
S2140161D001D30020F0BD0CFB04F43019345DAC4251
S2140161E005D144888C4202D104799442F2D001331D
S2140161F0ECE700BFF46B00204068002073B5012671
S2140162002B4D2C4C2A462046FF2300210096F9F7F9
S21401621001FB2A462046FF2300210096F9F7FAFAE9
S2140162202A462046FF2300210096F9F7F3FA2A466C
S2140162302046FF2300210096F9F7ECFA2A4620466D
S214016240FF2300210096F9F7E5FA2A462046FF23A8
S21401625000210096F9F7DEFA2A462046FF230021A0
S2140162600096F9F7D7FA2A462046FF230021009622
S214016270F9F7D0FA2A462046FF2300210096F9F7BF
S214016280C9FA2A462046FF2300210096F9F7C2FAEA
S2140162902A462046FF2300210096F9F7BBFAFF2382
S2140162A02A46002120460096F9F7B4FA02B070BDDE
S2140162B025350300844200202DE9F84300244FF0E1
S2140162C00C090C4B0C4F1E78DFF830803A88E5B28B
S2140162D0954202D33046BDE8F88309FB0585FF21C8
S2140162E0A8681CF01AFD18B9AB799E4238BF1E4645
S2140162F00134EBE7165F0020F46B002040680020B5
S214016300014B1878704700BF165F0020014B1870CC
S214016310704700BF165F0020F8B506460C461EF013
S21401632014FA0546C8B930461DF042FF0B2815D8A9
S2140163300B4B03EB00131F7B87B95A880121228080
S2140163409A88304662809B79237100F037FA394685
S2140163506071304600F032FAA07101252846F8BD7A
S214016360A442002070B504460E4615461DF020FFD7
S2140163700B2802D94FF6FF7070BD094B03EB0013D3
S2140163801A7B002AF6D146B901222946204600F09A
S2140163903DFA0028EED00088EEE7012EEAD1F4E7B8
S2140163A0A4420020FF2313B50DF1070104468DF822
S2140163B007301EF0C8F918B19DF8070002B010BDED
S2140163C0074B03EB04131B7B0BB1FF20F6E72046BC
S2140163D000F03AF90028F8D0204600F0E9F9EDE798
S2140163E0A442002013B5F6F70BFA0446F6F70EFAA8
S2140163F0224603461249002001F032F800F084FFDD
S214016400FFF7BAFC00F0A6F80221084602F046FDA6
S214016410FFF764FC41F249001EF04BFE4FF0FF13FC
S2140164200093FF2368468DF804301EF028FE4FF4D3
S21401643000401EF006FE00201EF023FE02B010BD36
S214016440FD05040038B505461EF09FF990B92846AB
S2140164501EF04BFD044628B140F60443984214BF93
S21401646088248D2423462A460020034900F0F8FF9D
S214016470204638BD8D24FBE7150604002DE9FF47AD
S21401648005460E4617469846BDF83090DDF834A00E
S214016490BDF83840CDF80090CDE9014AE4B2FFF7E7
S2140164A0D7FD43463A4631462846CDE90094CDF815
S2140164B008A01FF0ABFCFF21034B044A044804B0BC
S2140164C0BDE8F04700F01ABE985800209458002006
S2140164D0EE600020044B01461888102240F0404030
S2140164E040F48010F6F79CBFE2580400024B18688F
S2140164F05968FFF757BD00BF929C04000123064A66
S214016500D15C814202D1054AD05C704702335F2BD1
S214016510F6D10020704700BFE65B0400E75B04008D
S21401652070B500220446094B1D78094BD0B285424E
S21401653001D8FF2070BD1E78A64204D10029F9D0EB
S2140165405E7BF607F6D401321033EFE7175F0020C3
S214016550A44200202DE9F04198B06B46304A1068FD
S214016560516803C390680CAA18602E4B14469C46CB
S21401657003F11806154618685968083303C5B3426F
S2140165802A46F7D112AA1746274B03F118061546D5
S21401659018685968083303C5B3422A46F7D1234A17
S2140165A003AB106851684FF0010E03C39068716821
S2140165B01860DCF83000002206AB03C30C21EC4661
S2140165C0B068CDE909221860194BDFF86C801970A4
S2140165D0184B0DEB01060B9206AD09A91CF8010B31
S2140165E00132187034F8020B0C2A588037F8020B67
S2140165F083F80DE0988016F8010B03F1100303F8F9
S2140166000A0C15F8010B08EBC00043F8080C11F84A
S214016610010B03F8040CE1D118B0BDE8F08100BF0E
S2140166202F060400565F04006E5F04003C0604005B
S214016630175F0020A4420020505C0400014B18782C
S214016640704700BF175F0020034B03EB0013587B16
S21401665000F00100704700BFA4420020F0B50446D8
S2140166600846D9B100220E4B11461F780D4B1D4628
S214016670D6B2B74201D8002010E01E78A64206D056
S2140166809E68F688314489B201321033F0E75E7BAA
S214016690F607F9D505EB02150180A868F0BD00BF25
S2140166A0175F0020A44200202DE9F3478946904653
S2140166B01D46074618B9002002B0BDE8F08700293C
S2140166C0F9D0002AF7D0002BF5D0002400780DF180
S2140166D00601ADF80640FFF7C1FF0028EBD03946AA
S2140166E00DF10602BDF806601DF057FC07460028AE
S2140166F0E1D00DF10602BDF806A01DF075FC0028DC
S214016700D9D0C9F80070C8F80000037913F0200248
S21401671019D1DB0614D4BDF806300C4A564413FAD8
S21401672086F612FA86F20BE01A790C33920642BF0D
S21401673013F8092C891889B29842F5D8044A0A44F4
S21401674001202A60B8E72146024BF5E73A600020AF
S214016750185F0020905E040008B50021FFF7E0FEF8
S214016760FF2817BF044B084603EB0013587B18BFDE
S21401677000F0010008BD00BFA44200202DE9F04151
S2140167800D4616461F461DF013FD0B280AD8074C6A
S2140167903B4604EB001032462946BDE8F0418068CE
S2140167A01DF0D3BC0020BDE8F08100BFA44200204C
S2140167B0014B0001185C7047A442002070B50C46DE
S2140167C01DF0F6FC0B281BD80F4B03EB00139A6841
S2140167D0C2B10023142618461579D9B28D4200D8C5
S2140167E070BD116806FB0311097B34B911F0800FE7
S2140167F01CBF0130C0B20133EFE711F0400FF7E7DD
S2140168000020EDE71046EBE7A4420020F8B50D4660
S21401681016461DF0CDFC0B280BD80F4B4FF0140C71
S21401682003EB00139A6800231C461779D9B28F42EE
S21401683001D80020F8BD10680CFB0300017B46B9A7
S21401684011F0800F03D0AC42F4D00134E4B201332E
S214016850ECE711F0400FF5E7A44200202DE9F04FD8
S214016860064600243A4B87B01B783A4F0093009BAC
S2140168709C4207D2FF2E08D030461DF099FC0B280B
S214016880044606D907B0BDE8F08F07EB04131B7B5F
S2140168902BBB23014FF00008019307EB041A14E009
S2140168A014221B6802FB05352B89B3F5967F01D9A7
S2140168B024F054FA4FF000094FF00C0B29891FFA07
S2140168C089F291420ED808F10108019B5FFA88F51A
S2140168D0FB189B681A79AA42E2D8FF2ED2D101345E
S2140168E0E4B2C4E71FFA89F00BFB00F06B681918D5
S2140168F00A7912F0100F23D19AF800E012F0400F37
S2140169008DF80CE0B5F800E0185AADF80EE00CBFB3
S2140169104FF0400E4FF0800EADF8120028468DF86D
S21401692010E01DF006FB5307ADF81400C8780AD531
S2140169300228896800D90968002203A81DF0D5FB42
S21401694009F10109BAE702288CBF89680831F3E723
S214016950175F0020A4420020052370B5094A068867
S2140169601488B44208D19578047B2C403F2C03D977
S2140169700D4201D0506870BD013B02F10802EFD113
S2140169801846F8E7005F040070B50024074D084E6E
S2140169902B78E0B2834200D870BD06EB0010437B33
S2140169A0DB0701D51DF0E3FC0134F1E7175F00209A
S2140169B0A4420020F8B50C4600210546FFF7B0FDBD
S2140169C0FF2829D0154A060102EB00135B7B03F072
S2140169D001016CB143F001031644A142737305D063
S2140169E0C4B100B202EB00101DF0C1FC0120F8BDDD
S2140169F02346F1E77B4311682846CA18127BC95A19
S214016A00D2091DF020F90134B268E3B21179994236
S214016A10F0D8EBE71427F7E70846E8E7A44200209A
S214016A20F0B59446497D20B339B3012918BF042136
S214016A3000254FF6FF702F462A46144E34886445CB
S214016A4011D196F803E01EEA010F0CD0B4789C42EF
S214016A5009D30AB1BC4206D81EF0100F03D08AB182
S214016A60BC420CD370B90135072D06F10406E5D1F9
S214016A70F0BD002908BF0821D8E70221D8E727463C
S214016A800020F0E727460122FAE700BFE45E040093
S214016A902DE9F04F0A9FBDF824E09DF82C809DF863
S214016AA030904C7D78B394B3012C18BF0424002594
S214016AB0194800F11C0C068896421ED190F803B0C6
S214016AC01BEA040F19D08678464516D31BF0100F23
S214016AD091F80FA004D0BAF1000F0ED0B1F810A0B3
S214016AE0BAF1000F09D1A94513D0AE4511D95E55AB
S214016AF03E88013501363E80ADB204306045DAD1BC
S214016B000120BDE8F08F002C08BF0824CDE7022441
S214016B10CDE70020F5E700BFE45E04002DE9F04F65
S214016B200024B1F57C4F0E4638BF4FF0010BA2464C
S214016B30A1464FF6FF781F4628BF274B85B028BFD2
S214016B40B3F800B0009001925C4503D3404605B00F
S214016B50BDE8F08FB6F57C4F0CD3204B3A4603EBDD
S214016B60840331465B880098FFF708FE054680B32C
S214016B7000232AE03A46314600981DF049FBF5E726
S214016B800C229CB254436A680199105B02EB040C18
S214016B90884219D3B9F1000F01D0504514D8614687
S214016BA02846CDE902321DF0C4F9029B60B1039A72
S214016BB0125BB9F1000F03D0524501D3804503D9CA
S214016BC0924680464FF0010901332A899CB2A242BF
S214016BD0D6D80134A4B2B7E7465C0400485C04008A
S214016BE02DE9F04F91461A4600238BB08DF82020F0
S214016BF0BDF850208DF81C00ADF81E10ADF824200D
S214016C0005460F461A4604A907A8159C9DF8586024
S214016C109DF85CA09DF860B09DF864800493ADF883
S214016C2022901DF00EFA049850B92B46CDE9007952
S214016C30644A654900F014FC86200BB0BDE8F08F6D
S214016C40BAF1000F14D18378B34206D050465D4A9C
S214016C505E4900F005FC8D20EFE7037913F0010390
S214016C6006D11846574A5A4900F0FAFB8820E4E74D
S214016C7003795B072CD583685A689B68059206934F
S214016C8080781DF072FF049B0546DF782146022FAF
S214016C9003463A4610D805A81DF023FF81462B4629
S214016CA03A46214606A81DF01CFFB9F1010F01D096
S214016CB001300DD18720C0E705981DF012FF01288D
S214016CC0F8D02B463A46214606981DF00AFFEFE714
S214016CD0BBF1000F6FD1049F4FF6FF722146B878C3
S214016CE01DF0C5F800286BD0BDF82430C5B200935E
S214016CF0CDE902549DF82030BDF82220BDF81E10C3
S214016D009DF81C0001961DF02FFD002895D1BDF8B9
S214016D102430CDE902540093BDF822209DF820309E
S214016D20BDF81E109DF81C0001961DF0FAFA002809
S214016D3083D121469DF8682007A81DF0D6F90028C2
S214016D407FF47BAFB8F1000F07D03B462046BDF875
S214016D501E209DF81C101DF06BFABDF82430BDF8FE
S214016D602220BDF81E109DF81C000093CDE9016499
S214016D709DF82030FEF73CFBBDF82430BDF82220FC
S214016D80BDF81E109DF81C000093CDE902549DF835
S214016D90203001961DF0E7FCBDF82430BDF8222016
S214016DA00093BDF81E109DF820309DF81C001DF0C4
S214016DB090FA002041E70020064900F051FBF8E771
S214016DC001203AE74906040055060400810604003E
S214016DD095060400A90604007FB500258DF8083045
S214016DE0BDF820308DF80400ADF80610ADF80A2085
S214016DF0ADF80C306946BDF82830099A01A80B9EFB
S214016E0000951DF01EF9044630B916B1009B9B781B
S214016E103370204604B070BD8928FAD1284602494D
S214016E2000F01EFBF5E700BFC60604002DE9F04F93
S214016E304FF0000AC7B0FFF701FC5FFA8AF6B042CE
S214016E4002D847B0BDE8F08F5B4B36019A5D002053
S214016E505A4900F005FB0020594900F001FB0023C8
S214016E600593554B9DF8144033449B681A79A2420A
S214016E7002D80AF1010ADEE714224FF000091B6866
S214016E8002FB043422891FFA89F39A4202D8059B31
S214016E900133E5E70C231FFA89F803FB08F8D4F859
S214016EA004B023F05BFF0BEB08052B79454913F083
S214016EB0400F3BF8083022884FF000000093424B09
S214016EC018BF0B46414900F0E5FA294620461DF059
S214016ED030F8074600283CD13D4900F0DBFA297915
S214016EE0DFF814C111F0010F3A4818BF604611F0DF
S214016EF0020FAA78EB7832D1DFF800C111F0100F3B
S214016F00354918BF6146CDE900010020334900F03C
S214016F10C1FA2B793BF8082013F0400F4FF0000B15
S214016F204FF0FD030DF118082188CDE9023BCDE9AC
S214016F30007821480CBF40238023805DFFF74CFF7B
S214016F4086280ED12649002000F08AFA09F10109A7
S214016F5098E702462349002000F09CFABFE7224941
S214016F60D1E7A8781CF0D5FFD8B140461DF061FCEA
S214016F70421C92B201234146002000F0D5F9394661
S214016F80208801F001FA4FF6FF73984207D0174B9D
S214016F90174903EBC0035A68002000F061FA15494F
S214016FA0D1E7A8781CF0BBFF20B140461DF046FC97
S214016FB0821CDEE7EA78DDE7A44200201807040019
S214016FC026070400F0060400F50604006607040020
S214016FD0A9F80300FD060400000704007A07040070
S214016FE096070400370C040008070400D05F04006D
S214016FF083D7030048060400FA06040010070400BD
S2140170002DE9F04FC7B0BDF844A10646BAF1040F0A
S2140170100D4614461F46BDF840B163D9CDE9013B84
S21401702000920B4602463049002000F019FAFD2373
S2140170300DF117090DF118083046029322463B461A
S2140170402946CDE900B8CDF80C90FFF7C5FE0646F7
S214017050B8B9FD22414699F800001CF008FF074622
S214017060C0B1AAF10403834238BF892620461DF029
S2140170709DFB8EB1304600F01BF9304647B0BDE8A7
S214017080F08F009023462A460020184900F0E8F9C0
S2140170900027EBE78926E9E7DFF85CA0BA1CBAF817
S2140170A00030C3F1FF039A4219DA304600F000F9C6
S2140170B099F8000000F0FCF8BAF800900C483A463F
S2140170C041464844B94404F0F3FEAAF8009023462A
S2140170D02A4630460749009700F0C2F9CDE78920D5
S2140170E000F0E6F88926C8E7A2070400DD070400D9
S2140170F0EE600020040804009458002010B5044CEB
S21401710020600448018004490A60044A136010BDE7
S2140171106C430020925800206843002064430020FE
S21401712030B587B00AAC0D4654F8041B0093CDE980
S214017130011413460949024609480988006805945E
S2140171401DF036FA4FF48A52064B1B681880064B20
S2140171501B685D80DA8007B030BD00BF9258002002
S2140171606C430020684300206443002008B410B537
S21401717087B009AB0C4653F8041B0092CDE9011306
S21401718002460B490B4805930988002300681DF049
S2140171900FFA4FF48A52084B1B681880074B1B687E
S2140171A05C80DA8007B0BDE8104001B0704700BFD0
S2140171B0925800206C43002068430020644300205E
S2140171C0044A034611680448044A0988126800689C
S2140171D01CF0C7BC68430020644300206C430020B9
S2140171E0044B054A1B6812681988044B18681CF082
S2140171F02BBC00BF684300206C4300206443002082
S21401720007B5074B1B681B880192064A1268009255
S214017210054A12681CF079FC03B05DF804FB00BF58
S214017220684300206C430020644300201FB51446C9
S214017230064A12681288CDE901430091044B0549BC
S2140172401B6809681CF03DFC04B010BD68430020B3
S2140172506C43002064430020014B1868704700BF50
S21401726064430020024B1B6818715971704700BFB8
S2140172706443002010B50024084B1C70FEF75EFC2A
S214017280074BFF2218802146064804F081FC064B76
S2140172901C80064B1C605C609C6010BDF861002081
S2140172A096580020EE600020945800209858002040
S2140172B007490B88FE2B9FBF064AD054581C80B244
S2140172C09DBF088000F1FF3080180020704700BF86
S2140172D094580020EE600020F8B5094F0D463B8813
S2140172E05C18FE2C0ADC074E0A46A4B20146F018CA
S2140172F004F0A0FC3C80641BA019F8BD0020FCE74C
S21401730094580020EE600020024B034A00201A60C9
S214017310704700BF704300204C5C0400014B187896
S214017320704700BFA442002030B4044D044C002B2B
S2140173300CBF2B46234630BC1DF0A4BAF0C5030093
S214017340D708040070B5054608460C461DF071FACC
S214017350611C0246024B2846BDE870401DF092BAF9
S214017360F60F040000B5037889B0069343783E22F1
S2140173700593837808490493C378039303790293AA
S2140173804379019383790093C3790448008800F018
S21401739081F809B05DF804FB32080400A458002007
S2140173A0024B02460249188800F05AB8A458002039
S2140173B05CCC03002DE9F04705460E46174600242F
S2140173C0DFF84480DFF844A0DFF84490AC4201D1F6
S2140173D0BDE8F087B8F8000006EBC4015346082262
S2140173E01DF050FA0134B8F800003FB9044AA5422E
S2140173F008BF4A46034900F04DF8E7E74A46F9E771
S214017400480604005BCC0300A4580020D7080400FB
S21401741024B503002DE9F0410E4E044630881DF0D8
S21401742049FAA8B100250C4FDFF83080E3070AD5EA
S21401743018B94146308800F02DF830882A4639467A
S21401744000F028F8002001351B2D4FEA5404EDD139
S214017450BDE8F081A4580020EFF403007A0504008B
S2140174600EB417B505A9044651F8040B019103F0B3
S21401747091FA01210220054AF8F7ECFC044B1C8026
S21401748003B0BDE8104003B0704700BF48060400D3
S214017490A45800200EB417B505A9044651F8040BEC
S2140174A0019103F077FA034B1C8003B0BDE810404E
S2140174B003B07047A458002013B5036804465879F2
S2140174C000F032FF90B923685A88032A0ED0E17C77
S2140174D05B79CDE900211649164AFFF7C1FF012164
S2140174E020461DF087FA012002B010BD637D012BF6
S2140174F00AD0637D33B92368228A598858791CF0EB
S21401750063FE48B9C3200AE02368228A598858795D
S2140175101CF063FE0028ECD020461DF0CDF9064B8A
S2140175201B78002BDFD110F5807FDCD0C1B2D7E706
S2140175305F08040057080400EF610020002970B5B9
S2140175400F491D460F4B14460CBF6E2279220028A8
S21401755008BF0B4600200C49FFF79CFF0B4E254445
S214017560AC4205D1BDE8704000200949FFF778BF5D
S2140175703146002014F8012BFFF78CFFF0E700BF1F
S214017580980804008E080400A1080400D508040029
S2140175902CEC03002DE9F04FC27C8BB00592427DA6
S2140175A00368002A14BF80224022077D04468568AE
S2140175B086895879B846B3F80290069200F0B4FE70
S2140175C0A0B9059B052B05D86FF02D03059A13412D
S2140175D0DB070BD5B9F1030F08D0AB490020FFF745
S2140175E03FFF012120461DF005FA76E0E37B1BB143
S2140175F0228A002A00F0B781607D0022B0FA80F06E
S2140176005B4203F00403DFF88CB2400943EAC00092
S214017610ABF80020FFF74CFEE37B1BB3208A1DF07E
S214017620C5F88246A07CFFF743FE059A162A00F2AB
S2140176309A81DFE812F019009E016C005600D20113
S2140176406C009201D9019A01E001E701EE013901CE
S214017650020298019801980114025802140270025D
S214017660390102029A46DDE700204B46874A8849DF
S214017670FFF7F6FE0120FFF71BFE08F10207B742EF
S21401768029D84146324628461DF0CDF88046236863
S21401769042465879BBF800304946C3F1FF039BB216
S2140176A00193238A0093069B1EF0EAFB10B11FFA92
S2140176B087F8E2E7236842465879BBF80030494626
S2140176C0C3F1FF039BB20193238A0093069BFFF746
S2140176D097FC8928EBD11DF087F901200BB0BDE896
S2140176E0F08F4FF0000B0420FFF7E2FDF31E089326
S2140176F0089B984552D3BBF1000FECD1E37B94F87D
S2140177001480002B0CBF02220422624B1A804FF019
S214017710000B0420FFF7CCFD5F4608F1030A56452F
S21401772040F29D803246414628461DF07CF805EB26
S21401773008039B78F21EAA44A2EB08020790514662
S214017740184692B209931CF092FB0890002879D053
S2140177502268099B5079CDE901A3238A4946009303
S214017760DDE906321CF0B2FE82464A460020079B3F
S2140177704949FFF78FFEBAF1000F55D10BF101030E
S214017780504646495FFA83FBFFF76AFE089B08F1FD
S214017790030813FA88F81FFA88F8BEE7324641460E
S2140177A028461DF040F805EB08039F78089B08F172
S2140177B00301A3EB08022944824692B23846099196
S2140177C01CF055FB079068B323680999587902970E
S2140177D00191238A524600934946069B1CF0C6FE39
S2140177E00746B8B10BF1010338465FFA83FBFFF792
S2140177F05FFD50461CF0DAFF53464A4600202649F4
S214017800FFF72EFE3A4600202549FFF729FE802F76
S2140178103FF471AF079B08F1030813FA88F81FFAC3
S21401782088F865E78027DDE75046FFF741FD0798B2
S2140178301CF0BCFF0137524600201949FFB2FFF782
S2140178400FFEA3E78720FFF733FD07981CF0AEFF76
S2140178500137872212490898FFB2FFF701FE059B00
S214017860052B3FF43AAF002F7FF435AFBBF1000F85
S21401787005D10C495846FFF7F3FD8021B2E638469C
S214017880FFF716FD27E700BFA7BC0300E2080400C8
S2140178902F09040094580020EC0804002F08040067
S2140178A008090400120904000599A84AA84B0020FB
S2140178B0152918BF1346CDF80090A64AA649FFF72A
S2140178C0CFFD059B0C2B14BF16200D20FFF7F0FCF7
S2140178D03246284639461CF0A6FF059B3D440C2B34
S2140178E00646AD7835D1192D28BF1925E37BB3B1EE
S2140178F04FF6FF73278A9F4211D1206832464946C8
S214017900069B4079FFF70AF9B84208D0BAF1000F92
S21401791005D020828AF80000000A8AF801000020BB
S214017920BBF80070FFF7C4FC236832465879059B04
S2140179304946A3F1150CDCF1000343EB0C03CDE93A
S2140179400153238A0093069B1CF034FD834BD855C4
S214017950C1E6132D28BF1325C8E72046FDF7D0FB47
S21401796000287FF4BAAE81213CE62046FDF77CF87C
S214017970F6E7B9F10A0F05EB0708A6EB070A21D1CE
S214017980DFF8DCB19BF80030E3B1E37BD3B9BAF1A1
S214017990080F17D13246394628461CF044FF88B9ED
S2140179A098F8023073B998F80320E22A0AD13246D1
S2140179B0391D284605931CF033FF1DF000F8059B82
S2140179C08BF80030414648461FFA8AF21EF05AFAF2
S2140179D000287FF482AE002104E6F21B484692B2EC
S2140179E0E9191CF0DDFEF3E7F21B484692B2E919ED
S2140179F01CF09AFEECE7F21B484692B2E9191CF01D
S214017A00BFFEE5E7F21B484692B2E9191EF03CFAC2
S214017A10DEE72368EE5D5879238A0137ED5D019331
S214017A20069B3246494600932B461CF002FC2A462A
S214017A30314648461CF07AFE4FE605987A1CE95D09
S214017A40B31AA0F11606704270410039009018BFB3
S214017A50012148469BB22A441CF06AFEB8E7059B02
S214017A60EE5D112B3D446F7838D11220FFF720FCD4
S214017A700025E37BB3B14FF6FF73B4F81080984549
S214017A8010D133464A4621462846FEF7C9FF4045EF
S214017A9008D0BAF1000F05D020828AF80000000A4B
S214017AA08AF80100BBF80080DFF8B0A0C8F1FE023A
S214017AB092B208F10103009253444A4621462846F1
S214017AC0CDE90267CDF804B0FEF7E2FFBBF800305F
S214017AD00AF808000133ABF80030FCE51420FFF784
S214017AE0E7FB0125C5E77B1C9E422CD3EF5D1D44B9
S214017AF0003F18BF0127F31A9EB233462A4639467D
S214017B000020FFF71BFD00962B463A464846218A81
S214017B101CF012FE5CE77B1C9E4214D3EF5DF61A46
S214017B20003F18BF01271D44B6B233462A463946E0
S214017B300120FFF703FD00962B463A464846218A68
S214017B401CF0F8FD44E70020C8E500BF4806040025
S214017B50DD080400230904002D090400EE6000205E
S214017B60ED61002038B54FF6FB750446A9424FF08B
S214017B7001019DF8100098BF43F400432170238152
S214017B806260A07202230020084A0949FFF768FCD8
S214017B90E07A084B40F6CA0203EB4010FF211BF0C7
S214017BA09DF8BDE838400420F8F732BB3D090400D3
S214017BB048090400B443002030B5054685B028B90D
S214017BC01D4905B0BDE83040FFF74ABC0024007BE4
S214017BD01CF03FFE2046194A19492C70FFF740FC5D
S214017BE0184BE87AFF2103EB40101BF088F820467B
S214017BF0154B02019A5C22B901300428F9D1F8F735
S214017C0021FB696899B1B5F908302A899B1303F0FD
S214017C1002038DF80430C2F30E03ADF806304FF6BA
S214017C20FF73ADF80830002301A80393884705B019
S214017C30BDE830401CF012BE730904003D09040083
S214017C40A5090400B44300207443002009480378C2
S214017C5073B91946084AD3720133042B1173117094
S214017C6051601181917202F11002F4D10123037067
S214017C70704700BFEE6100207443002008B5FFF78F
S214017C80E5FF002305491A018A5C01EB03101AB1CE
S214017C900133042BF7D1002008BD00BF7443002038
S214017CA070B50D460646FFF7D1FF0023094800EBE5
S214017CB00514A17AB14205D1217819B12B4400EB04
S214017CC0031070BD0133042B04F11004F1D1002020
S214017CD0F7E700BF7443002010B50446FFF7B6FF70
S214017CE00E4B9C4212D003F12002944210D003F1B5
S214017CF0400294420ED060339C420DD103230848C3
S214017D0000EB0310BDE81040FFF756BF0023F6E76F
S214017D100123F4E70223F2E70020F3E7B44300204F
S214017D207443002070B50024064D074E284632469F
S214017D3000210134F7F7A4FD042C05F12005F5D147
S214017D4070BD00BFB4430020D97C01002DE9F3418A
S214017D5005460C4617469846FFF790FF064640B97B
S214017D601C4A1D49FFF77CFB0224204602B0BDE8F1
S214017D70F0814FF6FB739D420AD94FF6FD739D4283
S214017D8004D00020134A1549FFF76AFB4FF6FD752C
S214017D90434621463A4628461CF0F9FD044600F0C3
S214017DA02FFE804634B1234600200A4A0C49FFF7CD
S214017DB057FBDAE73B462046064A0A49FFF750FBDF
S214017DC0062329463046089ACDF80080FFF7CAFEFA
S214017DD0CBE700BF3D090400B2090400DC0904003A
S214017DE0110A04003A0A0400F7B506460C4617467F
S214017DF0FFF744FF054638B9104A1149FFF730FB33
S214017E000224204603B0F0BD21464FF48A52304684
S214017E101CF085FF044600F0F3FD34B12346002034
S214017E20064A0849FFF71CFBEBE7009004233A4695
S214017E3031462846FFF796FEE3E700BF3D090400FA
S214017E40B2090400620A0400F7B506460F46FFF7BA
S214017E5015FF054638B9104A1049FFF701FB022401
S214017E60204603B0F0BD00224023114630461DF0E7
S214017E701AF904461DF015F934B123460020064AC6
S214017E800749FFF7EDFAEBE7009001233A46314642
S214017E902846FFF767FEE3E73D090400B209040040
S214017EA0950A040073B504460E46FFF7E7FE05463D
S214017EB038B9104A1049FFF7D3FA0224204602B017
S214017EC070BD0022204611461DF0EFF804461DF055
S214017ED0E8F834B123460020064A0849FFF7C0FAFD
S214017EE0ECE70090234632464FF6FC712846FFF732
S214017EF039FEE3E73D090400B2090400C30A0400A1
S214017F002DE9F0418846107800219EB014461D46A2
S214017F10FFF7C6FE0646002800F0FD800778002F12
S214017F207BD0B8F80010002940F0F5800389B8F836
S214017F30022043F40040824240F0ED80617800293F
S214017F406BD1A2F50042062A00F2E580DFE812F0C6
S214017F50A100A100E300E3000700B8006900E38880
S214017F600D3DADF82430238915F00105ADF8263016
S214017F7063798DF82830E37A03F1060214F81220AB
S214017F808DF814308DF81C2042D10BA98E4606912F
S214017F9004F10C005FFA85FC9C4500F1020009D251
S214017FA010F8018C10F802CC01350CEB082C2EF8D9
S214017FB002CBEFE701EB43011A440891D2B2590014
S214017FC001F10D009A42C0B20BD025186D78205CE5
S214017FD07831694400EB0520013321F84C0CDBB203
S214017FE0EDE7B6F908203389002AACBF0122032247
S214017FF0C3F30E038DF808206288ADF80A3005AB8E
S214018000ADF80C20049302A930461CF0ABFC04E04A
S214018010424A43490020FFF723FA38461EB0BDE81E
S214018020F081042D02D83D4A3E49F3E72379053D08
S214018030ADB29D42B4F8028002D0384A3A49E9E727
S2140180403A4A3B4B0020002D08BF13463949334AB4
S214018050CDF80080FFF704FA05348DF81450B6F910
S2140180600830069485B1002BACBF012303238DF89D
S2140180702C303389ADF83080C3F30E03ADF82E30C3
S21401808005AB0D930BA9BFE7002BACBF0623052359
S214018090EDE70B2DC7D9D4F80200D4F8061013F477
S2140180A0004F05AA03C20CBF042203228DF82C2020
S2140180B06289C3F30E03ADF83020ADF82E30DFE74A
S2140180C0042DB0D96388ADF8303023790533DBB29F
S2140180D09D4206D00020114A17490095FFF7C0F9C6
S2140180E09BE70E4A00201549FFF7BAF9B6F90820B2
S2140180F03389002AACBF01220322C3F30E03ADF875
S2140181002E3005AB0D93631D069323798DF82C2035
S2140181108DF81430B6E700277FE700BF3D0904005D
S214018120F00A0400180B04002C0B04006CC40300B6
S21401813048060400530B0400700B0400B10B040046
S214018140304BF0B5B0FBF3F24FF4616503FB120060
S214018150B0FBF5F3DCB205FB13033C25B3FBF5F3EB
S214018160DBB2A0EB04104B71C3EB0313A0EB83004F
S2140181704FF4FA630B8040F201134B8001230C711C
S2140181801F4600246425204E8871944200D1F0BD1C
S21401819091F802C013B1BCF1020F2BD006EB0C0014
S2140181A010F801ECC87870450BBF012001300CF1C6
S2140181B0010CC0B208BF81F802C0C87088780D28CB
S2140181C016D10B888F7001339BB298070B8014D1A0
S2140181D0B3FBF5F005FB103080B280B94FF4C870E0
S2140181E0B3FBF0FC00FB1C339BB2B3FA83F35B09D1
S2140181F00134CAE74FF01D0ED4E70023F8E7012348
S214018200F6E700BF80510100925F040010B50446F6
S21401821088B006A9FFF794FF9DF81E300A4803931D
S2140182209DF81D30049402939DF81C309DF81A2089
S2140182300193BDF818300549009300889DF81B305E
S214018240FFF70EF908B010BDA4580020CA0B0400B1
S214018250026808B51188154B1980518859805179E3
S2140182601971117959714FF48A51D980D28812F057
S214018270200F0CBF0A464FF48B528169DA800C4AF4
S214018280137831B9C0880B4923F0020308801370B4
S21401829008BD43F002031370074B1522184601313F
S2140182A003F0C8FC002200F8012CF1E798580020E2
S2140182B0F861002096580020A758002010B5184CE9
S2140182C0236858791BF074FF0B2822D8154B03EB53
S2140182D00010027B237F9A421BD1236842881988AB
S2140182E08A4205D04FF6FF70814212D1120410D493
S2140182F02279023A012A06D9A37B63B9BDE8104068
S2140183000748FFF747B9198958791BF087F80028FD
S214018310F2D1002010BD0248BDE81040FFF7CCB8EE
S21401832038440020A442002008B51BF041FF0B286A
S21401833096BF024B0020185C08BD00BFFD610020FF
S21401834008B500201CF085FAFF201BF064FF1CF026
S21401835085FA1CF02CF9FEF771F901210246064850
S21401836003F016FC054BFF21054A0648FEF7C6FE3C
S214018370BDE80840FEF708BBFD61002098580020C4
S21401838094580020EE600020F0B5002204464FF617
S214018390FF750B4F90B237F830600346AE4201D1FD
S2140183A02846F0BDA64209D1B4F57C4FF9D307EBB8
S2140183B0C3035B888B42F4D00029F2D00132E9E78F
S2140183C0D05F040010B50446FFF7DEFF094A0346F6
S2140183D010884FF6FF72934214BF074A2246BDE843
S2140183E0104017BF02EBC30304495A680449FFF75C
S2140183F051B800BFA4580020D05F0400ED0B040064
S21401840083D70300034B18780130C0B2187000F010
S2140184107F007047566C0020044A137818B143F069
S21401842001031370704703F0FE03FAE7F8610020BA
S214018430014B1870704700BFFB61002038B1074B35
S2140184401B78012B04D1038843F040030380704757
S214018450022BFCD1038823F04003F7E7FB610020E1
S21401846068B1074A1378012B07D1064B1B781370A6
S214018470037843F01003037001E0022BF8D0704735
S214018480FA610020F96100207FB50121264B274EB5
S214018490197033780246D90744D42549096881B151
S2140184A00868C1888D0641BF224CE18841F0200151
S2140184B0E180C1884C0641BF1E48C18841F0400199
S2140184C0C1801D4D1D492878097840074CBFE970C9
S2140184D069701B4913F00204098809D0164A194825
S2140184E01CF03AF9337823F00203337004B070BD00
S2140184F0154B18884FF6FB73984208D80B46CDE902
S214018500005201460B4A20461BF0FFFAEEE74FF6F3
S214018510FF73CDE9014200930A46074B05491BF05C
S214018520D0FAE3E70020E1E7EF610020F8610020E0
S2140185303444002098580020EE600020576C00203C
S21401854094580020A65800209658002070B503794C
S2140185500446012B0D46164631D883681B78DB0688
S21401856000D561B3A37B13B9E37C0B2B27D0002284
S214018570144B1A80637DB3FA83F35B09D800E37B5F
S214018580ABB9FEF795FEA07CFEF792FE0B20FEF738
S2140185908FFEE07CFEF78CFE2846FEF789FE20461D
S2140185A0FFF756FE3046BDE87040FFF76DBF40F05E
S2140185B00400FEF77DFE208A1CF0F8F8E3E70020B1
S2140185C070BD00BF94580020024B0A460146186849
S2140185D0FFF7BCBF34440020F0B4054618460F4BE5
S2140185E00C461B78BDF81010012B0D4E01D03778C4
S2140185F027B1002333700020F0BC70470CB9002A65
S214018600F9D143B14FF65743994204D02B4622463F
S214018610F0BC1CF087B80120EEE700BF586C0020C4
S214018620FC6100202DE9F04F684C4FF0000A25460A
S2140186308446964698460F46654B664E83F800A0DC
S2140186400FCE0FC596E80F0085B085E80F00DDF860
S2140186503C90BDF838307246009339464346604632
S214018660CDE9019400F0DCF8DFF89081064670B998
S2140186700025FEF7FFFD16220021574803F088FA71
S21401868000232846C8F8003005B0BDE8F08F534BEC
S214018690A27CC8F800401A70514B1B78002B36D0CC
S2140186A01CF08FF94F4902465046FEF7F3FE22684A
S2140186B05046537952884C490092A289FEF7EAFE49
S2140186C050461CF0F7F820B12368218A5888FFF736
S2140186D079FEE37B23B10020228A4449FEF7DAFEC5
S2140186E0A36800201A78E37C41490093A37CFEF737
S2140186F0D1FE207DA289A168121A0144012300201F
S21401870092B2FEF711FE00203A49FEF7A9FE2F4865
S214018710FFF79EFD2D481DF0AEFB054630BBB9F1B7
S214018720000F25D12168E0880B8801904988BA1E80
S214018730032A00918CBF002201220121E07CFFF771
S2140187404BFF38B923685B79FF2B3AD0FFF7B6FDAC
S21401875005468EE72368DB889A06F3D40121264C6A
S2140187601A4821701CF046F984F80090354680E7D7
S214018770B9F814309B07E5D47AE75846FEF718F89F
S21401878082465846FDF760FF88B123685046228A24
S21401879059881BF010FD50B13846FFF759FD236884
S2140187A089F804A083F805A0FFF788FD00B92846DC
S2140187B005460136FDF742FF5FFA86FB5845DCD8D1
S2140187C057E70026014FDFF83890F3E738440020DA
S2140187D0EF610020B05F0400A6580020576C00200F
S2140187E0556C0020060C04000F0C0400300C04002D
S2140187F03C0C0400B6BD0300FC610020344400209C
S214018800985800200023054AD15C814202D31A44BD
S214018810507870470233DBB2F6E700BF9E5F040074
S21401882073B515462E781A4616F0040F0CBF0326AC
S21401883005269E42089C08D9224A23490096002014
S214018840FEF70EFE002002B070BDBDF81830217193
S2140188502060E380A560A2812B7803F00103A37357
S2140188602B7803F00403002B14BF01210021E173D0
S2140188702978C1F3C00161754FF00101217518D047
S21401888028461BF0D0FF237D208202332375227DEC
S214018890531CDBB22375A95C0232D2B2A1742275D5
S2140188A0EB5CE374A3899A4205D900920749054A0D
S2140188B0C5E72382EBE7079B0120A361002323770B
S2140188C0C1E700BF00C503007F0C04009B0C040039
S2140188D02DE9F7430024204FDFF89C80DFF89C90B9
S2140188E0E0B21CF01CFBFF2805460FD123460121F0
S2140188F002201A4AF7F7AEFA194B0134187819F024
S214018900EFFD152CECD103B0BDE8F08346B238EA92
S214018910260328BF4B4601210093022057F8243036
S214018920104AF7F797FA002EE6DA0923E340DB0749
S2140189300AD50D4A0D4B15F0010F18BF1A46012135
S2140189400220F7F787FAD7E70A2CD5D1084A094B50
S21401895015F0010FF1E700BFE85F0400F40C040016
S214018960596C00201C0D0400CD0C0400B70C04004B
S214018970E90C0400DF0C04006CC403004806040084
S21401898008B554220021024803F002F9002008BD70
S2140189909459002008B55422FF21024803F0F8F844
S2140189A0002008BD40590020024B23F8101000207B
S2140189B0704700BF40590020002310B4074ADCB2BC
S2140189C0A14203D85DF8044BFFF7DABF2A2BF9D092
S2140189D032F8024B20F813400133F0E79459002097
S2140189E0002310B5054A994201DD2A2B00D110BD9E
S2140189F032F8024B20F813400133F4E79459002073
S214018A00024B187800F07F00704700BF0962002013
S214018A10034B18780130C0B2187000F07F00704721
S214018A200962002030B51C4600238BB0ADF8222029
S214018A30021D92B2012A0E9DADF82030ADF81E102F
S214018A40ADF81C3003D94FF6FF7290420FD10022C9
S214018A50CDE90352CDE90124094B01461B784FF6B7
S214018A60FF70009307AB1CF07AFA0BB030BD0146DD
S214018A70CDE901531846009407AA1CF08CFAF4E7D6
S214018A805A6C002038B505464FF480500C4603F06A
S214018A9085FA4FF480532860236030B940F2A5115F
S214018AA0BDE83840014822F04CB938BD0B0E040031
S214018AB000487047525B0020014B1878704700BF92
S214018AC0736C0020014B1888704700BFFC6B0020B8
S214018AD0014B1878704700BF6C6C0020014B18786A
S214018AE0704700BF0D620020014B1878704700BF29
S214018AF0676C0020014B1870704700BF10620020A1
S214018B00014B1870704700BF0F620020014B188898
S214018B10704700BFFA6B00202DE9F74F4FF00008B1
S214018B20394B3A4F93F80090394B3A4E3A4D3B4CFD
S214018B303B483C49DFF8F4C0DFF8FCE0DFF810A161
S214018B40DFF810B10193019B2037203301935FFAC0
S214018B5088F3994506F1200605F1200504F1200465
S214018B6000F1200001F120010FD8002211462E4B02
S214018B702E4D1C782E4E2F4B2F4FD0B2844203F130
S214018B80200338D803B0BDE8F08F2C4B2C4A47F8A9
S214018B901C3C002346E907232A4A47E9063E45E9E5
S214018BA00723294A46E905E344E90723274A45E915
S214018BB005E340E90723019A44E905E340E905E3B3
S214018BC041E908CA41E9063E47F820CC47F8103C7F
S214018BD046F820CC45F820CC44F820CC40F820CCF0
S214018BE041F8103C08F1010842E908CB42E9063E8B
S214018BF042F8103CA7E743E9085643E9061743F84D
S214018C00101C0132B9E700BF776C00201048002025
S214018C1010470020F0470020D04700207047002072
S214018C205047002030470020716C00208C560020F1
S214018C302DB70200904700204806040099750300EE
S214018C4071740300697F020009990200D94E03007E
S214018C50DDFC02006D6E0200002208B5074B1A60AB
S214018C605A601CF02BF9064B18701CF027F9054BBF
S214018C701870054B1A78054B1A7008BD2E56002041
S214018C804B6200204A620020656C00204962002089
S214018C90002100B593B008466A460AF0E7F9014696
S214018CA0C8B90E4B0E4A09930E4B0D920A930E4A03
S214018CB00E4B0E920B930E4A0E4BCDE90F230C93DF
S214018CC00D4B6A4611930AF087FC003818BF012045
S214018CD013B05DF804FB0120FAE700BF0370030040
S214018CE0057B020007720300C54F0200074F030011
S214018CF0318A02006772030035770200084B187844
S214018D00112806D8012809D9064BC34003F00100F3
S214018D107047A0F1430358425841704700207047FE
S214018D204D6200203400020008B5064B1B78013B5B
S214018D30022B05D80020FFF7E1FF0138C0B208BDBD
S214018D40FF20FCE74E620020044B00F1100250F8B1
S214018D50041B904243F8041BF9D170474F62002070
S214018D60044B03F1100253F8041B934240F8041B12
S214018D70F9D170474F62002030B5002491B0114BF5
S214018D800546214614220BA8CDE9094302F000FF4F
S214018D90102209ABCDE900440693CDE90452CDE992
S214018DA00252094B09490AA818F099FF04460AA875
S214018DB01CF0FEFD1CB1A021054821F0C2FF11B038
S214018DC030BD00BF00248000004440044F620020F4
S214018DD0960E040070B5002490B0154B05460E465D
S214018DE0142221460BA8CDE9094302F0D1FE102238
S214018DF009ABCDE9004406933146CDE90452CDE9ED
S214018E0002520C4B0AA818F06AFF04460AA81CF086
S214018E10CFFD1CB1BA21084821F093FF099B102B06
S214018E2003D0BB21044821F08CFF10B070BD00BFF9
S214018E300024800000444004960E040030B50D4620
S214018E4000218FB0124B0446142209A8CDE907135E
S214018E5002F09EFE102207ABCDE90242CDE90042A8
S214018E60049329460B4B08A818F03BFF044608A8B4
S214018E701CF09EFD1CB1D121074821F062FF079B23
S214018E80102B03D0D221044821F05BFF0FB030BD78
S214018E900024800000444004960E04000022034B88
S214018EA01870034B1970034B1A70704760620020EC
S214018EB0616200205F6200202DE9F04FDFF89080AC
S214018EC0064698F800300D4685B0002B3AD04FF68E
S214018ED0FB73984236D84FF0000B1C4FDFF874A096
S214018EE03C7898F800305FFA8BF94B459AF8000009
S214018EF011D9484402AA0DF10601C0B214F00CFBC8
S214018F00082229460DEB020003F08EF90BF1010B46
S214018F100028E6D14C463B78A34208D198F80020B9
S214018F20631CDBB29A423B7004BF00233B7032469F
S214018F3029469AF800301C44E0B205B0BDE8F04F6F
S214018F4014F0D8BB05B0BDE8F08F00BF5F6200200B
S214018F5061620020606200202DE9F74F06460D464B
S214018F6014461F464FF0010BDFF8789003F10C0A08
S214018F7015B903B0BDE8F08F102DA84628BF4FF0F5
S214018F8010083A46164B5FFA88F152F8040B524520
S214018F9043F8040BF9D101919AF8002011481A7090
S214018FA0002389F80F4089F800B089F80E30FFF7E2
S214018FB0E3FE324601340B480199E4B212F801CBC4
S214018FC010F8013B83EA0C0302F8013C931BDBB269
S214018FD08B42F3D3A5EB080816461FFA88F5C7E7B8
S214018FE063620020626200202DE9F04F90469146B0
S214018FF085B00090981A029383B20193009B0F46A6
S214019000354903F10C0453F8045BA34241F8045BB1
S214019010F9D11B78314E0B7049233370019BF073E5
S2140190201B0A3046B373FFF7A7FE0221BB460D4667
S214019030737888EA030373704FF0000A1DE0C5F1E8
S2140190401004A9EB0A039BB2A4B29C4228BF1C469B
S21401905000231FFA83FCE8186445C0B21FD82544D4
S214019060EDB2A344102D54441FFA84FA05D100250D
S21401907030460391FFF780FE0399D145DFD807EB11
S214019080080B25B115480391FFF776FE03990129D0
S2140190904FF000050DD00121DDF80490CCE71BF858
S2140190A003C016F800E001338CEA0E0C06F800C087
S2140190B0CFE7029B09491F44094B38461C782246D4
S2140190C002F0F6FE2A4621463846009B05B0BDE86A
S2140190D0F04FFFF741BF00BF6362002062620020CD
S2140190E0786C002030B540780C4601284FF011030B
S2140190F087B001F1100516D1144A01A90AF0F4FF50
S214019100234601AC224618685968083303C2AB42AD
S2140191101446F7D111230D4A002001A90AF0E4FFF5
S214019120002007B030BD0120094A01A90AF0DCFF82
S214019130234601AC224618685968083303C2AB427D
S2140191401446F7D11123024AE6E700BF75E4010091
S21401915079EB010030B50C46407887B001284FF016
S21401916011030DBF0B4A0C4A012001A918BF01A922
S2140191700AF0BAFF234601AA05AD144603CCAC4259
S21401918018605960224603F10803F6D1002007B0A3
S21401919030BD00BF75E4010079EB010010B50C4647
S2140191A088B01A230C4A01A901200AF09DFF214626
S2140191B00DF10E0304F1100251F8040B914243F82D
S2140191C0040BF9D11A230020034A01A90AF08CFFE7
S2140191D0002008B010BD00BF24E10100F0B58BB03F
S2140191E004460D461DF0D2FEA8B101A812F044F9BE
S2140191F088B1667B271D16F0020F05D00822384677
S21401920001A903F011F8D0B901AB46F0020603CB71
S2140192106060796066731A230A4A03A901200AF07E
S21401922063FF29460DF116030DF1260253F8040BD0
S214019230934241F8040BF9D100200BB0F0BD2D206C
S214019240FBE700BF24E10100F0B50546071D00223B
S2140192500C463846082193B01DF026FE6A7B06466A
S214019260D0070BD5687808A91CF0D3FADDF83D3095
S2140192706B60DDF841307B6080B10BE0910709D56A
S214019280D2000121384602F080021CF0CDFAFF28F8
S214019290687002D12D2013B0F0BDD6B1687801A94F
S2140192A01CF054FA9DF81C305B0604D54FF4C671C9
S2140192B00A4821F046FD234603AD07AC2A4603CAF9
S2140192C0A24218605960154603F10803F6D1002042
S2140192D0E1E708A91CF09DFACEE700BF140F0400D1
S2140192E02DE9F04106468AB01F480F461546002470
S2140192F0FFF736FD002C01A914BF4FF05C0C4FF0B0
S214019300360C10238846184A12F8010B013B8CEAEA
S214019310000013F0FF0301F8010BF5D105A81EF0BC
S214019320FEFB4246102105A81EF0FDFBC4B93946D6
S214019330324605A81EF05FFC2A460DF1140C0DF10D
S214019340240E634603CB7345106051609C4602F1C0
S2140193500802F6D114B10AB0BDE8F0810124C9E7CC
S2140193602A461021E5E700BF926200202DE9F0476A
S21401937091460D46C0B09DF82041DDF828811E4675
S214019380DFF87CA09DF82431074622464946404630
S2140193908AF8003002F08CFD9DB1234632464146E4
S2140193A03846FFF721FEB44207D9A11B3B460122EE
S2140193B089B208EB0600FFF7CFFD002040B0BDE8FC
S2140193C0F087A11B3B46012289B208EB0600FFF796
S2140193D0C3FD22464146684602F06AFD32466946AA
S2140193E038462346FFF700FE9AF800200DEB0401ED
S2140193F009EB040002F018FF0028DED02C20DDE780
S214019400786C002038B50346104601F1100451F877
S214019410045BA14242F8045BF9D104491BB1FFF792
S214019420D9FC002038BDFFF709FDFAE7926200205B
S21401943030B5054689B069461CF00CF86B8804AC5B
S214019440ABB12246294668461BF0A4FF0E4A08AD7A
S214019450234603CBAB42106051601C4602F1080262
S214019460F6D10948FFF770FC002009B030BD6B4605
S214019470054D1A4603CAA24228606960134605F1E3
S2140194800805F6D1EDE700BF9262002050B10B4B04
S2140194900B4A03F1100153F8040B8B4242F8040BFC
S2140194A0F9D17047064B054A03F1100153F8040B36
S2140194B08B4242F8040BF9D1704700BF926200203C
S2140194C07262002008B51022024802F0B3FB0020A9
S2140194D008BD00BF8262002008B508461022024976
S2140194E002F0A8FB002008BD8262002010B50446E9
S2140194F086B001A9114A112301200AF0F5FD9DF855
S214019500143001A8E3701EF0D1FE80F001000C4A71
S21401951001A96070112301200AF0E6FD9DF81430C0
S21401952001A8A3701EF0C2FE80F00100207010F0AA
S2140195303DFB6060002006B010BD00BF75E4010071
S21401954079EB010010B5044686B01123134A0120B9
S21401955001A90AF0C9FDA3789DF814209A4207D004
S2140195608DF81430002011230C4A01A90AF0BCFD25
S21401957011230B4A012001A90AF0B6FDE3789DF8F4
S21401958014209A4207D08DF8143000201123044A83
S21401959001A90AF0A9FD06B010BD00BF79EB0100D4
S2140195A075E401002DE9F04186B0064603A80C4695
S2140195B012F000FF054600284AD1BDF80C30980687
S2140195C046D510222946204602F0E2FA01A811F0FB
S2140195D053FFC0B1777B06F1040817F0020F06D0DF
S2140195E00822404601A902F01FFE00282ED101AB39
S2140195F047F0020703CB7060C8F80410777323881E
S21401960043F008032380238843F00203238011F0EC
S2140196100DFB60601DF0BAFC30B10E4B1B68A360F9
S214019620238843F0040323800B4B1A68D1035EBFE3
S214019630238843F010032380130203D5238843F4C1
S21401964000632380284606B0BDE8F0812D25F9E7A2
S2140196502425F7E7404800204448002010B5D0E90B
S214019660023253F8223090B01C68402269462046E8
S2140196701CF042F9034630B1224600200549FDF7A9
S214019680EFFE10B010BD012269460820FDF792FEDC
S214019690F7E700BFAA0F040070B500F0B1F8002884
S2140196A00CBF6E22792200201349FDF7D9FE00F087
S2140196B0A7F8F0B11CF034F900280CBF6E2279220D
S2140196C000200E49FDF7CCFE082200200C49FDF7CC
S2140196D0C7FE00250B4C0C4E234654F8042C31468D
S2140196E000200335FDF7BCFE182D04F10C04F3D160
S2140196F070BD3F22E4E700BFE20F0400F90F04004B
S21401970009100400684900202810040070B51CF0F8
S214019710ECF8044621490020FDF7A2FE2CB92046AC
S214019720BDE870401E49FDF79BBE00F0BBF805463C
S2140197301C4B62690020002A08BF1A461A4926688F
S214019740FDF78EFEA28800201849FDF789FE18490C
S214019750E2880020FDF784FEA388228913F010001A
S2140197601ABF002013491449FDF77AFEE26800206B
S2140197701249FDF775FE226900201149FDF770FEBA
S214019780104A114B0020B6F5817F38BF13460F49AA
S2140197902A46BDE87040FDF763BE00BF5D100400B9
S2140197A06A10040020E003008B100400A9100400D6
S2140197B0CA100400E710040004110400221104007A
S2140197C040110400551004004B1004005E11040003
S2140197D038B5014600230C25084A05FB03F4A018FA
S2140197E01459013404D10C2202F024FA002038BDA9
S2140197F00133082BF1D10120F9E700BF64490020AD
S214019800034B1878012894BF00200120704700BF41
S214019810A462002038B50446044D2878A04203D03F
S21401982021461CF042F82C7038BD00BFA46200200F
S21401983000B58FB03422002101A802F0A9F901A8D1
S214019840EEF710FB0598D0B182680E4BB2F5803F5B
S21401985034BF92B2C2F38F2241881A81028828BF90
S21401986041F010011A6042689980DA80C268DA60B5
S21401987002691A6142695A61027E18461A760FB069
S2140198805DF804FBE8480020054B1B7820B1012B4E
S21401989004D80220FFF7BEBF012BFBD8704700BFDC
S2140198A0A462002010B5084C237853B91CF01DF8AB
S2140198B00123237028B10368B3F5817F24BF037E9B
S2140198C02370207810BD00BFA362002070B5184B2E
S2140198D01B78012B2BD81BF0EBFF164D02461649C1
S2140198E00020FDF7BDFD0120FFF7CEFF2E78FF2EED
S2140198F01DD1FFF79DFFC8B1848860223146C4F3AD
S21401990040040E482C7002F043F9602231460C48A0
S21401991002F03EF95CB1FFF7C5FF042807D9BDE8A0
S214019920704040F22B11074821F00BBA287070BD29
S214019930A4620020796C0020811104006449002093
S21401994004490020931104002DE9F04FDFF88492BA
S2140199508DB003AB07468846144699E8070083E8AE
S2140199600700FFF7B3FFFFF79DFF944B06461D78F0
S2140199704B46012D40F07081012840F27281B7FB01
S214019980F0F200FB1272002A00F06B818C49002273
S2140199908B46D1F800C0BCF1FF3F04D0087A604482
S2140199A0874200F019810132082A01F10C01F0D139
S2140199B093E8070006AE0DF1240A86E807008AE858
S2140199C00700FFF76FFFB7FBF0FB00FB1B7BA0EB6D
S2140199D00B094A46414606460AA809978DF82C9077
S2140199E002F066FA00224FF00C0E764902E00132D0
S2140199F0082A0ED00EFB02F000EB010C08580130CD
S214019A00F5D19AE807008CE807006F490A78013219
S214019A100A70A14504DD4FF4E2716C4821F091F91A
S214019A20A41B5C444F44A1B217FA84F4B4FBF6F2CB
S214019A3006FB1242C8448E1A91B1A41A08EB06011D
S214019A4007A88DF82020069402F032FA06A8FFF740
S214019A50BFFEFF2804D140F2D9115C4821F071F90C
S214019A60B6B2B6B10320FFF7D5FE802E0AD832462D
S214019A704146574802F01CFA3246384654491BF014
S214019A801FFF05460220FFF7C5FE28460DB0BDE8BC
S214019A90F08F0025F9E74FF40E714C4821F051F98B
S214019AA0464B1B78012B00F0E380002C36D00320B8
S214019AB0FFF7B0FE802C2FD822464146444802F0DC
S214019AC0F7F92246384642491BF0FAFE05460220BF
S214019AD0FFF7A0FEDFF8F09099F8003093B1039CF1
S214019AE0FFF7E0FE374B002798461A68511C04D052
S214019AF0197A411A521A944224D00137082F03F1D9
S214019B000C03F2D1002DC0D1039B0133C1D003A8B1
S214019B10FFF75EFE0546B8E70125D8E72546D9E7F3
S214019B2040F26D21294821F00CF9012524E0012D90
S214019B3030D0802E2FD83246254903981BF0C0FE20
S214019B40054628E0002DA0D10C247C4308EB040335
S214019B509DF814A093F808B00AEB0B03802BDFDC0A
S214019B601B4B524604A9184602F0A2F9211D5A467B
S214019B704144504402F09CF90C2303FB07839DF8F3
S214019B8014201B7A13449E42D1D040F273210F4811
S214019B9021F0D7F801250220FFF73CFE99F80030A6
S214019BA013B1013B89F800304FF0FF3308EB040294
S214019BB048F80430C2E9013367E700BF796C00203A
S214019BC06449002004490020A26200209311040089
S214019BD0684800204C6004004FF00C0A0AFB02B3F0
S214019BE0187AA6EB00095FFA89F9A14501D35FFA55
S214019BF084F90AFB02FA0AF1040528444A4641465A
S214019C00584402F055F90BEB0A031A7AA4EB09043F
S214019C104A44D2B2B242A4B21A7219D103200193B5
S214019C20FFF7F8FD32460BEB05015BF80A001BF067
S214019C3047FE05460220FFF7EDFD4FF0FF32019B80
S214019C404BF80A20C3E90122002D7FF41EAFC84459
S214019C50002C3FF41EAF4F44104B1B78012B7FF4B2
S214019C6024AFB7FBF6F306FB1373002B7FF413AF99
S214019C70E319B3FBF6F506FB1535002D3FF415AFDA
S214019C80641B5B1B08EB04012A4604A80393A4B2D9
S214019C9002F00EF98DF8145007E700BF796C00202A
S214019CA070B5134B1B78012B0CD1FFF70FFE002666
S214019CB0104D55F8043C013306D10336182E05F134
S214019CC00C05F6D1002411E00320FFF7A3FD55F89B
S214019CD0044CFFF7E7FD2946024620461BF0F0FD3F
S214019CE004460220FFF796FD002CE6D0204670BD04
S214019CF0796C00206849002070B505460C46FFF7D0
S214019D00E5FD0520FFF786FD214628461BF0E6FD0A
S214019D1006460220FFF77EFD00220A4B2C441968F6
S214019D20481C08D0A94206D3A1423EBF4FF0FF31DE
S214019D30C3E9001199600332182A03F10C03EED12E
S214019D40304670BD64490020D0E9023253F8223013
S214019D5010B51C68204600F095FA28B12146BDE8EA
S214019D601040024800F002BE10BD00BF11120400F0
S214019D7008B5D0E9023253F82230186800F06CF9C1
S214019D8020B1BDE80840024800F0F0BD08BD00BFA4
S214019D90331204002DE9F041D0E9023253F82210C3
S214019DA003EB82035B680F681D789AB0642D04D9B3
S214019DB06421114800F0DAFD64252A46384601A9D7
S214019DC000F002F9044698B90C4800F0CFFDDFF820
S214019DD0348001AE013DA54202DC1AB0BDE8F08137
S214019DE03919404616F8012B00F0C0FD0134F2E7A0
S214019DF0034800F0BBFDF0E756120400761204009B
S214019E00A01204008D1204002DE9F04700252D4F05
S214019E10DFF8E080DFF8E0908CB0284603A900F078
S214019E20EFF810B10CB0BDE8F087049B2946039A01
S214019E300093384600F09AFD404600F097FD0599DC
S214019E4010290CD810290CD8DFE801F00F14320BBA
S214019E50340B0B0B360B0B0B0B0B0B0B3A002029A1
S214019E602CD0194800F082FD07E0184800F07EFD6E
S214019E700135D2E7164800F079FD0699484600F00C
S214019E8075FD0799134800F071FD134800F06EFD4B
S214019E901024DFF868A00DF11F06504616F8011FC2
S214019EA0013C00F063FD14F0FF04F6D10B48DDE73A
S214019EB00B48E0E70B48DEE70B48DCE70B48DAE740
S214019EC00B48D8E7BB12040060130400101304000B
S214019ED020130400861304009E13040025B5030016
S214019EE0281304003013040039130400441304003B
S214019EF05B130400FF1204006F130400AF13040089
S214019F0010B50B4C8EB023785BB9EDF725FF0146F3
S214019F1050B9012301A82370EDF7A4FF054B049A5D
S214019F201A6020780EB010BD034800F01FFDF8E758
S214019F30A5620020A84C0020B513040000B58FB020
S214019F40FFF7DEFF002829D001A8EDF78BFF059B60
S214019F501448198800F00AFD059B13485969134BEC
S214019F60002908BF194600F001FD059B10485988D5
S214019F7000F0FCFC059B0F48196900F0F7FC059BF7
S214019F800D48D96800F0F2FC059B0C48197E00F0DC
S214019F90EDFC0B4B0B48196800F0E8FC0FB05DF8C0
S214019FA004FB00BFF21304000414040020E00300C5
S214019FB0161404002A1404003E140400521404006B
S214019FC0A84C00206614040070B5064615460C46DB
S214019FD079B172B1FFF794FF68B121462A4630463F
S214019FE0EEF74AF8014618B1044800F0BFFC01201C
S214019FF070BD2120FCE71120FAE700BF78140400A9
S21401A00037B505460C46FFF77BFFE0B1114B1B68E1
S21401A010AB421AD9CCB100212422204601F0B8FD6A
S21401A0202146284616F017FE88B9284601AA04F1EB
S21401A0300801EDF7D3FF20B140F20643C01A18BF5E
S21401A040012003B030BD1120FBE72120F9E70120F4
S21401A050F7E700BFA84C0020F0B593B00546FFF720
S21401A0604FFF002845D0254B1A68AA4207D8294633
S21401A0702348013A00F07AFC212013B0F0BD05A870
S21401A080EDF7F0FE284603A916F0E5FD98BB049A05
S21401A09022F4FF57C2F30C0327F01F072BB14FF42E
S21401A0A000532946174800F061FC039E7FB120F05B
S21401A0B055FE30464FF40051EEF76AF83346044633
S21401A0C006F5005650B9039BF31ABB42EFD32A4656
S21401A0D039460D4800F04AFC002406E000902A4666
S21401A0E04FF40051094800F041FC201E18BF012022
S21401A0F0C3E71120C1E70120BFE700BFA84C00203D
S21401A100A61404005415040013160400C215040016
S21401A11010B5044638B1FFF7F3FE30B10020044B0A
S21401A1201B68236010BD2120FCE71120FAE700BF61
S21401A130A84C002010B50446FFF7E2FEB0B10C4B68
S21401A1401A68A24206D821460A48013A00F00EFCD7
S21401A150212010BD20F002FE40F2C1222046064911
S21401A160EDF7FCFE003818BF0120F2E71120F0E7FA
S21401A170A84C0020A6140400E449002010B50446AB
S21401A180FFF7BEFE70B121460848EDF707FF40F223
S21401A1900323984208D040F2012398420CBF0520C1
S21401A1A0012010BD1120FCE70020FAE7E449002059
S21401A1B02DE9F0412D4D04462F68FFF7A1FE00283A
S21401A1C051D02968A14207D84A1E2948214600F0E5
S21401A1D0CDFB2120BDE8F0812648EDF79FFEDFF894
S21401A1E094800246B0B943462E68964222D1BE42BA
S21401A1F014BF3A4606F1FF3212BB31461D48C8F875
S21401A2000040EDF76BFE014600B31B4800F0AEFBC5
S21401A2100120DFE72046EDF741FE044638B101464E
S21401A220164800F0A3FB201E18BF0120D2E7EDF769
S21401A23091FCF8E753F8041B8C42DDD00132D4E7D9
S21401A2400C499200081D01F0F5FCD6E7296809487B
S21401A250EDF764FE044610B101460948D6E7EDF76E
S21401A26079FC2046B6E71120B4E700BFA84C0020D1
S21401A270A6140400C4490020591604002F16040031
S21401A2808C160400F8B50446FFF73AFE002845D0C0
S21401A290234B1A68A24207D821462248013A00F009
S21401A2A065FB21242046F8BD1F4800F05FFB20F027
S21401A2B055FD40F2C1221D492046EDF74FFE40F202
S21401A2C00327054620F04AFD184E65B140F20323E8
S21401A2D09D421AD02946164800F048FB012415482D
S21401A2E000F044FBDEE720F039FD29463046EDF765
S21401A2F055FEB84209D040F20123984203D10E48D8
S21401A30000F034FBE1E70546DFE721460B4800F0A5
S21401A3102DFB2046FFF74CFF0446E0E71124C1E77A
S21401A320A84C0020A6140400C3160400E44900202B
S21401A330E316040025B503002CEC0300FB1604000D
S21401A34010B50A46044619B1024B00211B6898470E
S21401A35010BD00BF5860040010B5114C2378580793
S21401A36044BF23F0040323702378990705D500F032
S21401A3705DF8237823F00203237063781BB1002372
S21401A380084A636053600023082106486370FFF79C
S21401A390D7FF2378DA0744BF23F00103237010BDEB
S21401A3A0AC4C0020B04C002038B51A4C62782378AB
S21401A3B0022A01D1072B11D0DD0712D52378980781
S21401A3C007D400F02BF82378054643F002032370E8
S21401A3D080B96278237882B15A0716D500252846B7
S21401A3E038BD17F0FAFB2378054643F001032370C6
S21401A3F00028E3D0FFF7B0FFF1E7D907ECD506490F
S21401A40062604A6002226270E6E743F0040323704A
S21401A410E4E700BFAC4C0020B04C00200122024B08
S21401A420002083F8F0207047B84C00202DE9F04159
S21401A4300A4C002526464FF0010803272046C4F89B
S21401A4401C80277601351BF096FA062D04F12804A8
S21401A450F4D1002386F8F030BDE8F081B84C002036
S21401A4602DE9F04F984691B00B1E0A93B44B9146D6
S21401A47014BF83469B4600251A9E98F8000070B9C3
S21401A4804D4538BF2A464B464FF000000A9928BF73
S21401A49009F1FF32D847284611B0BDE8F08F2528CC
S21401A4A008F1010806D02A464B460A996C1CD84783
S21401A4B02546E2E70023414611F8012B2B2A16D048
S21401A4C00AD8202A16D0232A17D0A2F1300009284C
S21401A4D034D800270A2418E02D2A05D0302AF4D1D2
S21401A4E043F001038846E6E743F00203FAE743F048
S21401A4F00403F7E743F00803F4E743F01003F1E73A
S21401A500884604FB0722A2F13007414611F8012BC9
S21401A510A2F130000928F3D998F800202E2A52D14A
S21401A52098F8011008F10102A1F13000092843F45E
S21401A53080633ED800244FF00A0E11E02A2A08D183
S21401A54056F8047B8846002FBCBF43F002037F42C7
S21401A550E2E70027E0E702460EFB0411A1F1300412
S21401A560104610F8011BA1F1300CBCF1090FF2D90D
S21401A5709046424612F8011B6C292DD025D8682931
S21401A58033D06A293BD04246904618F8010B67281B
S21401A59060D8572836D8452808D084D9462800F0F0
S21401A5A0188147287FF47FAF43F4006343F020030C
S21401A5B027E12A2906D156F8044B08F1020824EAB5
S21401A5C0E474D6E790460024D3E7742901D07A29AB
S21401A5D0D9D143F48073D7E798F801106C29F8D1E4
S21401A5E043F4407308F10202CEE798F80110682997
S21401A5F002D043F08003C7E743F0C003F2E743F419
S21401A6000073C1E7A0F158020F2A3FF64CAF01A133
S21401A61051F822F0B5A60100A7A40100A7A40100E5
S21401A620A7A40100A7A40100A7A40100A7A40100F4
S21401A630A7A40100A7A40100A7A40100B5A60100D4
S21401A64021A80100B5A60100F7A70100D7A70100C0
S21401A650F7A70100A0F16901C9B20F293FF623AFA0
S21401A660012249F2410C8A4012EA0C0218D10A2949
S21401A67000F0158107297FF416AF43F021030593F7
S21401A6800823CDE903431023CDE9012356F8043B03
S21401A6902A46009358464B460A991BF05CFAA8E0F6
S21401A6A06F2800F05E8110D9782808D1102223F097
S21401A6B00C0310E0582839D0622800F054810A2291
S21401A6C023F01003642806D0F1E769284FF00A0248
S21401A6D023F01003F6D1590548BF23F0010369287A
S21401A6E003F4007101D0642840D111B3073626F077
S21401A6F00706B24670685AF8081BCDE907730023AF
S21401A7000593C30F0028029306940B46049202DABF
S21401A7104B4260EB4000CDE900304B462A46584696
S21401A7200A991BF05AFA05465646A6E643F0200358
S21401A730BCE7D90506F1040A04D5316805E000BF77
S21401A740B959030058060CD53178CDE90224CDE974
S21401A750047300294FEAD1730193B8BF49420091AF
S21401A76020E01906E9D5B6F90010EEE779B1CDE992
S21401A77007730023CDE9042306F1070A2AF0070A26
S21401A78006940293FAE80223CDE90023C5E7D8052B
S21401A79006F1040A0DD5CDE90473CDE90224019131
S21401A7A0336800934B462A4658460A991BF0D3F95C
S21401A7B0B9E7590607D53178CDE904730023CDE909
S21401A7C002240193CBE7316813F0800F18BF89B2DA
S21401A7D0F2E743F02003CDE90173073626F00706BA
S21401A7E00094B6EC020B4B462A4658460A99E9F7FE
S21401A7F0CFFF054641E600F0DF00472801D143F4CC
S21401A8000063CDE90173073626F007060094B6EC1F
S21401A810020B4B462A4658460A99E9F7FDFDE8E73A
S21401A82013F0020426D04FF0010A6B1C0B932A4644
S21401A8304B460A9916F8040BD84774B354460B9A3C
S21401A84021E04B4620200A99D8470AEB05020AF177
S21401A850010A5745F5D83A1E18BF0122002A07F10A
S21401A860FF3308BF002307F1010A1D4408BF4FF05C
S21401A870020ADAE7A246E8E7551C4B4620200A9969
S21401A880D8472A460134BC42F6D3A7EB0A035745FC
S21401A89038BF00230B9A1A440B920B9DEDE5324606
S21401A8A0002C52F8046B14BF21464FF0FF310B9277
S21401A8B032463144107808B1914211D1A2EB060A12
S21401A8C013F480620C9202D0A24528BFA24613F070
S21401A8D002030D931BD1AAEB05032A460F9308E04A
S21401A8E00132E7E7531C0E9320204B460A99D847BE
S21401A8F00E9A0F9BD318BB42F4D3A7EB0A03574516
S21401A90038BF00230AF101021D4403EB020AAB1B08
S21401A9100E9304E01C464B462A460A99D8470E9BDE
S21401A920F51816F8010B28B10C9B002BF3D0631E0B
S21401A930002CEFD10D9B93B12A46AAEB050405E046
S21401A940561C4B4620200A99D84732461319BB425B
S21401A950F6D3A7EB0A03574538BF00231D440B9EC9
S21401A9608BE50822A3E60222A1E600BF0FB41FB5BD
S21401A97006AA52F8043B02A90392009204484FF03B
S21401A980FF32FFF76DFD05B05DF804EB04B07047CC
S21401A9907B5C03001FB5034600914FF0FF3203A90D
S21401A9A00248FFF75DFD05B05DF804FB7B5C030024
S21401A9B01FB5CDE90201009302A9134603484FF0E3
S21401A9C0FF32FFF74DFD05B05DF804FB835C030025
S21401A9D01FB5094B094A1868094B01A91860094BAC
S21401A9E01360094A0192094A1268CDE9022317F059
S21401A9F09BF905B05DF804FBE0680020B03D00203F
S21401AA00B43D0020D4680020FE4E040068500020AB
S21401AA10014B186817F09CB9E068002038B5F1F7CB
S21401AA201BFE0446064D2B68D3F8B002F1F708FE6C
S21401AA30286817F0A0F92046BDE83840F1F700BEB7
S21401AA40E068002010B51F4CEFF7DCFE236F0120F5
S21401AA5023F0070343F002032367EFF7E1FED4F880
S21401AA602031002023F0070343F00103C4F820310E
S21401AA70D4F8403123F0030343F00103C4F8403116
S21401AA80D4F8603123F0030343F00103C4F86031C6
S21401AA90D4F8403223F0030343F00103C4F84032F4
S21401AAA0D4F8003223F0070343F00103C4F8003260
S21401AAB0D4F8083223F0070343F00103C4F8083240
S21401AAC010BD00BF00800050064B1B681A7A022A90
S21401AAD001D81AB97047032A00D070471B68024A8A
S21401AAE013607047E4680020685000200022024B83
S21401AAF05A60DA601A6070476C50002008B501F0A1
S21401AB0037FF0022014B1A7008BD00BFA662002065
S21401AB100A4601491BF01FB9F57804000A460149A7
S21401AB201BF019B9F07804000A4601491BF013B965
S21401AB30E97804000A4601491BF00DB9E6780400DD
S21401AB400A4601491BF007B9E37804000A460149A1
S21401AB501BF001B9DE7804000A4601491BF0FBB878
S21401AB60D97804000A4601491BF0F5B8D4780400E8
S21401AB700A4601491BF0EFB8CD78040081F0004188
S21401AB8002E000BF83F0004330B54FEA41044FEACC
S21401AB90430594EA050F08BF90EA020F1FBF54EA67
S21401ABA0000C55EA020C7FEA645C7FEA655C00F003
S21401ABB0E2804FEA5454D4EB5555B8BF6D420CDDD4
S21401ABC02C4480EA020281EA030382EA000083EA57
S21401ABD0010180EA020281EA0303362D88BF30BDF7
S21401ABE011F0004F4FEA01314FF4801C4CEA11314D
S21401ABF002D0404261EB410113F0004F4FEA0333AC
S21401AC004CEA133302D0524263EB430394EA050F36
S21401AC1000F0A780A4F10104D5F1200E0DDB02FAA5
S21401AC200EFC22FA05F2801841F1000103FA0EF239
S21401AC30801843FA05F359410EE0A5F120050EF1FF
S21401AC40200E012A03FA0EFC28BF4CF0020C43FA30
S21401AC5005F3C01851EBE37101F0004507D54FF03D
S21401AC60000EDCF1000C7EEB00006EEB0101B1F58D
S21401AC70801F1BD3B1F5001F0CD349085FEA3000D3
S21401AC804FEA3C0C04F101044FEA445212F5800FDE
S21401AC9080F09A80BCF1004F08BF5FEA500C50F17B
S21401ACA0000041EB045141EA050130BD5FEA4C0C5E
S21401ACB0404141EB0101013C28BFB1F5801FE9D2BB
S21401ACC091F0000F04BF01460020B1FA81F308BFDE
S21401ACD02033A3F10B03B3F120020CDA0C3208DDAA
S21401ACE002F1140CC2F10C0201FA0CF021FA02F185
S21401ACF00CE002F11402D8BFC2F1200C01FA02F1F5
S21401AD0020FA0CFCDCBF41EA0C019040E41AA2BF19
S21401AD1001EB0451294330BD6FEA04041F3C1CDAE1
S21401AD200C340EDC04F11404C4F1200220FA04F001
S21401AD3001FA02F340EA030021FA04F345EA0301AB
S21401AD4030BDC4F10C04C4F1200220FA02F001FA6D
S21401AD5004F340EA0300294630BD21FA04F02946EF
S21401AD6030BD94F0000F83F4801306BF81F4801188
S21401AD700134013D4EE77FEA645C18BF7FEA655CFB
S21401AD8029D094EA050F08BF90EA020F05D054EACD
S21401AD90000C04BF1946104630BD91EA030F1EBFD2
S21401ADA00021002030BD5FEA545C05D140004941D6
S21401ADB028BF41F0004130BD14F580043CBF01F5C9
S21401ADC0801130BD01F0004545F0FE4141F47001AF
S21401ADD04FF0000030BD7FEA645C1ABF194610468A
S21401ADE07FEA655C1CBF0B46024650EA013406BF8B
S21401ADF052EA033591EA030F41F4002130BD00BF4A
S21401AE0090F0000F04BF0021704730B54FF4806406
S21401AE1004F132044FF000054FF0000150E700BF87
S21401AE2090F0000F04BF0021704730B54FF48064E6
S21401AE3004F1320410F0004548BF40424FF00001D3
S21401AE403EE700BF42004FEAE2014FEA31014FEA16
S21401AE5002701FBF12F07F4393F07F4F81F0605165
S21401AE60704732F07F4208BF704793F07F4F04BFB0
S21401AE7041F40021704730B54FF4607401F000458D
S21401AE8021F000411CE700BF50EA010208BF7047ED
S21401AE9030B54FF000050AE050EA010208BF7047DE
S21401AEA030B511F0004502D5404261EB41014FF447
S21401AEB0806404F132045FEA915C3FF4D8AE4FF04F
S21401AEC003025FEADC0C18BF03325FEADC0C18BF32
S21401AED0033202EBDC02C2F1200300FA03FC20FA83
S21401AEE002F001FA03FE40EA0E0021FA02F11444D0
S21401AEF0BDE600BF70B54FF0FF0C4CF4E06C1CEAE9
S21401AF0011541DBF1CEA135594EA0C0F95EA0C0F59
S21401AF1000F0DEF82C4481EA030621EA4C5123EACC
S21401AF204C5350EA013518BF52EA033541F48011FB
S21401AF3043F4801338D0A0FB02CE4FF00005E1FBAE
S21401AF4002E506F00042E0FB03E54FF00006E1FBF8
S21401AF5003569CF0000F18BF4EF0010EA4F1FF043B
S21401AF60B6F5007F64F5407404D25FEA4E0E6D417B
S21401AF7046EB060642EAC62141EA55514FEAC5208C
S21401AF8040EA5E504FEACE2EB4F1FD0C88BFBCF508
S21401AF90E06F1ED8BEF1004F08BF5FEA500E50F1B9
S21401AFA0000041EB045170BD06F0004646EA01017F
S21401AFB040EA020081EA0301B4EB5C04C2BFD4EBB1
S21401AFC00C0541EA045170BD41F480114FF0000EAA
S21401AFD0013C00F3AB8014F1360FDEBF002001F018
S21401AFE0004170BDC4F10004203C35DA0C341BDC92
S21401AFF004F11404C4F1200500FA05F320FA04F064
S21401B00001FA05F240EA020001F0004221F0004197
S21401B01010EBD37021FA04F642EB06015EEA430E0A
S21401B02008BF20EAD37070BDC4F10C04C4F120053A
S21401B03000FA04F320FA05F001FA04F240EA0200ED
S21401B04001F0004110EBD37041F100015EEA430EBE
S21401B05008BF20EAD37070BDC4F1200500FA05F2DE
S21401B0604EEA020E20FA04F301FA05F243EA02035D
S21401B07021FA04F001F0004121FA04F220EA02006C
S21401B08000EBD3705EEA430E08BF20EAD37070BDB2
S21401B09094F0000F0FD101F00046400041EB010192
S21401B0A011F4801F08BF013CF7D041EA060195F074
S21401B0B0000F18BF704703F00046520043EB03032E
S21401B0C013F4801F08BF013DF7D043EA060370471B
S21401B0D094EA0C0F0CEA135518BF95EA0C0F0CD026
S21401B0E050EA410618BF52EA4306D1D181EA03016C
S21401B0F001F000414FF0000070BD50EA410606BF66
S21401B1001046194652EA430619D094EA0C0F02D1AA
S21401B11050EA013613D195EA0C0F05D152EA0336EF
S21401B1201CBF104619460AD181EA030101F000410D
S21401B13041F0FE4141F470014FF0000070BD41F056
S21401B140FE4141F4780170BD70B54FF0FF0C4CF430
S21401B150E06C1CEA11541DBF1CEA135594EA0C0F4F
S21401B16095EA0C0F00F0A7F8A4EB050481EA030E9C
S21401B17052EA03354FEA013100F088804FEA033383
S21401B1804FF0805545EA131343EA12634FEA022251
S21401B19045EA111545EA10654FEA00260EF0004112
S21401B1A09D4208BF964244F1FD0404F5407402D264
S21401B1B05B084FEA3202B61A65EB03055B084FEAF5
S21401B1C032024FF480104FF4002CB6EB020E75EBF2
S21401B1D0030E22BFB61A754640EA0C005B084FEA1A
S21401B1E03202B6EB020E75EB030E22BFB61A754697
S21401B1F040EA5C005B084FEA3202B6EB020E75EBE2
S21401B200030E22BFB61A754640EA9C005B084FEA59
S21401B2103202B6EB020E75EB030E22BFB61A754666
S21401B22040EADC0055EA060E18D04FEA051545EA55
S21401B23016754FEA06164FEAC30343EA52734FEAFE
S21401B240C2025FEA1C1CC0D111F4801F0BD141EA77
S21401B25000014FF000004FF0004CB6E711F4801FDC
S21401B26004BF01430020B4F1FD0C88BFBCF5E06FBC
S21401B2703FF6AFAEB5EB030C04BFB6EB020C5FEACC
S21401B280500C50F1000041EB045170BD0EF0004E21
S21401B2904EEA113114EB5C04C2BFD4EB0C0541EA53
S21401B2A0045170BD41F480114FF0000E013C90E650
S21401B2B045EA060E8DE60CEA135594EA0C0F08BF14
S21401B2C095EA0C0F3FF43BAF94EA0C0F0AD150EA13
S21401B2D001347FF434AF95EA0C0F7FF425AF1046A6
S21401B2E019462CE795EA0C0F06D152EA03353FF4CE
S21401B2F0FDAE1046194622E750EA410618BF52EA4B
S21401B30043067FF4C5AE50EA41047FF40DAF52EA1E
S21401B31043057FF4EBAE12E74FF0FF3C06E000BFBB
S21401B3204FF0010C02E000BF4FF0010C4DF804CDC8
S21401B3304FEA410C7FEA6C5C4FEA430C18BF7FEA88
S21401B3406C5C1BD001B050EA410C0CBF52EA430CB6
S21401B35091EA030F02BF90EA020F0020704710F136
S21401B360000F91EA030F58BF994208BF90422CBFC5
S21401B370D8176FEAE37040F0010070474FEA410CBE
S21401B3807FEA6C5C02D150EA013C07D14FEA430CDC
S21401B3907FEA6C5CD6D152EA033CD3D05DF8040B4D
S21401B3A0704700BF8446104662468C46194663467F
S21401B3B000E000BF01B5FFF7B7FF002848BF10F156
S21401B3C0000F01BD4DF808EDFFF7F4FF0CBF01209B
S21401B3D000205DF808FB00BF4DF808EDFFF7EAFF17
S21401B3E034BF012000205DF808FB00BF4DF808EDD2
S21401B3F0FFF7E0FF94BF012000205DF808FB00BFC7
S21401B4004DF808EDFFF7CEFF94BF012000205DF850
S21401B41008FB00BF4DF808EDFFF7C4FF34BF01205D
S21401B42000205DF808FB00BF4FEA410212F500124A
S21401B43015D211D56FF47873B3EB625212D94FEA75
S21401B440C12343F0004343EA505311F0004F23FA5F
S21401B45002F018BF404270474FF00000704750EAB4
S21401B460013005D111F0004008BF6FF00040704771
S21401B4704FF00000704700BF4A0011D212F50012CB
S21401B48011D20DD56FF47873B3EB62520ED44FEA36
S21401B490C12343F0004343EA505323FA02F07047B6
S21401B4A04FF00000704750EA013002D14FF0FF30F4
S21401B4B070474FF00000704753B94AB9002908BFDA
S21401B4C000281CBF4FF0FF314FF0FF3000F08CB961
S21401B4D0ADF1080C6DE904CE00F006F8DDF804E0E5
S21401B4E0DDE9022304B070472DE9F04F099D0E46B1
S21401B4F004460F46002B47D18A429446B2FA82F39D
S21401B5005AD943B102FA03FCC3F120029F409C4082
S21401B51020FA02F217434FEA1C461FFA8CFE220C51
S21401B520B7FBF6F106FB117701FB0EF042EA074284
S21401B530904208D91CEB020201F1FF3702D2904279
S21401B54000F23C813946121AA4B2B2FBF6F006FBB1
S21401B550102200FB0EFE44EA0244A64508D91CEB65
S21401B560040400F1FF3202D2A64500F22A811046F9
S21401B57040EA0140A4EB0E0400211DB1DC4000238B
S21401B580C5E90043BDE8F08F8B4205D90DB1C5E989
S21401B590000100210846F5E7B3FA83F100294FD1EF
S21401B5A0B342C0F00281824240F2FF800846002D7D
S21401B5B0E8D0C5E90047E5E7002B40F0AF808A1ADE
S21401B5C04FEA1C4E1FFA8CF70121B2FBFEF60EFB6A
S21401B5D01620220C42EA004207FB06F090420FD9E1
S21401B5E01CEB020206F1FF382CBF4FF001094FF0A9
S21401B5F00009904203D9B9F1000F00F0DC804646FD
S21401B600121AA4B2B2FBFEF00EFB102200FB07F7E3
S21401B61044EA0244A7420FD91CEB040400F1FF32AE
S21401B6202CBF4FF0010E4FF0000EA74203D9BEF11A
S21401B630000F00F0C9801046E41B40EA06409CE774
S21401B640C1F120048B4006FA01FC00FA01FE22FA41
S21401B65004F7E6408A401F4320FA04F34FEA1748EE
S21401B66043EA0C031FFA87FC4FEA1349B6FBF8F0CE
S21401B67008FB106649EA064600FB0CF9B1450ED9EF
S21401B680BE1900F1FF3A2CBF4FF0010B4FF0000B33
S21401B690B14503D9BBF1000F00F0A2805046A6EBDE
S21401B6A009061FFA83F9B6FBF8F308FB136603FBDA
S21401B6B00CFC49EA0646B4450ED9BE1903F1FF381B
S21401B6C02CBF4FF001094FF00009B44503D9B9F179
S21401B6D0000F00F08280434643EA0040A6EB0C06CA
S21401B6E0A0FB028C66454346E14602D307D1C64518
S21401B6F005D2B8EB02036CEB070C0138E1465DB1ED
S21401B700BEEB030266EB090606FA04F422FA01F31D
S21401B710CE401C43C5E90046002133E702FA03FC8C
S21401B720C3F1200299409C40D6404FEA1C4E20FAB5
S21401B73002F21FFA8CF7B6FBFEF00A430EFB106608
S21401B740110C41EA064100FB07F68E420ED91CEBAE
S21401B750010100F1FF382CBF4FF001094FF000093D
S21401B7608E4202D9B9F1000F34D04046891B92B2FD
S21401B770B1FBFEF60EFB161142EA014206FB07F18B
S21401B78091420ED91CEB020206F1FF382CBF4FF096
S21401B79001094FF00009914202D9B9F1000F16D004
S21401B7A04646521A46EA00410FE7841A66EB030240
S21401B7B001201746FBE6023E624421E70239624455
S21401B7C0C1E664440238D3E66444023834E7023EF4
S21401B7D06244E6E702386144C8E7023B3E447BE741
S21401B7E002383E445BE700BF704700BF2DE9F04FCB
S21401B7F0924685B089461E460D46554A039029460F
S21401B80015F8014B135D13F00803F8D12D2C7CD0ED
S21401B8102B2C4ED04FF0FF3102936FF00043CDE951
S21401B820001336F0100851D037464FEAE6783A460C
S21401B8304346DDE90001FFF73FFE002383468E46BF
S21401B84018461946A44613E0ACF13704A6421FDD9C
S21401B850002B09DB83457EEB010305D38E4508BF2C
S21401B86083453BD1A24239DA4FF0FF3315F801CBBD
S21401B870ACF13004092CE9D9ACF14104192CE3D917
S21401B880ACF16104192C03D8ACF15704A642DFDCF5
S21401B8905A1C2FD0029A12B1404261EB4101BAF113
S21401B8A0000F03D0002B48D1CAF8009005B0BDE8C0
S21401B8B0F08F4FF0FF30029336F010086FF0004320
S21401B8C02C7801F10205CDE90003ADD1302C25D04D
S21401B8D0002E3AD10A27B0463E46A8E700FB08F3F9
S21401B8E007FB0133A0FB07010B44201843EBE4716F
S21401B8F00123BBE72223039A1360BAF1000F17D086
S21401B90005F1FF39DDE90001CEE74FF0004700936E
S21401B91001232C788D1CCDE9017382E72B7803F087
S21401B920DF03582B0CD086B90827B0463E467EE783
S21401B930DDE9000105B0BDE8F08FCDE90001DFE7E4
S21401B94010276C7802353E4671E710273E466EE7B3
S21401B950FD7804004AE700BF10B4044C13460A46BB
S21401B960014620685DF8044B40E700BF14690020DB
S21401B97010B4044C13460A46014620685DF8044B91
S21401B98034E700BF1469002020F0030110F0030023
S21401B990C0F1000051F8043B00F1040C4FEACC0C56
S21401B9A06FF000021CBF22FA0CF213434FF0010C99
S21401B9B04CEA0C2C4CEA0C4CA3EB0C0222EA0302D8
S21401B9C012EACC1204BF51F8043B0430F4D0C2F1A1
S21401B9D0000102EA0102B2FA82F2C2F11F0200EB92
S21401B9E0D20070472DE9F04780460C46454826466A
S21401B9F014F801EB10F80EC01CF0080CF7D1BEF1DC
S21401BA002D0F5BD0BEF12B0F3AD0654633F01000F8
S21401BA103ED04FF0FF379A46B7FBF3F703FB07F923
S21401BA206FEA0909002630460EE0AEF1370C634591
S21401BA301DDD002E04DBB84202D833D1CC4531DD02
S21401BA404FF0FF3614F801EBAEF1300CBCF1090FE4
S21401BA50EDD9AEF1410CBCF1190FE6D9AEF1610C8E
S21401BA60BCF1190F03D8AEF1570C6345E1DC731C2A
S21401BA701CD005B140420AB1F6B91160BDE8F087A5
S21401BA8033F0100094F800E0654606F10204C0D1D8
S21401BA90BEF1300F17D06BBB0A234FF005091A4FC2
S21401BAA09A46BFE700FB0AC00126CBE722233046B1
S21401BAB0C8F80030002AE1D0611EDEE794F800E005
S21401BAC00125B41CA2E7207800F0DF00582807D033
S21401BAD083B908234FF007096FF060479A46A1E73C
S21401BAE0102394F801E04FF00F0902346FF070470D
S21401BAF09A4697E710234FF00F096FF070479A4662
S21401BB0090E700BFFD780400999999196AE700BF8C
S21401BB1010B4044C13460A46014620685DF8044BEF
S21401BB2060E700BF1469002010B4044C13460A46AF
S21401BB30014620685DF8044B54E700BF14690020F5
S21401BB400F4B70B50F4DAB42A3EB050607D0B610F1
S21401BB500024013455F8043B9847A642F9D80A4D0B
S21401BB601FF0EEFA094B5E1BAB424FEAA60606D063
S21401BB700024013455F8043B9847A642F9D870BD15
S21401BB80A86C0020A86C0020A86C0020AC6C0020DB
S21401BB9070B5860747D0541E002A3ED0CAB2034667
S21401BBA001E0013C39D303F8012B9D07F9D1032CA1
S21401BBB02CD9CDB20F2C05EB052505EB054535D95E
S21401BBC0A4F1100C03F1100E1A462CF00F064FEAE2
S21401BBD01C1CB644C2E90055C2E902551032724532
S21401BBE0F8D10CF1010214F00C0F04F00F0C03EB6A
S21401BBF0021213D0ACF1040323F0030304331344FD
S21401BC0042F8045B9342FBD10CF003042CB1C9B299
S21401BC101C4403F8011BA342FBD170BD64461346C6
S21401BC20002CF4D1F9E703461446C0E71A46A446A9
S21401BC30E0E700BF88420ED98B1883420BD900EB90
S21401BC40020C002A6ED0624613F801CD994202F822
S21401BC5001CDF9D170470F2A0FD8034602F1FF3CF8
S21401BC60002A5FD00CF1010C013B8C4411F8012B2A
S21401BC70614503F8012FF9D1704740EA01039B079C
S21401BC8051D1A2F1100301F1200C70B523F00F057C
S21401BC9001F1100E00F110041B09AC445EF8105CB3
S21401BCA00EF1100E103444F8205C5EF81C5C44F86B
S21401BCB01C5C5EF8185C44F8185C5EF8145CE6459B
S21401BCC044F8145CEAD1013312F00C0F02F00F0CA9
S21401BCD001EB031100EB031329D0ACF1040C1C1F7C
S21401BCE08E462CF003064FEA9C0C1E445EF8045B5D
S21401BCF044F8045FB442F9D10CF1010402F00302E6
S21401BD0003EB840301EB840102F1FF3C4AB10CF121
S21401BD10010C013B8C4411F8012B614503F8012FFE
S21401BD20F9D170BD704702F1FF3C03469AE76246BF
S21401BD30EAE700BF2DE9F04F82468E463F4875463A
S21401BD401EF801BB10F80B4014F00804F7D1BBF144
S21401BD502D0F5BD0BBF12B0F6FF0004904BF9EF88F
S21401BD6000B005F1020E33F0100010D1BBF1300F18
S21401BD7004D0002B5ED10A231F4609E09EF800007E
S21401BD8000F0DF0058284ED0002B53D108231F4661
S21401BD900025B9FBF7F6284607FB16980EE0ABF12F
S21401BDA0370C63451DDD002D04DB864202D321D10D
S21401BDB0E0451FDA4FF0FF351EF801BBABF1300C42
S21401BDC0BCF1090FEDD9ABF1410CBCF1190FE6D965
S21401BDD0ABF1610CBCF1190F03D8ABF1570C6345FD
S21401BDE0E1DC6B1C0AD004B140420AB1CDB9116046
S21401BDF0BDE8F08F07FB00C00125DDE72223CAF866
S21401BE0000305AB10EF1FF314846F0E79EF800B017
S21401BE104FF0004905F1020E0124A4E74846BDE8AB
S21401BE20F08F8146EEE710239EF801B00EF1020E68
S21401BE301F46ADE710231F46AAE700BFFD780400A2
S21401BE40242B02D8012B00D074E710B500F02EFA8F
S21401BE5016230360002010BD10B5242A084C134693
S21401BE60246807D8012A05D00A4601462046BDE8BF
S21401BE7010405FE700F01AFA16230360002010BD99
S21401BE801469002010B5242A084C1346246807D8E4
S21401BE90012A05D00A4601462046BDE8104049E77A
S21401BEA000F004FA16230360002010BD1469002078
S21401BEB0844641EA000313F0030349D1403A23D3F1
S21401BEC00B6803604B6843608B688360CB68C36014
S21401BED00B6903614B6943618B698361CB69C361FC
S21401BEE00B6A03624B6A43628B6A8362CB6AC362E4
S21401BEF00B6B03634B6B43638B6B8363CB6BC363CC
S21401BF0040304031403ADBD230320BD30B6803600D
S21401BF104B6843608B688360CB68C3601030103118
S21401BF20103AF3D20C3205D351F8043B40F8043BE7
S21401BF30043AF9D2043208D0D2071CBF11F8013BEB
S21401BF4000F8013B01D30B8803806046704700BFB1
S21401BF50082A13D38B07B1D010F00303AED0C3F178
S21401BF600403D21ADB071CBF11F8013B00F8013BA2
S21401BF70A4D331F8023B20F8023B9FE7043AD9D319
S21401BF80013A11F8013B00F8013BF9D20B78037036
S21401BF904B7843708B78837060467047024B01463E
S21401BFA0186816F0A7BC00BF14690020024B0146B2
S21401BFB0186816F0A2BC00BF14690020CAB38446F4
S21401BFC00B4630B504460843800719D09CF800009C
S21401BFD00C78A04212D150B3012A28D0E64603E0DD
S21401BFE01CEB030F23D010B31EF8010F11F8014FFD
S21401BFF0A2EB0E03A04203F1FF33F1D0001B30BDCC
S21401C000032A07D8E2E7043A11D01EF0803F0ED18A
S21401C010032A10D92068194653F8045BA446A0F1F8
S21401C020013E0434A8422EEA000EECD0CEE70020F2
S21401C03030BD10467047A4461946C7E780EA010C92
S21401C0401CF0030F37D110F0030C20F0030021F091
S21401C050030150F8042B08BF51F8043B0ED08CF0B6
S21401C060030C6FF07F434FEACC0C23FA0CFC51F81B
S21401C070043B42EA0C0243EA0C0300BFA2F1013C76
S21401C0809A4201BF2CEA020C1CF0803F50F8042BA8
S21401C09051F8043BF2D04FEA02604FEA122201281F
S21401C0A028BFB0EB036F08BF1B0AF4D003F0FF03F1
S21401C0B0000EC01A704710F0030F0AD010F8012BBB
S21401C0C011F8013B012A28BF9A42F4D0A2EB0300E3
S21401C0D070474DF8045D50F8042B01F0030521F07C
S21401C0E0030151F8043B022D26D04DD822F07F459E
S21401C0F0B5EB132FA2F1013C2CEA020C0DD11CF07A
S21401C100803C08BF51F8043B0AD185EA0205B5EB2D
S21401C110036F0CD150F8042BE8E74FEA13235BE0DA
S21401C1203CF07F4C54D10B784FEA126554E04FEA4D
S21401C130126503F0FF034FE04FEA0245A2F1013C0E
S21401C1404FEA15452CEA020CB5EB134F18D11CF03B
S21401C150803C08BF51F8043B07D185EA0205B5EBE0
S21401C160034F09D150F8042BE6E75FEA0C4C2FD1B8
S21401C1700B884FEA12452FE04FEA03434FEA124578
S21401C1804FEA134328E000BF02F0FF05B5EB136F3B
S21401C190A2F1013C2CEA020C0DD11CF0803C08BF38
S21401C1A051F8043B0AD185EA0205B5EB032F0AD103
S21401C1B050F8042BE8E74FEA13630DE012F0FF0F87
S21401C1C006D051F8043B4FEA122523F07F4303E0E3
S21401C1D04FF0000020BC704705F0FF0203F0FF009F
S21401C1E0012828BF904204BF2D0A1B0AF4D0A2EBF7
S21401C1F0000020BC704700BF08B5064B044613B1CB
S21401C200002100F0AFF8044B1B6803B198472046A5
S21401C21014F0A9FD65C30100B451002000230146B6
S21401C2201A46184600F048B8032A30B415D941EA30
S21401C230000484460B46A40704D0541E0FE0043ABB
S21401C240032A08D91946604653F8044B5CF8045B88
S21401C250A542F4D0F1E760461946541E7AB1431E52
S21401C2600139021901E09A4209D013F8010F11F8B9
S21401C27001CF6045F7D0A0EB0C0030BC7047002022
S21401C28030BC704738B5074D074C2C1BA41005D0A1
S21401C290013C55F8043D9847002CF9D1BDE83840DB
S21401C2A01EF054BFB06C0020AC6C0020014B186827
S21401C2B0704700BF14690020F0B5264C83B00646CF
S21401C2C00F46256805B36C681F2C3FDCA6B1D5F870
S21401C2D0880048B3D0F800114FF0010C40F8242034
S21401C2E0022E00EB84020CFA04FC4CEA0101C0F8B1
S21401C2F00011C2F8803010D0631C002002346B603D
S21401C30045F8247003B0F0BD13491448216010B1FC
S21401C3100068C1F88800104DD5E7D0F8043143EA2B
S21401C3200C03C0F80431E7E70D49CDE9002369B1F4
S21401C3304FF48470FFF732FE40B100216C68C0E90B
S21401C3404011DDE90023C5F88800C5E74FF0FF304E
S21401C350D8E700BF44520020B8510020000000007A
S21401C3609DBF01002DE9F04FDFF8B49083B0D9F8F6
S21401C370006096B3884601907568D6F888706C1E82
S21401C3802BD4013507F1800B06EB8505B8F1000FBC
S21401C39026D173682A68013BA3423BD000232B6059
S21401C3A0BAB1D6F804A05FB30123D7F80011A340B1
S21401C3B00B4225D0D7F8040157F8241003422BD19D
S21401C3C0019890477368D9F8002053451ED1B242B0
S21401C3D01CD1013C043D631CD8D103B0BDE8F08FED
S21401C3E04FB15BF824304345D3D0013C043D621C79
S21401C3F0F3D0002FF5D1013CEFD3013CFBD2ECE7A3
S21401C40090477368D9F800205345E0D0002AE4D05D
S21401C4101646B1E77460C3E708469047D2E700BF07
S21401C42044520020431E033306D8044B984228BFCB
S21401C4301846642838BF6420704700BF40420F008A
S21401C44038B5194B05461B680C4603B1984744B1ED
S21401C450236833B11B68013303D0E3680BB1A368CB
S21401C4604BB91AF03EF900204FF4C172412100F099
S21401C470FFF9212038BD204602F04AFC00230B4A72
S21401C48085F83C31C5E93743C2E9003363694BB1EE
S21401C490074A422110684FF4D272C31A58425841D3
S21401C4A000F0E6F90020E5E7B454002058650020C6
S21401C4B018550020F8B504461EF041FB0026074635
S21401C4C00E4B1B6893B19E68AEB196F82420D20736
S21401C4D011D435460FCC0FC50FCC0FC523682B6082
S21401C4E096F8243043F0010386F8243038461EF0CF
S21401C4F021FB3046F8BD1B68E4E700BF68690020F1
S21401C50010B5044618B9054B054A136010BD00F076
S21401C510D9FCD4F8E830002BF6D1F4E78D5E0300A1
S21401C52064690020014B1868704700BF58650020F9
S21401C53008B502460868FFF775FF08604868FFF708
S21401C54071FF48608868FFF76DFF8860C868FFF76D
S21401C55069FF0B69C860581C03D00B48834228BF8B
S21401C56003460B614B69581C03D00748834228BF1A
S21401C570034688694B61FFF755FFBDE808408861AF
S21401C580104601F07BBC00BF40420F00D0F8E030FF
S21401C5902DE9F04105460C4613B1C38D8B424CD0B4
S21401C5A0D5F8DC30002B4BD09E68002E48D0D868DA
S21401C5B0002845D0013800B200281ADB002106E029
S21401C5C0128A591CA24217D209B2884211DB0B18F3
S21401C5D003EBD3735B1003EBC30206EB8202B2F8E4
S21401C5E00EC003F1FF3EA445EAD90FFA8EF0884249
S21401C5F0EDDA2120BDE8F0814FF6FF7299B2914243
S21401C600F7D09BB203EBC30306EB83062846B6F9C5
S21401C610122095F83011D5F8F080EEF709FE07469E
S21401C620B8F1000F04D00023324628461946C04709
S21401C630EC85C5F8E06085F839710020BDE8F08129
S21401C6400E20BDE8F08100BF2DE9F04782B0044618
S21401C6500F46164601F086FE002863D14F4D2B6823
S21401C660D4F8DCA0D4F8E0800BB1534576D04FF077
S21401C6700009AF6001F09EFE0128074665D12046FD
S21401C68019F06EFF002851D12B68DAF80010D8F89F
S21401C690002013B1186888426BD0204619F012FFAB
S21401C6A0C5E900A8D4F8F0508DF80760002D67D0D2
S21401C6B00022204611460DF10703A847204600F048
S21401C6C0EDFF0546B9F1000F0FD076B9D4F88C30DE
S21401C6D00BBB012F05D025B1314B002103205B6830
S21401C6E09847284602B0BDE8F087B5FA85F040F2D3
S21401C6F007523321400900F0BBF83146204601F0CD
S21401C7000BFA284B05461B68414620469847D4F845
S21401C7108C30002BDDD000224FF40073204600F051
S21401C720E1FBD6E700231D4D6B6098E794F82530B2
S21401C730DA07A9D5D4F894305B05A5D51A4B0122A2
S21401C740002120461B6898479EE70021012000F043
S21401C75001FC01F02FFE0128FBD190E76B68002B4E
S21401C76085D0434583D1AB689F4215D04FF0010970
S21401C7707FE7696811B10968914291D059688CE7E1
S21401C78094F82A1094F839313246994228BF19464E
S21401C790204600F0D1FE91E70025A2E7586500206B
S21401C7A07069002064690020B8540020F8B50F466F
S21401C7B005461EF0C4F9394606462846FFF7E6FE4A
S21401C7C0044620B130461EF0B5F92046F8BD01F00A
S21401C7D0A7FD224639462846FFF736FF04460028BD
S21401C7E0F0D1284619F0BCFE0028EBD095F825308C
S21401C7F013F001030DD0D5F8942052050DD5B5F8E8
S21401C8002A21BA4205D0B5F82C31DB1BB3FA83F3E3
S21401C8105B09034A82F8C430D4E72346F9E700BF30
S21401C820001E00B013B50446694619F05DFC2046AB
S21401C83019F0A1FDFF28024606D020469DF80010FB
S21401C840EEF774FD02B010BD0048FBE70080FFFF65
S21401C85038B5044D044C054B286021601A601DF064
S21401C86069FE38BD485400206C6900204C540020F5
S21401C87010B550B90548064B0160064802601868B5
S21401C880054B18601868FFF7E3FF10BD6C690020C0
S21401C890A45500204C540020485400202DE9F041B6
S21401C8A08AB001AC05460B462746194A02F1200C10
S21401C8B0264610685168083203C662453446F7D1E9
S21401C8C0002B08BF3B46002710681C4630603846E0
S21401C8D003F10C0690B95FFA87F84246284621888C
S21401C8E019F041FE50B942462846E18819F04CFE3F
S21401C8F020B942463146284619F058FE0137032F23
S21401C90006F1080604F10204E4D10AB0BDE8F0819C
S21401C910207A0400F0B589B005460E4619F055FE9A
S21401C920044600BB01AC06F10C070FCF0FC497E815
S21401C930070084E8070001A92846FFF7F9FD284605
S21401C940311D1AF01CF8044648B92846074901F07B
S21401C95057FA044618B9284601F0C6FD044628468B
S21401C9603168FFF79BFF204609B0F0BD187A040036
S21401C970014919F00CBC00BFB9E4010070B5164EB0
S21401C980032804460D4633781ED023FA04F202F03B
S21401C9900102AA421DD053B10122A240A54023EABA
S21401C9A002032B43DBB233704BB1012070BD2DB1B6
S21401C9B00A4B01201B6898473378EDE73570074B23
S21401C9C000201B689847F0E79A07DED003F0FC03C7
S21401C9D0E9E7002070BD00BFA76200208C5400204C
S21401C9E038B504460D4605F077FD60B101F0C6FC8A
S21401C9F048B9012D07D8012019F092FD0D4B1B688F
S21401CA0023B15B6898470C4B1C7038BD1EF0F1F9DA
S21401CA100A4B1A68801A18601CF006FF4FF47A72E7
S21401CA20074B1B6802FB003019F0AFFB012001F039
S21401CA30ADFCE8E7B05400207B6C00208454002055
S21401CA4088540020F8B505460C461EF078F8104FBD
S21401CA5006463B7833B1012D04D01CB90D481CF0B5
S21401CA6035FE3C7021462846FFF788FF0A4B0446F0
S21401CA701B783BB93B782BB919F046FD10B1074B33
S21401CA801B68984730461EF055F82046F8BD00BF93
S21401CA90A862002060540020A76200207069002070
S21401CAA0054A0B46117831B100211170034A012164
S21401CAB05268187810477047A862002070690020F5
S21401CAC0124B0239012910B518701ED805F004FD65
S21401CAD0D8B101F053FCC0B101F034FAA8B90C4B3F
S21401CAE01C6834B123689847BDE81040002019F04F
S21401CAF017BD19F048FB074B18601EF07AF9064B74
S21401CB001860204601F042FCEEE710BD7B6C002069
S21401CB10B0540020885400208454002038B50446C0
S21401CB2080B11EF00CF80121044608461CF072FA8A
S21401CB3001210B4A084615F0B1FF2046BDE83840F2
S21401CB401DF0F8BF1DF0FBFF0546214601201CF035
S21401CB5061FA01202146024A15F0A0FF2846EDE7BA
S21401CB60E24F0400F0B585B01DF0E9FF344D0446F0
S21401CB702B7823B133481CF0A9FD002852D11CF0B4
S21401CB802FFE02AA03A919F0A9FC0346002838D0F3
S21401CB9019F0B8FC029B98421CD100202A4B03993D
S21401CBA01B682A4E9942307020D90027C91A0123E2
S21401CBB024482B70264A3346CDE900771EF0F5F857
S21401CBC0002837D1234A1378D90701D53178F9B12E
S21401CBD0204611E019F094FC029B984228D00023CD
S21401CBE018461949194A0968137003910121FFF77C
S21401CBF0C5FE002320462B701DF09CFF002005B0CB
S21401CC00F0BD20462B701DF095FF212005B0F0BD2C
S21401CC1003F0FE031370002BDAD10F4B1B68984705
S21401CC202046E9E720461DF085FF0E2005B0F0BD41
S21401CC300220B3E7032320462F703370F3E700BFCB
S21401CC40A862002060540020805400207A6C0020E6
S21401CC50A1CA0100A76200208C54002038B51DF03F
S21401CC606EFF0F4D04462B789BB90E4A0E49137082
S21401CC700E4B0F4A0F481A600F4A5A60EFF782FFB1
S21401CC800E490F48EFF77EFF0E4B0F4A1A6001233D
S21401CC902B70F0F781F820461DF04CFF002038BDC0
S21401CCA0A9620020A8620020447A0400706900206E
S21401CCB065CB01005054002045CA01004C7A04009F
S21401CCC0585400208C5400201DCB01002DE9F04360
S21401CCD08F7880460F2F0C4685B003D9212005B0EA
S21401CCE0BDE8F08327B90123374A00201370F6E721
S21401CCF00D784E78EDB9002EF0D194F90310E08846
S21401CD0003F00AF82128E9D055EA0603A088DFF8DF
S21401CD10C89013D003F064F84FF60403B9F8002066
S21401CD2001469A424BD1AE42334638BF2B460026C7
S21401CD302DE0082DD2D8082ED0D8DEE703F050F823
S21401CD404FF6040501464FF60500204A136E9BB2C6
S21401CD50AB4208BF0346B1F5803FA9F800300FD9B2
S21401CD6002230825136680230126C2F880302B464D
S21401CD7049084FF6FF720139914228BF114608E073
S21401CD808023012608251666C2F880302B46002926
S21401CD90EFD1002202920122013FFFB200920197D9
S21401CDA02A4608F1F80002F0B7FE1EB14FF48012D1
S21401CDB0074B5A65074BA2681A60022394E703489B
S21401CDC00266A9F80030AEE7AA62002000C001B8EA
S21401CDD000D001B898540020026C002010B504461B
S21401CDE0D0F818210B4B4FF40061C3F8A82090F837
S21401CDF02420D20102F4006205F0D2FA94F824301D
S21401CE0013F0100F4FF4007314BF034A034A13675D
S21401CE1010BD00BF001E00B0001002B8002002B80E
S21401CE20431C07D06FF0FF02034B10401A62A3F5B4
S21401CE3080531862704700BF00E000B8F8B504469A
S21401CE400F4616461DF07BFE0546A047044620B158
S21401CE5028461DF06FFE2046F8BD04F07FFC042234
S21401CE600549D1F8D83E23EA07033343C1F8D83E33
S21401CE70024B1A67ECE700BF001000B0002002B8B2
S21401CE8000F01803182B0AD003070AD440F2011346
S21401CE9010F0100018BF1846034B186570470020A5
S21401CEA0FAE70120F8E700BF001F00B0044B18683E
S21401CEB0830654BFC0F30F204FF6FF70704700BFC4
S21401CEC08055002038B10368044A002B08BF13467A
S21401CED0034A13607047014BFAE700BFD5610300B0
S21401CEE07C69002010B4D0E9544122400B4052EA3C
S21401CEF0030104D003495DF8044B096808475DF84F
S21401CF00044B70477C6900200F2938B505460C464E
S21401CF100ED801F04FFA01280CD1074A2846D36BE8
S21401CF2023F00F032343D36319F05EFB002038BDC3
S21401CF302120FCE70220FAE7001F00B0014B186C25
S21401CF40704700BF001F00B0014B002019647047F6
S21401CF50001F00B003282DE9F347884655D82C4B0F
S21401CF6013F800902B4B1E5C2B4B13F800A01DF002
S21401CF70E6FD074604F03EFB054640B100230022CD
S21401CF80CDE9003301200023002104F079F904F0F3
S21401CF9039FB48B100230022CDE9003300200023ED
S21401CFA04FF4004104F06CF96EB31C4BDC6C04F0DA
S21401CFB008041B4B3146DC64484604F02DFC5246FF
S21401CFC03146484604F092FC164BDC646DB1164BB4
S21401CFD01868D0F89410F83003F06EFA1349086810
S21401CFE0FFF71EFF4FF0FF330B60B8F1000F04D0C0
S21401CFF00F4B002103205B689847384602B0BDE816
S21401D000F0471DF097BD3446D3E702B0BDE8F08780
S21401D0105C7A0400587A0400547A0400004000B890
S21401D020006000B8005000B8A455002078690020C0
S21401D030706900200F4A136F13F0A00F15D1506FBF
S21401D04010F0040013D10C4BD3F8D83E23F07F43E5
S21401D05023F0FF035BB1D368C3F30362092A07D049
S21401D060B2F10C0018BF0120704700207047012064
S21401D070704700BF000002B8001000B070B50D4642
S21401D080064620B91A4B1B68A3B10E2011E001F029
S21401D09091F9012829D1174B93F90040C4F11C04DA
S21401D0A0641BC4F11C03002BB8BF5B42232B0CDDB1
S21401D0B0212070BD81EAE173A3EBE173DBB2232B80
S21401D0C0F6D80C4B19700020F3E786F828501DF0AF
S21401D0D036FD094AE402D36904F4FF2423F4FF234E
S21401D0E01C43D4611DF026FDEDE70220E1E700BFF9
S21401D0F0A4550020AB62002000C000B818B9034B4D
S21401D10093F90000704790F928007047AB62002041
S21401D11010B5044619F024FA10B1012001F0D4F933
S21401D1202046FFF75BFE1DF00AFD0A4A0121D2F8F0
S21401D130A030044623F02003C2F8A0300222064B9A
S21401D14008469A60054B5B68984720461DF0F2FC3E
S21401D150002010BD001E00B0001002B8706900204B
S21401D160064B5A6A920207D4D3F8803013F4706FD4
S21401D17014BF01200020704701207047004001B80D
S21401D180F8B50E46D0F8943002EA010423EA01030A
S21401D1902343C0F89430464A01F00B0323EA040106
S21401D1A0D1642340A2F58052D3647207054610D598
S21401D1B00121FFF7D5FF60B104F0D0FA4FF40073F8
S21401D1C014F0040F14BF3B4A3B4A536204223B4B04
S21401D1D01A67F30606D514F0100F14BF00221B229F
S21401D1E0374B5A6537061DD5200616D54FF4001263
S21401D1F0304B1A62012203F58053C3F800211DF05B
S21401D2009EFC0E210746032003F09EF840F2012201
S21401D2102B4B3846DA621DF08DFC214605F1F800ED
S21401D22003F04AF9F10503D5E2052AD503F05CF8C7
S21401D230B30503D5A70527D503F062F816F48C6F5E
S21401D2401DD014F4806224D095F82530DC070CD567
S21401D250EA8DB5F82A31934219D0B5F82C31981ACF
S21401D26043424341174A82F8C430D5F8E4102846B1
S21401D27018F0B1FF8022144BD864144B1A610020B9
S21401D280F8BD03F02BF8D3E703F034F8D6E7012313
S21401D290E8E77105E9D595F82530DB07E5D5094BB3
S21401D2A0114683F8C4200A4B28461B689847DCE7DA
S21401D2B0006000B8005001B8006001B8002002B854
S21401D2C0004000B8001E00B0001F00B0000002B809
S21401D2D0B8540020014B1868704700BFA4540020C2
S21401D2E037B51DF02CFC002401230022CDE90034C3
S21401D2F0002305461946104603F0C2FF022002F03D
S21401D300E7FA064B21461C60054B02205B689847EE
S21401D31028461DF00FFC204603B030BDAC5400205B
S21401D320706900202DE9FF4102290D4616469846F0
S21401D330039004D1FFF7D4FF04B0BDE8F0811DF0DF
S21401D340FEFB1E4F04463B683BB1B34205D01DF0C1
S21401D350F1FB002321203B60EEE7194B0022C3F8C6
S21401D36000803E60002301264FF000081046194653
S21401D370CDE9006603F084FF124B022083F800809B
S21401D38002F0A6FA43462A46022003A902F0BEFA94
S21401D3900D4B039A1A6008B92046D8E70B4D2B6847
S21401D3A09847212804D020461DF0C4FB0020C3E77F
S21401D3B031466B6802209847F5E700BFAC54002061
S21401D3C0A8540020AD620020A454002070690020FB
S21401D3D0044B5B6E5B054EBF0120034B187800F0D3
S21401D3E00100704700C001B8AD6200200A78022A29
S21401D3F011D0101F4242424152004B781201022BBB
S21401D4000BD0191F4B424B415B000549054842EAC8
S21401D4108312FFF713BD0122EFE70123F5E700BFF3
S21401D420F0FFFF00FDE301000B78022B10D0181F60
S21401D430434243415B004A78022A0BD0111F4A42FD
S21401D4404A4152000F21044843EA8202FFF7F6BC24
S21401D4500123F0E70122F5E729E401002DE9F8436D
S21401D4600E780446042E0D4690F830810BD1002725
S21401D4705FFA87F9484601F07DFD08B14E4602E0A5
S21401D4800137042FF4D1304601F074FD002849D04D
S21401D49094F83031B34209D1AA88D4F8A8309A4218
S21401D4A004D16A88B4F832319A4238D084F83061AF
S21401D4B0AB883046A4F834316B88A4F83231AB8897
S21401D4C004F59875C4F8A830FF2384F82B3019F0BA
S21401D4D03CF984F82A00284601F078FC18BB284657
S21401D4E001F03EFDF8B9D4F8E03053B194F83011AC
S21401D4F0414506D02046B3F91220EDF799FE84F88F
S21401D5003901204601F09AFE0949A4F834010123A5
S21401D510084AD1F8FC1004F1F80003F0AFFC002033
S21401D520BDE8F88321200C2384F83031F8E700BFEA
S21401D530001F00B0581F00B0F8B5054690F830013E
S21401D5400C460C28164623D0FF2923D01AB14FF0DB
S21401D550FF32114B1A6019F0F8F8074695F83001BA
S21401D56001F068FD844228BF0446E4B2BC4238BFDD
S21401D5703C46E0B285F82B0001F002FEFF280CBF06
S21401D5802124002416B9284601F068FD2046F8BD7E
S21401D5900224FBE72124F9E78069002010B590F802
S21401D5A0303104460C2B43D0D0F8E03080F82A10F6
S21401D5B0D3B3D0F8F020CAB990F839318B421BD3D7
S21401D5C000222046FFF7B8FF40BB1A4B1B78022B00
S21401D5D023D8204601F032FE17490123174AD1F815
S21401D5E0FC1004F1F80003F049FC16E0B0F9422003
S21401D5F0B3F912309A42E3DD0022204694F839113D
S21401D600FFF79AFF50B9C4F8E000204618F0E6FC90
S21401D6104FF6FF739842014601D1002010BD204607
S21401D620BDE81040FFF7C2B8FF2380F82B30F4E7BF
S21401D6300220F3E7066C0020001F00B0581F00B060
S21401D640F0B51D46144B04461B780F46164685B0AA
S21401D6505BB1D0F8E030E3B102AAB3F91230009220
S21401D660002214F07DF905B0F0BD02A918F03CFDCA
S21401D6709DF808103A462046EDF7DAFD014626B930
S21401D6802A462046FFF758FFEDE72046FFF786FFBC
S21401D690E9E71846E7E700BFA6510400D0F89C303A
S21401D6A0012B01D10020704770B5044665498CB046
S21401D6B019F080F8D4F8E0600146E58DC4F8E4007E
S21401D6C026B1336813B15B68002B71D11DF037FAB0
S21401D6D01DF030FA0123D4F8E4108DF80630B38932
S21401D6E0D6E90120EB1A9BB200FB03225648ADF89F
S21401D6F00430036800928B4207D0204618F06BFD79
S21401D70080225249524BC8641A61514D00F052FEB4
S21401D7100128FBD1AB689E06F8D420469DF806206A
S21401D720009906AB03F0E6F800283ED100F042FE71
S21401D7300128FBD1464A136FD801FCD49368990699
S21401D740F9D4684606A903F08DFA054668BBE28D52
S21401D750404B5A6494F8243060F3410384F8243033
S21401D76000F0EEFFD4F8E0305969431E0E68DBB2D4
S21401D770FD2B029622D9F31C34D84B68FF2803935D
S21401D7805ED10126DA1C25D8024602A9204618F0E9
S21401D7903AFFE6B9D4F8543199053FD494F82430C9
S21401D7A043F0020384F8243011E002200CB070BD6F
S21401D7B01A68032A8AD99B6A5B0E8EE74B68012892
S21401D7C00393DED00246204602A918F01CFF002073
S21401D7D00CB070BD0133204B5B6816D0DA1C23D821
S21401D7E00393D1E71C4B01361B6818BF0126DD1CCD
S21401D7F006D802934B68FF280393C3D00020C3E7E3
S21401D800FF284B6819D00393C3E7DD1C0FD80246E7
S21401D810204602A9039318F0F6FEBBE720464FF414
S21401D820803119F078F8D2E7FF28B2D1E6E7FF2871
S21401D830B0D10022204602A9EDE701200393A1E71B
S21401D8402A46C0E7FC1F00B094540020001F00B019
S21401D850000002B8008001B88869002010B50C46A7
S21401D86019B118F07DFE00B10434204602F0B8FA72
S21401D870024B4042C3F8C80E002010BD001000B095
S21401D880838E70B593420C4615461CD3836C8B422F
S21401D89008BF00241DF053F94FF49C530B4906466C
S21401D8A0CA68C2F30362D340DA0702D50B6F9B0343
S21401D8B004D401222946204601F016F830461DF010
S21401D8C039F9002070BD2120FCE700BF000002B836
S21401D8D02DE9F84F064615460B4611B92120BDE83D
S21401D8E0F88F002AFAD0032905D8002201F05EF944
S21401D8F003460028F2D01C889978B4F5804F01F0D1
S21401D900070080F0C580A0F1070C1A7993F805A0EE
S21401D910DF88DCF1000343EB0C0305282B7394BF6F
S21401D9200023C1F30013C1F3801C6B738B0985F8C8
S21401D93010C003F00203C1F3C00C43EA0C03C1F3A9
S21401D94040116B74A974AF82002A40F0828096F869
S21401D9501E31013BDBB2EB74D6F89430DF0600F1E2
S21401D9608380063801287FD8B6F81280F76908F157
S21401D970FF38484B083C04EA08045B6D3B5D013404
S21401D980802B0EBF6FF07F03323B5BB2AB7300237D
S21401D990AB6096F8279004EA0804B9F1000F61D14C
S21401D9A0631D03EA08035A1C02EA0802BA5CFB5C20
S21401D9B043EA0223D9040FFA83FB4CD5D6F8E430A8
S21401D9C013B11B68022B05D841F24D724C21002081
S21401D9D0FEF74EFFD6F8E420CBF30B0392F8242093
S21401D9E0DB000AB1B3FBF2F39A4508D83BB1CAEBA8
S21401D9F00A2ABAFBF3FA6FEA0A0A5FFA8AF9D6F834
S21401DA00EC3023B1484695F90E1098478146631CC1
S21401DA1085F80F9003EA0803F95C013303EA08036B
S21401DA20FA5C013303EA080341EA0221FA5C013396
S21401DA3003EA0803F85C41EA0241002341EA006177
S21401DA406A7C304603F0D8FA06232860AB710020C2
S21401DA5045E7531E7EE717F804904FEA49095FFA37
S21401DA6089F9CCE79946D2E700230020EB730A4BED
S21401DA705A69C2F30723120448BF63F0FF035AB280
S21401DA8012F1800F1CBF323B5AB2AA730346DCE781
S21401DA90022024E7004000B800C000B838B514885A
S21401DAA011F003054FEAC40422D13F2C20D9B4FA61
S21401DAB084F4C4F11903DBB2052B01D8192C15D057
S21401DAC0052B28BF052301240633DBB29C40C4F393
S21401DAD0CF03138003828161448700F02DFF054A3E
S21401DAE0631E2343C2F8A430284638BD2B46EAE716
S21401DAF02125F9E7001E00B011F5004F1FBF01F305
S21401DB000E01044BC1F30E01002014BF99642120BD
S21401DB10704700BF008001B8F8B504460E4619B933
S21401DB2090F824305A063FD44FF6FF73618ED4F82E
S21401DB30E470994204D0314B1B680BB120469847DC
S21401DB402F4D2B68BB424DD02E4B1B683BB11FB1EE
S21401DB503A68002A48D0BF683946204698470727C2
S21401DB60204601F06BFB002E32D006270126264BFD
S21401DB7094F9282093F900302449C3F11C039B1A19
S21401DB80CA69DB0222F4FF2203F4FF231343CB61AD
S21401DB90D4F8E4301E4A2B601E4B976720461E7051
S21401DBA018F022FD0020F8BD4FF6FF71144DD0F895
S21401DBB0E4702A6866F386139742418680F824301B
S21401DBC017D0104B1B68002BC1D101F037FB07277C
S21401DBD011493B46114AD1F8FC1004F1F80003F054
S21401DBE04DF9C2E70127BBE7174620463946984755
S21401DBF0B5E701F023FB0127EAE700BFA0540020A8
S21401DC00945400209C540020AB62002000C000B851
S21401DC10006000B8AC620020001F00B0581F00B0C2
S21401DC20054A12681AB190F81E1119B9104708462C
S21401DC3002F0AABB014870479054002000FEFFFF87
S21401DC40344B2DE9F7431C6801F4007900F0010319
S21401DC50174653EA090206460D4635D04FF000082E
S21401DC603BB30023002200210120CDE9008803F008
S21401DC7007FB042001F02CFE41462046FFF7D0FFAB
S21401DC80012241462086104618F05AF9D4F894101D
S21401DC9004F1F80002F010FC1F490868FFF7C0F80D
S21401DCA04FF0FF330B6094F8243043F0040384F8FC
S21401DCB02430B9F1000F07D00121204618F02BFEC1
S21401DCC025F4007506430D432B4632462046FFF7E2
S21401DCD009F9FB070FD51149114A08680021136895
S21401DCE0116001210F4A117003B198470E4B0021B4
S21401DCF002205B68984717F00E0F08D04FF40972A0
S21401DD003B21002003B0BDE8F043FEF7B1BD03B0F0
S21401DD10BDE8F083A455002078690020A8540020AF
S21401DD20AC540020AD6200207069002008B548227E
S21401DD3000210248FDF72CFF002008BDDC1E00B0C4
S21401DD4073B578216422A0F8141182210C23C0E94E
S21401DD504112C0E94322C0F8002107224FF0FF35E7
S21401DD60002680F830314FF6FF730446C28700F173
S21401DD704C0282641E4AC385A0F8403080F82C30DD
S21401DD8043864263038780F82860C0F8A85045851B
S21401DD9080F8265003F03EFC2046FFF7C7FF94F9B3
S21401DDA028102046FFF76AF9602340F6FF71114AF2
S21401DDB02046D36402F11C42D162D1650E4A29463F
S21401DDC0D36440220D4B1A67D4F89420FFF7D8F994
S21401DDD00E230022CDE9003340F2022310461946F5
S21401DDE003F04EFA01F0E2F8304602B070BD00BF13
S21401DDF04000FFFF004000B8005000B8002002B805
S21401DE0010B50C46FFF792FFBCB1A378082B16D8C5
S21401DE10E278082A13D843EA021313F0FF030CBF73
S21401DE2019466168074AC2F8DC10217882F8201189
S21401DE30617882F8233182F82111002010BD21205B
S21401DE40FCE700BF001E00B0012A10B512D8032B54
S21401DE5010D803EB82020123074C934094F8220169
S21401DE60DBB221B10343002084F8223110BD20EA41
S21401DE700303F8E72120F9E7001E00B0034670B55A
S21401DE800C68B0F83421013408BFD3F800418D681E
S21401DE9008BF0C604C68F830013404BFD3F80C415D
S21401DEA04C606E1C3CD1D3F80841CE688C60751C62
S21401DEB03CD1D3F804510E69CD60013604BFD3F8C6
S21401DEC0F8600E614E69013604BFD3F8FC604E61FE
S21401DED08E69013604BFD3F810618E618E695EB318
S21401DEE05A32B24238BF32460E688A6116B15A2E8D
S21401DEF038BF5A26C3F808414C68C3E94065C3E9F0
S21401DF0043420A69C3F8F8204A690C49C3F8FC2061
S21401DF10D1F8FC1007230A4A02F0B0FF002070BDBA
S21401DF2002F15A04AC4238BF2C46BEE702F178052E
S21401DF30B54238BF3546BEE76422D5E7001F00B0BC
S21401DF40581F00B070B51CF0FAFD04460B4E00F0E9
S21401DF5031FA012805D020461CF0ECFD02252846A2
S21401DF6070BDF36813F0706FC3F30365EFD1B36A46
S21401DF70DB06ECD520461CF0DDFDF0E7000002B81C
S21401DF8038B51CF0DCFD4FF6FF710A4A13888B4248
S21401DF9003D11CF0CFFD0E2038BD074C074D1B04E6
S21401DFA06566A4F58054636611801CF0C3FD0020ED
S21401DFB0F2E700BF046C0020006001B80000FFFF1C
S21401DFC02DE9F74304460F4615461E46FFF732F87D
S21401DFD030B3A38A23B3204618F0C8F878B9002EC8
S21401DFE040F0F280794BD3F8D83E03F03002102A85
S21401DFF000F0EA8003F0C003402B00F0E580DFF874
S21401E0000082D8F81430D90740F1DE801CF097FD65
S21401E0100646032001F058FD30B130461CF08AFD5B
S21401E020022003B0BDE8F083D8F8142012F00608E9
S21401E030F3D130461CF07EFD644B4FF40061204660
S21401E040D3F8D89ED3F8AC6E04F0BEF940B14FF4C5
S21401E050007201215E4B08461A67424617F070FFB0
S21401E06094F82530DA0707D5D4F894305B0542BF1B
S21401E0704FF40022574B1A6739462046FEF796FBA7
S21401E080524BC3F8D89EC3F8AC6E0028C9D194F899
S21401E0902430980601D4002D57D0C5F3400003F074
S21401E0A023FB022315F4807F1BBF0021494A484AFF
S21401E0B0136717BF484A13675161136303F04EFB9A
S21401E0C04FF4806315F0040F14BF444A444A15F018
S21401E0D0400F53624FF004023D4B28461A674FF03B
S21401E0E0400314BF3F4A404AC2F88830FEF7C8FED4
S21401E0F0204618F065F938B14FF4807315F0010F1A
S21401E10014BF344A324A1367A90647D54FF6FF7241
S21401E110B4F8403093420FD0344A3549526E100C51
S21401E120C2F301120132B3FBF2F308802B4A2C49E9
S21401E13030481B0448665366003D18BF012594F815
S21401E140243065F3451384F82430204618F008FA85
S21401E150F0B1204618F034F9D0B14FF40031204622
S21401E16004F032F9431C03229BB2234801A918F09C
S21401E170AFFA9DF8042002F00703052B9DF8053041
S21401E18015D112070DD443F480731C4AC2F8B83077
S21401E190002003B0BDE8F04318F0A7BAFFF7F0FE81
S21401E1A0CAE713F0040F09D19DF80630EBE703F038
S21401E1B03002202A05D113F0010FF4E74FF48073E3
S21401E1C0E3E79DF80630E0E70E202AE7001000B0EE
S21401E1D0002002B8001002B800400054005001B8F8
S21401E1E0006001B800D000B800E000B8004001B8F7
S21401E1F0046C00200000FFFF08400054001E00B021
S21401E20000C001B82DE9F3410646884615461F466B
S21401E2101CF095FC0446032001F056FC38B120465C
S21401E2201CF088FC0E24204602B0BDE8F0810420D4
S21401E23001F04AFC0028F2D120461CF07BFC0123A9
S21401E2402A4641463046FFF7BBFE04460028EAD17F
S21401E250DFF8C8805FB388F8000039463046FEF71D
S21401E26035FD00284CD198F80030012B1CD0202217
S21401E270244B1A67244BDB6CB3F5817F1FD2012038
S21401E28018F074FA1CF05BFC204B06461B680193E1
S21401E290CBB901F093FC15F0800526D101F0E0FC26
S21401E2A0284603F0F5F925E003F008FABBE798F8ED
S21401E2B00030012BF8D0002BD9D12124B3E78022DE
S21401E2C0134B1A61DBE7042001F002FB0023012255
S21401E2D0042001A901F01AFB0028DAD103F056FA4E
S21401E2E0212430461CF026FC9DE70022094B9A6744
S21401E2F001F0B6FC084B01215B6800209847F0E767
S21401E300044690E7001002B8001F00B098540020A1
S21401E310000002B800C001B870690020AA6200209F
S21401E32008B50C4BD3F84C114B1C12D011F08041A0
S21401E3300FD1094B1B6813B10320FEF70BFE4FF0FC
S21401E34080624FF40071054BDA67054AD1620122FB
S21401E3505A6108BD0080E00FA4550020001002B8E5
S21401E360004000B84FF40022034B186F03F500532A
S21401E3701A67C0F3C0407047000002B8024B5869E4
S21401E38000F00100704700BF00C001B8084B5A6991
S21401E390D10707D508B901F077BA5B69DA0706D461
S21401E3A001F064BA5B69DB0701D40028F8D1704735
S21401E3B000C001B80F4BDB68C3F30363013B0B2BB3
S21401E3C00FD8DFE803F006060C06060606080A085C
S21401E3D00808022070470420704705207047032074
S21401E3E07047054B5B6913F0060F0CBF0120042034
S21401E3F0704700BF000002B800C001B8094AD368E0
S21401E400C3F303630B2B08D06FF49050184100F050
S21401E410010080F0010040007047106F10F480305A
S21401E420EDD17047000002B80C4AD368C3F303630A
S21401E430062B07D8042BD8B20BD8C31E5842584116
S21401E44040007047072B06D1D2F830010028ECD1E6
S21401E4507047022070470020704700BF000002B8D6
S21401E460094BDB68C3F303639A1E012A8CBF0022A3
S21401E4700122012B02701EBF4FF4026222FA03F33F
S21401E48003F001030B707047000002B8094AD36815
S21401E490C3F30363032B01D0072B08D1536FDB06AD
S21401E4A005D4906F80F00800C0F3C00070470020CC
S21401E4B0704700BF000002B8024B0022196818F02E
S21401E4C030B800BFC07A0400024B1B6803B118477E
S21401E4D0704700BFC4540020024B1B6803B11847A5
S21401E4E0704700BFC054002010B5FF224FF6FF71E1
S21401E4F0044618F038F868B9FF224FF6FF71204637
S21401E50018F042F830B92046BDE81040FF22024913
S21401E51018F04CB810BD00BF647A04002DE9F04134
S21401E5201C46184B05461E680F46904646B1306895
S21401E53001F01CFEF3681BB1B368186801F016FE03
S21401E540114B1B682BB1DA681AB19B68186801F089
S21401E5500DFE9DF81830640744EA08425B0503F097
S21401E560BC6342EAC7621A432846084942F4C872A5
S21401E57003F016FF002228461146FFF781F9002016
S21401E580BDE8F081BC7A0400C07A04009007E12D52
S21401E59008B5FFF77BFF88B1094BDA6912030DD581
S21401E5A0186F10F4003009D19B6F13F0100F4FF065
S21401E5B010030CBF034A044A936708BD0220FCE718
S21401E5C0000002B8001002B8002002B838B50446B0
S21401E5D0F8B1124AD3691B031DD5556F104BC5F30D
S21401E5E08115032DB3F8B4300DD10822083B9BB238
S21401E5F021460C4818F06CF80020084B25729B6FDA
S21401E6001B0A637238BD022D05D1023B2A469BB216
S21401E610EEE72120F6E70220F4E700BF000002B88B
S21401E620001E00B038400054431EDBB2FD2B14D947
S21401E630FF280B6801D14A68134313F0802F1EBFD1
S21401E64042F20102074BC3F8282251F82020054B5D
S21401E650C3F85022C3F8542270470128F5D100238D
S21401E660E9E700BF004001B8F0B585B06D460E463B
S21401E6700F4B074614460FCB85E80F000D4BD3F81A
S21401E68048020090D3F84C2201923EB1631EDBB2E1
S21401E690FD2B0AD93060FF2C00D172602246294634
S21401E6A0384617F0B0FF05B0F0BD012CF4E700BF07
S21401E6B06C7A04000080E00FF0B585B06E460D4B15
S21401E6C007460D460FCB86E80F0000F039F83146B5
S21401E6D004460246384618F00FF94DB140B9FF2CF2
S21401E6E01BBF04AB03EB8404009B54F8103C2B6067
S21401E6F005B0F0BD6C7A040030B50C4B05461870B9
S21401E70085B0082380B90A4AC2F8FC3351B96C4671
S21401E710084B0FCB84E80F00074B2A4621461868A2
S21401E720FFF7A2FF05B030BD044AEDE77C6C002080
S21401E730001002B87C7A0400A4550020002002B81C
S21401E740014B1878704700BF7C6C0020124BD3F841
S21401E750E020D2031ED54FF480321049C1F8E020E4
S21401E760A1F58051C1F8EC201A6CD1B2C2F3072290
S21401E770C3F88010C3F880200422C3F8802000224A
S21401E780C3F88020C3F88020C3F88020C3F8802017
S21401E790C3F88020704700BF00400054006000545A
S21401E7A0F0220A4B01219A64A022A3F580539A64B1
S21401E7B0074B826CC3F8C010FC21C3F89810C3F84D
S21401E7C09C204FF40052C3F8BC207047006000B88C
S21401E7D000400054F8B50D46174606461CF0AFF942
S21401E7E001230421084C094A2363A760E6602561DA
S21401E7F0C2F8E010064AC2F884311CF09BF90DB14C
S21401E80002232363F8BD00BF00400054006000549B
S21401E81000E100E00222024B58611A63704700BF14
S21401E820004000540122044B1A6640F6FF729963B9
S21401E830D863DA65704700BF004000542DE9F04FF9
S21401E840042A05460B4683B039D901260978141FD8
S21401E85081615A7803F1040982619A788261DB78D2
S21401E86083610368D0F808B003F0070306339E40BF
S21401E87006F1FF3A0AEA0B084768A6EB080294423B
S21401E88047F000570ED84946224607EB0800FDF729
S21401E8900FFB46EA0A0604EB0B023240AA6003B0FD
S21401E8A0BDE8F08F494607EB08000192FDF700FB33
S21401E8B0019A384609EB0201A21B4244E7E7013AF6
S21401E8C0032AECD8DFE802F00B08050213F8012B47
S21401E8D0826113F8012BAA6113F8012BAA611B7838
S21401E8E0AB6103B0BDE8F08F38B50C46154601465E
S21401E8F00F4B60B101220F48C3F8C0202246FFF734
S21401E9009DFF1DB104220A4BC3F8C02038BD64B177
S21401E910D3F8A420A24284BF0122C3F8C020022259
S21401E920C3F8A040C3F8C020EBE70122FAE700BF16
S21401E930004000549840005438B504461CF0FFF8D7
S21401E94001211A4A638F054611663BB3B3FA83F376
S21401E950C3F11903DBB2A069C2F8901093660723CE
S21401E960D066C2F88C304FF4A02302F50052C2F8EC
S21401E970E030A2F58052C2F8EC3000220C4B1A604F
S21401E9800C4B1B6F5B0209D54FF480020A4B04F156
S21401E990F8001A67D4F8941001F08EFD4FF4E023C6
S21401E9A02846E363BDE838401CF0C4B80040005474
S21401E9B0C8540020000002B8002002B82DE9F84330
S21401E9C005460C46B1B1D0F81880478F1CF0B7F851
S21401E9D0B5F83CC0791E01EA0C0323F00702032CAC
S21401E9E00646DFF8F8E042445CD1DEF8004024B980
S21401E9F01CF0A0F80E20BDE8F88324F00104DEF830
S21401EA00000020F00100A04251D10023CEF80030D2
S21401EA10238894426FEA43436FEA534323803CD1F1
S21401EA20EB8F08EB07091846083880B202F1080494
S21401EA304C4528BF4446082804D9B4F800E0BEF582
S21401EA40804F3ED263440F431B1A3B409BB2AB87B9
S21401EA50E887118894781C4AC1F30C015164536706
S21401EA60C2F88C004FF48022184B04F00704C3F858
S21401EA70E0200122164BC3F88421FFF767FE042C21
S21401EA800BD14FF48002134B05F1F8001B6F124BAC
S21401EA901A67D5F8941001F00FFD30461CF04AF8BD
S21401EAA00020A8E7601E012898BF1446A7E7E88F54
S21401EAB04344E31A48BFDB1908389842A8DC3046BD
S21401EAC096E72246B0E700BF0040005400600054BD
S21401EAD000E100E0000002B8002002B8C85400209F
S21401EAE0144B10B51968CA8F8B8F488F13440138A1
S21401EAF0073B8C69034023F007031C4402F108031B
S21401EB000D4A9BB2CB87C2F88C304FF480220B4B58
S21401EB10C3F8E02001220A4BC3F88421A07800F054
S21401EB200700042803D1074AD3681B03FCD4064B0D
S21401EB301C6010BDA4550020004000540060005425
S21401EB4000E100E0000002B8C854002010B5064CF1
S21401EB50216839B1CB0703D4044B1868FFF72EFFA1
S21401EB600023236010BD00BFC8540020A455002018
S21401EB704FF480320B4B0C49C3F8EC20A3F500533D
S21401EB80C1F8E020D3F888109A6E012302F007023C
S21401EB9006329340C1F30C01083B994201D8FFF7B6
S21401EBA0D5BD704700600054005000542DE9F04771
S21401EBB080460C4616468769458F1BF0C0FFB8F89D
S21401EBC03C2005F1FF3C02EA0C0323F00701032C6D
S21401EBD082463944B8F83E0019D1494C24689CB99C
S21401EBE00244073A02EA0C0222F00702BC183B4430
S21401EBF0E31A48BF5B19834210DB50461BF09AFFAD
S21401EC0000242046BDE8F08724F00104EFE7012C3C
S21401EC1002D0022CEBD108380C46E8E7002E3DD096
S21401EC208C423FD1374AD2F844903649B8F8127030
S21401EC30D1F88820C2F30C02934247DA2588B5F54D
S21401EC40804FDAD2A378C5F30C0503F007037A1ECA
S21401EC50A5EB09053A43052B337005EA02052DD8C5
S21401EC602DB2E84340F241420421C00FFDF700FEF9
S21401EC707580E3783374D8F81C207B1E03EA0903F9
S21401EC80D118B160A9B213FA85F5AF422FBF0023A0
S21401EC90FF1AB780F26024BFB180F36050461BF0C4
S21401ECA049FFAEE7A4F10802974284BFED0802EBE4
S21401ECB0C502B2F80090C9F30C09B6E7124B5B6DBA
S21401ECC0003B18BF0123A5EBC305C9E70B6C7A1EF1
S21401ECD0A3EB09033A431A400C4915B2002DCB6841
S21401ECE00BDCC3F30363D81E43424341DB0033709E
S21401ECF08B6F72801B0A3374BDE70823F7E700BFEA
S21401ED00C854002000400054004000B8000002B87B
S21401ED10054BA822D3F84C013121431C0CBF01201E
S21401ED20C0F38070FDF7A4BD0080E00F38B5094D33
S21401ED300446286840F69702003818BF01202B21A8
S21401ED40FDF796FDFA235C432B680A20B4FBF3F427
S21401ED50604338BDFC540020174B30B51A68431C7D
S21401ED60164B22D0B2F1407F1FD3154D00F03F0461
S21401ED70D5F8002122F03F021443C3F8C84001F041
S21401ED803F042243C3F8D020D5F804310D4A1A4077
S21401ED900D4B03EA500003EA510110431143074BA0
S21401EDA0C3F8CC00C3F8D41030BD00200146C3F828
S21401EDB0C800C3F8D000F2E70080E00F001F00B0E3
S21401EDC0000002B81FF087E1E0FFFF7F73B5574EE2
S21401EDD00446317819B91C225548FCF7D9FE237828
S21401EDE0544A6188137051804FF0FC62524CFF21E7
S21401EDF0C4F8FC204FF47F02C4F808214F4A022BC6
S21401EE004F4D117033D1042307224E49C4F8FC2319
S21401EE10C5F8FC33C4F800114FF4C071C5F80011F1
S21401EE20C4F8FC234FF48052C5F8FC33C5F87021B2
S21401EE304FF40052C4F87021C4F808314FF4FF13A0
S21401EE40C4F8FC304FF4BB13C5F8FC308023C4F87B
S21401EE50703148F2C8023C4BC3F8D8203B4B3C4AC1
S21401EE600020C3F8C02F0123337002B070BD394AA9
S21401EE70012BC4F80021384B27D14FF4C072C5F8D6
S21401EE800021D3F83802D3F83C12FFF765FF0723B9
S21401EE90C4F8FC330223C5F8FC334FF48053C5F89D
S21401EEA070314FF40053C4F870310423C4F80831AC
S21401EEB00DEB0300ECF7F4F89DF80530023B012B4F
S21401EEC09CBF8023C5F87031C3E7244AC5F80021EA
S21401EED0D3F83002D3F83412FFF73EFF0723C4F805
S21401EEE0FC330123C5F8FC338023C4F870314FF49A
S21401EEF0805301A8C4F87031ECF7D2F89DF80530BC
S21401EF00012B05D19DF8043053B948F25D1309E091
S21401EF10FBD9023B012B9CBF4FF40053C5F870315F
S21401EF2048F25813084AC2F8D83097E7AE62002074
S21401EF30C41F00B0066C0020002002B8806C0020C0
S21401EF40001002B8C0F10F00001F00B0001000B0A2
S21401EF50D0540020C0F70F000080E00FC0F60F006D
S21401EF60034B1A6802609B8883800020704700BFAD
S21401EF70066C002010B5044601F026F80A4BD3F8BB
S21401EF80F83724B983F40023C3F3C04010BD012C25
S21401EF9005D113F4C02F0CBF01200020F6E7A31EF5
S21401EFA058425841F2E700BF000002B86FF07F42B6
S21401EFB0154BD3F8FC37934208D0144A03F03F03AD
S21401EFC01370F123124A1370124A13701249134B2D
S21401EFD009781A68A9B1B2F1A06F12D3D3F850120A
S21401EFE00F4A104BB1F1FF3F18BF13460E4A13608C
S21401EFF041F66A020D4B1B68B3FBF2F30C4A136031
S21401F0007047084BF2E700BF000002B8816C002091
S21401F010826C0020836C00207F6C00200080E00F53
S21401F0205082E00FA07A0400CC540020185500202E
S21401F030FC540020012807D0022802D030B100205D
S21401F0407047034B18787047024BFBE7024BF9E712
S21401F050816C0020826C0020836C00200023F0B5B8
S21401F06090F8304185B002462046CDE90133CDF80F
S21401F0700B30FFF7DFFF92F82B30411EC9B28B42EF
S21401F08028BF0B46002C3CD0012C38D1042418464E
S21401F0904FF00F0C384E0DEB0405B0FBFCF7F75D97
S21401F0A0013CC01BC0B2814238BF00206055002C15
S21401F0B0F3D105240F278DF80830B3FBF7F0305C49
S21401F0C00344DBB28B4228BF0B462B5501340B2C75
S21401F0D0F3D10F2602F1A800D43215F8013BB3FB99
S21401F0E0F6F14C1CC1EB01115B1A0133DBB2E4B241
S21401F0F01B0443EA045340F8043F8242EDD105B0B5
S21401F100F0BD042418464FF00F0C1C4F0DEB0406FF
S21401F110B0FBFCF5EDB27D5D013C401BC0B2814207
S21401F12038BF0020A055002CF2D105240F258DF8FC
S21401F1300830B3FBF5F0385C0344DBB28B4228BFE2
S21401F1400B46335501340B2CF3D10F2502F1A804DD
S21401F150D43216F8013BB3FBF5F1481CC1EB0111A3
S21401F1605B1A0133DBB2C0B21B0443EA005344F816
S21401F170043FA242EDD1C2E7997A04008C7A0400DA
S21401F18038B5284B05461A7827490C2A02D1FF20A4
S21401F190087038BD104617F0D8FA04461046FFF737
S21401F1A049FFA84228BF2846C0B2A04238BF204621
S21401F1B00B78C0B28342ECD0087088B1431EDBB234
S21401F1C0022A1A490ED14FF0FC62C1F8FC20A1F5C3
S21401F1D00051D1F8FC2042EA4353C1F8FC30D8E78D
S21401F1E00346EDE7124A134C1268AC32C4F8C02F3E
S21401F1F04FF47F02C1F808210F49CA6FD202C8D462
S21401F2000F22B3FBF2F2551CC2EB02129B1A01331A
S21401F210D1F808411B0443EA05532343C1F80831DA
S21401F220B7E700BF066C0020806C0020002002B803
S21401F230A4550020001000B0000002B82DE9F04FE0
S21401F24090F830510646D0F8A82087B035BB1F2A63
S21401F25038BF1F22093A4C24844B85481B6A96F80E
S21401F2602B10C3F38213DC400368DFF82CA2934211
S21401F270DFF828827F4B04F0010414D11F78A742DF
S21401F28011D19AF80070AF420DD17B4F3F788F4273
S21401F29009D1B8F8040007B0BDE8F08F032A38BFDB
S21401F2A00322023AD7E7026098F800001C70FFF7C5
S21401F2B0C1FEFF2924D1284617F047FA07466F49B1
S21401F2C03CB3D6F8E4702FB13B68082B40F2CB80F4
S21401F2D097F838701DBB0B6840F27121B3FBF1F350
S21401F2E053431922B3FBF2F339462A4605A8059380
S21401F2F017F001FA02023C04059842F0110988E071
S21401F300471E8F4228BF0F46012F38BF0127FFB285
S21401F310D5E7012D29D0022D01D0B5B327460B68BC
S21401F32040F27121B3FBF1F353431922B3FBF2F31D
S21401F3303946012207EB072405A8059307EB0424A9
S21401F34017F0D9F97F00032F38BF0327020242EADC
S21401F350001242EA0009033F00F01F0007FA00F01E
S21401F360FFF7E4FC00F5FA6758E00F23B7FBF3F369
S21401F370581CC3EB0313FB1A0133DBB2C0B21B04E8
S21401F38043EA0053C3F30747C9E70C6840F271210B
S21401F390B4FBF1F40F2354431922B7FBF3F3B4FB88
S21401F3A0F2F43748374A0068A2FB0412013350FAD8
S21401F3B083F313F8013C0392A3F140012A4603A804
S21401F3C0019317F098F9039F2F4AE41BA2FB04123E
S21401F3D000903021049204A82A4617F08CF9DDF833
S21401F3E010B08146A4EB0B0401220594102144F2CF
S21401F3F0100405A817F07FF9009B1A02019B42EA48
S21401F400091244EA0344059B42EA000907EB0B0094
S21401F4101844FFF78BFC00F50C57283740F6FF71B0
S21401F4201A4B3846C3F8C010A3F58053C3F8C090F2
S21401F430A3F58053C3F8C440154C276001F0B0FC17
S21401F4404FF47A72134B4042986523680A49B3FB1E
S21401F450F2F3A8F8043096F82B30B7FBF2F08AF8EE
S21401F46000500B7017E7002734E700BF004001B8D3
S21401F47080690020AF6200207D6C002018550020B6
S21401F480CC54002069C2F568911E856B006001B8F6
S21401F49000550020001F00B07E6C0020066C002086
S21401F4A0014B1870704700BF7F6C002010B50446F2
S21401F4B003F012F878B1174B1B786BB964B1164B91
S21401F4C01B784BB1154B1B78013B012B04D84FF42D
S21401F4D00042134BDA6710BD124BDB6F1B04FAD4E4
S21401F4E01BF02DFB4FF400420F4B0446DA67A3F5E1
S21401F4F0A0435B682BB1FEF741FF10B1022017F065
S21401F50035F90222094B2046BDE81040C3F8842491
S21401F5101BF010BBB0620020B16200200455002031
S21401F520002002B8000002B8001002B800D0035054
S21401F5300122024B00201A70FFF7B8BFB06200200C
S21401F5400022024B01201A70FFF7B0BFB062002004
S21401F550F7B50646504C00F037FD504B2578504F16
S21401F5601E7085BB2846FFF7A1FF2378013B012BC0
S21401F57019D8E37B01A88DF80430237C8DF805307B
S21401F580E8F7AEFFC7F884544FF6FF72454BC3F851
S21401F5908420F822A3F58053C3F884200022404B30
S21401F5A0C3F884240DE04FF6FF723E4BC7F884542F
S21401F5B0C3F88420F822A3F58053C3F88420C7F843
S21401F5C08454394B5BE00020FFF770FF2378013B42
S21401F5D0012B08D8E37B01A88DF80430237C8DF835
S21401F5E00530E8F77DFF0023C7F88434002ECBD022
S21401F5F062685AB32D4B1B6803EB5203B3FBF2F35D
S21401F600013B1B0243F0F80326782649022E284ABE
S21401F6101ED0032E4FF6FF75214826D0012E34D179
S21401F62043F00203C1F88450C2F884300723C0F8BF
S21401F6308434E37B01A88DF80430237C8DF80530F3
S21401F640E8F722FF0120FFF731FF17E0F823DBE799
S21401F6504FF6FF7043F00103C1F88400C2F884300E
S21401F66006220F4BC3F88424E3E743F00503C1F8F1
S21401F6708450C2F884300423C0F884340D4B4FF014
S21401F68080420020DA6703B0F0BDC1F88450C2F8AA
S21401F69084300023F0E700BF04550020B16200204B
S21401F6A000C00350006000B8002002B818550020C2
S21401F6B0005000B8001002B8F0B5294F06463D4686
S21401F6C004460FCE0FC5336885B02B6000F07CFC76
S21401F6D00022244BC3F88424A17A627A42EA0142CA
S21401F6E0C3F89024217CE27B42EA0142C3F88C24D1
S21401F6F0217B627B41EA0240C3F888043B78032BF6
S21401F7002AD8DFE803F022020C178DF80410042132
S21401F7108DF805200DEB01000022E8F781FEE37B62
S21401F72000228DF80830237C042102A88DF80930C8
S21401F730E8F776FE637A01228DF80C30A37A04216D
S21401F74003A88DF80D30E8F76BFE074B187805B067
S21401F750BDE8F040FFF7FCBE212005B0F0BD00BFBC
S21401F7600455002000C00350B1620020034BDB6F3C
S21401F770002BBCBF024BC3F888007047000002B8DC
S21401F780004000B82DE9F04717F054F84FF47A76A8
S21401F7902D4BB0FBF6F618604FF4FA737343074629
S21401F7A02A48190E1B021818294A4FF0000341F186
S21401F7B00001FBF781FE274BA0F5807205461A6310
S21401F7C020B948222B21FDF753F801254FF47A7210
S21401F7D04FF0000A6A43534650083102FBF76CFEAD
S21401F7E01C4B1D4AB7F57A7F9A601C4B4FEA056899
S21401F7F019601B4B8946044618604FEA152505D249
S21401F8009B222B215046FDF733F801264FF47A73DD
S21401F810A8FB030103FB05117308C01841F10001A1
S21401F82000233246FBF748FE0E4B023419600E4B9E
S21401F83049F10009A408186044EA8974054B013CA3
S21401F8409C63BDE8F08700BF1855002020A1070083
S21401F85040420F0000C001B80211010028550020E7
S21401F86024550020205500201C5500201022044B52
S21401F870C3F884215A600122024BDA60704700BF48
S21401F88000E100E000C001B81022064BC3F8842155
S21401F890C3F88420BFF34F8FBFF36F8F0422024B50
S21401F8A0DA60704700E100E000C001B810B5044618
S21401F8B0A242A2EB0000A3EB010104D2034B0139E3
S21401F8C09B6B0133184401F0030110BD00C001B861
S21401F8D038B501250A4B02019D504FF4807304464A
S21401F8E0084A834053661BF02AF9074AA540137855
S21401F8F023EA05031370BDE838401BF01BB900BFAF
S21401F90000E101B800E001B8BA6200202DE9F84F25
S21401F910164605468A461F461BF011F9022E00F0D0
S21401F920908080461BF018F9594B5A4AD3F820901C
S21401F930147D5A6EE4B2520744BFD3F820900134C6
S21401F94004F003041BF003F94846214600F036FA9A
S21401F9508446DAF80000012E04BF01306044ACEBA7
S21401F960000C08BFCAF80000BCF1804F7DD300F040
S21401F97037FA8145A1EB040188BF454BDFF834C156
S21401F98088BF01F1FF3101F0030188BF9B6BA0EB3B
S21401F990090E0CF80510A1B1F90742BF41F61F7216
S21401F9A03D4B5A67BA0742BF3B4B3C4A5A677B07F7
S21401F9B042BF0022364B9A673C0742BF0022344BB7
S21401F9C09A6511244FF0010A314B05F1100212011C
S21401F9D003EB051BCBF80C0131499C501A6A0AFA55
S21401F9E005F4586E0B78A2EB0902E4B22343724584
S21401F9F00B7025D34FF48073AB40034220D11CF823
S21401FA000520002A40D10EB3264AF807536607D5CB
S21401FA1041F61F7140F201101F4B59675067596735
S21401FA20B90706D51C4B1D4A1E491F485A67486729
S21401FA305A677A0742BF01221C4B1A613B071AD448
S21401FA4040461BF077F80120BDE8F88F184A2D01D3
S21401FA5042F805A042F89C3C1BF071F810490B785F
S21401FA6023EA04030B701BF065F840461BF062F8AE
S21401FA700020BDE8F88F2120FFF778FE4FF4803292
S21401FA80034B4046DA60DCE7064A40465366D8E751
S21401FA9000C001B88855002000E001B800001F1F13
S21401FAA0BA62002000D001B800000101000002B8CF
S21401FAB000E101B8B2620020024B1878003818BF86
S21401FAC001207047BA620020034B1030000118581D
S21401FAD000F00100704700BF00C001B870B50646CF
S21401FAE0FEF74CFC044608B1FFF7CEFE0023084D96
S21401FAF03046AB61EB612B6200F072F9054BC9B27F
S21401FB00197528620CB1FFF7B1FE002070BD00BF69
S21401FB1000C001B8885500202DE9F0419DF81880F5
S21401FB200D46B8F1000F08BF0022214EB5F5803F03
S21401FB30B168074621F4700141F4A001B1609DF857
S21401FB4020409DF81C104FEA042444EA016444EA6C
S21401FB50031444EA084444EA02044FF0180140F250
S21401FB60E9222CBF002001207465FCF781FE356474
S21401FB70B8F1000F1AD00F4BBC68D3F888305A2C56
S21401FB8038BF5A245B0606D500F0F0FB18B10A4BC5
S21401FB90B3FBF0F31C44204600F022F90130854205
S21401FBA038BF0022024B34BF5A645864BDE8F08166
S21401FBB000C001B800C000B800093D00214B10B5D7
S21401FBC01A6E1A66596C59B11F49C96800292EDB8D
S21401FBD0596D4FF0FF3301F00F018B409A4326D148
S21401FBE010242020FFF7C2FD184B9C6002F088FB12
S21401FBF02022174BC3F8842101F0F4FC48B10022FF
S21401FC0000200821FEF71CF8124B5C66A3F5805312
S21401FC101C670D4AD36803F07063B3F1807FF9D98E
S21401FC20084B0D4A5A6741F201429A6710BD01F02E
S21401FC30D9FC0028F4D0094B064A5366A2F5805237
S21401FC401367EDE700C001B8000002B8001002B863
S21401FC5000E100E000E001B8011B011810000020DF
S21401FC6008B52120FFF782FD4FF48032014BDA60A0
S21401FC7008BD00BF00C001B8F8B5184D04462B6A90
S21401FC801B0426D500F0E6FB2B6AA0FB044613F006
S21401FC90787F4FEA9367C3F34450C3F3044505D115
S21401FCA040F25A422B21FCF7E3FD0120AD01B5FBE2
S21401FCB0F0F010EB871005D140F25F422B21FCF7E4
S21401FCC0D7FD01200246002320463146FBF7F4FB10
S21401FCD0F8BD00F04BFBA0FB0401F9E700C000B83B
S21401FCE00246012030B50B4CA0F12003C0F12005DF
S21401FCF024FA05F504FA03F32B4304FA00F59542BA
S21401FD008B4100D330BD0F2801D00130ECE7FF2036
S21401FD10F8E700BF40420F0010B50C46FFF7ACFFF6
S21401FD20C30943EA4163C01A61EBD111FFF7D8FF5B
S21401FD30FF2814D00F220C4B40F01000C3F8882087
S21401FD40A3F58053C3F88800A3F580531B6ADBB282
S21401FD50802B06D02046BDE8104000F067BB21206E
S21401FD6010BD0220FCE700BF00E000B838B51AF06D
S21401FD70F3FE084B084A1D6A147D5A6EE4B2520718
S21401FD8044BF1D6A01341AF0E2FE284604F003015E
S21401FD9038BD00BF00C001B8885500200346064A9A
S21401FDA0103302EB00111B01D1F80C01D158C1F33D
S21401FDB0400116F0E6BC00BF00C001B8064B1B6848
S21401FDC0434303EB8171054B1B68A3FB003013F122
S21401FDD0004341EB00007047205500201C550020D1
S21401FDE00C4A20F04043014610B5002014684FF03D
S21401FDF00042E4FB0320084A890F126802FB030055
S21401FE00064B9B6B984204D901330131C01A01F0AD
S21401FE10030110BD245500202855002000C001B85C
S21401FE20044B01F0F071103041F00301000119504C
S21401FE30704700BF00C001B808B52220FFF796FC46
S21401FE404FF48022014BDA6008BD00BF00C001B844
S21401FE5008B5064B4FF030401A6805499200FCF78A
S21401FE6027F8BDE8084001F0E3B800BFDC7A0400DB
S21401FE70E07A040070B50C68651C15D0C4F3026600
S21401FE809E42C4F3074530D1A4B294422DD804EB68
S21401FE908506B24229D2141BA50824F003040E5984
S21401FEA0340F04D0012C08D00022212402E06B1C60
S21401FEB051F82320C0E9002470BD0E4C34F81330ED
S21401FEC042EA03431A686B1C51F8234001EB830195
S21401FED04B6822405E4036F0704404D11B0F032B62
S21401FEE004BF8B681A430024E4E7013501EB850162
S21401FEF0C1E700BFB47A040007B501A8EBF7D0F854
S21401FF004822164B5A65164AD2F8D43023F4FC33ED
S21401FF10C2F8D430134B1B689DF80530023B012B09
S21401FF2019D84022104BC3F8FC23104BD3F85C328F
S21401FF30DBB2FF2B00D10623094A1B03D2F8FC13C0
S21401FF409BB20B43C2F8FC33D2F83021084B1A603F
S21401FF5003B05DF804FB00F0E7FEECE7008001B8B3
S21401FF60000002B8002000B0001002B80080E00FC8
S21401FF70BC54002000224FF400710F4B10B51A67D5
S21401FF805A679A670D4AD162012102F5E83251613A
S21401FF90DA6812F0706FFBD14FF0304201245A66D6
S21401FFA002F5FC5208329C66DA64054B1B689847DA
S21401FFB0044B5C6110BD00BF000002B8004000B8F1
S21401FFC084690020002002B801230F4A0F49C2F8B5
S21401FFD080328A6A22F002028A620D4A53600D4A12
S21401FFE053600D4A5360A2F580425360A2F5404229
S21401FFF0536002F5C032536002F580425360A2F5A9
S21402000000425360704700BF0080005000C000509E
S21402001000D000B800500054005001B808B5FFF7F1
S214020020D3FF0E4B0E4ADA6700F076FEFFF764FF48
S21402003003220C4BC3F8E020012203F54043DA67A3
S2140200404FF460725A614FF40072DA67FEF778FB7B
S214020050BDE808400021FEF74FBB00BF000002B813
S2140200600048F000005001B82DE9F04F054687B071
S21402007002900F4657F8044B631C06D1029B2C6075
S214020080E81A801007B0BDE8F08F5FEA147B18BF4D
S2140200900123344AC4F3016108BFC4F3074332F8AC
S2140200A01120A4B24FEAC30A2F4844EA02440AF1D6
S2140200B004022A4482421BD20722CA4002F00102EC
S2140200C001929A0004EB830303930123B94603FAD1
S2140200D00BF808F0940305F1080604920593039BB7
S2140200E009F10409A34208D1049955443944C0E7EA
S2140200F01D4A9542E0D80020C4E7059B53B918F084
S214020100420F19D118F0280F0BD146F8084C59F8AF
S214020110042C21E04FF4206232210020FCF7A8FBD9
S214020120F3E740F6042232210198FCF7A1FB04F51E
S214020130805246F8082CEAE740F60D223221019852
S214020140FCF796FB04F50052BBF1010F46F8082CAB
S214020150DDD159F8042CD24346F8042C0434083670
S214020160BDE700BFB47A0400003000B0F8B505461B
S214020170F0B10026154B34461F46154953F8042B9A
S214020180BAB9A00000F13040294600F50150FFF749
S2140201906BFF30B940F6AE323621BDE8F840FCF7C8
S2140201A067BB0C4B0134044447F8265023F816402C
S2140201B0F8BDAA42FCD001360C2E02D031F8164009
S2140201C0DCE740F6C83236210020E6E72C55002050
S2140201D07E5B0020805B002070B50446A8B1C1B1EA
S2140201E0384A52F8043B984215D1002336498A68A9
S2140201F09206FCD49B00354A03F1304303F50153C3
S214020200C2F8B0302022324B9A6070BD01330C2BFC
S21402021002D1304D12E0012352F8041BA142F5D15F
S2140202202D4A32F81330E1E704D16268C3E90012BE
S214020230083403E0012A01D1043419602268531CF1
S214020240E3D0C2F3016335F81300110C93B211F038
S214020250FE0F43EA004360680DD00434CAB2022A95
S2140202602168E1D9D4E90160033AC3E9001698602F
S2140202700C340C33F3E7120F072AD9D8DFE802F062
S2140202800704090D1013181DC04303F50053186028
S214020290CEE71A6842401A60CAE703F58053F6E7CB
S2140202A016F064FAC4E7012203F580538240F2E7AF
S2140202B0012203F500538240EDE71A6830EA020293
S2140202C0FBD1B5E72C550020000002B8001E00B096
S2140202D0001002B8B47A04007E5B00200122014BB3
S2140202E0DA677047001002B80122014BDA677047DE
S2140202F0002002B84022014BDA677047002002B89D
S2140203004022014BDA677047001002B80B4B1B689D
S214020310D3F8E43023B11A68022A01D9186A704762
S214020320074B9A6D90B238B1064BC2F307421B6870
S214020330DB085343B3FBF0F0704700BFA455002020
S214020340004001B818550020064BDB68C3F3036370
S214020350984206D1044AD36B23F0F00343EA011114
S214020360D1637047000002B8001F00B0054B1B683F
S214020370D3F8E43013B11A680A2A01D8FFF7C6BFC9
S214020380186C7047A45500202DE9F743064616F070
S214020390E6F900248046DFF890901AF0D0FB0DF1C3
S2140203A0070105460DF10600FEF75AF89DF80630DD
S2140203B08BB9721C29D016F0D2F9A0EB0804284695
S2140203C01AF0B8FB9DF8063013B99DF807303BB318
S2140203D0A642E2D824E0D9F80C3013F4603FE8D005
S2140203E0D9F8100016F028FA731C074603D016F048
S2140203F0B6F9A0EB080428461AF09CFB17F5007F16
S214020400E0D0384603B0BDE8F08328461AF092FBE7
S2140204109DF80630002BC0D19DF80730002BBCD1CA
S214020420004FEEE700FEFFFF00C000B810F1800F9D
S21402043004D04D28CEBF7F20323040B2FF22044B7C
S214020440C0B21A62A3F5805318620020704700BF3C
S21402045000E000B80B4A10B5136E0B4C116E03F099
S2140204600703E35CC1F3CD0101FB0333126E0748B9
S214020470C2F3454202FB033300688001B0FBF3F08F
S21402048010BD00BF004001B8AC7A04001855002029
S214020490084910B5D1F89C3040B11C46CA68D1F85C
S2140204A09C309C42F9D1C2F30362027003F00F0043
S2140204B010BD00BF000002B8094B01F080011B6F9F
S2140204C003F480030B4309D14FF40012054B1A6262
S2140204D0837F1BB10122044BC3F80021704700BF83
S2140204E0000002B8006001B8005001B82DE9F04FD4
S2140204F0404F804685B038680C4615F037FE20B966
S2140205000024204605B0BDE8F08F22460021404672
S214020510FBF73EFB384B5D6915F00105F0D1FCF7A1
S21402052001F806460028EBD03F68384615F056FD1F
S2140205304FF6FF73984234D04FF060512F4E304B37
S214020540304AD3F82090D6F88C3011624FF0006112
S214020550A2F58052116224220421C6F88C202A4A6F
S2140205604FF4804B91604FF480520027DFF8A4A02E
S214020570CAF868B0F262A7421ED30421234A9160E9
S214020580A2F5F032C2F88C304FF060521D4B1A6260
S21402059009EA02031E4A13624FF480421D4B9A6612
S2140205A0AFE73146384615F0BDFC01463846FCF743
S2140205B0FDF80028C0D0A3E7B26E5104FCD5B2689D
S2140205C0D205F9D5CAF868B0D6F890200135012DC3
S2140205D00392D0D9E21B042AA8BF042208EB070024
S2140205E003A901930092FBF763FC009A019B3A442D
S2140205F097B2C0E7A4550020000002B8004000B839
S214020600004001B8006001B8001002B8002002B82D
S214020610005001B8006000B84FF604014FF605021C
S214020620044B01201B6C9BB28B4208BF1346024A46
S214020630136670470080E00F00C001B82DE9F74F3F
S21402064081460F464FF0FF35FFF790FB00260190DC
S2140206508A462C463046DFF8D8B006F110031B0156
S2140206605BF8033003F00308B8F1010F15D13046EA
S214020670FFF794FB02460B4601985146FFF716F920
S214020680DBF8643006F10802D340DB0739D5002FC9
S21402069040D000252C463E6040460136082EDCD16E
S2140206A060B3234A0027D2F808C0916B0CF440339B
S2140206B00131A4FB0141641941F10001B3F5003F89
S2140206C030D1536B0CF4405C013347F10006BCF5A5
S2140206D0805F22D1156B15F5807505FB06F647F18E
S2140206E0000203FB0266A5FB03323244594304FBB5
S2140206F00212A3FB04341444C9E9003403B0BDE873
S214020700F08FA84271EB0403C6D207B13E600546DD
S2140207100C46C1E73D463C46BEE7320242EA136259
S2140207201B02E3E7136B13F5807347F10002DDE764
S21402073000C001B808B516F093F8044B5A7C0123A2
S21402074002329340024A536108BD00BF885500201A
S214020750002000582DE9F34105460F46684611462B
S214020760FFF76CFF0646B0B1AFB1DDE900321B0AF7
S21402077043EA0263A5FB0384094B120A05FB024403
S2140207801A6812B916F056F8024600234046214669
S214020790FAF792FE3860304602B0BDE8F08100BF3C
S2140207A01855002037B50446FFF70EFCE17822798B
S2140207B01B4841EA0243C0F8CC34E579A37943EA00
S2140207C00543C0F8D03423784BB18DF804100421C9
S2140207D08DF805200DEB01000022E7F721FE637875
S2140207E05BB10421A37900228DF80430E3790DEB86
S2140207F001008DF80530E7F713FE227801235AB17F
S214020800084AC2F8C834627802233AB1054A002080
S214020810C2F8C83403B030BD034AF2E7024AF6E72C
S21402082000C0035000D0035000E0035070B52C4BBC
S2140208300C461A7812B92B4A926D1A702A4AD26F4F
S21402084052054AD51D78294B05F00F06B0FBF3F08A
S21402085040434FEA151505D140F27C622B21FCF786
S21402086007F80120224A0A217243B2FBF0F34843FA
S214020870B3FBF1F602EB5002B2FBF0F201FB1633C9
S214020880042BD2B207D8C3EB8310C3EB80035BB250
S21402089083B96DB217E0C3F10B0303EB8303DBB23C
S2140208A0B3FBF1F32B44DDB20F2DF2D9013AD2B2EB
S2140208B0053DEEE7053B5BB293FBF1F31D44EBB25D
S2140208C06DB2002D04DB002042EA0512226070BDE4
S2140208D001320533D2B25DB2F5E70220F7E700BF78
S2140208E0BB620020008001B8000002B8403B250031
S2140208F0809698004FF0000C2DE9F84FA2FB017B82
S214020900C84EDFF85CE3BE1999466BF10003B645A4
S2140209107CEB030308D240F23E220E216046FBF730
S214020920A7FF0220BDE8F88FD0F8E4A00C461546D3
S214020930BAF1000F04D0DAF80030032B00F21B8164
S214020940B94BBA4A9B6BD2F8FCA0C3F31408B84B57
S214020950D3F8EC305E00B64B48BF48F400181B6E66
S21402096048EA456858074EBF4FF440039B0503F01C
S214020970E07348EA030818F061FA012D0646D0D162
S2140209800028CED0AB4B984200F0048103F5122328
S21402099003F5F863984200F00381A74B984200F0F3
S2140209A02F81002502462B4600204FF00071FAF7F1
S2140209B083FD2B46013007FB03F3C8F3130100FB4C
S2140209C00B33A1FB0662A7FB007001FB0522034462
S2140209D020339B09C9F80030F60C984B46EA42369B
S2140209E018F4801F1C6008BF7642954B954DC9F8D7
S2140209F0144034441E602C60BAF1000F00F0B98037
S214020A0000239149C8F381528A5C194618F0807F08
S214020A1018BF6408002EB8BF764292066008C2FB72
S214020A2006012246FAF748FDDAF800300E2B08D9FE
S214020A307F4B7D4A926BD969D3F80C31C90600F117
S214020A40D68018F4001814BFC42240F207127F4959
S214020A50C0F31300A1FB04614FEA511102FB01F13E
S214020A60C9F80400DAF818004FF4FA73B1FBF0F193
S214020A7018BF4FF0000801FB03F3A4FB0262FA332F
S214020A80A3FB003004FB0822B342904138BF013179
S214020A90C9B241F4006CC9F808C000297ED0DAF861
S214020AA01C00A1FB003624B1B4FA84F20E2A40F3ED
S214020AB08880E203002E77D1B2FBF3F2530003FBE9
S214020AC00113A3FB00764FEA044EBE454FEA1444D8
S214020AD074EB060609D34E003344A0FB0371BE45F1
S214020AE074EB010102F10102F6D2C2F30E024CEAE5
S214020AF0023C4CF00063C9F8083018F09FF92B68E6
S214020B00002B00F08880B3FA83F4D4F102044CBFC1
S214020B101C4623FA04F44E4B9C4288BF6408002805
S214020B2046D0B4FBF0F3642100FB134201FB02F251
S214020B30904244D85A1E52085B08013B120242EA0F
S214020B400313C9F80C3018F045F900285CD0B4FB42
S214020B50F0F2642100FB124401FB04F4A0425ED8CA
S214020B60531E5B085208013A1B0243EA0213C9F8F5
S214020B7010300020D6E6042BDAF828807FF4FBAE8D
S214020B8018F0807F0CBF08F0E0734FF4400328F0A3
S214020B90E078EEE600232F481D460CE72120C1E64A
S214020BA000232D481D4606E70B46002289E7044629
S214020BB040F2C2422B210020FBF75AFE2346013B9D
S214020BC0B8E7C2F10F0702F1110E06FA0EFEFB405D
S214020BD043EA0E03A7F1200E26FA0EFE43EA0E03A0
S214020BE0FE40013304FA02F246F1000662E702F41E
S214020BF0801203F400131A4308BFC0F5801020E7E2
S214020C00002316481D46D6E640F2E5422B21FBF7A6
S214020C102FFE621EA4E70028C9D01C46CFE7144662
S214020C20F7E700BF006CCA88008001B8001F00B05A
S214020C30004001B800F04902005A620264550020E2
S214020C40605500205C550020C47A0400D34D621023
S214020C503FBE40250A3BB2DF313641DCD694BFD6D2
S214020C60807C814A10B50B46044686B039B9827933
S214020C70016821486B460068FFF73CFE6B461F4A38
S214020C80196851631E4AD2F8FC2062B35A6842B110
S214020C901C4A1D49C2F80C115968A2F58052C2F8C6
S214020CA00C119A6842B1174A1849C2F8EC109968B2
S214020CB0A2F58052C2F8EC101549D868D1F8642122
S214020CC022F4EE620243C1F86421D1F85C2118696D
S214020CD022F4EE620243C1F85C21A1F5FF41586995
S214020CE02839FFF7A3FD0020A2880A4B9A6203F573
S214020CF0A033186406B010BDA4550020008001B8C9
S214020D00001F00B0006001B8FFFF0F00FFF8FF0FE2
S214020D10000002B8004000B84FF48062014BDA6768
S214020D20704700BF001002B84FF48062034BDA67C8
S214020D30034B1B780BB1034A93657047002002B839
S214020D40BB620020008001B840B10368012B05D9C0
S214020D500069034B002808BF1846704700487047D2
S214020D60CC7A040010B590B10468012C0FD9026940
S214020D706AB11168094B102C196051685960916864
S214020D8088BFD268996094BFD960DA6010BD10221D
S214020D9000210248FAF7FCFEF8E700BF6C55002077
S214020DA0084BC1171A68A2FB000302FB013310F1BD
S214020DB0807043F10003400E40EAC310803820EAF8
S214020DC0E07070477C5500200722164B70B5DA6635
S214020DD0154B164A1D68164BEC08E005C0184FEA7C
S214020DE0153141F100010023FAF766FB114B124E52
S214020DF018604EF66020FFF7D3FF4042C6F8840024
S214020E000E48FEF7EDFF024658B1E30150081818E7
S214020E104FEA15714FF0000341F10001FAF74CFB5F
S214020E20F06570BD000002B81855002065CD1D00A3
S214020E30B2E60E007C550020001F00B040420F00B4
S214020E4010B5044698B10B4BD3F8FC00FFF78AFFA7
S214020E504FF47A7303FB04F0074BA0F6AC50DA6843
S214020E609B681044C01ABDE81040FFF799BF4EF6C3
S214020E706020F8E7001F00B06C5500202DE9F8430B
S214020E800546084614461E46FFF76CFF0DB306F0ED
S214020E90020716F004061ED1DFB14FF47A706B68B3
S214020EA05843002B40F08C80FFF77AFF60626B6934
S214020EB0002B00F08C804B4AD0684FF47A7202FB0B
S214020EC00300A0F503501038FFF76AFF2062002ED9
S214020ED057D1BDE8F8832869002868D04FF47A73A2
S214020EE05843404BA0F6AC509B68C01AFFF758FF19
S214020EF0E061A88B00285DD04FF47A735843394BD3
S214020F00A0F6AC509B68C01AFFF74AFF2061364B2A
S214020F10E968D3F8008000294FD04FF47A7359431A
S214020F20304BA1F6AC519A685B68891AC91A2F4BE6
S214020F30C8171A68DFF8BC90A2FB011302FB003345
S214020F4011F1807143F10003490E41EAC311803961
S214020F50274B6161DB6EA361D9F8003053B140467E
S214020F6015F0FEFA30B12246D9F800301D49D8F8FD
S214020F70D80098470021A869FFF762FFA062002FF9
S214020F808BD1A86830BB47F23050FFF709FFA0604C
S214020F904FF47A702B6858432BB1124B1B6803F53B
S214020FA01C5310331844FFF7FBFEE06091E74EF641
S214020FB060209BE74EF66020A6E74EF66021B6E775
S214020FC0084B1B6803F51C53103318446CE747F2B2
S214020FD0305079E74FF47A735843A0F5035010382F
S214020FE0D3E700BF6C550020A45500207C55002096
S214020FF0001F00B06855002038B5054608461C4656
S21402100015F0D0FB0246D5F8E400FFF79DFE4368D4
S214021010A018002B044AA8BF4FF4FA721A44034BD6
S21402102092FBF3F2104438BD0CFEFFFF18FCFFFFE4
S21402103070B5124C88B001AD0FCC0FC594E807000E
S21402104085E807008C2200210D48FAF7A1FDD4227C
S21402105000210C48FAF79CFD0B4B0C4A5A6301F030
S2140210604DFA0B4B1B783BB1044E01AD0FCD0FC6AC
S21402107095E8070084E8070008B070BDC41F00B0FA
S214021080A01E00B02C1F00B0001F00B010111111DE
S214021090AE62002008B519F052FD0E4B1A78A2B9BE
S2140210A00D4A126812F4843F0FD10C4A1021D16700
S2140210B01B7863B9084B1B68DB0508D4074B202254
S2140210C0DA67BDE8084019F035BD054AEEE7044B7D
S2140210D0F5E700BFC162002010160020002002B80B
S2140210E0001002B80A4B197801F0FF0229B100215C
S2140210F0197008499202C1F8B420597801F0FF022B
S21402110029B1002159709302024AC2F8B8307047DA
S214021110BC620020005000B8064BD3F8D80E064B2F
S2140211205B6F1A0103D4054B9B6E1B0401D500F5B9
S21402113080707047001000B0000002B8004000B88F
S21402114010B519F0FCFC0E2104460320FFF7FCF84C
S21402115040F20122034B2046BDE81040DA6219F045
S214021160E9BC00BF004000B808B519F0E8FC4FF033
S2140211700042224BC3F88020BFF34F8FBFF36F8F1E
S2140211800122C3F88420BFF34F8FBFF36F8F022272
S214021190C3F88420BFF34F8FBFF36F8F0422C3F8C8
S2140211A08420BFF34F8FBFF36F8F0822C3F88420CB
S2140211B0BFF34F8FBFF36F8F1022C3F88420BFF3A5
S2140211C04F8FBFF36F8F2022C3F88420BFF34F8F59
S2140211D0BFF36F8F4022C3F88420BFF34F8FBFF355
S2140211E06F8F4FF48072C3F88420BFF34F8FBFF324
S2140211F06F8FBDE8084019F09DBC00BF00E100E01B
S21402120008B519F09CFC4FF00042094B1A60012207
S2140212105A6004225A6008225A6010225A6020221B
S2140212205A6040225A60BDE8084019F083BC00BFED
S21402123000E100E0012370B5074C2370074B1E68DF
S214021240074B3240D3E9005319402840FCF7F8FC1C
S2140212500023237070BD00BFBF62002084550020AB
S214021260101600200022044B1A70044B197811B194
S2140212701A70FFF70FBF7047C0620020C1620020DD
S2140212802DE9F047DDF820A003EA0108099B06468F
S2140212900C4602EA000703EA0A09BAF1000F40F018
S2140212A04E81031F0B4300F00E81052871F10003E7
S2140212B080F0E48050EA010300F06081431E0B4395
S2140212C000F02481FFF750FFAD4AD2E9005323EA2B
S2140212D0040325EA06053D4343EA0807A94BC2E98B
S2140212E000571E68DFF8F48226EA0A0646EA09066E
S2140212F01E60FFF7CFFE15F02A4F14BF48F2020316
S2140213004FF40043A04AB007D26EA04848BF43F449
S214021310005383EA020122EA0302C2669C4A0B4099
S2140213208166D366C5F380421203290348BF42F49E
S2140213308072EB0648BF42F40052964BAC0648BF9A
S21402134042F400726806D3F80C3248BF42F4806258
S214021350290648BF42F400628F4882EA030123EA64
S2140213600203C0F80C328D4B0A40C7F34024A40493
S214021370C0F80812C3F80C22EA0448BF44F48034CA
S214021380AB0348BF44F48014A80748BF44F4800463
S21402139015F4001F06D0D8F8000015F037FB08B980
S2140213A044F40024E90248BF44F40034FA0648BF75
S2140213B044F4000473077A4B48BF44F004041A6AE4
S2140213C044F4001484EA020323F0010375491A4028
S2140213D00A621C40CB61744B16F0010F1C62734B01
S2140213E0734A18BF1A46734B7C071B6F48BF42F0FE
S2140213F00062714882EA030123EA020303676F4B25
S2140214000A4041661A676E4A05F00103516CA0F560
S214021410803081EA030221EA0301416482631A40B2
S214021420684B28025A64D8F8002048BF664B92F8E8
S214021430F62058BF654B690748BF43F4806322B164
S21402144015F4C06F18BF43F480733207604A48BF72
S21402145043F00043D2F8EC105E4883EA010222F41D
S214021460A0221140C0F8EC101340C0F8E0205A4AFF
S214021470BDE8F047C2F8EC30FFF7C2BEA0F58063C5
S2140214800B4306D020F48063A3F500730B437FF46E
S21402149019AF19F054FB3A49D1E9003223EA0603A0
S2140214A022EA040242EA08023B43C1E900324B4AFE
S2140214B0126892F8F610474A09B313F4C06F1ED0AA
S2140214C04FF4807311E019F03AFB2D4AD2E900314D
S2140214D023F004033B4341EA080157EA0807C2E93E
S2140214E000314FF480633B4A0BD0C2F8E030A2F5DD
S2140214F08052C2F8EC30BDE8F04719F01BBB4FF43F
S2140215008073C2F8EC30C2F8E030F4E719F017FB4B
S2140215101B4AD2E9003123F001033B4341EA0801AA
S214021520C2E9003101232E4A57EA08071BBF93631C
S214021530A2F580525364536408BF9363DBE750EA14
S21402154001037FF4BFAEBAF1010F7FF4BBAE19F010
S214021550F6FA0C4A136823F0010343EA0903136000
S2140215604FF48063144AB9F1000F04D05366A2F513
S21402157080521367BFE713675366BCE7BDE8F08780
S2140215801016002084550020004000B8006000B805
S214021590005000B8004001B8006001B8005001B821
S2140215A0000002B8002002B8001002B8041C0003B3
S2140215B00418000300C001B800E001B800D001B86A
S2140215C000C000B800D000B80D0A0A09090A0A09C4
S2140215D0004000540060005400500054A4550020FF
S2140215E000E000B8024B5868C0F3C000704700BF66
S2140215F010160020024B186800F00100704700BF6A
S21402160010160020024B5868C0F3C030704700BF67
S2140216101016002010B50446FEF700FDFFF7A4FDE5
S2140216202046FDF7BDF8FEF7A5FCFEF7ABF8FEF781
S2140216301DF9FFF7C9FB13490723134AD1F8FC101B
S21402164004F1F800FFF71AFC4FF080710020FEF755
S214021650E7FB4FF000720D4B4FF400110120C3F868
S2140216600021FEF7DDFBFEF7D7FF20B940F29232EB
S2140216701421FBF7FDF815F0FCF8BDE81040012038
S214021680FDF766BF001F00B0581F00B000D001B8BB
S2140216908023074A1367082340B11367054AD2F826
S2140216A0A03023F02003C2F8A0307047024AF4E7C5
S2140216B0001002B8001E00B0002002B810B519F0E3
S2140216C03EFA012104460020FFF7E2FF044B1961AF
S2140216D0044B5B6898472046BDE8104019F02ABACA
S2140216E0000002B870690020F8B5194C054620784B
S2140216F040F2E442B0FA80F03E214009FBF7B8F827
S21402170055B9607840F2E442BDE8F840B0FA80F09D
S2140217103E214009FBF7ACB84FF440660D4F0E4D24
S214021720D7F8B43040F2E442C3F381232370C5F8FD
S214021730B46060783E21B0FA80F04009FBF798F872
S214021740D7F8B830C3F381236370C5F8B860F8BD24
S214021750BC620020004000B8006000B8F8B5084C33
S214021760084D236F0423084F2B67236F5B0300D4B7
S214021770F8BD042602203E6714F0F8FF2E67F4E751
S214021780000002B8001002B8002002B8A82238B53D
S2140217901A4B1D6F03F500531A6710229A60A3F5C1
S2140217A0804302F100521A675A66FFF79BFC144BFD
S2140217B01B7813B90320FEF78BF80024114B9C67A5
S2140217C0FFF7CCFF104A114BD2F8D81E0B40C2F8D6
S2140217D0D83E04220E4B1A670E4BAA06C3F8AC403C
S2140217E008D503F58073DB6CB3F5817F22BF8022B8
S2140217F0024B1A61BDE83840FCF7C2BB000002B8D3
S214021800BE62002000C001B8001000B0DF0000FF7A
S214021810002002B8001E00B010B549B930B3164A0F
S214021820D3681B0E13F00E0F20D193689A061DD4B0
S214021830FFF786FC104C0020FEF72AFE032801D094
S214021840092805D1636FDB03F5D4E36D0C2BF2D9BF
S214021850FFF784FF4FF40072084BDA62012203F5A9
S214021860E8335A61042203F580531A674FF4C062C4
S214021870034BDA6210BD00BF000002B8004000B899
S214021880006001B808B503210920FEF75DFD20229D
S214021890014B1A6108BD00BF000002B838B5054604
S2140218A019F04DF90E4B04461868FDF745F835B1A8
S2140218B0FFF7D8FC2046BDE8384019F03BB9094B83
S2140218C01B78002BF6D0084B1D78002DF2D1FFF7BF
S2140218D0C9FC2A464FF480400021FFF7ABFCE9E73B
S2140218E0A4550020C0620020BF6200202DE9F84FF8
S2140218F05C4B06460D4614461B6F002A40F0AE802F
S21402190013F0A00F14BF4FF001094FF00009FCF7C7
S21402191037FBA0234FF0000ADFF868810320C8F8DF
S2140219207030FDF7D5FF0420FDF7D2FF4E4FFFF7CC
S21402193099FC4E4B4FF0040B7B67C7F878A0FFF775
S2140219400DFF4B4B4FF48071D3F8A020494842F06C
S2140219502002C3F8A020FF22C8F80820414A1161DD
S214021960D0F8D82E44491140C0F8D81EC8F870B036
S214021970C3F8ACA07B6913F0060F04D0FEF75CFA3E
S2140219805846FDF7A5FFB9F1000F08D04FF40062E4
S2140219903A4B1A674FF40042A3F5E0339A6666B1F3
S2140219A0374BDB6C180701D4FFF7CAFBFFF76AFF59
S2140219B00420FDF78DFFFFF795FB2A4B5A69D107E6
S2140219C047D5DA6812F0706FFBD12E4B2E4A1A6793
S2140219D02E4AD36B23F0F003D36315B12046FFF7EC
S2140219E05DFF2B4BD3F84C315A1C01D05B0002D55D
S2140219F00122244B5A6164B3214BDA6E03F500537D
S214021A009A6603F5D0331B6A1E4A23F00103D3619C
S214021A10204BD3F80C1203F50053C3F8081203F553
S214021A200053D3F8841003F5005399671A4BD3F882
S214021A30EC1003F50053C3F8E010184B596C03F58D
S214021A4000539963164903F5803359664FF60843E7
S214021A5013670020BDE8F84FFCF736BD4FF00009CB
S214021A6055E700BF000002B800C001B8000001013F
S214021A70001E00B0001000B0DF0000FF001002B829
S214021A80004000B8002002B810003000001F00B06E
S214021A900080E00F004001B80040005400C000B8CB
S214021AA05000002F9B4B2DE9F04F9F6EDB6E85B0EA
S214021AB01F40994B9F66994BD3F8E050D3F8EC3011
S214021AC01D40974BC3F8E050964BD3F80822D3F844
S214021AD00C3202EA0309944BC3F8089203F520433A
S214021AE0DA691B6A02EA0308904B08F47702DA61A5
S214021AF08F4BD3F80422D20605D4D3F80431C3F3AD
S214021B000016DB0651D519F01AF88A4B5A695E6E32
S214021B101B6F12F0060F06EA0306874A26F00073CA
S214021B2014BF4FF0010A4FF0000A23F40063740753
S214021B30536604D5814A137D0133DBB2137518F060
S214021B40F9FF002F00F0E28017F4004300F0D38084
S214021B5018F0F5FF0146FFF7DFFA0446784BD3F894
S214021B6000B0DBF80020DBF800309A42FBD0DBF84E
S214021B7000209A42FBD0FFF7CFFAA04217D10846C0
S214021B8018F0D8FF6F4B1C606F4BD3F870B01BF485
S214021B90E0520ED124F07F4424F0DF040CB9FFF7A4
S214021BA0F5FD4FF0807B002414E0B246C9E70446F8
S214021BB0D7E70192FFF7EAFD5C4B019A1BF48054CB
S214021BC01A6740F09A801BF4806F0CBF4FF0805B60
S214021BD04FF0806BB80715D55B4A5448126F02F473
S214021BE060410167002900F08B80110400F18B80B0
S214021BF012F4005F0CBF4FF000524FF00062002458
S214021C004BEA020BC7F340377F00504A2A40002AAD
S214021C104AD015F4206F0AD040F6A31206210020FF
S214021C20FAF726FE0020FFF739FE25F48025EB059D
S214021C3006D5FF213D4A4BF4C06B9160FFF780FA50
S214021C4015F0090F0AD040F6B81208210020FAF75C
S214021C500FFEFFF717FE0121304A116315F0106FD1
S214021C600CD040F6C11209210020FAF701FEFFF758
S214021C7009FE002211461046FCF736FE15F4202F08
S214021C800AD040F6C91207210020FAF7F1FD00201B
S214021C90FFF704FE25F48025E80301D5FCF768FF6C
S214021CA0002DB8BF47F0080769070DD51B4AD26A50
S214021CB012F4005F4FF4005217BF19492449CA6252
S214021CC04BF4000B08BFCA626A0548BF4BF0040B10
S214021CD015F48023019300F0A480FCF701FF01387D
S214021CE0062837D8DFE810F028012B0128012E013C
S214021CF03101340134019B4655E74FF0804B52E7E1
S214021D004FF000727BE74FF0004278E7BB463C4656
S214021D107BE700BF004000B8006000B800400054F7
S214021D2000600054004001B8006001B8002002B80C
S214021D3000E100E000C001B800E001B888550020CC
S214021D40607A040080550020000002B8090B0B8957
S214021D500050005440F6FA1203210020FAF788FDDC
S214021D6001218548826ED0F8883002F007020632DA
S214021D7001FA02F2C3F30C0CA2EB0C0292B2072A8F
S214021D8012D97E4A126F53020ED47D4B826B806D3F
S214021D905B6D5BB102F0070206329140C0F30C00A5
S214021DA0091A89B2072901D84BF4007B754A1278C2
S214021DB0002A36D0704AD2F8E02012F4A02F30D192
S214021DC0714A724912789AB9F20411D40A787AB131
S214021DD04FEADB026E4842EA447282F00102D0F811
S214021DE0D80E02F00102520020FA02F2930718D12E
S214021DF00420FDF76DFD674A67485067FFF732FA21
S214021E0062490A784AB9654A127832B1644A654923
S214021E1012680BEA02020A4201D14BF4804B26F406
S214021E208056B9F1000F1DD019F4805F18BF4BF42D
S214021E30802B19F4807F18BF4BF4002B19F4005F37
S214021E4018BF4BF0100B19F4007F18BF4BF0200B95
S214021E5019F4806F18BF4BF0400B19F4006F18BFCF
S214021E604BF0800BB8F1000F48D018F4001F0AD0D0
S214021E704D4A13683BB1414A4C48116F0068002234
S214021E80C1F3C061984718F4802F18BF44F4007459
S214021E9018F4803F18BF4BF4805B18F4801F18BFFD
S214021EA04BF4003B18F4800F18BF4BF0020B18F4EB
S214021EB0003F18BF4BF4801B18F4000F18BF44F005
S214021EC0100418F4002F19D0394AD2F8A02012F0C4
S214021ED0C00F13D02949CA68C2F30362032A01D08D
S214021EE0072A05D14A6FD00602D48A6F120732D566
S214021EF04FF400212F4A28F40028D161002E00F06A
S214021F001B81330540F18F802B48DFF88890C2781A
S214021F102A49002A58D04FF40063013AD2B24B66DF
S214021F20C27032B9264A1278C2B140F60141254A39
S214021F3051670022002173E04BF4803B10E74BF41C
S214021F40006B0DE74BF4806B0AE74BF4807B07E7E8
S214021F504BF0080B04E74BF4001BCFE7D9F87820C8
S214021F6012F4A05F15BF4FF4807240F60142C9F822
S214021F705820C9F87820DCE700400054000002B878
S214021F80004000B8C1620020C0620020C362002088
S214021F90001000B000C001B800000101C2620020BB
S214021FA010160020088D0100B8540020A455002009
S214021FB0001E00B0002002B8B262002000E001B8A5
S214021FC0BE62002000D001B80320FDF781FCD9F8DC
S214021FD01420A84B12F0060F04BF41F61F72A64942
S214021FE0A64808BF4A674FF40061A34A5166D9F86B
S214021FF0142012F0060208BFC9F878205A8A12F492
S214022000006162D022F400625A82027802F0FF096E
S214022010002A5ED1FDF710FFFFF7B8FB4A462021E3
S2140220204BEA020B0C43B00009D52E20FDF79EFBAF
S2140220304FF00051904A44F0080411675166F106C9
S21402204006D52B20FDF792FB10218B4A11675166AD
S21402205016F0306F05D1F20463D5BAF1000F00F026
S214022060C080330117D52920FDF780FB844A526CC5
S21402207012B11021834A9160FFF7B4FA48B1824A3E
S21402208082487D494A66026700F54050C0684004AF
S21402209022D444F0040416F0007A28D00420FDF777
S2140220A017FC2720FDF762FBFFF770FB4FF000716D
S2140220B0714A5166764AD2F8D82E520679D402214F
S2140220C0704A916044F0020428E002784FF400520D
S2140220D0A6E74FF400422DE70A6720204A66FDF77E
S2140220E045FB2D2044F00C04FDF740FBD3E716F029
S2140220F0807FDFF88C9147D00420FDF7E9FB28208B
S214022100FDF734FBD9F87820002A3AD1FFF73EFBD8
S214022110594A5D4944F00104116751660021584A44
S2140221209165720508D55B498A78002A00F0D88046
S214022130013A8A7000221743574AD2F8A0201306A3
S21402214003D558462146FCF7C7F93A465846214673
S214022150FFF770F8019B0BB1FCF7F8FC01224F4B1E
S21402216005F00435C3F8E0504D4B18F4002FC3F8C1
S21402217084211EBF4FF40022424BDA6105B0BDE84F
S214022180F08FC9F878A0C3E7F104C7D50420FDF79D
S2140221909FFB444AC9F87420FDF74EFED9F8642026
S2140221A012F0407FBAD12A20FDF7E0FAFFF7EEFAE6
S2140221B080E7394AD2F8A0108B0683D402203A4927
S2140221C088603A49096891F82510C8077FF57AAF02
S2140221D092F8C420002A3FF475AF8021344A116178
S2140221E070E7344A1268013202D04BF0010B98E7CE
S2140221F028490A7952B1013AD2B20A7112B9234A6F
S2140222002D49516700224BEA020B8AE70420FDF7AC
S2140222105FFB0320FDF75CFB194A2249516718F061
S2140222208EFC81460DF10F00FEF732F9234A8246F4
S21402223012780AB1FEF784FFBAF1030F0ED1DFF867
S21402224070A00020FEF724F9032807D1DAF87420DC
S214022250D103F6D4DAF85C200C2AF2D99DF80F20C6
S214022260032A2FD10121164A4846117018F062FC43
S214022270C8E700BF8855002000E001B8BE62002013
S21402228000C001B8002002B81000002000D001B83B
S214022290001000B0B2620020001E00B000600054C1
S2140222A000E100E000000101001002B8A455002081
S2140222B0000002B8786900200000010DC462002008
S2140222C0C0620020094AD2F8E02012F4A02FC9D139
S2140222D0FEF7C8FF484618F02DFC4FF4804292E7FE
S2140222E00220FDF7F5FA012225E700BF0040005460
S2140222F00122024B1A62DA61704700BF002002B860
S2140223000D4B10B5DC691A6A14400C4A24F47F019E
S214022310D161E20706D5D9684FF0FF30C1F30361F9
S21402232014F0B1FA630706D5BDE810400422002077
S2140223300021FEF77FBF10BD000002B8002002B8E1
S2140223400C4A08B5936B526C13400B4A9363DB0737
S2140223500FD50A4B40F663421878122100F00100AE
S214022360FAF786FABDE80840002201200021FEF7AF
S21402237061BF08BD00C000B800E000B8101600201B
S214022380054AD2F88430DB07FBD4936FD2F8842058
S2140223901340024A93677047008001B800A001B854
S2140223A070B514460D4618F0CAFB064BD3F8A0606B
S2140223B074402C407440C3F8A04018F0BBFB06EAF9
S2140223C0050070BD001E00B0034BD3F8A030994341
S2140223D00CBF012000207047001E00B02DE9F0411E
S2140223E017460A43012A1D469DF818409DF81C60B0
S2140223F0DDF8208029D8B44227D2082E25D8032B10
S21402240023D8B8F1000F20D00A460021FBF71CFDA6
S214022410FF21EB009940C943DFF834C008F1FF38CA
S214022420FF00E2B2964202D80020BDE8F0813D19D4
S2140224300CEB8505D5F8E02018F8010F0A40984005
S2140224401043C5F8E0000134EBE72120EDE700BFBA
S214022450001E00B0034B1868034B002808BF18463E
S214022460704700BFA0550020B09B04002DE9F8433A
S214022470DFF860900646D9F8008008461746B8F19D
S214022480000F03D00E242046BDE8F88306B3336857
S21402249001331DD1E1B1FAF70DF805460028F1D057
S2140224A0C9F80000FAF72CF8284613F000FD044697
S2140224B040B14046C9F80080FAF722F8284613F0E1
S2140224C0F1FCE0E73560002FDDD02846B847DAE7B2
S2140224D02124D8E7A4550020024B1868003818BFFC
S2140224E001207047A4550020002108B5024B08467B
S2140224F05B689847002008BD706900200523064ADD
S214022500A2F84A3092F8493003F0010363F07303ED
S21402251082F84930704700BF001F00B00023F0B5B4
S21402252085B0CDE901330393124B134D1B78134E3E
S2140225308DF8043018F010FB2A78337804469A4255
S2140225400F4F0CD03178386801AA297014F0D0F9F0
S21402255050B140F608210B4818F0F3FB04E0386847
S21402256014F0A6F90128EDD0204618F0F0FA05B0CE
S214022570F0BD00BF5B6C00208C6C00208D6C0020D0
S214022580C0550020E74F0400F8B52B4B1B7823B14B
S21402259040F6FC31294818F0D4FB18F0DDFA284B37
S2140225A007461C8814F0060409D001214FF48070F7
S2140225B017F02CFB3846BDE8F84018F0C8BA21469A
S2140225C04FF4807017F022FB204600F09DFF022891
S2140225D008D180221B4B8021186813F032FDFFF7CA
S2140225E09DFFE7E7204600F08FFF054638B1012839
S2140225F007D040F63141114818F0A3FBDAE702464D
S214022600E8E7FF220F4E104B30681A70FFF76CFF98
S214022610306814F04DF90128CCD02A462946306895
S21402262014F048F921462C2017F01CFB21460A20FC
S21402263017F018FBBEE700BFCA620020E74F04008F
S2140226409A5B0020C05500208C6C002000210148B7
S21402265018F022B9F06900207F2837B5044610D159
S2140226604FF6FF73022217480DF10601ADF8063049
S214022670EAF7D6FEBDF80640E2054CBF6FF04A0404
S21402268064B218F069FA104B05461C700F4B1B8893
S214022690DB0710D50E4B1B78002B0E4B0CBF2146CA
S2140226A06FF07F01186813F0F1FC20B140F67861F4
S2140226B0094818F046FB284603B0BDE8304018F03B
S2140226C046BA00BF641002C0846C00209A5B0020E9
S2140226D0CB620020C0550020E74F040010B50FF073
S2140226E03BF960B10FF03AF90B4A80B141F20D03A3
S2140226F0BDE8104041F20D01074817F0D9BB074B61
S2140227001A781B799A4204D100220023F0E70D239F
S214022710EEE7034AF9E700BF400D03005B6C0020BA
S214022720488D0100F8B5164E0D46337802F00104C6
S21402273023B140F2C531134818F003FB124B134F76
S2140227401D60134DA4B1134B997801B101212020CD
S21402275017F05CFA2B783B700F4B1C780F4B00215E
S2140227601C70042333700E48BDE8F84018F094B885
S2140227702146202017F04AFA2B783B70EEE700BF7E
S214022780CA620020E74F0400B0550020C76200204E
S2140227908E6C0020B4550020C8620020C96200205A
S2140227A0F06900202DE9F84318F0D6F9DFF8A08189
S2140227B00546B8F80030614C13F4807F03D02378C6
S2140227C073BBFFF7E1FE0021084617F04BFA5C4B9D
S2140227D01A78FF2A13D01A7802F0FF0632BBFF22BD
S2140227E01A702378052B0AD100232846237018F086
S2140227F0AEF9304614F00CF918F0AEF90546237817
S214022800504E062B09D13378FF2B06D03378022B95
S21402281015D100214C4818F03FF8FF2333702BE007
S21402282000214FF4807017F0F1F9CCE71A78012AEC
S2140228304FF0FF0214BF33264C261A70D4E73378C3
S21402284013B13378012B22D117F080FA07463E489F
S21402285096F8009001F0CEFBFF235FFA89F93370F9
S21402286077B1B9F1010F44D16421374884F800905A
S21402287018F012F8FFF752FE284618F068F906E03C
S2140228802846277018F063F9384614F0C1F8B8F8ED
S21402289000301B0605D50021802017F0B7F912F08C
S2140228A0CAFB01F0E3FA294E308000B32778012FE5
S2140228B042D117F005FF054610B3013018F01FFB92
S2140228C000F44060B0F5006F1AD10422394628465B
S2140228D017F036FE284418F012FB4FF6FF739842A4
S2140228E00ED10020318800F0F1FC00233380BDE8D1
S2140228F0F88300232846237018F029F93F20C4E7FE
S214022900114801F077FB002108462170012500F0EE
S2140229108FFC23780BB9FFF737FE0020318800F0D2
S214022920D5FC00233380002DE1D020780028DED1AC
S214022930BDE8F84314F0A4B90025EAE7CA6200200D
S2140229408B6C00208A6C0020F0690020985B0020C7
S2140229509A5B002008B513460A461946064B1868C5
S21402296013F021FC30B1BDE8084040F2F4410348C0
S21402297018F0E7B908BD00BFC0550020E74F0400B5
S21402298008B513460A461946064B186813F005FCA6
S21402299030B1BDE8084040F2FB41034818F0D1B917
S2140229A008BD00BFC0550020E74F0400024B187850
S2140229B0431E584258417047CA62002008B5064B6B
S2140229C01B7823B140F22551044818F0BAF9FFF7F4
S2140229D0DBFD002008BD00BFCA620020E74F0400EE
S2140229E008B5054B01EB81011868490013F050FB4E
S2140229F0002818BF212008BDC055002008B5044B8A
S214022A001868F9F70FFF0A2390FBF3F040B208BDEF
S214022A10C0550020014B1878704700BF8D6C00200F
S214022A2008B5044B186813F09EFAB0FA80F0400915
S214022A3008BD00BFC055002038B5124D0C462B7895
S214022A40012B04D940F246510F4818F07AF9214674
S214022A500020FFF7E5FF90B10C4B1C702B785BB99A
S214022A60FFF792FD0A4B93F900100A4BC90118684A
S214022A7013F0E2FA002038BDFFF750FDF2E72120FE
S214022A80F9E700BFCA620020E74F04008D6C002001
S214022A90CC620020C055002008B5074B186813F01A
S214022AA060FA30B1054BB3FBF0F083B20BB11846B7
S214022AB008BD0120FCE700BFC055002040420F00C1
S214022AC02DE9F3475C4E012018F038F93388990750
S214022AD004D440F63F41594818F033F9DFF88081B4
S214022AE098F80030053B012B04D940F64141534883
S214022AF018F027F9524F3B6823B940F644414F4835
S214022B0018F01FF9348814F0200478D0012122200E
S214022B1017F0A8F84FF47A74FFF7BEFF3B681B78ED
S214022B200933434304EBC30498F80030A5B2062BDE
S214022B300BD117F0D3FC0446FFF7AEFF60235843D1
S214022B400C2303FB0400284485B2D7F800903D4BC3
S214022B5099F800801C7808F1FF381FFA88F8002CD4
S214022B6052D133885A0505D409F1010018F0C7F985
S214022B70C0F340143449354A887812784B7812FBF1
S214022B8000F2334F93423B70A4BF9B1A3B703B78D4
S214022B90CA78BD60934238BF13463B700EF0E4FE1F
S214022BA0002833D00EF0DEFE012814BF10250825BB
S214022BB025430023DFF8ACA0009380224346494613
S214022BC0DAF8000013F096FA20B14FF43B611B4886
S214022BD018F0B7F81F4BDAF8000019781E4B197078
S214022BE033889B0614D52A461C4B009713F07EFEAC
S214022BF0C0B9002002B0BDE8F04718F09FB82146E1
S214022C00222017F02FF887E70024B3E72546D0E7FF
S214022C102A460F4B13F068FE014618B9252017F016
S214022C2021F8E6E72146262017F01CF840F6F43194
S214022C30024818F086F8DCE79A5B0020E74F0400AB
S214022C40B0550020CD6200205B6C0020C7620020D9
S214022C50A06900208D6C00208C6C0020B4550020EA
S214022C60CA620020C0550020184B10B51B889B076F
S214022C7004D440F6A661164818F063F8154B1B7884
S214022C80053B012B04D940F6A761114818F059F804
S214022C90114B1B6823B940F6A9610D4818F051F88C
S214022CA000240E4B0E4921201C7016F0DBFF014655
S214022CB018B9BDE81040FFF703BF022804D120462A
S214022CC0BDE8104017F064B810BD00BF9A5B002044
S214022CD0E74F0400CA620020B0550020C5620020FB
S214022CE0812E0200F8B55A4C23889A0704D54FF471
S214022CF03E71584818F025F8574801F07BF917F04E
S214022D002BFF238805465B070DD54FF0FF3013F0E7
S214022D1038FA524B1B68C01AB0F5717F03D90021EE
S214022D20042016F073FF28464D4D17F010FF2B783F
S214022D30042B32D117F010FF238806465F0708D50A
S214022D404548002117F0A8FD3046BDE8F84017F0C8
S214022D50FEBE17F0FCFE17F0FFFE424B06461B783F
S214022D60414F13B9238859050FD5052301210220A7
S214022D702B7016F04BFFFFF777FF304617F0E7FE93
S214022D803B68DA78394B1A70F8BD3868013018F0AB
S214022D90B6F88206E9D50623E8E7062B4DD1344B72
S214022DA01B78FF2BF0D1334E0EF0E0FD3378002B6C
S214022DB03DD017F0D1FE238805465B0705D5264889
S214022DC0002117F069FD2846BFE717F0C0FE3378EA
S214022DD0013B337017F0C0FE04460121022016F0B4
S214022DE015FFFFF741FF20461F4C17F0B0FE206884
S214022DF0013018F084F800F44060B0F5006F13D18B
S214022E00246801210422204617F09AFB204418F079
S214022E1076F80146184B04201A783378D21AD2B2C2
S214022E20BDE8F84018F034B84FF6FF71F2E74020DC
S214022E302B70BDE8F84013F0EBBD012BA4D10023A4
S214022E402B700E4B1868FFF74FFB3F20F1E700BFD1
S214022E509A5B0020E74F0400F0690020AC55002082
S214022E60CA620020CD620020B0550020C662002053
S214022E708A6C0020C76200208E6C0020C05500209D
S214022E8008B50A4B1A7882B9012210281A7004D0A3
S214022E9040F69D61064817F054FF0021202016F0E8
S214022EA0B5FEBDE80840FFF70BBE08BDC5620020B0
S214022EB0E74F040008B5094B1B88DB0604D440F232
S214022EC0C351074817F03DFF1020002116F09EFE62
S214022ED0044B1868BDE8084013F0FFBC9A5B00205C
S214022EE0E74F0400C0550020012208B5074B1146E3
S214022EF0186813F0DFFC00212C2016F0B3FEBDE8A4
S214022F00084000210A2016F0ADBE00BFC0550020C2
S214022F10014B4008185C7047866C002008B51346C3
S214022F200A461946064B186813F043F930B1BDE855
S214022F30084040F6E941034817F003BF08BD00BF4A
S214022F40C0550020E74F040008B5044B186813F07C
S214022F50AFFC013818BF012008BD00BFC0550020D5
S214022F6070B5054617F0F8FD0E4B0F4E1B8804464B
S214022F70DA07357008D50D4B0D4D1B78012B08D995
S214022F800121286813F03EFD2046BDE8704017F088
S214022F90DEBD1BB10EF0DEFCC305F1D4317881F044
S214022FA00101EEE79A5B0020856C0020CB620020D0
S214022FB0C05500200C4B10B51B880446DB0711D504
S214022FC0FFF78CFB094B84F0010208211868D20037
S214022FD013F037F830B1BDE8104040F636710448B9
S214022FE017F0AFBE10BD00BF9A5B0020C055002090
S214022FF0E74F040008B5044B0146186813F0E4F8DE
S214023000003818BF012008BDC055002010B50A4C74
S21402301023787BB1FFF768FF0021042016F0F6FD47
S2140230200021022016F0F2FD00232370BDE81040B6
S214023030FFF7AABA10BD00BFCA62002038B5094819
S21402304000F0E8FC0024084D95F84430E0B28342D4
S21402305000D838BD05EBC000043000F0DBFC0134BC
S214023060F2E700BF64560020C455002008B510469B
S21402307002494822F8F71CFF002008BD1C56002013
S21402308008B5054817F0CDFF014620B9BDE808404F
S214023090014817F001BC08BD106A0020002238B5AE
S2140230A01C4B15461C461A700132082A5D609D802C
S2140230B043F8085FF8D1482200211748F8F768FD60
S2140230C04FF6FE73A4F868306FF48033E365134B53
S2140230D000211A88124B1868F8F75AFD114BC4E9FA
S2140230E01255C4E9283584F8445084F85050656572
S2140230F084F8A850E9F7FEFCFF220B4B012118705A
S2140231000A4B00201A70E1F7BFFC0020FFF7B8FF59
S214023110002038BDC45500201C560020FE6B00203F
S214023120D06800200000FFFFCE620020146300205B
S21402313010B5AC24084B04FB0030836C53B990F8EE
S21402314050403CB931B1C0E912122046FFF798FF51
S214023150204610BD2120FCE7C4550020AC2370B5E4
S21402316003FB00F5094E731993F850405CB92046EC
S2140231700BF022FF735D204643F002037355FFF700
S2140231807FFF204670BD0120FCE700BFC45500202B
S214023190AC235843024A135C23F0030313547047CC
S2140231A0C455002070B516461F4A04461278C2BBA4
S2140231B0AC211E4D01FB00518A6C92BB91F8502047
S2140231C03AB1022B2DD191F84410072907D91C20B9
S2140231D026E091F844100729F9D8012B08D0AC2034
S2140231E000FB0450CA00011D0C30F8F723FD002135
S2140231F0AC2303FB04F000249DF8143000EBC1015D
S2140232002944CB71049B8E808B602B1893F8442044
S214023210204601328C7183F84420FFF731FF2046A6
S21402322070BD0120FCE700BFCD620020C45500201F
S214023230F8B5234B04461B780F46002B3ED1AC2331
S214023240204D03FB0053B3F8A03023B940F24531BA
S2140232501D4817F076FDAC2202FB0452D2F8A46099
S21402326036B192F8A33039460020B2F8A020B04713
S214023270AC2300216343EA18A2F8A010C2F8A410F7
S214023280482192F8A82001FB02322A44D2F898205C
S214023290964213D0EB5C9B070CD5AC226243AB5C28
S2140232A0204623F0020343F00103AB54BDE8F84086
S2140232B0FFF7E6BE0BF0A2FE0028EED1F8BD00BF77
S2140232C0CD620020C45500203E5004002DE9F04F88
S2140232D089B0059008460D4617F0F2F9044618B96B
S2140232E0212009B0BDE8F08F284617F005FAC0B2D3
S2140232F00838215C221892F802A00491D17852680C
S214023300277803920022B4F80130ADF81E20434A13
S214023310029192F800B0BBF1000F08D0404B1B6838
S2140233201BB120464FFA8AF298470020D9E703F0ED
S2140233300703022B70D0013409225946204617F0A3
S214023340FFF8023F3F1A3B0606465FFA87F8C7D4E5
S214023350344FD7F89090B9F1000F27D100210DF124
S2140233601E0B434622460846CDF800B00BF05CFD25
S214023370C3B20546002B4BD1BDF81E0013F08CFBE2
S214023380E0B9BDF81E0013F070FC8146BDF81E00C1
S21402339013F082FBF0B906EB0802012321465846D9
S2140233A092B200F07BFDD0B119209AE75B465A46EE
S2140233B001212846C8470028D0D191E7D7F8943093
S2140233C0BDF81E00002BDCD0A11998470028D8D1E2
S2140233D0022086E742464846A119F8F769FDBDF87D
S2140233E01E0017F06DF9029B059A0372049B80F883
S2140233F009A08372039B1BBAC360AC2303FB027350
S21402340093F85020BDF81E0022B1DB6C03B198473A
S214023410E8B266E7BB6FF9E7012062E7CD620020FB
S214023420A8550020C45500202DE9F84308460F464B
S214023430164602F1010913F01DFC8046384613F0C9
S21402344024FB042856D1384613F043FB48F66105A0
S2140234504FF6FF7248F64103294C904208BF1D46BC
S214023460B4F85C10301D17F04CFD384613F031FBF3
S2140234700146B01D17F045FDB4F85E1006F10800CF
S21402348017F03FFD06F10A04384615F0B6F810B1FB
S21402349045F01005ADB22946484617F032FD3846CB
S2140234A013F0E3FB424601462046F8F701FD384694
S2140234B0012117F03DF94444074660B117F01CF9A4
S2140234C00546384617F0FCF8EDB201462A46204675
S2140234D0F8F7EEFC2C440B4AA41B13780134591C53
S2140234E01170F37034703046BDE8F84309220121AA
S2140234F017F026B8484617F002FD4C460546C3E7C5
S214023500C4550020CE620020AC2210B54824504399
S214023510094B1A1892F8A81004FB0100034493F80A
S2140235207700022806D092F850301BB9032818BF3D
S214023530012010BD0020FCE7C455002070B508B17C
S214023540012070BD234C94F8A850002DF8D12946CE
S214023550B4F85C20FFF714FA29462846B4F85E2031
S214023560FFF7F8F92946284604F16002FFF7D6FC71
S21402357094F87730002BE3D0284694F85860FFF78B
S21402358049FA864215D1002094F95A50FFF736FAC6
S214023590854216D10020FFF7B7FF0446002016F03A
S2140235A085FF0028CDD02146BDE870400020FFF7F9
S2140235B005BA284694F85810FFF73EFA0028E2D0DB
S2140235C0BFE7002094F95A10FFF70AFA0028E1D064
S2140235D0B7E700BFC45500200346AC2010B514461A
S2140235E0164A00FB032292F8770002280CD1E07FED
S2140235F0022809D141B112490978012913D992F852
S2140236005810227891420ED118462178FFF708FA10
S21402361090B1482221460B48F8F74AFC002016F0E3
S21402362045FF08B9002010BD044B93F8A8000028F7
S214023630F8D1FFF783FFF5E72120F4E7C455002011
S2140236400B6200201C56002038B5AC230D4C0546F4
S21402365003FB004300205A6DD86483F8500012B171
S2140236605865FFF727FCF5F75FFBFF281EBFAC2364
S21402367003FB054484F8A8000020FFF75FFF002044
S21402368038BD00BFC45500207FB51D4C94F8A83045
S21402369023B1002084F8A800FFF750FF94F85A30B0
S2140236A0B4F8A0608DF80F3026B940F2FD21154817
S2140236B017F047FB144B31461D6800202A46FFF7D9
S2140236C0B3FEE46F02469CB10DF10F030193002393
S2140236D0294630460093A04702462C7854B9204625
S2140236E02146FFF7A5FD2046FFF7CAFC04B070BDD1
S2140236F00122F2E729460020FFF714F8F6E700BF9A
S214023700C45500203E500400D068002038B5494B0E
S2140237101C78002C58D1484800F06CFC204616F065
S214023720C5FE002850D0454C2378D90733D594F8E7
S21402373050201AB123F00303237045E023F001035F
S21402374023700BF043FC237805469A0701D50BF04D
S21402375033FC294600200BF049FA40B92378284664
S21402376043F001032370BDE838400BF025BC00236C
S214023770482284F8A33094F8A83084F8A25002FBBA
S2140237800343D3F89830A4F8A000C4F8A430BDE8E8
S2140237903840FFF779BF94F84400B0B104F1A003B3
S2140237A0251D95E8030083E80300FFF76DFF94F8F4
S2140237B044202846D20004F10C01F8F73BFA94F8AC
S2140237C04430013B84F8443038BDA26C62B99B0792
S2140237D011D52378002023F0020343F0010323705F
S2140237E0BDE83840FFF74CBC0123A06484F8503093
S2140237F0904723789EE70BF001FC0028E9D194F865
S214023800A83073B1F5F790FA94F85030002BDBD15C
S214023810FF2818BF84F8A800BDE838400020FFF74C
S2140238208DBED4F88C30002BECD098470028CBD134
S214023830E8E700BFCD620020106A0020C4550020D1
S21402384070B50446002016F031FEAC235C430B4EE6
S214023850351995F850300BB1002070BD0028FBD00A
S214023860074817F0DEFB0028F6D1335D002BF3D1B4
S21402387095F84400B0FA80F04009EEE7C4550020FF
S214023880106A002010B5084A034613F001FA1468BD
S2140238904FF6FF7203EB40039C42184603D9018899
S2140238A002339142F8D010BD805600202DE9F04731
S2140238B0204F05463B88A3B3B0F90230002B30DB1D
S2140238C0DFF87C801C49D8F80000F8F7B7FB20B96F
S2140238D04FF4EA71194817F034FA0026DFF85CA0B4
S2140238E0DFF860903A88B3B29A4204D84FF4EB718C
S2140238F0504617F026FAD9F80030B2B253F8320022
S214023900D8F8001003EBC20468B943F83210A38853
S21402391028460133A38013F0BBF9E38803EB400388
S214023920E380BDE8F087F8F789FB01360028D9D195
S214023930EDE700BF9C5B00200B500400155004000E
S214023940306A00207456002038B5094C094D2268AA
S2140239502B689A4204D94FF48771074817F0F1F999
S21402396028682368C01A20F0010080B238BD00BF64
S21402397080560020885600201550040038B5124C98
S214023980124D21462846F5F77DF823680BB12B68C1
S2140239901BB9DE210E4817F0D4F92A680D4B0E49E2
S2140239A01A60236823F0010313440B600B4B1A6062
S2140239B02AB9BDE83840F821054817F0C2B9FFF722
S2140239C0C3FF6428F5D938BD785600207C560020FF
S2140239D01550040084560020885600208056002089
S2140239E038B5094C094D22682B689A4204D34FF425
S2140239F08A71074817F0A5F928682368C01A20F0CC
S214023A00010080B238BD00BF8456002088560020D0
S214023A10155004002DE9F0411D4B04461B78012B7E
S214023A2024D1008816F02EFE0546D8B10426DFF80B
S214023A3064802C4617F090F807462046FFF736FFBC
S214023A40638843EA08036380A05B16F01BFE044605
S214023A50384617F07CF81CB1B4F90230002BE9DACC
S214023A60062E01D1BDE8F0810626E2E7022BF9D147
S214023A7017F072F80246208816F004FE18B1038882
S214023A80C3F30E0323801046BDE8F04117F05FB87B
S214023A90CF6200200080FFFF2DE9F04F0024BA4BD2
S214023AA097B006461C8017F057F80123DFF8EC8221
S214023AB0B64F3B70B8F80030A8F80040ADF81630A4
S214023AC0B34B1B68019317F042F8B24B21461A8893
S214023AD0B14BD2001868F8F75BF80DF11600FFF745
S214023AE099FF002E3CD1DFF8B8924FF0000B01256B
S214023AF0D9F80040019B9C4239D3BBF1000F39D163
S214023B00002DF2D0D9F80040DFF898A225462246CA
S214023B10019B9A4273D302230DF116003B70FFF706
S214023B2079FF002E40F08F80D9F800603246AA4214
S214023B3080F0A280908816F0A5FD18B10388C3F322
S214023B400E039380D08816F09DFD18B10388C3F348
S214023B500E03D3801046FFF795FE0246E7E7984726
S214023B60E3B256F823300134002BF8D1BBE7BBF1A1
S214023B70000F3ED00BF1FF335FFA83FB16AB03EB6D
S214023B808B0252F8402CB2F9020051880028B1DAB2
S214023B904B04AFD4924641F48040931D2AF8020F9C
S214023BA002933AF8020F16F06DFDF0B1B0F902E09A
S214023BB0B0F802C0BEF1000F17DB6FEA4C4C6FEA9A
S214023BC05C4CA0F802C00390FFF770FEBBF10F0F2B
S214023BD08FBF002516AB039A03EB8B009EBF0BF13B
S214023BE0010340F8402C5FFA83FB029B9A45D8D12A
S214023BF080E72046FFF746FE22460446C3E7104605
S214023C0013F046F88346B2F90200118800280AEA41
S214023C10010108DA204616F02BFD084381B204EBB8
S214023C204B0402EB4B0510461180FFF72BFE0246B3
S214023C306EE798475FFA8AF356F823300AF1010ACC
S214023C40002BF6D170E74FF0000AF3E73046FFF795
S214023C5019FE82467EB1B6F902307188002B0ADA66
S214023C603088C0F30E0016F00DFD864203462DD1B5
S214023C70C1F30D0171805646AE42E7D3DFF81CA1B0
S214023C8016F06AFF00210646504613F052F816F068
S214023C90F9FC0546002800F08780304616F057FFEC
S214023CA0284612F0F5FF0646204616F0E1FC81464D
S214023CB07600324629462046F7F7BCFF00224946E0
S214023CC00DF1160017F085F93444D9E71BD93046B2
S214023CD012F0DEFFC1F30D01420071801846314634
S214023CE092B2F7F7A7FFC6E75046FFF7CBFDD146DD
S214023CF0854203D9B0F90230002B01DA824603E08E
S214023D00FFF7C0FDF4E7B146554507D9BAF80000FB
S214023D10C0F30E0016F0B6FC8245E5D3B9F1000FEB
S214023D2030D0B9F80000C0F30E0016F0ABFC034624
S214023D3038B93346CB46994513D8B1459BD0D946B8
S214023D40ECE7484612F0A4FFB9F802204946C2F34F
S214023D500D02A9F80220420092B21846F7F76AFF4F
S214023D60E7E718460193FFF78DFD019B9B468542C8
S214023D7003D9B0F90230002B01DA0346DBE7FFF77E
S214023D8081FDF4E7CB46DAE79E5B0020CF62002097
S214023D90805600209C5B002074560020A05B00200A
S214023DA0845600200080FFFFBDF816303870A8F851
S214023DB00030044B30461C6016F0C9FE17B0BDE852
S214023DC0F08F00BF805600202DE9F041054616F020
S214023DD059FC0F460446D8B117F0E5F820B940F270
S214023DE0FB41204816F0ADFF284616F085FC054636
S214023DF02046FFF747FDBD42064609D004D840F2EA
S214023E000351184816F09DFF2588ED0B02D0278136
S214023E10BDE8F0816780204612F03AFF074604EBC1
S214023E20400816F099FE104B1A68B2420AD1C3F83F
S214023E30008016F08CFE2A464046BDE8F041FF217F
S214023E40F7F7A6BEA6EB0806B5B216F080FE072D5B
S214023E50F1D90023083D44F81730C8F80430A8F812
S214023E600250D5E7155004008056002038B516F0EB
S214023E7073FE00210546044812F05BFF04462846FE
S214023E8016F065FE204638BDA05B0020024B18885F
S214023E90B0FA80F040097047A05B00202DE9F74F8A
S214023EA0044600881F4616F0EDFB88461546064671
S214023EB017F079F820B940F2FE613F4816F041FF4C
S214023EC03388DB0B009306D033892B4433810020E2
S214023ED003B0BDE8F08F208816F00EFC824630460E
S214023EE0FFF7D0FC019016F037FEDFF8D0B0019B4A
S214023EF0DBF8002081469A421DD1FFF725FDA84235
S214023F0004D2484616F023FE1A20E1E70AEB050320
S214023F1073803FB1208816F0D3FB2A4641465044B0
S214023F20F7F7C6FF3046FFF7ADFCCBF80000484671
S214023F3016F00DFECBE716F00AFE208816F0DCFB24
S214023F402844009980B216F02FFC06460028DBD0E3
S214023F5016F0B6FB8146208816F0B2FB8246208811
S214023F6016F0CAFB514602464846F7F7A1FF30460E
S214023F70AFB116F0A5FB0746208816F0BDFB2A4611
S214023F8041463844F7F794FF0121208816F0D0FB0B
S214023F9001210246304616F0DFFB268097E716F030
S214023FA08FFB8046208816F0A7FB2A4639464044F7
S214023FB0F7F7EEFDE8E700BF155004008056002034
S214023FC03421014816F0BDBE29500400036910B51D
S214023FD05BB18268064B9A4201D1002010BD44694B
S214023FE016F0A8FE201AF9D5F7E74FF0FF30F5E7EE
S214023FF0C13F020082681C4B70B59A4204460568AF
S21402400019D116F0A9FD236923B1A34206D10022D5
S2140240102A601A61BDE8704016F099BD1A4611462C
S2140240201269A242FBD12A68A24208BF29600B612C
S21402403000232361EEE7036993B198426E6803D1C9
S2140240409D210A4816F07DFE2B46B44209D122690C
S2140240509D4218BF1A614FF0000308BF6A602361D1
S21402406070BD33463669F0E7C13F020029500400AE
S2140240702DE9F047074600254FF0010A154EDFF8F6
S21402408058808AB0347914B90AB0BDE8F087D6F8F9
S214024090009087B900972A46B8F80010234603A86E
S2140240A017F026F82246484603A9E9F7E5F925441B
S2140240B0EDB20836E6E7224603A94846E9F7B0F924
S2140240C0CDF800A023462A46B8F8001003A817F039
S2140240D00FF8ECE7DC9B0400A25B00200148FFF728
S2140240E099BC00BFA25B00209C46174BF7B505465D
S2140240F008461988164611B1144B1C78CCB10146F5
S21402410062463046BDB103B0BDE8F040E9F788B973
S2140241101C44E4B208373B79002BF0D03A6896424A
S214024120F6D185F001052246009516F0E1FF03B0B0
S214024130F0BD074FEFE7E9F79FF9B0B203B0BDE86D
S214024140F04010F07CBF00BFA25B00208F6C002006
S214024150DC9B040010B5074C238843B10020FFF710
S21402416087FF0020FF22044B20801A7010BD022019
S214024170FCE700BFA25B00208F6C0020142810B55D
S21402418018D8082805D110F0C3FFC401E4B22046AF
S21402419010BD0E2802D110F0BEFFF6E7064B53F80C
S2140241A02040002CF3D00A282478F0D105F0A0FE97
S2140241B00443EBE7FF24EAE72C9C0400014BB3F828
S2140241C068007047C4550020004870472E560020ED
S2140241D0014B1878704700BF49620020014B1870E7
S2140241E0704700BF49620020194B022810B51870AC
S2140241F002D0043801281BD8164B1B78042B03D098
S2140242000021154816F048FB144B1B689A001BD574
S21402421013F0805F40F6114418BF4FF44164204605
S21402422011F010FB90B92046BDE8104010F005BF13
S2140242300948FFF7DFFE0A48FFF7DCFE162412F0F5
S214024240A4FF11F0F9FAEAE71524E8E710BD00BF6B
S2140242504D6200204E620020346A0020444800204E
S214024260B0470020024B187800F00F00704700BFDE
S2140242704D620020034B187800F00F00831E584250
S214024280584170474D62002008B512F069FFC0B170
S21402429012F07FFFA8B10AF0A7FF90B90A4812F001
S2140242A011FD70B1094812F00DFD50B110F038FF43
S2140242B038B111F0C9FA20B9BDE80840044812F036
S2140242C0B2BD002008BD00BFA45B0020D65B002064
S2140242D08C56002030B505460C4693B081B910B90D
S2140242E0002013B030BD1023214A69460120FFF793
S2140242F0FBFE9DF805305A1E052A28D91720F0E73E
S214024300182200212046F7F743FC002DEBD1FFF7D9
S214024310B1FF30B310F0CFFD6A4601460020FEF72B
S214024320A5FEBDF80430204623819DF80230A37214
S2140243309DF80030E37213F0B2F8002304F1140182
S214024340237304F1100003F0CBFDE081C8E7094AAD
S2140243509DF8041012789142D0D12B70002CD6D141
S214024360BEE7054B1B78033B022BD3D9C6E700BF3B
S21402437064EE0100666C00204D62002030B593B0FA
S21402438005460C46FFF776FF20B90C4B1B78033B1D
S214024390022B10D810F08FFD6A4601462846FEF71B
S2140243A065FE00209DF80230607023709DF8003094
S2140243B0A37013B030BD1720FBE700BF4D6200208C
S2140243C0054B1878012805D000F0FD00A0F1310356
S2140243D058425841704700BF4D6200201FB5014643
S2140243E0002201A816F028FB064801A916F04EFE88
S2140243F020B116F065F94089C0F3400005B05DF8BB
S21402440004FB00BF0C6C002030B585B00D460022C0
S214024410014601A816F010FB084801A916F036FE60
S21402442050B116F04DF90446014608222846F7F721
S21402443001FC6089C0F3400005B030BD0C6C002062
S214024440F8B50546F8B100210F4816F0BCFD044643
S214024450A8B10D4F204616F033F9064616F0D8FAE4
S214024460830705D4082229463046F7F7DDFE38B121
S2140244702146384616F0CBFD04460028EAD1002431
S214024480201E18BF0120F8BD0C6C002010B50C468B
S2140244900146064816F0FAFD30B116F011F94389C6
S2140244A01C4214BF0120002010BD00BF0C6C00206F
S2140244B01FB51446024601A816F0BEFA074801A91F
S2140244C016F0E4FD40B134B116F0FAF814220146B3
S2140244D02046F7F7AFFB012004B010BD0C6C00209D
S2140244E01FB50146002201A816F0A6FA094801A93E
S2140244F016F0CCFD58B116F0E3F84389024613F0E5
S214024500020004D0507B80F00800C0F3C00005B063
S2140245105DF804FB0C6C0020F7B59DF824400D46B0
S21402452001949DF82040064600941F4614F054F865
S2140245304FF6FF718842044610D0BB0711D42846B6
S21402454000F056FF204616F0C8FDFF281FBF084A97
S21402455032F8103023F4804322F81030204603B09D
S214024560F0BD02462946304612F0F3FCEAE700BFE9
S214024570745B002073B50E460146144816F086FD9D
S2140245800546D8B116F09CF843890446334012D04B
S2140245909B0736B20BD5002E09DAA17B437B028934
S2140245A0007B0191012100912146FFF7B5FF638947
S2140245B023EA06036381628912B1012002B070BD4C
S2140245C02946024812F0D4FBF7E700BF0C6C002025
S2140245D00148FFF71FBA00BF0C6C002013B53E4C13
S2140245E00DF07CFFD4F8FC311020C3F3074301938F
S2140245F0FFF7C4FD000650D50020FFF7BFFD0106F9
S2140246004BD5019B802B3ED1236A9A0704D440F6F1
S2140246101544204602B010BDE3699B07F7D52F4824
S21402462011F03EFC012012F00EFA0DF06AFF04466D
S2140246300028EED100F042F9294812F0CEFB00F035
S21402464099F9E8F757F80DF048FF08F003FF08F06D
S21402465055FFF4F761FAF4F7FFFAF4F719FB03F0E3
S214024660DBFD10F057FD10F058FD11F0F0F81D4874
S21402467013F0BBFF06F08CFA11F0ACF80028C8D095
S21402468011F0AAF8C5E7019B812BC0D1D4F80C31F2
S2140246905B00BCD5D4F80C31BFE71020FFF76EFDE7
S2140246A00006BCD40020FFF769FD0106B7D5019BC2
S2140246B0802B05D1084B1A6AD207A8D5DB69ACE76E
S2140246C0019B812BA3D1044BD3F80C21002A9EDA3E
S2140246D0D3F80C31A1E700BF0080E00F690345EC78
S2140246E08C560020DD43020010B512F04BFD70B36D
S2140246F001F0E0FA80F00104E4B20020FEF724FCA8
S21402470044EA800424B212F02BFD10BB02200443BC
S214024710164816F086FC44EA4014154816F081FC4A
S21402472024B244EA0014134816F07BFC24B244EA8E
S2140247308014114816F075FC24B244EA40240F484F
S21402474016F06FFC24B244EAC02080B210BD0124E9
S214024750D3E70B4812F0B6FA0028D7D0094812F071
S214024760B1FA80F00100C0B24000D0E7746A0020BF
S214024770586B002048480020D86A0020386B00207A
S214024780A45B0020D65B002008B501F07FF8FEF798
S21402479009F8144812F096FA08B904F025FF1248F0
S2140247A012F090FA08B906F0DDF902F095FF0F480C
S2140247B012F045FB0E4B1B78043B022B09D80D4822
S2140247C016F02FFC28B1FFF78FFF102801D107F053
S2140247D0E1FC10F0A7FC12F0CBFBBDE8084006484F
S2140247E0FFF75AB9A45B0020D65B00208C56002047
S2140247F04E620020586B0020A49C0400014B1868EF
S214024800704700BFC05500204FF6F77370B5984248
S21402481004460D4686B043D812F0B8FBA04207D134
S214024820082220492846F7F705FA002006B070BD90
S2140248301D4EB6F86830A3420AD10022082106F1BE
S2140248406A0012F031FB18B9082206F16A01E9E79C
S21402485084B10023012219462046009308F05CFD2D
S214024860FF2811D12946204608F000FF80F00100FB
S214024870C0B2DBE70D4B1B689B07EAD4284606F05E
S214024880FBFD0028E5D0D0E702A913F050FD002872
S214024890E8D1DDF80D302B60DDF811306B60C4E72F
S2140248A00120C3E7D0620020C455002044480020FF
S2140248B0014B1870704700BF666C002010B5054C9F
S2140248C0082221460448E8F7ABFD204612F098FB82
S2140248D010BD00BFD062002034B608C00048704742
S2140248E0D0620020082208B50349F7F79DFCB0FA0B
S2140248F080F0400908BD00BFD0620020014B18704E
S214024900704700BF41620020F7B50D4604461646C2
S2140249101F460021284601F061FD0B4B002183F85B
S21402492059402A463346204600970AF03FF9014688
S21402493030B10222204603B0BDE8F04000F006B8CF
S214024940012003B0F0BD00BFC455002013B51346C6
S2140249500C461AB1022A0CBF134601230021044A50
S214024960019100922246FEF71DFC02B010BD00BF68
S2140249706772030000B5002093B0FEF78FFB1E4B54
S214024980188813F033FE1D4B1D491A7800200AF0D2
S21402499091F9342200216846F7F7FAF80B238DF8CE
S2140249A000306FF4803301934FF6FE73ADF810308B
S2140249B003238DF81D30134B134A0893134B1068CC
S2140249C00993134B51680D93124B6A460E93124B82
S2140249D00F93124B1093124B119302AB03C3002199
S2140249E00846FEF7F9FD6A4601210020FEF7F4FDAF
S2140249F013B05DF804FB00BFF86B0020756C002056
S214024A003C6004001D4E0200D062002003700300CA
S214024A10057B0200C54F0200318A0200677203005E
S214024A2035770200014B1878704700BFD862002025
S214024A30014B1888704700BF106C00202DE9F74F15
S214024A40814610460E46904616F059FADFF840B1F7
S214024A5005469BF8003033B94A4B1B681BB94A4BD4
S214024A601B68002B7FD015F4406A05F040071BD167
S214024A709FBBB5F5804F61D24FF48074B9F1400FF9
S214024A8073D0B9F1800F63D0B9F1100F6BD1002348
S214024A909BF800003D4AD9B2884264D932F8021B1C
S214024AA00133A142F7D166E008F1030016F027FAB7
S214024AB04FF6FF73984214BF0124022487B10527DC
S214024AC005F44043B3F5004F44F0080425D0B5F58D
S214024AD0804F24D244F4807421E054460327EFE743
S214024AE0B5F5804F4FF00507F4D3BAF5406F14BF03
S214024AF0022008203844404416F001FA019012F0D1
S214024B0062FA019B05F4404598420CBF44F0080443
S214024B1044F00404B5F5004F01D144F08004BAF520
S214024B20006F0FD108EB070016F0E9F9054612F000
S214024B302DFAA842A2D144F010049FE75446032758
S214024B400220D7E7BAF5406F08BF44F0200495E785
S214024B500C4B1B683BB10022D1B233F8110033F97B
S214024B601110002903DA002008E0074BF1E7A04203
S214024B7002F10102F0D106B13480012003B0BDE893
S214024B80F08F00BF9C560020A0560020F45B002049
S214024B9011630020034B1A78022A04BF09221A70F6
S214024BA0704700BFD96200200C22034B1A211A70EC
S214024BB00320002201F090BDD96200200C2208B525
S214024BC0054B1A211A700022104601F085FD0022BC
S214024BD0024B1A6008BD00BFD9620020A85600200A
S214024BE00C2270B50D4B05461E781A7030B9304649
S214024BF0BDE8704000221A2101F06EBD084B1C78F9
S214024C00E1B21A29F3D825FA04F3DB0703D54422C6
S214024C10304601F061FD0134F2E700BFD9620020A0
S214024C20916C00200C22024B1A7010F006BE00BFD8
S214024C30D9620020F0B50C8805460E468BB0E4B962
S214024C404FF6FF77ADF8247010F00CFE10B9022074
S214024C500BB0F0BDCDE90340CDE90544134A0294FA
S214024C60B2F85C306032019300923B464CF601018A
S214024C70FF2009AA13F0D5FC3080284612F0CCFAA1
S214024C800B4C70B1237863B1013BDBB2284623702C
S214024C9012F0C2FA38B12078B0FA80F04009C0B2F9
S214024CA0D6E70523F2E70120F9E700BFC455002046
S214024CB0906C0020034B11461B6803B1184710F096
S214024CC07CB900BFA85600200C22024B1A7008F0CE
S214024CD039BF00BFD96200200148FEF79BBE00BF65
S214024CE0A65B00207FB505460C46164615F012FF59
S214024CF000286BD1062D03D85223EB40DB071AD4CB
S214024D00B4F1006F05D3E30E1C3B032B18D94F20DA
S214024D102EE000222F4B1A602F4B1D7012F0EAF87D
S214024D2003460A2D54D8DFE805F02D183E4918250B
S214024D3018535341360002F0A3F8B4F1006FE2D2E2
S214024D400022244B042D1A60234B1D70E6D102204C
S214024D5001F0B6F912F0CEF80346012202921F4A7B
S214024D6001921F4A00921F4A314620460AF078FAFC
S214024D7004B070BD314620461B4A04B0BDE8704000
S214024D800AF056BA31462046184B194A04B0BDE816
S214024D9070400AF031BA00220292164A0192104A74
S214024DA00092154AE0E702220B4B1A7000221046C8
S214024DB0124904B0BDE87040FEF7BAB9002202926A
S214024DC00F4A0192064A00920E4ACDE74D20CFE7DF
S214024DD00120CDE7A8560020D9620020E14B020050
S214024DE01D4E020053720300C94C0200BD4B020066
S214024DF0B54C0200254C0200354C0200954B0200D1
S214024E00A94B02001572030008B50AF059FA0C22E3
S214024E10014B00201A7008BDD9620020F0B585B09B
S214024E20ADF8060018B97621644815F08AFFBDF879
S214024E30060011F02AFE0446BDF8060011F025FE13
S214024E40082846D00C2CBDF8060042D111F00DFF02
S214024E50074616F054F80DF10F010646BDF8060097
S214024E6010F049F9002879D009220021384615F0B9
S214024E7067FB9DF80F301033C518BDF8060015F015
S214024E803BFCEDB2854269D22946BDF806000AF01F
S214024E9025FB06F44C4416F44066054614D0F81C6E
S214024EA016F02DF84FF6FF73984208BF44F0400400
S214024EB0B6F5006F08D1781D16F021F84FF6FF738D
S214024EC0984208BF44F010049DF80F305BB3072DDC
S214024ED044D1BDF8060011F0CEFD0446BDF806002A
S214024EE011F0D3FD082817D0A30615D524F020010B
S214024EF089B2BDF8060011F0A9FDBDF8060011F052
S214024F00B4FE0021092215F01BFB00F1100189B244
S214024F100DF1060013F0AEFC0022BDF8061028487C
S214024F2016F057F81AE0082D16D8BDB1013D072D28
S214024F3014D801A353F825F0954F0200A14F0200A2
S214024F405D4F0200614F02005D4F0200AD4F02004E
S214024F50D34E0200B34F02007C2D24D005B0F0BD24
S214024F6024F48844A4B2B4F5084FF7D1BDF806007D
S214024F7011F086FDBDF8061013F03DFB0028A8D000
S214024F80BDF8060011F0D4FD00220146022015F0FD
S214024F907FFFE3E724F48064A4B2B4F5484F97E7B2
S214024FA0B4F54C4F94E7B4F54C4F92D04CF6500300
S214024FB001E04CF640439C428AE700BF37500400AB
S214024FC0A45B00202DE9F7430F4690469946064615
S214024FD015F076FB0446304615F08EFBC5B2083D4A
S214024FE02C44E178094BA2781970094B31461A70A5
S214024FF0002043463A46CDF800900DF0FAFE0038FF
S21402500018BF012003B0BDE8F08300BFF3620020A2
S214025010F26200202DE9F04FDFF84081DFF8409180
S21402502098F8002099F8003006469A4285B004D3D4
S21402503040F21911424815F084FE30460DF10F0178
S21402504015F012FD20B14FF48E713D4815F079FE31
S21402505098F800709DF80F403D1B15F0FF0530D004
S2140250604FF0FF3C374B01211B78A140184699F8B8
S21402507000304FF6FF790CFA03FC0023324A01F1A6
S214025080FF3E0193C1F1000A9DF80430984243D8CE
S214025090122004FB00002D4BA0F1120105EBC50205
S2140250A05200194404F101091844F6F7C3FD4FEA09
S2140250B089092748A9F104010144AA004844F6F7E1
S2140250C0B9FD224904EBC40201EB420321F8126047
S2140250D0204A013712784FF6FF71DA731A745A743F
S2140250E012025A801C4A0D2012781A7110225A7126
S2140250F000229A73C3F80620C3F80A20144B43F81A
S214025100242088F8007015F0C3FE0EB913F0D2F80A
S214025110204605B0BDE8F08F13884B450AD0536889
S2140251200AEA030B03EA0E030B4403EB4B0343EAC0
S2140251300C035360019B083201330193A4E700BFBE
S2140251404A500400726C002014460020405B002087
S21402515010460020F3620020DA6200204762002038
S214025160706C002010B5074C2046FEF743FF04F093
S2140251706BFB02F0DDFE2046BDE810404FF47A518C
S21402518015F08ABB346A00202DE9F0410746002557
S2140251900A4B0B4E93F80080ECB2A04503D8FF24CE
S2140251A02046BDE8F08108223846B11DF7F73CF8E4
S2140251B001350028F4D01236EEE700BF4762002021
S2140251C0405B002007B50DF1070115F04DFC30B12C
S2140251D09DF80730034803EBC30300EB430003B01C
S2140251E05DF804FB405B00202DE9F843294E044697
S2140251F033785D1E2D1A8342EDB204D84FF4A171A6
S214025200254815F09EFD0123A3404FF0FF305F1E98
S2140252103B4400214FF6FF7E6FEA03081F4A92F8CE
S21402522000C01F4A127890401E4ACBB29C4523D833
S214025230BDB127B204EBC4041B48640005EBC502EB
S21402524004F11201014452002044F6F7F3FCBF00B9
S2140252501648AA00391D014402F0FC023844F6F74B
S214025260E9FC33780022013B33704FF6FF71BDE84C
S214025270F8430E2015F00CBE1388734507D053680A
S21402528008EA03093B4003EB590303435360083221
S2140252900131CAE7476200204A500400726C0020BF
S2140252A0706C002014460020405B00201046002050
S2140252B010B50A4C207858B9094B1B781A2B03D91B
S2140252C09921084815F03DFD0322074B1A7010BDC0
S2140252D00138C0B2FFF788FFECE700BF4762002044
S2140252E0706C00204A500400436200202DE9F0470B
S2140252F0054615F0E1FEFF28044624D1DFF8849027
S2140253001E4B99F800201B789A422BD22846BDE8FD
S214025310F047FFF77FBE38883B79504518D86F2B89
S2140253204FEA131214D85B0710D0123708F101089F
S21402533099F800105FFA88F6B142ECD80023104ABA
S214025340DEB28E4214D32046BDE8F087022AECD99C
S21402535013F021F90028E8D129463046BDE8F04787
S21402536011F09BBF4FF000084FF6F77A044FDFE7C5
S214025370107901338F28EFD81232E1E7706C0020E3
S214025380405B0020476200204FF6F773984210B544
S21402539014D8FFF7ABFFFF2810D0134C00B200EB77
S2140253A0C00004EB40040DF036FF104938B962889D
S2140253B00B7802EB0313A3EB1213638010BD227C5F
S2140253C0637C09789A42E2732374617407D98B422C
S2140253D003D213468B4228BF0B461B02EDE78A42D6
S2140253E0F8D31346F9E700BF405B0020F3620020C3
S2140253F02DE9F04106460F4600240E4DDFF83880B0
S21402540098F80030A34201D8BDE8F0810822294668
S2140254103046F6F709FF40B935F8063CBB4204D0E1
S2140254202046FFF7E1FE013CE4B20134E4B2123555
S214025430E6E700BF465B002047620020F8B5054657
S21402544008460E46FFF7A0FEFF2830D01D4B294621
S21402545053F820703046FFF7CBFF2846FFF746FF8B
S214025460FF28044625D113F0B1F8FF280AD1164CBE
S214025470207838B10FF022FD2378B0FBF3F202FB5E
S2140254801300C0B2294611F008FF044623B20F4D9E
S21402549003EBC30305EB430508223146A81DF6F7C6
S2140254A0C9FB2B79204603F00F032B71F8BD0027AA
S2140254B0D3E7074B1B78002B18BF0027014B43F896
S2140254C02070E3E710460020706C0020405B00204E
S2140254D0926C002038B50B4B04461B780D4683426F
S2140254E004D840F25A21084815F02BFC074804EB72
S2140254F0C40400EB44002946BDE8384008220630C2
S214025500F6F798BB706C00204A500400405B0020FF
S21402551070B5044608460E4615F0CEFDFF28054631
S21402552010D02046FFF730FEFF2807D0084B1B7826
S21402553023B9084B53F8202043F825202146284655
S214025540FFF7C8FF31462046BDE87040FFF750BF60
S214025550926C0020104600202DE9F8430024804675
S21402556001272646114DDFF84C9099F80030A342E9
S21402557010D83E430134E4B21A2C4FEA470705F12D
S2140255801205F2D14FF0FF30094B1B78984030439A
S214025590BDE8F8832B884345EBD0284611F0C6FEBB
S2140255A00328E6D82B796F2BE3D8E3E7405B00208D
S2140255B0706C00204762002010B5084C00EBC0005B
S2140255C004EB400423795B0707D1204611F0AEFEB8
S2140255D0237923F007031843207110BD405B002097
S2140255E00022084B1878084BD1B2884203F1120306
S2140255F000D8704713F80D1C013221F0100103F891
S2140256000D1CF1E747620020405B00202DE9F047C1
S21402561002261227DFF85C90DFF85C8099F80040DB
S21402562000250CE007FB05F338F803A000215046DE
S21402563011F091FE10B15CB1013CE4B2013599F86B
S2140256400030EAB29342EDD8A34204D14FF6FF7A75
S2140256505046BDE8F0870FF031FC99F80030012E75
S214025660A3EB040390FBF3F202FB1300C4B2EDD0EB
S2140256700126D5E747620020405B0020034B00214D
S2140256801A7803489200F6F783BA00BF706C0020BF
S2140256901046002010B5134B0C461B7886B083428A
S2140256A012D9114900EBC00001EB40010822204646
S2140256B00631F6F7BFFA00220821204611F0F4FB65
S2140256C080F00100C0B206E0C01A01A9C0B212F012
S2140256D086FF10B1002006B010BD01AB03CB2060E0
S2140256E06160E8E7706C0020405B002008B5074B5D
S2140256F0024653F820308B4206D915204FF6FF712A
S21402570015F0C6FB002008BD0120FCE7104600206D
S214025710024B013143F82010704700BF10460020AC
S2140257202DE9F34781460C4600272A4EDFF8ACA047
S2140257309AF80030FDB2AB4210D86946204612F005
S21402574067FFC0B3082269464846F6F76DFD90B378
S2140257504946204612F0A5F8FE2537E006F106086F
S214025760082241464846F6F75FFD90B94FF6FF73AA
S2140257709C422BD03388A34228D0204615F0ADFC9D
S214025780FF2814D14946204602B0BDE8F047FFF78D
S21402579055BE14B912360137CAE73388A342F9D187
S2140257A000220821404611F07FFB0028F2D128464D
S2140257B0FFF71AFDCCE74946002015F08CFCFF28BF
S2140257C0054603D0044B1B780344DDB2284602B0DC
S2140257D0BDE8F087405B0020706C00204762002026
S2140257E00F4B1B7883420CD8C01A0E4AC0B232F84E
S2140257F01030D90411D443F4805322F8103001201B
S2140258007047094B00EBC00003EB40035A79D10600
S21402581003D442F010025A71F1E70020704700BF2D
S214025820706C0020745B0020405B0020F0B5134BC8
S21402583006461B78FBB100251148DFF84CC090F8ED
S21402584000E0104807781F44E8B2864501D80020D9
S214025850F0BD7C1B94FBF3F003FB10440CEBC4007E
S2140258603CF83440B44204D1002AF1D184788C4208
S214025870EED00135E8E71846EAE700BF726C002072
S21402588030480020456200201446002070B50CF017
S21402589016FE14250F49104E0B78328830809B1A5C
S2140258A003449BB2B3FBF5F405FB14330B700B49B0
S2140258B0E2B20B78934292BF00239B1ADBB2032A12
S2140258C00B7088BF002306499EBFD2000B68D340E8
S2140258D00B6070BDDC620020A85B002044620020E2
S2140258E030480020084B1868084BC2B21B789A4210
S2140258F008D2074BC0F307201B78984234BF00201B
S214025900012070470120704730480020726C00204A
S214025910DB620020F8B505461746FFF7E3FF0646AA
S21402592010B9184B1A783AB9212001224FF6FF71A6
S21402593015F0AEFA0020F8BD1348DFF854C003781D
S2140259400133B3FBF2F402FB143303700F48DCF8A6
S214025950002000EBC30420F8335002F10132A1709C
S2140259603846CCF80020FFF7F7FDE670606011F0CD
S2140259700DFBA84201D10120DDE7E3780133E37095
S214025980F9E700BF726C0020456200201446002032
S2140259903048002010B50B4C0B4A2378063B137098
S2140259A00CF08DFD0022094BFF211880084B094898
S2140259B01A602278D200F6F7EBF80422064B1A7029
S2140259C010BD00BF726C0020DB620020A85B0020C6
S2140259D03048002014460020446200202DE9F84397
S2140259E0074615F0A7F905461A4815F01AFB1A4B92
S2140259F048B31C683C1B2C44A4B20022174BDFF8A9
S214025A0064901B78164D99F8006005EB03155FFA53
S214025A1082F8464509D9AB8805F11000A34215D98C
S214025A20B21A29461201F6F705F9013689F800601E
S214025A30AC80B8F1000F03D13946064814F02CFFAB
S214025A402846BDE8F8833C461D60D6E70546013287
S214025A50DDE700BF546A0020AC560020DE6200205C
S214025A6010450020DF6200202DE9F74F15F062F99D
S214025A704FF0000E284D294F2978294C97F800A0A0
S214025A8004EB011303EB0A120092F3465246DFF8C8
S214025A9098801FFA80FC0646B8F80000ACEB0009B6
S214025AA0A0EB0C001FFA89F901900098984217D1D2
S214025AB0BEF1000F00D02970524503D200203A7082
S214025AC0FDF7DEFA3B7823B32B78164804EB031473
S214025AD0A188C8F8006003B0BDE8F04F14F0DCBE41
S214025AE0B3F804C0CC450FD84FF0010E93F802C0AD
S214025AF001310CF1FF3C013AA3F804B083F802C06E
S214025B00C9B2D2B21033D0E701988444A3F804C0D5
S214025B10F8E703B0BDE8F08FDE620020DF62002007
S214025B2010450020546A0020AC5600207FB56C4613
S214025B301E4B1F4D1E78013EF6B21E7095E80F00F2
S214025B4084E80F001B4B28461A7805F110013244F0
S214025B501201F6F76FF89DF8026016F00F0511D1E4
S214025B60BDF8080009F02CFE360918BF29464FF08A
S214025B700002BDF8000008BF039904B0BDE87040FB
S214025B8002F022BDBDF80400FFF728FF0346828814
S214025B9004ADADF80420224603CAAA421860596032
S214025BA0144603F10803F6D104B070BDDE6200208D
S214025BB010450020DF620020F8B50024084D094F8A
S214025BC0094E3B783178E2B20B449A4204F1010462
S214025BD000DBF8BD2846FDF71DFF1035F1E700BFD4
S214025BE010450020DF620020DE62002070B5134BF5
S214025BF006460D46104612491A78124B09781B784B
S214025C000B44934206DB1F204FF6FF7115F040F956
S214025C10002070BDFFF7E2FE01350680857004465F
S214025C2015F083F8E08009F0D1FD40F602432081AA
S214025C30E3600020FDF724FA0120EAE76F6C0020FB
S214025C40DF620020DE6200202DE9F843864600234C
S214025C50144FDFF85C803E7898F8005012497219AB
S214025C60DCB294421CDA4FEA041C31F80C90013381
S214025C70F14501EB0410F3D1631CD21A0CF1100C9F
S214025C8012016144F5F7D6FFA5428BBF05F1FF3539
S214025C9006F1FF3688F800503E700CB9034B1C70B4
S214025CA0BDE8F883DF62002010450020DD62002098
S214025CB0DE620020044B054A1B781278D3420CBFE2
S214025CC001200020704700BFDE620020DF62002055
S214025CD0024B1878003818BF01207047DE62002099
S214025CE0002108B5084B09481970094B1970094B71
S214025CF01970094B1A781201F5F74AFFBDE80840F9
S214025D000648FEF777B900BFDF6200201045002084
S214025D10DE620020DD6200206F6C0020546A0020E4
S214025D2010B50B4C23784BB10A4802F03BFD58B134
S214025D30084B0121188811F01BFA08B9002010BD83
S214025D400122054B1A70FAE7FFF7F0FEEAE700BFFA
S214025D50DE62002010450020DD62002010B50E4BEA
S214025D601B78BBB10D4C238883424FF0000311D140
S214025D700B4AE160137049B9A3781033A37011F08F
S214025D80C1FC18B9A37823F00F03A370FFF7CEFE69
S214025D90012010BD1846FCE7DE62002010450020F8
S214025DA0DD62002070B592B00C4606460FF083F80E
S214025DB0E17A05460020FCF733FE28B394F90A0080
S214025DC011F07DF810BB134BE27A294683F858206F
S214025DD0A27A83F85A206A46FDF748F94FF6FE7310
S214025DE09E420CBF4FF6FF7323896A46294600205F
S214025DF0ADF80660ADF80430FDF7EEFB40B9228937
S214025E00054B5A8012B070BD5520FBE75620F9E7C5
S214025E102120F7E7C4550020B056002010B50446EE
S214025E20014608220948F5F705FF237B022B0AD80C
S214025E30002B14BF3122012205490B7017234B6138
S214025E40044B1A7010BD00230122F5E7B456002059
S214025E50B05600204D620020014610230120014A60
S214025E60FEF742B964EE0100014B5861704700BF6D
S214025E70B0560020014B1878704700BFB05600207D
S214025E8010B5054C2378112B03D0E221034814F0F9
S214025E9058FF4123237010BD4D6200205550040068
S214025EA0064B01461B78042B04D1054A137E0533A4
S214025EB013767047034814F0EFBC00BF4E62002012
S214025EC0B0560020746A002008B50648FDF7A2FD09
S214025ED00548FDF79FFD0FF01AF9BDE8084000F0EF
S214025EE0EBBF00BFA45B0020D65B0020064B1878F1
S214025EF0332806D000F0EF00A0F143035842584181
S214025F0070470120704700BF4D620020002208B58E
S214025F10074B4FF6FE701A7011F044F84FF6FF70FA
S214025F2011F05DF8034B5869BDE808400FF085B8DC
S214025F304D620020B056002008B5064B187838B1DE
S214025F400548FEF743F84FF47A73B0FBF3F0C0B29D
S214025F5008BD00BF42620020F04700202DE9F04352
S214025F608BB00746154698460E469DF8489049B9A6
S214025F70104605AC15F0B1F8214612F030FB172892
S214025F8018BF2646B9F1000F0AD1124B1B781BB96F
S214025F90284612F041FBD0B92846FEF7A1FA02E0E5
S214025FA0284612F039FB80F00104E4B29DF8503026
S214025FB02A4602939DF84C303146CDE90093384686
S214025FC04346039411F018FA0BB0BDE8F0834C4632
S214025FD0ECE700BF496200200022014B1A767047A8
S214025FE0B056002008B50020FEF788FC0023024ABF
S214025FF0C2E90133538008BDB056002010B5144BD9
S2140260001B78033B012B16D8124BB3F868204FF6C9
S214026010FF739A420FD10320FEF7E6F801F052FF13
S214026020FFF7E0FF002014F041FA78B1BDE8104017
S214026030002010F028BEFEF7C7F80446FEF7BEF8AA
S2140260400146204607F01AF80220E5E710BD00BF19
S2140260504E620020C455002008B5114A114B586103
S2140260601378032B1BD0D3B1332B01D0432B10D183
S2140260700D4B1B78033B012B05D803231370BDE899
S21402608008400EF0DABF0EF0D8FFBDE80840FFF772
S214026090B5BF21231370BDE8084001F07DBD08BDE1
S2140260A04D620020B05600204E62002008B503481C
S2140260B0FDF7A0FFFFF796FF022008BDF04700207D
S2140260C038B5114D04462B78834218BF28700FF05E
S2140260D0C1FB80B124B920460FF0BEFB02220DE0C0
S2140260E001200FF0B9FB2B781A1F012A05D9062BBF
S2140260F0F4D1032202E0002CF5D10122BDE838409B
S2140261000021084611F0B8B84E62002030B50446A9
S21402611085B068460D46FFF79FFE94B100212846DB
S214026120144A01F0F3FE144B20681B7861688DF860
S2140261300430124B1B788DF8053002AB03C305F012
S21402614071F90F4B93F8582093F85A308DF80320C4
S2140261508DF8023010F037FFADF8000010F016FF91
S2140261601023ADF8060069460020064AFDF7BCFF7C
S21402617005B030BD00F8FF07666C00204E620020B6
S214026180C455002064EE010010B5104B04461A7880
S2140261900F4B002083F8582014F088F910B1002025
S2140261A010F071FD00210846FFF7B0FF0FF044FB28
S2140261B02046FDF749FA40F617400EF03EFF002350
S2140261C0044A1380044A138010BD00BFE062002018
S2140261D0C45500207E5B00207C5B00201FB5044671
S2140261E06846FFF739FE54B100238DF805301023B8
S2140261F069460020064AFDF777FF04B010BD10F08E
S214026200C5FEADF8060010F0DEFEADF80000EEE7C3
S21402621064EE010010B5014604460020FCF700FCBF
S21402622090B10C4B1B78023B032B0FD80A4B1C7009
S21402623014F070FC60B9094A0949FCF779FF003886
S21402624018BF0120800010BD5520FCE70220FAE7A7
S2140262504D20F8E74D620020E0620020D98A020055
S21402626089610200F8B5064614F054FC044668B983
S21402627014F01CF950B1064D204695F8587085F872
S214026280586010F000FD10B185F858704D20F8BD2A
S214026290C45500202DE9F04180461846033B012BE9
S2140262A00E46174602D918B1212438E0FFF708FF38
S2140262B0274B1D78022D08D0032D46D1B8F1000FCA
S2140262C003D1244B1B689B073FD43320FDF78CFF7A
S2140262D001F096FAB6F1006F34BF1F4B0522314625
S2140262E04FF0060038BF1A78FEF7FCFC044628BBBF
S2140262F01A4D2873012000F017FE10F064FE688025
S2140263002846B8F1000F0DD0022300F8043B11F026
S214026310C6F86C732F61394630460EF0D2FD204621
S214026320BDE8F081012300F8043B11F0B8F86C7365
S2140263302F61394630460EF0C3FDF0E72846FDF7DA
S21402634053FFB8F1000FF4D0E5E70224E7E700BFF9
S2140263504D62002044480020936C0020B056002076
S214026360034B187818B9034B034A1B78D05C704766
S2140263704C6200204E620020889D040038B5437BA4
S2140263800446DB0703D590F909000FF054FA0025FE
S2140263900F4B83F859502079FFF764FFFFF7E0FFB1
S2140263A061882488034622462846FEF7ADFA04464C
S2140263B020B11720FFF750FE204638BD1723054DA3
S2140263C0C82105486B6114F067FA03232B76F3E7BE
S2140263D0C4550020B0560020746A0020F0B51A4D4D
S2140263E006460C4693B0A5F8680005F16A0729BB75
S2140263F0C5F86A1079600EF05EFD6A460146002016
S214026400FCF734FED5F86A30ADF81060CDF81230DD
S2140264107B68CDF816300EF04EFD6A460146002027
S214026420FDF7DAF84FF6FF73B5F86800984203D026
S21402643014B106490EF048FD13B0F0BD08223846E6
S214026440F5F7F8FBD7E700BFC45500202E5600200C
S2140264502DE9F041DFF8B8801F4698F8003005466F
S2140264600C4616461BB102252846BDE8F081531E8F
S214026470052BF8D814F04EFB0028F4D13B7B032BF7
S21402648014D14FF6FE739C4212D1012E09D0022E71
S214026490E9D110F07BFD4FF6FB73984203D810F05B
S2140264A075FD044604E011F0CCF9FAE7012EDAD0C5
S2140264B0EDB939462046FFF775FC05460028D3D1CC
S2140264C098F80030332B03D0532B1CBF0E4B1861A9
S2140264D03046FFF7F5FD00214FF6FF70FFF77EFF0F
S2140264E00A4B1B78002BBFD012F07CF8BCE7397B36
S2140264F0721ECB1E594259415042504105F07CFF54
S21402650005460028D5D0AFE7B0560020946C002090
S2140265104D6200202DE9F04105460F46904610F0E8
S21402652035FD6B7B0446DB0703D595F909000FF0B2
S21402653082F910F02BFD384B384E188010F043FDD0
S214026540374B1880FDF73AFE364B1880FDF73CFEB7
S214026550082201463448F5F76DFB10F0D9FC334BA0
S21402656018702879FFF77EFE00216888FFF736FF4D
S214026570FDF726FF60B14FF6F672631E9BB293429A
S21402658006D911F05EF9B6F8683004468342F8D0B0
S214026590204610F007FD288810F021FD4146B6F887
S2140265A06800B847044628B91920FFF755FD192098
S2140265B0BDE8F081B6F8681010F0A1FA00231C4D71
S2140265C086F859302B7803F0FB03022B02D02046C4
S2140265D010F002FF002220461146FFF707FB044692
S2140265E0B0B117236B61134B1B78042B09D1C8215A
S2140265F0114814F051F903232B7684F00100C0B23F
S214026600D6E74FF416710C4814F046F90023F3E768
S2140266101720FFF721FDF0E7AE5B0020C4550020EF
S214026620AC5B0020AA5B0020E1620020E962002049
S214026630B05600204E620020746A0020F0B50C4668
S2140266401E460B462049074689B004F1140053F84B
S214026650045B834241F8045BF9D11B8802AD0B80D0
S214026660D4F80E00D4F81210238803C5ADF8103003
S21402667023798DF812208DF8133000233A468DF8D0
S21402668014304FF6FE71012002ABFFF7E1FEC8B9E7
S21402669002A8FFF7C3FB237B4BB10C4D0C4B01AAA0
S2140266A02946012001930FF0A4F82A781AB9204649
S2140266B0FFF764FE03E020460199FFF72BFF08B9B7
S2140266C0044B1E7009B0F0BDB05B0020B05600202F
S2140266D0B5740300EA62002001232DE9F341304E2F
S2140266E005460F4600202F491446737300F0EAFB56
S2140266F00FF0A3F8DFF8AC8038B9012D01D9042DCC
S2140267000FD1214638460EF05CFC1020002111F015
S21402671081FF00283CD0002002B0BDE8F041FCF723
S214026720AFBC002CF1D1204B1B78212B03D0062BBB
S21402673001D0532B02D101F02FFAE6E7FDF740FE17
S2140267400028E2D000F0EAFB28B9307BC0F118003E
S214026750FFF782FCD9E7154B41462046019300F02D
S214026760B1FB20B140F61901114814F0EAFA01AA69
S2140267700B4998F80C000FF03CF832781AB9094821
S214026780FFF7FCFDC1E701990648FFF7C3FEBCE729
S214026790FFF79EFA0028BED102B0BDE8F08100BF26
S2140267A0B0560020B05B00204D620020B574030096
S2140267B0555004001FB5144B04461B88DB0707D44C
S2140267C04FF6FF700021FFF709FE002004B010BD4F
S2140267D00A230E4A012001A9FDF786FC4FF6FF7335
S2140267E0BDF80C209A42EBD00822FF2101A810F037
S2140267F05BFB0028E4D10CB90120E7E7BDF80C00EA
S21402680001A9FFF7EBFDF7E7C85B002026E10100D0
S21402681038B50C46154610F0C5FB02F053FF294664
S2140268202046FFF7DBFD00F079FB48B1054BDB792C
S2140268300E2B28BF0E230133DBB2034A137038BD7A
S2140268400123FAE7B05B0020F662002038B51D4649
S214026850FFF7FEFD0446C8B92B7B2846032B03D15F
S214026860BDE8384010F03ABEFFF7D8FA084B254686
S2140268709C8110F04DFB0121064B81401A780620C0
S214026880FEF730FA044608B1034B1D70204638BDA9
S214026890B0560020936C00204D62002030B50120D7
S2140268A087B0FFF787FF6B460446144A10685168A4
S2140268B003C384B904F0C4FD02A8FFF7CDFA4FF66D
S2140268C0FF752246BDF80E002946FFF7A1FF0EF01F
S2140268D0FFFA07B030BD6B46094AD2F86A00D2F812
S2140268E06E10B2F8685003C304F0AAFD02A8FFF7C0
S2140268F0B3FA6A46BDF80E00E6E700BFE9D8030021
S214026900C455002037B5324B04461B781BB102240F
S214026910204603B030BD14F0FDF80028F7D100F091
S2140269200DFB14B122882B4B1A8000210DF10700B3
S214026930FDF7D0FC002848D110F0A2FD044600283E
S214026940E6D1254D9DF80700FFF7BAFB2B78033BEF
S214026950012B27D82046FFF72DFF18B3FFF79EFF1F
S21402696000F0FCFEFFF74AFB012010F09BFA48B944
S214026970184B1B889A0707D523460522012017497C
S214026980FFF788FC0446C3E7154D0223294601207B
S214026990144AFDF7A9FB2B885B07B9D5204600F001
S2140269A0F1FEB5E72B78053B012BB1D8FFF776FF52
S2140269B0FFF724FB2B78052B0CBF04200520FDF7E0
S2140269C013FC012010F06EFADCE71724A0E700BFE4
S2140269D04D620020C85B00204E62002000F8FF07D0
S2140269E07A5B002027E101007FB50024184E194D7E
S2140269F03278E3B29A4201D804B070BD4FF6FF7304
S214026A00B5F868209A421AD0134B1B88DB0714D5B8
S214026A10124AB5F8683010685168ADF80C3001AB10
S214026A2003C30F4A0A23002001A9FDF75DFB0223D8
S214026A3000200C4A0C49FDF757FB0134D8E7002228
S214026A400821064810F030FA0028F6D1DCE700BF2D
S214026A50716C0020C4550020C85B00202E56002012
S214026A6026E1010027E101007A5B002010B500F064
S214026A70C7FE01F013FCD8B10E48FDF7BBFA0E486C
S214026A800E4C017A0E30FFF741FB23781BB100F063
S214026A90F7F9002323700022094B1A73FFF7AEFAA8
S214026AA007F0B8F900F012FFBDE81040FFF79CBFF0
S214026AB010BD00BF746A0020B05B0020EA620020AE
S214026AC0B056002010B52548FDF794FA01F0E6FB13
S214026AD030B1234B1B781BB9BDE81040FFF7C6BF89
S214026AE001F0DCFB78B11F4C237E83B1C8211B4822
S214026AF013F0D2FE0021237E0846013B2376BDE832
S214026B001040FCF72BBBFDF75BFC0028EBD1FDF732
S214026B1057FC154B1B7858B9112B03D003F0FD0315
S214026B20412B19D1BDE810400E4B5869FFF794BAB5
S214026B30332BF7D10D4B188810F034FA0C4B18880B
S214026B4010F04DFA0B4B0C491888FFF747FC0B4B1D
S214026B501878FFF787FBE5E710BD00BF746A0020D0
S214026B6049620020B05600204D620020AE5B002035
S214026B70AC5B0020AA5B0020E1620020E9620020F4
S214026B802DE9F04F0F4685B002AD04462946384639
S214026B90914611F0D1FF4FF0000B82463846CDF8F1
S214026BA004B010F062F84678022C804606F0020620
S214026BB009D85CB1FDF704FC0446002848D1754BA1
S214026BC001241B7865E0043C022C3AD9FDF7F8FB59
S214026BD038460FF0C3FF00240546A046DFF8D8A1CA
S214026BE0384610F042F850F809300DF105000193CE
S214026BF014F085F99DF807B00746B8F1000F4DD19D
S214026C00BBF1000F5BD0DFF88C9199F800300BB126
S214026C10002E63D0002C61D05F4B1B78022B5DD117
S214026C20BBF1000F53D1384610F0BCF9584659460E
S214026C30FFF76CFA07F0EEF840F607400EF0FDF9A3
S214026C4034E010F011FCFDF7BBFB0446F8B15C46DD
S214026C504EB1524B1B78012B02D0043B012B0BD8B2
S214026C6005B0BDE8F08F4B4B1B782BB14B4B1B7816
S214026C7003F0FB03022BF3D0BAF1000F404608BF25
S214026C80002511F04CFF4FF001088246A8E7414B61
S214026C901B78002BF0D0002EEED1E1E7BAF1000F00
S214026CA0AED05046FDF71EFE0028A9D1002013F0F4
S214026CB0FDFB0028D4D000200FF0E5FFD0E74FF60A
S214026CC0F7739F429FD91720FFF7C6F9EEE7FDF745
S214026CD077FB48B13248FDF78DF9F4E7FDF770FB14
S214026CE010B1BBF1000FF5D1FDF76AFB0028DDD02D
S214026CF02846FEF749FAFF28DFF89CA0294C03D065
S214026D009AF80030012B04D12946B4F86800FEF741
S214026D1095FBFEF751FC2A463846B4F86810FFF792
S214026D2077FD214B214A93F906301B0213809AF80D
S214026D300030012B19D0312B14BF432311238AF8BC
S214026D4000301B4B1648196813F0A6FD00F006FD2E
S214026D500023124C99F80010237641B9104813F01C
S214026D609BFD40F61B436361A0E71123E7E7B8F1FA
S214026D70000F03D016B1FFF779FEF2E70D4B1B7832
S214026D80042BEED10521064813F086FD092323764F
S214026D90E7E700BF496200204D620020B05600209F
S214026DA0746A0020C4550020B05B0020C65B002039
S214026DB0946A00204E620020D062002070B5084619
S214026DC08CB00D460FF051FF09220021064613F043
S214026DD0B7FB044628460FF0C1FE052228460DF1F1
S214026DE00F0304A90EF07BF902281BD09DF80F3082
S214026DF029461C440023E4B204F11002365D012049
S214026E000093D2B20BF0F5FF60B1022E0AD1064B08
S214026E101B78012B06D1054B187818B9224629464D
S214026E20FFF7AEFE0CB070BD4D620020B0560020DB
S214026E3008B5084B187050B1074B1B883BB14FF48E
S214026E407A710648594313F027FD002008BD012039
S214026E50FCE700BF40620020126C002010470020B2
S214026E60014B188000207047126C002008B5FDF711
S214026E70C1F80022014B1A7008BD00BF4062002014
S214026E8010B50024044B05481C80054B1C70FDF70A
S214026E90B1F8204610BD00BFCA5B0020986A0020E9
S214026EA0EB62002008B50348FDF7A4F8BDE80840E9
S214026EB0FFF7E6BF986A00200148FCF7ABBD00BFAB
S214026EC0CA5B0020F7B5134B04461B780E46EBB19F
S214026ED083421DD90021104814F075F8002501469A
S214026EE00D4F09B9012009E0AC4209D1002416234E
S214026EF022463046009414F0FBF8204603B0F0BD5C
S214026F00384614F084F801350146EAE71820F5E71A
S214026F102720F3E7EB620020CA5B0020014B1878BB
S214026F20704700BFEB62002025289DBF024B1870F9
S214026F3000202120704700BF956C0020012307B572
S214026F401846064A0DF10701FDF7CEF89DF8072010
S214026F50034B1A7003B05DF804FB00BF29E1010081
S214026F60146C002084B010B502AC84E80F0008222E
S214026F7024480DF11601089CF5F756F938BB9DF822
S214026F8015309B0705D4204B1B7803F0FD03312BED
S214026F9023D11E496378097803F00F028A4203D090
S214026FA0012928D1022A18D12278B2B91B09022B4C
S214026FB013D194F90230002B21DB154BB3F868206D
S214026FC0BDF80A309A4208D1FEF790FF06E000228A
S214026FD008210C480FF068FF20B90020BDE81040D9
S214026FE004B070470B4BBDF808205B889A42C6D0A7
S214026FF0002BC4D0F1E70229EFD1012AD3E7012002
S214027000ECE700BFB45600204D620020666C0020FC
S214027010C4550020B056002084B02DE9F0478EB04B
S21402702016AC84E80F00DFF868C1564BBCF80200C5
S2140270309DF85D9010F001049DF96220BDF870E0A5
S2140270409DF875A09DF976709DF878509DF97A1096
S2140270509DF95E809DF860601B782FD09DF87D00BC
S214027060C0F34004C0F38000002B44D0464B1B788C
S214027070012B02D1002C00F08280C0B19CF80030B7
S2140270801E335BB2BB42ACBF002701279845D4BF74
S21402709000230123BB4209D18A4208DB0CD1A81B7C
S2140270A0C0B280288CBF0020012000E038460EB017
S2140270B0BDE8F04704B070470020F8E710F0020F72
S2140270C018D0C3B1490814BF01200020520814BFCB
S2140270D0012300238342EAD1AB1BDBB2802B0AD901
S2140270E0AE42E9D1B84506DB49D1CA4594BF002075
S2140270F00120DCE70BB90120D9E7AE4216D002AC7C
S2140271001CAF0FCF0FC497E8030044F8040B21808E
S214027110DDE91A0116AB0090ADF804100FCB0EF0A5
S21402712061FB0028E7D1AE42B9D1C0E7BDF85830BE
S21402713073451ED008AC0DF1700CBCE80F000FC4EE
S2140271409CE8030044F8040B2180104C63887345C6
S2140271500FD10822211D0DF12E00F5F765F8024623
S21402716038B90821201D0FF09FFE10B96388002B46
S214027170C1D1B845BFDBC2D1CA45BCD8BFE720469D
S21402718095E700BFEB6200204D620020B05600205B
S214027190146C002084B02DE9F04F8FB06A4E18AC04
S2140271A008AD84E80F00162200212846F4F7F0FC0A
S2140271B033783BB90024654B32781B789A4239D231
S2140271C0002726E00021624813F0FDFE0027044651
S2140271D0B846DFF87C91002C45D13FB122463946AD
S2140271E05B480FF0C5FD3378013B33703378002BD4
S2140271F0E0D0002156484FF0000913F0E4FE4F4657
S2140272008046CA46DFF848B1B8F1000F6CD1002FAD
S214027210D1D01621002218A80FF042FD014648B12F
S214027220002F00F08B80224649480FF059FD337834
S21402723001333370454B32781B789A4207D944485B
S214027240002201880FF094FD3378013B33703378C7
S214027250012B03D13F49404813F01EFB0FB0BDE897
S214027260F04F04B070470022214616232846CDF878
S214027270008013F03DFF1622294618A8F4F7D4FF23
S2140272800028EBD09DF864209DF824309A4225D140
S214027290BDF86020BDF820309A421FD108220DF1B9
S2140272A02E010DF16E00F4F7BFFFB8B902AF0DF173
S2140272B0600CBCE80F000FC79CE8030047F8040BFD
S2140272C039800EAB13E903000090ADF8041095E880
S2140272D00F00FFF7A1FE0028C0D0274621464846E9
S2140272E013F095FE044676E716230022414628460A
S2140272F0CDF800A013F0FCFE02AF0DF1600CBCE866
S2140273000F000FC79CE8030047F8040B39800EAB4A
S21402731013E903000090ADF8041095E80F00FFF79C
S2140273207BFE074620B1B9F1000F04BF44468146F2
S2140273304146584613F06BFE804665E73A460448D7
S21402734013F047FE73E700BFEB620020956C002047
S214027350CA5B002020BF0200986A00202DE9F04F89
S214027360002104469FB00DF14008162240460E91B9
S214027370CDE90C11CDF83B10F4F70AFC05222046A5
S2140273800DF11F0316A90DF0AAFE0228074600F00B
S214027390F28020460FF069FC064613F0B0FD8146E7
S2140273A0F01C13F0ACFDADF84000701D13F0A7FD05
S2140273B0012FADF84200204640F0E0800FF055FC69
S2140273C00546204613F07CF90D3502232D1A00934C
S2140273D0214643460820EAB20BF00BFD002800F0D7
S2140273E0CA8020460FF046FC012F83469DF84D309A
S2140273F040F0DC8000252F4643F001038DF84D3027
S21402740016AE3388022B4DD1F1782046023108F0B1
S21402741065F81B2846D1F1782046033108F05EF85D
S21402742019283FD1F1782046043108F057F84A2847
S21402743038D14FF0050AF17820460131514408F060
S2140274404DF8F17805905144204608F047F8059B20
S21402745000EB032083B200F03F02932B059240F02C
S21402746095800023F778214602375744FFB23A4602
S21402747000930CA80F2313F03BFE07F10F012046E2
S21402748011F033FA07F111010546204611F02DFAE4
S214027490ADF84200059B023353445FFA83FA337910
S2140274A05345C8D806360DF17603B342A9D19DF8E6
S2140274B04D20C5F3C03363F3410220468DF84D20BC
S2140274C00FF06AFB8DF8440020460FF05AFB8DF849
S2140274D0450020460FF05AFB9DF83230BBF1190FDB
S2140274E0C3F3C3028DF84720DDF833208DF846003B
S2140274F0CDF84E20DDF83720CDF8522094BF00227A
S2140275009DF83E208DF8482003F003028DF84A20AD
S2140275109DF84D20DB0963F38202694B8DF84D20FE
S2140275201B78022B56D1BDF840600FF04CFD864208
S21402753050D108A80FF0B3FFBBF1190F47D90822A4
S2140275400DF14E0108A8F4F76FFE00283CD1B9F5FC
S214027550004F02D0B9F5624F0DD140F6FF7325F405
S21402756040459D4207D1002208210DF14E000FF042
S2140275709BFC00283ED01FB0BDE8F08F0FF075FBD5
S2140275800546204613F09CF807351EE7412B81D1AD
S214027590F17820460231514407F0A0FF494B1B7890
S2140275A0C3F1B30318448DF8490073E76FF3000381
S2140275B0F01D8DF84D3013F0A2FC0CA905462046AE
S2140275C00FF0BFFF0B2772E700F058FDBFE700F091
S2140275D055FDD0E7B9F5004F02D0B9F5624FCAD1D2
S2140275E040F6FF7325F440459D42C4D1BBF1190F06
S2140275F0C1D9B8E7BBF11A0F06D007F11F01424600
S2140276002046C9B20EF0F4F82F4C304D637BDBB146
S2140276102B78012B1DD1012323730CAB029314ACE0
S21402762094E803000090ADF8041098E80F00FFF706
S21402763099FC90B194E803000090ADF8041098E825
S2140276400F00FFF7A7FD08E0FCF7BAFE0028DFD020
S214027650E1E703F0FD03042BDDD02B78012B01D0EC
S214027660042B88D11A4BDDF84E001B78DDF8521039
S2140276708DF82230BDF84030ADF820309DF84D3000
S214027680C3F340038DF823309DF8313003F00F0327
S2140276908DF82C309DF848308DF82D3009AB03C399
S2140276A00C4B1B681BB1414608A8984763E79DF937
S2140276B046209DF8451008A80DF081FC5BE700BF48
S2140276C04D620020F2620020B0560020D9620020EF
S2140276D0F1620020A456002010B513F02BFB114BCC
S2140276E01B78022B1CD1104A1468A04218D00F49EE
S2140276F010600A68121B10440D4A086012786AB1BC
S214027700013A93403C2253434FF47A7253439842D1
S21402771006D9BDE810400320FCF766BD0A23F3E74E
S21402772010BD00BF4D6200203C48002038480020B3
S214027730626C0020064B1B88DB0708D50022054B2F
S21402774043F82020044A135C63F00F031354704777
S214027750CC5B00208C4600201262002008B513F095
S214027760E9FA0022024B1860024B1A6008BD00BFFD
S2140277703C48002038480020014B1868704700BF7C
S2140277803848002008B50C48FCF734FCFCF772FDBC
S21402779080B10A4B0322B3F8681001200EF048F8B5
S2140277A04FF47A71064B04481B885943BDE80840DB
S2140277B013F072B808BD00BFB86A0020C455002096
S2140277C0F66B0020014B188000207047186C0020D2
S2140277D0044A054B1870138823F0030318431080DD
S2140277E000207047CC5B0020636C0020034B188897
S2140277F0C0F30E00003818BF012070477A5B0020E5
S21402780008B5FFF7F3FF30B1002004490223044A0B
S2140278100880FCF769FC002008BD00BF7A5B0020E8
S21402782027E10100024B1888C0F30E00704700BF24
S2140278307A5B00200023084A01201370074A084991
S2140278401370084B084A1B7843F004031380022384
S214027850064AFCF749BC00BFEE620020ED6200203B
S2140278607A5B0020636C0020CC5B002027E10100DD
S21402787030B5012100240B2385B0104D01940091F0
S2140278808DF80C308DF80D000323B5F8680003AAB6
S2140278908DF80E4011F0E2F868B1B5F868100FF0F6
S2140278A00DFF40B10522064B64211A70054B0648AF
S2140278B01C7012F0F1FF05B030BD00BFC4550020A9
S2140278C0ED620020EE620020D86A0020064B1B788C
S2140278D0033B012B06D8054B1B781BB9044B1878C3
S2140278E0FFF7C6BF704700BF4E620020EC62002062
S2140278F0626C002010B51548FCF77CFB144B197817
S214027900F9B9144A13787BB1013B1370124B1B78FA
S214027910042B02D10846FBF721FCBDE810404FF4C9
S21402792096710A4812F0B8BF0C4A128802F0030297
S214027930022A0AD1BDE81040032201200849FEF7B8
S214027940A9BCBDE81040FFF7C1BF10BDD86A002031
S214027950EE620020ED6200204E6200207A5B00207C
S21402796000F8FF07084B1A785AB10223013A9340EF
S2140279704EF66022534303210448B3FBF1F112F0A2
S2140279808BBF42F21073F6E7626C0020D86A0020C2
S21402799070B505461748FCF72DFB0122164B284604
S2140279A01A7011F07FF8411C044689B2284607F087
S2140279B095FDA11C064689B2284607F08FFD0F4C9E
S2140279C002232080214600200D4AFCF78DFB86B953
S2140279D0238803F00303022B03D1FFF7BFFEFFF752
S2140279E0C1FF23885B0704D5BDE870400548FFF752
S2140279F0C9BE70BDD86A0020EE6200207A5B002005
S214027A0027E10100B86A00202DE9F0431F4C054625
S214027A10238889B0002B33D01D4E00214FF480708E
S214027A2010F0D8FD3378DB0728D50121208812F024
S214027A307FFE074620880FF018F9023013F05FFA2F
S214027A4005A98046208811F014F93378384613F0D9
S214027A50020F104B18BF0025B3F8009012F04CFE30
S214027A600646384612F02CFEF6B202904246062130
S214027A702846CDE9009605AB0DF05DFA002323807B
S214027A80054809B0BDE8F043FCF7B4BAD25B002063
S214027A90EF620020D05B0020F86A002010B5044692
S214027AA040F62140FFF7B0FF01214FF4807010F03E
S214027AB091FD78B10022084B1C80084B1A7007F023
S214027AC085FEBDE81040064B1880064B064819880E
S214027AD012F0E2BE10BD00BFD25B0020EF620020B3
S214027AE0D05B0020F86B0020F86A0020044A137866
S214027AF018B943F001031370704743F00303FAE723
S214027B00EF620020044B1B781BB9044A1380FEF771
S214027B1007B90020704700BFDD620020CE5B002060
S214027B20042230B501F0400387B0002B054614BF8F
S214027B30012400248DF80C208DF80D1004D004A921
S214027B4010F066FD10B304ABCDE900430121022319
S214027B50284603AA10F082FF0446C8B10D4BB3F8BC
S214027B6068100EF0CCFF4FF6F7739D4209D9322209
S214027B7002212046FEF73AF880F00100C0B207B0B4
S214027B8030BD294620460FF099FDF5E70120F6E7BD
S214027B901920F4E7C455002010B5FFF731FE04F0B3
S214027BA031FA0FF017FC002010F02AFD12F0B2FF97
S214027BB008B1FDF729F9204C2378532B12D1032361
S214027BC023700023FF2219460120FEF763FB0020E4
S214027BD012F06CFC10B100200FF055F8BDE8104012
S214027BE00DF02ABE062B01D0212BF0D10120FEF784
S214027BF0F5FA4FF6FE700FF0D5F94FF6FF700FF05C
S214027C00EEF90020FEF752FA0020FEF759FAFEF7C8
S214027C10E9F900F029FB0DF012FE2378212B02D1A0
S214027C20FEF774F9D3E70020FCF7DEFA00214FF4E2
S214027C30004010F0BFFACAE74D62002010B50A4CA9
S214027C400A48FCF7D7F92378062B02D10120FEF763
S214027C50C5FA2378062B01D0532B03D1BDE810407A
S214027C60FFF79ABF10BD00BF4D620020186B0020C0
S214027C702DE9F047DFF8C08004460E461746FFF7A8
S214027C80BFFD98F8005015B90220BDE8F087212DF7
S214027C90FAD0284813F0C5F90028F5D114F02004CC
S214027CA039463046DFF894A0DFF8949005F00F05C9
S214027CB01BD00DF008F9012D8AF80070A9F80060B3
S214027CC029D1212388F80030FFF766FF0020DCE781
S214027CD0212388F80030FFF75FFF00214FF6FE7081
S214027CE0FEF77CFBFEF780FEF0E70DF0EBF8012DC9
S214027CF08AF80070A9F80060EAD0062321464FF6FB
S214027D00FD7088F80030FFF70BFF40F22621094885
S214027D1012F0C2FDE1E7532321464FF6FD7088F8C4
S214027D200030FFF7FDFE40F22621024812F0B4FDB5
S214027D30CCE700BF186B00204D620020F0620020E6
S214027D401A6C0020F8B50D460646511C284607F068
S214027D50C5FB044628460EF088FF0546023013F09F
S214027D60CEF8154B07461B78022B02D0043B012B9C
S214027D7021D8124B1B68580201D5A1061BD56206F4
S214027D8019D50F4BB3F86830B34214D16B781B0782
S214027D900DD5284610F0C3FEFCF7A4FD58B13146B7
S214027DA004F020000122BDE8F840FFF761BF0FF0A3
S214027DB0EDF8B842F3D0F8BD4D62002044480020EA
S214027DC0C455002073B504460D4613F086F9FF2805
S214027DD0034625D0134A12784AB1134A32F81020C5
S214027DE0520404D510F0FDFB002002B070BD184608
S214027DF010F008FC6946064610F00AFC40B1FCF793
S214027E00E7F928B1002302226946304605F0DCF87D
S214027E10204645F0400102B0BDE87040FFF780BE44
S214027E200120E2E749620020745B002038B505466F
S214027E300EF01BFF0446284610F034FE411C89B2A1
S214027E40284607F04BFB42060DD563781B070FD575
S214027E50204610F064FE0146002013F03CF9BDE80F
S214027E60384010F0BEBB0348BDE83840FFF7E6BE18
S214027E7038BD00BF186B002038B54FF6FF75A84214
S214027E80044617D00FF09FF8A04213D04FF6FD72AB
S214027E90094B198891420DD9084A1288AA4201D084
S214027EA0A24207D11C804FF47A71BDE838400448DC
S214027EB012F0F2BC38BD00BF006C00201C6C002023
S214027EC0D047002008B50448FCF794F84FF6FF7236
S214027ED0024B1A8008BD00BFD0470020006C00206D
S214027EE037B505460C46082369460120064AFCF7C4
S214027EF0FBF815B19DF806302B700CB1009B236081
S214027F00BDF8040003B030BD25E1010007B5082323
S214027F108DF80600ADF80410009269460020034A68
S214027F20FCF7E2F803B05DF804FB00BF25E10100B0
S214027F30024A13780BB1013B137070473E62002071
S214027F4008B50FF04CF800214FF6FF72054B0846B5
S214027F501A80FEF7DBF8BDE8084040F616400DF042
S214027F606CB800BF006C002008B5FCF743F80A4B5B
S214027F701B78023B032B08D84FF6FE73074A10887D
S214027F8098424FF6FF7301D1138008BD9842FCD089
S214027F90BDE80840FFF7D4BF4D620020006C002009
S214027FA010B5084B1B78042B0AD00EF0EFFF002109
S214027FB004460846FFF794FF231A5842584110BD5C
S214027FC00020FCE74E620020F0B5002689B0054688
S214027FD0CDE90566ADF81C6010F064FD0A23024682
S214027FE004462946009605A813F082F89DF8153037
S214027FF09DF814701F2B27D803A80FF050FA0822FA
S2140280000DF1160103A8F4F70FF90646E0B9092F99
S2140280101CD1FFF7C5FFB8B1144B1B78A3B1144BA4
S2140280201A884FF6FD739A420ED9124C124A2378DA
S2140280300433DBB223701278013AB3EB820F03DD0E
S21402804058B20BF0B4F8267009B0F0BD0A34E4B2A8
S2140280502146284607F042FA0FF0B4FA611C284679
S21402806010F043FCFFF708FFEEE700BF766C002037
S214028070006C00203E620020616C002038B5134B75
S2140280801B78033B012B20D9114B4FF6FF711B784F
S214028090ABB1104D2B888B4217D10EF094FF4EF6E3
S2140280A0602104460C4812F0F7FB4FF6FE73224698
S2140280B02B800021BDE8384009200FF091BA074A0C
S2140280C013888B421CBF0133138038BD4E620020DA
S2140280D0766C0020006C0020D0470020765B0020E3
S2140280E008B50448FBF786FFBDE8084000210846AD
S2140280F0FBF734B8386B002010B5044661B1FF2197
S2140281000EF054FD002120460EF056FD0EF097FCB0
S214028110014620460EF056FD2146BDE810400022DC
S214028120014812F056BF00BFD65B00202DE9F04191
S2140281300D46174604460EF098FD06782846FCF7CC
S2140281404DF92946804620460EF0D9FC0EF01EFF59
S214028150A84206D120460121FFF7CEFF0120BDE846
S214028160F0812846B8F1000F0AD0FCF7B9F950B9E9
S214028170144B3A462046BDE8F0411978FDF736BD65
S21402818010F04AFAF3E706F00306012E08D00EF0C6
S214028190FDFE00232246294602F042FA0028D9D1E3
S2140281A020460EF068FC430505D52046BDE8F041A2
S2140281B000210EF0DDBF204610F019FAB0FA80F06A
S2140281C04009CCE7606C002010B586B0044610F07B
S2140281D069FC104B0246186819790290D3F805001C
S2140281E05B7A01328DF8143000238DF80C1004905F
S2140281F02146009392B2052304A812F079FF0522C5
S21402820004A902A8F4F710F8B0FA80F0400906B004
S21402821010BD00BF009D040008B511480EF0E2FD37
S214028220104B1B78012B06D8FF2010F0B3F9FDF790
S214028230B1FB10F0CEF9FDF73BF801F091FCFFF729
S214028240F9FA10F0A7FD07F0F1FDFDF749FD07F07A
S2140282503DFB0CF03AFEBDE8084002F0D3BC00BF7E
S2140282608C5600200B62002008B5F0F75DFDFF2853
S21402827003D0094B1B78012B06D9002010F08AF98F
S214028280FDF788FB10F0A5F9FDF712F801F068FC7F
S214028290BDE8084002F0B6BC0B620020064B187818
S2140282A0112806D000F0FD00A0F1410358425841C3
S2140282B070470120704700BF4D6200202DE9F84349
S2140282C00446FDF70FFB18B100263046BDE8F883DA
S2140282D04FF6FF78184BB3F868104145F4D02046A5
S2140282E00EF00DFC154B022120461A88FDF77EFC87
S2140282F006460028E8D020460EF0B7FC90F8079015
S2140283000546043012F0FBFD07460EF03FFE4946D6
S21402831002463846FDF7FEFAA81C12F0F0FD40456C
S21402832002D12046FFF7BAFB2B789B07CDD101215D
S2140283302046FFF7E1FEC8E7C4550020D45B0020C4
S214028340F8B507460EF091FC0546043012F0D7FD4C
S2140283500646A81C12F0D3FD0446304612F0BDFEB7
S2140283603046FCF73BF82B789B0701D10EF00EFE49
S214028370AB790BB90320F8BD0EF008FEA0420CD173
S2140283800EF004FE0446094B214638461A78FFF7DB
S214028390CDFE0028EED00020EDE7054B1B78052B1E
S2140283A01CBF044BB3F86840EDE700BFD45B002067
S2140283B04E620020C45500202DE9F04106461046C4
S2140283C00D4610F06FFBA0F11004E7B256FA84F4E3
S2140283D02146EA1B04F10E00F3F72CFC2823DFF8F3
S2140283E04480F35598F80030637301F0CDFB611CAE
S2140283F0024601200DF038FA08220949601DF3F7FB
S21402840019FC98F800000FF031FF05F10E01304616
S2140284103B460022C9B201F069FC1220BDE8F08199
S214028420D0620020486200202DE9F04F87B0044653
S2140284300EF01BFC064620460EF07AFB0746301D61
S21402844012F05DFD8146B01C12F059FD384696F8D2
S21402845007A012F04BFE33789A075FD1214604201C
S21402846001F04CFD002859D0204610F01BFB0146B7
S214028470204607F033F8830750D1204610F012FB4F
S2140284800146204607F02AF810F00303039345D16D
S2140284902046FFF799FE002840D0204610F0D8FB71
S2140284A0451C204612F028F9EDB205F10A0B834569
S2140284B05DDA304A04AB1068516803C3691C204673
S2140284C007F00CF829468046204607F007F800EB2E
S2140284D0082059461FFA80F8204606F0FFFF83461A
S2140284E0039B2146AA1C009304A8082312F000FE50
S2140284F020460EF01DFB5A4641460DF0A7F9012212
S214028500404604A90FF0E8F988BB022007F032FCC7
S214028510013003D1404604A9F0F7CEFC0EF036FD3A
S21402852048453A46514607D10EF038FFF8B907B02B
S214028530BDE8F04F0FF084B948460EF02FFFB0B9F1
S2140285400D4B1B781BB9394648460FF08FF83A4652
S21402855051464846FDF7DEF948B1317811F003017D
S21402856005D1204607B0BDE8F04FFFF7C5BD07B0FE
S214028570BDE8F08FE9D803004462002038B5114DFB
S2140285802B78023B012B18D80DF062F90446B0B9DD
S214028590FFF7A2F82B78032B07D12346FF222146AA
S2140285A00120FDF777FE012038BD21462046FAF766
S2140285B0D5FD003818BF0120F6E71720F4E70220A1
S2140285C0F2E700BF4D6200202DE9F74305460E464E
S2140285D014460EF05AFA0C2828464AD10EF045FBED
S2140285E00922002111F0ACFF00F11001C9B22846A1
S2140285F006F074FF042813D07C282BD0012840F004
S214028600AC8046B91321284610F06FF903B0BDE8D6
S214028610F0430EF0E4BC03B0BDE8F043FDF7DCBC6B
S2140286205B4B1B78022B40F0988046B9FFF7FAF8AE
S214028630C3070AD5FFF792F8002C08BF3F2630463C
S21402864003B0BDE8F0430CF05CBCFFF7CFF800289F
S214028650F0D0F1E7284612F04FF80446284612F00A
S2140286602FF802463046E1B203B0BDE8F0430CF004
S21402867046BC0EF0FAFA8046043012F040FC07467A
S21402868008F1020012F03BFC4FF6F77398420446DC
S2140286900CD8404A138801339BB213800BB93E4A6A
S2140286A013801EB13C4A13880133138098F8009059
S2140286B009F00309B9F1010F1DD1284610F0F2F9AD
S2140286C00146284606F00AFF0B2809D00D2807D0D7
S2140286D0042842D1284603B0BDE8F043FFF7A6BB04
S2140286E02E4B1B78042B38D10021084603B0BDE878
S2140286F0F043FAF733BDB9F1000F2ED131462846C2
S21402870003F05EFD4EB34FF6F7739C4225D898F8F9
S2140287100160204616F0040622D10FF04BFF0546F4
S21402872020467DB10FF078FF034600BB0C22009076
S214028730214638460FF068F90C22002339462046B7
S214028740009308E00FF068FF0346C8B9144A009089
S2140287501278214638460FF057F903B0BDE8F08389
S2140287600FF05AFF034678B90B220090F1E7062273
S21402877033462146384600960FF046F90622DCE7D5
S2140287802B4600950622E4E74B46CDF80090F9E723
S2140287904D6200207E5B00207C5B00204E62002043
S2140287A0976C00202DE9F04F05888BB004462846CA
S2140287B00EF05BFA0746043012F0A1FB8146B81CA5
S2140287C012F09DFB05A98046284610F0B5F928460A
S2140287D010F068F901460646284606F07FFE3B780A
S2140287E0824603F00303012B0CBF83464FF0FF0BB8
S2140287F012F09BFAE388019002930EF0C7FBFB7916
S21402880000904846039300F081FF002876D1404648
S21402881000F07CFF002840F08880FDF72BFB8046A6
S214028820FBF7CEFD10B9FFF739FD30B1A8F1040809
S2140288305FFA88F8B8F1020F1BD90BF0FD03042B80
S21402884000F0B380FFF72AFD20B10AF0030ABAF15E
S214028850010F0ED0FBF70EFD28B9714B1B7803F003
S2140288600F03062B68D16F4B2846B3F868100EF03C
S21402887046F9BBF1010F63D128460EF02AF94FF6EE
S214028880FF73984240F0918000233146284607AA9B
S2140288900FF098FE0746002842D042799DF8253010
S2140288A0934209D9711D284689B206F02BFEA37899
S2140288B023F00F030233A3700CF000FB7E23B0FB01
S2140288C0F3F202FB130303F58073A3809DF82630B0
S2140288D013F0180F0AD0A3781B0707D1009B4B454D
S2140288E004D048467A7905A90CF01DFB9DF82700AE
S2140288F0003818BF01200BB0BDE8F08F28460EF0F6
S214028900B4F9023012F0FBFA4FF6F773984207D921
S214028910039B2BB92846FFF757FC00287FF477AF56
S214028920A37823F00F03A37008E0404612F0DEFBA4
S21402893000287FF472AFF3E72823A3800020DAE74B
S214028940BBF1020F54D10123314607AA28460FF085
S21402895039FE80460EF01AFBBDF8223098421FD12F
S214028960B8F1000FDCD00122B8F8023031462846B2
S2140289700FF026FE2C4A13780133DBB2FB7113701C
S214028980B8F80230BDF81E209A421FBFA37823F023
S2140289900F030233A3704FF4C873A3800120AAE723
S2140289A0184612F0A3FB0028DAD128460EF091F8FA
S2140289B012F03CFB012808BF1C4BA27809BF1B78AB
S2140289C0FA2303EB830303EB830302BF9B00FA3312
S2140289D09BB21209A4D1DDE90121521A92B2934246
S2140289E09ED30CF06BFA00F01F001030A080D5E783
S2140289F0BBF1030FD9D1009B4B45D6D1711C28463B
S214028A0089B206F06BFD0C28CFD1FCF7FFFD4FF6BE
S214028A10FF7398420146C8D028460EF070F8C4E7A5
S214028A204D620020C45500204B6200206F6C00206F
S214028A302DE9F04105460C460EF027F8082802D12B
S214028A400120BDE8F081201D12F059FA064628469C
S214028A5094F807800EF06CF8074628460EF00BF8DE
S214028A60010612D5184B1B78042B0ED1174B1B7818
S214028A70022B0AD1164BB3F868204FF6FF739A42C0
S214028A8003D000210846FAF769FB124B1B78002B2D
S214028A90D6D1A01C12F033FA4FF6F773984202D8DA
S214028AA06378DA070DD523789B070AD13A46414602
S214028AB030460EF073FC80F00100C0B200F00100F8
S214028AC0BFE70120FAE700BF4E6200204D62002099
S214028AD0C4550020F56200202DE9F04F9DB00446F3
S214028AE00DF0D3FF054620460DF0CFFF082869D1CA
S214028AF04FF400432046ADF85030ADF85C4011F01C
S214028B00FBFDBDF85C20A0F11005EDB21046102367
S214028B10002100950FF0D6FE294617A80FF0AAFEF0
S214028B20204611F0CDFD0AF058FB002321461A46D6
S214028B300C2000930AF05DF998B3204611F0C0FDB0
S214028B4014A902461020FBF779FF0501204611F012
S214028B50B7FD14A902464020EDB2FBF76FFF10B135
S214028B6020460CF0B4F9204611F0AAFD14A90246DC
S214028B708020FBF763FFB8B99DB1102517A805F052
S214028B8067FF2046BDF8507011F0B6FD0646204637
S214028B9011F096FD29460090F3B2384617AA0CF05B
S214028BA02CFA1DB0BDE8F08FBDF8503017A8ADF80E
S214028BB05E40ADF85C300CF043FE0028DCD145F098
S214028BC08005DBE720460DF0A0FFB0F5006F40F011
S214028BD0058120460DF0ACFF0646042D40F00181CB
S214028BE020460DF048FF80F40060C0F3C02000224B
S214028BF03146400012F04CF9944B1A78022A0DD0F6
S214028C00FFF74CFB50B902F0FD03312B06D0043AB5
S214028C10012A03D98E4B1B78002BC2D02146022094
S214028C2001F06CF905900028BBD02046ADF846400E
S214028C300EF01BF80446BDF846000DF079FF064616
S214028C40201D12F05CF9A31C83461846039312F00B
S214028C5056F912A90746BDF846000FF06DFF637875
S214028C600690BDF8460094F8008008930FF01AFFAD
S214028C706378054608F0030830460C93FBF7AEFB14
S214028C80B8F1010F0CBF032302230E93714B08BFEA
S214028C904FF00B091E80237818BF4FF00A0903F025
S214028CA03C03082B0D907FF47CAFBDF8460011F014
S214028CB023FDA8427FF675AFB8F1010F03D02378E3
S214028CC09B077FF46EAF644BB3F86830B3420DD1A6
S214028CD0624A634BB2F9001093F90030002900F0A3
S214028CE0A58001EB0313A3EB211313804FF0010AB7
S214028CF0A5F11003DBB20A938DF8453010224846E0
S214028D00BDF84610CDF800A00DF145030AF071F843
S214028D1000283FF446AF089B13F00203099300F0C5
S214028D200981504B1B78002B3FF43BAFBDF84690B1
S214028D3048460FF0B7FE002307904846CDE91733A2
S214028D401993ADF868300DF0F3FE079B039003F11C
S214028D500E01484689B20FF078FE002870D0002334
S214028D604946079A009317A80E2312F0C1F95046F7
S214028D700DF15D010CF086FD9DF869300B900493B1
S214028D809DF85C30282B5BD10DF16100FBF7AAFD44
S214028D900F90002854D104980FF068FA0F9B002811
S214028DA066D1314B049A1B78D31A1C0648D404F0B9
S214028DB059F950453CD111F0BDFF2C4E054634689A
S214028DC024B104F055F92C1B844239D30023FF2228
S214028DD019461846FDF75EFA356031E04FF6FD7625
S214028DE0FBE64FF6FF70301A18BF0120002231460C
S214028DF0400012F04DF80C2D0DD12146012001F055
S214028E007DF800283FF4CDAE214600201DB0BDE817
S214028E10F04FFDF7D3BF2DB920461DB0BDE8F04F89
S214028E20FEF79CBA042D7FF4BCAEE5E61B025CE7B7
S214028E3004F018F9022803D104F0F6F80028BAD094
S214028E4000221920039912F023F8AAE64D620020A8
S214028E50F5620020F25B0020C4550020C65B0020AD
S214028E60F26200204962002048620020D4560020A8
S214028E7010214846079ACDF800A00FF047F80028C0
S214028E80DED0BB4B049A1B78934240F0AA8003992B
S214028E900DF1610214A811F0CFFD012114A8FBF711
S214028EA0F5FA824648F2030114A8FBF763FBBAF10F
S214028EB0000F03D0082114A80CF087FC48460FF0D8
S214028EC00FFE03990DF16100FCF72AFCFE2882468C
S214028ED0B6D0FF280AD1039812F0EEF8FF28824691
S214028EE000F087800DF16101FCF7F4FAA04B049ABA
S214028EF01B78934200F0A38050460B99FCF7F6FBD2
S214028F0000283FF44EAE50460B99FCF701FC23783E
S214028F1098070FD148460FF0C5FD0146484606F0B1
S214028F20DDFA00F00300012804D103980DF1610177
S214028F30EFF7C2FFBDF846000DF09DFD010440F1BB
S214028F408580204611F0DBFF40F4007189B220468E
S214028F5011F0D7FF00224FF40041BDF846000DF095
S214028F607BFDDDF81490012310220093BDF8461015
S214028F700E980DF1450309F03CFF00283FF411AEB0
S214028F80032866D1204611F0BAFF40F4007189B278
S214028F90204611F0B6FF304612F0A8F8002840F03E
S214028FA0B680DDF81490B8F1010F40F0B6800320C9
S214028FB0BDF8461000F0A2FF002840F0AE80294619
S214028FC0BDF8460006F08AFA0F2801467FF6E9AD9C
S214028FD04FF6F7739F423FF6E4AD30460EF0B3FB12
S214028FE0DFE55046049903F085FA00287FF44FAF78
S214028FF026E7237803F00303012B08D148460FF037
S21402900051FD0146484606F069FA082892D0594BA7
S2140290101A78594B1B789A4209D20DF161010398CE
S214029020FCF70CFA039812F047F882465EE7A01C9B
S21402903011F065FF4FF6F7739842EED900E75046F7
S214029040FCF7CEFB00283FF457AF5CE74FF0000971
S21402905089E7304612F04AF80028A4D0099B002B74
S21402906057D1B9F1000F52D1B8F1010FBDF8460041
S2140290709DD0294606F032FA8246DFF8089199F822
S2140290800030002B54D00DF081FF87427FF489AD6B
S214029090B8F1010F7ED1BAF1070F75D8BAF1050FF4
S2140290A07FF67FAD354B1B78022B02D0043B012B9B
S2140290B003D899F80030002B41D00C9B9A0640F159
S2140290C0B4800D9B002B40F0AC80304612F005F8C1
S2140290D0FF2840F0A6805E457FF463AD069B002B1A
S2140290E000F09D8012AB46F204020124ADF85C202B
S2140290F00193214602233046009417AA0FF0AEFCD5
S21402910000283FF44EAD21460EF032F849E5DDF870
S214029110149030460FF068FA45E72946BDF8460037
S21402912006F0DCF9099B824613B9B9F1000FA4D008
S214029130124B1B78022B02D0043B012BBDD83046C3
S21402914000F0E4FA814600287FF42BAD0DF01EFFF6
S214029150864225D10A4BB3F868400DF017FF4B46FE
S21402916001460D222046CDF800900EF04DFC18E583
S2140291704862002047620020706C00204D6200208A
S214029180C455002049620020AAF10E03DBB2012B6F
S21402919088D906E50AF00303012B7FF402AD81E7C6
S2140291A0304611F0A3FF58B90DF00DFF4FF6FF73CE
S2140291B0984205D011F0AEFC10B93046FCF7E4F840
S2140291C0304611F093FF88B10DF0FDFE4FF6FF73A7
S2140291D098420BD011F09EFC40B9B8F1010F02D1B3
S2140291E0BAF1060F02D030460FF0FDF9069BA3B97E
S2140291F01946012258460EF06FFB814600287FF47E
S214029200D0AC20460FF08BFC4A46014638460EF09C
S21402921063FB00283FF451AFC3E412A9E9E7069BBB
S21402922061E7637823F0200363704FF6FC739F4276
S2140292303FF4B7AC4FF6FD739F4204D1B34B1B7895
S214029240042B3FF4AEACA3790BB1013BA371637858
S2140292505B0727D50023584617AA14A917930FF0C1
S214029260A3F91798F0B10FF098F98146384611F035
S21402927034FF179A0146137903F03000102806D0FF
S21402928003F00C0008281CBF23F00C03137113799B
S21402929003F03303202B05D1FF2903D001224846D1
S2140292A00FF08AF9304611F018FFFF281EBF002281
S2140292B0974B43F82020089B03F001094FF6F773FB
S2140292C09F4200F2F980B9F1000F40F00181314669
S2140292D058460EF0CBF90DF059FE874200F0C680D4
S2140292E0384611F003FF002841D0B8F1010F27D10C
S2140292F0BAF1010F17D14A462946BDF846000FF0CB
S2140293005EF9384611F0F2FE824B1B78002B72D1C2
S214029310584611F0EBFE002866D1384611F0E6FEFC
S214029320002861D13DE4384611F0E0FE50B3BAF1B0
S214029330030F27D12946BDF846000EF09DFB30E408
S214029340384611F0D3FE38460FF066F9002847D0AB
S214029350002339465846BDF8462001F061F9002838
S2140293603ED00021BDF84600FEF7C6FE19E4384698
S21402937011F0BCFE18B1B8F1010FD8D0E3E7B8F18E
S214029380010FE0D1634B1B78002BC1D0BAF1050F59
S21402939031D10DF0FBFD8DF85C000DF0F7FD000AF3
S2140293A08DF85D000123022217A90DF14600FAF797
S2140293B075FD00287FF4F5AB691C89B2BDF846003E
S2140293C006F07AF80378013303706378590715D4E8
S2140293D00DF0DCFD834522D0002239461C2032E502
S2140293E04C4B1B78002B93D0B8F1010FCED063788C
S2140293F05A0714D502E06378580718D5BDF84640D8
S21402940020460FF011FB411C89B2204606F054F8A4
S2140294100378B8F1010F03F1FF33037004D0BDF8EF
S2140294204600FEF78DFF09E0BAF1050FD0D0BDF871
S2140294304600FEF785FFBAF1030FCDD00228CBD146
S2140294400021584617AA0FF0B2F830B103794680C9
S21402945003F03C0343F04003037100232E4A0093BB
S2140294603946584612780EF0CFFAB5E7B8F1010F32
S2140294707FF477AF0AF1FF330C2B00F2868001A24D
S21402948052F823F0E5940200E594020035930200B8
S214029490FB9402001D950200A38B02004195020078
S2140294A0519502005D9502005D950200A38B0200B5
S2140294B0739502007F950200B8F1010F71D0B9F1E1
S2140294C0000F08D1BDF84600FEF7AEFFFFF769BBF6
S2140294D0B8F1010FCED0237A03F00303012B7FF4F9
S2140294E060ABEFE7AAF102035A422946BDF84600EE
S2140294F05A410FF064F8FFF754BB2A465846BDF8A7
S2140295004610FEF71FFCFFF74CBB00BF4E62002062
S2140295108C460020746C0020976C0020691CBDF8F5
S214029520460089B205F0DAFF0235EDB20246BDF812
S21402953046305846009512A906F0D4FDFFF731BB17
S21402954001200A9ABDF84610FDF71AFBFFF729BB61
S214029550BDF846000FF039F8FFF723BBBDF846000A
S214029560FEF732FDFFF71DBBBDF84600FEF72CFDE9
S214029570A8E7BDF84600FEF70BFAFFF712BBBDF8E8
S21402958046000CF057F9FFF70CBB2B462246504616
S214029590BDF846100CF024F900287FF402AB5146C1
S2140295A01BE50AF1FF330C2B3FF6FBAA01A252F889
S2140295B023F000BFE5940200E59402003593020012
S2140295C0FB9402001D950200A38B02004195020047
S2140295D0519502006995020069950200A38B02006C
S2140295E0739502007F95020010B5002111480DF018
S2140295F0A0FB0446E8B10DF0C4FA0F4B18702046E3
S2140296000DF0C4FA0D4B187020460DF0C5FA0C4B3F
S214029610187020460DF0C5FA0A4B1860012011F0AA
S2140296208DFB2046FFF758FABDE81040002011F0E7
S21402963085BB10BDA45B0020F3620020F26200200E
S214029640F1620020CC56002070B5144E04463368F2
S2140296500D46BBB10DF019FA0C2813D120460DF0B9
S21402966004FB09220021044610F06AFF235C042B47
S21402967008D10B4C25B10B4B22781B789A4203D3A8
S21402968000232370002070BD0748316811F004F9EA
S2140296902378012001332370F5E700BFD05600205F
S2140296A0F4620020966C0020386B0020014B93F980
S2140296B001007047C65B0020014BB3F86800704794
S2140296C0C455002070B500240D4D2C70EFF706FA35
S2140296D0E6B2B04208D800220A4B1A700A4B198822
S2140296E001B11A80012070BD304611F0FCFCC307A0
S2140296F048BF2B7804F1010444BF01332B70E5E721
S214029700466200203F620020785B002038B50B4B93
S21402971005461B7873B101335C08094B188810F0B4
S214029720CFFF002330F81320AA4205D00133DAB265
S214029730A242F7D3002038BD0120FCE73F6200209A
S214029740785B002030B5054685B008460C4611F019
S214029750C6FCFF280CD00EF074F801220021034646
S214029760CDE90112009221462A460720FCF7F6FBB5
S214029770284611F0B2FCFF2804460FD011F0B3FCC5
S214029780C2070DD5204611F0AEFC830708D40B4A5B
S21402979032F8143043F4806322F8143005B030BD3A
S2140297A00EF04FF8012200210346CDE90112009285
S2140297B007202A46FCF7D2FBF0E700BF745B0020C6
S2140297C04FF6FA72431E9BB2934270B504462AD8ED
S2140297D0FFF79CFF38BB194B1B78042B23D020467F
S2140297E011F06AFCFF2801D0FBF7FEFC20460EF0C3
S2140297F0D6FE08B10EF0CDFE2046114E03F0ACFEAA
S21402980020460BF08EFB31780E4D69B1288810F099
S21402981057FF054601461E220230F2F70BFA2C804D
S21402982033781E2B07D970BD202010F0BDFF28808C
S2140298300028EBD1F7E702333370F4E74E620020DC
S2140298403F620020785B0020044A13782BB1013B6C
S214029850DBB213700BB9024A138070473F620020D6
S214029860785B00200148FAF7D5B800BF785B002085
S2140298702DE9F047804617460D468CB061B903AE17
S21402988000211B4811F09FFB4FF000090446DFF849
S21402989060A01CB920461DE00E46F1E700222146D4
S2140298A024233046CDF8009011F022FC08224146CF
S2140298B03046F2F7B9FCA8B9337C9BB96FB945B903
S2140298C02A4621460A480DF053FA0A4A1388013BF3
S2140298D0138001200CB0BDE8F0873B88B289534064
S2140298E05B06ECD52146504611F091FB0446D0E7C4
S2140298F0DA5B0020D85B0020024B1888003818BFBD
S21402990001207047D85B00202DE9F04330488DB027
S214029910FAF770FB11F00EFA2E4D2B68C41A4FF4AC
S2140299207A73B4FBF3F4A4B214B111F003FA28600C
S214029930294F4FF6FF763B88DFF8A080ADF80A3055
S21402994000233B8000210DF10A000DF0F2F90546D6
S21402995058B9224B1B882BB14FF47A711C487143BD
S21402996010F09AFF0DB0BDE8F0834FF000092423F3
S2140299704A462946CDF8009003A811F0B9FBBDF877
S2140299801A30A34294BFDB1A1B1B9BB2ADF81A30E7
S21402999063B9BDF818301B0602D508980BF02EFDE9
S2140299A0B8F80030013BA8F80030CBE79E4228BF4B
S2140299B01E4601234A462946009303A8242311F093
S2140299C097FB4A462946384611F003FBBAE700BF22
S2140299D070470020D8560020DA5B0020D85B0020B3
S2140299E0F0B504462E4A8DB01068516801AB03C329
S2140299F0A378012B4FD1162200210DF11A00F2F79F
S214029A00C7F8D4F82110D4F81D0003AB03C323888B
S214029A10190644BF62680892DA050BD5221D08AE05
S214029A2004F11407354610685168083203C5BA4275
S214029A302E46F7D1ADF8183013F0040318BFA36909
S214029A400593EFF763F80023ADF81A00082201A980
S214029A5003A88DF81C30F2F7E7FB18B106A903A895
S214029A600EF08AF90022242103A80DF019F9044603
S214029A7098B10020FFF748FF00222146094811F05E
S214029A80A8FA094A0020138801331380FFF73CFF27
S214029A9000200DB0F0BD0220FBE71920F9E700BF59
S214029AA0E9D80300DA5B0020D85B0020F7B504464D
S214029AB000200E46FFF728FF104B1B88A34202D851
S214029AC0212003B0F0BD00210D4811F07CFA0025DC
S214029AD001460B4F0029F3D0A54208D100242423C7
S214029AE022463046009411F003FB2046E9E738464A
S214029AF011F08DFA01350146ECE700BFD85B002075
S214029B00DA5B00200148F9F785BF00BFDA5B002068
S214029B10014B1888704700BFD85B002070B50C4612
S214029B2011460E4A23781278064613F0200542EABA
S214029B300302227018BF611D0822F2F77BF8002D7F
S214029B400CBF05200D20D4F80130B36023783373A0
S214029B5003F01803082B08BF013070BD49620020CD
S214029B60042307B501200DEB0301054AFAF7BCFAF8
S214029B70019B044A1B03136003B05DF804FB00BF9D
S214029B8063E511003448002010B5064C2368C3F381
S214029B900B0313B90448E3F733FC2068431C236025
S214029BA010BD00BF3448002063E51100014B186861
S214029BB0704700BF3448002007B50020054B064A10
S214029BC0186004230DEB03010190FAF78DFA03B037
S214029BD05DF804FB3448002063E511007FB51123CD
S214029BE00A4A012001A9FAF77FFA094B9DF81420C8
S214029BF01A70084B1B780BB1052B05D10BF05DF9DB
S214029C00012007B05DF804FB0020FAE779EB0100BB
S214029C1048620020496200202DE9F04F0646CBB08C
S214029C20884600880121174610F082FD2E4B3A46E0
S214029C303188ADF8160006A80EF03DF90DF1280B96
S214029C405A464146C41930880EF0BFF8E4B208EB13
S214029C500003A34208BF044605464FF004091CBF92
S214029C60A4EB0804E4B223465A460121CDE90009D2
S214029C700BEB050ACDF808B02D1B06A8EFF776FB0E
S214029C80EDB20BEB04030093019523465A46414678
S214029C9030880EF0C8F834883946204605F01EFC97
S214029CA0394600F0F802204605F02CFC01213088E7
S214029CB010F03EFD01234A46514680B10DF11600D2
S214029CC0FAF7ECF801210446BDF81620308810F0A9
S214029CD043FDB4FA84F040094BB0BDE8F08F30463D
S214029CE0FAF7DCF80446F4E7D06200202DE9F04FDC
S214029CF0C9B0044688469246C118224A04A81F469E
S214029D00FFF70CFF4FF00409C519EDB208AB02933A
S214029D10A5EB0A0BA8EB0A035FFA8BFBA8EB05067A
S214029D20DBB2F6B204EB0A02009301215B46CDF8E1
S214029D30049004A8EFF71AFB06F590730DEB0302E6
S214029D405A44A2F58072136808A844F80830E35D06
S214029D50324623F00703E3552C442146F2F7A8F8CF
S214029D6008ABCDE9019308AA00230121009604A8B6
S214029D70EFF7FCFA3246204608A9F2F799F849B0FE
S214029D80BDE8F08FD0620020F8B506460EF060FF00
S214029D90811C054689B230460EF057FEF0B1EDB191
S214029DA02946304605F09AFB1228074616D80C4B71
S214029DB0691C1C5C89B2304605F090FB2C44052FCA
S214029DC0E4B205D1052809D8064B1B5C1C44E4B254
S214029DD021463046BDE8F8400EF037BE0020F8BDFA
S214029DE0429D04003C9D0400F8B505460EF05AFE5E
S214029DF0044628460CF039FFA11C074689B22846BD
S214029E000EF023FE00283ED0002C3CD021462846E9
S214029E1005F064FB0646611C284689B205F05EFB27
S214029E200F2E30D8194B9B5DE118731E89B2092B91
S214029E300ED8DFE803F009050D0D120D0D181E1ED3
S214029E40C40644BF083189B2820601D5083189B2F8
S214029E502846BDE8F8400EF0F8BD7B78DB0612D542
S214029E6001EB4001F3E700F01F0000EB4000014465
S214029E70EDE71F2805D8092E0ABF4000022080B24F
S214029E80F5E7C828E4D00020F8BD00BF559D0400C1
S214029E90F8B506460CF0E9FE09220021054610F048
S214029EA04FFB00F11004284611F029F8E4B20746E9
S214029EB02146304605F012FB0546304610F01CFCE3
S214029EC0BA05A0EB0403DBB20AD47C2D0AD0082D17
S214029ED00AD8064A505D98428CBF00200120F8BD81
S214029EE01220F8E70320F6E7FF20F4E7669D040059
S214029EF0014B1878704700BF986C002038B5114B9C
S214029F0004461B7808469BB9012038BDA24205F1DB
S214029F1001050FD103EBC1035B6898470028F3D114
S214029F201E2022464FF6FF7110F0B2FF0020ECE72B
S214029F300025054BE9B213F83120002AE6D1144673
S214029F40EEE700BF986C00200C9D04004FF6FF73EE
S214029F5007B502220DF106010348ADF80630E3F715
S214029F608BFA03B05DF804FB603202E0002307B50B
S214029F70ADF80430134B984221D10B88DA0703D58B
S214029F80232003B05DF804FB9B0748BF4FF47F43D2
S214029F904FF002020C480DF1060148BFADF804303E
S214029FA0E3F73EFA4FF6FF73BDF806209A42E7D172
S214029FB00222054801A9E3F75FFA0020E1E7212023
S214029FC0DFE700BF1FD1BACA603202E0002313B532
S214029FD00222038004460DF106010F48E3F720FA39
S214029FE02D2801D0112805D14FF6FF73ADF80630A3
S214029FF0FFF7ACFF9DF80630BDF806201BB123889C
S21402A00043F0010323800020FF2A82BF238843F007
S21402A0100203238002B010BD603202E0034B1B78BD
S21402A020002B14BF442056200E3070474962002091
S21402A0302DE9F04F8DB0179C06468946CDE90223DE
S21402A040BDF85870D588ADF816103CB9EC0605D5A3
S21402A05000970BF063F80DB0BDE8F08FC5F38024CF
S21402A0602B054FEA043448BF44F40064A80511D512
S21402A07044F080040A2E00F26981DFE816F09A00A6
S21402A0802F001700370067016701370010009A009B
S21402A09037009E00E90548BF44F04004EAE74FF067
S21402A0A001084FF0020B4FF0000A14E008A95FFA0D
S21402A0B089F00EF03CF9DDF82500DDF8291006AB34
S21402A0C003C3A44B33F81930ADF816304FF000082E
S21402A0D0C3460DF1180A002F5DD125E006AA0DF140
S21402A0E016015FFA89F003F017FAEFE74FF6F773F7
S21402A0F0994540F22B8115F4026F40F02781964B6A
S21402A1001B78022B03D0043B012B00F2218147BBB4
S21402A110032E4FF001080CBF4FF00C0B4FF0080B4C
S21402A120BA4624F4C074A4B28C4B18884FF6FF7358
S21402A130984206D08A49FAF767FB10B124F4805495
S21402A140A4B2039B38460093BDF81620534644F447
S21402A150027105F0EBF9ADF82000002838D119207D
S21402A16079E7384610F0C8FA0246FFF757FF032E83
S21402A17008BF0138824201DD38206CE7032E4FF01B
S21402A18001080CBF4FF00C0B4FF0080B4FF0000A03
S21402A19024F4C074A4B2029B1B889BB91A463946A3
S21402A1A00620009308F048FE0028BDD140F6014084
S21402A1B051E74FF00008C34675E74FF001084FF02D
S21402A1C0030B70E7002339461A4607200093E9E797
S21402A1D04FF6FF73614A118899421CD00CF045FD78
S21402A1E003465E4A04301188039310F08AFE5D49E6
S21402A1F0039B097814F4805FD9715949574A1FBFE7
S21402A200086898604868D8604FF6FF7313804FF06E
S21402A210FF330B604B605946029A08A805F03AFADB
S21402A22000289CD0504C2378002B3CD1A7B138464E
S21402A23010F062FA0746BDF8200010F05DFA2378A7
S21402A2400744002B14BF12220022EB1003F0040373
S21402A25017443B44842B8FDC15F400570AD0BDF814
S21402A260204020460CF007FC40F4806189B220466C
S21402A2700CF0ECFBA6F10803012B05D801221021F5
S21402A280BDF820000CF0E8FB179BBDF8204043B356
S21402A2902046BDF816100CF032FCBDF82030179A96
S21402A2A000201380D7E6AA06C0D56B0103F0200370
S21402A2B00A2E14BF43F0010363F07E03DBB2B8F14B
S21402A2C0000F08D000215246009108A800F082FE36
S21402A2D00028ABD0BFE61A46514608A80DF016FF76
S21402A2E0F6E720460EF0DEFB179B024621460420C8
S21402A2F0009308F0A1FD00283FF458AF0A2E18D8A4
S21402A3004FF4D963F340DB0713D5072E0AD00A2E83
S21402A31008D0BDF820000DF0B9F980F00100C0B2F7
S21402A320800098E608A80BF068FA0028F1D004200E
S21402A33091E617B125F04005ADB22B463146BDF881
S21402A34020005FFA89F201F07DFE84E6012082E6B3
S21402A350162080E6A85A00204D6200201E6C0020BF
S21402A360996C00200063002049620020F7B50F4672
S21402A3709DF828100446DDE90B061D46F1B94FF696
S21402A380FF739C421CBF174B1C804FF000041CBF7F
S21402A390154B1A70BDF8240005F012FA00232A465F
S21402A3A0CDE90043394606209DF82030FFF740FEEF
S21402A3B010B90EB1AB7A337003B0F0BD78B14FF678
S21402A3C0FF739C421FBF074B1C80074B1A7000226C
S21402A3D00CF066FC04460028DCD11920ECE72120AC
S21402A3E0EAE700BF1E6C0020006300202DE9F0475C
S21402A3F088469DF82810074616461D469DF820A05A
S21402A400BDF824900B9839B158B300220CF048FCE2
S21402A410044610B9192025E00C464FF6FF739D42FC
S21402A4201FBF114B1D80114B83F800A04FF6F77328
S21402A4309E4208D80E4B4FF6FD761A784FF6FF73FB
S21402A440002A18BF1E46484605F0BAF900233A46C7
S21402A450CDE9084331464346BDE8F0470320FFF7FF
S21402A460E7BD2120BDE8F0871E6C002000630020B7
S21402A4700A6200202DE9F04786B09DF8386005464E
S21402A480DDE90FA80C4617469946B6BB374B1B7834
S21402A490022B1DD125BB4FF6F7739C4214D800261B
S21402A4A0484605F08DF900233A46CDE90063214679
S21402A4B0FF232846FFF7BCFD38B9B8F1000F04D0D9
S21402A4C0BB7A88F8003000E0012006B0BDE8F087CD
S21402A4D0043B012BDED908460BF08CF910B31DB3F2
S21402A4E0022D31D1EEF7F4FAA042EDD9204B33F823
S21402A4F014204FF6FD739A4219E0BAF1000F32D0DB
S21402A5001A4B1B78022B05D1FFF788FDB042E6D224
S21402A5103820DAE7043B012BF6D908460BF06AF935
S21402A5200028F1D11620D0E74FF6F7739C42CBD81D
S21402A530002EB4D03146002250460CF0B1FB06463F
S21402A5400028ADD11920C0E7012DBDD104AA0DF116
S21402A5500E01E0B202F0E0FF064B1B78A342B3D92D
S21402A560BDF80E20C5E72120AFE700BF4D620020F0
S21402A570A85A00206A6C002030B5104B87B00546FA
S21402A5800C461868596803AA03C298680C491060FA
S21402A5909A88DB8852BA23F04003ADF812300023C3
S21402A5A0CDE90043ADF81020FF23098803AA07204F
S21402A5B0ADF80E50FFF73CFD07B030BDE65B00205D
S21402A5C0F25B002038B50C461146124A124D108036
S21402A5D022682A6062686A60A268AA60E2885006F8
S21402A5E016D5EA88520613D561B1002218460CF039
S21402A5F057FB014650B16088FFF7BEFF0522074BA6
S21402A6001A7038BD08460EF08EF9F2E71920F5E703
S21402A6100220F6E7F25B0020E65B002010630020D3
S21402A6202DE9F04F074689B0104615461C468A4665
S21402A6300EF038FA0146284604F050FF0646284631
S21402A6400CF013FB043010F05AFC80460CF09EFC13
S21402A650804550D0B2074ED1DFF8AC80284605A917
S21402A660B8F800B00EF005FB9DF81930A8F8007097
S21402A67003BBBDF81430EBB928460CF0F6FA0230EC
S21402A68010F03DFC4FF6F773984294BF4FF0000966
S21402A6904FF0010901230134E4B22A463846CDF8C8
S21402A6A0009005A9039303F001FC039B40B9013314
S21402A6B09C421ED20020A8F800B009B0BDE8F08F78
S21402A6C0022CF8D1012BF6D10C4A0D4BA3F800A0B0
S21402A6D01378591C11700B4A7F3B16F00C0113704D
S21402A6E007D1BDF81A305B0603D5BDF81600FFF792
S21402A6F043FF0223D1E70020DFE700BF4B620020C2
S21402A7001E6C002000630020F25B00202DE9F04F53
S21402A710ABB00F46ADF81E000CF0A7FA00F1020A25
S21402A7200646504610F0EBFBBDF81E400546204696
S21402A7300EF0B8F90146204604F0D0FE814600F03D
S21402A7400308301D10F0DBFB414C20800CF01EFC91
S21402A750A8422DD04FF6F7739D4229D87378DA07B0
S21402A76026D428460DF058FF30B101232946BDF8FD
S21402A7701E202088FFF754FF0CF008FC344B1B8881
S21402A78083420FD1BDF81E4020460EF08BF90146DB
S21402A790204604F0A3FE10F00C0103D1BDF81E0003
S21402A7A001F00EFD00222B4B1A602BB0BDE8F08F95
S21402A7B02949BDF81E000EF05CFA2849BDF81E00B5
S21402A7C00EF0BAF90028254B08BF0023214ABDF82F
S21402A7D01E0013600CF0D5F9214B1870BDF81E0050
S21402A7E00CF0D4F91F4B1870BDF81E000CF0D9F906
S21402A7F01D4B186000238DF82230002F3AD0164BDE
S21402A800DB889B0636D5194B1B689D071ED4B8F10C
S21402A810010F14BF082318230DF122020092002212
S21402A8200DF11E00114600F0D5FB18B3B8F1010F6A
S21402A830A2D10F4B1B78112B9ED10DF006FD0028DE
S21402A8409AD140F61D40FBF70FFB95E70823E3E796
S21402A850F25B0020E0560020E65B0020F862002053
S21402A860F3620020F2620020CC560020444800200A
S21402A8704D620020504610F042FB8246BDF81E0094
S21402A8800FF03AFFA0F11005EDB22A4631460AA8AB
S21402A890F1F70EFBFF238DF82F304FF6F7739A452C
S21402A8A040F2DF80B8F1010F00F0E780B8F1020F46
S21402A8B000F04681B8F1000F7FF45EAFA44DBDF8FC
S21402A8C01E00EB88ADF8240004930CF0CEF9BDF818
S21402A8D02460074630460EF0E5F80146304604F09E
S21402A8E0FDFD8DF82300B81C7E7810F008FB0746A5
S21402A8F00CF04CFB06F00106B4F8009003906C884E
S21402A900002E7FF439AF4FF6F77A4246494657454E
S21402A9108CBF0620082010F0BBFABDF824B05846BB
S21402A9200EF0C0F85946024643460420CDF8008091
S21402A93008F05FFA574583460AD8B5F90620EB8831
S21402A940002A05DB580603D541462046FFF714FECB
S21402A950BBF1000F3FF410AF2B88002B5AD16B7956
S21402A960002B57D14FF6F7730DF126019F42BDF823
S21402A970240094BF4FF0000B4FF0010B0DF036FD94
S21402A980DFF8D8A100F1FF38BAF800301FFA88F1D4
S21402A9900593EB88BDF82600069304F09FFD069B00
S21402A9A004990190009322465B460598C1F3401134
S21402A9B00AF02DFF00283FF4DFAE042306200093A2
S21402A9C0BDF82610624B5FFA88F208F012FA0028E9
S21402A9D03FF4D2AE48F202036A889A4205D1BDF825
S21402A9E02410BAF8000000F025FF594D09AA29469E
S21402A9F00DF123000AF009FF034600287FF4BCAEDF
S21402AA002104BAF80000BDF8242060D52346294662
S21402AA100DF001FD9DF823304D4D03F00C030C2B79
S21402AA2075D128890DF0C2FC00283FF4A5AE039B21
S21402AA30002029894B4514BF0226032602F044FC57
S21402AA40444B18704FF6F7739F42BDF8240075D832
S21402AA50A4F138025342534132463D4904F036F8D7
S21402AA608AE6B8F1020F6BD0394BB3F90630002BE9
S21402AA7026DAB8F1010F7FF41DAF0CF087FA2388AF
S21402AA8083423FF479AE0520BDF81E10FFF736FA72
S21402AA9000283FF471AE2E4AD3885B0607D5002302
S21402AAA0CDE900330A20FF232188FFF7C1FA3A4690
S21402AAB09DF822302188BDF81E0002F01DF85BE6E4
S21402AAC029460AA800F070F80028D2D054E60221DF
S21402AAD0DFF88C8088F800102946CDF800B003F025
S21402AAE0E5F9132C96D0EB885D0493D41A4B1B78A9
S21402AAF0D80703D598F80020022A8BD099077FF54D
S21402AB003BAE98F80030012B7FF436AE82E7002287
S21402AB102B79124800936B791146008802F0FCFBF1
S21402AB200C4B18709DF8233003F00C03082B89D1C8
S21402AB30039B4B4514BF0426052683E701238BE7B8
S21402AB404846BDF81E20024901F0AEFA14E600BFE0
S21402AB50E65B00200F6300200E620020F25B0020FE
S21402AB600163002010B5002108480CF0E2F8044604
S21402AB7050B101460420FFF7C1F928B12046BDE8CE
S21402AB8010400121FFF7C2BD10BD00BFD65B0020FA
S21402AB90034BFF211A7803489200F0F7F9BF00BF73
S21402ABA06B6C0020FC44002070B5451804464FF03C
S21402ABB0FF31AC4212D1104B10481A7805460023DA
S21402ABC0934211DB0E4C2078431CB3FBF2F602FBD9
S21402ABD0163345F82010237000200CE014F8010B01
S21402ABE0E1F79EFD0146E4E750F8044BA14201D08E
S21402ABF00133E5E7012070BD6B6C0020FC440020A9
S21402AC0002630020042307B501200DEB0301054A69
S21402AC10F9F76AFA019B044A1B03136003B05DF856
S21402AC2004FB00BF23E11100DC560020014B18682C
S21402AC30704700BFDC560020014B1868704700BF03
S21402AC40DC56002010B5064C2368C3F30B0313B979
S21402AC500448E2F7D5FB2068431C236010BD00BF02
S21402AC60DC56002023E111002DE9F04F93B0039348
S21402AC700023DDE91C79069399F8003083460DA877
S21402AC8004930E4615460AF050FA99F8003013F06F
S21402AC9003043ED0039B0DF1250A8DF824300022D2
S21402ACA0082138460CF000F9002870D028880BF0EE
S21402ACB0DCFF99F800301C074CBF0430023010F05D
S21402ACC01EF907A98046F9F79FFB9DF82430044633
S21402ACD0980633D5288806F10D010DF0B6FEA8B108
S21402ACE000230093384608232988721D10F000FAC4
S21402ACF099F8003003F01803182B4AD1B8F1000F68
S21402AD0047D0A94BB3F86830434542D040F60A43D1
S21402AD1027E02888711D0DF098FE0028F6D00094D2
S21402AD2005233246298809A810F0E2F99DF8243056
S21402AD300DF1240A03F018030393B0E714BB394657
S21402AD404046F9F761FD0028D2D099F800309907FD
S21402AD50DCD040232246214640460DF003FC40F656
S21402AD60094399F8002012F0030440F0F78028887F
S21402AD7003930BF0DDFE224601461A2010F088F8F7
S21402AD80039BEBE007AB03CB38607960B0E74FF686
S21402AD90FF780AF01FFD044620B104213846F9F771
S21402ADA04FFB04461E9B002B5AD009231E990DA862
S21402ADB08DF834300AF033FB209B0BB1209B0693B0
S21402ADC0039B002B40F08E800DA8EEF731FB99F81E
S21402ADD000309A0700F09880FFF734FF514602468B
S21402ADE001200AF041FD99F800309B0710D559461C
S21402ADF028880DF004FF0BF1090350FA83F35FFA7B
S21402AE0083FB594628880DF0D1FE00EB0B06F6B2FE
S21402AE1099F8003013F0C20F0AF104030DD09DF822
S21402AE202420624942F020028DF824200A68CAF8DB
S21402AE3004204A685A600AF10C03012209A800920B
S21402AE401B1A324629889BB210F052F932465946EE
S21402AE502846FEF7E1FE002800F0A48000237DE0ED
S21402AE601F9B5BB19E460DF1340CBEE80F00ACE8AA
S21402AE700F00DEF80030CCF800309DE7049B594600
S21402AE8003F020032888049304F028FB10F0030F35
S21402AE900CBF012300230593049B059A003B18BFB1
S21402AEA0012342EA430300930DAA06AB38461F99D4
S21402AEB000F0FEFA049A034682B1002880D0059B71
S21402AEC00DAA0093384606AB1F9900F0F1FA034626
S21402AED099F8002022F0200289F80020002B3FF487
S21402AEE06FAF3EE7039B102B06D1BDF8363043F01A
S21402AEF00103ADF8363067E7039B182B4FD1BDF838
S21402AF00363043F00203F4E701200DF125010AF082
S21402AF10B9FC99F80030824613F0040F288821D134
S21402AF20069B1BB3002C35D00BF002FE0022014616
S21402AF3016200FF0ADFF84B17FB14FF6FF73984530
S21402AF400BD000230DA91A4638460AF079FB39467B
S21402AF5040469DF835200AF053FC0123184613B0EC
S21402AF60BDE8F08F002CDFD1104F01E0002CDBD1C2
S21402AF7000233246009359463B460CF0C7FF002892
S21402AF803FF4C4AE002C3FF469AF069A0AF10103FF
S21402AF90136063E71B685345C6D80124E8E740F60A
S21402AFA00A43DBE71923D9E7C4550020D062002004
S21402AFB0002307B5054A0648136004220DEB02017A
S21402AFC00193E2F759FA03B05DF804FBDC56002061
S21402AFD023E111002DE9F04F0446B1B000888DF848
S21402AFE02F3016468A460DF05DFD014681462088C2
S21402AFF00DF0DCFD00EB090820880DF029FE002389
S21402B0009DF82F505FFA88F815F001070790ADF803
S21402B010363008D101460DF1360220880DF0CFFCFD
S21402B02008B1ADF8367016B9CDE90E660EAEFEF76B
S21402B03063FC18B145F020058DF82F500023CDE9AA
S21402B040033302930DF12F03CDE9006322465346E4
S21402B05041464846FFF708FE0546002800F04381B1
S21402B0609DF82F3013F0010746D1B44A23F020038F
S21402B070106851688DF82F3010AB03C3184600F0E5
S21402B080FBF90546FEF744FDBBB2984200F2B780D4
S21402B0903A9B13B100233A9A1370BDF83630CBB1FF
S21402B0A0012120880FF044FB27880546002800F07F
S21402B0B04F81012138460FF03BFBBDF8367005463E
S21402B0C038460FF019FB002300903A4619462846E8
S21402B0D00DF0F8FB0023CDE9033302930DF12F03A5
S21402B0E0CDE900632246534641464846FFF7BCFD7B
S21402B0F00546002800F0F7809DF82F3003F0110374
S21402B100102B40F003818E4B1B78432B40F0FE80C1
S21402B1108C4B1B685B0640F1F980208808F105011C
S21402B1200DF093FC8346002800F0F080414620880C
S21402B13004F0D4F9844B10F0200F08BF1E4612A864
S21402B14000F09AF90822314612A8F1F76DF80028A5
S21402B15000F00E81314612A80AF01BFB012326AE30
S21402B16000933246002314A912A800F0A1F9002881
S21402B17040F0CC8012AB0DF12F07CDE903600290B0
S21402B180009322465346414648460197FFF76CFD18
S21402B190002800F0EF80BDF89A30102043F0080334
S21402B1A018AA14A9ADF89A300CF087FD002840F0D2
S21402B1B0AD8012ABCDE90360CDE901700093224663
S21402B1C0534641464846FFF74FFD0546002840F0E5
S21402B1D09D8018AB4FF49071002012AA00F0D4F8AC
S21402B1E04FF0005100200CF0E5FFBBF1000F00F01D
S21402B1F08C804FF0805100200CF0DCFF85E018AB0D
S21402B20014AA26A9F8B20AF070FA002840F0948030
S21402B210082210A927A8F1F707F88346ADB19DF8D2
S21402B220A53013F0020F08930FD0082212A927A800
S21402B230F0F7FAFF48B9089B590706D53A9B13B1AF
S21402B24001233A9A1370089507E03A9B002B61D1C6
S21402B250BBF1000F70D1002308930DF1740C14ABF0
S21402B2600FCB8CE80F00BDF83630CBB10121208819
S21402B2700FF05EFAB4F800B000284FD0012158460D
S21402B2800FF056FABDF836208346104609920FF0A4
S21402B29033FA00231946099A009058460DF012FB1D
S21402B2A02A4B0DF1740B0493002303930DF12F0325
S21402B2B0CDE900632246534641464846CDF808B0DB
S21402B2C0FFF7D2FC002837D1002D33D012AA5B46F6
S21402B2D04FF482714FF4005000F056F8089B13B1F9
S21402B2E026A80AF01DF8174B1B689A070DD4FEF71E
S21402B2F003FB50B1114A18AB1068516803C3002211
S21402B30026A918A80CF0FCFC68BB0025284631B01C
S21402B310BDE8F08F00233A9A137099E7BDF83620FD
S21402B3200A90104609920FF0E7F9DDE9092307991A
S21402B3300090B2E72A46CAE70137A3E6E9D8030037
S21402B3404D620020444800202E560020404800202F
S21402B350BDF836B058460FF0CFF92B4600905A4645
S21402B36038460799B4E626A918A80CF005FDC6E7E4
S21402B3708346F3E614AB2DE701461A230120014A61
S21402B380F8F7B2BE24E10100F0B5164691B00746C2
S21402B39009A80D461C46FFF7EFFF3EB1336845F09D
S21402B3A04005CDF826307368CDF82A301B4B1A6854
S21402B3B022EA070242EA050119604B040DD5BDF8E0
S21402B3C024200B0A03F4E243C9B222F4E3420B43FD
S21402B3D022F07F021343ADF824301A230020104ACD
S21402B3E009A9F8F781FEB4B104A809F09EFE02236B
S21402B3F06A468DF810301546234604F110061446A8
S21402B40018685968083303C4B3422246F7D129465E
S21402B41004A80AF004F811B0F0BD00BF44480020AA
S21402B42024E1010047F2FF10044B196841F4804200
S21402B430014041F480411A600CF0BCBE4448002032
S21402B44000B589B0FEF7CAFB01A8FFF795FF0948C9
S21402B450BDF804200168130221F0FF0103F4E203A1
S21402B4600B43D2B2134343F48043036009B05DF842
S21402B47004FB00BF4448002010B50C4B0446186875
S21402B48088B0830706D54FF0FF3323600120636040
S21402B49008B010BD10F04000FAD001A8FFF76CFF0C
S21402B4A0DDF806302360DDF80A30EFE74448002076
S21402B4B02DE9F04F99B081460C461E4617469DF878
S21402B4C08880A2B11546284609F02FFE18F0020B16
S21402B4D00FD004B911AC6B462246294648460AF0FC
S21402B4E0E2F80EB10023336019B0BDE8F08F0CAD60
S21402B4F0E9E76B462946484604AA0AF0A1F86B78A3
S21402B50008F00108FF2B25D000287AD154B104ABED
S21402B51008AF1A4603CABA4220606160134604F1B5
S21402B5200804F6D126B16A78374B03EB8203336000
S21402B530B8F1000F01D10020D6E7BDF80030D906D9
S21402B540F9D418204FF6FF716A780FF0A1FC40F686
S21402B5500E40C9E7DFF8B8A0DAF800302EB19A0735
S21402B56056BF2A4AC6F800B0326003F03003102BEA
S21402B57001D0202B1ED111A8FFF7FEFE0822484656
S21402B5800DF14601F0F750FE28B1DAF8003003F06C
S21402B5904403402B0ED0B8F1000F0ED108A80CF0D1
S21402B5A00DFE02232B70C4B9002FC4D0281DFFF74E
S21402B5B063FFC0E740F60A4096E7DAF80030DB039E
S21402B5C0ECD508A80CF0FAFD02232B70BCB9002FAC
S21402B5D0B7D0281DFFF750FFB3E7002608AB0CAF25
S21402B5E01A4603CABA4220606160134604F1080490
S21402B5F0F6D1281DFFF740FF002E9CD0A1E70126BA
S21402B600ECE72D2070E700BF584400204048002099
S21402B6104448002049B9084B197849B14EF66023D0
S21402B620594328B105480FF037B941F28831F8E797
S21402B6300248F8F7DFBC00BF0C62002090470020EB
S21402B64070B586B00546F8F7C3FD10B9022006B0FD
S21402B65070BD01A8FFF710FF06460028F6D08DB988
S21402B6602E4B1C6814F0020406D02D4B1B78112BAF
S21402B670ECD12C4BB3F868404FF481630221ADF84D
S21402B6800C3023E02846F9F72DF90028DED1234BAB
S21402B6901C6814F0020406D0214B1B78112BD5D15E
S21402B6A0204BB3F868400822294601A8F0F7BCFDF3
S21402B6B00028E1D04FF4027300260A21ADF80C30C0
S21402B6C02B68CDF80E306B68CDF81230002203A836
S21402B6D00BF0E6FA024608B91920B8E70F4B1968CC
S21402B6E001F03003102B17D0202B14BF01230323A5
S21402B6F0490001F004010B432046002100F0F4FF4C
S21402B7000028E9D000210120FFF784FF16B10122AC
S21402B710054B1A7000209AE70323E9E74448002005
S21402B7204D620020C4550020F762002030B5002587
S21402B7301D4C85B0CDE90055F8F75CFC23784BB379
S21402B7401A491B480A780078904223D90132012B05
S21402B7500A700ED12A464FF4A071284602F0BEFAAD
S21402B760C0B2B8B941F2883112480FF095F805B068
S21402B77030BD022B09D1284602A9F9F745F8002860
S21402B780EED102A8FFF75CFFEAE7032B02D101F035
S21402B79065F9E5E7002108462170FFF73BFF042123
S21402B7A0684609F030FCE2E70363002004630020E9
S21402B7B0A16C00209047002070B5194A194D044626
S21402B7C05168106886B02E7801AB03C31EB10224FE
S21402B7D0204606B070BDF8F745FD0228F7D103A84B
S21402B7E000F0E8FD082201A90DF10E00F0F71CFD9D
S21402B7F0A0B10D4B32464FF4A07130461C7002F0D9
S21402B8006DFA04460028E3D10123084A41F2883142
S21402B81007482B7013700FF03FF8D9E72324D7E7B9
S21402B8206F9D040003630020A16C002004630020C7
S21402B83090470020F0B50C4600219BB02B4F0646E1
S21402B840492207A80691F0F7A3F93B78012B34D1D9
S21402B8509EBB0DF10E0120460CF0C8FD0546BDF854
S21402B8600E000EF049FF441BE4B2BDF80E1023464C
S21402B8702A46009606A80FF03BFC304604A9F8F7C5
S21402B880C3FFD0B9CCB19DF81920B2B9BDF82330A8
S21402B89003F47E43B3F5285F1ED3B3F5385F0ED3A9
S21402B8A01349BDF80E000B6843F400030B602946EB
S21402B8B009F089FF18B104233B701BB0F0BD0122CA
S21402B8C00C4B04A81A70FFF7BBFE41F288310A48F7
S21402B8D00EF0E2FF0223EFE711463A70FFF79AFEF8
S21402B8E01E2104A809F08FFBE7E700BF03630020D0
S21402B8F0444800200463002090470020014B187043
S21402B900704700BF04630020014B1878704700BFE1
S21402B91003630020014B1870704700BF03630020CA
S21402B9202DE9F04F0446408891B00E298846ADF8BE
S21402B9301A0074D094F80890A7790BF096F909A922
S21402B9400546BDF81A00E6790DF093F9BDF81A001F
S21402B9500BF091F8430542BFBDF82A3043F400537A
S21402B960ADF82A30E379D80642BFBDF82A3043F450
S21402B9708053ADF82A30BDF82A30990613D5022F27
S21402B98052D10CA9207A0CF0D2FCDDF83500DDF895
S21402B990391007AB03C307AA0021042300910DF157
S21402B9A01A00FFF717FB0121BDF81A000EF0C0FEC1
S21402B9B0022F824644D1454B33F81950B8F1000F96
S21402B9C079D0BDF82A305A0675D54FF6FB729542E5
S21402B9D071D83F4AB2F86820AA426CD0DB0502D57D
S21402B9E028460CF0EAFDBDF82A30D80463D5002FAD
S21402B9F033D1BDF81A000BF03EF8C10663D548F203
S21402BA003403BDF826209A4209D1324E3078FF28F8
S21402BA1005D003222946FCF72BF9FF2333700023B7
S21402BA20236011B0BDE8F08F012F01BF237A2A4AA6
S21402BA3003EB430302EB830314BF00229A1CABE71B
S21402BA40012F05D10C2303FB09F3234AD55AB5E788
S21402BA50A81C0FF054FA0546B0E7284601F07CFD14
S21402BA60BDF81A000BF007F8C206C8D46389504620
S21402BA7005930EF041FE834650460EF021FE059BCE
S21402BA8002905FFA8BF04A46394601900093404690
S21402BA9009AB09F050FAB8F1000F14BF0B200920C9
S21402BAA016F0030218BF02F1FF32294618BFD2B2BF
S21402BAB00FF0EEF9A3E7BDF81A000AF0DCFFC306A2
S21402BAC09DD4002FD2D1A946D0E700BFA85A0020A5
S21402BAD0C4550020A56C0020E859002038B5002483
S21402BAE00F4B104D2A78A24205D8C2B9BDE838409D
S21402BAF00D48F8F77FBA598869B9013AD2B2A2421C
S21402BB002A70EFD0121B184603F110011201F0F74B
S21402BB1091F80346E6E701341033E4B2E2E738BDB3
S21402BB205C44002007630020586B002070B51A4B57
S21402BB301A4A1D780023DCB2A54200D870BD14460E
S21402BB4066880133864202F11002F4D1E379A588B1
S21402BB50E16003F040028DB9CAB123F00403E37139
S21402BB600BF083F8037803F07F0303702188002923
S21402BB70E4D1BDE870400A480EF08EBE0021658012
S21402BB80A180002AE9D1BDE87040FFF7A7BF204692
S21402BB90FFF7C6FEF7E700BF076300205C440020FD
S21402BBA0586B00202DE9F047044686B040880F46C1
S21402BBB015460BF05AF8A3798046082B52D8DFE8D0
S21402BBC003F0052E185151515151050002300FF065
S21402BBD096F9002D4ED06946F8F716FE002841D198
S21402BBE0684601F063FDB0FA80F0400906B0BDE891
S21402BBF0F08702A9207A0CF09AFB6B466E46DDF8B7
S21402BC000D00DDF81110334A03C3237A32F813907D
S21402BC10314AD05C75B131460CF0ADFBE6E7237ACB
S21402BC202E4903EB430301EB830231F82390907A0B
S21402BC30961CEFE74FF6FB7AD14515D930460CF045
S21402BC40E4FC4FF6FF739842054615D0014630468F
S21402BC5001F09EFC554508D9E379DA060ED440F683
S21402BC602243E3600020C1E74D46294608F1020060
S21402BC700FF047F90120B9E74D46EDE74FF6FC789D
S21402BC80454512D103F00C030C2B1CD1DFB1304614
S21402BC904FF6FD7101F07CFC40F61F412046E16044
S21402BCA0FFF73EFEFFF71AFFDCE74FF6FD739D42F5
S21402BCB009D10023304619461A4602F0DBF84146FF
S21402BCC0304601F065FCE37943F00C03E37140F67D
S21402BCD02343C6E7A85A002013620020E859002032
S21402BCE073B5044640880E460AF0BFFF02300FF0D6
S21402BCF006F909F07FFD18B1A11C201D09F07FFD91
S21402BD00E6B1E5790135EDB2E57115F0400514D0DE
S21402BD10ECF7D8FE0122054600212046FFF742FF37
S21402BD2018B1394B1B882B449DB2384B1B78042B19
S21402BD3001BF354B1B885B199DB225800022314618
S21402BD402046FFF72FFF20B360880AF08EFFE279C5
S21402BD502F4922F00C03E3710B7805460133DBB260
S21402BD600B70C3712B4BA61C1B780BB3E37998069A
S21402BD701ED52949097871B159060CD592070AD5FC
S21402BD8000220423114630460092FFF723F910B131
S21402BD90E06002B070BD00220123114630460092D8
S21402BDA0FFF718F920B1E37943F00303E371EFE7F5
S21402BDB0304609F022FD0028EAD16088FCF7C0FA76
S21402BDC00328E6D8DFE800F0020D1D19E37943F0F8
S21402BDD00403E3711B06DCD5104B1A78104B1A705D
S21402BDE0D7E740F62443E360E37943F00803E371C0
S21402BDF02B7803F07F032B70CBE740F62543E360F6
S21402BE00C7E740F62643FAE7F86B00204E620020AA
S21402BE104B62002049620020A26C002011620020C2
S21402BE20066300202DE9F74F06460EF07EFF5F4BB5
S21402BE300546B3F8009018805D4BA0EB09041B780A
S21402BE40A4B2A34298BF00234FF000084FF6FF7734
S21402BE5088BF1B1B564A88BFDBB21370DFF864B17B
S21402BE60A9EB00030093534B5FFA88F219789142CC
S21402BE700ED80EB1FFF732FE4FF6FF739F4200F068
S21402BE808E8039464C4803B0BDE8F04F0EF004BD34
S21402BE90BBF80220002A3CD0484B9BF807201878B3
S21402BEA0BBF800A0042818D00020BAF1000F08BF83
S21402BEB0A2462044504523D2BBF80010009B1944EA
S21402BEC0ABF80010002E4ED002F04802482A4AD1A3
S21402BED000215846FFF704FF45E00192F8F704FCFC
S21402BEE030F01003019ADFD1FBF746FC344B019A7F
S21402BEF0B3F800C08445D7D9ACEB000080B2D4E7D3
S21402BF0002F00C00042807D10022ABF800200BF147
S21402BF10100B08F10108A6E7510602F0030C02F026
S21402BF2008000ED528B3BCF1030F25D1DEB1DBF82D
S21402BF300C105846002908BF4FF44261FFF7F0FC88
S21402BF4011E040B3BCF1010F25D11206EED44FF436
S21402BF50C862ABF800209BF8072022F0030242F0EA
S21402BF6002028BF80720BBF80020974228BF17462C
S21402BF70CDE703208445D9D213060ED50C4B1A788A
S21402BF800AEB0200844208DA4A44521B0AEB020118
S21402BF90ABF80010E7E70120ECE7012199E7064835
S21402BFA003B0BDE8F04FF8F725B800BFDC5B002011
S21402BFB00663002007630020586B00204E620020B4
S21402BFC0F86B00205C440020F8B500250A4E0B4FA3
S21402BFD03378ECB2A34204D8BDE8F8400848F7F735
S21402BFE019BD07EB0414A01CF7F714FD201DF7F784
S21402BFF011FD0135ECE700BF076300205C4400201A
S21402C000D25B002070B500240B4D0C4E2B78A34259
S21402C01008D81B1BDBB22B706BB9BDE87040084812
S21402C020F7F7E8BF06EB041040F621410134FFF7AC
S21402C03077FCE4B2EAE770BD076300205C440020A8
S21402C040586B0020F8B5154EDFF858E035789EF8A4
S21402C05000E0134FAE454FEA051C07EB051419D056
S21402C060002503F4835343EA1323A1712272E3717A
S21402C070608027F80C50A58003F0A8FB40F6024328
S21402C080E36033786081013328463370FFF7CAFED7
S21402C0902846F8BD40F60340FBE700BF07630020D2
S21402C0A05C440020696C00202DE9F04F344B0D46AD
S21402C0B01C78174685B05CB9B1F90680DFF8C890DF
S21402C0C0DFF8C8A0DFF8C8B099F80030A34202D85B
S21402C0D005B0BDE8F08F0AEB0416B08800B9708888
S21402C0E001A90CF0C6FDAA7A9DF80E309A4244D1F8
S21402C0F0B8F1000F0FDA297A9DF80C202B899142AD
S21402C10009D8204800780844824236DA521A1B0AB6
S21402C1101341D90731D538460CF09AFDBDF80A30DE
S21402C12004469A0602D5EB889B06D1D5F37903F02E
S21402C1300C03042B08D17088F9F786FD0023728859
S21402C140194618460CF05BFA00213046FFF7E8FB6A
S21402C150FFF7C4FC38460EF0CFFA844208D2337A90
S21402C16001228BF8003029460023384602F0AEFC46
S21402C170B8F1000FACDA0024A6E70134E4B2A3E774
S21402C18005630020686C0020076300205C440020E2
S21402C1900F63002008B50EF0C8FD074B1B88C01AB7
S21402C1A080B2B0F5807F05D9BDE80840002103487B
S21402C1B00EF072BB08BD00BFDC5B0020586B00208F
S21402C1C02DE9F04788B004460D460CF06BFC01469C
S21402C1D0204603F083F910F003035FD110F00C0F32
S21402C1E006D12946204608B0BDE8F047FFF79EBCB8
S21402C1F020460AF040FCC30638D420460CF052FC17
S21402C2000146204603F06AF9064620460AF02DFD4E
S21402C210804602300EF073FE05A9074620460CF053
S21402C22028FD06F00C0698F801300C2E0CBF4FF0D5
S21402C23003094FF00609012113F0010F204618BF2B
S21402C2404FF003090EF074FA174B80461B88A34280
S21402C2500FD1B5FA85F04009FBF748FC20460AF0F4
S21402C26038FC0022014607200EF012FE08B0BDE898
S21402C270F08703F0ABFA824640460EF03DFA0646D9
S21402C28040460EF01DFAF6B202903A464946284655
S21402C290CDE900A605AB08F04EFEDFE7012BE5D19F
S21402C2A010F00C0FE2D19CE7D25B0020002210B502
S21402C2B0094B1C78094BD1B28C4201D8002010BD24
S21402C2C0197A814202D19979022902D010330132B9
S21402C2D0F1E70120F3E700BF076300205C4400207B
S21402C2E00146002210B5084B1C78084BD0B2844297
S21402C2F001D8002010BD187A884202D19879012808
S21402C300F8D010330132F1E7076300205C440020C6
S21402C310002210B40A4B1C780A4BD1B28C4203D8C6
S21402C3205DF8044BFFF7DABB197A814205D1997999
S21402C330012902BF00211980598010330132ECE72F
S21402C340076300205C440020024B1878003818BFB0
S21402C3500120704707630020044B1B6813F0300F60
S21402C36003D0202130200BF025BF70474448002020
S21402C370002310B5044608491A4601EA00414FF068
S21402C3807F60FFF701F8E30703D5002130200BF0AA
S21402C39011FF002010BD00BF00007207044B5B882F
S21402C3A023F4784323F08D0303800020704700BFF8
S21402C3B04448002008B500220346C3F80220C3F80A
S21402C3C006200B4A02301268D1B212F0200F18BFB4
S21402C3D041F010011980930701D4FFF74DF8054B81
S21402C3E01B78023B032B8CBF1720002008BD00BF22
S21402C3F0444800204D62002038B505460C46FDF73D
S21402C400EDFB98B10E4B187878B10E4B1B681A04E8
S21402C4100FD58CB113F0420F00D17DB103F44073F7
S21402C420B3F5407F0CBF0020232038BD40F60840FD
S21402C430FBE740F60B40F8E72046F6E72320F4E752
S21402C4404962002044480020F0B504468DB007A893
S21402C4500D46164608F069FE1022002103A8EFF7E3
S21402C46097FB5CB1234603AC03F11007224618681B
S21402C4705968083303C2BB421446F7D1012703A901
S21402C48086EA070307A88DF81C708DF81D3008F0A1
S21402C490B7FF80EA070401A8E4B2EDF727F8B6B1C1
S21402C4A001A88DF80650EDF74DF864B1002303A9F4
S21402C4B007A88DF81D3008F0B2FF0C4B1B78432BF3
S21402C4C001D1F9F7DBF80A4B1D700DB0F0BD01A8DB
S21402C4D08DF80750EDF736F8002CF6D003A907A81A
S21402C4E08DF81D7008F09BFFEFE700BF4D6200203D
S21402C4F048620020F0B5012593B007460DA80C4609
S21402C50008F013FE05A90DA8ADF8345008F0A2FFF6
S21402C51001A8ECF7EBFF09A90DA88DF835509DF898
S21402C520066008F097FF0DA89DF8075008F028FF50
S21402C53070BB731BDBB2802B28D91FB1A64225D055
S21402C540A54223D105A90DA808F069FF03A8ECF7B8
S21402C550CDFF03A88DF80F60ECF7F4FF0122294601
S21402C56009A8FFF771FF0AF00BFF01214FF40070D4
S21402C5700CF030F8FDF71AFBB0F1004F01D9FDF7C9
S21402C5801BFB044B187808F03CFD012013B0F0BDED
S21402C5900020FBE74862002070B50E4614460546AA
S21402C5A00320FFF7B7F946F004022946204608F0B2
S21402C5B090FF0022014B1A6070BD00BF4048002069
S21402C5C0F0B587B0078805461022002102A8EFF7CB
S21402C5D0DFFA3E4B1B78002B76D1BC055ED407F003
S21402C5E08403842B63D00022394C11461046FFF791
S21402C5F02BFF17F4045F276005F102061CD0B9046E
S21402C6000AD5304602F09CFA00284ED1236823F45D
S21402C610005343F48073236030460BF047FE002835
S21402C62042D108F080FD18B9236843F480332360B2
S21402C630236843F02003236022680DF1060042F4CB
S21402C64000432360FFF7AAFE12F4805FBDF80630AF
S21402C65031D043F02003ADF806302168334611F09E
S21402C660400218BF05F123024FF07F60FEF78CFEF2
S21402C670BDF80630DA0703D5002130200BF09AFD0C
S21402C68023689B0506D5012295F8221005F11200B3
S21402C690FFF7DAFE00200F4B186006E005F11200E5
S21402C6A00BF004FE00289AD0292007B0F0BDB80788
S21402C6B099D52320F9E723F02003ADF80630FDF7DD
S21402C6C07BFAFEF775FCC8E70220EEE74D62002013
S21402C6D04448002040480020024B1868C0F300502F
S21402C6E0704700BF444800202DE9F04F06468946B1
S21402C6F01046002189B01546984602F0EFFE102833
S21402C70007460AD86A4B0341DB0706D4C8F340043F
S21402C7109DB9002009B0BDE8F08F664B1C78002C4E
S21402C720F6D0FFF7D9FF00280CBF4FF4F0744FF491
S21402C730D074FC4004F00104EAE74FF0000A18F057
S21402C740010F5346524629464FF00500CDF800A089
S21402C7500CBF4FF0080B4FF4027B06F06DFB00286F
S21402C760D7D0C8233246009359465346284602F08D
S21402C770DDFEADF80E000028CBD018F0080A4AD12C
S21402C7804FF6F773A7F10F02D2B29E428CBF09236F
S21402C7900123012A01D843F04003474A8DF810309E
S21402C7A01378591C11708DF81130002C4FD09DF85B
S21402C7B01030052F43F020038DF8103033D03F4B56
S21402C7C01D78002D5AD04FF6F77300259E424FF083
S21402C7D00F0248D9012304A90DF10E00F7F75EFBFC
S21402C7E0002896D1002C4DD1BAF1000133463A46C4
S21402C7F018BF0121BDF80E00CDF8009009F004F82C
S21402C800ADF80E00002884D018F0040F4DD0314643
S21402C8100AF054FF7EE749460DF10E000BF0FFFECC
S21402C8200028ADD175E70121BDF80E000DF080FF9E
S21402C830012102F053FE0123834013F0620F1CD144
S21402C8401E4B1B78E3B14FF6F7731825BEE71B4B5A
S21402C85025461B780222002BBCD04FF6F7739E4269
S21402C860B8D8052FB6D0BAF1000FB3D19DF8103064
S21402C87043F040038DF81030ACE710250F22A9E7ED
S21402C8801825FBE7BAF1000F0AD002234A460090A9
S21402C89029460DF10E00FEF79DFB0028A4D038E7CE
S21402C8A041235246CDF800A0F2E70AF0EFFE31E748
S21402C8B09FFEFEFF496200204A6200203D62002081
S21402C8C02DE9DF431E46144B80461B680F469B0726
S21402C8D091460A9C1BD4204614B108F07FFFC0B2D2
S21402C8E00622CDE902403B460020CDE900890B49ED
S21402C8F00CF058F8024650B10021002E0CBF01235E
S21402C9000323084604B0BDE8D043FFF7EDBE00207F
S21402C91004B0BDE8D08300BF444800206350040042
S21402C9202DE9F04F8DB081468A461F4693469DF804
S21402C9305C803AB903A8FEF79FFDB0BB00200DB09D
S21402C940BDE8F08F15460022232110460AF0A8F90A
S21402C950ADF80A000028F1D00DF0B2FE0523044619
S21402C96018F0100F00F8023B677020D01122002149
S21402C970EFF70EF904F11306032F4FF0080237D132
S21402C98059463046EFF756F9C8F3801306F1090503
S21402C990337208F01FFF00283ED000232B706B7006
S21402C9A00123033505F8013C36E003ADCBE701264B
S21402C9B010221699EFF73EF906FA07F313F0620F04
S21402C9C002D104F11206D7E707A808F0AEFB05A8C5
S21402C9D08DF81C60ECF78AFD9DF8162018F0200FE3
S21402C9E09DF8173008BF134604F11306A374C3E775
S21402C9F051463046EFF71EF9012306F10802121BD4
S21402CA0028460093BDF80A10082392B20EF070FB77
S21402CA10042F06F11005BCD02D1BA9B20DF10A0099
S21402CA200BF028FF002889D118F0040F0BD04846D7
S21402CA300EF053FBFF281FBF074A32F8103023F4CC
S21402CA40804322F81030434651464846BDF80A2035
S21402CA50FFF74AFE73E700BF745B002070B503263B
S21402CA6090B08DF80760F7F7B3FB18B9022420469A
S21402CA7010B070BD02AD2846FEF7FEFC0028F5D0C9
S21402CA801B4B1C6814F00204F0D140F20F43194A03
S21402CA90ADF82430136804A8CDF826305368CDF8D4
S21402CAA02A3008F042FB95E8030005AB83E8030052
S21402CAB0062304A88DF81D308DF81060ECF7B8FC3C
S21402CAC001210DF12E020DF10700ECF709FC2246BA
S21402CAD01A2109A80AF0E4F8024608B91924C6E79A
S21402CAE0012329462046FFF7FFFD0028BFD1F5E7C0
S21402CAF044480020D06200202DE9F04F04460D463F
S21402CB00002191B01F2208A89B460791EFF740F834
S21402CB1020460BF0C7FF0146204602F0DFFC8DF8E8
S21402CB20110020460AF0A1F89DF8113046789906C1
S21402CB308146C6F34006204648BF46F002060CF081
S21402CB4087F8804620460DF0D7FD0022A0EB0803AA
S21402CB50DBB2232B28BF232300922146424607A896
S21402CB600EF0C6FA00283AD1A24B9DF81C701B782C
S21402CB709DF81DA0B3B3FFF7AFFD00280CBF4FF41E
S21402CB80F0734FF4D073FB40DA072BD5B30729D4E2
S21402CB90082F22D1BAF1040F21D1FBF77FFBF0B99F
S21402CBA0012342460093214605200DF1110306F0AB
S21402CBB020F9A0B1053F0D2F11D8DFE817F02400A9
S21402CBC01000AF01BC01C5011000100010001000DB
S21402CBD010001000CB01F901F901052F07D011B0A2
S21402CBE0BDE8F08F102F05D1BBF1000FF7D0FBF791
S21402CBF055FBD5E7FBF752FB0028D1D0052FCFD047
S21402CC00112FCDD0EBE7BAF1050FE8D8204609F090
S21402CC108FFF029009F102000EF071F982460DF1C3
S21402CC201200FFF7BBFB01239DF81D8003FA08F3F1
S21402CC3013F0620303932DD0BDF812309D0722D560
S21402CC40B407CCD5FBF72AFB0DF11E000BF02EFB2A
S21402CC50B8F1030F04469DF82EB02FD10DF12F0523
S21402CC600AF094F9824540F03181032EB7D19DF83F
S21402CC7036100DF11E02003918BF01210DF12E00EB
S21402CC8008F0CDFDABE7FBF709FB0028DCD1002E50
S21402CC90A5D0D9E7FBF702FB68B10DF11E000BF039
S21402CCA005FBB8F1030F04464FF0000B40F08280FC
S21402CCB00DF12E05D4E7002E91D0EEE74E4B1B6801
S21402CCC098072AD5FF2208210DF137000AF0ECF862
S21402CCD0814610BB034601460DF137020220FEF7DD
S21402CCE053FB0AF053F982450DF137070DF12F0574
S21402CCF023D04FF6F7739A4540F2ED8000220821C2
S21402CD0028460AF0D1F8002800F0E58000225946AD
S21402CD100DF11E00FFF798FB61E70DF137070DF1E5
S21402CD202F0538460BF06EFA002848D00AF02EF986
S21402CD30824540F0CC804FF000092846F7F7D2FD36
S21402CD40002800F0C480B8F1010F5BD0B8F1040FE0
S21402CD507FF445AF0BF079FA10B1032E7FF43FAFA4
S21402CD60002C7FF43CAF3A4602210DF11E00FFF77D
S21402CD7013FC224B1B7863B1FFF770FEFEF7C4FD6F
S21402CD80022806D10120FEF7B9FD01210846FEF76A
S21402CD9041FC1B4B1B78022B20D10321384608F09E
S21402CDA032F9FEF7B1FD014600287FF418AFFEF710
S21402CDB031FC14E70DF136070DF12E05B1E7104BE5
S21402CDC01B78432B7FF40BAFB8F1010F7FF407AF4C
S21402CDD00AF0DCF882457AD1C146AEE7412B7FF4F1
S21402CDE0FEAE054B1B6859057FF5F9AEF9F73EFE18
S21402CDF0F5E600BF4962002044480020F7620020A2
S21402CE004D6200206C4D2B78022B22D02B78412BC2
S21402CE103FF4E5AE3CB9FBF741FA594602460DF13E
S21402CE201E00FFF711FBFBF739FA00283FF4D7AED6
S21402CE300BF00BFA614C98B123681B0502D42B78D1
S21402CE40432B0DD1B0070BD440F61A40F9F70CF875
S21402CE50C5E60BF0FAF90028D8D0B207D6D4BEE65B
S21402CE60206810F0020002D102990BF0ADFB2B787D
S21402CE70112B16D12368590513D50020FEF7E0FBC7
S21402CE80044600287FF4ABAE0AF0EEFA40F61C40E9
S21402CE90F8F7EAFF21462046FEF7BCFBF8F7F0FF5C
S21402CEA09DE6B20701D5FFF757FAB9F1000F9DD0FC
S21402CEB008F039F918B94FF480310BF07BF90022EB
S21402CEC03F4B38461A600BF094F98FE70027039B16
S21402CED0002B7FF40EAF4FF6FF73284605A9ADF878
S21402CEE014300AF046F820B128460AF023F8ADF8C6
S21402CEF014004FF6FF73BDF8140098423FF46FAE6D
S21402CF00002C0CBF0423152301930DF11E0300937E
S21402CF103A4643462946FFF703FD60E60DF11D003B
S21402CF20F7F7E0FC00283FF45AAE0222294600201A
S21402CF30FAF79EFE53E6F3077FF551AE32462846D1
S21402CF4007A90BF06BFB4AE69DF81D100120FFF7C0
S21402CF50D1FA44E6184B1B78022B20D1002D7FF421
S21402CF603EAE05A8FEF788FA00283FF438AE154B09
S21402CF701D709DF81D30002B14BF64246524FEF737
S21402CF80C3FC032806D128462946FEF743FB28465B
S21402CF90FEF7C0FC214605A808F035F81FE6043B5C
S21402CFA0012BDBD9284608F025FC0028D6D116E648
S21402CFB0204608F021FC12E64D620020444800207C
S21402CFC040480020F76200202DE9F34105460E4650
S21402CFD0174698460BF039F9044640B101233A4603
S21402CFE031462846CDF80080FFF76AFC04460BF06F
S21402CFF02CF930B1FFF770FB78B10A4B1B689B0126
S21402D0000BD400233A4631462846CDF80080FFF777
S21402D01057FC002C0CBF0446012404F0010002B0A9
S21402D020BDE8F0814448002070B58AB005A808F033
S21402D0307CF8022301AA15468DF81430084B03F13A
S21402D0401006144618685968083303C4B3422246C9
S21402D050F7D1294605A808F0D3F90AB070BD00BF7B
S21402D060779D0400014B1878704700BFA36C002020
S21402D070014B1888704700BF206C00204FF6FF73E4
S21402D0802DE9F043994280460D4685B00BD0002725
S21402D0904FF6FD791C4EEBF71BFDFCB2A0420BD8F7
S21402D0A04FF6FF701DE0F7F71DFC0028EFD005B025
S21402D0B0BDE8F04309F06ABF36F814304B4517D87E
S21402D0C0694620460BF0F7F8082241460DF10500A6
S21402D0D0EFF7AAF84FF6FF7360B99D4204D136F80F
S21402D0E0140005B0BDE8F08326F814500BF0BDF826
S21402D0F00137D0E79D42FBD036F81430AB4208BF6A
S21402D10026F81490F4E700BFA85A00202DE9FF473E
S21402D11006460F4600254FF6FD79DFF83C80DFF81D
S21402D1203CA0EBF7D5FCECB2A04202D804B0BDE8B6
S21402D130F08738F814304B450CD8694620460BF079
S21402D140BAF8082231460DF10500EFF76DF808B976
S21402D1500AF804700135E4E7A85A0020136200209A
S21402D160014B33F810007047A85A0020F0B5064667
S21402D17000250D4F85B0EBF7ABFCECB2A04201D810
S21402D18005B0F0BD37F81430B3420BD169462046DD
S21402D1900BF0CDF89DF80030022B1CBF4FF6FD7346
S21402D1A027F814300135E6E7A85A002030B585B0D6
S21402D1B004460D46EBF78CFCA0420FD9084B33F819
S21402D1C014204FF6FD739A4208D8694620460BF0A3
S21402D1D0AEF829460DF10500FFF750FF05B030BD49
S21402D1E0A85A002030B585B00446EBF771FCA04281
S21402D1F019D92046FFF75AF80546B0B969462046BF
S21402D2000BF059F89DF800302BB1694620468DF890
S21402D21000500BF06EF84FF6FF720020044B23F816
S21402D220142005B030BD2820FBE740F60440F8E79E
S21402D230A85A00202DE9F0410B7805460E461BB988
S21402D240BDE8F041FFF7CEBFEBF742FCA84231D96A
S21402D2502846FFF72BF878BB374617F8058B4FF6AC
S21402D260FF713846FFF70AFF0446384600F01EFAFA
S21402D270B0FA80F04009B8F1000F15D0B8F1030FEC
S21402D28015D04FF6FF724FF6FD73944208BF1C4648
S21402D2900B4B314623F815400A4B585528460BF0DF
S21402D2A028F80020BDE8F0814FF6FF74F0E74FF64D
S21402D2B0FE74EDE72820F5E740F60440F2E700BFEB
S21402D2C0A85A0020136200202DE9FF410D460446AD
S21402D2D04FF6FE780F4F0E0AEBF7FAFBA04204D881
S21402D2E0FF24204604B0BDE8F08137F814304345E9
S21402D2F00CD1694620460AF0DEFF9DF80520EBB207
S21402D3009A4203D19DF80630B342EAD00134E4B221
S21402D310E2E700BFA85A00202DE9F04F0C46174658
S21402D320984600254FF6FD7B87B09DF840A0DFF8B3
S21402D3305C900190EBF7CCFBEEB2B04201D8FF2630
S21402D34016E039F816205A451ED8304602A90AF0C9
S21402D350B2FF3FB99DF80920424515D19DF80C2031
S21402D360524511D144B939F81620019B9A420BD185
S21402D370304607B0BDE8F08F082220460DF10D01B9
S21402D380EEF752FF0028F3D00135D3E7A85A002063
S21402D39010B514460AF08FFF2046BDE8104008225A
S21402D3A00149EEF747BC00BFD06200202DE9FF47D7
S21402D3B0074615460846082224491E46EEF734FF5D
S21402D3C0044600283FD14FF6FF7ADFF88490EBF749
S21402D3D07FFB5FFA84F880450BD385B3384605F0A9
S21402D3E0C9FD01250C9B18700120357004B0BDE8FC
S21402D3F0F08739F8183053451FD0694640460AF080
S21402D4005AFF7A789DF801309A4216D17A88BDF88A
S21402D41002309A4211D13A799DF804309A420CD1E0
S21402D42008220DF10501781DEEF7FEFE28B9002D43
S21402D430D7D1404605F0B9FDD3E70134C7E7FF2050
S21402D44005F0B3FDCEE70020D0E700BFD062002093
S21402D450A85A0020F0B50025154E164F85B0EBF7FA
S21402D46037FBECB2A04201D805B0F0BD69462046B3
S21402D4700AF021FF9DF80030032B06D900236946E7
S21402D48020468DF800300AF034FF9DF8002062B185
S21402D4904FF6FD734FF6FE71032A08BF0B4626F8B9
S21402D4A01430002301353B55D9E74FF6FF73F6E7F4
S21402D4B0A85A002013620020F8B50E4604464FF61E
S21402D4C0FF770C4B0C4D1B7803EB430305EB8305F0
S21402D4D0A54202D800242046F8BD2388BB4206D0C7
S21402D4E008223146A01CEEF79FFE0028F3D00C342B
S21402D4F0EEE700BF6A6C0020E8590020044BFF21CB
S21402D5001A78044802EB42029200EEF741BB00BFD3
S21402D5106A6C0020E8590020F8B504460C4B0D460C
S21402D5201B781046A3420DD90C27022117FB0411C3
S21402D5307C43084E08223144EEF77CFB335B002026
S21402D5402B80F8BD0023136053604FF6FF73F6E797
S21402D5506A6C0020E859002038B504464FF6FD757F
S21402D560FFF704FE0022084B1878084BD1B2884217
S21402D57000D838BD33F80C1C0132A14208BF23F88C
S21402D5800C5C0C33F2E700BF6A6C0020F4590020F2
S21402D59070B505460E460846FFF7DEFF31462846BA
S21402D5A0FFF76CFD29460648FFF786FF00B970BDF7
S21402D5B0044624F80C6B0AF058FE29462046F3E788
S21402D5C0E859002010B5082286B023490446EEF733
S21402D5D02BFE20B906B0BDE8104009F0D7BC0822E1
S21402D5E020461E49EEF720FE20B91D4BB3F8680010
S21402D5F006B010BD0023012221464FF6FF700093AD
S21402D600FFF78AFEFF2806D0164B33F810004FF6B7
S21402D610FB739842ECD903A8FEF7CCFE58B9BDF8C6
S21402D6200C305B0607D5082221460DF10E00EEF7F8
S21402D630FBFD0028DCD021460B48FFF73DFF40B13A
S21402D6404FF6FB724FF6FF730088904288BF18466B
S21402D650CEE74FF6FF70CBE7D06200202E560020B2
S21402D660C4550020A85A0020E859002070B50022B0
S21402D67004464FF6FB7608460A4B1D780A4BD1B293
S21402D6808D4201D8002009E01988B14207D8A1428C
S21402D69005D10822991CEEF7CDFA012070BD0C3395
S21402D6A00132ECE76A6C0020E859002037B50146E3
S21402D6B005460E48FFF700FF044640B1807A294629
S21402D6C00AF059FE80F00100C0B203B030BD034636
S21402D6D00090012229464FF6FF70FFF71DFEFF2835
S21402D6E016BF034B2046185CE9E700BFE859002046
S21402D6F0136200202DE9F341224B04461B780F46A5
S21402D7008342154638D9FEF7EBFDB8BB4FF6FD73DC
S21402D7109D421D4E0ED004EB440326F823504FF6CE
S21402D720FF739D421FD12046FEF7F2FD002002B095
S21402D730BDE8F0810DF10601384609F01AFC4FF6F5
S21402D740FF72BDF806303846934218BF1D460C23BA
S21402D7506343F55206EB0308FFF7A8FFB0FA80F022
S21402D760400988F80A000C2303FB046008223946A5
S21402D7700230EEF75FFAD9E72820D8E740F60540F0
S21402D780D5E700BF6A6C0020E859002038B5044689
S21402D7900D46FFF7BBFC21460448FFF78DFE00B995
S21402D7A038BD857221460C30F7E700BFE8590020E5
S21402D7B00023074A1370074A1370074A118801B1FB
S21402D7C01380064B1A880AB100221A80704700BFDF
S21402D7D00963002008630020E25B0020E05B002073
S21402D7E02DE9F04F3C4C1D46238887B007468846F5
S21402D7F010469DF840605BB952B10BF054F8208099
S21402D8004FF4FA61354807B0BDE8F04F0DF044B862
S21402D810DFF8D890B9F80040002C49D020460CF02A
S21402D8206BFFC0F3470620460CF04AFFDFF8C0A0A5
S21402D8300296BAF80030DFF8BCB00193BBF80030AD
S21402D8400446009300222B46012025490BF0AAF835
S21402D850ADF81600E8B1012504EB4606B4420DD138
S21402D860BDB9BDF81630A3B12A464146384600F087
S21402D8706FF9ABF80050AAF800500AE001232146DF
S21402D8801A460DF11600F6F709FB02340546002883
S21402D890E4D00023134AA9F800301378013BDBB228
S21402D8A01370002BACD107B0BDE8F04FFFF780BF76
S21402D8B00D4C237823B90DF02DF908B901232370F6
S21402D8C0324629460520F7F70DFA0028EBD12070DC
S21402D8D007B0BDE8F08F00BFE25B0020786B002047
S21402D8E0695004000963002008630020E05B002002
S21402D8F07C5B00207E5B002030B5154D87B02C88FF
S21402D9009CB923464FF4A07248F2380103A80AF0E5
S21402D9100EFE21462046FAF7E3FA22460D4B009405
S21402D92003A9FFF75DFF07B030BD204609F09DF959
S21402D93004300DF0E4FA03A9044628880BF099F99E
S21402D9400023009320462A8803A900F0AFFAEAE7EC
S21402D950E25B002000F8FF0737B5002001A9FAF7BE
S21402D960BFFA0D4C014623780C4D7BB10C4B019A45
S21402D9701878FAF7CBFA2078F8F74CFC00232370D5
S21402D9802B700848F6F736FB03B030BD2B78002B19
S21402D990F7D0FFF7B1FFF4E70B630020096300201E
S21402D9A00A630020786B002008B50548F6F732F8BF
S21402D9B00448F6F72FF8BDE808400348F6F72AB8F9
S21402D9C0E25B0020E05B0020DE5B00202DE9F04FEA
S21402D9D089B089460446CDE905239DF84870139E12
S21402D9E030B316F801ABBAF1000F23D00AF1FF34B8
S21402D9F0A400E4B23146012007F044FFC00E1BD15A
S21402DA00DFF838B13146012007F03CFF9BF80050A2
S21402DA1034442279BDB1002F47D180234846CDE950
S21402DA200277CDE900773E4A059900F091F83CE08E
S21402DA308246DFE75446DDE71B28ECD93146012053
S21402DA4007F020FFE7E7DFF8F880FF2A00EA080879
S21402DA500BD14246E379A179607901EB032189B2C1
S21402DA6009B0BDE8F04FFAF751BA2E4909688B079C
S21402DA700AD5FE2A35D101230135EDB2202D4FEA13
S21402DA8043030AD1FF250AE0294628460792FAF7F9
S21402DA9027FA4845BFD1079AEBE79845ECD1224BC7
S21402DAA01B78FF2B04D0AB4204D009B0BDE8F08F40
S21402DAB0FF2DFAD029460020F4F7B2FF0028F4D052
S21402DAC09BF800306479002BEFD1FFF771FE174800
S21402DAD04FF410510CF0E0FE154B8BF800501C7002
S21402DAE0E3E7052A97D8BAF1010F94D8B8F1000FE8
S21402DAF091D0002FD9D17379002BD6D00D49098841
S21402DB0021B9082B28BF08230B490B704346484609
S21402DB101292DDE9051209B0BDE8F04FFFF760BECC
S21402DB206950040044480020A46C0020786B002052
S21402DB300A630020E25B0020096300200B630020DA
S21402DB4000F8FF07014B1880FFF7D6BEE05B002007
S21402DB500CB42DE9F04F8BB014AA0E4652F8041BF3
S21402DB6007460992002940F08F80BDF85400ADF8B0
S21402DB702200002800F0A18033794FF6F778002BB8
S21402DB8040F0868047458CBF4FF009084FF00808E2
S21402DB904C4B1C78FF2C40F08380B6F90230002BE9
S21402DBA0A9BF494B347A1C780134A2BFE4B21C7078
S21402DBB044F08004DFF81CB12246002101F0A2FCEA
S21402DBC09BF80030BDF82200002B6CD0DFF808A1CD
S21402DBD04FF00009BAF8003007930CF08DFD0546A9
S21402DBE0BDF822000CF06CFDEBB2CDE90193FF23E9
S21402DBF0CDE9030900932246334639460798FCF7D7
S21402DC00B5FB4FF6FF7305468BF80090AAF8003076
S21402DC10382D33D13246394640460DF1220307F0FD
S21402DC20F1FD00284BD04FF6F7739F4226D8B6F97F
S21402DC3002307088002B21DA48F204022349244B72
S21402DC404FF00008904214BF8946994609F09EF9A3
S21402DC50494603468A220120CDF800800AF0A2FE39
S21402DC60814658B12246414601F04CFCFF2332461B
S21402DC7039464046CDE90098FCF7DAF928460BB05B
S21402DC80BDE8F04F02B0704701200AF068FE6EE76A
S21402DC90002347458CBF4FF006089846337177E756
S21402DCA0FF221A7086E7CDE900033246FF23394683
S21402DCB04046FCF7BDF90546AAE71925DEE7054604
S21402DCC0DCE700BFA66C00200D6300207A5004003B
S21402DCD06F5004000C630020E45B002070B54FF424
S21402DCE0003300240546164688B0ADF81A100DF12A
S21402DCF00F0204A90593ADF81840ADF81C40049431
S21402DD008DF80F4007F05DFD9DF80F302846019311
S21402DD10049B044A009305A93346FFF719FF08B08F
S21402DD2070BD00BF7350040030B54FF48035002438
S21402DD3087B00395BDF82850CDE900128DF8103053
S21402DD40074A034603A9BDF82C008DF81140ADF82A
S21402DD501250ADF81440FFF7FBFE07B030BD00BF0F
S21402DD607F500400B1F1006F2DE9F04314462CBF3A
S21402DD70392238228BB01D464FF00003ADF81E2024
S21402DD804FF480022CBF4FF001099946FF2C06463D
S21402DD90ADF81C300892ADF824304FEA11471FFA4E
S21402DDA081F80FD109F003FCB9F1000F19D1154A19
S21402DDB0CDE9020543463046CDE9007407A9FFF7D0
S21402DDC0C7FE1AE0FE2C0AD109F0F1FB0130C0B200
S21402DDD009F0F8FBB9F1000F12D00B4A02E0E8B2E4
S21402DDE0F8E70A4ACDE9030501233046CDE9017476
S21402DDF0CDF8008007A9FFF7ABFE0BB0BDE8F083B5
S21402DE00034AD5E7775004007D500400765004009C
S21402DE107E5004004FF498124FF0806310B586B01F
S21402DE20CDE903230023ADF8143009F0AFF8044619
S21402DE30F8F796FA054B01900093054A234603A984
S21402DE404FF6FD70FFF784FE06B010BDD0620020CC
S21402DE508350040008B5064B1B78022B02D0043B05
S21402DE60012B03D8FFF7D6FF002008BD0220FCE7EF
S21402DE704D62002030B500244FF4806587B0CDE9AE
S21402DE8000128DF81030084A034603A94FF6FD70BB
S21402DE908DF811400394ADF81250ADF81440FFF718
S21402DEA057FE07B030BD00BF875004002DE9F04F83
S21402DEB099B00E4605460CA91046CDE90A329DF8E1
S21402DEC088700AF093FABDF83090804648460CF007
S21402DED013FCB6F902300446002BB6F806A0B6F8D4
S21402DEE002B004DA00228D4B1A70002049E0484640
S21402DEF00CF002FC4045F5D3A4EB0804E3B2002F75
S21402DF0018BF4FF4A07A152B099328BF15230024B7
S21402DF10013308F1FF324946DBB292B2009412A8EE
S21402DF200DF0E6F86FEA4B436FEA53437C499DF8DF
S21402DF30482008684968ADF83E300DAB03C3ADF81B
S21402DF404040ADF83C40ADF842A0ADF84420BBF1ED
S21402DF50000F24D10DF14900F6F7C4FCA0B109F078
S21402DF6015F85C4680460DF151060DF149030A9AF2
S21402DF7096F80090012A2CD14FB384F0010404F0E5
S21402DF80010019B0BDE8F08F0DF149000AF03DFB23
S21402DF904FF6FF74011B4C4280464C41E3E7BBF14F
S21402DFA0010F57D1BDF8498008F0F0FF80450AD02E
S21402DFB040460DA90AF02CFB80F00104E4B20DF1F4
S21402DFC04B060DABD3E7574B0DF14B06CFE70A9C3A
S21402DFD0D5E75FB344BBB9F1010F25D830D108F0BD
S21402DFE0D5FF08F0D3FF2246804671784D4B02914A
S21402DFF000210120CDE900814B490AF0D3FCADF89F
S21402E000320088B124BBB9F1010F0CBF0D210C21DF
S21402E0100DF132000AF02EFC024628B92846BDF859
S21402E02032300FA9FFF794FD0120AAE7B9F1010FDC
S21402E03004D1002CD3D081227178D8E7002CFAD1F3
S21402E040B9F1010F94BF002201227178D201CEE706
S21402E0500C21DDE70A9B002B7FF447AF7388342B35
S21402E0604BD1099B092B7FF440AF002F7FF43DAFC5
S21402E0709DF951603A46B41008210DF1490004F0AA
S21402E080200408F011FFA0B1284B1B78012B3FF4A7
S21402E0902CAF274A274BB2F868201B68AA421DD02D
S21402E0A0DA001BD5C8232846234A0FA9FFF750FDDE
S21402E0B01BE70DF14900F6F715FC0028E4D10DF137
S21402E0C049000AF0A2FA4FF6FF739842EAD02146B8
S21402E0D0F9F778FE03460028E4D1E4E75B0201D5AF
S21402E0E0002E08DA00232846134A0FA9FFF730FD50
S21402E0F0124B1C70F9E68D23D5E7099BCDE905A2E4
S21402E10004930DF14903CDE9028331462846CDE951
S21402E11000790B9B0FAA00F03DF8E6E601630020AB
S21402E120E9D80300D06200208B5004004E62002023
S21402E130C455002044480020D3050400A56C0020E6
S21402E140024B187840F08000704700BF0D63002035
S21402E150014B188000207047286C00204FF6FF7194
S21402E160034602881B798A4217BF074901200A80A4
S21402E17041881EBF054A00201180FF2B1EBF044A9D
S21402E18000201370704700BF246C0020226C002011
S21402E1900E6300202DE9F04FA1B09946BDF8AC30D1
S21402E1A02D9F0D939DF8B03004460E93BDF8BC30FB
S21402E1B038460F939DF8C0304E88884615469DF81F
S21402E1C0A8B010930CF09BFE112E824671D808F070
S21402E1D0DDFE504576D0062E10D14FF6FD729245E2
S21402E1E026D0BBF1000F10D100228023CDE900A279
S21402E1F029462046BC4AFFF7ABFC06E0BBF1000FFF
S21402E20003D1032E07D8012E09D80022B74B1A7065
S21402E21021B0BDE8F08F043E022EF6D8E4E7802354
S21402E22029462046B24ACDF800A0FFF791FCECE75B
S21402E230B04B1B785E074CD408F0A8FE00260346B7
S21402E24032460120A84900960AF0ACFB3B79ADF8AD
S21402E25066000F930028DBD0DDE90E320D9803EB43
S21402E26042090CF049FA5FFA89F909F105085FFAE2
S21402E27088F88045CCD241460D9801F02FF91090CF
S21402E28008EB40080D980CF037FA8045C0DADDE955
S21402E2900F321343DBB2002B40F03482BBF1000F87
S21402E2A0B6D1D84642460421BDF8660001F02AF9E6
S21402E2B074E1904A3A2E127812D948F23B039E42F3
S21402E2C007D013E08B4A127850070BD5321F022A6A
S21402E2D008D8B8F8063043F48043A8F8063097E723
S21402E2E01B2E1DD8B21E91B213295FD9109B494628
S21402E2F002930F9B3046CDE900B30E9A234607F0F1
S21402E30067FA0F2884D10122784B1A70794B1B7852
S21402E3109B0740F12783BBF1000F7FF479AFD8E764
S21402E320A6F11C011E29E1D801A050F821F000BF79
S21402E3307BE90200EDE20200EDE2020011E20200D9
S21402E340EDE2020069E7020069E70200EDE2020080
S21402E350EDE20200EDE20200EDE20200EDE2020072
S21402E360EDE20200EDE20200EDE20200EDE2020062
S21402E370EDE20200EDE20200EDE20200EDE2020052
S21402E380EDE202009BE702009BE702004DE9020075
S21402E390EDE20200EDE202006FE90200EDE20200A9
S21402E3A0CBE90200E1E90200EFE90200132A9DD858
S21402E3B001A151F822F000BF09E4020099E402002C
S21402E3C0B7E40200CFE5020039E20200EDE2020005
S21402E3D0EDE20200EDE20200EDE20200EDE20200F2
S21402E3E0EDE20200EDE20200EDE20200EDE20200E2
S21402E3F0EDE20200EDE20200EDE2020013E70200A7
S21402E400EDE20200A7E9020000231A938DF86630B7
S21402E4100DF1660322460E99484600931AAB07F0A2
S21402E420D1F908F0B3FD0646EAF75EFB162894BF5C
S21402E4304FF002094FF02209F7F792FF2E4B0746DC
S21402E440B3F800A0FBF7EAFD2C4B80464FF6FF70B0
S21402E450B3F800B00AF091F8294B9DF866201988A7
S21402E460244B1B7813F002031CBF264B1B780B921F
S21402E4701A9ACDE90701CDE9093240232946CDE9AA
S21402E480019320460023CDE9058BCDE9037A1E4A87
S21402E4900096FFF75DFBBBE608F078FD1B4B1C4AB7
S21402E4A01B88CDE92A0300232946204621B0BDE871
S21402E4B0F04FFFF74DBBBE781AA9731EDBB2EF2BE7
S21402E4C0304627D9F22E25D005F0AEFC822608F07B
S21402E4D05DFD00232946CDE90003034A3346204664
S21402E4E0FFF736FB94E600BF6F500400016300207E
S21402E4F07A5004000E620020286C0020246C002053
S21402E500226C00200E63002091500400266C00202E
S21402E5109E50040005F088FC002856D008F036FD10
S21402E5209DF86C209DF86E100492BDF86A20490092
S21402E5300392BDF86820C9B2CDE901629DF86D204C
S21402E54003465200D2B208320A4400920120002248
S21402E550C6490AF027FA9DF86D30ADF866008DF8C8
S21402E560633000283FF454AE4FF0000801230DF14B
S21402E57063011A460DF16600F5F790FC074600287F
S21402E5807FF446AE9DF86330FAB293420CD89DF8FB
S21402E5906E308DF86330B8F1000F02D0BDF86630E9
S21402E5A036E04FF00108E1E74146304605F03EFC12
S21402E5B00123ADF86400022219A90DF16600F5F7F1
S21402E5C06DFC01370028DDD022E683267FE708F0BF
S21402E5D0DDFC064605F049FC334600900022012089
S21402E5E0A3490AF0DFF900283FF412AE00273E46A0
S21402E5F0ADF8680005F039FC5FFA87F840450DD89B
S21402E60032460421BDF8680000F07CFFBDF8683091
S21402E610002229462046FFF79BFAF9E5404605F018
S21402E62001FCFF288DF866000BD0012301361A463E
S21402E6300DF166011AA8F6B2F5F730FC00287FF451
S21402E640E7AD0137D6E75046B7F8029005F0EAFB89
S21402E650FF288DF8640000F0E2811AA905F0E4FBB9
S21402E660BDF868304B4507D04FF6FF72914540F033
S21402E670D681190400F1D3819DF86D3012930E9B5A
S21402E6800533DBB213930F9B149300234FF000095C
S21402E69011934B4613E017934900139BC9B21944D2
S21402E6A00D9889B20AF021F94FF0000A179B1590CF
S21402E6B012995FFA8AF28A4216D309F10109149A6C
S21402E6C05FFA89F19142E6D39DF86E201292169A6D
S21402E6D01392002B40F09581119B002B40F09F81F6
S21402E6E0109B14930123D1E711999DF864001793A8
S21402E6F005F09CFB159A179B0AF1010A824208BF95
S21402E7000123D5E709F106095FFA89F3B0461693A5
S21402E71086E1BD1C29465046BC7A06F0DCFB012287
S21402E7202946504609F0D8F8504609F03AFF2846DE
S21402E73009F06BFF3A88824207D04FF6FF7290428A
S21402E74003D00CF0CAFC09F04CFF84F00804C4F3B2
S21402E750C00421462846FFF719F82146284621B06C
S21402E760BDE8F04F07F05DB8BBF1000F7FF450AD87
S21402E77012073FF5AEAD33463A462946204601F02B
S21402E7808FF900287FF444AD842329462046394A6F
S21402E79021B0BDE8F04FFFF7DBB90F9897F800807D
S21402E7A009F0A7FC00210746204601F0E3FC312EC3
S21402E7B0A7EB0007FFB240F0D5804FF0000A012019
S21402E7C053465246CDE9008A2B490AF0EBF8ADF8DB
S21402E7D0660000283FF41CAD162251461AA8EDF733
S21402E7E0D7F91AA808F05BFE4FF0FF33DFF894B0B3
S21402E7F0CDE91C339BF80090B9F1000F02D14FF01F
S21402E800010A55E01D4E33796F2B02D90026324697
S21402E81025E050461CA9F6F73DFF0028F6D0184B17
S21402E820B6F80090B3F86830B9F1000F2CD1003B6F
S21402E83018BF01235B0143F004038DF87A300223EC
S21402E8408DF87B3073881B0A49461EA88DF87D30EA
S21402E8500CF057FBB8F1000F65D00026012202210A
S21402E860BDF8660000F04EFE32461CE5A2500400DB
S21402E8706F500400D3050400AA500400405B002039
S21402E880C455002047620020B3EB090318BF0123DA
S21402E8905B0143F005038DF87A3002238DF87B3056
S21402E8A00F238DF87C30CDE70AF1010A5FFA8AFA67
S21402E8B00AF1FF36F6B230460CF015FCC307F3D564
S21402E8C09BF8003019EB030F04D009F101095FFA37
S21402E8D089F9E9E7584B1CA918783044C0B2F6F714
S21402E8E0D9FE002892D0304609F08CFE814630468A
S21402E8F00CF0F9FBC0070FD416238DF87A304F4B75
S21402E9001B780133DBB20F2B28BF0F238DF87C3028
S21402E9104B4B33F8163096E730460CF0E4FB810793
S21402E920EAD41223E9E7BDF866000BF0E5FE1630DE
S21402E930B84292DC012316221AA90DF16600F5F7F9
S21402E940ADFA00287FF464AC012660E712073FF5B3
S21402E950C0AC3B46224629460F9801F0F9F800283B
S21402E9607FF456ACBBF1000F7FF452AC0CE7BBF160
S21402E970000F7FF44DAC802307E708F007FB5045F5
S21402E9807FF446ACB81CF5F7ADFF00283FF440AC68
S21402E99008F0FCFA064608F0F9FA2A4B2A4ACDE9AC
S21402E9A02A03334680E538460CF0A9FA09F0E5FD5D
S21402E9B000283FF42DAC2A90002329462046234AFD
S21402E9C021B0BDE8F04FFFF7C3B84B462A462146B2
S21402E9D00020CDE92AB721B0BDE8F04FFEF7F6BF1A
S21402E9E04B462A4621460120CDE92AB7F3E75B4685
S21402E9F04A46294620462A9721B0BDE8F04F06F03F
S21402EA0015BF012319A91A460DF16600F5F746FA55
S21402EA1000287FF4FDAB08F101085FFA88F801369A
S21402EA2005F023FA5FFA86FA50453FF60CAEB8F1C7
S21402EA30000F3FF433AC35E4706C0020F662002021
S21402EA40725B0020D0620020AF5004007A500400AF
S21402EA50F8B5164B04461D88154B20F8025B19685C
S21402EA6079B10822EDF7E6F8124B0C201B78124E0D
S21402EA70A372124B19780023DAB2914205D8FF220C
S21402EA8009E0C4F802104160EEE7013300FB03F729
S21402EA90F75BAF42F0D10A4BE2721B782373094B45
S21402EAA01B786373084B1B682361F8BDF25B00207A
S21402EAB0E05600200F630020DC5900206A6C00201C
S21402EAC0F3620020F2620020CC560020F0B589B036
S21402EAD006460C4615460AF0BBF80DF10A02014638
S21402EAE0304609F06CFF144F0346F0B901223A7023
S21402EAF02288BDF80A102AB102460090072004F0C8
S21402EB0078F990B103A8FFF7A3FFBDF80A000BF04F
S21402EB10F3FD0646BDF80A000BF0D2FD2146009032
S21402EB20F3B2284603AA06F000FA0023034A3B7013
S21402EB30136009B0F0BD00BF10630020E05600204D
S21402EB40142230B58BB005460DEB02011548DEF7F0
S21402EB5067FC10BBBDF81430DA0720D413F0060F9A
S21402EB60C3F3410208BFC3F341220F4B0DF1160156
S21402EB709C5C68462246EDF79BF9BDF8263004F108
S21402EB8028026A4402F8283C02341B0A02F8273C90
S21402EB9069462A46E0B209F090F80BB030BD232051
S21402EBA0FBE700BF703214E08F9D040010B58AB0F8
S21402EBB0ADF826200022CDE9052204920CAA029284
S21402EBC04FF6FF720446AC2101200192064A0390DA
S21402EBD004FB0122603200924CF620010DF126025F
S21402EBE009F01FFD0AB010BDC455002010B54FF63F
S21402EBF0FF741E4A8AB0B2F86800B2F85E10A042ED
S21402EC00ADF82600B2F85C304FF6FD70ADF8241071
S21402EC1018D081424FF0000094BF48F660014CF6CF
S21402EC206001CDE90500CDE90300CDE9010094BFFE
S21402EC3009AA603200920DF12602042009F0F1FCC6
S21402EC400AB010BD81424FF000008CBF603209AAA4
S21402EC5000928CBF4CF6604148F66041CDE9050053
S21402EC60CDE90300CDE90100014AE6E7C4550020DC
S21402EC702E56002000B50E4B0022B3F85E308BB045
S21402EC80ADF824304FF6FF73CDE90522CDE9032215
S21402EC90CDE9012209AA00924FF400610DF1260285
S21402ECA00720ADF8263009F0BCFC0BB05DF804FB7B
S21402ECB0C4550020202A10B5144614D8012A04D1BF
S21402ECC00C88B4F5004418BF0124620030B107482E
S21402ECD0ECF7B0FF064B00201C7010BD0548ECF7A1
S21402ECE0A9FF054BF7E72120F7E700BFF45B0020FA
S21402ECF011630020345C0020126300202DE9F047E7
S21402ED00104617460CF0FBF8DFF814A1DFF8149152
S21402ED109AF8003099F800200546134302D10020E5
S21402ED20BDE8F08710F4406800F0400619D186BBB3
S21402ED30B0F5804F5CD24FF4807400239AF800003E
S21402ED40344AD9B288425DD8002399F80000324A84
S21402ED50D9B28842E3D932F8021B0133A142F7D175
S21402ED6055E0F81C0CF0CBF84FF6FF73984214BF30
S21402ED700124022486B1052605F44043B3F5004F6C
S21402ED8044F0080424D0B5F5804F23D244F48074AE
S21402ED9020E044460326EFE7B5F5804F4FF0050620
S21402EDA0F4D3B8F5406F14BF02200820304438442C
S21402EDB00CF0A5F8194B05F44045B3F85C308342D5
S21402EDC00CBF44F0080444F00404B5F5004F01D12A
S21402EDD044F08004B8F5006F0ED1B8190CF08FF825
S21402EDE00E4BB3F85E308342A7D144F01004A4E77A
S21402EDF0444603260220D9E7B8F5406F08BF44F020
S21402EE0020049AE732F8021B0133A14299D101206D
S21402EE1086E700BF345C0020F45B0020C455002067
S21402EE2012630020116300202DE9F04F104685B0D2
S21402EE30164698460CF063F85D4F00F00803B7F8E4
S21402EE405C10044600F00709F01C02930391B7F821
S21402EE505EB00CF054F806F1050A054650460CF072
S21402EE604EF803464FF6FF70854218D00399A1EB81
S21402EE70050CDCF1000545EB0C056D004FF6FF7145
S21402EE808B420ED145F004050BF044FE029B6BB19B
S21402EE90B9F1000F11D0422005B0BDE8F08F012570
S21402EEA0ECE79B4508BF45F00805EDE7B9F1030F0F
S21402EEB0F1D8DFE809F0021B795D0BF02BFE08B9EA
S21402EEC0A807E8D524F00804A4B2B4F5004F05D08C
S21402EED0B4F5624F02D0B4F5404FDCD10025294686
S21402EEE097F8A820002007F09EFE3CE0D7F8803076
S21402EEF0E3B9002132460846FFF700FFD8B948F6C4
S21402EF00410224F038039BB29342C4D10A2D49D061
S21402EF10062DC0D197F87730023B012BBBD8F3F70A
S21402EF2045FD0028B7D140F6040505E041463046C7
S21402EF3098470028DDD00825E20648BF45F0800540
S21402EF40A30648BF45F4805505F00C03042BC6D132
S21402EF50F01D0BF0D4FF97F8A830324600934146D6
S21402EF602B4607F035FE08B30E9B1880002093E769
S21402EF70A90705D14FF6FF73B7F85C209A428AD1EB
S21402EF8004F44063B3F5006F0AD0B3F5406F82D144
S21402EF90082250460749EDF747F900287FF47BAF71
S21402EFA00C25C9E70425C7E7432075E7192073E750
S21402EFB0C455002024560020034B1A781AB1FF2AA3
S21402EFC004BF00221A7070471463002070B5084C04
S21402EFD0084E2378F55C1DB13E2107480BF0B1FEC2
S21402EFE0FF2223782846F2540023237070BD00BF08
S21402EFF01363002014630020B3500400034B044A3A
S21402F0001B78D05CFF3818BF0120704713630020BE
S21402F010146300200023074A07491360074A136057
S21402F020074A1360074A11600121074A1170074A0E
S21402F03013607047F0560020AD870300EC560020A0
S21402F040E8560020986B0020A76C0020F856002097
S21402F0500E2A70B50C4606461546194603D9FFF722
S21402F060D9FF502070BD012807D10020F3F7B8FC65
S21402F070B0B1FFF7CFFF2120F4E780220021224B18
S21402F0801A70224B1960224B1B684BB134200BF0CE
S21402F0908BFB204B188018B9FFF7BCFF0120E1E775
S21402F0A024F0FF6323F4FF231BB1FFF7B3FF4F20C7
S21402F0B0D8E774B92046F3F7ADFC0124032510F017
S21402F0C0800F43B21BBF00F01F039C409C4044F0DD
S21402F0D078440020104B24F078441E700F4B1049E1
S21402F0E01D70104B1C60104B1870104B1A68F4F70A
S21402F0F01FF818B1FFF78EFF0420B3E79DF8102023
S21402F1000B4B1A70AEE700BF15630020F4560020C2
S21402F110E8560020745C00201A6300201863002062
S21402F12015F40200F856002019630020F05600205D
S21402F130166300207FB5244B00251A780123234846
S21402F140234903FA02F200781A440A60ADF80E5018
S21402F15020B3984236D11F4C1F4B20781B680DF106
S21402F1600E0198471D4EBDF80E20307092B11C4B12
S21402F17029460093284602230195F4F713F83278BD
S21402F180237822B1012A12BF1B230133DBB223707C
S21402F19004B070BD013818BF0120F0E778235A4347
S21402F1A0013A0A6008220F490BF044FA0B49094A51
S21402F1B00978137821B1012912BF1B230133DBB270
S21402F1C01370E5E71846E3E7186300201A63002089
S21402F1D0FC56002019630020986B0020A76C0020C4
S21402F1E051F40200A1AA0300024B1868003818BFA7
S21402F1F001207047E856002037B505461C460BF03E
S21402F20089FC68B974B1084B1A60084B0A461C6040
S21402F2100123294600930323FFF71AFF03B030BDEC
S21402F2204D20FBE72520F9E7E4560020EC560020A7
S21402F23013B504460BF06EFC58B962B1074B1A6060
S21402F24001230A46009321460323FFF701FF02B07B
S21402F25010BD4D20FBE72520F9E700BFE856002049
S21402F2602DE9F0410446DDE906861D469DF820702C
S21402F2700BF050FC88B99EB1A2B10B4B01201A606C
S21402F2800A4B0A46C3F80080094B21461E602B46ED
S21402F2900697BDE8F041FFF7DBBE4D20BDE8F081E2
S21402F2A02520FBE72120F9E7986B0020F056002086
S21402F2B0EC5600200148F4F7ADBB00BF745C00209A
S21402F2C02DE9F0410020F3F7A1FE114B114C1E6808
S21402F2D0114B20881D68114B114FD3F8008010B1D6
S21402F2E03978F4F771FD00203870FFF793FEF4F7D3
S21402F2F0ABF90EB14046B0473DB12088A84700237F
S21402F3002380BDE8F0410BF097BDBDE8F08100BF59
S21402F310EC560020745C0020E8560020F8560020C8
S21402F3201B630020F8B52F48F4F764FE2E4B1878BE
S21402F33030BBF3F76FFB2D4F06463B6803B32C4BEF
S21402F3402C4D1C6824B195F900301A461946A04780
S21402F350294B1B6883B1294C2378312B0CD8284BB8
S21402F36018880BF0ADF923785A1C22702A78C254FA
S21402F37023785A1C2270C65480232B7000233B60CD
S21402F380204C23781A2B22D81F4A1278012A09D138
S21402F39000211E4A156825FA03F0C007DAB20ED518
S21402F3A001B122700020F3F735FB2178884212D192
S21402F3B00022174B1A70FFF7BDFE40B9F8BD0133A5
S21402F3C0D8B21A284FF00101E5D90A442270BDE8E6
S21402F3D0F840FFF775BF0020F3F72EFB0028E7D0B2
S21402F3E0F5E700BF9C6B00201A630020F45600204D
S21402F3F0E456002015630020E85600201B63002018
S21402F400745C002019630020A76C0020F8560020C8
S21402F4101763002008B50B4B187880B90221F3F762
S21402F420CDFA094B1B782BB100214FF6FF72084626
S21402F430F3F7A6FABDE808400448FFF773BF0021B9
S21402F4400846ECE71A630020166300209C6B002037
S21402F45038B5144B0C461D78012D21D181B90846CA
S21402F460F3F7D8FA104A05FA00F013680F4923EAB0
S21402F4700003136020462A46BDE838400BF0DAB88F
S21402F4800B4A13780133DBB2022B137004D9BDE8A2
S21402F49038400848FFF746BFFFF74CFE0028F6D173
S21402F4A038BD00BF1A630020F8560020A1AA030048
S21402F4B0176300209C6B002038B50C4605460BF0FF
S21402F4C01BF9A04203D82D2103480BF03AFC28462C
S21402F4D00BF0F6F8204438BDC750040070B5064657
S21402F4E00D460BF0EDF8044648B130460BF004F931
S21402F4F0A84203D8352102480BF023FC605D70BD9C
S21402F500C750040070B50C46064615460BF0F4F8D4
S21402F510A04203D83E2104480BF013FC30460BF001
S21402F520CFF800B1055570BDC75004002DE9F04371
S21402F5308FB007460C4615461E469DF85880F8F7CB
S21402F54055F920B1F4F796FE08B144F400544D4B39
S21402F5501B7813B924F40074A4B2200509D546B961
S21402F560284604A9F5F750F9002846D024F400648A
S21402F570A4B2ADF81840ADF81A5007F007FD424B9A
S21402F580ADF81C00B8F1000F02D01A78424501D23D
S21402F59093F800803D4AE105137848BF0DF121013A
S21402F5A003F10103DBB2137058BF08A922058DF8D8
S21402F5B01E808DF81F3006D53368083141F8083CA6
S21402F5C0736841F8043CE30407D5314A08311368EE
S21402F5D041F8083C536841F8043C0DF11808A1EBC9
S21402F5E008005FFA80F9002148460BF0DDF806466F
S21402F5F028B900200FB0BDE8F08304AEB9E70BF0DF
S21402F6005FF841464A46ECF753FC30460BF074F876
S21402F610804630460BF054F80023024600934FF61D
S21402F620FF7004235FFA88F107F0D2FAADF80E00F5
S21402F6300028DED040F201131C421AD14FF6F773AF
S21402F6409D4216D80BF058F80DF10E0104462846D6
S21402F65000F090FDBDF80E000BF04EF8E4B2A042AA
S21402F66007D9BDF80E0007F000FB437843F0040309
S21402F6704370BDF80E003A4601210BF06DF8BDF856
S21402F6800E00B7E749620020646C00204B6200203F
S21402F690D0620020F0B50829D58889B028D00C2978
S21402F6A026D0AE0424D405F040030B43424C267801
S21402F6B016B105F0200423432FB2002FB8BF43F043
S21402F6C08003032920D11223AC068DF80430937AE6
S21402F6D010D48DF805300DF1060401A9621A012333
S21402F6E092B2F4F7DBFBB0FA80F0400909B0F0BD45
S21402F6F00B46DBE732228DF805308DF80420002E0B
S21402F700E9D00DF11304E8E70C298DF804300ABF9E
S21402F710138953798DF80530548805BF1B0A8DF876
S21402F72006308DF805300DF1070318BF0DF10603FC
S21402F7301C70240A5C70148802399C70240ADC70DF
S21402F740147901291C7111D8917A002F597131DA76
S21402F750022112899971DA71120A03F109041A72E6
S21402F760002EBAD0AB06B8D50534B6E7A9071AD428
S21402F770002F0CDA117A51B1917A59711189127AE5
S21402F78003F1080492B102229A71D971E8E70B4C90
S21402F790217801F1010C84F800C091729C1D002FA3
S21402F7A05971DDDAEAE7917A9C1DF8E70122090A27
S21402F7B09A71EAE79C1DD3E7496200204A6200205C
S21402F7C0014B1880704700BF765C0020014B1888FA
S21402F7D0704700BF765C00202DE9F84307460BF021
S21402F7E0A9FA05461B480BF01CFC1B4B60B31C68B1
S21402F7F03C1B2C44A4B20022184BDFF868901B78FE
S21402F800174D03EB830399F8006005EB43055FFA97
S21402F81082F846450AD9AB8805F10A00A34216D9F2
S21402F8200A23B21A29465A43ECF704FA013689F833
S21402F8300060AC80B8F1000F03D1394605480BF0E2
S21402F8402BF82846BDE8F8833C461D60D3E70546FC
S21402F8500132DCE7BC6B0020005700201C6300204E
S21402F8600E5B00201D6300201FB5154A154C137849
S21402F870013BDBB213706168206801AA03C22189CA
S21402F8801180114A1278D21805D00A2320465A430C
S21402F890E118ECF7CFF99DF806301B070DD0BDF83E
S21402F8A00C00FFF799FF03468288ADF8082001AAEC
S21402F8B003CA1288186059601A8104B010BD00BFCE
S21402F8C01C6300200E5B00201D630020002108B58B
S21402F8D0084B09481970094B1970094B1A7802EB44
S21402F8E082025200ECF754F9BDE808400548F4F7E6
S21402F8F081BB00BF1D6300200E5B00201C6300203E
S21402F9006E6C0020BC6B0020F8B50024084D094F31
S21402F910094E3B783178E2B20B449A4204F1010474
S21402F92000DBF8BD2846F4F775F80A35F1E700BFA4
S21402F9300E5B00201D6300201C63002010B5064CE1
S21402F940207828B1054807F0BCFE10B1034B188892
S21402F95010BDFFF789FFF3E71C6300200E5B002053
S21402F96008B50A4A0346107860B1094A10889842D8
S21402F97009D121B99378103323F00F039370FFF760
S21402F98073FF012008BD0020FCE700BF1C630020B7
S21402F9900E5B00202DE9F74F00260BF0CBF9DFF8BF
S21402F9A0F890B24699F80070B3463A46DFF8EC8013
S21402F9B01FFA80FEB8F800C0344CAEEB0C039BB2C4
S21402F9C001932378324D009303EB830305EB430345
S21402F9D0ACEB0E0C5FFA86FEBE4515D3BAF1000FED
S21402F9E001D0009B2370BA422AD3002F37D00A22B6
S21402F9F02378C8F8000002FB03532648998803B010
S21402FA00BDE8F04F0AF048BFB3F804E001998E450E
S21402FA1012D84FF0010A009993F802E001310EF174
S21402FA20FF3EC9B2013AA3F804B083F802E000919F
S21402FA30D2B20A330136CDE7E644A3F804E0F8E78B
S21402FA4089F800204AB10A222378C8F8000002FB8F
S21402FA500353104899880AF01FFF237813B903B09E
S21402FA60BDE8F08FFFF76AFF06460028F5D007F0DC
S21402FA7030F80146304607F021FE20B100212888E2
S21402FA80FFF76EFFE9E740F60241F8E71C63002045
S21402FA900E5B0020BC6B00201D6300200057002078
S21402FAA02DE9F04192F808801F4608F1FF33DBB2D9
S21402FAB0EF2B05460E46144688B00BD982238DF8E6
S21402FAC00E30314628469DF80E30204AFEF740F8A2
S21402FAD0012037E00E22002104A8ECF759F8B4F80A
S21402FAE009308DF81180ADF81230E37A03F07F0208
S21402FAF0032A08D0012B24D103238DF81030A389C2
S21402FB00ADF815300EE0032B14BF022301238DF847
S21402FB101030E368CDF815302369CDF81930237D0F
S21402FB208DF81430A7F121014A420DF10E034A4125
S21402FB30009321460DF10F0304A8FDF737FC0028B9
S21402FB40BFD1002008B0BDE8F08100BFD305040095
S21402FB502DE9F04F00241D7895B0CDE902010492FC
S21402FB60234622460120CDE90054404908F01AFFF8
S21402FB70ADF81E00F8B1A346264627460DF1200929
S21402FB800DF1380AE8F7A4FF5FFA84F8404516D864
S21402FB903A460221BDF81E00FFF7B4FC32460421A5
S21402FBA0BDF81E00FFF7AEFCDDE903100022BDF82B
S21402FBB01E30FDF7CDFF012015B0BDE8F08F4A4696
S21402FBC040460AA9FDF7E4FB9DF8282022B12DB194
S21402FBD0013DEDB20137FFB20134D3E7BBF1000FAE
S21402FBE0F8D199E803009DF829308AE803008DF8D9
S21402FBF04030BDF82A30032A8DF841304FEA1323ED
S21402FC008DF8423017BF032301238DF843309DF849
S21402FC102C30DDF83110DDF82D0014BF8DF84C3095
S21402FC208DF8433011AB03C302980CBF4FF00E0899
S21402FC304FF0150808F05DFA0590BDF81E000AF0B0
S21402FC405BFD059900EB080399420BDB0123424654
S21402FC5051460DF11E00F4F721F90028ABD101360A
S21402FC60F6B2B7E74FF0010BB4E700BFAA500400A4
S21402FC7038B505460D4B0E481C88F4F7A7F9012D3A
S21402FC800CD10C4B1C88FA21614358B1884209D228
S21402FC908408012C204638BF012038BD022D08BF3B
S21402FCA00224F0E702480AF0F7FDF2E70A5B0020BA
S21402FCB030470020085B0020012208B5054B0648A5
S21402FCC01A7000210AF0E8FDBDE808400020FFF7A0
S21402FCD0CFBF00BF34620020304700201E4B73B5F2
S21402FCE01A8802F108039BB2012B02D81B4B1B7821
S21402FCF023B902B0BDE87040F4F77CB90024184B73
S21402FD00184D1C70184B1C702B787BB14FF6FC7389
S21402FD10164E0093224623462146308808F00FFCF2
S21402FD204FF6FD732C70338001200FE0104B104607
S21402FD30197807F0C1FC0028F6D10C4B1A884FF64A
S21402FD40FD739A42F0D0012302202B7002B0BDE868
S21402FD507040FFF78DBF00BF0C5B002034620020AE
S21402FD60376200203562002036620020065B0020E3
S21402FD7038620020012808B50AD002280CD020B923
S21402FD80084B18700848F4F735F94FF0FF3008BDF5
S21402FD90BDE80840FFF790BF0020BDE80840FFF727
S21402FDA067BF00BF346200203047002002280CD80C
S21402FDB059B1064A13780133DBB21370044A12783B
S21402FDC09A4202D80220FFF7D5BF7047366200205B
S21402FDD03962002038B5A0F61343012B04460D46BF
S21402FDE015D80E4A13780133DBB213700C4A127818
S21402FDF09A420CD84FF6FD720A4B0020198891429F
S21402FE0001BF00221D80084B1A70FFF731FF2946FA
S21402FE102046BDE8384005F08CB800BF37620020A7
S21402FE203A620020065B00203562002000234FF66F
S21402FE30FD71054A1370054A1370054A1180054A7A
S21402FE401370054A1370704737620020366200202E
S21402FE50065B0020356200203462002030B5094B74
S21402FE6002461B7833B1084B084C19780023D8B2E7
S21402FE70884201D3FF2004E0013334F82350954230
S21402FE80F5D130BD6D6C00203C620020E65A0020A1
S21402FE900022FF21044B05481A70054B1970054BCA
S21402FEA01A789200EBF774BE3C620020EA5A0020F1
S21402FEB03B6200206D6C0020F7B58DF807100DF13F
S21402FEC00701044603F001F8234B1D78002D41D0AC
S21402FED02046FFF7C3FF214EFF283178204B05D17D
S21402FEE0204A107885422DD9451C1570884219D0B3
S21402FEF01C4A1B4D92F800C00022D7B2BC450CD952
S21402FF002F4697F803E00132864505F10405F4D141
S21402FF1002B203EB8202D278FA7002B203EB8202DA
S21402FF20D170307002B203EB820123F82240FF2226
S21402FF308A709DF80720FF2A02D003EB820398708E
S21402FF4003B0F0BD0A46104603EB8202D278FF2ABF
S21402FF50F9D1CBE7FF20F3E76D6C00203B6200206F
S21402FF60EA5A00203C6200202DE9F843FFF776FFAC
S21402FF70FF28044669D04FF6FF72354F03B2DFF80A
S21402FF80DC80344E27F8232098F80050A54202D190
S21402FF900020BDE8F883337820B28100A34207EB45
S21402FFA0800090F803E010D00023294A5FFA83F914
S21402FFB04D45944606D99CF803900133A14502F1BB
S21402FFC00402F3D18CF803E001E086F800E0013D7C
S21402FFD0EDB22A1BD2B2043192003944EBF72AFE64
S21402FFE088F800503378FF2B04D0A34224BF03F1D5
S21402FFF0FF33337000214FF6FF70154BCAB2AA4288
S2140300000CD300234FF6FF71134ADCB2AC42BBD2CB
S214030010013332F823008842F7D1B5E79A78A24233
S2140300200BD11880DA78FF2A04D0A24224BF02F14B
S214030030FF32DA7001310433E0E7FF2AF2D0A2423E
S21403004024BF02F1FF329A70ECE72D20A1E700BF30
S214030050EA5A00203B620020E65A00203C62002059
S214030060F8B51C4B05461B78084673B3FFF7F6FE38
S214030070FF28044629D02846FFF7F0FEFF2806D0BF
S214030080154B164E1A780023D9B2914218D3FF2186
S2140300902846FFF711FFFF28014616D00546104FE6
S2140300A023B207EB830237F823009678FFF704FFA3
S2140300B0A84208BFFF25FF2E214608D12846F8BDD3
S2140300C0013316F823108142DED1FF25F6E73446C6
S2140300D0E6E700BF6D6C00203C620020E85A002073
S2140300E0EA5A00202DE9F04180460E461F460023BB
S2140300F086B001A814469DF830508DF80330FEF7FD
S214030100A7FCADF804802EB13368CDF806307368CB
S214030110CDF80A3038460AF0D3FA0DF10303421934
S214030120214601A804F011FF9DF8033093B9314628
S2140301304046E8F7C1FE0E4B1B785BB10B2C09D883
S214030140FF214046FFF7B8FE064605EB4404E4B23B
S214030150A54202D106B0BDE8F0812946384608F02C
S214030160C4FB3146FFF7A8FE02350646EDB2EFE7BD
S2140301706D6C002000232DE9F3470DF107028DF87F
S214030180073004460E4602F08BFE9DF80730054600
S21403019063B92046FFF762FE04465EB130880AF074
S2140301A0ABFA5FFA80F8FF2C45D10025284602B04B
S2140301B0BDE8F087B046F6E701320C2AF5D02DB23B
S2140301C007EB8505AD78FF2DF6D112F0FF0AECD0CC
S2140301D04FEA4A050235EDB2002EE7D0304605EB6E
S2140301E0080108F047FB0028DFD152464146308815
S2140301F0FFF788F90AF1FF3208F1010108F1020955
S2140302003088D2B2C9B25FFA89F9FFF77BF924B214
S21403021007EB8404A478FF2CC8D023B2494637F8EA
S2140302202320308808F071FB0028BED109F10209AB
S2140302305FFA89F9EBE725460022014FBFE700BFC7
S214030240EA5A002008B5D5F7A5FDD5F749F900F019
S21403025053FAD6F7D1FDBDE80840D4F777BD10B5FD
S214030260044601880120D5F753FEE3880BB9C8235B
S214030270E38010BD37B50446D5F758FE658885423A
S2140302800ED8A188E288814205D3431B5343491BFA
S214030290B3FBF1F39AB280B240EA024003B030BD3A
S2140302A00022F8E770B50C46088800F04BF994F87E
S2140302B04430054683420FD004F11C06304600F056
S2140302C085F984F8445000F085F9618BA0643046C4
S2140302D0BDE8704000F075B970BD38B5044690F8B7
S2140302E044108378826CCB1A59425941D4F798FD4F
S2140302F0E37893B1257985B900F06CF90346A268D3
S214030300218A04F11C009C1A8C4236BF52182946D7
S214030310D11ABDE8384000F054B938BD09B100F031
S214030320FDB800F005B938B58388044603B3E3780F
S2140303300088A17804F10C05A3B10023B1FA81F17A
S214030340E3704909FFF7EAFF4FF6FF72A388218996
S21403035093421CBF03F1FF33A3802846BDE8384011
S21403036000F02FB90123E370FFF7D8FFE188F4E725
S21403037038BD10B5044681780088FFF7CFFF012308
S214030380E3700023A38010BD10B581780446B1FA4C
S21403039081F100884909FFF7C1FF0023E370A380BA
S2140303A010BDFFF7F1BF70B50446054600262B4681
S2140303B055F8040B10B11B1B0C2B00DD70BD237C02
S2140303C08680002BF3D0637C13B1FFF7D2FFEEE7F2
S2140303D0FFF7DAFFEBE7FFF7E6BF70B5044605461F
S2140303E04FF6FF762B4655F8040B10B11B1B0C2B50
S2140303F000DD70BD8388B342F4D04FF4FA724FF633
S214030400FF731146D4F760FDECE709B100F086B838
S21403041000F08EB810B50446C0600830D5F7EAFE83
S21403042021792088B1FA81F14909FFF7EEFFA37914
S21403043043B121796088B1FA81F1BDE810404909DA
S214030440FFF7E3BF10BD00F0B2B80346184613F833
S214030450012B8A4201D0002AF8D1704710B53B2100
S21403046004460068FFF7F1FF0022034603F8012B5A
S2140304702068236010BD10B540B1421E0A24002038
S21403048012F8013F303BD9B2092900D910BD04FB4D
S2140304900030F5E708B500F087F808B540F2BA4231
S2140304A000211020D5F7B2FC41F2E823584340F66A
S2140304B0FF7300F2FF70B0FBF3F080B208BD50F894
S2140304C00C3C23B150F8041C30F80E0C1847704748
S2140304D0084619B1FF21103002F009BC704773B506
S2140304E005460E466DBA1446D5F7BAFDADF8045068
S2140304F07EB1012C04D0032C09D00022012101E097
S2140305002246022101A8D7F78BFF02B070BD002256
S214030510F7E7042132460DEB0100F4E707B540BACE
S214030520ADF8040001A8D7F7AFFF03B05DF804FBEE
S21403053007B540BAADF8040001A8D7F7D1FF03B05A
S2140305405DF804FB002307B540BAADF804000DF1CF
S214030550030101A88DF80330D7F7EEFF9DF80300DB
S21403056003B05DF804FB007800F0DF03552B07D0DB
S214030570642807D0663818BF4FF0FF30C0B2704704
S21403058001207047032070474FF0FF3070477047D5
S2140305900020704770477047704718B12D280CBF6E
S2140305A0012002207047704708B501F092FF08B596
S2140305B000F083F8BDE8084004F095BC50E902302B
S2140305C018470A460830FF2102F088BBFF2108308F
S2140305D002F095BB08B50AF00CFCBDE8084009F02C
S2140305E023B913B500240DF107008DF8074003F077
S2140305F02CFC40B99DF80700033803288CBF002065
S214030600012002B010BD2046FBE72DE9F041044669
S21403061000274FF00C0E8F4202DB0020BDE8F0816E
S2140306202078904204D1002594F80780454502DBE4
S21403063001370C34EFE70EFB05F6D4F808C00CEBD5
S21403064006003CF806609E42E8D00135EEE7F0B5BA
S21403065085B005460E461746D5F722FE0446A0B1DA
S21403066031462846D5F7D4FD83783A46002BA3684F
S21403067031460293A378284601934FF00003009374
S2140306800CBF80234023E4F7B3FE05B0F0BD08B5E6
S2140306901288D5F705FE50B10279BDF80C309A42A0
S2140306A007D881680298EBF7C5FA002008BD8620B4
S2140306B0FCE78920FAE7D5F7F7BE002004F08FBCE5
S2140306C008B504F0F4FC002814BF0320002008BD7E
S2140306D010B50446FFF785FF20B12046BDE810405D
S2140306E0DFF7CCBD10BD08B5FFF77BFF18B1BDE83B
S2140306F00840DFF7B5BD08BD704708B502F0D3F96B
S214030700FFF7A0FDD5F73CFF6420DFF7C7FD6420A5
S214030710DFF7B4FD02F0C9F9D4F746FB08F0DEFCB8
S214030720F8E7F8B5D0E90176437B04460D4613B1E6
S21403073033463E461F46FFF74DFF012D20643846DD
S2140307400ED1D4F737FD3046D4F758FD25736078BD
S2140307504FF47F42BDE8F8404FF48171FFF777BF4F
S214030760022D05D1D4F74AFD3046D4F723FDEDE735
S214030770D4F744FD3046D4F741FD0025E6E738B507
S214030780037B04468B420D4607D190F844305BB397
S214030790BDE838404830FFF719BFFFF71BFF216C51
S2140307A0431AC72B0CD80123C83184F8455084F864
S2140307B04430091A04F14800BDE83840FFF701BF8A
S2140307C00DB1237B2BB929462046BDE83840FFF7F9
S2140307D0A8BF00212046FFF7A4FF0123C82184F801
S2140307E0455084F84430E5E738BD90F84510FFF7E8
S2140307F0C6BF0121FFF7C3BF0221FFF7C0BF002119
S214030800FFF7BDBF4FF60173994210B5044602D1F8
S2140308100021FFF7B4FF2046BDE81040D6F77EB8A8
S214030820032910B504462BD0007B30B9012903D029
S21403083002290CBF0120FF2010BD032A07D8DFE8DA
S21403084002F00208101401291CD002291FD0FF2031
S214030850F2E70029FBD1B4F85C20012A12D0022A61
S214030860F4E704290ED00529F0E7042914D0052956
S21403087014D00029EBD1B4F85C20111F0129ECD861
S2140308800220D9E75A1E534253415800D4E7022B9D
S2140308900CBF02200120CFE70020CDE70120CBE7E5
S2140308A030B587B005460C46D5F7ECFD012820D1B8
S2140308B01CB1611E4B424B4158006B784FF480725B
S2140308C08DF804304FF48273ADF806304FF481731D
S2140308D0ADF8083001238DF80B30002385F890001F
S2140308E001A8CDE903238DF80A408DF81430D5F717
S2140308F001FE07B030BD41680346C978027B99B94B
S2140309008168C97899B9002A08BF0321D6F7CAB8FF
S2140309109B7B002B0CBF01210221F7E79B7B002B5F
S2140309200CBF02210121F1E7012AF1D17047012A08
S214030930F4D17047042910B5044604D831B1BDE894
S2140309401040D6F733B905290DD010BD037B5522C9
S214030950002B08BF0321A0F85C1040781221FFF794
S21403096076FE2046EBE743681A8A83681A82E6E730
S214030970012303730378013343734FF44073C38136
S214030980032303740023A0F85C3080F8903070478C
S214030990F8B54568B0F8F820AB8B04469A4208D001
S2140309A0A0F8F83040F2055240F604310078FFF71D
S2140309B04EFEEB8BB4F8FA209A4208D04FF4A162AD
S2140309C040F604312078A4F8FA30FFF740FEB5F974
S2140309D02030B4F9FC209A4208D040F20B5240F67D
S2140309E004312078A4F8FC30FFF731FE2E6BD4F8E0
S2140309F000319E421ED000200346C4F8006104F175
S214030A008F07C3F12005A3F1200126FA03F200FAAB
S214030A1005F52A4320FA01F108330A43302B07F879
S214030A20012FEED120780022BDE8F84040F2027193
S214030A30FFF70DBEF8BD38B504460D4601B9458926
S214030A400123E373FFF7C6FDFA2202FB05002061CC
S214030A502089BDE838405043FFF73ABE10B5044638
S214030A60806BD8B1E278022A04D0636B5B7972B9E3
S214030A7084F83C3094F83C306BB1FFF77AFC60782E
S214030A804FF60272BDE810400621FFF7E0BDB3FA49
S214030A9083F35B09ECE7FFF777FCF0E710BD10B5CF
S214030AA00446406BD4F786FB2046BDE81040FFF7AC
S214030AB0D5BF10B50446406BD4F7A0FB2046BDE86F
S214030AC01040FFF7CBBF10B50446406BD4F7BCFB12
S214030AD02046BDE81040FFF7C1BF10B5044600220C
S214030AE006214078FFF7B3FDA378022B01D0FF2B36
S214030AF004D12046BDE81040D6F7BEBC10BD4FF665
S214030B000273994210B5044601D1FFF7A7FFE378B5
S214030B10022B02D02046FFF7A1FF2046BDE8104077
S214030B20D6F7AABC10B5D0F8A4407CB103791BB1A4
S214030B304079D6F761FD48B9A3883BB932222046EF
S214030B40BDE8104001231146D4F7BEB910BD10B559
S214030B500446FFF7E7FFA278237982B913B120464C
S214030B60D6F770FD2046D6F7ADFD03236078A4F8CC
S214030B706C305522BDE810401221FFF768BD012BEB
S214030B8002D12046D6F75EFDA379012B02D120467B
S214030B90D6F798FD0123E9E710B583780446ABB989
S214030BA0FFF7C0FFA3788BB9237913B12046D6F796
S214030BB069FD2046D6F7CAFD04236078A4F86C3096
S214030BC05522BDE810401221FFF741BDB4F86C3042
S214030BD0022B0DD02379032B02D12046D6F732FD04
S214030BE0A379032B02D12046D6F76CFD0023E4E756
S214030BF02046D6F7EDFDF9E7827883685AB9DB78A5
S214030C00002B14BF03230423A0F86C3055221221B3
S214030C104078FFF71CBD1A7922B9DB78003B18BF72
S214030C200123F1E70223EFE77FB500239E6A04461C
S214030C30B6F5804F0D460CD201A8D6F775FF039B79
S214030C405B0506D529462046336C04B0BDE87040E4
S214030C50184704B070BD00239B6AB3F5804F05D2D6
S214030C601B6BB3F5804F01D29B6818474FF4817016
S214030C7070471FB500239A6AB2F5804F04D340F23B
S214030C80011005B05DF804FB126BB2F5804FF6D287
S214030C90012201A8CDE902338DF80420D6F744FFDC
S214030CA0039BDB03EBD5029B1A0EE8D0012A03D184
S214030CB0C3F307430A2BE2D900239B6A1B6B1B6C07
S214030CC09847DEE708B50AF04BFAB0FA80F0400919
S214030CD008BD134610B542B103439B0707D10AF07C
S214030CE03BFAB0FA80F0400910BD0120FCE7002073
S214030CF0FAE700230360704703680B6001607047E0
S214030D0010B538B132B129B100230139D45C14B916
S214030D100023037010BD8B42FAD200F8014B013357
S214030D20F4E7034638B10020814204D01A5C02B9C6
S214030D3070470130F8E770474FF0FF31FFF7F1BF18
S214030D4070B50C461646054660B15AB151B1FFF769
S214030D50F3FF844206D9211A32462844BDE8704080
S214030D60FFF7CEBF70BDFEE7FEE700239A4200D131
S214030D70704710B550F8234041F8234001339A4298
S214030D80F8D110BDD7F730BB4369426CD91C143A6F
S214030D90B1FBF2F103EBC1000330B0FBF2F002301B
S214030DA0704738B505460C46FFF7EEFF6A6CE31D41
S214030DB0143AB3FBF2F3013304EBC30402FB004023
S214030DC038BD38B5054644692146FFF7EAFF6A6C25
S214030DD0E31D143AB3FBF2F3013304EBC3042044DC
S214030DE038BDF7B507460E4600257C6CA819644245
S214030DF080EA06031C4003D02C46204603B0F0BD11
S214030E00FB6B01225B6901A99847019B0133F4D16F
S214030E100435EAE770B505460C46D9F7BBF8EB6B25
S214030E202046BDE87040DB68184770B500250446C9
S214030E3086B00562E369AB4202D8206A06B070BD8D
S214030E40666C2068E36B05225B6901A906FB050057
S214030E50984701A800F023FC00F046FC10B1236A73
S214030E60013323620135E5E738B50446456C00686F
S214030E7004F1400305FB0101E06B00F042FC05466C
S214030E802046FFF7D2FF284638BDF0B505460026B4
S214030E9087B0EC69013CB44203D80C46204607B041
S214030EA0F0BD01B14C1E6F6C2868EB6B05225B69C5
S214030EB001A907FB0400984701A800F0F0FB00F027
S214030EC013FC0028EAD121460136E2E7F0B50446D2
S214030ED00D46466CE36B006887B005225B6901A983
S214030EE006FB0500984701A800F0D9FB00F0FCFBC1
S214030EF020B101A800F0AAFB07B0F0BD29462046A2
S214030F00FFF7C3FF0646676C2068E36B05225B6941
S214030F1001A907FB0600984701A800F097FB431CAE
S214030F20EAD0B54238BF0130E6E72DE9F0434FF685
S214030F30FF79D0F8248004460E46C84514BF4546BC
S214030F400025002787B0E369BB4202D807B0BDE897
S214030F50F083E26B2368606CD2F814C000FB0530A4
S214030F60052201A9E04701A800F099FB022806D054
S214030F70C8450CD1721C29462046FFF775FFE36966
S214030F800135B5FBF3F2013703FB1255DBE72946C0
S214030F902046FFF79BFFB0F1FF3F14BF02463246E1
S214030FA00132E8E70368F0B5CC1A436C0646B4FB97
S214030FB0F3F4002587B0F36937685A1E9542706CC0
S214030FC008D3706C336800FB043007B0BDE8F0400C
S214030FD000F095BB0134B4FBF3F203FB1244F36B4E
S214030FE005225B6901A900FB0470984701A800F07D
S214030FF056FB00F079FB0028E3D10135DBE710B49C
S21403100023F0030422449B070A44436C18BF0432AC
S2140310105B4281EA0204234203D05DF8044BFFF7E8
S214031020C1BF10465DF8044B70472DE9F041D0E987
S2140310300A369E42044686B028D11422C369456800
S21403104002FB1355284606B0BDE8F0812068676C9E
S214031050331AB3FBF7F3E26B07FB0300D2F81480F3
S21403106001A90522C04701A800F019FB012804D0F6
S214031070636C1D44013B3340ED1A31462046FFF7AF
S21403108091FF0646A36AB342E0D1DBE70025F9E702
S21403109008B508301346D1E90012D8F701FF01203E
S2140310A008BD13B50C4600212176009361681346EC
S2140310B02246D7F7EFFA18B1E37D03B1A07EA075F9
S2140310C0A07D02B010BD73B5164600F108050C46A8
S2140310D0284609680DF1070200F098F9032E06D199
S2140310E06368834203D12846216800F076F901201D
S2140310F002B070BDD01E009B42424241187E82421F
S21403110011D11A688A420ED85A688A420BD35A6992
S21403111001325A61D3E9030282423FBF986840F81E
S214031120221001321A610120704710B5032A029C6F
S21403113007D1A26A5340626C5242134201D100F0B7
S2140311404CF9012010BD08B5C36800209847BDE8D8
S2140311500840D8F727BF012814BF0420022070B523
S214031160002442431C70CC7D101D02F002024CB9D1
S2140311701AB1012220F003001A7000F10803486830
S214031180184470BD1AB1012220F003001A70002320
S2140311900C7E01F12005DAB2A24201D30020F0E76B
S2140311A035F833205E1C824206D901EBC30300F1F7
S2140311B00802D8691044E4E73346801AEBE773B5B0
S2140311C0054690F842601C4630460DF10303FFF7D0
S2140311D0C2FFEB6B012E5B690DD1324601A998471E
S2140311E09DF8033013B1BDF806300193BDF8043003
S2140311F0236002B070BD0122214602B0BDE87040F4
S2140312001847F0B5054600244868EB6B87B00E46D2
S21403121001225B69029402A908309847274695F88D
S2140312204230012B40F0AC80632C00F2AB80612C83
S21403123008D805AB224631462846FFF7C0FF9DF87F
S21403124014305BB305AB2246314628468DF8107042
S214031250FFF7B5FF95F84230012B059B7FD14FF67C
S214031260FF72934256D0082205A904A800F063FA39
S214031270059B9DF81010C3F3072291424AD1DBB2B7
S214031280029A1A44029245E0DCD005AB2246314668
S2140312902846FFF794FFBDF81430D2E795F842309E
S2140312A0012B39D1612C2ED822463146284603AB72
S2140312B0FFF785FF3146284604AB621CFFF77FFF26
S2140312C03146284605ABA21CFFF779FF10220823F8
S2140312D00DEB02010DF107008DF8073000F02BFA35
S2140312E0102205A90DF1070000F025FA039BDAB2D8
S2140312F04AB99DF80720B2EB132F04D1DDE9043277
S21403130003EB0243029395F84230012B14BF0123EB
S21403131002231C44013482E7302CF4D8224631469B
S214031320284603ABFFF74BFF3146284604AB621C47
S214031330FFF745FF102320220DEB03010DF10700F5
S2140313408DF8073000F0F7F9039B9AB2002ADAD13A
S2140313509DF80720B2EB134FD5D1049BD2E7013398
S214031360D8D0102205A90DEB020000F0E4F9059B86
S2140313709DF81010C3F307429142CBD19BB27FE78F
S214031380312C81D9029807B0F0BD13B5002401941F
S214031390049C0094D7F75AFE02B010BD13B501247F
S2140313A00194049C0094D7F751FE02B010BD0023AD
S2140313B04FF0FF3230B544689C4202D100230372DB
S2140313C030BD016801EBC30541F833206A60013381
S2140313D0F2E7C0E90012FFF7EABF0023F0B545685D
S2140313E09D4210D00468DF0054F8332004EBC30694
S2140313F0B2F1FF3F08D0C2F31302914204D14FF07B
S214031400FF33E3517360F0BD0133E9E70023F0B522
S21403141045689D4202D14FF0FF300EE00468DE00BF
S21403142054F83340671C09D0C4F31307B94205D1F7
S214031430240D1470036833445868F0BD0133E8E79D
S214031440704770B59400224605460E4609F084FEA2
S214031450431C0AD058B9224631462846EAF7E4FE2A
S214031460002814BF3D20002070BD6E20FCE77120CD
S214031470FAE713B5044601A8D9F712FE9DF806301D
S21403148023804FF480736380D9F718FE60600020D2
S21403149002B010BDD9F788BD08B5D9F779FD00208D
S2140314A008BD10B5044644EA010313F003030846D7
S2140314B009D1934201D1002010BD54F8231040F8FF
S2140314C023100133F5E721469200EAF7F1FCF2E731
S2140314D010B5044609F044FE431C10D088B9D9F76A
S2140314E0EDFD234620F003002044984201D100205E
S2140314F010BD53F8042B0132F7D03E20F8E76E20D8
S214031500F6E77120F4E7704713B500230446014657
S2140315101B220DF107008DF8073000F00CF9226846
S2140315209DF80730B3EBD26F0CBF0120002002B04A
S21403153010BD13B500230446014620220DF1070013
S2140315408DF8073000F0F7F80DF107001A22211D79
S21403155000F0F1F862689DF80730B3EB926F0CBFAA
S2140315600120002002B010BD0068431C58425841B9
S2140315707047006810F07E0F0CBFC0F3C1600020F8
S21403158070470068C0F3D3107047006800F07F0010
S21403159001288CBF002001207047036813F07E0FDC
S2140315A014BF042008207047036813F07E0F03D18E
S2140315B0406820F07C40704713F078001CBF03F0AF
S2140315C07F03D81F7047006800F07F00704703282A
S2140315D009D0022803D1C1F10201C8B2704700291D
S2140315E00CBF07200020704737B5054601F10C04F1
S2140315F043696946012220469847BDF80030012218
S21403160001932046AB6901A9984703B030BD37B5AF
S21403161001F10C04436901226946054620469847B2
S2140316204FF6FF72009B99B291420DD16FF30F03F1
S21403163043F4254343F0A503019301222046AB69F7
S21403164001A9984703B030BD0020FBE737B5044631
S21403165000251B22011D0DF107008DF8075000F031
S2140316606AF860689DF80720B2EBD06F03D120F0CC
S214031670784003B030BD0DF107001B2204F10801CA
S2140316808DF8075000F057F8A0689DF80730B3EBC5
S214031690D06F01D1C043EAE74FF0FF30E9E74BF2E2
S2140316A09A22036810B5B2EB134F044613D19BB2CC
S2140316B0012B13D1FFF7CAFF01300CD04FF6FF7290
S2140316C0E068B2EB104F4FEA104309D180B2C01A5C
S2140316D018BF012010BD2368013303D00420F9E7A7
S2140316E00220F7E70320F5E701288CBF002001203E
S2140316F07047033801288CBF002001207047143040
S21403170070472DE9F04105469846036908460E469C
S21403171017469847044638B943463A46314628465C
S214031720D8F7B0FC044618B131462846FFF75CFFED
S2140317302046BDE8F0811F2A0B689EBF4FF0FF319D
S21403174091408B43590801F055315B1A03F033314E
S2140317509B0803F033330B44017803EB13130A445B
S2140317604FF0013103F00F334B43A2EB13620270C9
S214031770704708B507F05AFBBDE808400021D8F7C4
S2140317808BBD02210320D8F785BF7047704770478B
S214031790704770B5054614460E4609F0D0F92B6817
S2140317A05C4034405C402C60BDE8704009F0C2B930
S2140317B010B5002422B1032A0CD00360047110BDB7
S2140317C011F4000218BF4FF07F4221F07F4313430A
S2140317D00C0EF2E721F0FF03CCB2EEE730B501249E
S2140317E000F5805345685C60CB784A785B0443EA2F
S2140317F002230A7813438A78120402F480321343CE
S214031800C0F89830EB075CBF00F50050446030BD6D
S21403181070B501260C46054600F500535E600B784E
S214031820497803F0070343EAC103E17843EA012357
S214031830A178090101F030010B430367C36AA1795C
S21403184023F48B3323F4807343EA0143217909029B
S21403185001F4E0610B436179090301F480510B4302
S214031860C3621146FFF7BAFF05F580535E60E3795E
S21403187003B1EE6070BD08B50A6FC96F02F00702C8
S214031880FFF796FF08BD13B5044601A8D9F708FC71
S214031890042C04D8DFE804F0061603101300002017
S2140318A002B010BD40F29C4040F2BA439DF80520BA
S2140318B0012A08BF1846F3E740F6B830F0E74FF4BE
S2140318C01660EDE740F2E240EAE74FF050234FF4AC
S2140318D000321A6770474FF0B0435A6812B19A6ADB
S2140318E0002AFAD1704770B5054614460E4609F02D
S2140318F026F92B685C4034405C402C60BDE87040A1
S21403190009F018B90122417803788A4030214B4305
S21403191042F2100103F1A04303F570335A507047A7
S21403192021FA00F2D20730B5034600F0FC040FD5C7
S21403193000220132D2B2042A02D14FF0FF3008E06F
S214031940831803F00303234421FA03F5ED07F0D4C9
S214031950184630BD002070470020704700207047AF
S2140319600020704701207047012070470F20704702
S214031970EBF774B9002307B5CDE9003301236946B5
S2140319804FF0FF308DF8023004F058FB03B05DF8DB
S21403199004FB0020704710B508B9212010BD0029AC
S2140319A0FBD0036813F0704205D1C3F30E030B603C
S2140319B07BB10020F2E703F05044B4F1004F05D0AA
S2140319C0B2F1304F02D0B2F1404FE6D103F07F03BD
S2140319D0EDE74368002BE0D00B60EAE737B50C462B
S2140319E0054610B9212003B030BD0029FAD00023E4
S2140319F001A90193FFF7CFFF0028F4D12968019AC4
S214031A0011F0704102F1030222F0030201D12260B9
S214031A10E9E7AD68B1F1004FC5F38033C5F3403550
S214031A2004D103EB450353432360DCE7B1F1204FB6
S214031A3001D12B44F7E7B1F1304FFAD0B1F1404F63
S214031A40F7D0CFE737B50C460546002800F0878069
S214031A50002900F0848000230B60036803F07043C2
S214031A600B60C26822B1032A79D143F080630B600E
S214031A70AB689A0149D403F08073EA680AB9002B6D
S214031A806DD1226822F0407213432360EA68032A6A
S214031A9005D12A69F62A62D962F317432360AB6835
S214031AA01B0442BF236843F400432360EB68032B05
S214031AB01FBF23682A6862F30E0323602B68AA6895
S214031AC0002B2ADB12F4C84F49D12B6803F070436E
S214031AD003F10043B3F1804F05D2530542BF236899
S214031AE043F4806323600023284601A90193FFF78C
S214031AF052FF40B92B6813F070421FD12368019A36
S214031B0062F30E03236003B030BD03F04073B3F1FA
S214031B10407F18BF4FF00073AFE7500402F4005144
S214031B2005D4E1B1236843F400532360CDE723686B
S214031B3043F4804323600029C7D0F3E703F0504300
S214031B40B3F1004F05D0B2F1304F02D0B2F1404F9F
S214031B5005D1019B5A1E236862F30603D2E72120B0
S214031B60D1E738B131B101234B604FF00053002069
S214031B708B6070472120704737B50C46054608B979
S214031B80212016E00029FBD001234B60C368A3B9CC
S214031B9001A90193FFF722FF58B9019B6A699A428C
S214031BA009D32A69002AEBD0226043F000530020B1
S214031BB0A36003B030BD1D20FBE7032BE0D1002359
S214031BC0F5E7436813B9416070475B685A68012AB2
S214031BD0FBD159607047FFF7DCBE08B5FFF7D9FEA7
S214031BE0002814BF6FF09200002008BD13464288F9
S214031BF070B50732072A0C464FEAD20101D0A1423C
S214031C0022D146680588202218460021E9F7C0FF3E
S214031C10360A0346DEB9BCB141F20102954205D04D
S214031C20B5F5885F02D0B5F5905F02D100205C6001
S214031C3070BDB5F5105F0DD1182C03D0202C01D044
S214031C40102C01D11C60F1E76FF08600F0E76FF00F
S214031C508B00EDE76FF08500EAE7F0B51C464368B6
S214031C6006461B0A0F46154689B035D12246294635
S214031C70FFF7BCFF68B9EB1C23F00303C4E90307B3
S214031C80636145B9202200212046E9F781FF6FF002
S214031C90860009B0F0BD014620226846E9F778FFC2
S214031CA06A4629463046FFF7A1FF0028EAD1236893
S214031CB0009A9A42E6D16368019A9A42E2D1A368EF
S214031CC0029A9A42DED1A369069A9A42DAD1E36966
S214031CD0079A9A42DDD0D5E76FF08B00D9E7D9F79C
S214031CE027BDD9F741BE70470020704700207047D4
S214031CF0C3681944836853F8210030F8023B136025
S214031D007047012310B580F888300378044653B132
S214031D1000F061FA21462046D9F718FF2046BDE8B1
S214031D20104000F04DBA10BD38B50D460446D9F73D
S214031D30F5FE6B682046C4F8B032A96800F096F941
S214031D404FF0FF332046C4F8B432FFF7CDFF38BD5B
S214031D50D0F8B43210B50133044601D0002010BDCC
S214031D6000F0BCFAC4F8B4020130F7D194F8B80214
S214031D7080F00100F3E708B5D9F70CFF08BD0A7831
S214031D8001382D2A0ABF012200228918D9F75EBF1F
S214031D9007281BD8DFE800F0060A0D1013150417F2
S214031DA00120704700220820D9F750BF00221020D8
S214031DB0FAE700222020F7E70820FFF7E0BF10200D
S214031DC0FBE72020F9E70846D9F7A2BF00207047B3
S214031DD02DE9F74307280C46DDE90A7690461D46AB
S214031DE008D8013806280AD8DFE800F01D27303A5D
S214031DF044574A00212850D003B0BDE8F0830022A0
S214031E0020461146E9F790FE3368C0B205EB83011E
S214031E103A6845F82300013348F8221033603B68DC
S214031E2001333B60E8E7002220461146E9F77CFED3
S214031E30336880B205EB8301EAE7002220461146A9
S214031E40E9F772FE336805EB8301E1E700222046DB
S214031E501146EAF717F8336840B205EB8301D7E774
S214031E60002220461146EAF70DF8336800B205EB68
S214031E708301CDE7002220461146EAF703F8E1E79F
S214031E80002389461E461D468DF8063019F8013F85
S214031E907D2B06D125702D0A65703B6848F82340D4
S214031EA0BDE7202BF2D006F00102013612B98DF8F9
S214031EB00430EBE71022002101A88DF80530E9F77E
S214031EC0E1FF631901359870ADB2DFE72DE9F04FF6
S214031ED09B46002385B08B45814688469246CDE9CE
S214031EE002336BDC1A461E4619F80340212C09D828
S214031EF01F2C04D8103C072C98BF012200E00126B3
S214031F000133F1E7FF2CFBD15B4436B1013B43457C
S214031F100ADD2B2005B0BDE8F08F62B1013B4345D7
S214031F20F7DC3546374602E000252F462E46454564
S214031F3004DB0020EEE79845F3D0EAE75D453BDB9C
S214031F4019F80730202B18D109EB07035B78FF2B12
S214031F50DFD1CEB920465AF82510FFF719FF78B31C
S214031F6003AB019302AB00932046DDE90E235AF838
S214031F702510FFF72DFF0135D9E7212B0ED109EBED
S214031F8007035B78FF2BC4D1029B5AF825200E99D2
S214031F90012641F8232001330293ECE7A3F1100452
S214031FA0072C02D91C460137D3E709EB07035B78F6
S214031FB0FF2BAED1E4B2CCE70624CAE72120A9E77B
S214031FC02620A7E72DE9F04F07460E461546984606
S214031FD0044685B0DDF84490DDE90FAB206808B30E
S214031FE0DAF80020D8F800108A421BDA0E9B53F862
S214031FF02210D6F72DF948BBDAF800200132CAF8CA
S21403200000206268117BFE291BD10E9B10680121FC
S21403201000932A464346CDE902B9CDF804A0FFF75C
S214032020D1FF04462B7843B999F800302BB97EB11B
S21403203001233C4689F800302B70204605B0BDE8E6
S214032040F08F01238BF800302B70EBE70C34C5E7D9
S2140320503446F2E710B50446236803B910BD237A65
S21403206013B92046D9F78AFE0C34F5E710B541B10B
S2140320700A7932B901249C300C71FEF73DFE2046E6
S21403208010BD0020FCE72DE9F041BAB005460AAAC8
S214032090084603A900F05FF90446B0B90DF10A0338
S2140320A001930DF10B038DF80A0000930AAA284644
S2140320B004AB03A9DAF712F89DF80A20B2B19DF82B
S2140320C00B2048B12AB1D9F759FE20463AB0BDE8ED
S2140320D0F081FFF7BFFFF8E7D5F89C50002DF4D04A
S2140320E0A86808B1FFF7B6FF2D68F7E700B34668A0
S2140320F01AAB06F10C082AAF01934046049B0399DA
S21403210000970AAAFFF7E2FE04460028DDD1039BE8
S21403211005A8CDE90637049B0595CDE90838DBF716
S214032120A5FA05A83368984705A800F03FFDCCE755
S2140321302D24CAE710B50446AC30E9F725FC04F1B4
S214032140AB031A180020934200D110BD13F8011FE9
S2140321500029FAD00A2908BF0130F4E70023F0B5B6
S2140321600B6013600646D0F8AC0278B196F8AC0064
S21403217060B1012406F1AC07D6F8AC02844210D352
S21403218006F1AC00B3F5007F10D30120F0BD0D6857
S21403219001350D60156801351560F85C01330A28B2
S2140321A002D0B3F5007FF2D30134E5E7C15C0A2918
S2140321B0EBD00029E9D01168013301311160E1E762
S2140321C010B50021D0F88C200446E9F7E1FC002383
S2140321D0C4E9243310BD73B5044600F1AC05802171
S2140321E02046FEF79EFD4FF4007106462846FEF78E
S2140321F098FD0136C0F50070864220461FD8E9F7E1
S214032200C3FB06462846E9F7BFFB01362946421CB0
S214032210A819E9F70FFD2046E9F7B6FB2146024663
S2140322202846E9F745FE2046E9F7AEFB0A23204495
S21403223080F8AC300023C4F8AC3202B070BDFFF7B0
S21403224079FF01AAC4F8AC0269462046FFF786FF69
S2140322500022009B234483F8AC20C0E773B50D46E9
S2140322600446FFF767FF6B1C19D1D4F8AC3213B1E1
S214032270013BC4F8AC3200252046E9F785FBA842AB
S21403228015D82046FFF79CFFD4F8AC322BB169462D
S214032290204601AAFFF762FFA0B902B070BD012D68
S2140322A0FBD1D4F8AC328342F7D20133E1E70820FE
S2140322B000F023F8202000F020F8082000F01DF896
S2140322C00135D9E7009D04F1AC06019BAB42E4D986
S2140322D0715D2046DAF730F80135F6E707B50020DA
S2140322E00DF1070100F0E7F820B99DF8070003B0E9
S2140322F05DF804FB4FF0FF30F9E710B5C1B20446B2
S214032300002000F0C8F800280CBF20464FF0FF302E
S21403231010BD0FB407B504AA52F8041B002001929F
S214032320DAF7A6F9002003B05DF804EB04B07047B3
S21403233010B54C1C0B460119045D222C03D07B2CD4
S21403234001D05C2C05D1D21A1844E9F773FC01209E
S21403235010BD0020FCE72DE9F04705469146884668
S214032360E9F712FB2A460646134619780132202956
S214032370FAD0C9F800305C1B01236FF0404AC8F856
S2140323800030A64201D8002014E02F5D29197B2FC8
S21403239012D0222F2ED1D8F80030621C53442A4480
S2140323A049F82320012C09D911F8013C13F0DF0F5B
S2140323B004D02120BDE8F0877D27F3E701342B5DA9
S2140323C0BB4209D12B195B7813F0DF03F1D1222F1F
S2140323D000D12B550134D4E75C2B07D13246214676
S2140323E02846FFF7A5FF0028E3D0013E0134A642A6
S2140323F0E5D8DEE75C2F08D1324621462846FFF7AC
S21403240097FF0028D5D0013EE4E7202FE2D1002233
S214032410631CB3420A70DDD2EA18EB5C202BD9D0DA
S214032420D8F800300F2B05DC49F823200133C8F811
S2140324300030CFE71E20BDE700F000B8002070474D
S214032440D5F7F4BE70B50C46154610B9DAF704F99D
S21403245038B143682BB12A462146BDE87040006870
S2140324601847232070BDF7B50D4616461C4638B9E7
S214032470DAF7F2F804B901AC20B9232003B0F0BDB3
S21403248003B901ACC768002FF7D023463246294666
S2140324900068B847F2E707B501228DF807100DF17B
S2140324A00701FFF7CFFF03B05DF804FB0B460146B9
S2140324B01846FFF7F0BF00230122FFF7D4BF08B585
S2140324C008F038FCFA23B0FBF3F080B208BD042012
S2140324D0704740F20160DAF7B5B9704701207047DC
S2140324E00020704749BA89B280EA0103C3F3031296
S2140324F05340180380B258405B0103F4FF5358401F
S214032500704708B5DAF76AFD58B1A0F15903042BF2
S21403251006D8042B04D8DFE803F0040404030400FD
S2140325205C2008BDDAF7B2BE7047F8B50C468D18C6
S214032530073552421540A5F108070646384600F00F
S214032540DFF9A188381B628801EBE00189B2A2EBB0
S214032550E00225F8041C25F8062CA288C310AAB1AD
S214032560A4EBC202B2F802C0D18003EB0C01518087
S214032570E28892B1D31A9BB204EBC20425F8023C5C
S214032580A380B3680344B3603846F8BD15F8082C37
S21403259042F0020205F8082CEAE725F8022CF0E7D9
S2140325A02DE9F04F4FF0000887B09946531C109B57
S2140325B00546174614BF14460824CDF81480002B8E
S2140325C000F0C580C3F80080002900F0C28042688E
S2140325D08A4240F2BE80073121F0070608F0BCFAB3
S2140325E005AACDE9008282463A464B46314628463E
S2140325F000F08AF9059F834607B130B9504608F0C4
S214032600A6FA192007B0BDE8F08FB7F8028029694B
S2140326104FEAC802C0EBC8080139B8F1270F296191
S2140326207AD9B9F1000F51D1864206F1080848D08D
S214032630224639462846FFF778FF04460590059B51
S2140326409844404600F05CF9059906F10F004A8865
S214032650C308A2EBD002A8F80220CA88A8F8043060
S214032660002A30D0D31A9BB201EBC202A8F8063078
S21403267093808B88F608A380B8F804303A46E38044
S214032680414600232846668000F0A6F9AB68083367
S214032690AB60237843F0010323702B6901332B616E
S2140326A06288AB68504603EBC203EA68AB609342AA
S2140326B088BFEB6008F04BFA109B083400201C60C0
S2140326C0A0E73C46BBE7A8F80620D2E707EB0804DA
S2140326D02046039200F014F90BF10703DB08059973
S2140326E0638008F10703DB08A380CB8893B1DB0084
S2140326F0039AD81D821A5A44C2F3CF020B44E280CF
S2140327009A80A38808F1FF384FEAD808A1F8028018
S214032710CB80BBE7E380F4E7B9F1010F1BD107F1E8
S2140327200803B3FBF4F204FB1233B3B12246394673
S2140327302846FFF7FAFE044623783A4643F0010399
S214032740237021460123284600F046F9A8E72220F5
S21403275058E7212056E78642E8D13C46ECE707B522
S21403276000224FF0FF3101AB0192DAF7EFF901983F
S21403277003B05DF804FB2DE9F74F04460D46002928
S21403278000F0AB80D0E9056808F0E6F915F8087C98
S21403279035F8061CFB07009000D531B9009808F001
S2140327A0D6F9012003B0BDE8F08FA368D4F81090E3
S2140327B035F804ECA3EBC10B09F10103A5F1080CF2
S2140327C04A1CC4F808B02361BEF1000F7BD0ACEB03
S2140327D0CE03D888B3F802A00190187807F0020752
S2140327E0C00765D4002F64D10198A0EB0A07012F18
S2140327F069D18A1CABF108075244C4F81090A7604D
S21403280035F802ECBEF1000F61D0D4E900700CEB92
S214032810CE0A07EB0009CA4559D21CF83EC05746F4
S2140328201CF0010C15D1AEEB0101012911D1BAF848
S2140328300210AAF802C001310A44BAF806100029A9
S21403284043D00AEBC107216901392161A168083920
S214032850A16015F8081C013A21F0010105F8081CCF
S214032860002125F8061C5A801A7861F300021A70B4
S2140328707FB3C3F107023A44C2F3CF02DA80BA80C9
S2140328804EB3B34227D37288002A08BF1E46B8F158
S214032890000F06D0434504D8B8F80220002A18BF14
S2140328A043460098C4E9056308F051F9002079E728
S2140328B04FB115F8087C724427F0020705F8087C28
S2140328C000279F809CE763469AE70F46BBE70027EF
S2140328D0BFE7DF80D4E71E46D9E7222062E710B5BC
S2140328E00446DAF74BF92146BDE81040FFF743BF2D
S2140328F0FFF7F5BF0846FFF732BF0846FFF7F8BFF6
S2140329000023036043607047F0B5D0E90554561CB6
S21403291008BF0822002B4FF0000008BF2C46DDF846
S21403292018C0CCF80000002C37D09DF814706588CA
S214032930FF0007EBC505C2F1000E2078C00708D5D7
S2140329401BBBE088A0B104EBC004658807EBC50594
S214032950F3E78D42F4D363B904F10806B6FBF2F04D
S21403296002FB106670180EB1A842EAD8CCF80040F5
S214032970F0BD082A0FD06088013004EBC000461A69
S21403298006EA0E06801B8542F0D2A0880028EFD008
S214032990A4EBC004D9E70846E8E72046E8E7034681
S2140329A00069C0B10AB951B91A6810460378DB0743
S2140329B011D531B9C3885BB100EBC300F6E79A695A
S2140329C0F3E7012904D1838823B1A0EBC300EDE725
S2140329D000207047184670472DE9F041D0E90554AA
S2140329E0074688461646ABB1954200D00ABB424618
S2140329F000213846FFF7D3FFB442054600D02EB970
S214032A00424601213846FFF7CAFF0446C7E9055484
S214032A10BDE8F081954208D08D4228BF0D46B442EA
S214032A2005D0444538BF4446F0E70D46F7E744462D
S214032A30ECE79442EAD1E3E770B500261C46C3E907
S214032A400001C3E90266C3E905001E611A775E62E8
S214032A50FFF756FF23690139C90801334180236113
S214032A60A36830460833A360E3680833E36070BDA9
S214032A70002307B5684600938DF80430D7F7FAFFAE
S214032A8003B05DF804FB10B508F059F8044606F0E9
S214032A905FFA2046BDE8104008F04CB870474FF484
S214032AA0C870DAF7CBB8DAF77DB900F01CB8704710
S214032AB0704708B503F001F903F009F903F010F9BC
S214032AC003F01FF9BDE8084003F02EB9704708B5B8
S214032AD003F0EEF803F0EDF803F0ECF803F0ECF88F
S214032AE0FFF7F4FF08BD08B503F01FF903F01EF95E
S214032AF003F01EF9BDE8084003F021B97047012032
S214032B0070472DE9F34112F001050446884622D1A9
S214032B1010F0030525D12F465208BA4209D1D8F73B
S214032B2037FA0026B74204EB860008D1D8F73CFAFA
S214032B3011E054F8273001330CD10137EDE70422B6
S214032B4058F826300DEB0201019308F005FB30B16F
S214032B50D8F72AFA3D25284602B0BDE8F0810136AB
S214032B60E0E70125F7E77047B0F1006F0FD300F0F9
S214032B707843B3F1006F0CD000F06040B0F1404FE3
S214032B8009D0B0F1604F14BF042003207047002023
S214032B9070470120704702207047002070471AB123
S214032BA011B180B2DAF772BB2120704701F056BE2E
S214032BB0E3F79CBCFFF78DBCD0E9023253F8223012
S214032BC000211878E3F7E4B8704702F08CB901F0F7
S214032BD0DABDC3688268013BDBB252F823305B7808
S214032BE0652B02D10020E5F723BC6E2B01D1012013
S214032BF0F9E7662B01D10220F5E7704710B5D0E957
S214032C000232044653F82230187802F046FAE36894
S214032C10A268013352F82330BDE81040187802F05A
S214032C203ABA10B50446C0B2DBF7FEFC200ABDE88C
S214032C301040DBF7F9BCD0E9023253F8223018789B
S214032C40DBF7FABD02F0E1B9E4F7F0B808B501F036
S214032C50B8FEBDE80840E5F7D9BAD0E9023253F822
S214032C602230186801F0ABBE0020E5F7D5BB012083
S214032C70E5F7D2BB0221DBF775BD0321DBF772BD97
S214032C800521DBF76FBD08B501460C20DBF746FDD3
S214032C90BDE80840DBF7D4BC08B501460020DBF7E7
S214032CA03DFDBDE80840DBF7CBBC07B5C2688368CB
S214032CB0043253F8223001211B880DF10602ADF8C9
S214032CC006300023DCF7D2FA03B05DF804FB08B540
S214032CD008F044F8BDE80840F1F756BD10B51446B1
S214032CE0DCF7E0FD2146BDE8104007F0D5BD08B58A
S214032CF0DCF7D8FDBDE80840002107F0CDBD08B5D8
S214032D00DCF7D0FDBDE80840F1F774B908B5DCF789
S214032D10C9FDBDE8084008F084B908B5DCF7C2FD74
S214032D20BDE80840F1F752B97047704708B508F098
S214032D3015F8FFF7FAFF03F065F8BDE80840DCF77F
S214032D40FDBD7047012070470120704708B5DCF7CA
S214032D5091FE00280CBF0420012008BD70472DE912
S214032D60F34104460D4616461F46DDF8208008F05C
S214032D708DF83B46324629462046CDF8008003F0C0
S214032D8043F83B46324629462046CDF80080FFF7F7
S214032D90E5FF02B0BDE8F04101F060BD2DE9FF4755
S214032DA004460D4616461F46BDF830809DF83490FF
S214032DB0DDF838A008F06AF83B4632462946204636
S214032DC0CDE9019ACDF8008000F0FDFF04B0BDE820
S214032DD0F04701F043BD704708B508F057F803F015
S214032DE016F8FFF7F8FFBDE8084001F037BD0120ED
S214032DF070472DE9F74304460D4616461F469DF8D1
S214032E00289008F043F83B46324629462046CDF83C
S214032E100090FFF7ECFF80463B46324629462046A5
S214032E20CDF8009002F0F4FF01F018FD404603B021
S214032E30BDE8F083012070472DE9F74304460D46AD
S214032E4016461F469DF8289008F020F83B46324663
S214032E5029462046CDF80090FFF7ECFF80463B4618
S214032E60324629462046CDF8009002F0D2FF01F004
S214032E70F5FC404603B0BDE8F083F8B504460D46BE
S214032E8016461F4608F002F83B46324629462046B9
S214032E9002F0C0FFBDE8F84001F0E0BC0020704738
S214032EA0F8B504460D46164607F0F0FF32462946A7
S214032EB02046FFF7F3FF074632462946204602F030
S214032EC0AAFF01F0CBFC3846F8BD38B504460D46DC
S214032ED007F0DCFF2946204602F09EFFBDE8384097
S214032EE001F0BCBC10B5044607F0D0FF204602F044
S214032EF094FF2046FDF7DFFBBDE8104001F0AEBCB3
S214032F00704738B504460D4607F0C0FF29462046ED
S214032F1002F095FF29462046FFF7F2FFBDE838404A
S214032F2001F09CBC704770B504460D46164607F084
S214032F30ADFF32462946204602F083FF3246294635
S214032F402046FFF7EFFFBDE8704001F087BC7047EF
S214032F5038B504460D4607F099FF2946204602F089
S214032F6072FF29462046FFF7F2FFBDE8384001F01E
S214032F7075BC704738B5054607F088FF284600F04D
S214032F80EFFE04460146284601F0ABFF01F066FC5F
S214032F90204638BD38B504460D4602F056FF29468E
S214032FA02046FFF7E6FF38BD704738B5054607F0FD
S214032FB06DFF2846E3F746FA04460146284601F025
S214032FC08EFF01F04BFC204638BD38B504460D464F
S214032FD002F03CFF29462046FFF7E6FF38BD704760
S214032FE010B5044607F052FF204602F030FF204695
S214032FF0FFF7F5FFBDE8104001F030BC704738B569
S21403300004460D4607F042FF2946204602F021FFFC
S21403301029462046FFF7F2FFBDE8384001F01EBC04
S214033020704770B504460D46164607F02FFF324626
S2140330302946204602F00EFF324629462046FFF771
S214033040EFFFBDE8704001F009BC704738B5044691
S2140330500D4607F01BFF2946204602F0FCFE2946D4
S2140330602046FFF7F2FFBDE8384001F0F7BB704794
S21403307038B504460D4607F009FF2946204602F0F8
S214033080EBFE29462046FFF7F2FFBDE8384001F085
S214033090E5BB704710B5044607F0F8FE204602F07D
S2140330A0DCFE2046FFF7F5FFBDE8104001F0D6BB77
S2140330B0704710B5044607F0E9FE204602F0CEFE40
S2140330C02046FFF7F5FFBDE8104001F0C7BB704789
S2140330D0704770B504460D46164607F0D7FE3246CF
S2140330E02946204602F0BDFE324629462046FFF713
S2140330F0EFFFBDE8704001F0B1BB704710B5044662
S21403310007F0C4FE204602F0ADFE2046FFF7F5FFAB
S214033110BDE8104001F0A2BB704738B504460D4623
S21403312007F0B4FE2946204602F09DFE29462046B7
S214033130FFF7F2FFBDE8384001F090BB704770B56B
S21403314004460D46164607F0A1FE3246294620469B
S21403315002F08BFE324629462046FFF7EFFFBDE816
S214033160704001F07BBB70472DE9F34104460D46E2
S21403317016461F46DDF8208007F088FE3B4632469B
S21403318029462046CDF8008002F070FE3B463246C4
S21403319029462046CDF80080FFF7E5FF02B0BDE8DC
S2140331A0F04101F05BBB0E2070470E20704738B528
S2140331B0044607F06BFE2046FFF7F7FF054620465A
S2140331C002F055FE2046FFF7EEFF01F047FB2846C8
S2140331D038BD002070470020704738B5044607F016
S2140331E055FE2046FFF7F7FF0546204602F040FE51
S2140331F02046FFF7EEFF01F031FB284638BD704747
S21403320008B507F043FE02F034FEFFF7F8FFBDE80B
S214033210084001F023BB002070477047704708B58D
S214033220DCF7FAFC00280CBF0420012008BD704719
S2140332300B68DA7B1AB9DB7C0BB9DCF711BD81208E
S214033240704708B5DCF724FDBDE80840DCF72EBD63
S2140332507047DCF71DBDDCF729BD082808D84FF4F6
S2140332608B73C34013F0010F0CBF2120002070475F
S214033270212070470121DCF70BBE0221DCF708BED4
S2140332800421DCF705BE0821DCF702BE1021DCF7BB
S214033290FFBD08B500F026F808B1002008BDDCF72E
S2140332A047FE0028F9D1DCF755FE0120F6E715287E
S2140332B008B503D1BDE80840DCF740BE01F089FE3F
S2140332C060B9E2F713FC032806D100F009F828B921
S2140332D0BDE80840FFF7DDBF0028EBD008BD704708
S2140332E0002070470020704708B5DDF719F8FA2369
S2140332F0B0FBF3F008BD0321DDF742B801207047A9
S214033300D0E9023253F822301878DDF741BA08685C
S214033310C37B1BB9C37C0BB9DDF76ABA8120704740
S214033320D0E9023253F822301878DDF7A3BA704793
S21403333030B50546044615F8100B85B00295656949
S2140333401D44CDE900250B46A21D618801F023FE2E
S21403335005B030BD704710B492F80A4192F80531B3
S21403336003EB04230B8100235DF8044B1A4601F09C
S21403337010BE1FB50446084671B12178FF290BD04D
S214033380238B029363690193237C00936288A31DB6
S214033390E3F774F8FF23237004B010BD0868C37BFB
S2140333A073B9C37C032B0BD8DFE803F002080406CB
S2140333B0DDF760BDDDF790BDDDF7C0BDDDF76EBDA3
S2140333C0812070477047704700207047137810B508
S2140333D0032B0CD15479CBB29C4208D19379B3EB2F
S2140333E0112F04D153781B1A5842584110BD0020A0
S2140333F0FCE77FB505460E4600246946E0B201F0B9
S21403340076FD28B96A4631462846FFF7DFFF18B926
S2140334100134202CF1D1002004B070BDFFF7E9BFC2
S2140334200868C37B9BB9C37C052B10D8DFE803F081
S214033430030D070B0905DDF725BEDEF761B8DDF7DB
S214033440BBBEDEF70DB8DDF78BBFDDF75DBE8120B3
S21403345070470020704730B5102587B001AA0021B9
S2140334600195FEF745FC04462A46002102A8E8F724
S2140334708FFB2A46214602A8E8F7DCFB012102A8B7
S214033480DEF71CFA07B030BDDEF7AAB97047FFF7C0
S214033490FDBF0B68DA7B5AB9DB7C012B04D0022B09
S2140334A004D02BB9DEF72EBEDEF738BEDEF742BEFB
S2140334B081207047002307B5012101A80193D4F7A3
S2140334C00DFD08B9D4F746FB012003B05DF804FBF5
S2140334D008B502F030FA052803D0003818BF0120DB
S2140334E008BD0220FCE77047D0E9023253F82230C9
S2140334F01878003818BF0120E0F79CB9E0F7A0B9A8
S21403350000207047002070477047FF207047FF2059
S21403351070470020704700207047002070477047B0
S21403352006207047DFF744BC0868E0F71DB970B59E
S2140335300D46044600212846164601F074F9324625
S21403354020800221284601F06EF93246608004216D
S214033550284601F065F90023A360E3606060082055
S21403356070BD034641B181424FF0640005D9434321
S214033570B3FBF1F0C0B2704708467047E0F76EB988
S214033580E0F764BFE1F76CB8B0F5807F05D0A0F52F
S214033590007358425841400170470820704730B5C1
S2140335A099B00D4669461446E0F7BEFF30B915B12B
S2140335B0BDF802302B600CB10D9B236019B030BDF3
S2140335C02DE9F04788B00E46904604A905AA07469B
S2140335D01D46FFF7E4FF044638BB28800DF10C09AF
S2140335E0DDE904A39A4520D2062251463846CDF893
S2140335F0009006ABE0F7B4FFD8B9039B062B18D1AF
S2140336002A88DDF81A3042450ED2BDF8181026F87F
S21403361032102A8806EBC20253602A8853440132CA
S21403362006332A800493DBE7F7D9204608B0BDE8C3
S214033630F0870124F9E72DE9F0438FB00F46904653
S21403364001A9002204469946FFF7A9FF18B10120F5
S2140336500FB0BDE8F083062220460DF1020302A94F
S214033660FFF7AEFF0028F2D105460246BDF802106A
S214033670019CEEB28E42EAD20EAB03EBC60656F8B8
S2140336802C3C36F8306C0634BE4217BFE4180122D1
S21403369013460022013522B1C8F80040C9F80030AD
S2140336A0D6E71A46E5E770B50024012602F01DF9B1
S2140336B0E5B2C26806FA05F59542234604F101040D
S2140336C0F4D3D8B270BD70B586B0E0F77BFD00F1D9
S2140336D01006E6F7E7F800240546142201A9301978
S2140336E002F00AF91CB99DF80430FF2B16D000230C
S2140336F003F118026A4412F8142CFF2A06D11C445C
S214033700601E90FBF5F080B206B070BD2B44DBB2B2
S214033710132BEDD91434B4F5826FDED14FF0FF309E
S214033720F2E7E0F785BB07B504220DEB020102F0D2
S214033730E3F8019803B05DF804FB37B50546084681
S2140337400C46FFF7F0FFA84206D0042220460DEBF6
S21403375002010195E6F7F8F803B030BD07B50B464E
S2140337600092002102460120E0F7F4FB03B05DF867
S21403377004FB08B50121E0F725FBBDE80840E6F7A2
S2140337808FBAE0F763BE08B5FFF7F3FF002008BD66
S21403379008B513460A4601461846E0F76FFC80F064
S2140337A00100C0B208BD00207047704708B1E0F7BB
S2140337B06DBF704730B4DDE902451DB1029430BCDD
S2140337C000F0C6B930BC70471F2804D8142200F591
S2140337D0A030D9F725BE70471F2804D8142200F559
S2140337E0A030D9F749BE7047152808B505D1FFF7AD
S2140337F0DCFFBDE80840E1F78FB808BD10B5142418
S21403380086B02246002101A8E8F7C2F92023224603
S21403381001A94FF4A03001F078FC06B010BD0020DB
S214033820704713B500230C461A460146CDE900330C
S214033830E0B2E1F735FE02B010BD13B5002314461F
S214033840019001220093E0B2E1F72AFE02B010BD18
S214033850D0E9023253F822301868E1F799BF1944C9
S21403386091420ADC4218002003B9704712F8011D82
S214033870013B01EB0020DBB2F6E7002070472DE9A1
S214033880F04F4FF0000A85B0019381460F46154668
S2140338905346019A11785FFA8AF2914203D80020C0
S2140338A005B0BDE8F08F019909EB050801EB42026C
S2140338B0517892F802B011F04004009101F03F06EF
S2140338C01BD0AC19BC42D4BF002401243346640089
S2140338D0A20740F18880009B1B0640F192800E9B56
S2140338E0324603EB0B000021E8F752F93D4600236E
S2140338F01D44ADB20AF1010ACBE7042E07D866B120
S214033900B31E022B0BD8DFE803F0122130003E2E45
S21403391037D03F2E5BD03D2E4BD00320C0E7BD42B1
S21403392034BF00240124012664003346D0E7AB1CD1
S214033930BB4250DC02233A4629464846FFF78FFF30
S214033940ADF80A0002230DF10A08C1E7EB1CBB42DF
S21403395043DC03233A4629464846FFF780FF039095
S214033960042603230DF10C08B2E72B1DBB4236DCFD
S21403397004233A4629464846FFF771FF039004237B
S214033980F0E77A1E95422CDA02233A462946484641
S214033990FFF765FF4FF6FF7380B298420EBF022310
S2140339A0023083B25C19A742B4BF03240124042661
S2140339B08EE7BD4215D298F80030FF2B0CBF0123CB
S2140339C00133EC18BC42CCBF03240124EFE70124E7
S2140339D0042600237CE73446B4E70224C0E7022427
S2140339E0CDE70324E3E70E9A02EB0B0014B142F88B
S2140339F00B807DE7324641460093E8F759FA009B71
S214033A0076E702204CE710B5144686B018811A46AE
S214033A100A9B0291CDE9034301230193099B0146C7
S214033A2000930320BDF82030E1F776FF06B010BD03
S214033A301FB500240294079C0194BDF81840009417
S214033A40FFF7E1FF04B010BD2DE9F0410E4617461F
S214033A50054686B098B391B38AB34FF0000802A91F
S214033A605FFA88F001F043FA044640B99DF808303F
S214033A70032B08D008F10108B8F1200FEFD1204638
S214033A8006B0BDE8F0819DF809202B799A42F1D162
S214033A90BDF80A206B889A42ECD19DF80C30BDF82D
S214033AA00D006B7128812B4622464FF6FF71CDE938
S214033AB00067FFF7BDFF0028DCD00446DFE72124BC
S214033AC0DDE710B586B00A9C04949DF82440039461
S214033AD0BDF8204002940124CDE9003413460A467B
S214033AE001460620E1F718FF06B010BD1FB50446D1
S214033AF00846194600230094CDE90123079BBDF829
S214033B001820FFF7DEFF04B010BDF0B50228054607
S214033B100E4614461F468BB00AD106A9F0B201F032
S214033B20E6F998B99DF8193023719DF81C30637136
S214033B30119B224604930023CDE902330193109B85
S214033B403146009328463B46E1F7E6FE0BB0F0BD50
S214033B5013B500240194049C0094FFF7D6FF02B02B
S214033B6010BD2DE9F0450646884614469A460027BA
S214033B7001258BB006A9F8B201F0B9F920BB9DF870
S214033B801830012B19D19DF8192033799A4214D194
S214033B90BDF81A2073889A420FD19DF81C3032461E
S214033BA07371B9B2CDE9030ACDE901004346022099
S214033BB00094E1F7B1FE054610B90137202FD9D19D
S214033BC028460BB0BDE8F0850546F9E70023FFF766
S214033BD0C8BF10B50446E2F77DFC0021631E04F15E
S214033BE00F0213F8010FFF2808BF19709342F8D18C
S214033BF00023237410BD0020704770B506461D468B
S214033C00E2F7DCFA044608B9212070BD3046E2F735
S214033C10A3FD0028F8D0A0682A46FF21FFF75EF828
S214033C209DF81030002063719DF81430A371ECE703
S214033C3013B59DF81040CDE9003413460122FFF773
S214033C40DCFF02B010BD08B5E2F7B8FA28B1806809
S214033C50FF21FFF754F8002008BD2120FCE70122CE
S214033C60FFF7F1BF1FB50B466A460146184601F03B
S214033C7034F96A460823002032F8021B013B13F08E
S214033C80FF0380EA0100F7D1012838BF012080B284
S214033C9005B05DF804FB2DE9F04F87B0DDE9109B16
S214033CA005468846484619461F461446BDF84860EA
S214033CB09DF84CA0FFF7D6FF042D0346ABF8000093
S214033CC01AD8022D1DD9042D07D04FF2F222A1884F
S214033CD0914222D1E28891071FD5E17A0022CDE9ED
S214033CE0013720463346CDE90392CDF800A001F014
S214033CF043F907B0BDE8F08F6A1F012A11D92120C6
S214033D00F7E700224146CDE911922846224610974E
S214033D1007B0BDE8F04F01F03EB94FF6FF760C2131
S214033D20DCE7052D0ED10023E17A0022CDE9013729
S214033D30CDE903920091234652464146304601F0B0
S214033D400EF9D6E74FF2F222A188914204D1E28817
S214033D50920701D5E17AE8E74FF6FF760C21E4E710
S214033D60F0B585B00546E1F7E9FE48B16B88B3F5D3
S214033D70006F05D1681D05B0BDE8F04000F0EEBC4D
S214033D80284600F004FD0446C8B9E7B2694638463B
S214033D9001F0ADF878B99DF8006066B92946384653
S214033DA001F0A9F820B140F60443984207D08C26C8
S214033DB0304605B0F0BD0134202CE6D1F7E78D265A
S214033DC0F6E7E2F7A1B82DE9FF4704460D4601469C
S214033DD0184617461E46BDF830809DF83490DDF829
S214033DE038A0DCF787FED0B92146284601F021F932
S214033DF033463A4629462046CDE9019ACDF8008057
S214033E00E2F726F933463A4629462046CDE90D9A87
S214033E10CDF8308004B0BDE8F04701F0F7BF04B03A
S214033E20BDE8F087E2F7BEBAE2F776BAE2F79ABAE7
S214033E3010B5044601F009F9082201462046BDE8FC
S214033E401040E7F7F7BE01F002B9002101F0FFB812
S214033E5001F011B90020704720207047EFF774BDBA
S214033E60EFF7BEBDF2F768B87047E2F7E7BB70B589
S214033E7006460C46154600F04CF850B13CB135B139
S214033E80204600F0D6FC013080B2A84200D90020BC
S214033E9070BD304600F043F840B1002CF7D0012D3A
S214033EA0F5D9204600F0CAFC0230EDE73046E2F7CB
S214033EB025FBEAE7F8B5BDF8185010B3967855B960
S214033EC0D478A6F14107012F07D8621ED2B200F0BC
S214033ED0CFFD0020F8BD2C46F3E7433E012E04D861
S214033EE0A21E92B200F0DCFDF3E7D27813B90DB14F
S214033EF0AA4206D811B9E7F74BFEEAE7E7F79AFEB8
S214033F00E7E78920E6E7413803288CBF0020012035
S214033F107047413801288CBF002001207047433882
S214033F2001288CBF00200120704700207047002026
S214033F3070470388B3F57C4F01D3FFF7F8BF0846F5
S214033F40FFF7F3BF10B54A880488A2420DD1037B5E
S214033F500C79234009D0B2F57C4F08D3FFF7E7FF6F
S214033F600B891B1A5842584110BD0020FCE701205C
S214033F70FAE738B50D88D488A5420AD10388B3F585
S214033F807C4F08D2FFF7D5FF13891B1A58425841B6
S214033F9038BD0020FCE70120FAE72DE9F047154677
S214033FA00446B8B149B1EAB100264FF0140AB04648
S214033FB090F80490F3B2994501D800240AE02768E4
S214033FC00AFB06773846FFF7BDFF013628B13C46A5
S214033FD0A5F800802046BDE8F0877B8943441FFA96
S214033FE083F8E7E71446F5E72DE9F0470E4615464E
S214033FF00446B8B149B112B300274FF00C0AB846CD
S214034000B0F80890BBB2994501D800240AE063686B
S214034010324620460AFB0731FFF7ABFF28B10C46B2
S214034020A5F800802046BDE8F0870B79013713F02A
S214034030300F02BFCB7843441FFA83F8E2E71446F7
S214034040F0E72DE9F04186B00D461446984604AADB
S21403405005AB03A90646E2F727FB40B30DB1049B65
S2140340602B6034B3049D03982946FFF762FF2B8821
S214034070074602467188307800F04FFBD8B129799D
S21403408011F010030BD0EB782A46CDE900433B46EC
S21403409071883078FCF7FBFA06B0BDE8F0812A4653
S2140340A020460599CDF80080FFF704FFF4E7862045
S2140340B0F2E72046F0E77E20EEE71FB51C46002316
S2140340C0ADF80A20BDF818208DF80400ADF80610E8
S2140340D0ADF80C2069461A4601A800938DF80840EF
S2140340E0FFF7AFFF009804B010BDF0B587B00E46DB
S2140340F005AB04AA03A90446E2F7D6FA08B3049D5F
S21403410003982946FFF715FF2B8807460246618862
S214034110207800F004FBB0B1297911F0100108D023
S21403412000963B462A4661882078D2F78FF907B077
S214034130F0BD009101232A4631460598FFF7BAFEE3
S214034140F5E78620F3E77E20F1E72DE9F041064602
S21403415000254FF014080779E8B2874201D80024F7
S2140341601AE008FB05F0D6F800C00CEB00043CF898
S214034170000081421AD132B1802A10D194F90CC0C2
S214034180BCF1000F12DAB0F57C4F05D32046FFF7DB
S214034190CEFE834200D04BB92046BDE8F081402ACC
S2140341A004D194F80CC01CF0400FECD10135D3E7D2
S2140341B00121E2F7B5B908B513460022E2F7DEFAA5
S2140341C0003818BF012008BD08B513464022E2F7A1
S2140341D0D5FA003818BF012008BD08B5134680225B
S2140341E0E2F7CCFA003818BF012008BD08B5402214
S2140341F00023E2F7C3FA003818BF012008BD08B54C
S21403420080220023E2F7BAFA003818BF012008BD5F
S2140342100023E2F7B3BA0021E2F720BB10B5044649
S2140342200121E2F71BFB2046BDE8104001F022BE49
S2140342307047F8B516461F469DF81820BDF81C3083
S2140342400546E2F79BFA78B10421E2F785FB0446BC
S21403425050B1284600F00EFB3A4631462846A047A2
S214034260BDE8F84000F0FABAF8BD2DE9F74F1E4650
S214034270DDE90C9B074688461446BDF838302AB35A
S214034280B9F1000F22D00EB392F804A099F80020DB
S214034290504612F0080F0CBF802240226188E2F7D6
S2140342A06DFA98B10821E2F757FB054670B1504600
S2140342B000F0E0FA3346224641463846CDE9009BF5
S2140342C0A84703B0BDE8F04F00F0C8BA03B0BDE896
S2140342D0F08FF8B5BDF8187016461A463B460446E6
S2140342E0E2F74CFAE0B177B90221E2F735FB05466F
S2140342F0B0B1204600F0BEFA31462046A847BDE8D6
S214034300F84000F0ABBA1021E2F726FB054638B1B9
S214034310204600F0AFFA3A4631462046A847EEE775
S214034320F8BD73B5BDF8184016461A46234605462B
S214034330E2F724FAB8B1C4B92021E2F70DFB04462C
S21403434070B1284600F096FA099B3146009328463A
S2140343509DF820309DF81C20A047044600F07EFA06
S214034360204602B070BD8624FAE70024F8E72DE95C
S214034370F04186680446007800F07CFA002514278E
S2140343803279EBB29A4203D8BDE8F04100F066BA40
S2140343907B4332682078D15A02EB030800F0C1F958
S2140343A001214046E2F7D8FA034608B12078984739
S2140343B00135E5E72DE9F04F1C4689B09DF84C30F2
S2140343C0BDF8488001939DF85030924602932246EA
S2140343D0434607460D46E2F7D1F98DF814700646B4
S2140343E0ADF816508DF81840ADF81AA0ADF81C803D
S2140343F018B9012009B0BDE8F08F05A9FFF7A2FDA3
S2140344000028F6D000252F46A8462C4634E00C2379
S2140344101FFA85F903FB09F931887368B1F57C4FF8
S21403442033F8092003EB090B1AD333F80900504578
S2140344302CD3019BA3422DD900F0B8F99BF80200B8
S214034440E2F736FF029B43B19BF8043013F0010FEB
S2140344500CBF05200720E2F72BFF0134A4B219E0B6
S214034460ADF81A205946304605AA0393FFF781FD97
S214034470039B0028D9D101353289ABB29A42C6D8FC
S21403448004EB0800C31B58425841B3E708F1010880
S2140344901FFA88F80137BFB2EDE710B5012488B0DC
S2140344A006949DF83C4005949DF8384004949DF886
S2140344B0344003949DF8304002940B9C0194BDF85D
S2140344C028400094E2F78CFB08B010BD2DE9F047B6
S2140344D086B0BDF83880DDF83C909DF840A0CDF856
S2140344E00080CDE9019A04460D4616461F4600F0A5
S2140344F012F9B8B1431EDBB2012B10D800230122F8
S214034500811E48424841CDE90432CDE902A03B462C
S214034510324629462046CDE90089FFF7BEFF06B09E
S214034520BDE8F0870120FAE730B50024012587B0FF
S214034530CDE9044503959DF82C5002950A9DCDE9D7
S2140345400045FFF7AAFF07B030BD30B500240125AC
S21403455087B0CDE9044503959DF828500094CDE92E
S21403456001354023FFF799FF07B030BD10B501248E
S21403457086B0CDE90444002403949DF828400294B1
S214034580099C0194BDF820400094FFF786FF06B00F
S21403459010BD1FB5089C03949DF81C400294069C0E
S2140345A0019400240094E2F717FC04B010BD704792
S2140345B02DE9F84F0229074688460C9D04D84FF08C
S2140345C0000A5046BDE8F88F1BB10429F7D942F01C
S2140345D004023A702BB303247B701B0ABB70E3F709
S2140345E011FF4FF000099DF82830385504F1020AF0
S2140345F001343B550B9A5FFA89F3D45C002CE0D068
S214034600732C10D82E464C2C56F804BB3DD0532C96
S21403461015D0622C45D1AC8805F1080600231A464E
S21403462016E00124DBE7A4F17503032BC7D8763C19
S2140346302E1D022C52D8DFE804F0565A58006A683A
S21403464005F1080694B2D2B2B2F1FF0318BF0123F4
S2140346500AEB040119448845B1DB50461946002984
S21403466047D153441FFA83FA5CB1BBF1000FA6D0BF
S214034670224607EB0A005946E7F71AFC54441FFA8A
S21403468084FA354609F10109B4E74FF6FF736A6801
S21403469005F1080694B222469C4214BF0223002367
S2140346A0D6E76C2C05D1584600F0C8F8841CA4B293
S2140346B0B4E7732C04D1584600F0BBF8441CF6E765
S2140346C0A4F13003DAB2092A01D89CB2A6E7A4F112
S2140346D04103062B3FF673AF373CE8E7012300247C
S2140346E02A68A346B4E70223F9E70323F7E704237C
S2140346F0F5E700F1010C01393A54C9B2120A1FFA60
S2140347008CF0ACE70020E2F75BBD0022E2F778BD51
S2140347100023E2F78BBD012070470120704701207C
S214034720704770470020704700207047002070478E
S21403473000207047002070470020704770470E2007
S2140347407047002070470020704700207047002005
S21403475070477047FF2070470E20704784207047CD
S214034760704700207047704700207047002070474E
S21403477000207047002070470020704700207047D5
S2140347800020704770470E207047002070470020B7
S214034790704700207047704770470E207047704779
S2140347A000207047812070477047704738B505462C
S2140347B0C0B2E2F77DFD0446280AE2F779FD14B19C
S2140347C0002808BF0024204638BDF8B50546C0B209
S2140347D0E2F76EFD0446C5F30720E2F769FD0746D8
S2140347E0C5F30740E2F764FD0646280EE2F760FDD0
S2140347F024B12FB136B1002808BF00242046F8BDE7
S2140348003C46FBE73446F9E710B4CC18944203DC85
S2140348105DF8044BFFF723B800205DF8044B7047A0
S2140348200423FFF7F1BF08B50223FFF7EDFF80B2BD
S21403483008BD0078FF2808BF0020704708B502228D
S2140348400021FFF7F0FF4FF6FF73984208BF0020E2
S21403485008BD003818BF012040007047002070478D
S21403486008B5FFF7A5FCFF284FF0FF3018BF002060
S214034870C0B208BD08B5FFF7F3FFFF280CBF212021
S214034880002008BDF8B506460C4615461F4600F040
S21403489011F810B12544AC4200D1F8BD3946304674
S2140348A014F8012BE2F7F6FDF5E701460022022095
S2140348B0E2F780BD0120704737B50546E1F70AF8F1
S2140348C0044601950CB981201CE0237823B12046C9
S2140348D0E1F708F80446F5E72B6862685B889A42B6
S2140348E0F5D1A368EA7B99B272B12A8A9142EED1D6
S2140348F06A7DB2EB134FEAD10020E36801A998471B
S2140349008128E4D003B030BD4FF6FF72EEE72DE901
S214034910F84304460F46904699460BB3012A1FD820
S2140349200C20E7F73BFB064610B91920BDE8F883D1
S2140349301020E7F733FB18B93046E7F737FBF4E701
S2140349400123002547EA084770600570C0F80C90FD
S2140349504460876033803046E0F7B4FF2846E5E7D7
S2140349602120E3E738B50446436808460D469847D2
S214034970B4F90830002B02DB2B78042B06D1002376
S21403498020466360BDE83840E3F716B938BD30B556
S2140349904FF48A5587B0ADF816200DF116041A4663
S2140349A0029543B100230122CDE90033234600F0EC
S2140349B01EFA07B030BD019401240094F7E7FFF711
S2140349C0EBBEFFF7BEBE0020704708B500F001FB44
S2140349D020B900F048FB08B9E0F76CF9FFF7D2FE00
S2140349E0BDE80840FFF7DBBE0020E3F74DBD00211E
S2140349F0E3F7EABD0022E3F7A9BD1FB5D2880B464D
S214034A0012F0200F4FF6FD7114BF49245224ADF85F
S214034A100610510544BF083CE4B2110544BF083CE8
S214034A20E4B2120444BF023CE4B2032805D8DFE82C
S214034A3000F0020F161CADF80630BDF80600FFF7AF
S214034A4089FEFF281CBF241AE4B2204604B010BD1A
S214034A5002AA0DF10601D8B200F079FAEDE7D8B252
S214034A6000F047FAADF80600E7E7013CE4B2E4E7F6
S214034A70F8B5064617460D4681B10C78FF2C0BD0C9
S214034A800846FFF7D6FEB84228BF3846C4B22246C9
S214034A90691C701CE7F7CEF83470F8BD0C46FBE7CC
S214034AA070B5044615460E4611B94170017070BDC7
S214034AB00B78FF2B05D14B78FF2B02D10370437085
S214034AC0F5E73046FFF7BAFEA84228BF284685B268
S214034AD02A46B11CA01CE7F7ADF825702D0A6570B1
S214034AE0E5E7F0B523B9013A531C2FD1002020E0A7
S214034AF0042AFBD800231C46551E6E1C1AD1042A12
S214034B0010D00121D200501E01FA00F020421EBF31
S214034B10914049420C4318421EBF4FF0FF3101FA41
S214034B2002F213439C421EDCB4BF4FF0FF3000205A
S214034B3040B2F0BD40B1465DEF00BE4034434E5D2B
S214034B40013DBE403343D8E70646F5E78C5C38B9EB
S214034B500346A34202F1FF32C6D24FF0FF30E8E726
S214034B60835CA342F5D90120E3E7283807288CBFE6
S214034B700020012070471D2810D004D840B11C28FF
S214034B8004D0552070471E380128FAD81A2901E0A8
S214034B900B390F298CBF5520002070470829F9E7E9
S214034BA0002000217047F7B59DF820400546082CE5
S214034BB0104619469DF8246036D8002213462C4426
S214034BC0AC4208D106F0FD04382C0ED10096FFF750
S214034BD0E7FF03B0F0BD14F8017D1B0243EA12633E
S214034BE01202BA1843F10003EAE7392E10D107EE92
S214034BF0100A07EE902AB4EEE77AF1EE10FACCBF6D
S214034C0077EE677A77EEC77A002117EE900AE0E729
S214034C10824273EB010403D2801A61EB0301D8E7E7
S214034C20101A63EB0101D4E700200146D1E738B53B
S214034C30C36814461944836853F821501AB12846AA
S214034C40E6F7A2FE2070284638BD2DE9F3411C4640
S214034C5016460DF107029DF82050FFF7E8FF9DF872
S214034C6007308046A34288BF8DF807409DF807703B
S214034C700DB1E41BE5B22A4600213046E6F788FF6D
S214034C803A4641467019E6F7D5FF384602B0BDE806
S214034C90F0812DE9F3411D46164601AA9DF82040F2
S214034CA0FDF726F8019B80469D4238BF0195019F7C
S214034CB004B1EC1B224600213046E6F769FF3A466C
S214034CC041463019E6F7B6FFF8B202B0BDE8F08108
S214034CD073B50024154601AA1E460194FDF708F88D
S214034CE0019B072B0AD92146CCB216B1C4F107049F
S214034CF0E4B2425C013108292A55F5D1D8B202B094
S214034D0070BD1FB5030A8DF80E300323009303AB63
S214034D108DF80D0000F0BBF805B05DF804FB1FB579
S214034D208DF80F100421030A8DF80E30009103ABA3
S214034D308DF80D0000F0ABF805B05DF804FBF0B598
S214034D4089B016689DF83C50CDF809608DF811308F
S214034D505668BDF83830012D109FBDF84440CDF895
S214034D600D60ADF812308DF8145014D0032D19D100
S214034D703B68CDF815307B68CDF819309DF8483080
S214034D808DF81D3016230093BDF84C2002AB00F0BF
S214034D907EF809B0F0BD8DF81540240A0F238DF870
S214034DA01640F0E70120F4E71FB50446084611460F
S214034DB01A4602238DF80D100093214603AB00F02C
S214034DC066F804B010BD10B514461A460B6886B0D4
S214034DD0CDF80D304B683421CDF811300A230093FB
S214034DE003AB8DF8154000F052F806B010BD2DE960
S214034DF0F041B6B014461D4606460F469DF8F080B1
S214034E00E3F706FE03AA8DF80C001046330A8DF866
S214034E100F703F0A8DF80E308DF80D602B468DF817
S214034E2010708DF8114005EB4405AB4202F1020207
S214034E301FD16200D2B2931DDBB23D99D8336B44C7
S214034E40073203F8CC8C01EB4805D3B250FA82F252
S214034E50A94202F1020212D103EB48030090062195
S214034E603046BDF8F820DBB2E3F7DCFD36B0BDE82C
S214034E70F08133F8021B1171090A5171D5E731F835
S214034E80024B02F8024C240A02F8014CE0E72DE933
S214034E90F0411C4605460E4617469DF81880E3F774
S214034EA0B7FD207043463A46314628460694BDE889
S214034EB0F041E3F7B7BD002070477047D7F71ABE37
S214034EC070477047704770477047002070477047B9
S214034ED07047002070477047704702F0EEBEFEF73B
S214034EE074B8FEF757B803F031BAF8F77BB903F096
S214034EF01EBAF8F735B9F8F79DB9F8F757B9FEF7BC
S214034F001EB9FEF76DB8FEF77AB8F4F7CFBBF4F721
S214034F10D3BBF3F733BBF2F755BCF2F759BCEFF745
S214034F202DB9FEF7B7B8FEF77CB8FDF718BFFEF746
S214034F309FB8FEF78BB830B4BDF808409DF80C5008
S214034F40CDE9024530BCFDF729BFFDF796BFF8F75C
S214034F50E3BAE3F7B7BDF8F7A9BBF7F7F5B970B44B
S214034F609DF80C40BDF810509DF814600394CDE9ED
S214034F70045670BCF5F7FAB970B49DF80C40BDF84A
S214034F8010509DF814600394CDE9045670BCF5F7F1
S214034F902DBAF5F717BB10B49DF8044001945DF8DD
S214034FA0044BF5F767BA10B49DF8044001945DF816
S214034FB0044B01F073BF01F073BFFDF7A2BFFDF70B
S214034FC0B2BFFDF7C5BFF1F765B9F1F7A7BFF1F7B4
S214034FD079BFF0F78BBF02F09FBAF1F72FBB02F051
S214034FE0E1BAF1F78FBCF1F761B8F1F79DBFF1F7BE
S214034FF01FBFF1F735BFEFF775BEFEF7B5B8FEF77F
S21403500068B8FEF77BB8FEF788B800F00BBC00F074
S21403501004BCF7F7CFB9F4F7D9BFF7F7A9B9F7F791
S214035020CFBAF4F7A3BFEFF795B8F6F7C5BBFFF70C
S21403503045BFFAF7BBBEFEF7E3B8FDF753BFFEF76F
S21403504038B801F001BDE3F79BBCEFF747BCEFF7B9
S21403505041B901F09BBF01F06BBFEFF78FB9EFF7D4
S214035060CDBBEFF7D1BBEFF7FDB8E3F7A5BCE3F78E
S214035070B7BCE3F78FBCEFF7ABB8E3F795BCF9F72C
S2140350806DB801F053BF01F01ABFEFF7A7B8EFF7FB
S2140350900FBCEFF7EFB8E3F733BDE3F72BBDF8F735
S2140350A061BEF9F74DB803F05DBA03F063BAF8F7DB
S2140350B0D1BEF9F74DB800F063B900F0A1B900F01E
S2140350C0C9B900F0A0BA00F010BB00F079BAE4F753
S2140350D00DBA00F0E6B900F013BA00F026B810B522
S2140350E01C4601F0C2FD05F00AFF0023C0F3402072
S2140350F02370400010BD002208B50B461146FFF78B
S214035100EEFF023818BF012008BD00207047704725
S2140351100020704770470020704770470E20704786
S2140351200120704770470120704714220021E6F7DC
S2140351302FBD704770B505460C468AB02522002160
S2140351400DF10300E6F724FD6B68CDF81D30AB6860
S214035150CDF82130234601AC03F110062246186829
S2140351605968083303C2B3421446F7D101236A7B56
S2140351708DF8023012F0040F0CBF4FF480734FF417
S214035180A073110748BF43F48063ADF8003093075C
S21403519048BFBDF80030684644BF43F00803ADF887
S2140351A00030F4F71DFC0AB070BD30B5427B0D46E7
S2140351B0D10704468BB007D5407801A9F4F776FCEF
S2140351C0D8B12D200BB030BD9307FAD5C2F38003B8
S2140351D010074FEA8313ADF8023044BF43F48063ED
S2140351E0ADF80230BDF80220201D0AB10DF102020F
S2140351F001A902F07FFD0028E3D001AB03CB9DF8A5
S2140352001430A1602373BDF810306060590642BFA6
S214035210627B42F0040262735A0542BF627B42F02D
S214035220080262731B0742BF637B43F00203637388
S2140352302B4606AC0AAD224603CAAA42186059603A
S214035240144603F10803F6D10020BBE7F0B5044685
S2140352500D4693B0252200210DF12300E6F798FCB6
S214035260636804F1040CCDF83D30A36809AECDF8AD
S21403527041302B4605F11007324618685968083343
S21403528003C2BB421646F7D105238DF82230637B53
S2140352905B0103F40073ADF820306378FF2B1AD15B
S2140352A0002360461A4601A900F0CAF99DF80530A6
S2140352B0FF2B0DD1002301A91A46184600F0C0F9AA
S2140352C09DF80530FF2B03D11C26304613B0F0BDE6
S2140352D09DF8053063700020617808AA00F09BFAF9
S2140352E006460028F1D1607801A900F02FFA2B4674
S2140352F003AD2A4618685968083303C2BB421546ED
S214035300F7D1637B6078DB0648BF9DF81C3001A9A4
S21403531044BF63F07F038DF81C3000F02EFAD4E709
S21403532010B504468AB02422002101A8E6F730FC13
S214035330637B590744BF4022ADF810201A0742BFCB
S214035340BDF8102042F48062ADF81020DB070FD5BD
S214035350607801A9F4F7AAFB10B12D200AB010BD9E
S21403536001AB03CB637B606043F00203A16063730E
S21403537004A9201D02F0C0FC0028EED00020EDE7B3
S2140353801FB5694600F066F8002818BF2D2005B043
S2140353905DF804FB73B50D4614460646E3F7D4FCE6
S2140353A06B881A071AD522463146102002F085FC70
S2140353B02046E3F7C9FC6B88D90717D50023224696
S2140353C001210DF107008DF80730E3F789FF6B889D
S2140353D0002B0CBF2120002002B070BDDE06EAD5EC
S2140353E022460821281DE3F77BFFE1E79A0701D54C
S2140353F00223E4E75B07EAD50323E0E70F207047C1
S2140354001FB50C46694600F025F81022214668466B
S214035410E6F70AFFB0FA80F0400904B010BDB8B151
S214035420B1B14388A3B90378013B082B10D8DFE852
S21403543003F00507090B0F0F0F0F0D00E3F752BE1E
S214035440E3F7ACBEFFF776BEFFF700BFE4F73AB864
S2140354502120704738B50D4609B300B30378013BE6
S214035460082B1AD8DFE803F0050D101319191919BC
S2140354701600E3F76FFE0446284602F01EFE20469B
S21403548038BDE3F7ABFEF6E7FFF78FFEF3E7E3F788
S214035490DBFEF0E7E4F720F8EDE72124ECE7212430
S2140354A0EDE770B586B0064601A80C461546FFF72D
S2140354B03CFE04238DF804301CB12068616802ABFF
S2140354C003C3294601A88DF80560FFF7A8FF06B0B9
S2140354D070BD70B586B0044601A80D461646FFF7A4
S2140354E024FE0323206861688DF8043002AB8DF830
S2140354F0116003C3294601A8FFF791FF06B070BDEC
S2140355000022FFF7E6BF30B5437B044613F00102E3
S2140355100D468BB007D0407801A9F4F7C7FA70B1EF
S2140355202D200BB030BD9B07FAD5ADF8022001A99C
S2140355300DF10202043002F0DDFB0028F0D000215A
S2140355400E22A81CE6F724FBBDF810302B80039B25
S214035550AB60BDF81230AB819DF81430237301ABFA
S21403556003CB6060A1600020DBE770B5437B044695
S214035570DB070E468AB003D42D2528460AB070BD35
S2140355806946407800F045F905460028F4D1DDF871
S2140355901D300E226360DDF821300146A360637B75
S2140355A0B01C43F002036373E6F7F2FABDF800306B
S2140355B0069A43F004033380059BB2607360DCE70E
S2140355C00B4610B50446102200211846E6F7E0FA0B
S2140355D02278032A09D0042A0DD0022A11D10146C3
S2140355E02046BDE81040E3F7DDBF01462046BDE890
S2140355F01040FFF788BF01462046BDE81040FFF77E
S214035600B4BF262010BDF8B5074608460C46164616
S2140356101D46FFF78AFD04232370637B314643F060
S2140356200103204667706373FFF714FF08B12D204C
S214035630F8BD29462046FFF7C3FF0028F8D0F6E753
S214035640F8B5054608460C461F461646FFF76DFD99
S2140356500423237025B108222946E018E6F7EAFA60
S214035660637B43F0020363734EB932460121284637
S21403567000F0DAF8FF28607007D12D20F8BD314618
S2140356802046FFF7E7FE0028F7D1637B43F00103CC
S21403569063730DB90020F1E7002FFBD0394620468F
S2140356A0FFF78EFFF6E7F8B50C460746084616469C
S2140356B01D46FFF73AFD03232046394600F8043B10
S2140356C00822E6F7B7FA637B314643F00203204627
S2140356D06373FFF7BFFE08B12D20F8BD29462046A9
S2140356E0FFF76EFF0028F8D0F6E7F8B5074608463A
S2140356F00C4616461D46FFF718FD03232370637BEF
S214035700314643F00103204667706373FFF7A2FE3A
S21403571008B12D20F8BD29462046FFF751FF002883
S214035720F8D0F6E718B18022012100F07DB8FF20FB
S2140357307047002307B51A4619460093F5F7B8FED7
S214035740B0FA80F0400903B05DF804FB0B4610B5D1
S21403575019220446FF211846E6F71AFA7E2C01465C
S2140357608CBF04F5C43004F583304FF01902BDE84E
S214035770104088BFAD30D7F753BE7E2888BF00F5EC
S214035780C4304FF0190294BF00F58330AD30D7F71D
S21403579073BE30B589B00D46FFF7C4FFFF28044635
S2140357A00DD001A9FFF7D2FF2868696801AB03C3D0
S2140357B0204601A9FFF7E1FF002009B030BD2D20E8
S2140357C0FBE7704770470020704770470F2070470D
S2140357D00F207047002070470F2070470020704747
S2140357E00020704784B08DE80F00002004B0704797
S2140357F07047704700207047704700207047704717
S2140358000020704701207047704700207047012032
S21403581070470E2070470E2070470E2070470020FA
S214035820704770470E207047FF20704770477047D9
S21403583000207047704770477047002070477047D6
S214035840002070470020704700207047704770475D
S21403585000207047002070477047002070470020E4
S214035860704770470020704710B50024E3B210B9A4
S214035870C3F10303DBB20134042CCA544FEA1222E9
S214035880F4D110BD10B50B784C788A78C97828B94E
S21403589010462246044608461946034642EA0120B5
S2140358A043EA042343EA004010BD7047E3F72EBFE4
S2140358B008B5D2F751FA002814BF8620002008BD89
S2140358C008B5D2F719FC003818BF012008BD08B583
S2140358D0D2F7D2FB003818BF012008BD08B5D2F7AF
S2140358E057FC003818BF012008BD08B5E3F7EEFFE4
S2140358F0BDE80840E3F79CBF70B504460D46164660
S214035900E3F7E4FF0420E3F785FF32462946204603
S214035910FFF7DDFF04460220E3F77CFF204670BD59
S21403592008B5E3F7D3FFBDE80840D2F789BBE4F731
S21403593005BBE4F7E5BA08B5E4F7E2FA20B1BDE83B
S21403594008400020E4F71ABC112008BD10B5044631
S21403595008B1E4F7F5FC2046BDE81040FCF7C8BFE5
S21403596010B50446006A10B1616AFFF7EFFF002026
S214035970C4E9080010BD38B50546FFF7F1FF2B7ED6
S2140359800446012B0ED0023B012B0ED8EB69012BEC
S21403599018BF6FF09604282200212846E6F7F8F889
S2140359A0204638BDEB69002BF2E76FF09604F2E76A
S2140359B018220021E6F7ECB870472DE9F84F984611
S2140359C0DDE90B490D9B15469A0706460F4623D07D
S2140359D02A460A9B03EB040A1444A24220D10D9BD9
S2140359E09B0705D5A2EB050AD14505EB0A0420D88B
S2140359F02046BDE8F88F434639462020B0470AF1D3
S214035A00010ACA450AEB0B02F5D3A9EB04024C457F
S214035A1088BF00222A44DCE7A246A5EB040BF0E786
S214035A2002F1010B434639461AF8010DB0475A46B0
S214035A30D3E74346224639462020B0470AF1010AF7
S214035A40D2E72DE9F047DDE90D7616F0020F9DF853
S214035A502880DDE90854DDE90BCE1FD106F00109E5
S214035A604FB1B9F1000F06D0B8F1000F02D116F00E
S214035A700C0F00D0013F4FF0300A04E0202C04D076
S214035A8005F804A001347445F8D3B9F1000F05D026
S214035A904FF03009A74201D9202C2DD116F0100F54
S214035AA01FD016F4806F2CD15CB3744501D0BC4272
S214035AB027D1B4F1010E23D0BCF1100F46D1023C1E
S214035AC016F0200F28D1202C28D04FF0780C05F89C
S214035AD004C00134202C21D04FF0300C05F804C04C
S214035AE00134202C1AD0B8F1000F23D04FF02D0C20
S214035AF005F804C0013412E005F804900134C9E740
S214035B007446BCF1100FDBD0BCF1020FE2D1202C9F
S214035B1004D04FF0620CDAE7202C08D12024CDE91C
S214035B200A76CDE90854BDE8F047FFF746BF4FF0C5
S214035B30580CCCE716F0040F02D04FF02B0CD7E727
S214035B4016F0080FEBD04FF0200CD1E7BCF1020F94
S214035B507446C1D1DDE72DE9F04391B0189D1A9E36
S214035B601D9F0DB927F010077C0500D515B317F058
S214035B70200F14BF4FF0410E4FF0610EAC460025C8
S214035B800DF12008AEF10A0EBCFBF6F906FB19C9A7
S214035B905FFA89F4B9F1090F94BF30347444E4B260
S214035BA0B44508F8014B05F10105BCFBF6F401D337
S214035BB0202D10D11C9C069705941B9CCDE90364ED
S214035BC09DF86440CDE9015408AC0094FFF739FF13
S214035BD011B0BDE8F083A446D6E72DE9F04F95B0A3
S214035BE0269ECDE90A23DDE91E74DDE9229B57EAEA
S214035BF0040308BF26F010067205CDE9080102D596
S214035C0057EA040337D016F0200F14BF412361234D
S214035C1000250DF1300AA3F10A0821464A465B46E1
S214035C203846E5F749FCD2B2092A94BF30324244DB
S214035C304F45D2B274EB0B0405F101050AF8012BAC
S214035C4001D3202D14D1259B06960593249BDDE9CD
S214035C500801CDE903939DF88030CDE901530CABE1
S214035C600093DDE90A23FFF7ECFE15B0BDE8F08FDD
S214035C7007460C46D1E70025E5E708B100F014B85F
S214035C80704710B1D1E900311847704738B5441E44
S214035C9014F8015F25B90A2000F006F8284638BD37
S214035CA0284600F001F8F3E701460020FCF7F3BBB3
S214035CB070477047EDF762BE704708B5FCF7BCFB4C
S214035CC0D2F74AF8BDE80840D4F75AB9704708B582
S214035CD0D2F78AFBFBF756F8BDE80840E3F7F6BDB4
S214035CE008B5FBF778FFE4F75FFBFBF752FEE4F734
S214035CF0FDFEE4F7E9FEE4F76BFEBDE80840D7F7E0
S214035D0069BB08B5D5F780FBFBF732FED5F788FBF2
S214035D10FBF730FED9F770FDD9F716FED9F71EFF4D
S214035D20BDE80840D9F73CBE70477047E4F776BE37
S214035D3008B5FCF7CCFFBDE80840FCF7F7BF704793
S214035D4007B500220346114601200092D8F7CEFE7F
S214035D5003B05DF804FB07B500920B46027D81890C
S214035D608068FDF78CFD003818BF0120C00103B022
S214035D705DF804FB08B50020E0F740FA0020E1F7E1
S214035D80D1FF0020DAF7CAF80020DAF761FB00201B
S214035D90DAF760FD0020DBF74DF80020DBF776FD31
S214035DA00020DEF7A5F80020DEF710FE0020DFF760
S214035DB005FCBDE808400020DFF7F0BC08B501206D
S214035DC0FDF73FFA0120DAF709FABDE8084001209B
S214035DD0DBF730B808B50220E0F704FB0220DFF754
S214035DE0F7FC0220E2F7ACFA0220FFF7A2FD02203E
S214035DF0FDF7C7FC0220DEF7E9FDBDE808400220F8
S214035E00DFF790BFDAF72EBBFDF7DBBF70477047AF
S214035E107047704770477047704710B50446DFF702
S214035E209BFE2046FDF743FA2046DCF741F8204662
S214035E30DCF794FF2046BDE81040FDF7D5BCFDF720
S214035E40F0BCFDF7FABCDFF7C3BB70477047FDF73E
S214035E5052BA70477047704770477047704705F0EF
S214035E6014B870477047DFF74DBC704770477047EC
S214035E70704770477047D0F735BAFEF77DBC70475A
S214035E8000207047FEF77ABCFEF783BC7047431EBC
S214035E90012B03D9031F584258417047012070470E
S214035EA000F021BC4FF4D0720021E5F771BE70B547
S214035EB00446E7F745FF0546A8B9A169F1B1238A69
S214035EC0D3B1204604F11002E7F7E8FD38BBE169D9
S214035ED019B3638AA3B1204604F1120200F0CAFA8A
S214035EE078B1054603E00023A3612361E361002341
S214035EF028466361236270BDA061E8E72082E6E777
S214035F00E361216A0029F2D0A28A002AEFD0204654
S214035F10E38ABDE8704000F06FBA6182F1E76582FC
S214035F20E561DEE711B9D0F8DC1021B1CB6813B117
S214035F308B68D88970474FF6FF707047E6F7E4BF63
S214035F4010B50C461146E7F705F8E8F733FA0128CB
S214035F5001D1002010BD002CF7D10520FAE700F090
S214035F60CFB900F0E3B970B500232425D0F8DC00E0
S214035F70C4689C4201D1212070BD826805FB0322C0
S214035F80D6898E4202D8128A8A4201D20133F0E7BA
S214035F900020F1E7F8B506460D46E6F751FAD8B9FC
S214035FA04FF6FF734FF0240CEF68C1B28F4208D848
S214035FB01C4621463046E6F7F9FB00F09AFB2046DE
S214035FC0F8BDAA680CFB0122D4899C4202D2002C9D
S214035FD0EFD023460130E8E70024F0E7C08D704792
S214035FE00A7838B505461046FFF751FF60B14C787E
S214035FF02046FFF74CFF38B12243530704D4284604
S214036000BDE83840E7F7F2B9212038BD10B504469D
S2140360100878FFF73CFF58B14A781046FFF737FF7A
S21403602030B1042A04D02046BDE81040E7F7FCB997
S214036030212010BD00F0E8B8E7F75EBD084600F083
S21403604008BBE7F79DB838B504460D4600F08EF852
S21403605050B129462046E6F7A9FB30B92946204623
S214036060BDE83840E7F754B80E2038BD70B516467D
S2140360700C4604F064FD314605462046EAF736FA38
S2140360800446284604F056FD204670BD00F032B99B
S21403609070B5044600200E4600F027FBD4F8F050F7
S2140360A03DB1002331462046AC46BDE870401A4653
S2140360B060472B46012231462046E7F7C1FA2846B9
S2140360C070BD38B5044648880D4600F00EFBD4F87C
S2140360D0F0302BB929462046BDE83840E7F7BEB96D
S2140360E0022038BD00F003BB00F03CB9E6F7DEBE85
S2140360F0E9F7D6B970B5BDF81060054606B16BB1C1
S214036100334428469BB200F077F9044620B91EB103
S2140361103146284600F0ABF9204670BD2124FBE744
S214036120E8F744BDC0F8EC1000207047E7F7D0BB93
S21403613000F05EB910B4BDF8044001945DF8044B5A
S21403614000F09FB80B4610B514461846A16892880F
S214036150E5F7AEFEE168034631B1A0886288121AFD
S21403616092B21844E5F7A4FE002010BD0346408A09
S21403617018B1188A003818BF012070470846E9F797
S2140361809BBA00F0ECBA00F0EABAE9F7A7BC0847F6
S21403619008B5E6F7D3FEC0B208BD022A01D800F060
S2140361A0E2B921207047022A01D800F0EDB9212078
S2140361B07047022A01D800F0F9B921207047E8F7A2
S2140361C0E7B90846E8F702BA00F018BA00207047A5
S2140361D0002070477047D0F8943003F06003402BDC
S2140361E00DD0602B03D0203B58425841704749B12D
S2140361F00B68012B06D9486940F00100704740F24E
S2140362000110704700207047F7B504461046D4E9DE
S21403621054C7DDE908268CEA020587EA060105402D
S214036220194085EA0C057940C4E95451002523F446
S214036230004106EA010320F0010043F40073024024
S21403624043F00203CDE90055EBF71AF894F824302F
S2140362509A0713D5D4F854319B050FD54FF48811FC
S214036260204600F058FB94F82430024665F34103B9
S21403627084F8243020460B46E6F734FE002003B0AD
S214036280F0BDF0B587B01C461746BDF830601AB9A6
S2140362900024204607B0F0BD002BF9D00029F7D024
S2140362A001AAE8F783FC0028F2D0BDF80630A2194D
S2140362B09A42BDF80850C4BF9B1B9CB2B54212D984
S2140362C00399AD1BADB23144A5420391ADF8085016
S2140362D00DD22A463846E5F7EBFD0499621B78197A
S2140362E0E5F7E6FDD5E70499761B3144049122468B
S2140362F03846F5E70846EAF799B80220E9F7E4BB1B
S21403630008B5D0F8E4304BB11A68022A06D993F8D8
S21403631025204AB1186AB0FBF2F008BD4FF4466276
S2140363204C210020E6F7A4FA0020F6E7D0F8E42094
S21403633008B57AB11368022B0CD9536A13F47F4F4E
S214036340C3F3072106D0126ADBB253438B42B3FB77
S214036350F1F006D2002040F67F424C21E6F788FA99
S214036360002008BD0346D0F830010860B3F8343186
S21403637000208B80704790F830310C2B14BF90F8B8
S2140363802B00FF20704738B50C464FF400610546D6
S214036390ECF71AF870B17CB195F81E3173B94FF467
S2140363A080724FF480712846EBF7FAFF003818BF67
S2140363B0012038BD2202F4E72246F2E70020F8E780
S2140363C04FF48071ECF700B808B54A024FF4007139
S2140363D0EBF7E6FF002008BD08B58A024FF480619C
S2140363E0EBF7DEFF002008BD4FF40071EBF7ECBFC0
S2140363F0062300208B717047B2F5805FF8B50F4611
S2140364000646154619462ED89A422CD33F2A26D935
S214036410B2FA82F40122C4F11F03DBB29A4092B2AD
S214036420AA422CBFC4F11904C4F11A04E2B201242F
S214036430931DDBB29C40A4B2AC4212D096F8F53062
S2140364409BB9012096F8243060F3C71386F82430EE
S2140364503846E8F7BFF900203762B582F8BD002258
S214036460ECE70020EEE72120F8E70E20F6E70846E3
S214036470E8F7D0B970B505460E46144602B313883E
S2140364803F2B1DD9B3FA83F3C3F11901C9B2062909
S21403649001D8192B12D0062928BF062101238A1DED
S2140364A0D2B2934030462380E8F7BCF923882846C7
S2140364B0EE616B82E8F740FA002070BD0021EDE73D
S2140364C02120FAE710B5144608460121E9F784FEB1
S2140364D02046BDE810400121E9F77EBEF8B5044624
S2140364E00E46174604F02BFB3A4605463146204631
S2140364F0EAF730F90446284604F01CFB2046F8BDAC
S2140365000220704703207047E9F7D6BA10B5002378
S214036510E7F756FD044608B9EBF7D0F8204610BD5A
S214036520704770B505460E46144600F0E3F831464C
S2140365302846FFF72FFD00F0DDF8230704D50B2CC4
S2140365409CBF24F00804A4B221462846E6F7FCFCC8
S21403655000224FF400312846EBF722FF002070BDDF
S2140365608021EBF731BF7FB5531C05AAADF8141095
S214036570029202210022DBB2CDE900211146EBF79D
S2140365802DFF07B05DF804FB7FB5531C05AAADF8D5
S2140365901410029204210222DBB2CDE9002100226C
S2140365A00121EBF71BFF07B05DF804FB1FB5531C77
S2140365B0029100220821CDE900210122DBB2114617
S2140365C0EBF70CFF05B05DF804FB07B591F8283030
S2140365D0009391F82B3091F8292091F82A10E7F7C9
S2140365E09DFF03B05DF804FB10B50446E6F7A6FC72
S2140365F001462046BDE81040E6F7A6BC002914BFB6
S21403660021200020704738B5054610460C46E8F7AB
S2140366100BF8D5B1D5F8E030BBB15B69ABB1421E20
S214036620D2B2FD2A13D90A68013204BF6FF0010201
S2140366300A600A68FF281A6007D16268013202D12D
S2140366406FF00102626062685A60002038BD01285C
S214036650F2E738B50546EAF7A5F804460021A87818
S214036660E8F74AF8204638BD2DE9F74F01251C46C2
S2140366709DF83030064601930368174603F0070378
S21403668006339D4005F1FF380B46A1B1416804EA85
S214036690080BA5EB0B0A41F00059524509EB0B0119
S2140366A014D952461846E5F703FC49467A1B5A4462
S2140366B05044E5F7FDFB019B2BB13C4448EA050833
S2140366C004EA0804F46003B0BDE8F08F1846F0E768
S2140366D037B5002514460095FFF7C6FF204603B0DE
S2140366E030BDE7F71DBE002070470020704700202E
S2140366F070477047704730B549000446056812B1C5
S21403670002291FD90339C90395B9E1B1B1FA81F357
S214036710C3F12003C3F10F00012838BF012003F0A3
S2140367201F03D940A94201D901384908216030BD69
S214036730B5FA85F339B1B1FA81F29B1A002BE9DC7D
S2140367400F20EFE700210F20F0E7012805D90238D4
S21403675018BF4FF0FF30C0B270470120704708B52E
S214036760E9F704FBBDE80840E9F728BB38B504465B
S214036770FFF7F5FF0546FFF7F2FF431BA342FAD3E5
S21403678038BD38B50D460446E9F7F0FA35B184420C
S21403679000D90139204601F0030138BD844238BFD1
S2140367A00131F7E708B50121FFF7EBFFBDE8084025
S2140367B0E9F704BB0B0C23F48053B3F5284FF7B566
S2140367C00D468FB2064699B216D04AF60103994291
S2140367D014D04AF60203994212D0B1F5204F14BFE3
S2140367E004240324D6F8E0300BB1196851B9D6F85F
S2140367F0DC3093B928680EE00024F3E70124F1E7C0
S2140368000224EFE7234668463A46E9F733FBDDE919
S2140368100003002BEBD103B0F0BD19680029E9D0C3
S214036820234668463A46E9F725FBDDE90003002BD5
S214036830E0D1F0E702F002BB0204C0F3891307D5E8
S2140368406FEA83536FEA935313F5007F18B206D0AB
S214036850A3F1C8006FF4FF739842B8BF1846704799
S2140368604FF0384359699A6903F500530A405A6151
S21403687070470E207047EBF715B9EBF713B9EBF734
S21403688011B9EBF70FB908B50846EBF731FD08BDAC
S214036890EBF708B9022070470220704700207047C4
S2140368A001207047002070470E2070470020704775
S2140368B0E7F780BD084611460122FFF741BB70B5D6
S2140368C005460C4611461A46EBF7C4FD06682B46EA
S2140368D02046B446BDE87040604710B5EBF7BAFDF6
S2140368E0BDE8104083681847FFF710BEE7F78ABC79
S2140368F0FFF7A9BBE7F794B970B504460D461646ED
S2140369004FF4881100F01CF8324629462046BDE8AD
S2140369107040E7F7A9BE38B505460C4604F00FF9F4
S214036920D5F890301C40D5F88C302343C5F88C300E
S21403693004F000F9211E18BF01210020490238BDCA
S21403694038B504460D4604F0FAF8D4F890301D40E6
S214036950D4F88C3023EA0505C4F88C5004F0EAF822
S214036960284638BD38B504460D464FF48811FFF760
S214036970E7FF29462046BDE83840E7F79DBE73B5D6
S2140369800D7806460C4635B304238DF80430237978
S214036990304601A98DF80530FFF738FB0546B8B930
S2140369A02278A37952BB8DF80430E379304601A9E7
S2140369B08DF80530FFF714FB054648B923783BB13D
S2140369C061883046E6F74AFF01213046FFF7DBFCD5
S2140369D0284602B070BD2946FFF7D5FC2946304647
S2140369E0FFF7F2FC29463046FFF7F6FC2378002B28
S2140369F0CAD123798DF804306379C9E702228DF86A
S214036A000420D3E7FFF7E0BCFFF7EEBC0020704797
S214036A1010B50446EBF7B8FD21460020ECF708FC5A
S214036A20BDE81040002000F02BB9704701207047E6
S214036A3008B5EDF72BFA80F00100C0B208BD4FF0A1
S214036A40FF30FFF79EBB70470020704710B50C461B
S214036A5003F036FE048010BD38B50C46154603F029
S214036A602FFE03881DB11C43A1B2018038BD23EA63
S214036A70040189B2F9E708B503F022FE008808BDD1
S214036A8008B503F01DFEC07808BD08B503F018FE70
S214036A90008800F00C0008BD08B503F011FE00885E
S214036AA000F00C00031F5842584108BD38B5054690
S214036AB003F006FE04462846FFF7EEFF30B904F15E
S214036AC0100004F01CFA00F4406038BD4FF4006078
S214036AD0FBE738B5054603F0F3FD04462846FFF703
S214036AE0DBFF014648B910342046042203F028FD94
S214036AF02044BDE8384004F002BAA08838BD10B57B
S214036B000C4603F0DDFD848010BD38B5054603F062
S214036B10D7FD04462846FFF7BFFF30B904F110003F
S214036B2004F0EDF900F4404038BD4FF40060FBE795
S214036B3038B5054603F0C4FD04462846FFF7ACFF08
S214036B40014648B910342046062203F0F9FC2044D7
S214036B50BDE8384004F0D3B9A08838BD38B505463B
S214036B6003F0AEFD04462846FFF796FF014608B13C
S214036B70201D38BD10340622204603F0E1FC2044D5
S214036B80F7E708B503F09CFD007A08BD08B503F0E7
S214036B9097FD90F9090008BD08B503F091FD807ACA
S214036BA008BD08B503F08CFDC06808BD10B50C46DB
S214036BB003F086FD047210BD10B50C4603F080FD8D
S214036BC0447210BD10B50C4603F07AFDC46010BDC8
S214036BD02DE9F8430F468046002107F110001646BC
S214036BE0994603F0E1FD0446D0B103F069FD05467E
S214036BF0204603F081FD002102462846E4F7C8FF3D
S214036C0000232046AB7049F00401FFF71FFFA5F8E9
S214036C1004802EB13A46314605F11000E5F748F9EF
S214036C202046BDE8F883F8B505460F461020002138
S214036C3003F0BAFD0446B0B103F042FD0646204613
S214036C4003F05AFD002102463046E4F7A1FF002375
S214036C5039462046B370FFF7F9FE25B12A460121CF
S214036C60204603F079FD2046F8BD08B503F028FD5D
S214036C70103008BD08B503F03FFD1038C0B208BD9C
S214036C800020ECF7FDB908B5ECF758FC002008BD6A
S214036C904088C0F30C00033080084000043070477F
S214036CA070B50E4605461146304603F07DFD044694
S214036CB035B128B103F004FD32462946E4F7BAFF9E
S214036CC0204670BD0088B0FA80F04009704738B59A
S214036CD005880022044604F07CF905B1258038BDFA
S214036CE0F8B507460D4600880021164603F020FD3A
S214036CF0B042044605D129463846BDE8F840FFF7BA
S214036D00E6BF0021204603F013FDB04205D020461F
S214036D10002103F00DFD0446F3E72A462046002132
S214036D2003F01AFD32462846BDE8F840002103F07A
S214036D3013BDF8B5058807467DB1CCB22146284673
S214036D4003F0F6FC8542064609D100233B80002269
S214036D502146304603F000FD35462846F8BD214659
S214036D6003F0E6FC21460246284603F0F5FCEEE770
S214036D702DE9F04707888246884614465FB33846AF
S214036D8003F0BAFC3D460646E4B22146284603F025
S214036D90CFFC4045814616D1214603F0C9FC214667
S214036DA00246284603F0D8FC474504D1454508BFAC
S214036DB00025AAF8005000222146404603F0CCFCEA
S214036DC03046BDE8F0878742FAD003F095FC30449E
S214036DD04D4686B2D9E73E46F2E700220123C0E9D4
S214036DE000237047F8B504460127002603F0B4FED7
S214036DF023683BB903F0ABFE00226368012B0ED178
S214036E006360F8BD1D691F61266003F0A0FE012DB7
S214036E10F2D02B462D691E61012DFAD1E6E71969DA
S214036E201A610B46EAE7036823B94068012803D0D2
S214036E30EDF7CCB8002070474FF0FF307047F8B539
S214036E40054603F077FF012306460027A8602B7349
S214036E5003F082FE2B6802467BB11C692169A142BE
S214036E600CBF2F6019612761104603F070FE012CDA
S214036E7008D0204663689847EAE76C68012C04D17B
S214036E8003F065FE00232B73F8BD6169711AB1F137
S214036E90004FF5D8216969602361E5E70220704752
S214036EA002207047002070470144884201D1012028
S214036EB0704710F8013B9342F7D00020704770B537
S214036EC00146064692B00020EBF78AFD044670B9E9
S214036ED0FDF7F1FF054601466A462046ECF7C6F87D
S214036EE06A46294620468DF80260ECF775FB204675
S214036EF012B070BD00B593B0FDF7DDFF6A460146DC
S214036F000020ECF7B3F89DF9020013B05DF804FB1C
S214036F1000B593B0FDF7CFFF6A4601460020ECF7B5
S214036F20A5F89DF8000013B05DF804FBECF762B813
S214036F30012070477FB54FF6FF7101AAEDF7B8FA47
S214036F4020B1BDF80C0007B05DF804FB4FF6FF70E8
S214036F50F9E708B51046EEF771FABDE80840EEF714
S214036F602BBB704770477047704770477047704732
S214036F70704738B54FF6FF750D800C46F6F722FBC3
S214036F802080A8420CBF2D20002038BD002100B56C
S214036F9093B06A460846ECF769F8BDF8060013B0E6
S214036FA05DF804FB002110B592B004466A46084615
S214036FB0ECF75CF800216A460846ADF80640ECF7A5
S214036FC00BFB12B010BD002100B593B06A4608460D
S214036FD0ECF74CF8BDF8040013B05DF804FB002191
S214036FE010B592B004466A460846ECF73FF800210F
S214036FF06A460846ADF80440ECF7EEFA12B010BD48
S21403700070472DE9F04F87B00C4691460746FFF7C9
S2140370103CFD0546661C304603F071FF042D40F028
S21403702090803846FFF721FE0378092203F0030316
S214037030012B14BF0223032301212046039303F0ED
S2140370407FFA092200210546204603F079FA2178C3
S2140370508DF8170001390022204689B2FFF720FE7B
S21403706004EB09088346F0B14FF0010A2A460146AD
S214037070CDF800A003980DF11703FBF7DDFE0228F9
S214037080054626D1584603F037FB00222070C0B2CF
S214037090431E00929BB252465946304604F028F8E7
S2140370A02378534423703846FFF7E5FC020424D4C0
S2140370B098F8013021789B071FD50139A1EB090108
S2140370C03A464046C9B2F1F777F923781844207058
S2140370D013E020B92070284607B0BDE8F08F0328D8
S2140370E009D1404603F00BFF20F4007189B24046F5
S2140370F003F007FFD7E70428D5D101250022204651
S2140371002178FFF7CDFD07460028E4D04FF00008AE
S2140371100146434601224046CDF80080FBF78CFE2D
S214037120022819D1384603F0E7FAC2B2013A2070B2
S21403713093B2394601223046CDF8008003F0D8FFDB
S214037140C9E780F0800520F0800081B23046C5F3A1
S214037150C01503F0D6FED1E70028BCD12070BAE7ED
S21403716008B50020FFF764FC80F00100C0B208BD3C
S2140371700A4608B501460020EDF7E8FBB0FA80F0B2
S214037180400908BD0020ECF75BBB00210846EBF77F
S214037190FFBF0020FFF74ABC70B5044603F0AFFEFE
S2140371A0042200210646204603F0CAF9204403F0D1
S2140371B0A6FE032205460021204603F0C1F920441B
S2140371C003F09DFE4FF6FF730540ADB29D4214D10A
S2140371D0F30712D506220021204603F0B1F9204416
S2140371E003F08DFE0446EDF723FC844214BF02240D
S2140371F00624EDF717FC204070BD2046FBF7EDFF95
S214037200C400E4B2F5E708B5FFF7C6FF003818BFB9
S214037210012008BD0120704710B50446FEF71DFB8C
S21403722008B9FEF71CFB03050FD40C231B2B01D157
S214037230002009E020FA03F1C90703F1010206D58D
S214037240DBB2E31A5842584110BD0B23F9E7134645
S214037250ECE710B50C46098819B90846F7F70AFD96
S2140372602080012010BD08B510461A4600F08CFA9F
S214037270BDE8084003F0E1BD70B504460D4616466A
S21403728092B06A46EBF7F2FE6A46294620468DF828
S2140372901F60ECF7A1F912B070BD10B50C46EDF700
S2140372A0A3FF2046BDE81040EDF7B4BE0129F8B5AC
S2140372B005460C461DD003291ED0052920D00729D4
S2140372C022D00026002400270120EBF721FE3044BD
S2140372D085421DDA0320EBF71BFE2044854219DAAC
S2140372E00520EBF715FE38448542B4BF072005207A
S2140372F0F8BD6FF00406E5E76FF004040526E2E741
S21403730000266FF00407DFE7002405272646DBE7A1
S2140373100120EDE70320EBE738B14379490023F07A
S2140373200C0301F00C010B434371704710B5044680
S21403733078B141794088490801F006010131000A15
S214037340FFF7B4FF024601462046FFF7E5FF104667
S21403735010BD0722FBE738B50D46EDF733FF0446AD
S21403736008B9002038BDFFF7E1FF002DFAD12379D5
S21403737013F00703F5D0984238BF1846C0B2F1E7BA
S214037380EEF72EB90022EEF751BA0021012208B516
S214037390EEF74CFA401A18BF012008BD38B515465B
S2140373A0FFF7F0FF0446284603F086FE84B1FF2865
S2140373B004D0626822FA00F3DB0701D5012038BD4A
S2140373C00123834013436360E3780133E370F5E7F7
S2140373D02046F4E7EEF784BC10B503F071F900F12C
S2140373E01004204603F08BFD20F4007189B220467A
S2140373F0BDE8104003F085BD2DE9FF411546019118
S21403740001218DF80D301B0A8DF80E309DF82C30B7
S2140374108DF80C008DF80F3028460423009103AA3C
S2140374209DF828809DF830709DF8346001F016FBB7
S214037430044670B12946FFF762FBB8F1000F02D18C
S2140374402046FFF7C9FF2FB146B93146204601F063
S214037450D0F80024204604B0BDE8F0810022204680
S2140374601146EEF7C3FBF4E74FF47A70EEF718BD58
S21403747008B5ECF7BFFDBDE808400020EEF716BEE2
S21403748000B58BB06846EEF7E7FC009BBDF8060038
S21403749004A90693EEF786FC0BB05DF804FB1FB554
S2140374A004466846EEF7D8FC02AB03CB2060616067
S2140374B004B010BD1FB5062304468DF80C30EEF756
S2140374C04FFF00238DF80D00CDE900330121022381
S2140374D0204603AA01F0C2FA04B010BD38B5002254
S2140374E008210546FFF7E0FC044698B9FFF74EFD72
S2140374F022464FF6FF71EFF78BF92846297CEEF705
S21403750005FE287C6A69E989F0F700FDEEF776FD4B
S214037510204638BD0120FCE770B50C460546012021
S214037520EFF702FD237B4BB1FFF730FD0146234601
S2140375302A46BDE870400120EFF788B94FF6FE7182
S214037540F5E7F8B50E460746FFF78FFB054603F04B
S214037550D6FC00F44040B0F5404F14BF002206228C
S21403756002F10A03EB5C0B325C0004F00E045B08CA
S214037570144403F0380338461C44FFF77BFB84426D
S21403758008D2001BC2B20F2A28BF0F223046291981
S214037590E4F78EFC2046F8BDECF72CBD40F62740FA
S2140375A0F0F732BAFF224FF6FF71F0F761BB07B56B
S2140375B000210DF10700F0F793FC9DF8070003B0D8
S2140375C05DF804FB13B5044601A90020F0F788FC18
S2140375D0019A01462046F0F799FC204602B010BDFA
S2140375E0F0B50F46002187B0044608461646F0F766
S2140375F077FC012305460DF10A008DF808408DF847
S2140376000930FFF74CFF092C1DD131460DF112004E
S21403761003F077FC05AB002102AA9B1A2846CDE9A6
S2140376200011DBB2642101F019FA0546E0B1092C1A
S21403763015D1F0F7B5FC044688B12846F0F7C4FC2C
S214037640204607B0F0BD31460DF113008DF81270D9
S2140376504FF6FF7503F055FC0DF11503DBE72846DF
S21403766000F014F80446EBE70446E9E738B50446A9
S2140376700D4603F03BFD40B1AC4206D0204603F076
S2140376802CFDBDE8384000F0ACBF38BD10B504464D
S214037690FFF7EBFA023003F032FC4FF6F77398422B
S2140376A0204603D9BDE81040F0F708BEF0F748FEC1
S2140376B0B0FA80F0400910BD012070470022F0F7B1
S2140376C035BD70B504460088FFF7CFFA054604308B
S2140376D003F015FC0646A81C03F011FC054603F050
S2140376E024FB3046F2F712F830B92846F2F70EF8C4
S2140376F010B1284603F0FAFCA378002023F00F030A
S214037700A37070BD70B50546FFF7AFFA0646284668
S21403771001F0C8F901462846F7F7E0FE0446284676
S214037720FFF7D7F94FF6F773984208D8337803F084
S2140377300303012B05D1A31E5842584170BD0120F7
S214037740FCE70020FAE741F2033330B585B00D4677
S214037750ADF808300446FFF719FC8DF80A00FFF76A
S21403776015FC0021000A8DF80B0005232046CDE901
S214037770001102AA8DF80C5001F070F910B12146E1
S214037780FFF79CFF05B030BD2DE9F04104461746D0
S2140377900D46E1B13F294FF0000600D1354620469D
S2140377A0FFF773F9082814D10121204602F0C0FF21
S2140377B0064602F0A1FF0446304602F081FF3B4630
S2140377C001462A46E0B2BDE8F041FDF718BC0126A3
S2140377D0E5E72046FFF759F9024630B9BDE8F04120
S2140377E04FF6FF71012003F053BB2046FFF75EF907
S2140377F0B0F5006F0ED12046FFF76BF94FF6FF7317
S2140378009842014617D0002D0CBF03200520002206
S21403781003F03EFB29462046EEF7A0FA68B9294650
S2140378202046F1F711FF40B9324629462046BDE807
S214037830F041F0F7C9BE0120E9E7BDE8F0817047E3
S214037840704737B54FF6F675FDF738FB431E9BB208
S214037850AB420446F8D8EDF7B5FC0028F4D16946E8
S2140378602046ECF7D1FF0028EED0204600F09AFE23
S2140378700028E9D12046FFF788FD0028E4D12046FA
S214037880F1F744FF0028DFD1204603F02FFC002841
S214037890DAD12046FDF71DFB0028D5D1204603B0DC
S2140378A030BD73B504460E46F1F730FF054688B97A
S2140378B02046F1F785FF21462B460D224FF6FD7035
S2140378C0009500F0A1F83146204602B0BDE87040AE
S2140378D0F1F738BF02B070BDF7B504460D4617463C
S2140378E0FFF754FB0646002D3FD04FF6FB739C4232
S2140378F03BD82046F1F70AFF08B1A64235D020460A
S214037900F1F704FF10B1012003B0F0BD2046FDF7E8
S214037910E0FAC0B1A642F6D0F4B169462046ECF7C9
S21403792073FF0246C0B908216846FFF7BDFA98B947
S214037930082269462846E4F777FC68B129462046BC
S214037940FFF7AFFFDFE7A642E6D12846ECF7CAFF0C
S21403795010B900F03DFED6E73FB121462846EDF7C5
S214037960D7FD21462846F5F713FE0020CCE737B5AA
S214037970054614460C2914D8DFE801F02C132C1303
S214037980131307131313132424006946ECF73CFF61
S21403799018B901216846F5F7F9FE41202946F8F79C
S2140379A019FAD4B12046FFF760F9023003F0A7FABC
S2140379B04FF6F773984210D9204603B0BDE830401F
S2140379C0F0F732BD40F6144040F613430B2908BFC8
S2140379D01846E3E700F0EDFDE3E703B030BD1FB55F
S2140379E00346084603218DF80D308DF80C1001234D
S2140379F00021ADF80E20CDE9003103AA042301F0DF
S214037A002DF805B05DF804FB2DE9F34106460F4655
S214037A1014461D469DF82080FFF7B8FAB04207D1FA
S214037A2000222146384602B0BDE8F041FFF79FBF6B
S214037A303A4631462046FFF7D2FFADF8060060B15E
S214037A400D2C05D100224FF6FF71282003F020FAF3
S214037A5035B9BDF80600FFF719FE02B0BDE8F081A0
S214037A600123424629460DF10600ECF717FABDF846
S214037A700630002BEDD1F0E7F7B50C460546FFF7C9
S214037A80F4F8611C06462846F7F728FDA11C0746AE
S214037A90284600F02AFF014604463846FDF747FA13
S214037AA00D2F34D12046F1F731FE78B1301D03F0A7
S214037AB026FA04462846F679FFF73AF83146024690
S214037AC0204603B0BDE8F040FFF768BCB01C03F0E7
S214037AD016FA4FF6F773984202D92846F0F7A4FC35
S214037AE02046F1F76DFEFFF751FAA04205D10020BC
S214037AF003B0BDE8F040FFF7A2BE6B46B068F1687E
S214037B0003C369462046F1F71DFE03B0F0BD2A46BF
S214037B103946204603B0BDE8F040FFF728BF1422DD
S214037B200021E4F735B82DE9F04F11F00F070446AE
S214037B300E4615468FB05CD10120E1F7A7FC09A8D5
S214037B40FDF7F3FA092309A88DF82430FDF7F1FAB7
S214037B5009A8E1F76DFC01A909A8FDF77BFC26F04F
S214037B600F08A84404F1100904F10F0A454511D182
S214037B70236901A93344236109A8FDF750FC0020BB
S214037B80E1F784FCB6F1005F28BF272738460FB01D
S214037B90BDE8F08F05AA23469646944618685968AA
S214037BA00833ACE803004B456246F6D12B46224623
S214037BB005F1100B53F8041B5B4542F8041BF9D17F
S214037BC0714609A8FDF72BFC09A8E1F731FC22460C
S214037BD021460120E1F716FC013D631E13F8012F31
S214037BE015F8011F534582EA01021A70F6D15D4665
S214037BF0BCE70227CAE7F0B5174685B005460C462C
S214037C00102200216846E3F7C3FFBFB3C4B30F2CAB
S214037C1004F00F0608D924F00F043A4621462846F6
S214037C20FFF781FF40BB2744324639466846E4F7F0
S214037C303FF980222F6906F1100337446B44B7F5EA
S214037C40005F03F8102C2F61C6F110061AD3062E18
S214037C501FDDFB001A0E8DF80A201A0C5BBA8DF88E
S214037C600B20ADF80C306A4610212846FFF75BFF61
S214037C7000202B69103B2B6105B0F0BD3E46D8E7CC
S214037C802646D6E7022E04DDFB005BBAADF80E30BF
S214037C90E9E76A4610212846FFF745FF2B691022BD
S214037CA0A3F11004002168462C61E3F771FFB7F5D2
S214037CB0005F4FEAC403CDD2E7E770B50E4605462C
S214037CC086B001A81446FFF72AFF3246294601A8C4
S214037CD0FFF791FF2246054601AB05AE1C4603CCD3
S214037CE0B44210605160234602F10802F6D12846DA
S214037CF006B070BDF1F7BCBD0A460021F1F7B8BD6A
S214037D00F0B58BB00C4601A9F1F7B2FD054680B37A
S214037D1025220021E01CE3F73BFF0123A3700E237B
S214037D20BDF810702380FA0510D523464FF48772EA
S214037D3006AE23F8042B0DF1280C324603CA62451F
S214037D4018605960164603F10803F6D13B0605D5BD
S214037D50238843F080032380069B636001AB03CB39
S214037D60039BC4F81D00C4F82110A361F2F764FF57
S214037D70606128460BB0F0BD30B505460C4687B0AB
S214037D8001A8FDF7D2F92868696802AB03C39DF81A
S214037D90113043F002028DF8112074B12288510687
S214037DA044BF43F006038DF81130530542BF9DF8D8
S214037DB0113043F008038DF8113001A8FDF7B0FA2F
S214037DC0B0FA80F0400907B030BD2DE9F3410F4605
S214037DD00546164602F090FC4FF00008C41BE4B2BA
S214037DE0294623463A463046CDF8008003F080F90C
S214037DF00121284602F09CFC88B10121284602F0A6
S214037E0097FC074602F078FC0546C3B24246301993
S214037E103946CDF8008003F06BF92544ECB22046D2
S214037E2002B0BDE8F0812DE9F04F85B00C4605465B
S214037E3091461F464FF0010ADDF838809DF83CB0A6
S214037E4002F05AFC22463B4629460646CDF800A0D9
S214037E50484603F04DF95146284602F069FC3C4477
S214037E6018B35146284602F063FCF6B2B442814684
S214037E7010DAE7B2F31BDBB2404622462946CDF8BA
S214037E8000A003935F4403F033F9039BBF1B98449E
S214037E9007F0FF0B012300220E9349465B4640463C
S214037EA005B0BDE8F04F03F023B95B4622462946EA
S214037EB0CDF838A0F3E72DE9F041002686B0074653
S214037EC008460C4615469846CDE9026604968DF894
S214037ED0146002F011FC411BCBB20D2B28BF0D23FF
S214037EE02A462146009602A803F002F9424602A952
S214037EF03846F1F713FE0646294620469DF8082025
S214037F00F7F700FB304606B0BDE8F0812DE9F04FE9
S214037F100E46CBB00121054617461C4602F008FC68
S214037F2023463A462946814606A8FFF7C4FF0DF1C5
S214037F30280A00EB070B5246314628465FFA8BFBAE
S214037F40FFF743FFB34503D200204BB0BDE8F08FE5
S214037F50ABEB06085FFA88F808F104039842F3DBF4
S214037F60331F18440423C4B20193A31BDBB200934C
S214037F70524643460021CDF808A006A8E1F7F6F9D5
S214037F800028E1D1A4EB0B040AEB0803E4B2524643
S214037F9028463146009301944346FFF744FF39468B
S214037FA02846F7F79BFA394600F0F8022846F7F713
S214037FB0A9FA0121284602F0BBFB002818BF4D464C
S214037FC02846ADF8165002F097FB011FC9B20DF113
S214037FD0160000F04FFC0120B7E72DE9D84106460E
S214037FE000F060FD411C044689B2304600F02DFDCA
S214037FF098B394B321463046F7F770FA00F00C03B3
S214038000042B074629D000F00308B8F1020F00D16D
S2140380101BBB384600F0B0FD3B060444A4B216D59D
S214038020611C304689B200F010FDB0B121463046DF
S214038030F7F754FAB8F1010F014600F003030CD02A
S214038040032B0AD0384600F0A6FD03199CB221463E
S2140380503046BDE8D84100F0F8BC0020BDE8D88122
S214038060F8B5064600F0E0FC054604463046FEF743
S214038070FCFD43785B0718D5AC1CA4B221463046FA
S21403808000F0E3FCB8B129463046F7F727FA07466F
S214038090691C304689B2F7F721FA1FB1874201D827
S2140380A0FF2808D104EB4704A4B221463046BDE8B6
S2140380B0F84000F0CABC0020F8BD13B5044601A87A
S2140380C0F1F784FFBDF80430DA0710D49B0707D412
S2140380D010220021204602B0BDE81040E3F758BD49
S2140380E0224621461020FFF7E8FD0028F0D102B013
S2140380F010BD024608B5F1F791FF510544BF083895
S214038100C0B2130544BF0838C0B208BDF0B5D307E4
S21403811005460C468BB04AD5008800F0C3FC002306
S2140381200646029314B9CDE9034403AC00220821A2
S2140381302046FEF7B9FEA8B12888FEF796FD023062
S21403814002F0DDFE21460746ECF75EFB50B1002247
S21403815040231146384600F005FA40F609452846FE
S2140381600BB0F0BD31462888F7F7B8F910F0030FC7
S2140381700CBF01260026F1F7BFFB46EA4000C0B25B
S21403818000900021204602AB05AAF3F791F90546B5
S214038190F1F7B2FB0028E2D0002DE0D00021204604
S2140381A0009602AB05AAF3F783F90546D7E740F630
S2140381B00A45D4E700231A46F3F7E6B830B58BB082
S2140381C005AD04462846FCF7B0FF0223284601A95E
S2140381D08DF81430FDF73EF9234601AA144603CC66
S2140381E0AC4218605960224603F10803F6D10BB07F
S2140381F030BD08B50023024619461846F3F7C4F8FF
S214038200012008BD37B504466846F3F735F9054639
S21403821048B1082221466846E4F706F8B0FA80F02B
S214038220400903B030BDFF2208212046FEF73CFE7E
S214038230034628B106212846FFF7BCFF0120F0E7D6
S21403824022460146F3F7A0F8F8E707B56846F3F7C2
S21403825013F910B16846FDF76CFA00F0010003B09D
S2140382605DF804FB0120F3F7DDBD704730B501244C
S214038270054689B003A8FCF758FF01A88DF80C4003
S214038280E1F734F99DF806209DF80730AA4209D095
S214038290AB4209D103A88DF80D40E1F7C9F80120D8
S2140382A009B030BD0024F5E70020F9E700221021CD
S2140382B0FEF7FABD70477FB50D4600F582300D22F6
S2140382C0694600F58070D5F7ABF86B462A4602AED2
S2140382D01C4603CCB44210605160234602F10802E8
S2140382E0F6D1206810602379137100236B7304B0F2
S2140382F070BDF0B585B06A4605460B46164601F1D5
S2140383000807144618685968083303C4BB42224654
S214038310F7D118680D2220601B7905F582303146A7
S214038320237100F58070D5F7A7F805B0F0BD38B512
S21403833004460D46E0F7CCFBA04205D92046294665
S214038340FFF7B9FF002038BD2820FCE730B500242E
S21403835085B08DF80040E0F7BBFBE5B2A84204D831
S214038360F5F778F8002005B030BD69462846FFF7D4
S214038370C0FF0134EFE738B50446002002F0ABFE39
S214038380FF2805460FD002F0AEFE10F0010009D01C
S214038390284602F0A8FE400840EAC17080F00100BB
S2140383A000F0010038BD04F00100FBE70146F8B514
S2140383B006460020F4F788FFFF2801D00120F8BD09
S2140383C0E0F776FB00240546871CE0F775FBE3B26F
S2140383D0984201D80020F2E735F82430B34203D19F
S2140383E017F82430002BE9D10134EEE738B50D46F3
S2140383F00121044602F09CF930B10121204602F027
S21403840097F92880012038BD20462C8000F020FCF8
S2140384100130C0B2F7E72DE9F04788B00746894632
S21403842010460DF10A011D469046FFF7DFFF4FF099
S214038430000ABDF80A6004463046CDE905AACDF821
S2140384401BA002F059F9031BDBB20B2B28BF0B232F
S21403845022463146CDF800A005A802F049FE48F2B0
S2140384601F039D4243D00BD885F40043012B15D937
S21403847023464246494628460097FDF7A7F933E0C8
S21403848048F23A039D42F3D1FEF780FDB8422BD063
S2140384902246414605A8FDF7CAF925E09DF81430A3
S2140384A013BBBDF81D40DDF81500DDF8191003AB4E
S2140384B003C3204603A9E0F7FFFC0122204603A9D5
S2140384C0FFF70AFAA74206460ED0012103A8F5F7DE
S2140384D05DF948F201039D4206D12EB93346324672
S2140384E03946204600F058FC08B0BDE8F0879DF8F2
S2140384F01450002DF8D12F469DF815800234EAB2A9
S2140385004245F1D2D200D2B222440823314692B277
S214038510009703A8CDE9037702F0EAFD03A800F06D
S21403852074F802F0DAFD00F05CF80135E7E710B501
S2140385300024418084800480C280038110BD13B56B
S214038540BDF81040CDE900340023F5F7EDFB02B08B
S21403855010BD13B5BDF8104001900094F5F7E4FB89
S21403856002B010BD07B500930123FFF7F2FF03B077
S2140385705DF804FB0123F5F77DBC38B50546EFF738
S2140385800FFD0446E0F7B0FAA40144EA4020284071
S21403859038BD7047704700207047FF2070470020A3
S2140385A070477047002070474FF6FF7070470020F3
S2140385B07047704700207047704700207047704729
S2140385C000207047002070477047704700207047B0
S2140385D070477047002070474FF6FF7070471720AC
S2140385E07047704770477047704770477047012061
S2140385F0704701207047002070470020704770477F
S214038600704770474FF6FF7070474FF6FF7070471E
S21403861000207047002070470020704770470020F6
S21403862070472DE9F04F002785B081460C467E2023
S21403863039469846BDF83CB09DF844A0BDF84C506A
S2140386400192ADF80E7002F0AFF80646002800F06F
S214038650AA8002F035F839467E22E3F799FA3046C7
S21403866002F02EF80090304602F02AF8B9F1FF0F18
S2140386700CBF274644F003073B0A14F44062077016
S21403868043705FD14FF00808C31C18464246019951
S214038690E3F7D0FA034604F44044434484B179062E
S2140386A006D419464FEA1B2201F802BB5A700B4642
S2140386B0B4F5004F56D0A4F5404254425441E4006A
S2140386C0224618460E99E3F7B5FA009A0346204465
S2140386D0A0EB02085FFA88F89DB14FF47C521A5358
S2140386E0841C284601F0ECFF8346284602F004F873
S2140386F0C5B22A4659462046E3F7DAFB6019023527
S214038700EDB2B9F1FF0F2FD05246109900F8019B36
S214038710E3F7CEFB08F101015AFA81F1294430460A
S214038720EBF752FB0C210022FF0007F080071046F0
S2140387303943FEF778FAADF80E00E8B9002005B025
S214038740BDE8F08FB2F5006F80F803804FEA182873
S21403875080F8048000F1050314BF4FF008084FF0BB
S214038760020892E70224ABE708EB0A0129443046E5
S214038770EBF72AFB0821D6E7304601F0A1FF0446B3
S214038780304601F0B9FF0123024621460DF10E00E3
S214038790EBF784FB0028D1D10121BDF84820BDF8B2
S2140387A00E0001F0D9FFBDF80E00C8E710B50C4661
S2140387B0098821B90846F6F75DFA208008B101203A
S2140387C010BD0220FCE72DE9F04780460F4606461B
S2140387D0002402F1FF39BC4202D219F8015F25B921
S2140387E0A6EB080080B2BDE8F0879A46A5F13102F1
S2140387F0012A5AF8041B10D83246322D02F8011B00
S21403880006D10134A4B2A74232D30912B21C717046
S214038810013453461646A4B2DDE7342D0CD1033497
S214038820BC42DDDA0B0A317073700B0C090EB370A1
S214038830321DF170A4B2EBE7A5F13302062A0DD878
S214038840303DADB22B19BB42CADA2A463046013C4C
S214038850E3F7F0F915FA84F47219EBE7A5F1410290
S214038860062A01D8373DECE79D8803F1080AE9E7B5
S2140388701646B5E770B5054600880C4601F03CFF82
S214038880A04228880AD201F037FF0023221A19468D
S2140388902846BDE8704092B2EBF700BB2146EBF7E3
S2140388A093FA002070BD38B5054601F009FF04466B
S2140388B0284601F021FF002201462046BDE8384045
S2140388C0FEF7EEB9F8B516460C461D46BDF8187009
S2140388D001F0F6FE0444304601F0F2FE3A46411932
S2140388E02046BDE8F840E3F7A5B970B50C4601315C
S2140388F089B20646F6F7F2FD214605463046F6F7F8
S214038900EDFD00EB052080B270BD1FB50123ADF869
S2140389100C2000930A460223014603A802F0E8FB54
S21403892005B05DF804FB0FB437B5069D0021A8B269
S21403893001F03AFF044601F0C3FE2CB1002207AB58
S2140389400193D1B28D4205D8204603B0BDE830402E
S21403895004B0704753F8041B81540132F1E773B532
S21403896004460D4640200021164601F01DFFADF8D3
S214038970060001F0A5FEBDF8063013B9002002B0CC
S21403898070BD402133462A462044FFF71CFF2118BA
S21403899089B20DF10600FFF76DFF0028EED1BDF892
S2140389A00600ECE70EB403B503AA52F8041B0192C3
S2140389B0FFF7D5FF02B05DF804EB03B070472DE96F
S2140389C0F7430F4601218146164601F0B1FE0546E0
S2140389D058B1FFF768FF308088B9284601F08CFE4F
S2140389E068B1192003B0BDE8F083484601F084FE61
S2140389F0FF2FA0EB0704E4B214D014B93480002090
S214038A00F0E72A4621462846FEF74AF9804600281C
S214038A10E7D03B464A4629460094FFF753FFA6F89D
S214038A200080ECE70120DDE708B5FEF71EF9437882
S214038A3003F001001A074CBF10300830DB0644BFB2
S214038A400830C0B21030C0B208BD10B50C4601F0F5
S214038A5053FEA04234BF0020012010BD7FB514464C
S214038A600091024641F2092141F609209DF8206053
S214038A701D46002E18BF0146099B0020F6F756FD3B
S214038A80ADF80E0010B9002004B070BD01232A46CD
S214038A9021460DF10E00EBF701FA0028F3D1BDF8DD
S214038AA00E00F1E738B50546FFF7BEFF0446284635
S214038AB001F022FE631C9BB283420FD82846FEF7C2
S214038AC0D4F843785B0707D521462846F6F706FD14
S214038AD0013004EB4004E4B2204638BD0024FBE733
S214038AE01FB5ADF80E0001F007FE0446BDF80E00F4
S214038AF0FFF7D8FF00F10E03DBB2BDF80E200146E8
S214038B00E01A80B200901046FFF7DCFEA4F10E01D7
S214038B1089B20DF10E00FFF7ADFE04B010BD42782A
S214038B20034612F0080006D0D20702D403F1080069
S214038B30704703F10900704737B505460C46FEF744
S214038B4094F8437813F0100212D09CB103F001029C
S214038B501B074FF000032946009320464FF00803F7
S214038B6054BF1832203202F0C3FA012003B030BDDE
S214038B701046FBE72046F9E700F00303012B08D075
S214038B80C30606D400F00C000C2814BF08200920E6
S214038B90704702207047034611F0030005D003F028
S214038BA00303022B14BF022003207047F8B50C46BC
S214038BB0064601F0A1FD631C834202D90025284620
S214038BC0F8BD21463046F6F789FC0746FFF7D4FF83
S214038BD03B060546F3D50444304601F08DFDA4B2AA
S214038BE0631C9BB28342E9D821463046F6F776FCEF
S214038BF001463846FFF7CFFF2844C5B2DFE770B516
S214038C0006460D46FFF7D2FF044610B90024204659
S214038C1070BD29463046F6F761FC8206F7D5304626
S214038C2001F06AFD2544ADB26B1C9BB28342EDD8BE
S214038C3029463046F6F752FC00F01803082B14BFFB
S214038C4005340634E4B2830644BF0834E4B2DEE7F0
S214038C5038B50546FFF726FF044608B9002038BD99
S214038C6001462846FFF7CBFF0028F7D02044C0B2C2
S214038C70F5E72DE9F04387B005460C46FDF7F5FF0B
S214038C80804602F03CF907462846FFF70BFF0646E8
S214038C9001462846FFF78AFF00220346009229462C
S214038CA0324602A802F024FA9DF8086006F00C0388
S214038CB00C2B06F003090BD0B9F1010F59D0F106BE
S214038CC057D49DF809300DF10A050020637107E0BB
S214038CD0FF230DF10900637102F011F90DF10B0585
S214038CE0208198F80130DA0704D508F1020002F073
S214038CF006F92081B9F1010F5FFA89F83DD0F30632
S214038D003BD4284602F0FBF86080A81C02F0F7F874
S214038D10053515F8013C208023712B78B006A37225
S214038D2006F0400348BF43F02003390627D543F433
S214038D300073F80448BF43F48063390548BF43F41F
S214038D4000633206E38011D56A7812F003020DD071
S214038D506FEA43436FEA5343A978B8F1020FE380FF
S214038D600B4611D1EB7841EA0321218107B0BDE818
S214038D70F083FF230DF10905A7E7FF23CCE77A0667
S214038D8048BF43F48073D4E7012A04BF0B029BB2A7
S214038D902381EBE7F7F77CB80BB1F7F7E5B80AB929
S214038DA0F7F75EB9FF21F7F787B8431C08BF002023
S214038DB0E4F7A4B9034B5868C0F30800003818BF9B
S214038DC00120704700ED00E0014B1868704700BFB4
S214038DD0C0660020084B1B6F03F00703022B04D06A
S214038DE0032B05D0012B05D0FEE7044B186870470C
S214038DF0034BFBE70348704700800050C066002023
S214038E00C8660020002D310108B5FFF7E3FF054BC8
S214038E101B6FC3F301330133B0FBF3F0024B18604F
S214038E2008BD00BF00800050BC66002000487047A5
S214038E3000B4C40400487047002D3101014B186884
S214038E40704700BFC8660020174A9368C3F30443FD
S214038E500C2B0AD8DFE803F00B09090909090721D7
S214038E6019091B1D1F00114870470020704793689F
S214038E7003F04073B3F1807F11D0B3F1007F10D0BD
S214038E80002B0B4818BF002070470A4870470A4853
S214038E9070470A4870470A4870470A4870470A48A6
S214038EA070470A48704700BF0040015A405DC6003D
S214038EB000093D00C0EA210180BA8C010048E801A0
S214038EC0005A62020024F40080841E0040420F0011
S214038ED0014B1868704700BFC466002007B500F052
S214038EE065FC6A4600F0C2FC18B14721034801F04E
S214038EF028FFDDE9000103B05DF804FBC4BA0300F4
S214038F000229F8B596BF104B00245C5C0128054681
S214038F100E4608D0022809D008B944F002040B4BC9
S214038F201F6837B9F8BD44F00804F8E744F0200496
S214038F30F5E77B681A68144203D0314628465B6817
S214038F4098473F68EDE700BF36550400EC3D002028
S214038F5038B5104D2B78ABB10F4C23781BB100F00E
S214038F6031FA00232370002001F0FEFE0B4C50B1B3
S214038F7000F07AFA0023012120782B70FFF7C0FF58
S214038F800123237038BD0122054B1A702278054B46
S214038F901A70F7E7AC5C0020AA5C0020B15C0020E6
S214038FA0AD5C0020AE5C00200E490B78FF2B01D190
S214038FB098B170470BB990B97047002814BF0122C7
S214038FC0FF2213440B7060B1074B1B78012B08D9A3
S214038FD0064B1B782BB9FFF7BBBF1A46F1E70122F6
S214038FE0EFE77047B05C0020B15C0020AD5C00206A
S214038FF010B501F0A4FD064B04461B781BB1BDE873
S214039000104001F097BDFFF7A3FF2046F7E700BF28
S214039010A95C002002282DE9F04147D029480378AF
S214039020FF2B41D1002941D11A461344DBB203700A
S21403903000293BD0244E3278012A37D9002B3ED064
S21403904001F07DFD214F04463B780BB3204D2B7872
S2140390501BB901222A701F4A1370DFF87C8098F828
S214039060003023B100F0AEF9002388F80030204624
S21403907001F060FD012001F077FE01F060FD2B7822
S21403908004461BB100F0F0F900232B7000233B705D
S214039090204601F04FFD01243078A04206D0214639
S2140390A0FFF72EFF347001E013B931B9BDE8F08144
S2140390B0002914BF0122FF22B7E70122B5E70224E5
S2140390C0EAE700BFB05C0020B15C0020AC5C002087
S2140390D0A95C0020AD5C0020AA5C00202DE9F043CB
S2140390E085B0EFF3108572B6AFF3008001F011FF81
S2140390F0002800F09280624E624F337823B100203E
S214039100FFF752FF00233370387878B903A900F0CD
S2140391101DFB044650B95C4B039A1B689A4200F247
S21403912084800120FFF740FF012333703B78002B38
S21403913040F09980554B1B78002B00F091804FF040
S2140391400208534CDFF868912078404507D099F819
S214039150003013B94146FFF7D3FE84F80080B8F118
S214039160020F0FD1DFF8248198F8003053B9494B2A
S2140391701B7823B900F020F90122474B1A7001230C
S21403918088F80030207800F0F7F899F8003013B12B
S214039190424B1B782370AFF30080284601F0DFFDB7
S2140391A0EFF3108572B63E4B1A7852B100221A704E
S2140391B03A4B20781B78984203D101212170FFF7A0
S2140391C09FFE384800F082FA01F0B7FE804600287A
S2140391D093D12E4F3B789BB189F80000DFF8B89007
S2140391E099F800301BB100F0EDF889F800800020F4
S2140391F001F0BAFD002839D000F036F900233B70A1
S214039200337823B10020FFF7CFFE0023337000210D
S2140392102078FFF775FE00232370AFF300802846FF
S21403922005B0BDE8F04301F09ABD1F4BD3F80080AC
S21403923000F048F9039B80449845BFF472AF00F0F2
S2140392403BF98200039942F0020292B2CDE9004252
S2140392502346164AA1EB0801124801F087FD65E78D
S21403926000F09CF86BE74FF001086AE7012000F076
S21403927083F8284601F073FDEFF3108572B6B6E760
S214039280AB5C0020B05C0020F43D0020AC5C00200A
S214039290B15C0020AF5C0020AA5C0020AE5C00201E
S2140392A0A75C0020F83D0020F03D0020F18F03006E
S2140392B0AD5C002010B501F042FC0022054B1C7883
S2140392C01A7001F037FC00F005FBE4B22043C0B28D
S2140392D010BD00BFA85C002038B501F030FC094B78
S2140392E005461B78012B04D801F024FC00242046F5
S2140392F038BD054B1C6800F0E5F80444284601F029
S21403930019FCF4E7B15C0020F03D00201549164A2D
S2140393100B6F10B503F007031360144A144C9269DD
S214039320032B02F00200C2F34002227017D0D1F8DA
S214039330203103F00703022B11D0D1F8803203F05B
S21403934001030C4A137048B143B9064BD3F80031F6
S21403935003F00303591E4B424B41137010BD012308
S214039360EFE700BF00800050543E002000C00150CD
S214039370B65C0020B75C0020012805D0023801281F
S21403938008D80020D1F756BB034A136923F0040319
S214039390136130BF704700BF00ED00E0044B054A81
S2140393A0D3F8203103F007031360F8F7F0B900BFD2
S2140393B0008000505C3E00200122014B1A7070476B
S2140393C0B55C0020F8B51F4B1B78002B39D01E4C1C
S2140393D02378B3B91D4B9A6DD10302D5DA6D920784
S2140393E02FD49B6DDB072CD401F003FD184B194AD1
S2140393F01860136F23F0070343F003031367FFF7A5
S21403940003FD01F0F6FC124B134D1B68134EC01AF6
S2140394102B78134F56F8232046F82300111A3A6880
S2140394201048521A0A213A600932B2FBF1F20133AC
S214039430DBB20260B3FBF1F201FB12332B700023A5
S2140394402370F8BDB75C0020B45C002000C0005059
S2140394504C3E002000800050B35C0020243E0020D9
S214039460203E00201C3E002008B5F8F791F90D4A6F
S2140394700D49136F096823F007030B4313670B4962
S214039480D2F82031096823F007030B43C2F82031D2
S214039490074B1B7813B10122064B9A62BDE80840BE
S2140394A0FFF7B2BC00800050543E00205C3E002014
S2140394B0B75C002000E00050014B1878704700BFEF
S2140394C0B75C0020054B187818B1054B186800EBFD
S2140394D0D000044B1B681844704700BFB75C0020DD
S2140394E01C3E0020503E002008B50D4B1A7892B162
S2140394F000221A700B4A136F23F0070343F001038D
S2140395001367D2F8203123F0070343F00403C2F8AD
S2140395102031FFF779FC0122034B5A6708BD00BFD1
S214039520B55C00200080005000E000500D490B6839
S214039530A0B10022A3B1834203D1836822B90B6092
S21403954003E01A469B68F5E7936083680BB900202F
S21403955070475A6941690A445A61F8E722207047FE
S21403956002207047683E002010B501F05EFC0A4CEE
S2140395700A4B19682368C31A09B9206010BD002B6B
S214039580FBD04A699A423ABF9B1A0022D21A4A6112
S21403959028BF00238968EFE7643E0020683E00206A
S2140395A038B5154D2B682BB35B69B3B1134A02204C
S2140395B014681C4400F088FA204600F047FA00229C
S2140395C00F492B680A70012A05D823B1D88880076B
S2140395D00AD501230B70002038BD022000F074FA70
S2140395E0022000F093FAEAE79B68002BF3D0586951
S2140395F00244E8E72220EFE7683E0020643E0020AE
S214039600B95C0020C38870B504460D463BB9FFF726
S21403961063FE8542064602D2F9F735FA35460E4A08
S214039620656113689BB91460A3600FE02D1A9868F0
S21403963019466561034618B15869A842F6D941B17F
S2140396408C60A36013B15A69521B5A6170BD002126
S214039650F2E71460F5E700BF683E002070B51646D3
S2140396609DF81420C0E903360271049ABDF8183039
S2140396700260002204460D468260C38006BB01F0EA
S214039680D4FB2844A0613DB9E368656113B1204665
S2140396902168984796B1354601F051FA0646FFF71A
S2140396A063FF29462046FFF7ADFF074B1B68A3421F
S2140396B001D1FFF775FF304601F03CFA002070BD7C
S2140396C001F0B3FB3044DDE7683E0020F8B50546FD
S2140396D0D0B101F034FA0646FFF746FF0B4B284697
S2140396E01F68FFF723FF044620B1304601F022FA35
S2140396F02046F8BDAF42F8D1FFF752FF2228F4D137
S214039700022000F0EDF9F0E72224F1E7683E00209E
S21403971038B50C460546A8B1A1B100230B7001F07D
S2140397201BFA0121084B1B6833B901F010FA00201D
S21403973038BD9D4204D121702278002AF9D0F4E77F
S2140397409B68F1E72220F3E7683E0020F8B506465B
S2140397500F4601F001FA00250446124B1B6823B995
S214039760204601F0F4F91B2011E05A691544DA8803
S214039770B2420DD101F059FB0B4E3368C01AA84212
S2140397800AD3002320463B6001F0E1F90020F8BD30
S214039790FF2EEFD09B68E2E701F047FB33682B44CC
S2140397A01B1AEFE7683E0020643E002070B501F008
S2140397B0D3F9064601F039FB084B044601201D6821
S2140397C001F023FB18B101F030FB044601353046A7
S2140397D001F0BDF92046294670BD00BF703E00204B
S2140397E0014B1868704700BF6C3E0020F8B50C4B61
S2140397F005461B680E4683420FD3002440F2E7302B
S2140398002146084B4FF47A721F680023E5FB0701D5
S214039810E1F752FE30602046F8BD2120FCE700BF8A
S214039820603E00206C3E00200F4B10B51A689AB1BC
S2140398304FF47A71531E1342A0FB01010ED1B2FA04
S21403984082F2C2F11F04531CD243E04001FA03F331
S214039850184321FA02F20243104610BD0023E1F733
S2140398602BFE0246F8E700BF6C3E002038B5164BC9
S21403987014468342154B8B4123D3154B1A6802B308
S2140398804FF47A75A0FB050305FB0131531E134203
S21403989011D1B2FA82F3C3F11F055A1CDB4301FA56
S2140398A002F2E84021FA03F310431843E940C4E9FF
S2140398B00001002038BD0023E1F7FEFDC4E90001E6
S2140398C0F7E72120F6E700BFEFA7C64B378941002D
S2140398D06C3E002010B501F03FF9034B1C7801F0F5
S2140398E036F9E4B2204610BDB85C002008B5084B34
S2140398F01B7803F0FF004BB101F07BFA054B1B68A6
S2140399009B69C01A02288CBF0020012008BD00BF37
S214039910B95C0020683E0020C2072DE9F8430446E0
S21403992007D5474A136801331360FFF71DFEFFF799
S21403993037FEA30740F1818001F00EF94FF00008CF
S21403994005464646FFF710FE3E4F3C680CB163697A
S214039950A3B100223C4B012E1A7003D118F0020F5C
S21403996018BF1E70FFF71CFE222802D1022000F04B
S214039970B7F82846BDE8F84301F0E9B823465A6924
S2140399803AB91A792179914288BF1C469B68002B05
S214039990F5D1284601F0DBF8D4F81080B8F1000FB3
S2140399A03FD001F042FAA269851AEB17454573F1D9
S2140399B0000337DB23691344A36101232269CAB179
S2140399C0C3B9A38BB8EB050833B1E28B13449BB240
S2140399D0B3F57A7F1CD2E38301F0BEF80546414611
S2140399E02046FFF70FFEA369226928461344A361A6
S2140399F001F0ADF8E36813B1204621689847B4F840
S214039A00068001F0A9F801360546FFF7ADFD9CE791
S214039A10A3F57A73E383A36918F1FF38013BA361C7
S214039A20DAE7454601F098F881462046FFF77EFDC3
S214039A30484601F08CF80023C0E7BDE8F88300BF72
S214039A40703E0020683E0020B85C002010B5044637
S214039A5001F075F84FF0B042936A1907FCD4136A05
S214039A60116C5269120704D4CA1A032A01D8994200
S214039A700ED1E21A022A98BFDC1CB4F1FF3F38BFAE
S214039A80013C4FF0B04308221C6403F580539A61EF
S214039A9001F050F8054A13783BB14FF0B041CB6B59
S214039AA043F00203CB630023137010BD2D6C00201C
S214039AB007B5044B01A9187901F0E7F8019803B03C
S214039AC05DF804FB7453040000F001038207034AA5
S214039AD048BF43F008039361704700BF0010005867
S214039AE0820700F001030AD50121064A43F0080362
S214039AF011704FF0B041CA6B22F00302CA63024AE8
S214039B00936170472D6C002000200058830742BFE6
S214039B100822014B5A6170470010005873B502AB18
S214039B20164603E90600044600F052FF05462046A3
S214039B3000F05EFF9DF800208DB1202C33780ED800
S214039B40012B2ED84FF6FF752D4803EB4313234402
S214039B5030F81310A94202D0013120F81310294B14
S214039B60294E33F8141036F81400814232D34FF6D8
S214039B70FF75A9424FF0010502D0013123F81410F6
S214039B8004F0FD01092927D1998AB68A0A44B2420C
S214039B90B4BF9A829E8233F81430834227D202B02F
S214039BA070BD022BDBD14FF6FF704FF6FF75144BDB
S214039BB033F81410814218BF013104F1210018BF95
S214039BC023F8141033F81010A9421CBF013123F8F0
S214039BD01010C4E70025D0E71D2CDCD1598F8E1852
S214039BE0864203DA01390A445A87D4E75887002D98
S214039BF0D5D1204602B0BDE8704001F031B900BFB0
S214039C00BC580020945900204059002038B50D4612
S214039C10044600F0A1FF064A13889BB22DB12343E6
S214039C201380BDE8384000F092BF23EA0403F7E749
S214039C309A5B00200022034B01214FF480701A70B8
S214039C40FFF7E4BFCA62002008B5054B1868FCF7A7
S214039C502FFE00F00300C31E5842584108BD00BF44
S214039C60C055002038B5044601F098F90C4B05465C
S214039C701978187981420FD0631E082B0CD8DFE8B9
S214039C8003F0050D0B0D0B0D0D0D0D000022014607
S214039C90044B1868FCF70AFE284638BD0022F7E78F
S214039CA05B6C0020C055002038B54FF0FF300C46E3
S214039CB0FFF77BF80A4B05461868FFF776F8641B30
S214039CC0241A20B210F1630F06DB10F1240F05DA15
S214039CD064308000C0B238BD0020FCE7FF20FAE7FE
S214039CE0C055002008B5134B1B78062B04D040F64E
S214039CF02101114801F025F8104B1B881B0704D4DB
S214039D0040F622010C4801F01CF80D4B2A20197866
S214039D10FFF7A8FF00210820FFF778FF0222094B70
S214039D201A70094B1868E8F7DFFBBDE8084001F036
S214039D3084B800BFCA620020E74F04009A5B002085
S214039D40C76200208A6C0020C055002010B50E4C58
S214039D50236823B940F6A3410C4800F0F2FF2068BD
S214039D60013001F0CCF800F0070003280AD124687C
S214039D7009220121204600F0E3FB205C031F584222
S214039D80584110BD0020FCE7B0550020E74F040003
S214039D9038B50C4640B100210420FFF737FF01F029
S214039DA04CF8012C1DD038BD244B1B889B07F6D5D9
S214039DB00129234A2FD1117869B30139C9B2117029
S214039DC011B92020FFF722FF00210220FFF71EFF14
S214039DD004221C4B00211C481A7000F05DFD01F0A4
S214039DE02CF81A4C2068013001F089F800F4406022
S214039DF0B0F5006F1FD1246801210422204600F02D
S214039E009FFB204401F07BF80146BDE83840002262
S214039E10202001F03DB800210D4D02201170FFF700
S214039E20F5FE2B78FF2B04D040F29961094800F029
S214039E3088FF2C70B3E74FF6FF71E6E79A5B0020C6
S214039E40C9620020CA620020D0690020B0550020F5
S214039E508B6C0020E74F040038B5134C0546238867
S214039E60580709D5FFF7F0FE01460720FFF7FAFE6D
S214039E70FF210120FFF78CFF238899070BD50B4B97
S214039E80284619788A1F51425141FFF7EBFE0121FC
S214039E900020FFF77DFF23881B0703D5BDE8384066
S214039EA0FFF720BF38BD00BF9A5B0020CA620020C0
S214039EB0F7B5124CD4E9006586EA020C85EA030777
S214039EC00CEA000C0F405CEA070E15D086EA0C0677
S214039ED07D40C4E90065CDE900230B4608490246E8
S214039EE00868FCF7A7F838B14FF4FD71054803B0CE
S214039EF0BDE8F04000F025BF03B0F0BD1816002003
S214039F00C0550020E74F040008B50A4B1B88DB0644
S214039F1004D440F64701084800F013FF0021102040
S214039F20FFF774FE002000F06BFBBDE8084000F06E
S214039F3084BF00BF9A5B0020E74F04002DE9F04F73
S214039F405706804614461D4691B005D5FFF77CFE9E
S214039F5001460120FFF786FEEE0403D500212D20DF
S214039F60FFF780FEA00224D54046FCF74DFD0146D0
S214039F70F8B94020FFF74AFE40460AA9FCF721F944
S214039F80B8B99DF83030022B40F0D980BDF82800D0
S214039F9001F0A3F8FF2808D14046FCF710F940B9B2
S214039FA001214020FFF732FE03E001F09AF8002873
S214039FB0F2D1A10305D5FFF747FE01460320FFF7BD
S214039FC051FEE20104F0807640F1C080854B1B8889
S214039FD09B072DD5844E3068FCF788F840BB834B2F
S214039FE0834F18703B78FF2B04D040F257618148AB
S214039FF000F0A7FE4FF0000900210220FFF706FE3F
S21403A00087F800907C4F3B78062B07D10121082068
S21403A010FFF7FCFD49462820FFF724FE3B78052B77
S21403A02006D100212B20FFF71DFE3068E8F75CFA07
S21403A03000F003FF220717D56B4F0321386805AAE4
S21403A040FCF76EF8064620B940F2C961694800F08D
S21403A05078FE9DF81430072B00F0D080FFF7F4FD50
S21403A06001460420FFF7FEFDE10505D5FFF7ECFDED
S21403A07001460420FFF7F6FD14F4863F05D0FFF7EC
S21403A080E3FD01460220FFF7EDFDA20113D5FFF71E
S21403A090DBFD01460820FFF7E5FD00210420FFF75E
S21403A0A0B5FD554B1B78012B03D14F4B1868E8F7CA
S21403A0B01BFA00F0C2FE14F0084F09D0FFF7C4FDE8
S21403A0C001460720FFF7CEFDFF210120FFF760FEC4
S21403A0D0A30009D5FFF7B8FD01460620FFF7C2FD2A
S21403A0E0FF210120FFF754FEA70705D53D4B1B882C
S21403A0F01E0701D5FFF7F6FD6C0603D500210A20DF
S21403A100FFF7B0FD280602D50120FCF78EFCE90513
S21403A11040F1858140460AAA05A9FCF7C5FB9DF8D0
S21403A1201430222B00F06D8100F28281152B40F251
S21403A1306A8140F60A112F4800F003FE6FE1032BF5
S21403A1407FF437AF0AA800F0C4FF30E705F0020734
S21403A15056EA07030DD0284B26201978A1F1060EE0
S21403A160DEF1000141EB0E01FFF77CFD01213046D5
S21403A17011E004F0805656EA07030FD01E4B262044
S21403A1801978A1F1060CDCF1000141EB0C01FFF795
S21403A19069FD02213846FFF7FBFD4BE704F08841D3
S21403A1A051EA060309D0144B272019788F1F7942EA
S21403A1B07941FFF757FD0221D9E705F008030B4362
S21403A1C002D02320FFF74EFD680703D50021242085
S21403A1D0FFF748FDE9077FF52DAF00212520FFF7A0
S21403A1E041FD27E79A5B0020C0550020C962002086
S21403A1F08B6C0020E74F0400CA62002031463868A3
S21403A2000AAAFBF793FF20B14FF4DA619E4800F0E9
S21403A21098FDBDF81630386802330AA9ADF82C301D
S21403A220FBF786FF20B140F2DF61974800F089FD17
S21403A2300023009331460423386804AAFBF77AFF09
S21403A240042804D040F2E4618F4800F07AFDDFF87A
S21403A250589299F80030C3BB0DF1110000F04FFE81
S21403A26000F00700022830D1FFF7EEFC0146092074
S21403A270FFF7F8FC854B1B78062B23D1844B9DF800
S21403A28013201B789A421DD19DF8353023B940F22E
S21403A290FA617D4800F055FD0DF1110000F02FFE28
S21403A2A0C0F3001631462920FFF7DCFC0021082006
S21403A2B0FFF7ACFC774B1E70FFF748FD10B9386804
S21403A2C0E8F712F900F0B9FDCEE6BDF81600012155
S21403A2D0083080B200F068FA039030B9FFF7B4FC98
S21403A2E001460420FFF7BEFCECE700F0E9F905AAF7
S21403A2F0014606463868FBF725FF99F800A0BAF131
S21403A300000F22D106F1010B584600F0F8FD830634
S21403A3105AD53868FCF778FB0746FFF795FC0537F0
S21403A3200146F8B2FFF79EFC584600F0E8FD00F041
S21403A33007000328584F2DD001210420FFF766FCA1
S21403A3404FF0FF30FBF71DFF386000225349BDF87E
S21403A35016300978F718F1549DF83630BB709DF81F
S21403A3603730FB700A9B190E3971190C7971FB7122
S21403A370190A99F80030B97123B9737892B343F088
S21403A38020037370002000F069F97870039800F0DA
S21403A39071FA97E701210922304600F0D1F8305CC4
S21403A3A001210428C9D1FFF731FC4FF0FF30FBF73A
S21403A3B0E8FE3B4B38601B885806C6D551464020FE
S21403A3C0FFF724FC0122C1E7FFF73EFC0146092004
S21403A3D0FFF748FC2D4B1B78012BB6D13868E8F7FE
S21403A3E083F8B2E723F02003CBE701227E33DBB208
S21403A3F002FA03F313F00A1F31D113F0011F3FF4DF
S21403A40098AE27202CE0012202FA03F3254A1A40CD
S21403A4102ABB13F0041FF4D1DA077FF58AAEAB0527
S21403A4202FD50121802011B0BDE8F04FFFF7EEBB1A
S21403A430652B1AD8622B12D8452B0CD8422B0ED874
S21403A440352B06D8322B0AD8252B08D9322BD8D051
S21403A4506FE6422BFBE7552B05D8522BF7D9262060
S21403A460FFF7FAFCDBE7622BF1E7952B3FF661AECD
S21403A470812BBAD8722BC4D0733B022B3FF659AE4E
S21403A480EDE711B0BDE8F08FE74F0400CA62002085
S21403A490C66200208A6C0020AC5500208C6C00201D
S21403A4A09A5B00203A003800CD620020024B1878F1
S21403A4B0B0FA80F040097047CA62002008B5064B20
S21403A4C04FF0FF311868FCF715FA0028B8BF0330C1
S21403A4D040F3870008BD00BFC055002008B5074BF2
S21403A4E01868FBF73CFD30B1054BB3FBF0F083B2C5
S21403A4F00BB1184608BD0120FCE700BFC05500207D
S21403A50040420F0038B510200C460121FFF77EFBB2
S21403A510064B1D68FFF7E2FF012200FB04F1044B24
S21403A5202846FCF7CCF9002038BD00BFC0550020F4
S21403A530099F0300014800F004BC00BF015004005B
S21403A540032A70B5144602D82C4B985C70BD81F074
S21403A550010519B90D2A07D1FF20F7E70D2A03D104
S21403A56000780538C0B2F1E7084400F0C8FCC5F12E
S21403A570040110F440660246C9B209D1042C084609
S21403A580E4D0052C16D112F0400F18BF0846DDE7BD
S21403A590C5F10603042CD8B2D8D0B6F5006F03D1A4
S21403A5A0C5F10805E8B2ECE7B6F5406FE9D1C5F1A9
S21403A5B00E05F7E712F4404107D1062CC6D0072C48
S21403A5C0C4D0082C13D10130CCE755065CBF831CDE
S21403A5D0D8B2062CBAD0B1F5004F02D1831CD8B23C
S21403A5E0EDE7B1F5404FEAD100F10803F7E71307AB
S21403A5F044BF0530C0B20C2CA8D9ADE7D89B0400E5
S21403A600AC2370B5094C054603FB00435E6D26B9C3
S21403A61040F2FD31064800F094FBAC2303FB0544EF
S21403A620002363653346BDE870401847C4550020D1
S21403A6303E50040010B40C461146AC22064B02FBF7
S21403A6400033586D20B95C655DF8044BFFF75ABFBD
S21403A65002205DF8044B7047C4550020AC22034B20
S21403A66002FB003393F8A800704700BFC4550020D0
S21403A67028B1034B1B68C01A4010013080B27047E4
S21403A6808456002030B1044B00F100401B680138AB
S21403A69003EB4000704700BF84560020064B1B6840
S21403A6A0834206D8054B1B68834294BF00200120D3
S21403A6B070470020704700BF845600208056002055
S21403A6C010B5044608B9002010BD00F075FC20B98B
S21403A6D040F2CD41074800F034FB2046FFF7D2FF97
S21403A6E00028F0D00388DB0B14BFD0F80A0008302C
S21403A6F0EAE700BF1550040010B508B9002010BDE6
S21403A700FFF7C0FF044600F04EFC20B94FF49D61EE
S21403A710064800F016FB002CF0D02388DB0B0ABF9C
S21403A72060882089C0F30C00E9E700BF15500400D9
S21403A73038B5FFF7A7FF0D46044650B100F033FCCB
S21403A74020B940F24151034800F0FBFA023534F8D1
S21403A750150038BD1550040070B5FFF793FF0C467F
S21403A76016460546B0B100F01EFC20B940F24D5126
S21403A7700C4800F0E6FA3046FFF784FF00F013FCBF
S21403A78020B940F24E51074800F0DBFA023425F8B0
S21403A790146070BD40F25251BDE87040014800F0AD
S21403A7A0D0BA00BF155004002DE9F8430746884683
S21403A7B000F069FB20B940F28E512A4800F0C1FA36
S21403A7C0FC1CA408284B64000434B7F5005F1E681D
S21403A7D0A4B204D340F29551224800F0B2FA00F036
S21403A7E0BBF9224981460B687BB9214B1D68761B52
S21403A7F0C6F34F06B44227D90025484600F0A7F90A
S21403A8002846BDE8F843FFF733BFB8F1000F11D071
S21403A810174A15685A1BC2F34F029442ECD81448E1
S21403A820620005EB44040460B8F1000F0FD1134433
S21403A8300B600CE0F61AC6F34F0676B940F2A65143
S21403A840084800F07EFAD7E705EB44041C600023B3
S21403A8506F80AB80EB802B80CFE7B442CCD8044A22
S21403A8601568DCE715500400885600207056002053
S21403A8708056002038B5054600F06EF90446294692
S21403A8800448002200F0A5FB2046BDE8384000F04F
S21403A8905EB900BFA05B002082684B4B2DE9F041F8
S21403A8A09A4204460E46056815D121B140F21311AB
S21403A8B0464800F046FA00F04FF923691BB92B68A7
S21403A8C02BB924612C60BDE8F04100F040B91A6949
S21403A8D022611C61F6E700F02DFA8046FEF76AFA5D
S21403A8E020B14FF49571394800F02BFA6FF000430E
S21403A8F09E4221694BD22B7B08EB0602002B4DD0E0
S21403A900AB6893424AD1531C002949D061699942E6
S21403A91042D01EB9521AB2F1004F3DD96361236982
S21403A9206E689C4203D19D21284800F00AFA2F4600
S21403A9300023B4420BD0002B41D172696169891A96
S21403A940B1F1004F32D83269374694422CD122698E
S21403A950BD420CBF6A603A617BB92669B44203D133
S21403A960B8211A4800F0EDF93B46012E05D062697E
S21403A9707169521AB2F1004F23D99D420BBF6B681F
S21403A9801A69236122610CBF6C601C6104E04344B6
S21403A99031B162699342C1D1BDE8F0811346B3E792
S21403A9A06A6822616C60B9E71646C6E7A8EB02023E
S21403A9B0B2F1004FC7D93B4637463669B9E71F465B
S21403A9C0F9E733463669D0E7C13F02002950040051
S21403A9D00823064A12F8011B814205D0013B13F0F7
S21403A9E0FF03F7D11846704701207047899C04007F
S21403A9F00823064A12F8011B814205D0013B13F0D7
S21403AA00FF03F7D11846704701207047819C040066
S21403AA1010B5082207490446E1F706FCB0FA80F0B1
S21403AA204FF6FF732289400940009A4208BF40F060
S21403AA30010010BD9A9C040030B504460D4685B04F
S21403AA4002B9084A1068516801AB03C301AB03CBD4
S21403AA5020602046ADF80C501B886160238105B04A
S21403AA6030BD00BFE9D80300002270B50A4B1C783E
S21403AA700A4BD5B2AC4202D800200C7008E01E8800
S21403AA800132864205D30D701B881B1A5842584163
S21403AA9070BD1233EDE700BF47620020405B002025
S21403AAA010B5164B187860B1154C2368CBB14FF42C
S21403AAB0707200201349FFF7BDFD2368013B236036
S21403AAC010BDFFF7FBFC1049104A91F900401368CC
S21403AAD084420B4C03F1010313602368B8BF08706C
S21403AAE053B90B4800F09DFA0028E9D1BDE81040A1
S21403AAF001460748FFF7D0BE0822DAE71A630020AC
S21403AB00FC560020A1AA030015630020F45600207B
S21403AB109C6B0020054B1B682BB9054B1868003847
S21403AB2018BF012070470120704700BFEC56002075
S21403AB30E856002010B962B6BFF36F8F7047EFF385
S21403AB40108072B67047302383F31188704780F302
S21403AB501188BFF36F8F7047EFF31180302383F3B1
S21403AB6011887047002070474FF4004070474FF439
S21403AB707A7070470122417803788A4030214B432C
S21403AB8041F2100103F1A04303F570335A507047A6
S21403AB90B0F5802F24D010D8B0F5003F22D006D8C9
S21403ABA028B3B0F5803F14BF012048207047B0F5A6
S21403ABB0403F14BF01202C207047B0F5302F13D030
S21403ABC008D8B0F5E02F11D0B0F5202F14BF012020
S21403ABD010207047B0F57F0F14BF01200620704782
S21403ABE04B2070472A20704711207047212070475A
S21403ABF008B570B100F022F84FF098435A6CD202B1
S21403AC00FCD5586D10F4702004D0BDE80840FFF75B
S21403AC10BFBF212008BD08B528B128220021E0F7D0
S21403AC20B7FF002008BD2120FCE7036A042B9FBF63
S21403AC3000EB83020133D16003627047036A052B7E
S21403AC4014D84FF09842116CC902FCD504339B000C
S21403AC5013650168103B11604168116050F8081FC6
S21403AC6011604FF098420344984200D1704750F861
S21403AC70041F1160F8E7836813B9816070475B6847
S21403AC805A68012AFBD15960704709B100F008B829
S21403AC9022207047012100F046B8002100F043B897
S21403ACA070B506460D46FFF757FF04461D2E37D8E8
S21403ACB0DFE806F00F18361C1E20362224363636FA
S21403ACC02628362A2C2E3036363636343636363660
S21403ACD03632FEF77FF8002628602046FFF737FF58
S21403ACE0304670BD0120CFF73FFCF4E70320FAE7B8
S21403ACF00420F8E70C20F6E70220F4E70620F2E744
S21403AD000720F0E70820EEE70520ECE70920EAE74E
S21403AD100A20E8E70D20E6E71020E4E70B20E2E749
S21403AD2000202126D8E70020704708B5FEF7D6F89E
S21403AD3080B208BD08B5FEF7D1F808BD704742DEFD
S21403AD40704738B504460D4600F008F8FFF7FBFEDB
S21403AD5029462046BDE83840FFF7F1BF704710B9D3
S21403AD6062B6BFF36F8F7047012070472DE9FF412E
S21403AD700D4616461F460446A8B14FF00008C0F815
S21403AD801C80FEF7A3FCBDF82C30424602939DF8C8
S21403AD9028302946CDE9007320463346FEF75EFC8D
S21403ADA004B0BDE8F0812220FAE7F0B51F46002381
S21403ADB087B00D46164604468DF81730A8B1C36112
S21403ADC00DF11701FEF7A4FC9DF817207AB9BDF81C
S21403ADD03430294602939DF830302046CDE900737F
S21403ADE03346FEF73BFC07B0F0BD2220FBE703200B
S21403ADF0F9E738B5FFF7B0FE054600F016F8044647
S21403AE002846FFF7A4FE204638BD4FF0B04301287E
S21403AE105B6904D0022805D1C3F3C000704703F072
S21403AE20010070470020704770474FF0B0439A6A9E
S21403AE301207FCD4186A7047704708B5FFF7FCFF83
S21403AE4000F01DF808BD10B5FFF779FE0121044692
S21403AE500846FEF7DFF82046BDE81040FFF76ABE57
S21403AE6010B5044600F012F82046FAF7F8FF20461D
S21403AE70F8F72DF9BDE81040F9F7F0BC704708B5B0
S21403AE80FFF7FCFF08BD012070477047002070479E
S21403AE9030B589B00446ADF806108DF81020FFF7DC
S21403AEA097FD05462046FFF7A3FD03469DB1BDF873
S21403AEB00600ABB900F0BAF8FF2808BF00200DF172
S21403AEC00F038DF80F001A46204604990593FEF7E4
S21403AED025FE09B030BD0028F5D00DF10603F2E7D4
S21403AEE000F0A4F8FF2808BF0020BDF806308DF850
S21403AEF00F00ADF81A308DF8180006ABE3E70088AC
S21403AF0070470170090A417070470120704701209D
S21403AF10704738B5DFF77CFD0446D4F7ABFD051E56
S21403AF2018BF2546D4F778FE041E18BF2C46FFF735
S21403AF30ECFF002818BF204638BD38B5FEF7BAF92F
S21403AF400446F7F7C4FA04281ED002284FF000057B
S21403AF5008BF0124F8F763F9042817D0022808BFAE
S21403AF600124F7F7F3FE042812D0022808BF0124B1
S21403AF70FFF7CDFF04280DD0022808BF0124002DBB
S21403AF8018BF0024204638BD0125E3E70125E8E77E
S21403AF900125EDE70024F5E7FF20704708B5FFF726
S21403AFA0FBFF002008BD08B520B1FFF777FB00F0D4
S21403AFB0010008BD0120FAE708B5FFF763FBBDE80B
S21403AFC00840FFF7F0BF008810B1C9B2FFF7B0BB67
S21403AFD070472DE9F041B0F8008006460C46D5B21E
S21403AFE0B8F1000F11D029464046FFF7A1FB2246D1
S21403AFF0074629464046FFF7AFFB3A462946204612
S21403B000FFF7AAFB3480BDE8F0810F46F5E7034659
S21403B0101B8808468B4202D00021FFF789BB00201D
S21403B02070470069003818BF01207047002070473A
S21403B030F8B506460D46FFF7EBFC0328044621D079
S21403B0402846FFF7E5FC032807461BD010F002034B
S21403B05018D1A0070DD5F90716D401233C43E20700
S21403B06004D431892A89914218BF002303F00100D2
S21403B070F8BD082229463046E1F7D6F8B0FA80F341
S21403B0805B09EBE70020F3E71846F1E770B50D46DA
S21403B09000210646FFF797FF044630B1FFF710FB83
S21403B0A001462846FFF7C4FF08B1204670BD214677
S21403B0B03046FFF7ACFFEFE707B50DF10701FFF7E3
S21403B0C0D3FC20B19DF8070003B05DF804FBFF2016
S21403B0D0FAE700207047FF207047FF207047FF20E5
S21403B0E070470020704700200021704700207047FB
S21403B0F02DE9F84307460846154688461C469DF83C
S21403B1002090FFF7DDFA4619A4B19EB14046FFF73B
S21403B110F3FA254485420FDC2246B9F1000F06D127
S21403B12031463846E0F786FD0020BDE8F883394609
S21403B1303046F7E72120F8E71D20F6E70000000079
S21403B140F8B500BFF8BC08BC9E467047F8B500BF0C
S21403B150F8BC08BC9E4670475FF800F0E964002020
S21403B1605FF800F04D6400204465766963652074DB
S21403B170797065206368616E6765206465746563CE
S21403B1807465643A202564202D3E2025640D0A004C
S21403B19050726573732064657465637465640D0A21
S21403B1A0004D756C746920707265737320646574E2
S21403B1B065637465643A2025640D0A0052656C6500
S21403B1C06173652064657465637465640D0A004C79
S21403B1D06F6E67207072657373206465746563743D
S21403B1E065640D0A006D65746572696E673A206E54
S21403B1F06F20636F756E74657220617661696C612A
S21403B200626C6520666F722043460D0A006D657496
S21403B2106572696E673A206E6F20636F756E74652C
S21403B2207220617661696C61626C6520666F72205C
S21403B2304346310D0A006D65746572696E673A2080
S21403B240424C3039333720647269766572207374E2
S21403B25061727465642028696E74657276616C2009
S21403B2602564206D73290D0A0072656C61795F731E
S21403B270746172745F6C61746368696E675F70751E
S21403B2806C73653A20616E6F746865722070756CB6
S21403B2907365206973206163746976650D0A0072AD
S21403B2A0656C61795F6F6E0D0A0072656C61795F1C
S21403B2B06F66660D0A0072656C61795F746F676707
S21403B2C06C650D0A0057726974696E6720636F6E4A
S21403B2D066696720746F206E763A2025730D0A0020
S21403B2E053697A653A2025640D0A004661696C65E0
S21403B2F06420746F20777269746520444556494309
S21403B300455F434F4E4649475F4441544120746F5F
S21403B310204E562C207374617475733A2025642E60
S21403B320202862797465733A202564290D0A007310
S21403B330756363657373210D0A004661696C656402
S21403B34020746F2072656164204E565F4954454DE4
S21403B3505F4445564943455F434F4E4649472C2075
S21403B3607573696E672064656661756C7420636FB8
S21403B3706E66696720696E73746561642C207374E6
S21403B380617475733A2025642E2028627974657378
S21403B3903A202564290D0A005573696E6720636F8A
S21403B3A06E6669673A202564206368617273206657
S21403B3B0726F6D0D0A25730D0A0072626C3863385E
S21403B3C035773B5453303031322D5A533B5341304B
S21403B3D0753B52443141343B4943313B534231750B
S21403B3E03B52433043323B4941353B4D3B004E6570
S21403B3F074776F726B2073746174757320636861FE
S21403B4006E67656420746F2025640D0A004D616EB7
S21403B41075666163747572657220746F6F206269F6
S21403B420670D0A004D6F64656C20746F6F20626948
S21403B430670D0A00496E697469616C697A696E679B
S21403B440205A6967626565207769746820256420D9
S21403B45073776974636865732C2025642072656C42
S21403B4606179732C20256420636F76657220737769
S21403B4706974636865732C20256420636F76657230
S21403B480730D0A00436F6E66696720706172736599
S21403B49064207375636365737366756C6C790D0AE4
S21403B4A000726561642076657273696F6E20666FDD
S21403B4B0726D206E6577206C6F636174696F6E0DB5
S21403B4C00A004661696C656420746F20777269743C
S21403B4D065206C6173745365656E56657273696F28
S21403B4E06E20746F204E562C2073743A2025640DFC
S21403B4F00A004F6C642076657273696F6E3A202576
S21403B500640D0A0043757272656E742076657273F5
S21403B510696F6E3A2025640D0A0052455345542040
S21403B520414C4C210D0A0068616C5F6770696F5F60
S21403B53063616C6C6261636B3A2065787469206C36
S21403B540696E6520256C6420737461747573202599
S21403B5506C750D0A0068616C5F6770696F5F636185
S21403B5606C6C6261636B3A206E6F20667265652051
S21403B57045585449206C696E65730D0A002F686F31
S21403B5806D652F72756E6E65722F776F726B2F7483
S21403B5907579612D7A69676265652D73776974635A
S21403B5A0682F747579612D7A69676265652D73777F
S21403B5B0697463682F73696C6162735F746F6F6C11
S21403B5C0732F73696D706C69636974795F73646BE9
S21403B5D02F2E2E2F2E2E2F7372632F73696C61629C
S21403B5E0732F68616C2F7A69676265652E63004402
S21403B5F0726F7070696E67206F6C64204F544120C1
S21403B600696D6167652C2063757272656E74206F51
S21403B61066667365743A20256C750A00556E6B6E04
S21403B6206F776E20636F76657220636F6D6D616EE4
S21403B630643A2025640D0A00556E6B6E6F776E2094
S21403B640636D642025640D0A00427574746F6E2062
S21403B65070726573732064657465637465642C2007
S21403B660627574206E6F20627574746F6E206973D2
S21403B67020707265737365640D0A00427574746F87
S21403B6806E206C6F6E6720707265737320646574CA
S21403B69065637465642C20627574206E6F20627512
S21403B6A074746F6E206973206C6F6E67207072659A
S21403B6B0737365640D0A004E6F20636F76657220A0
S21403B6C073776974636820636F6E66696720696E53
S21403B6D0204E562C207573696E6720646566617507
S21403B6E06C74730D0A004174747269627574652014
S21403B6F06368616E6765642C2065703A2025642C48
S21403B70020636C75737465723A2025642C2061740B
S21403B71074723A2025640D0A00506F6C6C20636FB8
S21403B7206E74726F6C3A2073656E64696E6720631D
S21403B7306865636B2D696E0D0A005A434C2061637E
S21403B7407469766974792C20656E746572696E67A0
S21403B750206661737420706F6C6C0D0A00506F6CFA
S21403B7606C20636F6E74726F6C3A20636865636BEC
S21403B7702D696E20726573706F6E73652C2066611B
S21403B78073743D25642C2074696D656F75743D254F
S21403B790640D0A00506F6C6C20636F6E74726F6C6E
S21403B7A03A206661737420706F6C6C2073746F70CC
S21403B7B00D0A00506F6C6C20636F6E74726F6C3A78
S21403B7C020736574206C6F6E6720706F6C6C2069D5
S21403B7D06E74657276616C3D256C750D0A00506F4C
S21403B7E06C6C20636F6E74726F6C3A207365742092
S21403B7F073686F727420706F6C6C20696E746572F8
S21403B80076616C3D25640D0A00506F6C6C20636F87
S21403B8106E74726F6C3A20636865636B2D696E2075
S21403B820696E74657276616C207772697474656E7E
S21403B8303D256C750D0A00506F6C6C20636F6E743B
S21403B840726F6C3A20696E76616C69642063686512
S21403B850636B2D696E20696E74657276616C2C203D
S21403B860726576657274696E670D0A00506F6C6C4C
S21403B87020636F6E74726F6C3A2066617374207007
S21403B8806F6C6C2074696D656F757420777269745C
S21403B89074656E3D25640D0A00506F6C6C20636FF3
S21403B8A06E74726F6C3A206661737420706F6C6C82
S21403B8B02074696D656F75742C207377697463687B
S21403B8C0696E6720746F206C6F6E6720706F6C6C88
S21403B8D00D0A00556E6B6E6F776E204C6576656C41
S21403B8E04374726C20636F6D6D616E643A202564D9
S21403B8F00D0A00556E6B6E6F776E204F6E4F666641
S21403B90020636F6D6D616E643A2025640D0A0049ED
S21403B9106E6465782061742077726974652061743B
S21403B92074723A2025640D0A004E6F20737769748B
S21403B930636820636F6E66696720696E204E562CB7
S21403B940207573696E672064656661756C74730D24
S21403B9500A00496E76616C69642072656C61795F72
S21403B960696E64657820256420696E204E562C2007
S21403B970726573657474696E6720746F2064656698
S21403B98061756C740D0A003E2000556E6B6E6F7702
S21403B9906E206572726F7200496E707574206275E0
S21403B9A0666665722069732046554C4C004D617877
S21403B9B0696D756D206E756D626572206F662061A8
S21403B9C07267756D656E7473206578636565646507
S21403B9D0640054686520617267756D656E742069CE
S21403B9E073206E6F7420666F726D61747465642065
S21403B9F0636F72726563746C7900496E636F7272FB
S21403BA0065637420617267756D656E7420747970F2
S21403BA106500496E636F7272656374206E756D623E
S21403BA206572206F6620617267756D656E7473004C
S21403BA304E6F20636F6D6D616E6420666F756E6406
S21403BA400075696E7438006164646974696F6E6149
S21403BA506C002A00756E6B6E6F776E0077696C6488
S21403BA6063617264006865786F70740073747269DA
S21403BA706E676F70740075696E7433326F7074001E
S21403BA8075696E7431366F70740075696E74386FCD
S21403BA9070740068657800737472696E6700756900
S21403BAA06E7431360075696E743332002E2E2E2076
S21403BAB00068656C70000A25730A257325730025D4
S21403BAC0732008002F686F6D652F72756E6E657232
S21403BAD02F776F726B2F747579612D7A696762653C
S21403BAE0652D7377697463682F747579612D7A6928
S21403BAF0676265652D7377697463682F73696C6114
S21403BB0062735F746F6F6C732F73696D706C6963A8
S21403BB106974795F73646B2F706C6174666F726D92
S21403BB202F736572766963652F6C65676163795FEA
S21403BB3068616C2F7372632F626173652D72657013
S21403BB406C6163656D656E742E63002F686F6D653B
S21403BB502F72756E6E65722F776F726B2F74757991
S21403BB60612D7A69676265652D7377697463682FDB
S21403BB70747579612D7A69676265652D7377697463
S21403BB8063682F73696C6162735F746F6F6C732F76
S21403BB9073696D706C69636974795F73646B2F7016
S21403BBA06C6174666F726D2F736572766963652F49
S21403BBB0746F6B656E5F6D616E616765722F6C6522
S21403BBC0676163792F7372632F736C5F746F6B6532
S21403BBD06E5F6D616E616765722E63002F686F6DB1
S21403BBE0652F72756E6E65722F776F726B2F747515
S21403BBF079612D7A69676265652D73776974636801
S21403BC002F747579612D7A69676265652D73776917
S21403BC107463682F73696C6162735F746F6F6C73A0
S21403BC202F73696D706C69636974795F73646B2FC6
S21403BC30706C6174666F726D2F7365727669636577
S21403BC402F746F6B656E5F6D616E616765722F6CC7
S21403BC5065676163792F7372632F736C5F746F6BA1
S21403BC60656E5F6D616E75666163747572696E6726
S21403BC702E630043757272656E7420436F6E666939
S21403BC80673A202530780053657420434341206D7E
S21403BC906F646520746F2025643A2025307800652C
S21403BCA06E61626C65640064697361626C656400EE
S21403BCB06F757428636C69656E742900696E202835
S21403BCC073657276657229004D4647205374726910
S21403BCD06E673A202573004170704275696C64651F
S21403BCE072204D464720436F64653A2030782530EE
S21403BCF03458006E6F6465205B0041646469746940
S21403BD006F6E616C20696E7465726661636573003D
S21403BD10202025643A200070616765205B25645DFA
S21403BD20206368616E205B25645D20707772205BFC
S21403BD3025645D006E6F74206163746976650065C3
S21403BD4072726F72203078253038580070616E49F1
S21403BD5044205B3078253034585D206E6F64654927
S21403BD6044205B3078253034585D20007870616E4F
S21403BD70205B307800706172656E744944205B30D6
S21403BD8078253034585D20706172656E7452737313
S21403BD9069205B25645D006E6F6465547970652069
S21403BDA05B005365637572697479206C6576656CA0
S21403BDB0205B253032585D006E6574776F726B209A
S21403BDC07374617465205B253032585D20004275BC
S21403BDD0666665722062797465733A202564202F3F
S21403BDE020256400457020636E743A202564006540
S21403BDF070202564205B656E64706F696E74202501
S21403BE00732C206465766963652025735D20006E58
S21403BE10776B205B25645D2070726F66696C6520A6
S21403BE205B3078253034585D206465764964205B42
S21403BE303078253034585D20766572205B3078255F
S21403BE403032585D0020202020257320636C7573E4
S21403BE507465723A2030782530345820004E776B5C
S21403BE6020636E743A202564006E776B2025642069
S21403BE705B25735D005072696D617279202870725C
S21403BE806F290020206E6F646554797065205B30DF
S21403BE9078253032585D00202073656375726974A7
S21403BEA07950726F66696C65205B3078253032583E
S21403BEB05D0045502025643A2025732000457272A4
S21403BEC06F723A2020556E6B6E6F776E20656E64C8
S21403BED0706F696E742E00456E61626C65206576C0
S21403BEE0656E7420646562756720696E666F206987
S21403BEF06E20436F726520434C4920636F6D706FED
S21403BF006E656E74006F6E6C7920636F6F72646912
S21403BF106E61746F72732063616E20666F726D0A52
S21403BF20006A6F696E203078253038580A006C65D1
S21403BF30617665002573203078253032580A007202
S21403BF40656A6F696E0072656A6F696E44696666D4
S21403BF5044657669636554797065006578742E2048
S21403BF6050414E2049443A20004E574B206F70658F
S21403BF706E3A20257520736563004E574B20636C1D
S21403BF806F7365640066696E64206A6F696E6162CA
S21403BF906C653A203078253032580066696E642026
S21403BFA0756E757365643A203078253032580043D1
S21403BFB068616E67696E6720746F206368616E6E72
S21403BFC0656C2025643A2030782530325800696E37
S21403BFD076616C6964206E6574776F726B20696E28
S21403BFE06465780053686F72742049443A20307849
S21403BFF0253034582C2045554936343A20002C2019
S21403C00050616E2049443A20307825303458005326
S21403C010746172746564206D756C74692D706879CB
S21403C02020696E74657266616365004661696C6556
S21403C0306420746F202573202573203078253032D2
S21403C04058005465726D696E6174656420257320AB
S21403C050307825303258004B65657020616C697600
S21403C0606520737570706F727420656E61626C659F
S21403C070642E006661696C656420746F2073657452
S21403C080206B65657020616C697665206D6F6465ED
S21403C0902E007375636365737366756C6C792073B2
S21403C0A0657420746865206368696C642074696DC0
S21403C0B0656F7574206F7074696F6E206D61736B36
S21403C0C02E006661696C656420746F207365742046
S21403C0D0746865206368696C642074696D656F7540
S21403C0E074206F7074696F6E206D61736B2E0064BD
S21403C0F06973636F766572004D6174636820257398
S21403C100792066726F6D203078253034582C206580
S21403C11070202564004E574B204164647265737328
S21403C12020726573706F6E73653A203078253034ED
S21403C130580049454545204164647265737320720F
S21403C1406573706F6E73653A200053657276696324
S21403C150652025737920646F6E652E002320207476
S21403C1607970652020206E776B20206C6F6320200B
S21403C1702072656D202020636C75732020206E6FFF
S21403C1806465202020657569002020256420202012
S21403C1902030782530345820203078253034582005
S21403C1A02030782530345820307825303458200015
S21403C1B0736C5F7A69676265655F6765745F6269FA
S21403C1C06E64696E67204572726F723A2030782506
S21403C1D03038580A002564206F662025642062697B
S21403C1E06E64696E6773207573656400656E61625D
S21403C1F06C6564207072696E740064697361626C46
S21403C2006564207072696E7400616464206C696E84
S21403C2106B206B6579004552523A2043616C637517
S21403C2206C617465642043524320646F6573206EAB
S21403C2306F74206D61746368004552523A20496EEC
S21403C2407374616C6C20436F6465206D7573742022
S21403C250626520382C2031302C2031342C206F722C
S21403C26020313820627974657320696E206C656EA0
S21403C270677468004552523A204145532D4D4D4F41
S21403C2802068617368206661696C65643A2030785B
S21403C2902530325800536574206A6F696E696E677D
S21403C2A0206C696E6B206B65790073657420626918
S21403C2B06E642025643A2030782530327800454D68
S21403C2C050545900554E494341004D324F4E450098
S21403C2D04D554C5449003F2020202000496E64658C
S21403C2E07820494545452041646472657373202070
S21403C2F0202020202020204E574B496E646578204E
S21403C30020496E204643202020202054544C287376
S21403C3102920466C6167202020204B657920202049
S21403C32020002564202020202000202025642020B3
S21403C33020202020200020202530385820200020D0
S21403C340307825303458202000496E6465782049BB
S21403C3504545452041646472657373202020202080
S21403C36020202020496E2046432020202020547978
S21403C370706520204175746820204B6579002D2058
S21403C3802020202000256320202020202563202035
S21403C39020202000696573005741524E494E473AA4
S21403C3A0202052454144494E47204F46204B45598D
S21403C3B02056414C5545532044495341424C45442D
S21403C3C0204259204D464720544F4B454E004E576A
S21403C3D04B204B6579002573206F75742046433ACE
S21403C3E0202530385800257320736571206E756DCF
S21403C3F03A20307825303258002573206F75742024
S21403C40046433A20253038780054432025732000CD
S21403C4102573205461626C650025642F25642065AE
S21403C4206E747269657320757365642E0054726149
S21403C4306E7369656E74204B657900256420656E9E
S21403C4407472257320636F6E73756D696E6720252E
S21403C45064207061636B6574206275666665722519
S21403C460732E0057494C4C0057494C4C204E4F54A2
S21403C4700054727573742043656E74657220257359
S21403C48020616C6C6F772074727573742063656EAD
S21403C4907465722072656A6F696E73207573696E50
S21403C4A0672077656C6C2D6B6E6F776E206B657986
S21403C4B02E005365742074696D656F757420666FFE
S21403C4C0722054727573742043656E74657220729D
S21403C4D0656A6F696E73207573696E672077656C1E
S21403C4E06C2D6B6E6F776E206C696E6B206B657947
S21403C4F020746F202564207365636F6E64732E004B
S21403C5004552524F523A20002573737461636B2071
S21403C5106D75737420626520646F776E2E005265A6
S21403C5206164696E6720416C6C6F7765640048616F
S21403C5307368696E67206F6E6C7900736C5F7A69D7
S21403C540676265655F6B65795F73657474696E674B
S21403C550735F743A203078253034580020205065B5
S21403C560726D697373696F6E733A20257300457233
S21403C570726F723A204661696C656420746F206737
S21403C580657420636F6E6669672C207374617475B7
S21403C590733A20307825303858004661696C6564F4
S21403C5A03A20307825303858004D73673A20636C4C
S21403C5B07573203078253034582C20636D64203012
S21403C5C078253032582C206C656E20256400627501
S21403C5D0666665723A2000454D4245525F002573F4
S21403C5E053454355524954595F4C4556454C3A209A
S21403C5F0253032580025736572617365206B657943
S21403C6002025643A2030782530385800636D64203E
S21403C6106E6F74206275696C740073726320657044
S21403C62020253032782C20636C75732025303478BF
S21403C6300073656E64696E6720746F206D756C7425
S21403C64069636173742062696E640025733A2065BA
S21403C650703A2025642C20636C3A203078253034D9
S21403C660582C20617474723A203078253034580080
S21403C6702C207376723A2025630025733A20726560
S21403C68061643A20307825303278002C2073767235
S21403C6903A2025632C2064747970653A2030782517
S21403C6A030325800417267756D656E742061742070
S21403C6B0696E6465783A202564206973206F757403
S21403C6C0206F662072616E676500436F6D6D616EE5
S21403C6D06420616C7265616479206275696C742E7E
S21403C6E0202043616E6E6F7420736574204D464739
S21403C6F020737065636966696320636F646520668B
S21403C7006F7220636F6D6D616E642E004D46472019
S21403C710436F64652053657420666F72206E657878
S21403C7207420636F6D6D616E643A20307825303403
S21403C7305800557365204E6578742053657175658A
S21403C7406E63652053657420666F72206E65787419
S21403C75020636F6D6D616E643A20307825303258F1
S21403C7600044697361626C652044656661756C7428
S21403C77020526573706F6E73652053657420666F01
S21403C78072206E65787420636F6D6D616E643A20F7
S21403C790307825303258004552523A20726561642B
S21403C7A0696E6720617474726962757465202530DA
S21403C7B03278004552523A20617474726962757415
S21403C7C0652073697A6520256420746F6F206C6119
S21403C7D072676520666F72206275666665720045CD
S21403C7E072726F723A20617474726962757465202E
S21403C7F0494420307825303458207265706F72743F
S21403C80061626C65206368616E6765206973207377
S21403C810697A65202564422C20627574202564425B
S21403C82020656E74657265640A006E6F20636D64BE
S21403C830004572726F723A20434C492053656E640A
S21403C840206661696C65642C207374617475733A31
S21403C85020307825303858004572726F723A20209F
S21403C860455549363420617267756D656E74206967
S21403C8707320656D70747920616E64206C6F6F6BC6
S21403C8807570206279206E6F646520494420666166
S21403C890696C65642E0047726F757000556E696328
S21403C8A061737400556E62696E6420257320257368
S21403C8B030782530325800526571756573743A20A6
S21403C8C0005A444F2073696D706C6520646573630A
S21403C8D0207265712025303278005A444F206E6FDF
S21403C8E06465206465736320726571202530327831
S21403C8F0005A444F206D6174636820646573632037
S21403C9007265712025303258005573696E67206D45
S21403C91079206C6F63616C20455549363420666F09
S21403C92072206465737420455549363420696E2039
S21403C93062696E64696E67005A444F2062696E646A
S21403C94020726571202530327800636C75737465C8
S21403C95072206C696D697420726561636865640032
S21403C960696E76616C696420706167653A20256438
S21403C970206F72206368616E6E656C3A20256400D2
S21403C9804368616E6765206368616E6E656C2073CD
S21403C99074617475733A2030782530327800647584
S21403C9A0726174696F6E206D757374206265206999
S21403C9B06E2072616E67652030202D203500636F10
S21403C9C0756E74206D75737420626520696E2072AF
S21403C9D0616E67652031202D2038007363616E20F9
S21403C9E073746174757320307825303258006E6521
S21403C9F074776F726B2075706461746520736574E9
S21403CA002073746174757320307825303258004172
S21403CA106374697665204550207265717565737415
S21403CA20207374617475733A203078253032580059
S21403CA304C5149205461626C65207265717565734B
S21403CA40743A203078253032580042696E64696E35
S21403CA5067205461626C6520726571756573743AFC
S21403CA6020307825303258004C6561766520257372
S21403CA7030782530325800506F77657220446573DE
S21403CA8063726970746F722025733078253032585C
S21403CA90005573696E67206D79206C6F63616C2037
S21403CAA0455549363420666F722064657374204595
S21403CAB05549363420696E20756E62696E64696EF8
S21403CAC06700526F757465205461626C6520257328
S21403CAD0307825303258002F686F6D652F72756E6B
S21403CAE06E65722F776F726B2F747579612D7A6905
S21403CAF0676265652D7377697463682F74757961EA
S21403CB002D7A69676265652D7377697463682F7319
S21403CB10696C6162735F746F6F6C732F73696D708A
S21403CB206C69636974795F73646B2F70726F746F6B
S21403CB30636F6C2F7A69676265652F6170702F6605
S21403CB4072616D65776F726B2F636F6D6D6F6E2F8E
S21403CB50736C5F7A69676265655F73797374656D15
S21403CB605F636F6D6D6F6E2E6300457874656E64DC
S21403CB70656420526573657420696E666F3A20306B
S21403CB8078253034582028257329002F686F6D6563
S21403CB902F72756E6E65722F776F726B2F74757941
S21403CBA0612D7A69676265652D7377697463682F8B
S21403CBB0747579612D7A69676265652D7377697413
S21403CBC063682F73696C6162735F746F6F6C732F26
S21403CBD073696D706C69636974795F73646B2F70C6
S21403CBE0726F746F636F6C2F7A69676265652F6106
S21403CBF070702F6672616D65776F726B2F636F6DE2
S21403CC006D6F6E2F7A69676265655F6170705F66C8
S21403CC1072616D65776F726B5F736C6565702E639B
S21403CC200053746179206177616B65207768656E60
S21403CC30206E6F74206A6F696E65643A20257300F0
S21403CC40466F726365642073746179206177616BE4
S21403CC50653A20202020202020202020257300460F
S21403CC606F7263696E672064657669636520746FA7
S21403CC702073746179206177616B6500416C6C6F1A
S21403CC8077696E672064657669636520746F2067CD
S21403CC906F20746F20736C656570002F686F6D6509
S21403CCA02F72756E6E65722F776F726B2F74757930
S21403CCB0612D7A69676265652D7377697463682F7A
S21403CCC0747579612D7A69676265652D7377697402
S21403CCD063682F73696C6162735F746F6F6C732F15
S21403CCE073696D706C69636974795F73646B2F70B5
S21403CCF0726F746F636F6C2F7A69676265652F61F5
S21403CD0070702F6672616D65776F726B2F636F6DD0
S21403CD106D6F6E2F7A69676265655F737461636BA7
S21403CD205F736C6565702E630052583A20526573C4
S21403CD306574546F466163746F7279446566617592
S21403CD406C747343616C6C6261636B00657A7370B9
S21403CD5020636F756E74657273206661696C6564B3
S21403CD6020257500657A73702052657365742054A8
S21403CD7068726573686F6C64206572726F722025C3
S21403CD807500657A737020536574205468726573F2
S21403CD90686F6C64206572726F7220257500257546
S21403CDA0292025733A2025750053657474696E67C8
S21403CDB0205468726573686F6C6420636F6D6D6171
S21403CDC06E64003F3F3F004D61632052782042630C
S21403CDD0617374004D6163205478204263617374F9
S21403CDE0004D6163205278205563617374004D6172
S21403CDF063205478205563617374004D6163205437
S21403CE0078205563617374205265747279004D619E
S21403CE1063205478205563617374204661696C00FF
S21403CE20415053205278204263617374004150533B
S21403CE302054782042636173740041505320527823
S21403CE402055636173740041505320547820556312
S21403CE506173742053756363657373004150532085
S21403CE605478205563617374205265747279004157
S21403CE705053205478205563617374204661696C5F
S21403CE8000526F757465204469736320496E697434
S21403CE906961746564004E65696768626F722041F4
S21403CEA064646564004E65696768626F72205265E4
S21403CEB06D6F766564004E65696768626F722053AE
S21403CEC074616C65004A6F696E20496E64696361BC
S21403CED074696F6E004368696C64204D6F76656491
S21403CEE000415348204F766572666C6F7700415356
S21403CEF048204672616D65204572726F7200415319
S21403CF0048204F76657272756E204572726F720096
S21403CF104E574B204643204661696C757265004147
S21403CF205053204643204661696C75726500415331
S21403CF304820584F66660041505320556E617574FD
S21403CF40686F72697A6564204B6579004E574B208B
S21403CF5044656372797074204661696C7572657393
S21403CF6000415053204465637279707420466169AA
S21403CF706C75726573005061636B657420427566E9
S21403CF8066657220416C6C6F6361746520466169E7
S21403CF906C757265730052656C61796564205563C0
S21403CFA06173740050687920746F204D414320717B
S21403CFB075657565206C696D697420726561636853
S21403CFC06564005061636B65742056616C696461C7
S21403CFD074652064726F7020636F756E74004E57AD
S21403CFE04B207265747279206F766572666C6F7704
S21403CFF000434341204661696C7572657300427253
S21403D0006F616463617374207461626C6520667516
S21403D0106C6C00505441204C6F205072692052654E
S21403D020710050544120486920507269205265713E
S21403D03000505441204C6F205072692044656E693D
S21403D0406564005054412048692050726920446545
S21403D0506E69656400505441204C6F2050726920FD
S21403D060547820416272740050544120486920501D
S21403D0707269205478204162727400416464726558
S21403D080737320436F6E666C6963742053656E74A6
S21403D0900043534C205278207363686564756C654F
S21403D0A0206661696C6564000D00446562756720DF
S21403D0B07072696E742067726F75702025730A002C
S21403D0C057726F6E6720706172616D657465720A60
S21403D0D0005363686564756C65206D6F7665206EB6
S21403D0E0776B0025732025643A202564004D61780C
S21403D0F0206D6F7665206C696D6974207265616357
S21403D100686564206E776B2025643A2025640045A5
S21403D1106E642044657669636520506F6C6C2049A5
S21403D1206E666F726D6174696F6E00454D4245524F
S21403D1305F454E445F4445564943455F54494D4514
S21403D1404F55543A20202020202020256400506F7D
S21403D1506C6C20636F6D706C657465642063616CC2
S21403D1606C6261636B3A20257300202043757272EC
S21403D170656E7420506F6C6C20496E7465727661B0
S21403D1806C20287173293A202020256C6400202007
S21403D1904C6F6E6720506F6C6C20496E74657276A8
S21403D1A0616C20287173293A202020202020256CCA
S21403D1B06400202053686F727420506F6C6C204993
S21403D1C06E74657276616C20287173293A2020206C
S21403D1D02020256C6400202057616B652054696D00
S21403D1E0656F757420287173293A2020202020202B
S21403D1F0202020202020256C6400202057616B65AA
S21403D2002054696D656F7574204269746D61736B24
S21403D2103A2020202020202020203078253038581F
S21403D22000202043757272656E742041707020541E
S21403D23061736B733A20202020202020202020209A
S21403D2402030782530385800202043757272656E7A
S21403D2507420506F6C6C20436F6E74726F6C20205A
S21403D26020202020202020202573002020446566CF
S21403D27061756C7420506F6C6C20436F6E74726FA4
S21403D2806C20202020202020202020257300466F9D
S21403D2907263696E672064657669636520746F20C0
S21403D2A073686F727420706F6C6C00416C6C6F7770
S21403D2B0696E672064657669636520746F206C6F9A
S21403D2C06E6720706F6C6C00534C5F5A494742453B
S21403D2D0455F41465F4C4F4E475F504F4C4C0053A3
S21403D2E04C5F5A49474245455F41465F53484F5254
S21403D2F0545F504F4C4C00706F6C6C206E776B20F5
S21403D30025643A203078253032580046696E64200A
S21403D310616E642042696E6420496E697469617443
S21403D3206F723A20436F6D706C6574653A2030787F
S21403D33025303258005374617274207461726765C5
S21403D340740046696E6420616E642042696E6420D0
S21403D3505461726765740025733A2025733A20304A
S21403D360782530325800467261676D656E74617455
S21403D370696F6E2052582077696E646F77207369E1
S21403D3807A652073657420746F202564002F686F98
S21403D3906D652F72756E6E65722F776F726B2F7455
S21403D3A07579612D7A69676265652D73776974632C
S21403D3B0682F747579612D7A69676265652D737751
S21403D3C0697463682F73696C6162735F746F6F6CE3
S21403D3D0732F73696D706C69636974795F73646BBB
S21403D3E02F70726F746F636F6C2F7A6967626565EF
S21403D3F02F6170702F6672616D65776F726B2F7019
S21403D4006C7567696E2F667261676D656E7461749D
S21403D410696F6E2F667261676D656E746174696F8E
S21403D4206E2E630052583A2041646447726F7570DB
S21403D430526573706F6E7365203078253032582CC2
S21403D440203078253034580052583A20566965778C
S21403D45047726F7570526573706F6E7365203078A0
S21403D460253032582C203078253034582C20220092
S21403D47052583A2047657447726F75704D656D62F2
S21403D480657273686970526573706F6E736520306A
S21403D49078253032582C203078253032582C00200E
S21403D4A05B3078253034585D0052583A2052656D0B
S21403D4B06F766547726F7570526573706F6E7365BE
S21403D4C0203078253032582C2030782530345800D8
S21403D4D065705B253032585D2069645B25303458AF
S21403D4E05D00436C656172696E6720616C6C2067D2
S21403D4F0726F7570732E004552523A204661696CFE
S21403D500656420746F206372656174652062696E5A
S21403D51064696E67202830782530325829004552D2
S21403D520523A2042696E64696E67207461626C6564
S21403D5302069732066756C6C004552523A207772E8
S21403D5406974696E67206E616D6520737570706FA0
S21403D550727420253032580052583A20416464478A
S21403D560726F7570203078253034582C2022007561
S21403D570760052583A205669657747726F75702061
S21403D5803078253034580075767300766965775F92
S21403D59067726F75700047726F7570733A206661B5
S21403D5A0696C656420746F2073656E642025732030
S21403D5B0726573706F6E73653A2030782530325813
S21403D5C0006765745F67726F75705F6D656D626522
S21403D5D0727368697020726573706F6E736500642A
S21403D5E0656661756C745F726573706F6E736500E4
S21403D5F052583A2047657447726F75704D656D6271
S21403D600657273686970203078253032582C00753F
S21403D61075620047726F7570733A206661696C6550
S21403D6206420746F2073656E642025733A20307807
S21403D630253032580052583A2052656D6F7665474A
S21403D640726F757020307825303458004552523A40
S21403D650204661696C656420746F2064656C65742C
S21403D660652062696E64696E6720283078253032DB
S21403D67058290072656D6F76655F67726F75700007
S21403D68052583A2052656D6F7665416C6C47726FDF
S21403D6907570730052583A2041646447726F757010
S21403D6A049664964656E74696679696E6720307881
S21403D6B0253034582C202200616464004368616E70
S21403D6C06E656C206E6F742076616C69643A2025F3
S21403D6D064005072696D617279002573206D617301
S21403D6E06B206E6F7720307825303858005365638B
S21403D6F06F6E64617279004D61736B206E6F742078
S21403D70076616C69643A202564007072696D617293
S21403D71079007365636F6E646172790025733A20CE
S21403D720536574202573206D61736B20746F2030EE
S21403D7307825303858005374617475730025733A2E
S21403D7402025733A004368616E6E656C206D6173C5
S21403D7506B3A0020202020283129203078253038C5
S21403D76058205B00202020202832292030782530BE
S21403D7703858205B0053746174653A20307825303E
S21403D780325820282573290043757272656E7420FB
S21403D7906368616E6E656C3A20256400546F74612D
S21403D7A06C20626561636F6E733A202564004A6F6E
S21403D7B0696E20617474656D7074733A2025640015
S21403D7C04E6574776F726B2073746174653A20309C
S21403D7D078253032580053746F70002573205374C5
S21403D7E06F702E2020436C65616E696E67207570BE
S21403D7F02E0042726F616463617374696E67207092
S21403D80065726D6974206A6F696E005472757374FD
S21403D8102063656E746572206C696E6B206B657928
S21403D8202075706461746520737461747573002564
S21403D830733A205741524E494E473A20736C5F7AEB
S21403D84069676265655F7365745F696E697469614C
S21403D8506C5F73656375726974795F7374617465FD
S21403D860206661696C65642E20436F6E74696E75FD
S21403D870696E6720776974686F757420696E737450
S21403D880616C6C20636F64652E004572726F723A2A
S21403D89020696E7374616C6C20636F6465207365B6
S21403D8A0747570206661696C65642E204973206107
S21403D8B06E20696E7374616C6C20636F646520669A
S21403D8C06C6173686564206F6E746F20746865207E
S21403D8D06465766963653F00D0D1D2D3D4D5D6D7F5
S21403D8E0D8D9DADBDCDDDEDF00FFFFFFFFFFFFFF5B
S21403D8F0FF005A6967426565416C6C69616E6365D2
S21403D90030390025733A2069737375696E6720731F
S21403D91063616E206F6E202573206368616E6E658B
S21403D9206C7320286D61736B203078253038582946
S21403D93000257320697320616C72656164792069C0
S21403D9406E2070726F6772657373005374617274BE
S21403D950004578616D696E696E6720626561636F05
S21403D9606E206F6E206368616E6E656C2025642082
S21403D970776974682070616E496420307825303486
S21403D98058005468697320626561636F6E2069731B
S21403D990206E6F742070617274206F6620746865E1
S21403D9A02063757272656E74206368616E6E656C53
S21403D9B0206D61736B2028307825303858292E2047
S21403D9C047657474696E67206E6578742062656156
S21403D9D0636F6E2077686F7365206368616E6E652C
S21403D9E06C206269746D61736B2069732073657450
S21403D9F02E004572726F723A20257320636F756C22
S21403DA0064206E6F7420617474656D7074206A6F21
S21403DA10696E3A20307825303258004E6F206265A2
S21403DA2061636F6E73206C656674206F6E2063751A
S21403DA307272656E74206D61736B2E204D6F7669FE
S21403DA406E6720746F206E657874207374617465D6
S21403DA50002573206A6F696E696E672030782530FB
S21403DA603458206F6E206368616E6E656C20256483
S21403DA700025732053746174653A2025730045723C
S21403DA80726F723A20257320636F756C64206E6F15
S21403DA907420736574757020736563757269747921
S21403DAA03A20307825303258004572726F723A2029
S21403DAB05363616E20636F6D706C65746520686177
S21403DAC06E646C65722072657475726E6564203060
S21403DAD07825303258002573207363616E20636F98
S21403DAE06D706C6574652E20426561636F6E73207E
S21403DAF068656172643A2025640025732073746137
S21403DB00636B2073746174757320307825303258D4
S21403DB10002573206E6574776F726B206A6F696E6B
S21403DB2065642E00257320747279696E67206E65AE
S21403DB307874206E6574776F726B2E004E6F6E6509
S21403DB40005363616E205072696D61727920436879
S21403DB50616E6E656C7320616E6420757365204319
S21403DB606F6E66696775726564204B6579005363EB
S21403DB70616E205072696D617279204368616E6EC2
S21403DB80656C7320616E642075736520496E7374CB
S21403DB90616C6C20436F6465005363616E20507242
S21403DBA0696D617279204368616E6E656C7320617E
S21403DBB06E64205573652043656E7472616C697A72
S21403DBC06564204B6579005363616E205072696DFE
S21403DBD0617279204368616E6E656C7320616E6452
S21403DBE0205573652044697374726962757465643D
S21403DBF0204B6579005363616E205365636F6E64D3
S21403DC00617279204368616E6E656C7320616E6421
S21403DC102075736520436F6E666967757265642049
S21403DC204B6579005363616E205365636F6E646161
S21403DC307279204368616E6E656C7320616E642032
S21403DC4075736520496E7374616C6C20436F6465ED
S21403DC50005363616E205365636F6E64617279204F
S21403DC604368616E6E656C7320616E6420557365E0
S21403DC702043656E7472616C697A6564204B6579BE
S21403DC80005363616E205365636F6E64617279201F
S21403DC904368616E6E656C7320616E6420557365B0
S21403DCA0204469737472696275746564204B657980
S21403DCB0005363616E205072696D61727920436808
S21403DCC0616E6E656C7320616E64205573652041CA
S21403DCD06C6C204B6579732028696E7374616C6C69
S21403DCE020636F64652C2063656E7472616C697A59
S21403DCF065642C206469737472696275746564293B
S21403DD00005363616E205365636F6E64617279209E
S21403DD104368616E6E656C7320616E64205573652F
S21403DD2020416C6C204B6579732028696E7374618F
S21403DD306C6C20636F64652C2063656E7472616C13
S21403DD40697A65642C206469737472696275746594
S21403DD506429004F6E2F4F666620736574207661C4
S21403DD606C75653A202530325820253032580045E8
S21403DD7052523A2072656164696E67206F6E2F6F28
S21403DD8066662025303258004F6E2F6F6666206118
S21403DD906C72656164792073657420746F206E6598
S21403DDA0772076616C756500546F67676C65206FC6
S21403DDB06E2F6F66662066726F6D20253032582090
S21403DDC0746F2025303258004552523A20777269D4
S21403DDD074696E67206F6E2F6F6666202530325823
S21403DDE000496E7374616C6C6564205479706520A9
S21403DDF02842617365293A2020307825303258004E
S21403DE004361706162696C69746965733A202020A6
S21403DE10202020202020202030782530345800422F
S21403DE206F6F746C6F616465722056657273696F89
S21403DE306E3A202020202030782530345800536551
S21403DE406375726520426F6F746C6F6164657220D0
S21403DE504B65793A20202020202000426F6F746C97
S21403DE606F6164696E67206661696C65642100444E
S21403DE706F776E6C6F6164206661696C65642E00F3
S21403DE8044656C6574696E67206661696C656420B9
S21403DE90646F776E6C6F61642C2073746174757332
S21403DEA03A2030782530325800496D616765206422
S21403DEB06F6573206E6F7420636F6E7461696E2076
S21403DEC0616E205570677261646520496D61676590
S21403DED0205461672028307825303458292E205363
S21403DEE06B697070696E6720757067726164652E02
S21403DEF000457865637574696E6720626F6F746C2E
S21403DF006F61642063616C6C6261636B2E00537493
S21403DF10617274696E672045424C20766572696645
S21403DF2069636174696F6E0045424C206661696C73
S21403DF30656420766572696669636174696F6E2EBF
S21403DF400045424C20706173736564207665726980
S21403DF506669636174696F6E2E002573696E672048
S21403DF604F544120636C69656E74207374617465E5
S21403DF70206D616368696E650073746F7070004529
S21403DF8072726F723A204E6F20696D616765206109
S21403DF907420696E646578202564004E6F74207360
S21403DFA07570706F727465642E00436C69656E7469
S21403DFB020696D61676520717565727920696E6683
S21403DFC06F004D616E75662049443A20202020205C
S21403DFD02020202030782530345800496D6167654D
S21403DFE020547970652049443A2020202030782533
S21403DFF03034580043757272656E742056657273BA
S21403E000696F6E3A202030782530385800486172A0
S21403E01064776172652056657273696F6E3A200085
S21403E0204E410051756572792044656C6179206DA7
S21403E030733A202020202020202020202020256C1A
S21403E040640053657276657220446973636F766500
S21403E05072792044656C6179206D733A20256C646F
S21403E06000446F776E6C6F61642044656C61792041
S21403E0706D733A202020202020202020256C640069
S21403E08052756E20557067726164652044656C61D5
S21403E09079206D733A202020202020256C640056BA
S21403E0A065726966792044656C6179206D733A20E0
S21403E0B020202020202020202020256C6400446F70
S21403E0C0776E6C6F6164204572726F72205468724B
S21403E0D06573686F6C643A20202564005570677218
S21403E0E06164652057616974205468726573686F4C
S21403E0F06C643A202020202564004F544120446F4E
S21403E100776E6772616465733A2044697361626C03
S21403E1106564004F544120446F776E67726164658F
S21403E120733A20456E61626C656400426F6F746C6F
S21403E1306F61642073746174653A20257300496EB9
S21403E14076616C6964204550202564207768656E87
S21403E15020747279696E6720746F2073656E64200D
S21403E1604F5441206D6573736167652E0053656E6A
S21403E17064696E67205570677261646520456E64D6
S21403E18020726571756573742E0025733A20696E67
S21403E19076616C696420636D644964203078253049
S21403E1A03258004572726F723A20204661696C6578
S21403E1B06420746F2073656E64204F544120636F30
S21403E1C06D6D616E64203078253032582C20737460
S21403E1D0617475733A20307825303258005365726F
S21403E1E076657220756E6B6E6F776E2C2066616C2B
S21403E1F06C696E67206261636B20746F2064697359
S21403E200636F766572792E004D6178696D756D2042
S21403E2107175657279206572726F7273206869749E
S21403E22020282564292C207374617274696E672014
S21403E23073656172636820666F72206E6577204F20
S21403E2405441207365727665722E0A004170706CB5
S21403E25079696E6720757067726164650025733A25
S21403E26020696E76616C6964206F666673657420D8
S21403E27063757272656E7454696D652830782530DF
S21403E280385829203E207570677261646554696D3D
S21403E290652830782530385829004F544120436C80
S21403E2A075737465723A207761697420666F72209D
S21403E2B02564207300525865642074696D654F7534
S21403E2C0742030782530385820732C204D41582040
S21403E2D074696D654F75742030782530385820730F
S21403E2E0004D6178696D756D207570677261646540
S21403E2F0207265717565737473206D61646520287B
S21403E30025642920776974686F7574207265737045
S21403E3106F6E73652066726F6D20736572766572B5
S21403E3202E00557067726164696E6720616E797737
S21403E3306179004F544120536572766963652064A2
S21403E3406973636F766572792070726576656E742D
S21403E3506564202D20616E6F746865722069732072
S21403E360616C726561647920696E2070726F677282
S21403E370657373004661696C656420746F20696E0B
S21403E3806974696174652073657276696365206470
S21403E3906973636F766572792E004F544120536517
S21403E3A0727669636520446973636F766572792054
S21403E3B0696E2070726F677265737300436C69656C
S21403E3C06E7420766572696669636174696F6E2020
S21403E3D06661696C65642E005369676E6174757255
S21403E3E06500437573746F6D0070617373656400C5
S21403E3F04641494C4544004E6F207369676E61740D
S21403E40075726520766572696669636174696F6E95
S21403E41020737570706F72742C20617373756D69D9
S21403E4206E6720696D616765206973206F6B61791C
S21403E4302E00257320766572696669636174696F59
S21403E4406E2025733A20307825303258004D617897
S21403E450696D756D206E756D626572206F662064DA
S21403E4606F776E6C6F6164206572726F7273207261
S21403E4706561636820282564292C2061626F7274A5
S21403E480696E672E004F544120436C757374657232
S21403E4903A2073657474696E672049454545206163
S21403E4A0646472657373206F66204F544120636CF7
S21403E4B07573746572005061727469616C20666965
S21403E4C06C6520646F776E6C6F616420666F756E23
S21403E4D0642C20636F6E74696E75696E672066724E
S21403E4E06F6D206F666673657420307825303858F4
S21403E4F000466F756E642066756C6C7920646F7762
S21403E5006E6C6F616465642066696C6520696E2055
S21403E51073746F72616765202876657273696F6EB0
S21403E52020307825303858292E00466F756E6420C3
S21403E53066696C6520696E2073746F726167652007
S21403E5407769746820646966666572656E7420769A
S21403E550657273696F6E2028307825303858292005
S21403E5607468616E2063757272656E742076657268
S21403E57073696F6E2028307825303858290046692D
S21403E5806C6520696E2073746F72616765206973AA
S21403E5902073616D652061732063757272656E7496
S21403E5A02072756E6E696E672076657273696F6E1C
S21403E5B0202830782530385829004E6F20696D6141
S21403E5C0676520666F756E6420696E2073746F725C
S21403E5D06167652E004F5441205365727669636503
S21403E5E020446973636F7665727920756E626C6F0B
S21403E5F0636B65640049676E6F72696E6720736547
S21403E600727665722066726F6D206C6F6F706261D2
S21403E610636B20616464726573730049676E6F721F
S21403E620696E6720307825303458204F5441207364
S21403E630657276657220696E207365617263682001
S21403E6406F662054430053657474696E67204F5495
S21403E650412053657276657220746F2030782530BA
S21403E66034580044656C6179696E672025642073AD
S21403E67065636F6E6473206265666F72652073747C
S21403E680617274696E67204F544120636C69656ECE
S21403E690740054696D656F75742077616974696E6B
S21403E6A06720666F72206D6573736167652E00421F
S21403E6B06164204F544120636F6D6D616E643A2030
S21403E6C0307825303258004F544120636F6D6D61AA
S21403E6D06E642030782530325820746F6F2073684C
S21403E6E06F727420286C656E202564203C206D694B
S21403E6F06E20256429004F544120636F6D6D616E53
S21403E700642066726F6D20756E7265636F676E69DF
S21403E7107A656420736572766572203078253034A6
S21403E720582E20204D79204F54412073657276650C
S21403E730723A2030782530345800496D6167652079
S21403E7404E6F7469667900476F7420756E657870CE
S21403E75065637465642025732E2020537461727478
S21403E76020646973636F766572792E0064656661EB
S21403E770756C74004F54413A206661696C65642079
S21403E780746F2073656E6420257320726573706FD3
S21403E7906E73653A2030782530325800496D6167CC
S21403E7A065206E6F7469667900476F7420756E65B1
S21403E7B0787065637465642025732E202049676E20
S21403E7C06F7265642E004F54413A20446566617546
S21403E7D06C7420726573706F6E736520666F72203B
S21403E7E0496D616765206E6F746966792C20737452
S21403E7F0617475732030782530325800496D61672F
S21403E80065206E6F7469667920636F6D6D616E64E3
S21403E81000257320756E69636173742C20717565AA
S21403E8207279696E6700496E76616C696400257358
S21403E830202573207061796C6F616420747970652C
S21403E840203078253032580025732025733A206F00
S21403E8507574206F662072616E6765206A697474CA
S21403E86065722025640025732025733A207061792C
S21403E8706C6F6164206C656E67746820646F657383
S21403E8806E2774206D617463682074797065203018
S21403E890782530325820282564203C20256429001A
S21403E8A025732025732064756520746F206E6F6E44
S21403E8B02D6D61746368696E67206D616E75666140
S21403E8C0637475726572204944002573202573208E
S21403E8D064756520746F206E6F6E2D6D617463684A
S21403E8E0696E6720696D6167652074797065204974
S21403E8F0440025732025732064756520746F206D8E
S21403E90061746368696E67206669726D77617265A4
S21403E9102076657273696F6E0025732025732C202D
S21403E92052782764204A69747465722028307825E3
S21403E930303258292C205069636B6564204A697409
S21403E9407465722028307825303258290051756551
S21403E9507279206E65787420696D616765207265CB
S21403E96073706F6E73650025732072657475726EAF
S21403E9706564203078253032582E20204E6F206E66
S21403E980657720696D61676520746F20646F776EA5
S21403E9906C6F61642E00257320746F6F2073686F2D
S21403E9A0727420282564203C202564290025733AA8
S21403E9B0204E657720696D616765206973206176EF
S21403E9C061696C61626C6520666F7220646F776E36
S21403E9D06C6F61642E002573206973206E6F74203C
S21403E9E07573696E67206D7920696D616765206947
S21403E9F06E666F2E004552524F523A204E6578741B
S21403EA0020496D61676520697320746F6F206269A2
S21403EA106720746F2073746F7265202830782530F2
S21403EA203858203E20307825303858290025732062
S21403EA3072657475726E65642073616D65204669D0
S21403EA406C6556657273696F6E20617320637572A9
S21403EA5072656E746C7920696E7374616C6C656430
S21403EA602E004F544120446F776E6772616465735E
S21403EA702044697361626C65643A2046696C655626
S21403EA80657273696F6E20626568696E642063756C
S21403EA907272656E7420696E7374616C6C617469EE
S21403EAA06F6E005374617274696E6720646F776E5D
S21403EAB06C6F61642C2056657273696F6E203078B4
S21403EAC025303858004572726F723A204661696C79
S21403EAD0656420746F2064656C65746520696D6178
S21403EAE067652E004572726F723A204661696C65DF
S21403EAF06420746F206572617365206F6C64207484
S21403EB00656D7020646174612E00496D61676520D0
S21403EB10626C6F636B20726573706F6E7365004F04
S21403EB2054413A20496D616765426C6F636B526569
S21403EB30706F6E736520636F6E7461696E732069A0
S21403EB406E76616C6964206F7220696E636F6D7098
S21403EB506C657465206461746100557064617469E2
S21403EB606E67204D696E20426C6F636B2052657131
S21403EB707565737420506572696F6420746F202501
S21403EB8064206D7300446F776E6C6F6164206465F8
S21403EB906C617920627920736572766572202564CC
S21403EBA0206D7300446F776E6C6F61642061626FD3
S21403EBB072746564206279207365727665722E00BE
S21403EBC053657276657220646F65736E277420735F
S21403EBD07570706F727420706167652072657175E9
S21403EBE06573742C206F6E6C79207573696E67205D
S21403EBF0626C6F636B20726571756573742E005358
S21403EC0065727665722072657475726E6564202708
S21403EC10756E737570706F7274656420636C75734C
S21403EC2074657220636F6D6D616E64272E00556E7A
S21403EC306B6E6F776E202573207374617475732003
S21403EC40636F64652030782530325800257320685A
S21403EC50617320646174612073697A652028256472
S21403EC602920736D616C6C6572207468616E206117
S21403EC70637475616C207061636B65742073697A65
S21403EC806520282564292E002573206572726F720D
S21403EC903A204578706563746564206F66667365AD
S21403ECA074203078253038582C2062757420676FAE
S21403ECB074203078253038582E202049676E6F72BE
S21403ECC0696E6700257320696E666F206469642029
S21403ECD06E6F74206D61746368206D79206578703B
S21403ECE0656374656420696E666F2E202044726FB8
S21403ECF07070696E672E004661696C656420746F78
S21403ED0020777269746520746F2073746F726167FD
S21403ED1065206465766963652100446F776E6C6F62
S21403ED206164005570677261646520656E64207265
S21403ED306573706F6E7365005365727665722061D6
S21403ED40626F7274656420757067726164652C20E7
S21403ED507374617475733A203078253032580045E1
S21403ED6072726F723A2025732068616420696E762A
S21403ED70616C69642025733A200066696C652076A9
S21403ED80657273696F6E00416464696E67202564FB
S21403ED90206D732E2064656C617920666F7220691E
S21403EDA06D6D65646961746520757067726164650D
S21403EDB02E00436F756E74646F776E20746F2075C4
S21403EDC07067726164653A202564206D7300205372
S21403EDD0746174653A202020257300205761697496
S21403EDE0696E6720666F7220726573706F6E7365E7
S21403EDF03A20257300204E657874204576656E7438
S21403EE002054696D65723A202564206D7300204393
S21403EE10757272656E7420446F776E6C6F616420D2
S21403EE204F66667365743A20307825303858202844
S21403EE3025642525290025733A206661696C656477
S21403EE402070617273696E67204F544120636D644E
S21403EE5020307825303258004F544120446566618F
S21403EE60756C7420726573706F6E736520746F2093
S21403EE70636F6D6D616E64204944203078253032AF
S21403EE80582C20737461747573203078253032588B
S21403EE9000496D61676520626C6F636B20726571F4
S21403EEA0756573742074657374206F6E6C79207740
S21403EEB06F726B73207768656E2073746174652058
S21403EEC0697320424F4F544C4F41445F535441544F
S21403EED0455F4E4F4E450052616E646F6D2044652C
S21403EEE06C6179206265666F7265207374617274F3
S21403EEF000446973636F766572696E67204F544189
S21403EF002053657276657200476574204F5441201E
S21403EF1053657276657220455549004F6274616980
S21403EF206E206C696E6B206B65790051756572791E
S21403EF30696E67204E65787420496D616765004485
S21403EF406F776E6C6F6164696E6720496D61676584
S21403EF5000566572696679696E6720496D616765F3
S21403EF600057616974696E6720666F722055706713
S21403EF7072616465206D65737361676500436F75C1
S21403EF806E74646F776E20746F2055706772616459
S21403EF90650057616974696E6720746F20757067C2
S21403EFA07261646520766961206F75742D6F662DB6
S21403EFB062616E64206D656368616E69736D0025BA
S21403EFC0733A202564252520636F6D706C65746520
S21403EFD000496D6167652025640020204552524F25
S21403EFE0523A20436F756C64206E6F7420676574A5
S21403EFF02066756C6C20686561646572210020204C
S21403F0004865616465722056657273696F6E3A204F
S21403F01030782530345800202048656164657220B6
S21403F0204C656E6774683A2020256420627974659F
S21403F030730020204669656C6420436F6E74726F9C
S21403F0406C3A20203078253034580020204D616EED
S21403F05075662049443A2020202020202030782539
S21403F060303458002020496D6167652054797065F7
S21403F0703A2020202020307825303458002020568F
S21403F080657273696F6E3A2020202020202020307E
S21403F09078253038580020205A69676265652056FF
S21403F0A0657273696F6E3A203078253034580020C5
S21403F0B02048656164657220537472696E673A20EE
S21403F0C0202573002020496D6167652053697A65A2
S21403F0D03A2020202020256C642062797465730012
S21403F0E02020536563757269747920437265643AA8
S21403F0F02020307825303258002020557067726102
S21403F100646520446573743A2020200020204D69EE
S21403F1106E2E204857205665723A202020203078DD
S21403F120253034580020204D61782E20485720562D
S21403F13065723A202020203078253034580020206D
S21403F140546F74616C20546167733A202564002001
S21403F1502020205461673A20307825303458002028
S21403F16020202020204C656E6774683A20256C6446
S21403F170004572726F723A20436F756C64206E6F2F
S21403F18074206F627461696E2074616720696E66AD
S21403F1906F2066726F6D20696D6167652E000A25A4
S21403F1A06420696D6167657320696E204F54412042
S21403F1B073746F726167652E00496D6167652064BD
S21403F1C0656C65746525732E004572726F723A20FE
S21403F1D020436F756C64206E6F74207265616420C3
S21403F1E0626C6F636B3A203078253032582E0A00F3
S21403F1F05374617274696E67206572617365206605
S21403F200726F6D206F6666736574203078253038AC
S21403F2105820746F2030782530385800436F756C4B
S21403F22064206E6F74207374617274204552415368
S21403F230452120283078253032582900454550523C
S21403F2404F4D20457261736520636F6D706C6574F6
S21403F25065002F686F6D652F72756E6E65722F77FA
S21403F2606F726B2F747579612D7A69676265652D88
S21403F2707377697463682F747579612D7A69676229
S21403F28065652D7377697463682F73696C61627340
S21403F2905F746F6F6C732F73696D706C69636974D9
S21403F2A0795F73646B2F70726F746F636F6C2F7AF2
S21403F2B069676265652F6170702F6672616D657729
S21403F2C06F726B2F706C7567696E2F6F74612D7319
S21403F2D0746F726167652D73696D706C652D6565F6
S21403F2E070726F6D2F6F74612D73746F72616765C3
S21403F2F02D656570726F6D2D706167652D65726122
S21403F30073652E63002F686F6D652F72756E6E655D
S21403F310722F776F726B2F747579612D7A696762B6
S21403F32065652D7377697463682F747579612D7AB3
S21403F33069676265652D7377697463682F73696C93
S21403F3406162735F746F6F6C732F73696D706C6932
S21403F350636974795F73646B2F70726F746F636F16
S21403F3606C2F7A69676265652F6170702F667261AC
S21403F3706D65776F726B2F706C7567696E2F6F7420
S21403F380612D73746F726167652D73696D706C653B
S21403F3902D656570726F6D2F6F74612D73746F7248
S21403F3A06167652D656570726F6D2E63004F5441FE
S21403F3B02053696D706C652053746F7261676520A6
S21403F3C0454550524F4D207761726E696E673A20FD
S21403F3D0636F756C64206E6F742067657420736C3E
S21403F3E06F7420696E666F20666F7220736C6F741D
S21403F3F020256420286572726F722030782530329B
S21403F40058292E2044656661756C74696E6720748E
S21403F4106F207370656369666965642061646472EE
S21403F420657373206F6666736574730053746F72C7
S21403F430616765204472697665723A202020202031
S21403F44020202020202020204F54412053696D7017
S21403F4506C652053746F7261676520454550524F43
S21403F4604D20506C7567696E0052656164204D6F60
S21403F4706469667920577269746520537570706F76
S21403F48072743A20206E6F00534F4320426F6F749E
S21403F4906C6F6164696E6720537570706F72743A2F
S21403F4A02020202079657300426F6F746C6F61644F
S21403F4B065722053746F7261676520537570706F41
S21403F4C072743A2055736520666972737420736C80
S21403F4D06F7400536C6F7420746F207573653A20D5
S21403F4E0202020202020202020202020202020250F
S21403F4F0640043757272656E7420446F776E6C6F2A
S21403F5006164204F66667365743A20202020307845
S21403F510253038580045424C205374617274204F8E
S21403F52066667365743A2020202020202020202041
S21403F5302030782530385800454550524F4D2053DB
S21403F540746172743A20202020202020202020205E
S21403F5502020202030782530385800454550524F1B
S21403F5604D20456E643A2020202020202020202095
S21403F5702020202020202030782530385800496D60
S21403F58061676520496E666F2053746172743A2012
S21403F5902020202020202020202030782530385896
S21403F5A0005361766520526174652028627974651C
S21403F5B0732920202020202020202020203078257A
S21403F5C0303858004F6666736574206F6620646F24
S21403F5D0776E6C6F6164206F666673657420202097
S21403F5E0307825303858004F6666736574206F662A
S21403F5F02045424C206F66667365743A20202020AF
S21403F600202020307825303858004F66667365749E
S21403F610206F6620696D6167652073746172743A42
S21403F62020202020202030782530385800736C5F47
S21403F6307A69676265655F61665F6F74615F73743D
S21403F6406F726167655F6472697665725F72656122
S21403F650645F63622829206661696C6564210042E1
S21403F6606164206D61676963206E756D62657220E3
S21403F670696E2066696C653A2030782530325820EA
S21403F680307825303258203078253032582030787C
S21403F69025303258004261642076657273696F6E56
S21403F6A020696E2066696C652030782530345800F2
S21403F6B04572726F723A2072656164416E64566178
S21403F6C06C696461746553746F726564496D6167D0
S21403F6D065282920747269656420746F20726561D9
S21403F6E064206D6F72652064617461207468616E56
S21403F6F020697420636F756C6420686F6C642E00D9
S21403F700736C5F7A69676265655F61665F6F746174
S21403F7105F73746F726167655F6472697665725F43
S21403F720726561645F63622829204641494C4544FB
S21403F73021004C617374206F666673657420646F72
S21403F740776E6C6F616465643A203078253038587C
S21403F7500053746F72616765204D6F64756C653A0C
S21403F760204F54412053696D706C652053746F723B
S21403F77061676520506C7567696E00496D616765E2
S21403F780732053746F7265643A20202564206F6675
S21403F79020310A00253032583A0065702025303271
S21403F7A05820636C75732025303458206174747246
S21403F7B020253034582073767220256300206D662A
S21403F7C067202530325800207265706F7274206D82
S21403F7D0696E2025303458206D61782025303458E2
S21403F7E0207270742D6368672025303858002072A5
S21403F7F06563656976652066726F6D2025303458BB
S21403F80020657020253032582074696D656F7574D5
S21403F810202530345800636C6561720072656D6F25
S21403F820766500636C656172696E67206C617374DC
S21403F830207265706F72742074696D65206F662020
S21403F840616C6C206174747269627574657300749C
S21403F850657374696E672074696D696E67206F6679
S21403F86020766172696F7573207265706F72746942
S21403F8706E67206F7065726174696F6E73002D2DED
S21403F8802D2D2D2D2D2D2D2D2D2D2D2D2D2D2D2DA0
S21403F8902D2D2D2D2D2D2D2D2D2D2D2D2D2D2D2D90
S21403F8A02D2D2D2D2D2D2D2D2D2D2D2D2D002D2DAD
S21403F8B07461626C65207265616473202D206675C1
S21403F8C06C6C207461626C652D2D00726573756CAB
S21403F8D074203D202564206D73002D2D696E697498
S21403F8E0202F207363686564756C65207469636B89
S21403F8F02D2D2D002D2D6C6F616420636F6E666950
S21403F9006775726174696F6E2064656661756C7481
S21403F910732D2D002F686F6D652F72756E6E657271
S21403F9202F776F726B2F747579612D7A69676265AD
S21403F930652D7377697463682F747579612D7A6999
S21403F940676265652D7377697463682F73696C6185
S21403F95062735F746F6F6C732F73696D706C69631A
S21403F9606974795F73646B2F70726F746F636F6CF7
S21403F9702F7A69676265652F6170702F6672616D95
S21403F98065776F726B2F706C7567696E2F72657013
S21403F9906F7274696E672F7265706F7274696E67C3
S21403F9A02E6300524541445F5250545F434647001E
S21403F9B0726561645F7265706F7274696E675F63A8
S21403F9C06F6E66696775726174696F6E00526570F3
S21403F9D06F7274696E673A206661696C6564207439
S21403F9E06F2073656E6420257320726573706F6E67
S21403F9F073653A20307825303258004552523A2003
S21403FA0072656164696E6720636C757374657220D2
S21403FA103078253034582061747472696275746561
S21403FA20203078253034583A203078253032580044
S21403FA304552523A207265706F7274696E67206F12
S21403FA4066204C4F4E4720737472696E672061744C
S21403FA50747269627574652074797065206E6F744C
S21403FA6020737570706F727465643A20636C757377
S21403FA707465722030782530345820617474726946
S21403FA806275746520307825303458005265706F7F
S21403FA907274696E6720456E7472792046756C6C55
S21403FAA0202D206372656174696E67206E6577200A
S21403FAB07265706F7274004346475F52505400205D
S21403FAC02D20646972656374696F6E3A2530325807
S21403FAD02C20617474723A25303458002020207428
S21403FAE07970653A253032582C206D696E3A253088
S21403FAF034582C206D61783A253034580020202065
S21403FB006368616E67653A0020202074696D656FCF
S21403FB1075743A2530345800636F6E66696775727C
S21403FB20655F7265706F7274696E67002054434C2C
S21403FB304B2075706461746520616C7265616479CD
S21403FB4020696E2070726F6772657373004D616E05
S21403FB5075616C2054434C4B20757064617465204A
S21403FB606661696C65642E257300537461727469EB
S21403FB706E67207570646174652074727573742083
S21403FB8063656E746572206C696E6B206B65792095
S21403FB9070726F6365737300557064617465205487
S21403FBA043204C696E6B204B657900204E657720A9
S21403FBB06B65792065737461626C69736865643A12
S21403FBC000204572726F723A00506172746E6572ED
S21403FBD03A20005A434C20676C6F62616C20636C5A
S21403FBE0757374657220636F6D6D616E6473006404
S21403FBF06972656374696F6E00646973632D636FFE
S21403FC006D2D67656E00646973632D636F6D2D726A
S21403FC106563006578706563742D7265706F7274C2
S21403FC202D66726F6D2D6D6500757772697465004C
S21403FC306E7772697465007265706F72742D726583
S21403FC4061640073656E642D6D652D612D7265703C
S21403FC506F72740043726561746573206120676C0C
S21403FC606F62616C20646973636F76657220636F7D
S21403FC706D6D616E6420666F7220746865206173B3
S21403FC80736F6369617465642076616C7565732E42
S21403FC9000636C757374657249641F61747472696A
S21403FCA06275746549641F6D61784E756D62657221
S21403FCB0546F5265706F72741F004372656174658A
S21403FCC073206120676C6F62616C2073656E6420BD
S21403FCD06D652061207265706F727420636F6D6D41
S21403FCE0616E6420666F7220746865206173736F3B
S21403FCF06369617465642076616C7565732E006351
S21403FD006C757374657249641F6174747269627585
S21403FD10746549641F64617461547970651F6D6905
S21403FD206E5265706F727454696D651F6D6178529B
S21403FD3065706F727454696D651F7265706F727447
S21403FD4061626C654368616E67651F004372656137
S21403FD50746573206120676C6F62616C20726561E5
S21403FD6064207265706F7274696E6720636F6D6D61
S21403FD70616E6420666F7220746865206173736FAA
S21403FD8063696174656420636C75737465722C2093
S21403FD9061747472696275746520616E642073653C
S21403FDA0727665722F636C69656E7420646972651A
S21403FDB06374696F6E2E00636C7573746572496441
S21403FDC01F61747472696275746549641F6469722D
S21403FDD0656374696F6E1F00476C6F62616C207297
S21403FDE065706F7274696E6720636F6D6D616E64A4
S21403FDF000656E64706F696E741F636C75737465EB
S21403FE007249641F61747472696275746549641F0C
S21403FE106D61736B1F0043726561746573206120A7
S21403FE20676C6F62616C207265616420636F6D6DD1
S21403FE30616E64206D65737361676520746F2072ED
S21403FE406561642066726F6D2074686520636C75E7
S21403FE507374657220616E6420617474726962756E
S21403FE607465207370656369666965642E00636CE8
S21403FE70757374657249641F61747472696275740C
S21403FE806549641F0043726561746573206120676A
S21403FE906C6F62616C20777269746520636F6D6D39
S21403FEA0616E64206D65737361676520746F207778
S21403FEB07269746520746F2074686520636C75734B
S21403FEC074657220616E64206174747269627574FD
S21403FED0652073706563696669656400636C757332
S21403FEE074657249641F61747472696275746549D6
S21403FEF0641F747970651F646174611F00437265C3
S21403FF006174652061206578706563742D72657011
S21403FF106F72742D66726F6D2D6D65206D657373CC
S21403FF206167652077697468206173736F636961BD
S21403FF307465642076616C7565732E00636C7573E7
S21403FF4074657249641F6174747269627574654975
S21403FF50641F74696D656F75741F00437265617401
S21403FF6065206120446973636F76657220436F6D05
S21403FF706D616E64732047656E6572617465642097
S21403FF80636F6D6D616E6420776974682061737347
S21403FF906F6369617465642076616C7565732E00A2
S21403FFA0636C757374657249641F7374617274430A
S21403FFB06F6D6D616E6449641F6D6178436F6D6D1F
S21403FFC0616E6449641F005365747320746865200A
S21403FFD0646972656374696F6E20666F7220676CFE
S21403FFE06F62616C20636F6D6D616E64732C206548
S21403FFF0697468657220636C69656E7420746F201B
S214040000736572766572206F722073657276657298
S21404001020746F20636C69656E742E005365747368
S214040020206120666C616720736F20746861742099
S214040030746865206170706C69636174696F6E20A2
S2140400406672616D65776F726B2057494C4C204E13
S2140400504F5420726573706F6E6420746F207468DA
S21404006065206E657874205A434C206D6573736101
S2140400706765207468617420636F6D657320696EAC
S214040080206F76657220746865206169722E00534D
S214040090657473206120666C616720736F207468D2
S2140400A0617420746865206170706C69636174693A
S2140400B06F6E206672616D65776F726B2057494C60
S2140400C04C20726573706F6E6420746F207468655C
S2140400D0206E657874205A434C206D65737361678F
S2140400E065207468617420636F6D657320696E2083
S2140400F06F76657220746865206169722E00536598
S2140401007473207468652044697361626C65204466
S214040110656661756C7420526573706F6E736520C6
S2140401204672616D6520436F6E74726F6C206269EF
S2140401307420746F2075736520666F72207468650A
S214040140206E65787420636F6D6D616E64206966D9
S2140401502074686520636F6D6D616E64206973201A
S2140401606E6F7420616C7265616479206275696C67
S214040170742E0064697361626C6544656661756CAF
S21404018074526573706F6E73651F005365747320C5
S21404019074686520666C616720746F2075736520CB
S2140401A074686520696E6372656D656E7465642037
S2140401B073657175656E6365206E756D6265722014
S2140401C066726F6D20746865206672616D65776F00
S2140401D0726B20666F7220746865206E6578742072
S2140401E072617720636F6D6D616E642E0075736542
S2140401F04E65787453657175656E63651F00436C50
S2140402006920636F6D6D616E6420746F2063616C2A
S2140402106C20736C5F7A69676265655F61665F739D
S21404022065745F74696D652066756E6374696F6E58
S21404023020646F63756D656E74656420696E2061F5
S214040240662E680075746354696D651F0053657483
S21404025073207468652074776F2062797465206DE6
S214040260616E75666163747572657220737065631A
S21404027069666963206964656E7469666965722077
S214040280746F2075736520666F7220746865206EBF
S21404029065787420636F6D6D616E64206966207482
S2140402A0686520636F6D6D616E64206973206E6F80
S2140402B07420616C7265616479206275696C742E51
S2140402C0006D6667537065636966696349641F00F9
S2140402D06E6F742000534C5F5354415455535F4E15
S2140402E04554574F524B5F5550203078253034587C
S2140402F00054727573742043656E74657220455598
S21404030049206861732025736368616E6765642E8F
S21404031000534C5F5354415455535F4E4554574F06
S214040320524B5F444F574E00534C5F535441545501
S214040330535F4E4F545F4A4F494E454400534C5FFB
S2140403405354415455535F5A49474245455F4E45B9
S21404035054574F524B5F4F50454E45443A20256400
S2140403602073656300534C5F5354415455535F5A8E
S21404037049474245455F4E4554574F524B5F434CA1
S2140403804F5345440025733A2025730064697374FB
S214040390726962757465640063656E7472616C6913
S2140403A07A656400466F726D002573696E67206F08
S2140403B06E2063682025642C2070616E49642030AA
S2140403C07825303458004572726F723A2044657648
S2140403D069636520646F6573206E6F74207375702F
S2140403E0706F7274202573206E6574776F726B203D
S2140403F0666F726D6174696F6E004A6F696E00494C
S2140404006E76616C696420536563757269747920CD
S21404041050726F66696C653A203078253032580021
S214040420704A6F696E20666F722025642073656358
S2140404303A20307825303258004C696D6974696EFC
S21404044067206475726174696F6E206F66207065CC
S214040450726D6974206A6F696E2066726F6D2066AD
S2140404606F726576657220283235352920746F20C0
S2140404703235340052583A205A444F2C20636F6D5C
S2140404806D616E64203078253034582C2073746186
S2140404907475733A203078253032580053696D707D
S2140404A06C650052583A20257320446573632052C5
S2140404B0657370004D61746368002C204D6174632D
S2140404C06865733A2025640044657669636520414F
S2140404D06E6E6F756E63653A20307825303458003A
S2140404E052583A2049454545204164647265737301
S2140404F020526573706F6E73650052583A204163DC
S2140405007469766520455020526573706F6E736506
S2140405102C20436F756E743A202564004E6F646514
S214040520002C204D6174636865733A20307825305A
S214040530345800737461636B207665722E205B25D5
S214040540642E25642E256400202573206275696C4C
S214040550642025645D005A444F005345004841001A
S214040560436C757374657200476C6F62616C00252A
S214040570737478203078253038582C200050726FE9
S21404058066696C653A2025732028307825303458FF
S214040590292C20436C75737465723A2030782530A4
S2140405A034582C2025642062797465732C00205AF4
S2140405B0434C20257320436D642049443A20256427
S2140405C0005072652D52656C6561736500416C70F0
S2140405D06861203100416C706861203200416C70A3
S2140405E0686120330042657461203100426574619D
S2140405F0203200426574612033004741005265731F
S214040600657420696E666F3A20307825303258203B
S214040610282573290064656C6574652062696E64B8
S214040620696E673A2025303258202530325800014A
S21404063002030405060708090A0B0C000101010160
S21404064001010101010101010057524954452045A9
S21404065052523A20002573657020253032582063A4
S2140406606C757320253034582061747472202530DC
S2140406703458206E6F7420737570706F727465646E
S214040680002573696E76616C696420646174612008
S2140406907479706500257361747472206E6F7420AB
S2140406A07772697461626C650057524954453A2002
S2140406B06E6F2077726974652C206A757374206176
S2140406C0207465737400524541443A206174747210
S2140406D069627574652073697A6520746F6F206C1F
S2140406E06172676520666F722063616C6C65720068
S2140406F0636C6E74007372767200525700524F0029
S214040700202052414D20200020746F6B656E20001F
S21404071065787465726E2000454E44504F494E54B9
S214040720202530325800636C7573202F207369645B
S21404073065202F2061747472202F206D6667202038
S2140407402F74797065286C656E292F207277202F98
S2140407502073746F72616765202F20646174612052
S21404076028726177290025303458202F20257320DD
S2140407702F2025303458202F2000202F20253032DB
S2140407805820282530325829202F202573202F2042
S2140407902573202F2000556E737570706F72746504
S2140407A064004F544120524541443A2065703A252E
S2140407B0303258206369643A2530345820617474A2
S2140407C069643A25303458206D736B3A25303258B4
S2140407D0206D66636F64653A25303458005245418F
S2140407E0443A20636C757320253034582C20617489
S2140407F074722025303458206661696C656420253F
S21404080030325800524541443A20636C75732025B3
S2140408103034582C206174747220253034582C20BF
S214040820646174614C656E3A20253032582C204F32
S2140408304B00282563292530325825303258253078
S2140408403258253032582530325825303258253023
S2140408503258253032580064697361626C6500252D
S21404086073642C2064726F7070696E6720657020E4
S21404087030782530325820636C75732030782530F4
S214040880345820636D64203078253032580047652C
S2140408906E65726174656400526563656976656445
S2140408A000446973636F76657220436F6D6D616E85
S2140408B0647320726573706F6E73652028636F6D42
S2140408C0706C6574653A202563292C2025732049AD
S2140408D044733A200030782530325820005F45585B
S2140408E05400524541445F415454520057524954AF
S2140408F0453A20636C75732025303458206174742F
S21404090072202530345820004641494C2025303288
S214040910580057524954453A20746F6F2073686FD5
S214040920727400444953435F41545452002573255E
S214040930733A20636C7573202530345800537663FD
S21404094020446973633A2000257357616974696E9D
S214040950672025642073656320666F72206469735C
S214040960636F7665727920746F20636F6D706C6543
S214040970746500537461746520636F727265737076
S2140409806F6E64696E6720746F207468652074687F
S214040990652072657175657374206E6F7420666F5A
S2140409A0756E640A002573636F6D706C6574652ECE
S2140409B00A00257353657276696365204469736318
S2140409C06F76657279205374617465206C696D69FD
S2140409D0747320726561636865640A002573496CE4
S2140409E06C6567616C2062726F6164636173742006
S2140409F0616464726573732C2072656D61707069CE
S214040A006E6720746F2076616C6964206F6E652E45
S214040A100025734661696C656420746F2073656E87
S214040A2064206D6174636820646973636F766572AD
S214040A30793A203078253032580025735374617221
S214040A4074696E6720646973636F7665727920666D
S214040A506F7220636C757374657220307825303439
S214040A60580025734661696C656420746F2073654D
S214040A706E642073696D706C652064657363726957
S214040A8070746F7220726571756573743A2030786D
S214040A90253032580025734661696C656420746F8E
S214040AA02073656E6420494545452061646472651B
S214040AB0737320726571756573743A2030782530C7
S214040AC032580025734661696C656420746F207320
S214040AD0656E64204E574B206164647265737320A0
S214040AE0726571756573743A203078253032580013
S214040AF04572726F723A20257320626164207369AE
S214040B006D706C652064657363726970746F7220AF
S214040B106C656E6774682E0025734D657373616724
S214040B206520746F6F2073686F72740025734D654B
S214040B30737361676520746F6F2073686F727420B7
S214040B40666F72206E756D2E20656E64706F696EAA
S214040B5074730025734D61746368257320666F751E
S214040B606E642066726F6D203078253034582E00FF
S214040B704572726F723A20257320696E76616C69CD
S214040B8064206C656E6774682028256420213D20E7
S214040B9025642920666F7220416374697665204552
S214040BA06E64706F696E7420726573706F6E7365B1
S214040BB0002573676F7420616374697665204550F9
S214040BC020726573706F6E736500555443207469A4
S214040BD06D653A2025642F25642F25642025643A04
S214040BE025643A2564202825303858290028556E6F
S214040BF06B6E6F776E20636C75732E205B30782572
S214040C003034585D29000D0A54253038583A0052BD
S214040C1058206C656E2025642C20657020253032A3
S214040C20582C20636C757320307825303458200097
S214040C30206D6667496420253034580020464320DA
S214040C402530325820736571202530325820636D64
S214040C50642025303258207061796C6F61645B00C3
S214040C604261736963004F7665722074686520413B
S214040C70697220426F6F746C6F6164696E670025D9
S214040C8073525820706B7420746F6F2073686F7281
S214040C90743A202564203C2025640025735258208D
S214040CA0706B74206D616C666F726D65643A202596
S214040CB064203C2025640020204861766520526F1D
S214040CC07574657220537570706F727400202045B9
S214040CD06E6420446576696365204F6E6C790020E7
S214040CE020456E61626C656400202044697361620D
S214040CF06C6564004572726F722072657472696501
S214040D0076696E6720696E666F20666F72206C69FE
S214040D106272617279204944202564002573206C30
S214040D2069627261727925732070726573656E7478
S214040D30005A69676265652050726F0042696E6486
S214040D40696E6700536563757269747920436F72C0
S214040D5065005365637572697479204C696E6B20FF
S214040D604B6579730043424B45203136334B310093
S214040D7043424B4520445341205369676E00454324
S214040D80430043424B4520445341205665726966EE
S214040D9079005061636B65742056616C6964617494
S214040DA065005A4C4C0043424B45203238334B3195
S214040DB000454343203238334B310043424B4520F1
S214040DC0636F7265004E4350004D756C7469206EF7
S214040DD06574776F726B00456E68616E6365642038
S214040DE0426561636F6E205265710043424B452035
S214040DF03238334B31204453412056657269667944
S214040E00004D756C74692D50414E002F686F6D65EA
S214040E102F72756E6E65722F776F726B2F7475797D
S214040E20612D7A69676265652D7377697463682FC7
S214040E30747579612D7A69676265652D737769744F
S214040E4063682F73696C6162735F746F6F6C732F62
S214040E5073696D706C69636974795F73646B2F7002
S214040E60726F746F636F6C2F7A69676265652F7330
S214040E707461636B2F636F6E6669672F736C5F7A3A
S214040E8069676265655F636F6E66696775726174CC
S214040E90696F6E2E63002F686F6D652F72756E6EA8
S214040EA065722F776F726B2F747579612D7A696707
S214040EB06265652D7377697463682F747579612D1F
S214040EC07A69676265652D7377697463682F7369D9
S214040ED06C6162735F746F6F6C732F73696D706C83
S214040EE069636974795F73646B2F70726F746F6370
S214040EF06F6C2F7A69676265652F737461636B2FF5
S214040F006672616D65776F726B2F6165732D6563AD
S214040F10622E63002F686F6D652F72756E6E657234
S214040F202F776F726B2F747579612D7A6967626596
S214040F30652D7377697463682F747579612D7A6982
S214040F40676265652D7377697463682F73696C616E
S214040F5062735F746F6F6C732F73696D706C696303
S214040F606974795F73646B2F70726F746F636F6CE0
S214040F702F7A69676265652F737461636B2F736577
S214040F806375726974792F7A69676265652D73650E
S214040F906375726974792D6D616E616765722D6E05
S214040FA06F2D7661756C742E63004572726F723A9B
S214040FB020204661696C656420746F2072656164E4
S214040FC02066726F6D20454550524F4D2061742047
S214040FD030782534582C207374617475733A202540
S214040FE06400454550524F4D20496E697469616CE2
S214040FF0697A65643A20256300454550524F4D2072
S214041000427573793A202563005061727469616C85
S21404101020576F72642053746F7261676520436F44
S214041020756E743A20256400416464726573733A7D
S2140410302030782534582C205061727469616C20F5
S214041040576F72643A203078255800636F6E66696D
S214041050726D656400617373756D6564000A454559
S21404106050524F4D20496E666F004E6F7420617665
S21404107061696C61626C6520286F6C6465722062BD
S2140410806F6F746C6F6164657229005061727420AE
S2140410904465736372697074696F6E3A2020202009
S2140410A02020202020202573004361706162696C33
S2140410B069746965733A202020202020202020208F
S2140410C0202020203078253258005061676520455E
S2140410D0726173652074696D65202873293A20202F
S2140410E020202020256400506172742045726173AC
S2140410F0652074696D65202873293A2020202020F5
S21404110020256400506172742045726173652074F2
S214041110696D6520286D73293A202020202020251B
S2140411206400506167652073697A65202862797463
S2140411306573293A202020202020202020256C00BA
S214041140506172742073697A6520286279746573B5
S214041150293A202020202020202020256C00576FAC
S21404116072642073697A6520286279746573293AF3
S21404117020202020202020202025642028257029B7
S21404118000454550524F4D20696E69743A203078B8
S2140411902558002F686F6D652F72756E6E65722FF9
S2140411A0776F726B2F747579612D7A6967626565DE
S2140411B02D7377697463682F747579612D7A6967FE
S2140411C06265652D7377697463682F73696C6162F1
S2140411D0735F746F6F6C732F73696D706C6963697A
S2140411E074795F73646B2F7574696C2F706C756794
S2140411F0696E2F706C7567696E2D636F6D6D6F6E9B
S2140412002F656570726F6D2F656570726F6D2E63D6
S21404121000556E61626C6520746F20626F6F742077
S214041220696D61676520617420736C6F7420256C2A
S214041230640A00536C6F74204D616E61676572209A
S2140412406661696C656420746F20657261736520DD
S214041250736C6F740A004D61782072656164206C4B
S214041260696D69742073657420746F202564206228
S214041270797465730A004164647265737320202070
S21404128020202020202020446174610A0030782524
S214041290346C7820202020202020307825780A00FE
S2140412A04661696C656420746F20726561642066AB
S2140412B0726F6D20666C6173680A00536C6F7420DD
S2140412C0256C640A202041646472657373202020B0
S2140412D020203A20307825346C580A20204C656E3D
S2140412E06774682020202020203A20307825346C2B
S2140412F0582028256C64206279746573290A0020B6
S214041300205479706520202020202020203A2000B8
S2140413104E6F2047424C2070726573656E740A00E7
S2140413205A69674265650A005468726561640A0012
S214041330436F6E6E6563740A00426C7565746F6FF6
S21404134074680A00426C7565746F6F746820617007
S214041350706C69636174696F6E0A004D43550A00C8
S2140413604F7468657220283078256C58290A002046
S2140413702056657273696F6E20202020203A203034
S21404138078256C580A0020204361706162696C6994
S214041390746965733A20307825346C580A00202026
S2140413A050726F6475637420494420203A200030DC
S2140413B07825582000536C6F74204D616E61676504
S2140413C0723A206661696C656420746F20696E6980
S2140413D07469616C697A6520626F6F746C6F61649E
S2140413E0657220286572726F7220307825347829E9
S2140413F00A0056657273696F6E20202020203A20FA
S21404140025640A00506172742020202020202020A9
S2140414103A2025730A004361706162696C697469D5
S21404142065733A20307825780A0050617274207308
S214041430697A652020203A20256420420A005061FB
S21404144067652073697A652020203A202564204247
S2140414500A00576F72642073697A652020203A2048
S214041460256420420A00536C6F74732020202020C9
S21404147020203A2025640A004661696C656420745D
S2140414806F20726561642066726F6D2073746F726C
S21404149061676520666C61736820286572726F7276
S2140414A0202564290A00496E76616C696420736C91
S2140414B06F7420256420286D617820736C6F742007
S2140414C02564290A004661696C656420746F206788
S2140414D0657420696E666F20666F7220736C6F7415
S2140414E02025640A00536C6F74204D616E61676535
S2140414F0723A20736C6F7420777269746520666123
S214041500696C7572652E2041646472657373206F0E
S21404151066667365742028256429202B20777269F3
S2140415207465206C656E67746820282564292067B6
S214041530726561746572207468616E20746F74617C
S2140415406C20736C6F74206C656E67746820282535
S21404155064290A00536C6F74204D616E616765726E
S214041560207761726E696E673A20736C6F742025FB
S21404157064206C656E6774682028256429206E6F65
S2140415807420616C69676E656420746F207061678F
S214041590652073697A6520282564292E2054686599
S2140415A020656E7469726520736C6F742077696C3D
S2140415B06C206E6F74206265206572617365642E9C
S2140415C00A00536C6F74204D616E616765723A2031
S2140415D06661696C656420746F206572617365204A
S2140415E0256420627974657320696E20736C6F7449
S2140415F020256420617420616464726573732030EE
S2140416007825347820286572726F722030782578B1
S214041610290A004572617365642025642062797422
S214041620657320696E20736C6F742025640A004607
S21404163061696C656420746F2073657420736C6FC5
S2140416407420746F20626F6F7420286572726F72D4
S214041650203078253478290A004661696C65642050
S214041660746F20736574206C697374206F662073BE
S2140416706C6F747320746F20626F6F7420286572A9
S214041680726F72203078253478290A004661696CB6
S214041690656420746F20676574206E6577206C69B6
S2140416A07374206F6620736C6F747320746F20627B
S2140416B06F6F7420286572726F72203078253478C4
S2140416C0290A00426567696E6E696E6720696D61F6
S2140416D0676520766572696669636174696F6E2EE4
S2140416E02E2E002E6661696C656421202845727270
S2140416F06F72203078253478290A002E706173734F
S21404170065642120426F6F74696E6720736C6F7412
S2140417102025640A00666E692B00666E69006E6199
S2140417206E00666E692D006C696273006273656E86
S21404173064007265736574007261770073656E6425
S2140417405F6D756C7469636173740073656E642D84
S2140417507573696E672D6D756C7469636173742D2A
S21404176062696E64696E670074696D6573796E6329
S214041770006765742D7074692D726164696F2D63DA
S2140417806F6E66696700636F6E6669672D63636173
S2140417902D6D6F6465006576656E7473007365639E
S2140417A07572697479007A69676265655F707269D3
S2140417B06E7400706C7567696E006E6574006B6598
S2140417C07973006F7074696F6E00706C7567006370
S2140417D068616E67656B6579006368616E67656BE3
S2140417E0007A646F007072696E742072656C61743E
S2140417F0656420636F6D6D616E64732E006174742E
S21404180072005A646F2072656C6174656420636F3D
S2140418106D6D616E64732E00726F75746500706F03
S214041820776572006D676D742D6C7169006D676DF8
S214041830742D62696E64006E6F64650073696D7002
S2140418406C65006965656500756E62696E64006E38
S214041850776B2D757064006F75742D636C2D6C69D1
S214041860737400696E2D636C2D6C697374005A640E
S2140418706F20696E2D636C2D6C6973742072656CB1
S2140418806174656420636F6D6D616E64732E005AB7
S214041890646F206F75742D636C2D6C69737420727D
S2140418A0656C6174656420636F6D6D616E64732E20
S2140418B0005A646F206E776B2D7570642072656CA9
S2140418C06174656420636F6D6D616E64732E00735E
S2140418D063616E2D6368616E2D6D61736B00736357
S2140418E0616E006368616E5067006368616E005ADB
S2140418F0646F20756E62696E642072656C617465CF
S2140419006420636F6D6D616E64732E00756E69631B
S214041910617374006368616E67656B6579207265D0
S2140419206C6174656420636F6D6D616E64732E0004
S2140419306C696E6B004F7074696F6E2072656C61B3
S21404194074656420636F6D6D616E64732E007265DA
S214041950676973746572006469736300696E73748F
S214041960616C6C2D636F64650062696E64696E6792
S2140419702D7461626C65007072696E742D72782DB8
S2140419806D73677300617073726574727900415089
S2140419905320726574727920666C616720666F7274
S2140419A0636520636F6D6D616E647300456E61627E
S2140419B06C65732F44697361626C65732070726919
S2140419C06E74696E67206F66205278206D65737337
S2140419D0616765732E00656E61626C650042696EB0
S2140419E064696E67207461626C652072656C6174EC
S2140419F0656420636F6D6D616E64732E005365635A
S214041A007572697479206B6579732072656C61747C
S214041A10656420636F6D6D616E64732E0064656C1F
S214041A20657465004E6574776F726B2072656C61C1
S214041A3074656420636F6D6D616E64732E00666FEB
S214041A40726D0072656A6F696E2D646966662D64D0
S214041A5065766963652D7479706500657874706160
S214041A606E69640069736F70656E0062726F61649C
S214041A702D706A6F696E006368616E67652D6368B2
S214041A80616E6E656C00696E6974006368616E678A
S214041A90652D6B6565702D616C6976652D6D6F645B
S214041AA0650074696D656F75742D6F7074696F6EFB
S214041AB02D6D61736B006D756C74692D7068792D6E
S214041AC07374617274006D756C74692D7068792D09
S214041AD073746F700066696E64006E6574776F72F7
S214041AE06B2066696E6420636F6D6D616E64732E21
S214041AF0006A6F696E61626C6500756E7573656405
S214041B0000736C6F742D6D616E6167657200636F30
S214041B10756E7465727300656E642D6465766963AC
S214041B20652D737570706F72740066696E642D61CE
S214041B306E642D62696E6400667261676D656E74AC
S214041B406174696F6E0067726F7570732D7365725A
S214041B50766572006E6574776F726B2D7374656547
S214041B6072696E67006F74612D626F6F746C6F615B
S214041B7064006F74612D636C69656E74006F7461C4
S214041B802D73746F726167652D636F6D6D6F6E0074
S214041B906F74612D73746F726167652D65657072FD
S214041BA06F6D0069646C652D736C65657000757087
S214041BB0646174652D74632D6C696E6B2D6B657929
S214041BC0007570646174652D74632D6C696E6B2D7D
S214041BD06B65792072656C6174656420636F6D6DE6
S214041BE0616E64730074696D6572006E6F7700438E
S214041BF06F6D6D616E647320746F20636F6E7472A4
S214041C006F6C2069646C696E672F736C65657069A8
S214041C106E67206F66207468652064657669636500
S214041C2000666F7263652D6177616B65006177612D
S214041C306B652D7768656E2D6E6F742D6A6F696E91
S214041C406564007265706F7274696E672072656C85
S214041C506174656420636F6D6D616E64732E0063DA
S214041C606C6561722D6C6173742D7265706F72741D
S214041C702D74696D6500746573742D74696D696E71
S214041C8067006F74612D73746F726167652D656587
S214041C9070726F6D2072656C6174656420636F6D1D
S214041CA06D616E64732E0077697065006F74612DC4
S214041CB073746F726167652D636F6D6D6F6E2072DE
S214041CC0656C6174656420636F6D6D616E6473002A
S214041CD07072696E74496D616765730072656C6FC6
S214041CE061640073746F726167652D696E666F0058
S214041CF0646174612D7072696E74006F74612D6313
S214041D006C69656E742072656C6174656420636FBB
S214041D106D6D616E64732E00766572696679006215
S214041D206C6F636B2D7465737400706167652D72D8
S214041D3065717565737400757067726164652D727C
S214041D406571756573740064697361626C652D648E
S214041D506F776E67726164657300656E61626C6549
S214041D602D646F776E677261646573006F74612D9E
S214041D70626F6F746C6F61642072656C6174656405
S214041D8020636F6D6D616E6473006E6574776F7239
S214041D906B2D7374656572696E672072656C617409
S214041DA0656420636F6D6D616E64732E007072657A
S214041DB02D636F6E666967757265642D6B65792D24
S214041DC0736574006D61736B2072656C6174656411
S214041DD020636F6D6D616E642E007375627472613C
S214041DE063740067726F7570732D736572766572AF
S214041DF02072656C6174656420636F6D6D616E64DA
S214041E00732E00667261676D656E746174696F6EB9
S214041E102072656C6174656420636F6D6D616E64B9
S214041E20732E007365742D72782D77696E646F77E0
S214041E302D73697A65006172746966696369616C99
S214041E402D626C6F636B2D64726F700046696E64EE
S214041E5020616E642062696E642072656C617465CC
S214041E606420636F6D6D616E64732E00696E6974B1
S214041E706961746F7200656E642D64657669636566
S214041E802D737570706F72742072656C61746564FE
S214041E9020636F6D6D616E64732E00706F6C6C2DB5
S214041EA0636F6D706C657465642D63616C6C6261E0
S214041EB0636B00666F7263652D73686F72742D7042
S214041EC06F6C6C00656E61626C655F74797065003A
S214041ED0737461636B00617070007A636C006C6588
S214041EE0676163795F61665F646562756700636FE7
S214041EF0756E746572732072656C617465642063B4
S214041F006F6D6D616E64732E007072696E742D63EE
S214041F106F756E7465722D747970650073696D7073
S214041F206C652D7072696E74007072696E742D74AF
S214041F3068726573686F6C6473007365742D746877
S214041F40726573686F6C640072657365742D74686B
S214041F50726573686F6C64730073656E642D726566
S214041F60717565737400736563757269747920722C
S214041F70656C6174656420636F6D6D616E64730077
S214041F807365742D616C6C6F772D74727573742D14
S214041F9063656E7465722D72656A6F696E2D7573EE
S214041FA0696E672D77656C6C2D6B6E6F776E2D6B17
S214041FB06579007365742D616C6C6F772D7472751A
S214041FC073742D63656E7465722D72656A6F696EBF
S214041FD02D7573696E672D77656C6C2D6B6E6F77D8
S214041FE06E2D6B65792D74696D656F7574007365F8
S214041FF0742D6B65792D726571756573742D706FAC
S2140420006C696379006D66672D746F6B656E00612D
S21404201070730053656375726974792061707320F8
S21404202072656C6174656420636F6D6D616E647354
S2140420302E004765742F736574204D464720746FD1
S2140420406B656E2E00656E64706F696E74207265C3
S2140420506C6174656420636F6D6D616E64732E00CD
S214042060656570726F6D207574696C697479207219
S214042070656C6174656420636F6D6D616E64730076
S214042080536C6F74204D616E616765722072656C67
S2140420906174656420636F6D6D616E647300626F56
S2140420A06F742D736C6F740065726173652D736C39
S2140420B06F74006578742D666C6173682D696E663E
S2140420C06F00736C6F74732D696E666F005072695F
S2140420D06E74732074696D652E005072696E747325
S2140420E0206174747269627574652E00436C656150
S2140420F0727320746865205A444F206C6973742088
S2140421006F6620636C69656E742028696E29206387
S2140421106C7573746572732E004164647320636C0B
S21404212075737465727320746F20746865206B6EA3
S2140421306F776E20636C69656E742028696E29203B
S214042140636C757374657273206F6E20746869733C
S214042150206465766963652E00436C65617273203E
S214042160746865205A444F206C697374206F662027
S214042170636C69656E7420286F75742920636C75AA
S21404218073746572732E004164647320636C757394
S2140421907465727320746F20746865206B6E6F7735
S2140421A06E20636C69656E7420286F7574292063CD
S2140421B06C757374657273206F6E2074686973200F
S2140421C06465766963652E0053656E647320616E7C
S2140421D020757064617465206368616E6E656C203A
S2140421E0726571756573742E006368616E6E656CD6
S2140421F01F0053656E647320616E2075706461748D
S21404220065206368616E6E656C2070616765207218
S21404221065712E2054686520737461636B20736542
S2140422206E6473206E776B20656E68616E6365649A
S214042230207570646174652072657120666F722003
S2140422406E6F6E2D7A65726F20706167652E0063FF
S21404225068616E6E656C1F706167651F00506572FD
S214042260666F726D7320616E20656E657267792085
S2140422707363616E2E007461726765744E6F646575
S21404228049641F7363616E4475726174696F6E1F6F
S2140422907363616E436F756E741F0042726F616480
S2140422A0636173747320746865204944206F6620E4
S2140422B0746865206E6577206E6574776F726B2020
S2140422C06D616E6167657220616E64206163746916
S2140422D07665206368616E6E656C732E006E776B30
S2140422E04D676549641F6368616E6E656C4D617306
S2140422F06B1F00506572666F726D7320616E206589
S2140423006E65726779207363616E206F6E206769ED
S21404231076656E206368616E6E656C206D61736BA6
S2140423202E007461726765744E6F646549641F732A
S21404233063616E4475726174696F6E1F7363616E58
S214042340436F756E741F6368616E6E656C4D617362
S2140423506B1F0053656E64732061206E6574776F1F
S214042360726B20616464726573732072657175653F
S214042370737420666F722074686520676976656E6C
S214042380204945454520616464726573732E00696F
S2140423906565651F00526571756573747320616E9B
S2140423A02049454545206164647265737320626103
S2140423B0736564206F6E206120676976656E206E93
S2140423C06F64652049442E006E6F646549641F007F
S2140423D053656E647320612073696D706C65206448
S2140423E0657363726970746F722072657175657354
S2140423F07420666F72207468652073686F72742028
S2140424006164647265737320616E6420656E6470C3
S2140424106F696E74207370656369666965642E00FF
S214042420646573741F746172676574456E64706F57
S214042430696E741F0053656E64732061206D617449
S214042440636844657363726970746F7273526571FE
S2140424507565737420746F20746865206769766583
S2140424606E2064657374696E6174696F6E20776933
S21404247074682074686520676976656E2070726F6C
S21404248066696C652E006E6F646549641F70726FB2
S21404249066696C651F0053656E64732061206E6FF9
S2140424A064652064657363726970746F7220726504
S2140424B0717565737420746F206120676976656E24
S2140424C020746172676574206465766963652E009E
S2140424D07461726765741F0053656E6473206120AF
S2140424E05A444F2042696E6420636F6D6D616E645A
S2140424F020746F2061206465766963652073706557
S21404250063696669656420696E2074686520636F14
S2140425106D6D616E6420617267756D656E74732E81
S2140425200044657374696E6174696F6E1F536F75CA
S21404253072636520656E64706F696E741F4465739C
S21404254074696E6174696F6E20656E64706F696E0F
S214042550741F636C757374657249441F72656D6F7E
S214042560746545554936341F646573744555493654
S214042570341F0053656E647320616E206163746952
S214042580766520656E64706F696E74207265717509
S21404259065737420746F2074686520646576696357
S2140425A06520776974682074686520676976656E47
S2140425B02073686F72742049442E0053656E6473EA
S2140425C020616E20756E62696E6420726571756531
S2140425D0737420666F72206120756E69636173740C
S2140425E02062696E64696E6720746F207468652063
S2140425F0746172676574206465766963652E007419
S21404260061726765741F736F75726365206575699B
S21404261036341F736F7572636520656E64706F69F8
S2140426206E741F636C757374657249441F646573B6
S21404263074696E6174696F6E45554936341F6465F6
S2140426407374696E6174696F6E20656E64706F6909
S2140426506E741F0053656E647320616E20756E621F
S214042660696E64207265717565737420666F722076
S21404267061206D756C7469636173742062696E643D
S214042680696E6720746F207468652074617267656C
S21404269074206465766963652E0074617267657478
S2140426A01F736F757263652065756936341F736FA3
S2140426B07572636520656E64706F696E741F636CF3
S2140426C0757374657249441F67726F7570416464EC
S2140426D0726573731F0053656E64732061205A44D9
S2140426E04F204D616E6167656D656E74204C656143
S2140426F0766520636F6D6D616E6420746F207468F8
S2140427006520746172676574206465766963652EF6
S214042710007461726765741F72656D6F76654368D1
S214042720696C6472656E1F72656A6F696E1F00530A
S214042730656E64732061205A444F204D474D542DD6
S21404274042696E64202842696E64696E672054612B
S214042750626C6529205265717565737420746F20E8
S214042760746865207461726765742064657669634D
S214042770652E007461726765741F737461727449A0
S2140427806E6465781F0053656E64732061205A4436
S2140427904F204D474D542D4C514920284C5149202B
S2140427A05461626C65292052657175657374207472
S2140427B06F2074686520746172676574206465763A
S2140427C06963652E0053656E64732061205A444F16
S2140427D020506F7765722044657363726970746FF6
S2140427E072205265717565737420746F2074686501
S2140427F020746172676574206465766963652E006B
S21404280053656E64732061205A444F20726F75744A
S21404281065207265717565737420636F6D6D616E86
S2140428206420746F20746865207461726765742E02
S214042830007461726765741F696E6465781F006949
S2140428406E6465781F65756936341F696E737461C6
S2140428506C6C436F64651F00696E6465781F6575EC
S2140428606936341F6B65791F005443206C696E6BA0
S214042870206B6579207265717565737420706F6C52
S2140428806963791F417070206C696E6B206B657983
S214042890207265717565737420706F6C6963791F37
S2140428A000426F6F6C3A20616C6C6F77207472759F
S2140428B073742063656E7465722072656A6F696EE0
S2140428C0207573696E672077656C6C2D6B6E6F77F9
S2140428D06E206B65791F0070726F66696C6549645B
S2140428E01F636C757374657249641F007461726744
S2140428F0657449641F00456E61626C65732070726E
S214042900696E74696E67206F66205278206D6573F1
S21404291073616765732E005365747320746865204D
S21404292062696E64696E67207461626C6500696EC4
S2140429306465781F636C75737465721F6C6F63616E
S2140429406C45701F72656D6F746545701F6575699B
S21404295036341F00436C65617273207468652062A8
S214042960696E64696E67207461626C652E005072CD
S214042970696E7473207468652062696E64696E6734
S214042980207461626C6520746F2074686520636FC0
S2140429906D6D616E64206C696E652E00436C6561B6
S2140429A0727320616C6C2073656375726974792028
S2140429B06B6579732E0044656C6574652074686570
S2140429C020737065636966696564206C696E6B2044
S2140429D06B657920696E6465782E005072696E7432
S2140429E07320616C6C207365637572697479206BEF
S2140429F06579732E005465726D696E617465732013
S214042A00746865206D756C74692D50485920696E1C
S214042A1074657266616365005573656420746F201F
S214042A207374617274206D756C74692D50485920E6
S214042A30696E74657266616365206F74686572207A
S214042A407468616E206E617469766520616E6420B8
S214042A50666F726D20746865206E6574776F726B2E
S214042A602E2054686520737461636B2075736573D8
S214042A702073616D652050616E4964206173206E19
S214042A80617469766520726164696F206E65747717
S214042A906F726B2E00706167651F6368616E6E658A
S214042AA06C1F706F7765721F6F7074696F6E734DED
S214042AB061736B20284269742030203D20526F7564
S214042AC07465727320616C6C6F7765642C20426940
S214042AD0742031203D2042726F61646361737420F8
S214042AE0616C6C6F776564291F00417474656D7042
S214042AF0747320746F206368616E676520746865FC
S214042B00206368696C642074696D656F7574206FE2
S214042B107074696F6E206D61736B20746F206669C4
S214042B206C746572206F757420756E646573697253
S214042B3061626C652076616C7565732028652E6706
S214042B402E206E6F206D6F7265207468616E203360
S214042B502064617973292E0074696D656F7574201D
S214042B606F7074696F6E206D61736B1F00537769A5
S214042B707463686573206265747765656E2064693E
S214042B8066666572656E74206B65657020616C6937
S214042B907665206D6F64657320737570706F7274DC
S214042BA06564206279206120726F757465722E00E8
S214042BB04B65657020616C697665206D6F64651F72
S214042BC0005072696E74732074686520637572723F
S214042BD0656E74204E6F64652049442C2045554923
S214042BE036342C20616E642050616E2049442E00D9
S214042BF0496E697469616C697A65732061206E65D3
S214042C0074776F726B3B20746869732069732061F4
S214042C10207465737420636F6D6D616E64207573C4
S214042C20656420666F722074632D737761702D6FF0
S214042C3075742074657374696E672E0053657473B7
S214042C4020746865206E6574776F726B20696E6495
S214042C506578207573656420627920616C6C2066E3
S214042C60757475726520434C4920636F6D6D616E93
S214042C7064732E20204265666F72652065786563EE
S214042C807574696E67206120434C4920636F6D6DCF
S214042C90616E642C20746865206672616D65776F5A
S214042CA0726B20737769746368657320746F20741D
S214042CB0686973206E6574776F726B2E2020416688
S214042CC07465722074686520636F6D6D616E642030
S214042CD066696E697368657320657865637574697B
S214042CE06E672C20746865206672616D65776F72F6
S214042CF06B207377697463686573206261636B2005
S214042D00746F207468652070726576696F757320B9
S214042D106E6574776F726B2E202054686520434C62
S214042D20492075736573207468652073616D65202A
S214042D306E6574776F726B20696E64657820756E45
S214042D4074696C20746865206465766963652072AE
S214042D506573657473206F722069742069732063C9
S214042D6068616E676564207468726F75676820743E
S214042D7068697320636F6D6D616E642E00417474B0
S214042D80656D70747320746F206368616E67652068
S214042D90646576696365206F76657220746F20615A
S214042DA020646966666572656E74206368616E6E1B
S214042DB0656C20676976656E20696E207468652088
S214042DC06368616E6E656C20617267756D656E749E
S214042DD02E00546865206368616E6E656C20746F9F
S214042DE0206368616E676520746F1F0066696E6491
S214042DF0556E7573656450616E49640066696E64E9
S214042E004A6F696E61626C654E6574776F726B00AB
S214042E105065726D697473206A6F696E696E672097
S214042E206F6E20746865206E6574776F726B2066AB
S214042E306F72206120676976656E206E756D6265B7
S214042E4072206F66207365636F6E647320414E4410
S214042E502062726F616463617374732061205A44E4
S214042E604F204D676D74205065726D6974204A6FEB
S214042E70696E696E67207265717565737420746F08
S214042E8020616C6C20726F75746572732E0041201D
S214042E9073696E676C65206279746520696E64690F
S214042EA0636174696E6720686F77206C6F6E672045
S214042EB0746865206465766963652073686F756CED
S214042EC0642068617665207065726D6974206A6F27
S214042ED0696E696E67207475726E6564206F6E2005
S214042EE0666F722E20412076616C7565206F6620B1
S214042EF030786666207475726E73206F6E20706507
S214042F00726D6974206A6F696E20696E646566699D
S214042F106E6974656C792E1F00436865636B732055
S214042F206E6574776F726B20706A6F696E20737447
S214042F30617475732E0057726974657320746865BE
S214042F4020657874656E6465642070616E204944FB
S214042F5020666F7220746865206465766963652EE2
S214042F600065787470616E69641F0052656A6F69E3
S214042F706E7320616E206578697374696E67206E5F
S214042F806574776F726B20696E2061207365637554
S214042F907265206F7220696E736563757265206D45
S214042FA0616E6E6572207769746820612064696654
S214042FB0666572656E7420646576696365207479E7
S214042FC070652E00426F6F6C65616E206E65747757
S214042FD06F726B206B657920617661696C616269DA
S214042FE06C6974791F4368616E6E656C206D6173DD
S214042FF06B1F416E20656E756D65726174696F6EC8
S21404300020696E6469636174696E672074686520FC
S214043010646576696365207479706520746F2072C0
S214043020656A6F696E2061732E54686520737461D7
S214043030636B206F6E6C79206163636570747320B4
S214043040534C5F5A49474245455F454E445F4445A5
S2140430505649434520616E6420534C5F5A494742A3
S21404306045455F534C454550595F454E445F44457E
S214043070564943452E1F0052654A6F696E73206198
S214043080206E6574776F726B2E00426F6F6C65618D
S2140430906E206E6574776F726B206B65792061762F
S2140430A061696C6162696C6974791F4368616E6EEC
S2140430B0656C206D61736B1F004C656176657320CB
S2140430C061206E6574776F726B2E005475726E7322
S2140430D0207065726D6974206A6F696E696E672008
S2140430E06F6E20666F722074686520616D6F756EF2
S2140430F074206F662074696D6520696E6469636107
S2140431007465642E00412073696E676C652062796D
S214043110746520696E6469636174696E6720686F9C
S21404312077206C6F6E6720746865206465766963C3
S214043130652073686F756C642068617665207065B9
S214043140726D6974206A6F696E696E672074757231
S2140431506E206F6E20666F722E20412076616C752D
S21404316065206F662030786666207475726E7320EC
S2140431707065726D6974206A6F696E20696E646525
S21404318066696E6974656C792E1F004A6F696E7382
S2140431902061206E6574776F726B206F6E206120DD
S2140431A0676976656E206368616E6E656C2C207741
S2140431B0697468206120676976656E2054582050CB
S2140431C06F77657220616E642050414E2049442E0C
S2140431D000546865206368616E6E656C206F6E20AF
S2140431E0776869636820746F206A6F696E207468F4
S2140431F065206E6574776F726B1F4F6E652D6279EE
S2140432007465207369676E65642076616C756520E5
S214043210696E6469636174696E67207468652054B6
S2140432205820506F776572207468617420746865DE
S21404323020726164696F2073686F756C64206265C0
S2140432402073657420746F1F5468652050414E20A7
S2140432504944206F6E20776869636820746F206A1B
S2140432606F696E20746865206E6574776F726B1F65
S21404327000466F726D732061206E6574776F726B93
S214043280206F6E206120676976656E206368616EC4
S2140432906E656C2C20776974682061206769766592
S2140432A06E20545820506F77657220616E642050EB
S2140432B0414E2049442E00546865206368616E6E52
S2140432C0656C206F6E20776869636820746F20666B
S2140432D06F726D20746865206E6574776F726B1FED
S2140432E04F6E652D62797465207369676E65642018
S2140432F076616C756520696E6469636174696E676E
S2140433002074686520545820506F7765722074685E
S21404331061742074686520726164696F2073686FD5
S214043320756C642062652073657420746F1F54681E
S214043330652050414E204944206F6E2077686963AB
S2140433406820746F20666F726D20746865206E65E1
S21404335074776F726B1F005468697320696E6974A2
S214043360696174657320612054434C4B2075706406
S2140433706174652070726F6365647572652E0053A0
S2140433807065636966792074686520616D6F756E13
S21404339074206F662074696D6520746F2077616988
S2140433A074206166746572206F6E652054434C4BBE
S2140433B020757064617465206F7065726174696FDE
S2140433C06E20636F6D706C65746573206265666FDE
S2140433D0726520626567696E6E696E672061206E2D
S2140433E065772054434C4B20757064617465206F78
S2140433F07065726174696F6E2E0054686520616D25
S2140434006F756E74206F662074696D6520626574CE
S2140434107765656E2073756273657175656E742065
S21404342074727573742063656E746572206C696E4D
S2140434306B206B6579207570646174657320696EA2
S214043440206D696C6C697365636F6E64731F0053DB
S2140434506574206F7220636C656172207374617981
S214043460206177616B65207768656E206E6F7420C7
S2140434706A6F696E656400536574206F7220636CAE
S21404348065617220666F726365206177616B6500A3
S214043490446973706C61792074686520736C656523
S2140434A0702073746174757300464F5220544553EC
S2140434B054494E4720505552504F534553202D20C3
S2140434C06761746865722074696D696E67206D65DE
S2140434D0747269637320666F72207265706F72749B
S2140434E0696E67207461626C65206F7065726174C2
S2140434F0696F6E732E00436C656172732074686521
S214043500206C617374207265706F72742074696DB8
S21404351065206F6620617474726962757465732EB3
S21404352000416464732061206E657720656E747252
S2140435307920746F20746865207265706F727420C9
S2140435407461626C652E00546865206C6F63616CF0
S21404355020656E64706F696E742066726F6D207776
S214043560686963682074686520617474726962753A
S2140435707465206973207265706F727465641F5475
S214043580686520636C757374657220776865726508
S2140435902074686520617474726962757465206944
S2140435A073206C6F63617465641F546865204944B6
S2140435B0206F66207468652061747472696275741D
S2140435C065206265696E67207265706F72746564E3
S2140435D01F3020666F7220636C69656E742D736984
S2140435E064652061747472696275746573206F72A1
S2140435F0203120666F72207365727665722D73694A
S214043600646520617474726962757465731F5468A6
S21404361065206D696E696D756D207265706F727464
S214043620696E6720696E74657276616C2C206D65B0
S21404363061737572656420696E207365636F6E646A
S214043640732E1F546865206D6178696D756D2072E0
S21404365065706F7274696E6720696E7465727661E0
S2140436606C2C206D6561737572656420696E2073B9
S21404367065636F6E64732E1F546865206D696E698A
S2140436806D756D206368616E676520746F2074685D
S21404369065206174747269627574652074686174F7
S2140436A02077696C6C20726573756C7420696E2063
S2140436B061207265706F7274206265696E6720732C
S2140436C0656E742E1F0052656D6F76657320616E8D
S2140436D020656E7472792066726F6D20746865203A
S2140436E07265706F7274207461626C652E00546823
S2140436F06520696E646578206F662074686520723C
S21404370065706F727420746F2062652072656D6FC9
S2140437107665641F00436C6561727320616C6C206F
S214043720656E74726965732066726F6D2074686561
S214043730207265706F7274207461626C652E00501E
S21404374072696E747320746865207265706F727423
S214043750207461626C652E00576970657320616C15
S2140437606C206461746120696E20746865207374CB
S2140437706F72616765206465766963652E005072B2
S214043780696E747320617262697472617279206200
S21404379079746573206F6620746865204F544120E1
S2140437A0696D616765206F6E206469736B2E0054C3
S2140437B0686520696E646578206F66207468652085
S2140437C0696D61676520746F207072696E74206914
S2140437D0747320646174611F546865206F66667331
S2140437E0657420696E746F20746865204F54412098
S2140437F0696D61676520746861742077696C6C20F4
S2140438006265207072696E7465641F005072696E1A
S214043810747320696E666F726D6174696F6E206171
S214043820626F7574207468652073746F726167655F
S214043830206465766963652E0052656C6F6164204A
S2140438407468652073746F72616765206465766951
S21404385063652E0044656C65746573207468652022
S214043860696D61676520617420746865207370658E
S21404387063696669656420696E6465782E005468B9
S2140438806520696E6465782061742077686963686A
S21404389020746F20626567696E2064656C65746960
S2140438A06E672074686520696D6167651F005072D5
S2140438B0696E74732074686520696D616765732E1C
S2140438C000456E61626C6573204F544120646F77C7
S2140438D06E6772616465732E0044697361626C6519
S2140438E073204F544120646F776E6772616465730A
S2140438F02E0053656E647320616E20557067726186
S2140439006465456E645265717565737420746F20C2
S214043910616E204F5441207365727665722E0043A3
S214043920616E206265207573656420746F20647907
S2140439306E616D6963616C6C79207475726E206F4C
S21404394066662073656E64696E67207061676520BD
S2140439507265717565737473206F6E207468652064
S214043960636C69656E7420736964652C20696620CF
S2140439707468652073657276657220646F65736E0D
S214043980277420737570706F72742074686973205E
S214043990666561747572652E00426F6F6C65616E44
S2140439A02076616C7565207475726E696E67206F1B
S2140439B06E20283129206F72206F666620283029F1
S2140439C0207468652070616765207265717565731B
S2140439D07420666C61671F0053656E647320616EA5
S2140439E020696D61676520626C6F636B2072657118
S2140439F07565737420666F7220612066696C652035
S214043A00746865207365727665722073686F756C6A
S214043A1064206E6F7420686176652E20205465736A
S214043A2074206861726E657373206F6E6C792028DB
S214043A3074657374206361736520392E352E3620C1
S214043A402D204D697373696E672046696C6529007D
S214043A505072696E747320696E666F726D617469F4
S214043A606F6E206F6E207468652063757272656E63
S214043A7074207374617465206F6620746865204FC3
S214043A80544120636C69656E7420646F776E6C6F46
S214043A9061642E0053746F707320746865204F54ED
S214043AA041207374617465206D616368696E652E68
S214043AB00053746172747320746865204F544120F7
S214043AC0636C69656E74207374617465206D6163DC
S214043AD068696E652E205468652073746174652069
S214043AE06D616368696E6520646973636F76657279
S214043AF07320746865204F5441207365727665722E
S214043B002C207175657269657320666F72206E6508
S214043B107720696D616765732C20646F776E6C6FB0
S214043B206164732074686520696D616765732061DC
S214043B306E6420776169747320666F72207468659A
S214043B402073657276657220636F6D6D616E642096
S214043B50746F20757067726164652E005072696EAA
S214043B60747320746865206D616E75666163747520
S214043B707265722049442C20496D6167652054792A
S214043B8070652049442C20616E6420566572736902
S214043B906F6E20696E666F726D6174696F6E2074E5
S214043BA06861742061726520757365642077686542
S214043BB06E2061207175657279206E65787420694F
S214043BC06D6167652069732073656E7420746F2059
S214043BD074686520736572766572206279207468ED
S214043BE06520636C69656E742E00506572666F722C
S214043BF06D73207369676E6174757265207665727D
S214043C00696669636174696F6E206F6E2074686597
S214043C1020696D616765206174207468652073701F
S214043C206563696669656420696E6465782E005408
S214043C30686520696E6465782061742077686963B6
S214043C406820746F20626567696E2076657269669F
S214043C5069636174696F6E206F6620746865206995
S214043C606D6167651F00426F6F746C6F61647320CB
S214043C7074686520696D6167652061742074686581
S214043C802073706563696669656420696E64657827
S214043C902062792063616C6C696E672074686520A5
S214043CA04F544120626F6F746C6F61642063616C63
S214043CB06C6261636B2E0054686520696E64657877
S214043CC020617420776869636820746F2062656772
S214043CD0696E20626F6F746C6F6164696E672074BE
S214043CE0686520696D6167651F005072696E74733C
S214043CF020696E666F2061626F7574207468652033
S214043D00696E7374616C6C656420626F6F746C6F3B
S214043D10616465722E0053756274726163747320F5
S214043D2061206368616E6E656C2066726F6D2065D7
S214043D30697468657220746865207072696D617252
S214043D4079206F72207365636F6E64617279206385
S214043D5068616E6E656C206D61736B206F6620748F
S214043D606865206E6574776F726B2D737465657203
S214043D70696E6720636F6D706F6E656E742E005487
S214043D806865206368616E6E656C206D61736B2078
S214043D90746F20737562747261637420746865202E
S214043DA06368616E6E656C2066726F6D1F5468651D
S214043DB0206368616E6E656C20746F207375627420
S214043DC07261637420746865206D61736B2066721B
S214043DD06F6D1F00416464732061206368616E6EBA
S214043DE0656C20746F2065697468657220746865F4
S214043DF0207072696D617279206F72207365636FCB
S214043E006E64617279206368616E6E656C206D61A4
S214043E10736B206F6620746865206E6574776F72A6
S214043E206B2D7374656572696E6720636F6D706F52
S214043E306E656E742E00546865206368616E6E65E8
S214043E406C206D61736B20746F2061646420612044
S214043E506368616E6E656C20746F1F5468652063BA
S214043E6068616E6E656C20746F2061646420746F84
S214043E7020746865206D61736B1F0053657473202E
S214043E8065697468657220746865207072696D610E
S214043E907279206F72207365636F6E646172792025
S214043EA06368616E6E656C206D61736B2E0054687A
S214043EB065206368616E6E656C206D61736B20743B
S214043EC06F2073756274726163742074686520630E
S214043ED068616E6E656C2066726F6D1F546865202F
S214043EE076616C756520746F2073657420746865DC
S214043EF0206368616E6E656C206D61736B20746FF1
S214043F002E1F005365747320746865207072652DC7
S214043F10636F6E66696775726564206B6579207376
S214043F206F207468617420746865206A6F696E69AE
S214043F306E67206465766963652063616E20656ECE
S214043F4074657220746865206E6574776F726B2E64
S214043F5000536574732074686520707265636F6EB1
S214043F6066696775726564206B65791F0053746FA4
S214043F70707320746865206E6574776F726B207337
S214043F8074656572696E672070726F636573732EED
S214043F900053746172747320746865206E65747758
S214043FA06F726B207374656572696E672070726FCA
S214043FB0636573732E0041206D61736B206F6620FA
S214043FC06F7074696F6E7320666F7220696E6469B1
S214043FD0636174696E6720737065636966696320DC
S214043FE06265686176696F722077697468696E20A5
S214043FF0746865206E6574776F726B2D737465656F
S21404400072696E672070726F636573732E1F004447
S2140440106973706C61797320746865206375727255
S214044020656E7420737461747573206F662074688B
S21404403065206E6574776F726B207374656572693C
S2140440406E672070726F636573732E00436C6561D0
S2140440507273207468652067726F7570732074615C
S214044060626C65206F6E20657665727920656E6475
S214044070706F696E74005072696E747320696E6630
S2140440806F726D6174696F6E2061626F75742074EF
S214044090686520636F6E74656E7473206F66207433
S2140440A068652067726F757073207461626C652E24
S2140440B0004172746966696369616C6C7920647224
S2140440C06F70732074686520626C6F636B206E7506
S2140440D06D62657220646566696E65642062792027
S2140440E07468652070617373656420617267756DAA
S2140440F0656E74206F6E6C79206F6E63652C20611C
S2140441006E64207468656E20616C6C6F77732069CA
S214044110742075706F6E20612072657472792E003B
S21404412054686520626C6F636B206E756D62657291
S21404413020746F206172746966696369616C6C7956
S2140441402064726F7020746F20666F7263652061DE
S214044150207265747279202D2073657420746F2024
S2140441603078464620746F2064697361626C651FFC
S2140441700053657473207468652072656365697698
S214044180652077696E646F772073697A652E2020C0
S214044190427920646566696E6974696F6E20696E1B
S2140441A02074686520536D61727420456E6572676D
S2140441B0792070726F66696C65206974206D7573FA
S2140441C0742062652073657420746F2031206275D4
S2140441D074207468697320616C6C6F7773206974DB
S2140441E020746F206265206368616E6765642E00C4
S2140441F0546865206D6178206E756D626572206FF7
S214044200662074686520626C6F636B7320726563E6
S2140442106569766564206265666F726520616E20E6
S2140442204150532061636B2069732067656E657225
S214044230617465641F004D616B65732074686973EF
S214044240206E6F6465207374617274206964656E91
S21404425074696679696E672061732061207461727F
S21404426067657420666F722062696E64696E672083
S2140442707769746820616E20696E69746961746F09
S21404428072206E6F64652E0054686520656E6470D7
S2140442906F696E74206F6E20776869636820746F28
S2140442A020626567696E207468652046696E646975
S2140442B06E6720616E642042696E64696E6720745E
S2140442C061726765742070726F636573731F004D47
S2140442D0616B65732074686973206E6F6465207300
S2140442E0746172742074686520696E697469617497
S2140442F06F722070617274206F6620746865206621
S214044300696E64696E6720616E642062696E6469B2
S2140443106E672070726F636573732E005468652031
S214044320656E64706F696E74206F6E20776869635B
S2140443306820746F20626567696E2074686520461D
S214044340696E64696E6720616E642042696E646992
S2140443506E6720696E69746961746F722070726F1B
S214044360636573731F005365747320776865746898
S21404437065722074686520434C4920666F726365D5
S21404438073207468652064657669636520746F209D
S21404439073686F727420706F6C6C2E00546865209E
S2140443A076616C756520696E6469636174696E67AD
S2140443B0207768657468657220746865206465761D
S2140443C06963652073686F756C642073686F7274B4
S2140443D020706F6C6C1F0053657473207768657467
S2140443E06865722074686520646576696365732001
S2140443F0706F6C6C20636F6D706C6574656420639D
S214044400616C6C6261636B2066756E6374696F6E53
S21404441020697320656E61626C65642E005468655D
S2140444202076616C756520696E6469636174696E73
S21404443067207768657468657220746865206465AB
S214044440766963657320706F6C6C20636F6D706C37
S214044450657465642063616C6C6261636B20667569
S2140444606E6374696F6E20697320656E61626C6535
S214044470641F00446973706C6179732074686520E6
S214044480737461747573206F662074686520456E56
S21404449064204465766963657320706F6C6C696E1E
S2140444A0672E00456E61626C652F64697361626C89
S2140444B06520646562756720606C65676163792052
S2140444C0617070206672616D65776F726B206465CB
S2140444D062756760207072696E7420747970652ED8
S2140444E000456E61626C652F64697361626C651F5A
S2140444F000456E61626C652F64697361626C652049
S214044500646562756720607A636C60207072696E99
S2140445107420747970652E00456E61626C652F6434
S214044520697361626C65206465627567206061709A
S2140445307060207072696E7420747970652E004500
S2140445406E61626C652F64697361626C6520646574
S2140445506275672060636F726560207072696E743E
S21404456020747970652E00456E61626C652F6469EF
S2140445707361626C6520646562756720607374613C
S214044580636B60207072696E7420747970652E0097
S21404459053656E647320612072657175657374204B
S2140445A0666F72204F544120636F756E7465727324
S2140445B02E0052657365747320616C6C2074687287
S2140445C06573686F6C64732076616C7565732074AC
S2140445D06F203078464646462E0053657473206135
S2140445E0207468726573686F6C642076616C756598
S2140445F020666F72206120706172746963756C61E5
S214044600722074797065206F6620636F756E7465AA
S214044610722E0054797065206F6620636F756E7411
S21404462065721F5468726573686F6C642056616C9B
S21404463075651F005072696E747320746865207403
S21404464068726573686F6C6473206F6620616C6C47
S2140446502074686520636F756E746572732E0043EC
S2140446606C6561727320616C6C20636F756E746523
S214044670722076616C7565732E005072696E747361
S21404468020616C6C20636F756E7465722076616C45
S2140446907565732E005072696E7473207468652095
S2140446A076616C7565206F66207468697320706126
S2140446B072746963756C617220636F756E7465726B
S2140446C02E0054686520636F756E74657220747965
S2140446D0706520746F207072696E741F0050726962
S2140446E06E747320616C6C20636F756E74657220D3
S2140446F076616C75657320616E6420636C656172A7
S21404470073207468656D2E00536574204D464720EB
S214044710746F6B656E2C2043414E4E4F54204245B9
S21404472020554E53455420425920434C492E0050A0
S21404473072696E74204D464720746F6B656E2E004A
S2140447405072696E74206163746976652065766557
S2140447506E74732E0044697361626C6520746865B8
S21404476020656E64706F696E7420666F72205A439B
S2140447704C206D657373616765732E00456E6470B7
S2140447806F696E7420696E6465781F00456E616299
S2140447906C65732074686520656E64706F696E74EA
S2140447A020666F72205A434C206D6573736167658B
S2140447B0732E005072696E7420737461747573205E
S2140447C06F6620656E64706F696E74732E0053682E
S2140447D06F7773207468652076657273696F6E20D0
S2140447E06F662074686520736F6674776172652ED1
S2140447F0005365742074686520636F6E6669677518
S214044800726564203830322E31352E3420434341CD
S214044810206D6F646520696E20746865207261641B
S214044820696F2E2053656520646F63756D656E74BD
S2140448306174696F6E20726567617264696E672061
S2140448405241494C5F494545453830323135345F2D
S2140448504363614D6F64655F742E00412052414985
S2140448604C5F494545453830323135345F436361E2
S2140448704D6F64655F742076616C75651F005265C4
S2140448807475726E732050544920726164696F2087
S214044890636F6E66696720696E666F726D617469B0
S2140448A06F6E20746F2064657465726D696E652022
S2140448B0746865205048592074797065206265696B
S2140448C06E672075736564206279205241494C2EC8
S2140448D02072657475726E2076616C7565206973D6
S2140448E020656E756D205241494C5F4945454538F3
S2140448F030323135345F507469526164696F436F86
S2140449006E6669675F7420652E6720205241494CA5
S2140449105F494545453830323135345F5054495F38
S214044920524144494F5F434F4E4649475F325034E5
S21404493047485A203D203078303055205241494C63
S2140449405F494545453830323135345F5054495F08
S214044950524144494F5F434F4E4649475F325034B5
S21404496047485A5F414E54444956203D20307830DB
S2140449703155205241494C5F49454545383032311E
S21404498035345F5054495F524144494F5F434F4E5C
S2140449904649475F32503447485A5F434F4558208C
S2140449A03D203078303255205241494C5F494545C8
S2140449B0453830323135345F5054495F52414449AA
S2140449C04F5F434F4E4649475F32503447485A5F1D
S2140449D0414E544449565F434F4558203D20307855
S2140449E03033550053656E647320612072656164CC
S2140449F0206174747220666F72207468652074690E
S214044A006D65206F662074686520646576696365E5
S214044A10207370656369666965642E204974207323
S214044A20657473206120666C616720736F207768F5
S214044A30656E2069742067657473207468652072D7
S214044A406573706F6E736520697420777269746518
S214044A5073207468652074696D6520746F206974AA
S214044A6073206F776E2074696D6520617474722E7E
S214044A700049641F737263456E64706F696E741FB9
S214044A8064657374456E64706F696E741F0057684E
S214044A90656E2073656E64696E67207573696E67EC
S214044AA020612062696E64696E672C20737065638A
S214044AB06966696573207768657468657220612025
S214044AC06D756C7469636173742062696E64696E73
S214044AD0672073686F756C642062652075736564FF
S214044AE02E007573654D756C7469636173744269E1
S214044AF06E64696E671F0053656E64732061207070
S214044B0072652D6275666665726564206D756C7473
S214044B106963617374206D65737361676520746F70
S214044B20206120676976656E2067726F757020490C
S214044B30442066726F6D206120676976656E206515
S214044B406E64706F696E742E0067726F7570496458
S214044B501F7372632D656E64706F696E741F0043F5
S214044B607265617465732061206D65737361676532
S214044B702062792073706563696679696E6720744C
S214044B806865207261772062797465732E20557388
S214044B9065207468652073656E6420636F6D6D614F
S214044BA06E6420746F2073656E6420746865206D6F
S214044BB0657373616765206F6E636520697420682A
S214044BC06173206265656E20637265617465642E28
S214044BD02045783A2072617720307830303046208D
S214044BE07B303020304120303020313120323220AA
S214044BF033332034342035357D2073656E6473205A
S214044C0061206D65737361676520746F20636C75CE
S214044C107374657220313520283078303030462958
S214044C20206F66206C656E67746820382077686924
S214044C30636820696E636C756465732074686520A8
S214044C405A434C206865616465722E00436C757324
S214044C5074657249641F446174611F00526573650C
S214044C60747320746865206E6F64652E00577269CD
S214044C707465732061206D6573736167652E0045E6
S214044C806E64706F696E741F436C757374657220FE
S214044C9049441F4174747269627574652049441FDF
S214044CA04D61736B1F4461746120747970651F4491
S214044CB061746120627974651F00526561647320B3
S214044CC061206D6573736167652E00456E64706F51
S214044CD0696E741F436C75737465722049441F4172
S214044CE074747269627574652049441F312069665C
S214044CF02073657276657220646972656374696F81
S214044D006E2C203020696620636C69656E7420649E
S214044D106972656374696F6E1F0053656E647320F1
S214044D2061206D6573736167652E004465737469ED
S214044D306E6174696F6E1F536F7572636520656E5E
S214044D4064706F696E741F44657374696E61746908
S214044D506F6E20656E64706F696E741F00536F7596
S214044D6072636520656E64706F696E741F004C69AB
S214044D70737473207768696368206F7074696F6EE4
S214044D80616C206C6962726172696573206F66205B
S214044D9074686520737461636B2061726520696D45
S214044DA0706C656D656E746564206F6E20746869DA
S214044DB073206465766963652E005072696E747339
S214044DC020696E666F726D6174696F6E2061626FC2
S214044DD0757420746865206E6574776F726B2073C3
S214044DE0746174652C20636C7573746572732C20FF
S214044DF0616E6420656E64706F696E74732E006FE6
S214044E0066667365741F005072696E747320696EEB
S214044E10666F726D6174696F6E20666F7220616C66
S214044E206C20617661696C61626C6520736C6F746A
S214044E30732E005265616473207261772064617416
S214044E40612066726F6D20666C6173682073746F80
S214044E50726167652E004164647265737320746FB3
S214044E6020726561641F4E756D626572206F6620E0
S214044E70627974657320746F20726561641F0050D4
S214044E8072696E747320666C6173682073746F72D3
S214044E9061676520696E666F726D6174696F6E2EE8
S214044EA0004572617365732074686520737065636A
S214044EB0696669656420736C6F742049442E0053D8
S214044EC0746F7261676520736C6F74206E756D62A3
S214044ED065721F00426F6F74732074686520696D75
S214044EE061676520696E2074686520737065636900
S214044EF06669656420736C6F742049442E00434CC5
S214044F004920696E7374616E6365206578616D709F
S214044F106C650064756D6D795F696E7374005A43D1
S214044F204C20636F6D6D616E6473006261736963B8
S214044F3000676C6F62616C006D66672D636F6465F5
S214044F40007573652D6E6578742D73657175656E61
S214044F50636500782D64656661756C742D7265737F
S214044F607000746573742D726573706F6E73652D3F
S214044F706F6E00746573742D726573706F6E7365EF
S214044F802D6F6666005A434C206261736963206322
S214044F906C757374657220636F6D6D616E647300F7
S214044FA07274666400436F6D6D616E64207468612C
S214044FB0742072657365747320616C6C20617474FC
S214044FC07269627574652076616C75657320746F9A
S214044FD020666163746F72792064656661756C74AB
S214044FE02E005241494C006C6F7765722D6D6163DB
S214044FF02D7261696C2D3830322E31352E342E6385
S214045000006C69627261696C2E6100756E636C6116
S214045010696D6564006275666665722D6D616E61A4
S21404502067656D656E742E63006576656E742D71A6
S214045030756575652E63007A69676265652D75709A
S2140450407065722D6D61632E63006E6569676862B4
S2140450506F722E63006173736F63696174696F6E38
S2140450602E6300313832317300313432323100313C
S2140450703231003273003132323131320031323261
S2140450803131003238310038313100313832313183
S2140450900031323131313231323232317300313211
S2140450A03200313231313232310031313131003275
S2140450B03238006D61632D6D756C74692D6E657480
S2140450C0776F726B2E63006C65676163792D706110
S2140450D0636B65742D6275666665722E63000000E8
S2140450E0000002000000000000000000BA040000F7
S2140450F0000002000000000000000000BA040000E7
S214045100000102030E312E312E322D34343538315F
S21404511030663300010000020303010006000000AD
S214045120000003000000000013B779FAC925DDB7B4
S214045130ADF3CFE0F1B614B80102000000000000A1
S214045140FFFFFFFF01000000010000000000000058
S2140451500000000000000000000000000000000046
S2140451600000000000000000000000000000000036
S2140451700000000000000000033F1F009914030015
S214045180951403007314030041140300D1140300A0
S214045190A3140300431403002C00000002020203BD
S2140451A00000000001020000000801B45052040090
S2140451B00008015A0C52040000080040C8510400BC
S2140451C000000000000000000000FCFEFFFF0000DE
S2140451D000000000FFFF000000000000FFFF0000CA
S2140451E000000000FFFF000000000000400018065A
S2140451F0F4D200002C00B0023DBE00001700F200FE
S2140452000C7C00000C0041009E4200006400FCFE82
S214045210FFFF000000000000FFFF00000000000089
S2140452205A00F306A554FEFF2100A301A1FEFFFFCA
S2140452301100A600832700000A006100DC26000097
S21404524006003B00F820000003001500AD13000024
S214045250C800FCFEB4008B087BC0FBFF4D00E402D4
S214045260E756FFFF2C00A20183EBFFFF1A000301A1
S214045270B31A00001100A300552900000A005E00BE
S2140452805A28000006003A002122000004001800F4
S21404529073160000480604008AB903008AB903009E
S2140452A08AB903008AB903008AB903008AB90300DD
S2140452B08AB903008AB903008AB903008AB90300CD
S2140452C08AB903008AB903008AB903008AB90300BD
S2140452D08AB903008AB903008AB903008AB90300AD
S2140452E08AB903008AB903008AB903008AB903009D
S2140452F08AB903008AB903008AB903008AB903008D
S2140453008AB9030098B903008AB90300ADB903004B
S2140453108AB903008AB90300D2B903008AB9030024
S2140453208AB903008AB903008AB90300FAB90300EC
S2140453308AB903008AB903008AB903008AB903004C
S21404534012BA03008AB9030030BA03000B00000047
S2140453500B000000020000000000202000000000F7
S214045360030000008C8C3C000000000000000000DD
S21404537000000000000000581200000000000000BA
S214045380FFFFFFFFFFFFFFFFFFFFFFFF554E4B0032
S214045390474F200042544C00474F3200474F3300DB
S2140453A0474F3400474F3500474F3600474F3700C6
S2140453B0474F3800474F3900474F4100474F420098
S2140453C0474F4300474F4400474F4500474F46006A
S2140453D04A4D5000424452005550520042544D002B
S2140453E04D534D0046544C00554E4B00474F20003D
S2140453F042544C004241440046544C00465243003A
S2140454004F54410044534C0042415000555047000D
S214045410544D450046415500545A4600554E4B00DF
S21404542050494E00454D3400554E4B00485620001A
S214045430554E4B00455850004C574D00554E4B00AA
S2140454405242540044534C00454D3400554E4B00D4
S21404545041535400554E4B0056465900494E480099
S214045460554E4B004C434B0058544C004F4246009C
S214045470554E4B00485244004D454D00425553008E
S2140454805553470044424700444D41005643540098
S214045490554E4B00555020005250200041503000CD
S2140454A04150310041502000445020004445430000
S2140454B08C53040090530400E85304001C54040066
S2140454C028540400305404003C5404004C54040093
S2140454D054540400605404007054040090540400AF
S2140454E0554E4B004649420042544C004558540021
S2140454F05057520057444700205357004352530016
S2140455004653480042414400464C540042524F0021
S2140455100104010303060105010501090600060B43
S2140455200000070B050B0000000000000000000050
S2140455300400E40C0A000104100100000005000247
S21404554000000300CC570400C8570400B4570400F6
S214045550B0570400AC570400A8570400965704003C
S214045560865704006C570400645704005A57040016
S21404557058570400405704003D57040035570400AC
S214045580245704001457040002570400E856040085
S214045590E0560400D4560400D0560400CC5604004A
S2140455A0BE560400B35604009A56040081560400FE
S2140455B0255604002456040014560400EC55040032
S2140455C0E1550400E0550400CC550400000000003A
S2140455D000000000000000000000000000000000C2
S2140455E00F000000000000000000000000000000A3
S2140455F000000000000000000000000000000000A2
S2140456000000000000000000000000000000000091
S2140456100000000001000000000000000000000080
S214045620000000000F000000000000000000000062
S2140456300000000000000000000000000000000061
S2140456400000000000000000000000000000000051
S2140456500000000000000000000000000000000041
S2140456600000000000000000000000000000000031
S2140456700000000000000000000000000000000021
S2140456800000000000000000000000000000000011
S2140456900000000000000000000000000000000001
S2140456A000000000000000000000000000000000F1
S2140456B000000000000000000000000000000000E1
S2140456C000000000000000000000000000000000D1
S2140456D000000000FFFFFFFFFFFFFFFFFFFF0000CB
S2140456E000000000000000000000000000000000B1
S2140456F000000000000000000000000000000000A1
S2140457000000000000000000000000000000000090
S2140457100000000000000000000000000000000080
S2140457200000000000000000000000000000000070
S2140457300000000000FFFFFFFFFFFFFFFF9C0000CC
S214045740FF00000000000000000000000000000051
S21404575000000000800000000000FFFFFFFFFFFFC6
S214045760FFFFFFFF00000000FFFF00000000000036
S2140457700000000000000000000000000000000020
S214045780000000000000FFFFFF0000000000000013
S2140457900000000000000000000000000000000000
S2140457A000000000000000000000000000000000F0
S2140457B000000000000000000000000000000000E0
S2140457C0000000000000000000000000FC030101CF
S2140457D001010101010101010101010101000000B3
S2140457E0000000010020000000000001010000206D
S2140457F002041104040211101A080A0218010811FE
S21404580010111A080A04020D0B19195C0110280B52
S214045810011400000000000000000000000000006A
S2140458200001010101010100010101010101010062
S2140458300001010100010001010000000000000059
S214045840000000000000000000010000000000004E
S214045850000000000000000001FF010023E1010039
S21404586075E4010063E2010063E5010062E1010002
S21404587079EB010064EE010024E1010025E101005A
S21404588026E1010027E1010028E1010029E10100E9
S2140458902AE101000000010080000100000101006F
S2140458A080010100000201008002010020E20100E4
S2140458B00003010000050100800501000006010048
S2140458C02C890100800601000007010001E50100A3
S2140458D002E5010000080100800801000040010004
S2140458E086321010FFFFFFFFFFFFFFFFBEC203005C
S2140458F0C4C20300CAC20300D0C20300D6C2030057
S214045900567777777777777777777777777777773F
S2140459105A6967426565416C6C69616E63653039C6
S2140459205A6967426565416C6C69616E63653039B6
S2140459304E574B205374656572696E6700009596E2
S2140459409595950507090D00000000000001020367
S214045950040600003CDB0300D7EE0300F1EE030070
S21404596008EF03001BEF03002BEF03003FEF0300D9
S21404597051EF030061EF03007DEF030092EF030095
S2140459800208010D0D01010112010000FFFFFFFFD7
S214045990FFFFFFFF000000000000000001090501F2
S2140459A000020000000000031EF1EE0BBC590400C8
S2140459B0D3FB030048060400FE000000EFFB0300D0
S2140459C01C5B040000000000F9FB03000C5B0400F1
S2140459D00000000006FC0300FC5A0400000000005F
S2140459E013FC0300EC5A04000000000031FC030022
S2140459F0D85A04000000000029FC0300C45A04001E
S214045A000000000030FC0300B05A04000000000050
S214045A103EFC0300A05A040000000000B0FA030095
S214045A208C5A04000000000037FC03007C5A040073
S214045A300000000043FC0300685A04000000000055
S214045A40EFC00300585A04000000000000000000E5
S214045A500000000000000000872C030054FC030034
S214045A6091FC0300010100FFD5EF0000BAFC03001F
S214045A70FFFC0300010100010107FF0091EF000095
S214045A804CFD0300B7FD0300010100FFD1EE00004A
S214045A90D8FD0300F1FD030000010100FF00000033
S214045AA0992C030016FE03006EFE03000101FF009E
S214045AB0812C030085FE0300DCFE030001010207BF
S214045AC0FF0000007B2C030085FE0300DCFE0300C1
S214045AD001010207FF000000752C030085FE030089
S214045AE0DCFE030001010207FF00000085EE000053
S214045AF0FDFE03003CFF0300010101FF25EE00004C
S214045B005BFF0300A0FF0300010000FFE1ED0000BF
S214045B105BFF0300A0FF0300010000FF69EE000026
S214045B20C7FF0300CDFD030000FF00006F2C030039
S214045B301C000400E82A0400FF000000692C03008F
S214045B408F000400E82A0400FF000000C1ED0000F6
S214045B50FE0004007301040000FF000099ED00003D
S214045B608B010400ED01040000FF00005B2C030021
S214045B70FE0104004402040002FF000061ED000080
S214045B804D020400C102040001FF000000000000F2
S214045B90C105040011000000CD0504001200000039
S214045BA0D505040013000000DD05040021000000F4
S214045BB0E505040022000000EC05040023000000B4
S214045BC0F3050400AA000000FA050400FF00000024
S214045BD000000000FFFFFFFFFFFFFFFF00000000C4
S214045BE000000000000001080109020A030B040C6F
S214045BF0050D060E070F081001180119021A031BDB
S214045C00041C051D061E071F08200121022203236B
S214045C10042405250626072708280129022A032B1B
S214045C20042C052D062E072F0830013102320338C6
S214045C300239043A08E004E104E204E802E902EA6C
S214045C4004F008F110000000000000000405000045
S214045C50B05C040002000F00D85C040002000F00D1
S214045C60005D040002000F00285D040002000F001F
S214045C70505D040002000F00785D040002000F006F
S214045C80A05D040002000F00C85D040002000F00BF
S214045C90F05D040002000F00185E040002000F000E
S214045CA0405E040002000F00685E040002000F005D
S214045CB000000000905E04000300000040000000A6
S214045CC00000000019000000B45E040004000F0089
S214045CD0800000000000000000000000905E040049
S214045CE0030000004000000000000000190000004F
S214045CF0B45E040004000F008000000000000000F2
S214045D0000000000905E0400030000004000000055
S214045D100000000019000000B45E040004000F0038
S214045D20800000000000000000000000905E0400F8
S214045D3003000000400000000000000019000000FE
S214045D40B45E040004000F008000000000000000A1
S214045D5000000000905E0400030000004000000005
S214045D600000000019000000B45E040004000F00E8
S214045D70800000000000000000000000905E0400A8
S214045D8003000000400000000000000019000000AE
S214045D90B45E040004000F00800000000000000051
S214045DA000000000905E04000300000040000000B5
S214045DB00000000019000000B45E040004000F0098
S214045DC0800000000000000000000000905E040058
S214045DD0030000004000000000000000190000005E
S214045DE0B45E040004000F00800000000000000001
S214045DF000000000905E0400030000004000000065
S214045E000000000019000000B45E040004000F0047
S214045E10800000000000000000000000905E040007
S214045E20030000004000000000000000190000000D
S214045E30B45E040004000F008000000000000000B0
S214045E4000000000905E0400030000004000000014
S214045E500000000019000000B45E040004000F00F7
S214045E60800000000000000000000000905E0400B7
S214045E7003000000400000000000000019000000BD
S214045E80B45E040004000F00800000000000000060
S214045E900000200120000000080000000400422149
S214045EA030000000285F040000FF420030000000BD
S214045EB0000000000000F00840000000495F0400F5
S214045EC00100230440000000515F04000600300176
S214045ED04000000000000000FDFF2102400000001A
S214045EE00100000019000004190001011900020451
S214045EF01900030119000504190006011900070416
S214045F00040041003D100100060041008F340300E8
S214045F10190081002D2D010019008400B9370100F5
S214045F20008000000000000006435553544F4D0007
S214045F300000000000000000000000000000000058
S214045F40000000000000000000FFFFFFFFFFFFFF4F
S214045F50FFFFFFFFFF000401040104010401040124
S214045F600401040104010401040104010401FFFF07
S214045F70FFFFFFFFFFFFFFFFFFFFFFFFFFFFFFFF28
S214045F80FFFFFFFFFFFF00010203040506070809E1
S214045F900A0B1F1C1F1E1F1E1F1F1E1F1E1F07026D
S214045FA01F012F0037013F005701DF02E700FF0201
S214045FB000000000000000000000000000000000D8
S214045FC000000000000000000000000000000000C8
S214045FD000000000600C040019000000660C0400B9
S214045FE0FFFF000000000000310D04003C0D04001B
S214045FF048060400440D0400520D0400480604003C
S214046000650D0400700D04007E0D0400820D04006E
S214046010920D040044DC0300A20D0400A60D040047
S214046020B10D0400BB0D0400C50D0400C90D040029
S214046030D70D0400EB0D0400010E040000800000E0
S214046040000000000000000000000000FFFFFFFF4B
S214046050FF0000000000000091BB010000000000EB
S214046060000000000000F03F000000000000244094
S21404607000000000000059400000000000408F406F
S214046080000000000088C34000000000006AF840DA
S2140460900000000080842E4100000000D0126341FE
S2140460A00000000084D797410000000065CDCD4174
S2140460B0BDDF03001C77040000000000271704005F
S2140460C00C770400000000002C170400FC76040083
S2140460D0000000002D170400EC7604000000000009
S2140460E03EFC0300D87604000000000031FC0300E8
S2140460F0C47604000000000032170400B4760400DE
S2140461000000000038170400A47604000000000015
S2140461103C17040094760400000000004B170400AB
S21404612084760400000000006817040074760400F7
S21404613000000000711704006476040000000000EC
S2140461408617040054760400000000007FED030068
S2140461504476040000000000961704000476040049
S214046160000000009C1B0400606D0400000000009A
S214046170490B0400206D0400000000009D17040075
S214046180606C040000000000A6170400646B0400A2
S21404619000000000B31704000C67040000000000B1
S2140461A0CF0D0400E465040000000000BA170400E4
S2140461B0E465040001000000BE170400A4650400A2
S2140461C000000000C3170400686404000000000018
S2140461D07CBA03006864040001000000B3170400DE
S2140461E00C67040000000000CA1704000C670400D3
S2140461F001000000CF17040034640400000000000F
S214046200D91704003464040001000000E1170400F8
S2140462106462040000000000F4C10300306204005D
S2140462200000000000000000000000000000000065
S21404623040620400E517040048060400FE0000005F
S214046240FD170400086E040000000000711C040022
S214046250F86D0400000000000000000000000000CC
S21404626000000000746204000218040048060400DB
S214046270FE00000018180400886F040000000000E8
S2140462801E180400786F04000000000024180400A0
S214046290686F0400000000002D180400586F040006
S2140462A0000000002EBF0300486F0400000000003A
S2140462B038BD0300106F04000000000046C603004B
S2140462C0FC6E04000000000037180400EC6E0400A6
S2140462D00000000033C20300DC6E0400000000006F
S2140462E03C180400CC6E04000000000043180400B0
S2140462F0BC6E040000000000DFD00300AC6E040097
S21404630000000000481804000064040000000000B8
S2140463104F180400A8630400000000005718040087
S2140463207463040000000000631804004063040063
S2140463300000000000000000000000000000000054
S214046340506304006E18040048060400FE000000B3
S214046350B8D60300286E04000000000016F80300F8
S214046360186E04000000000000000000000000009A
S21404637000000000846304008F180400480604002C
S214046380FE000000B8D60300486E040000000000BB
S21404639016F80300386E0400000000000000000039
S2140463A00000000000000000B8630400B1180400F8
S2140463B048060400FE000000CF180400986E04008F
S2140463C000000000C01D0400886E040000000000E9
S2140463D0DE180400786E040000000000E3180400D1
S2140463E0686E040000000000EA180400586E0400FA
S2140463F00000000000000000000000000000000094
S21404640010640400EF18040048060400FE000000B0
S2140464107AD60300346F0400000000000C19040050
S214046420206F0400000000000000000000000000D0
S2140464300000000044640400141904004806040024
S214046440FE00000030190400C86F040000000000BD
S214046450CF0D0400B86F0400000000000000000028
S21404646000000000000000007864040035190400F1
S21404647048060400FE0000004E190400787004006C
S214046480000000003BD30300687004000000000016
S2140464905719040058700400000000003019040066
S2140464A0A86F0400000000005C190400986F040044
S2140464B00000000069190400646504000000000080
S2140464C077190400306504000000000085190400F4
S2140464D0F0640400000000009D170400606C0400D3
S2140464E000000000000000000000000000000000A3
S2140464F0006504008E19040048060400FE0000002F
S214046500704F04004870040000000000814F04002F
S21404651038700400000000006CE7030028700400D4
S2140465200000000000000000000000000000000062
S21404653040650400AC19040048060400FE00000090
S214046540D6190400987004000000000057080400E0
S2140465508870040000000000000000000000000036
S2140465600000000074650400DD19040048060400F9
S214046570FE000000F4C10300CC700400000000001C
S21404658016F80300BC70040000000000C01D0400E0
S214046590A8700400000000000000000000000000D6
S2140465A000000000B4650400FD1904004806040059
S2140465B0FE000000F4C10300FC70040000000000AC
S2140465C01D1A0400EC7004000000000016F8030016
S2140465D0DC70040000000000000000000000000062
S2140465E000000000F4650400241A040048060400B1
S2140465F0FE0000003E1A0400307204000000000092
S21404660006D803002072040000000000711A04007B
S21404661010720400000000002EBF03000072040085
S214046620000000003FBF0300F071040000000000FB
S214046630431A0400E0710400000000005B1A040022
S214046640D071040000000000641A0400C071040045
S214046650000000006B1A0400B07104000000000083
S214046660771A04008071040000000000C01D0400B6
S2140466707071040000000000861A040060710400B3
S214046680000000002BE80300507104000000000026
S2140466908B1A04004071040000000000A21A0400D3
S2140466A03071040000000000B61A04001C710400D7
S2140466B000000000C61A04000C710400000000006C
S2140466C0D51A0400D866040000000000000000008C
S2140466D00000000000000000E8660400DA1A040067
S2140466E048060400FE000000F11A0400A07104002D
S2140466F000000000FA1A0400907104000000000074
S2140467000000000000000000000000001C670400F9
S2140467104806040048060400FE000000011B0400AE
S214046720A06D0400000000000E1B0400E46B0400CF
S21404673000000000171B0400246B04000000000087
S2140467402A1B0400F06A040000000000381B040042
S214046750BC6A040000000000461B0400886A0400AB
S21404676000000000541B0400F06904000000000050
S214046770651B0400C869040000000000721B0400C6
S21404678028690400000000007D1B0400D068040093
S21404679000000000901B0400A8680400000000002D
S2140467A022FB03004468040000000000A31B04004E
S2140467B00468040000000000AE1B0400D067040058
S2140467C000000000000000000000000000000000C0
S2140467D0E0670400C11B040048060400FE00000035
S2140467E0E51B04005072040000000000EB1B0400CC
S2140467F040720400000000000000000000000000DA
S2140468000000000014680400EF1B0400480604009F
S214046810FE00000028D80300807204000000000078
S214046820211C040070720400000000002D1C0400EB
S2140468306072040000000000000000000000000079
S2140468400000000054680400431C040048060400CA
S214046850FE000000F4C10300E4720400000000001F
S21404686016F80300D4720400000000001CF80300AD
S214046870C472040000000000B8D60300B07204001E
S214046880000000005F1C0400A0720400000000006A
S214046890761C040090720400000000000000000053
S2140468A00000000000000000B8680400821C040019
S2140468B048060400FE000000A71C0400F47204004E
S2140468C000000000000000000000000000000000BF
S2140468D0E0680400AC1C040048060400FE00000047
S2140468E0D01C040044730400000000001D1A0400B9
S2140468F03473040000000000DC1C0400247304004D
S21404690000000000E31C04001473040000000000F0
S214046910F01C0400047304000000000000000000E3
S214046920000000000000000038690400FB1C04009E
S21404693048060400FE000000691B0400F47304000B
S21404694000000000181D0400E473040000000000AA
S214046950BDDF0300D473040000000000EBEE030068
S214046960C473040000000000D01A0400B4730400CA
S2140469700000000028D80300A473040000000000F0
S2140469801F1D040094730400000000002A1D040068
S2140469908473040000000000371D040074730400B0
S2140469A000000000471D040064730400000000009B
S2140469B05A1D040054730400000000000000000088
S2140469C00000000000000000D86904006C1D0400EC
S2140469D048060400FE000000BDDF03000474040043
S2140469E0000000000000000000000000000000009E
S2140469F0006A04008A1D040048060400FE00000025
S214046A0028D803007474040000000000EBEE0300B2
S214046A106474040000000000D01A040054740400D7
S214046A2000000000AD1D04004474040000000000D3
S214046A30D9180400486A04000000000000000000A2
S214046A400000000000000000586A0400C41D040092
S214046A5048060400FE000000C01D04003474040050
S214046A6000000000B8D603002474040000000000F0
S214046A70DA1D040014740400000000000000000086
S214046A800000000000000000986A0400E31D0400F3
S214046A9048060400FE000000F4C1030094740400D9
S214046AA00000000016F803008474040000000000D0
S214046AB0000000000000000000000000CC6A040093
S214046AC0031E040048060400FE000000231E040003
S214046AD0B474040000000000361E0400A47404000D
S214046AE0000000000000000000000000000000009D
S214046AF0006B04004C1E040048060400FE00000060
S214046B006C1E0400D4740400000000003BD3030091
S214046B10C474040000000000000000000000000030
S214046B2000000000346B0400761E040048060400CF
S214046B30FE00000028D803000475040000000000CE
S214046B409B1E0400F474040000000000B31E04003E
S214046B50E4740400000000000000000000000000D0
S214046B6000000000746B0400480604004806040095
S214046B70FE000000C41E04008C6B0400000000002D
S214046B800000000000000000000000009C6B0400F1
S214046B904806040048060400FE000000D01E040058
S214046BA05475040000000000C00D04004475040081
S214046BB000000000D61E0400347504000000000027
S214046BC0DA1E04002475040000000000DE1E040023
S214046BD0147504000000000000000000000000001F
S214046BE000000000F46B0400EE1E040048060400D7
S214046BF0FE000000F4C10300D47504000000000089
S214046C00091F0400C4750400000000001C1F0400D3
S214046C10B47504000000000016F80300A475040010
S214046C2000000000291F0400947504000000000002
S214046C303A1F04008475040000000000481F040086
S214046C407475040000000000591F040064750400F5
S214046C50000000000000000000000000000000002B
S214046C60706C0400661F040048060400FE00000062
S214046C70801F0400F86F040000000000B31F040027
S214046C80E86F040000000000EE1F0400D86F040044
S214046C900000000005200400EC6C04000000000066
S214046CA00F200400B86C0400000000000000000080
S214046CB00000000000000000C86C0400132004005C
S214046CC048060400FE000000704F0400187004001C
S214046CD000000000814F040008700400000000005B
S214046CE0000000000000000000000000FC6C04002F
S214046CF03220040048060400FE00000053D30300BC
S214046D00F475040000000000C01D0400E4750400CF
S214046D10000000000000000000000000000000006A
S214046D20306D04004520040048060400FE00000000
S214046D30F4C103003476040000000000D6190400F1
S214046D4024760400000000005708040014760400AB
S214046D50000000000000000000000000000000002A
S214046D60706D04006020040048060400FE00000065
S214046D70F01C04004C7704000000000028D8030030
S214046D803C77040000000000BDDF03002C770400FD
S214046D9000000000000000000000000000000000EA
S214046DA0B06D04008020040048060400FE000000C5
S214046DB09E2004009C77040000000000A820040025
S214046DC08C77040000000000B32004007C770400E5
S214046DD0000000003EFC03006C7704000000000086
S214046DE0C22004005C7704000000000000000000DD
S214046DF000000000000000004D2C0300CD2004001D
S214046E0048060400FF000000492C0300DA200400B2
S214046E1048060400FF000000D5F40000EC2004003F
S214046E2048060400FF00000071F400001921040065
S214046E30E128040001FF0000D5F4000059210400F5
S214046E4048060400FF00000071F4000087210400D7
S214046E50E128040001FF000009F50000C821040031
S214046E60E921040000FF000009F50000F2210400F7
S214046E704F2204000000FF0085F500005D22040098
S214046E8076220400010001FFF1F500009B220400B5
S214046E90DD2204000102FF0085F50000F322040051
S214046EA02223040001000102FF00000001F3000099
S214046EB0532304008F23040007FF000021F300007F
S214046EC095230400C823040001FF000035F30000E6
S214046ED0D0230400202404000100FF0091F30000E6
S214046EE035240400862404000101FF0065F3000035
S214046EF096240400D024040001FF0000E5F30000FB
S214046F00D824040021250400010000010707FF001F
S214046F1021F6000073250400C823040001FF0000C6
S214046F2021F70000BB250400FF250400010700012B
S214046F300700FF00AB2C0300542604009A26040026
S214046F400107000101FF0000A9F60000D626040090
S214046F5011270400010000FF79F600002F27040023
S214046F60732704000100FF0049F60000862704008A
S214046F70732704000100FF00F1F60000C527040093
S214046F80D024040001FF000061F70000002804007C
S214046F90312804000100FF0091E0000048060400C8
S214046FA03F280400000707FF35E0000048060400F9
S214046FB058280400000707FF41E5000048060400BF
S214046FC06428040007FF000041E5000048060400AA
S214046FD06428040007FF0000FD2B03004806040095
S214046FE0692804000000FF001DE5000048060400B0
S214046FF052FF030001FF0000E5E400004806040019
S214047000A128040000FF000015E000004806040064
S21404701048060400FF00000015E0000048060400CF
S21404702048060400FF000000D32B030048060400B3
S21404703048060400FF000000D32B030048060400A3
S21404704048060400FF000000D32B03004806040093
S21404705048060400FF000000E5DF000048060400C0
S214047060D72804000101FF00D1DF00004806040011
S214047070EC28040001FF0000CF2B030048060400A0
S21404708048060400FF00000099DF0000B41904005D
S21404709048060400FF00000099DF0000F6280400FC
S2140470A048060400FF00000019E100001729040048
S2140470B02E2904000001000007FF0000CB2B03006C
S2140470C05429040048060400FF00000095DE000072
S2140470D06E29040048060400FF000000452C030047
S2140470E09C29040048060400FF000000372C030017
S2140470F0B62904003828040000FF000015E8000044
S214047100DB29040048060400FF00000069DD0000D7
S214047110F529040048060400FF000000FDDC00001A
S214047120182A0400952A040000000310FF0000003B
S214047130D9DD0000EA2A0400582B040001FF0000F1
S214047140ADDD00006D2B0400B02B040000FF000032
S214047150C1DC0000C12B040048060400FF00000048
S214047160C92B0300F02B040048060400FF000000AF
S2140471709DDC00003C2C04003828040000FF0000BE
S21404718069DC00007D2D0400D22D040000FF000001
S2140471904DDC0000EC2D040048060400FF0000004F
S2140471A031DC0000FC2D040048060400FF0000004B
S2140471B0B92B0300102E04008E2E040000FF0000DE
S2140471C001DC0000192F040048060400FF0000003C
S2140471D0BDDB0000362F0400612F040007FF00000B
S2140471E07DDB00006B2F0400C42F0400000500FFA5
S2140471F035DB0000773004008A3004000002FF000C
S21404720011DB0000B930040048060400FF0000004B
S214047210B92B0300CB3004000531040000FF000046
S214047220A5DA00008B310400D1310400000301FF0D
S21404723095DA000071320400B7320400000301FF3F
S214047240315601005733040048060400FF000000CE
S214047250513803007F330400FA33040002FF0000B1
S21404726041FB00004F340400E82A040000FF00003D
S2140472700DFB000077340400E82A040000FF000039
S214047280BDFA00009034040048060400FF00000025
S2140472903D480100A934040048060400FF0000002D
S2140472A015480100F634040048060400FF000000F8
S2140472B0A147010021350400473504000001010000
S2140472C0010102FF79470100C6360400EE360400C9
S2140472D000FF000059470100153704004806040063
S2140472E0FF000000A14601003F37040048060400E2
S2140472F0FF00000023370300583704004806040044
S214047300FF000000713B01007E370400AF37040025
S2140473100002FF00853503000C380400480604000C
S214047320FF000000813503003938040048060400D5
S214047330FF000000253B0100543804007E3804009A
S21404734000FF0000E5380100AE38040048060400DB
S214047350FF00000061240100C13804004806040050
S214047360FF00000049240100D93804004806040040
S214047370FF000000FD340300F23804004806040051
S214047380FF000000E93403001F39040099390400A3
S21404739000FF0000F1370100D83904004806040055
S2140473A0FF000000E1360100503A040048060400DD
S2140473B0FF00000005230100943A04004806040078
S2140473C0FF000000E9220100B13A04004806040068
S2140473D0FF000000612301005C3B04004806040033
S2140473E0FF00000055230100EA3B04002F3C040084
S2140473F000FF000021230100663C0400B73C0400A3
S21404740000FF00004D210100EA3C04004806040089
S214047410FF000000E5150100163D04007F3D040052
S2140474200000FF00E5150100D43D0400363E0400CC
S2140474300000FF00851601007B3E0400AE3E0400FB
S2140474400002FF0057340300033F0400513F0400CA
S21404745007FF0000B91701006D3F0400480604004A
S214047460FF000000CD150100913F0400B63F040064
S21404747000FF0000D91601000F400400480604006F
S214047480FF0000009D0F01004C4004004806040065
S214047490FF000000650F0100764004004806040063
S2140474A0FF0000002F330300B14004002041040015
S2140474B000FF0000C108010071410400F04104000F
S2140474C000FF000021330300364204008842040013
S2140474D000FF000001330300CF4204001C430400F5
S2140474E000FF000089010100664304009C43040079
S2140474F003FF0000C1010100D74304001D4404003B
S21404750003FF0000710001007344040048060400F1
S214047510FF0000008D320300A3440400E14404008D
S21404752000FF000087320300F1440400E144040035
S21404753000FF00008132030018450400E144040003
S21404754000FF00007B3203003F450400E1440400D2
S21404755000FF00007532030067450400E1440400A0
S21404756000FF000051320300904504004806040062
S214047570FF00000057320300B2450400480604002A
S214047580FF000000C1FD0000DA45040013460400B5
S2140475900001FF00EDFD0000344604004806040028
S2140475A0FF000000533203005F4604004806040050
S2140475B0FF000000A9FD00007A4604004806040007
S2140475C0FF00000065FD000095460400C246040066
S2140475D000FF00004DFD0000DD46040048060400E0
S2140475E0FF00000095E50000084704004806040074
S2140475F0FF00000095E500002F470400480604003D
S214047600FF00000085DA0000404704004806040036
S214047610FF00000051DA0000554704007C470400D0
S21404762000FF000051DA00008C4704007C47040089
S21404763000FF0000E9D90000B34704004806040030
S214047640FF000000B12B0300CE47040048060400E8
S214047650FF00000045D60000F14704005B48040024
S21404766000FF000025D600007E48040048060400FB
S214047670FF0000000DF20000E4490400714A040013
S214047680010000FFF1F000008E4A0400E24A040004
S21404769000FF000025F10000F74A0400494B0400EF
S2140476A00100FF0091F000005F4B04004C4C040006
S2140476B00107FF00B52B03005C4C040048060400D9
S2140476C0FF000000F1E900006D4C04007F4C04004C
S2140476D0000101000007FF00E9E80000BA4C0400BE
S2140476E0CB4C040000010100FF00000025F100005F
S2140476F01A4D04002B4D0400010000FF61E8000051
S2140477001A4D04005D4D040000FF0000D1880100FE
S2140477106E4D040048060400FF00000079D6000001
S214047720BA4D040048060400FF000000AD580300EC
S2140477304806040048060400FF000000999601006D
S2140477404806040048060400FF0000005D96010099
S21404775048060400FF4D040002FF0000099E0100D5
S214047760074E040048060400FF000000959D010033
S214047770334E0400564E04000200FF002F59030047
S2140477807F4E040048060400FF000000719D0100BF
S214047790A14E0400BF4E040002FF0000499D0100F4
S2140477A0D44E0400BF4E040002FF00000100000097
S2140477B0AC4D00200000000000000000FFFF0000A9
S2140477C0313203000000000003000000FFFF010048
S2140477D00F3303000000000004000000FFFF010058
S2140477E09D3303000000000004000000FFFF0000BB
S2140477F0213403000000000006000000FFFF000024
S214047800933403000000000019000000FFFF01008D
S21404781029350300DA1E0400046900200000000075
S2140478200000000000000000000000002B4F0400D1
S2140478309878040000000000314F0400AC5904009E
S21404784000000000384F04007C5B040000000000C9
S214047850711C04006C5B040000000000414F04002F
S2140478605C5B040000000000534F04004C5B040003
S21404787000000000624F04003C5B040000000000AF
S214047880734F04002C5B040000000000000000009E
S2140478900000000000000000A8780400854F0400E3
S2140478A048060400FE000000A04F0400C078040050
S2140478B000000000000000000000000000000000BF
S2140478C0415D0300A54F040048060400FF030100C1
S2140478D001013F040201003F040202003D040202CB
S2140478E0003D0401020001020003010002023D04FF
S2140478F00201000202020100020200000020202011
S2140479002020202020202828282828202020202046
S2140479102020202020202020202020202088101016
S2140479201010101010101010101010101004040472
S2140479300404040404040410101010101010414130
S214047940414141410101010101010101010101011E
S2140479500101010101010101101010101010424232
S21404796042424242020202020202020202020202EE
S214047970020202020202020210101010200000008E
S21404798000000000000000000000000000000000EE
S21404799000000000000000000000000000000000DE
S2140479A000000000000000000000000000000000CE
S2140479B000000000000000000000000000000000BE
S2140479C000000000000000000000000000000000AE
S2140479D0000000000000000000000000000000009E
S2140479E0000000000000000000000000000000008E
S2140479F0000000000000000000000000000000007E
S214047A0000000000A0010000F01300200002100097
S214047A1048520020901500200000020800000000D4
S214047A20FFFFFFFFFFFFFFFFFFFFFFFF0000000059
S214047A30000000000000000000000000000000003D
S214047A400000000020000000E1C901001000000052
S214047A50C1CA01000000000100000101000101018B
S214047A6020C001B80000000000000000FFFFFFFF78
S214047A70FFFFFFFFFFFFFFFFFFFFFFFFFFFFFFFF0D
S214047A80FFFFFFFFFFFFFFFFFFFFFFFF00010202F4
S214047A900303040506080C0C0C0001020304070784
S214047AA0C8C8C8C8C8C8C8C8C8C8C8C8030404085A
S214047AB00808080800B801B802B800B0A096040088
S214047AC0889604000304040808050000000000006B
S214047AD0000000000000000000000000EA060000AD
S214047AE048704C0F44700E0E30707E1302989A172E
S214047AF03870340F34705A0F307048102C70481099
S214047B002870D0112470E81120703E0F1C7090125B
S214047B1018700C1314703A0FB110086001D80A716B
S214047B2004B87F78020C7E78641000C6881F00A014
S214047B301DB8707803B018600F3027B30F330111E7
S214047B40C04806987C0229B0086001D8087109DD8F
S214047B50047109BB11101660A048086004100112D5
S214047B60FF3221500860D048086000880698381410
S214047B7000C4441F00A000BA03DF107109DF0672B8
S214047B80029836031DB8507800A0441328144115F3
S214047B908110086002D8147110880698201900C055
S214047BA014C000B80698861B0091069892020160DD
S214047BB0B83020D806711EBC637C784D5412F0325F
S214047BC040DE0472404804DB08720DDD0C72044B80
S214047BD0EF3014480698F20400C4E04000544412FF
S214047BE0086201322140087C811140D91C72B1120E
S214047BF03032CF4A013AB1DA107208D8067104D886
S214047C000871804C237C5670684C441200C4A41E31
S214047C1000A04414413AF3240164415C412A0475EB
S214047C2080B800C46040005481D8367140D90472CC
S214047C30237C084B0698F20404BA1CB9767900C172
S214047C40204001B835797F216121007906B906A95B
S214047C5001D8067102981002804C307C02986402A7
S214047C6008D86A7100C1544000B8141110D95E7166
S214047C70584C441280BDA26DFF25784C4412FC2259
S214047C80513A2814104C00C20CC101B8241228140E
S214047C90086228140862281408622814304C304CF1
S214047CA000C11C4000B814111814086100C528400F
S214047CB001B85415FF35047110491814B04C441219
S214047CC008620132067102980401804C08D80C71CF
S214047CD007BA24D8047106BA187004D80C7101BA0D
S214047CE040D80E7102BA0A7005BA20D8047203BAD4
S214047CF0204C4411C04C18140861181491113831E2
S214047D0011429111186110D90472EF3200C1084073
S214047D1001B8141110311E6111422814A111086112
S214047D20181406986C1B181400C1084001B81411E6
S214047D301861FF31181400C1448001B814111814D6
S214047D40086118143088024806989403009308DBE8
S214047D50047101F800A027B00F3000A01088B111FC
S214047D60186180D90A7100C1884000B808110091D2
S214047D7000A000C4684000B8441000A000C08840BA
S214047D80005004118261041082601050F07200A04A
S214047D90541550451271069802050698920407B8C1
S214047DA0707802B841781EBA5B7A5C7A5D7A00C253
S214047DB020C001B8241206982A1900C5481F00A03E
S214047DC05415511400C3FF010000313D09647F348B
S214047DD006989C02015851280475015841280E75CE
S214047DE08111086102D90472FF0FCC7007B872784B
S214047DF000F8EBBD00C0441F00A00411113D10D9CB
S214047E001271FF33186300C1781002B8381107B92D
S214047E107479581000A0069892020D300472044833
S214047E2009DC0472084800C11CC101B8141100C35F
S214047E30D01E00A0911504351A7218131CBB08D85E
S214047E4004716C7B04D804716A7B1DBB2F7C5B7B3E
S214047E501670044B18131CBB08D804716F7B04D827
S214047E6004716D7B217C0C30026006987E040698B3
S214047E70C40B00B8B111186140D9067202985804B0
S214047E8001BC00C2084001B800DC0A712415026572
S214047E90604A0A702C4A241508654C4A043508D9E9
S214047EA00471202400C13C1F00A0141200DC3271AF
S214047EB020D8067101B80C70F0DA0C720CDB08716D
S214047EC002B806988604482400C3384101B834131F
S214047ED08F7B0E7102B9911308DB047203B9287004
S214047EE07C4914111110FD300DDC1C7200C0A01E5C
S214047EF000A0041080D8107100C0448001B804109B
S214047F00E5200475804900C3884000B8FFB8012006
S214047F1011410871014118130824014200C1284088
S214047F2000B8141101411C655141911520351E6598
S214047F30514118132813481300C3844000B8341062
S214047F4003D81671073005DC1071B1108F780A72E9
S214047F5000C384C40350217B1DB8507800B800C108
S214047F603C1F00A014121C602150F030015228114E
S214047F7000A04024076400C0FFFF0100013C17B0C6
S214047F80022001584028067518AC01EC00A0208891
S214047F9000C020C001B8041217B4211304123052D2
S214047FA0F8711964402400C35C1F00A03410141137
S214047FB00698F60D1961009211592129067600BB20
S214047FC011590698D60D8762313B0472215A412A0C
S214047FD000A000C2686000B8B8B91F610D49181245
S214047FE000A0308801B9116100C30000C0FF311041
S214047FF0312800BC002D0C75115418AC01EC312D41
S214048000F470196451134155312C009300A000C339
S214048010C00FFEFF50B2313A014250AA00A00698A3
S2140480203E07FFB0867808715CB86B786E7800C23D
S214048030548001B800C0D81F00A004100812B8224B
S214048040217A237A52B8417801B80C6021A809B87D
S21404805019604CA800C0FFD1C1FF4FB2013A00C05E
S214048060002E300001424FAA24B86E78ACB9FFB097
S21404807004D804714CB923A90698A80500C0139027
S214048080010006982E0500A00698020519B814608B
S214048090FFB28C620F32826A214006982E0549BCD4
S2140480A021B952B849B207DE2A7105DE0871627C2E
S2140480B0607C1D0C6179677864786B786278657883
S2140480C063786078617C010C010C6878020C69782E
S2140480D06C78020C00C22C8001B8277A287A267A9B
S2140480E06A78050C41790A0CB11040D806710298DA
S2140480F0BA06784A2B7A327A584A247A00C400019F
S2140481001100404A00C0108400000812508800C5C0
S21404811084100100FBAD10BD01BB8A6B21B9FAA91E
S214048120C44A1812217A227A00C0341F00A0041010
S214048130FCA88264411030300129F9A9F8ADFBB0DF
S2140481408260FBA80330A0652110044820EC237A43
S2140481500410037A184A2411DC4A01580029241012
S21404816004753150F8B1115081632A715140314081
S2140481700812FCB18461FCA90F310E7117B01128E6
S21404818017B111591028FA76C44AF9B11812217A8F
S214048190227AA07000950812F8A800C20C8001B8D4
S2140481A0207A844A00B80812020CA44A087A020C00
S2140481B021B84178784A0B7A127A00C2C81F00A008
S2140481C0FFB008D80472184A241000DC0A7140A8CC
S2140481D00422241041A806989C0200C2481F00A04E
S2140481E02410015100C4FF01000041391150081247
S2140481F000A006983E0700BC00C20C8001B8217A95
S21404820052B84978020C4878020C49B8417852AC06
S21404821021AC204A087A067A077A49AC00A059B8F5
S21404822040785AB101D9FC72427857B8407858B1B0
S21404823001D9FC72427800A000C20C8001B8217AF1
S214048240227A21B8547852B8BC4A2411997912710A
S21404825007B915614CA9617800BB03BC0C641470A3
S21404826009B919614CA9417801BB126300C4002EF8
S214048270300000C0FFD1C1FF4FB1013941414FA9C1
S214048280E44AC8B8081224AB4CB823A80698A80534
S21404829000C004900100FFB186790471084806986E
S2140482A02E0500C08009004040A809B8FFB108D9CF
S2140482B0047103B853A8B11004D80C7156BB607B84
S2140482C057BA627A607A02D80C7156BB607B59BA88
S2140482D0627A607A04B86E783DB8607800C0563822
S2140482E0000000C1B08001B814119979087200C06A
S2140482F0D604000000C124C000B814119F7904728B
S21404830008484CA82EB8FFB108D906714AA80470CC
S2140483104BA80FB834A800C00C5E000046B2014259
S21404832046AA00C12C4001B8141108610631087130
S21404833000B90698501106983E14B11101D90E7171
S2140483400698921B02D906720698A00C0698381452
S21404835051140698920406982A110698641700A0E9
S21404836006984E1701D80A711CB85B7807B875785A
S21404837000B84CA84AA84BA800C0F321FFFF46B19A
S214048380013946A904B86F7800A0FABC1964415CA8
S214048390512C00C0581F00A00410012C0675069826
S2140483A092040698780FB110186005D8327140BA56
S2140483B006980E1404B86578911004D816711CB883
S2140483C06E7800C0684000B821780698781101409D
S2140483D00A721DB8427806984A1402985E0B1DB8B5
S2140483E0717804B86C7841B8427863784478FFB101
S2140483F004D906720298CA0900C004900100FFB1AD
S21404840086790471084806982E0500C32C1F00A020
S21404841000C274C000B82414481300BC48121C4B95
S2140484201C4A2414481300BC4812084B584A241407
S214048430481301BC48124ABA447A427A4BBA447A80
S214048440427AFFB086780472617A4CBA647A657AA6
S2140484503DBA607A4DB942B83FBB5B7966796179BB
S214048460020C6479050C63796079050C6279657988
S2140484705A7900C2340102B8241305B81960314091
S214048480081242B86A78020C4A78020C40BCFFB262
S21404849008DA06714ABA06704BBA627A657A677A5F
S2140484A0667A6A79667B0298A40A00C32C1F00A029
S2140484B000C274C000B8241448131C4B1C4A24146D
S2140484C048133FBC48121C4A00BC4812084B444A96
S2140484D02414481301BC48124ABA647A627A4BBA26
S2140484E0647A627AFFB3867B0472617A4CBA647AE1
S2140484F0657A3DBA607A01D94E71647800C170809D
S21404850001B800C08000080008110698860B42B81F
S21404851061784DB97F797E796A7868786278020CDA
S2140485207B790F0C7A79140C7479417860787579B4
S214048530050CFFB208DA06714AB804704BB86578C1
S21404854001BC1664407002D93C710698860B42B88A
S2140485504DB96878407841787F797E797B790F0CBD
S2140485607A79140CFFB208DA087171794ABA06707F
S21404857070794BBA7279657A6A78020C4A78050C77
S21404858001BC1664020C417940790C0C00C04C0105
S21404859002B848100698F20400C4784000B8007C7C
S2140485A000C0A01E00A0041180D93271911104D914
S2140485B02C727F2021200411FD310DDD207200C0B5
S2140485C0448001B80411E521147600C0244001B8A3
S2140485D004118A790871207C104C207C2AB86278B1
S2140485E0511400C0581F00A00410012C17B001112C
S2140485F08768015841280E7605218769415C412D1C
S214048600112D06700698920442B84DBB7C7B6478A4
S214048610020C29B8687851144044067506989204EA
S21404862042B844782AB84278FFB101D90C7100C127
S214048630548001B8CBB80811911004D8147100C046
S214048640A01E00A0041080D8067107B8537800F85E
S21404865007B800C1CC1E00A000C220C001B8241276
S2140486602811777800F8B1109478387106989C022F
S214048670E4B911591128067600B80C70A0B911593E
S21404868001290475A0B8826000C3C01F00A034137B
S214048690012B341000C3FFFF00FF42B131391140F3
S2140486A042A800A01DB09178FA7142B86478020C12
S2140486B000BA29AA00C4548001B842B84DB900C310
S2140486C0C04001B83413977B047240EC020C447823
S2140486D05C7953AA0A0C281442B84DB9FFB301DBDF
S2140486E02671244C00C3FF0FFF01381454794078D8
S2140486F041785579020C5B795A79140C5F795E7966
S2140487004A784278347002DB147152795179507980
S214048710020C5B795A795F795E791E7004DB1A71F4
S21404872000C4FF07000000C3342102B848133FBB4F
S214048730467B020C5B795A793DBB407B4CBB447B41
S214048740457B00C3301F00A03414403C207100C099
S21404875068C000B8481028131C4B1C483414481032
S2140487602813144B44483414481028134AAA4BAA16
S21404877004B86D781DB851785CB84B784E7800A074
S21404878000C074C000B80411108800B918106848F6
S2140487900411108801B90B6118102C4804111088B4
S2140487A0008800C1231C000018104AB864784BB82F
S2140487B06478260C28B000C1FFFF0FF0113871B999
S2140487C00B61114028A828B97379747900C2101077
S2140487D0303045AA54790E0C00C0E84001B80411A4
S2140487E000C23030101045AA0E0C04100088108801
S2140487F00698620D0091009020888F618F6006981D
S214048800620D0090886A21400112906A035800C1E4
S2140488103F3F00001138FFBC0224412811380142B2
S21404882045AA28B953794AB844784BB84478009096
S2140488300091181000912C481810009168481810E0
S21404884000A09168436091694361115B012B112874
S21404885041603128315B00BA302806763128204A38
S2140488604163302806763128104A4163302806765C
S2140488703128084A4163302806763128044A416381
S214048880302806763128024A416330280476014AA5
S21404889000A0115910D906710860086008D904713F
S2140488A0086004D90471046002D90471026001D915
S2140488B00471016000A000BA01D806710148112AAB
S2140488C01F61016001D8F6720138F67200A000C27A
S2140488D020C001B8241211592129127300210E71E7
S2140488E000C238C001B824120121212900A002B018
S2140488F020D8147100C0B01E00A0041002B9457937
S21404890006987613EA7003B09F78087200B806A833
S21404891000F806983E0700C5641F00A05088044D62
S2140489201CBC00C0B41E00A0811101D91E71407C7D
S214048930009501150C4D5088044DFFBB1863315B40
S21404894004110698EE0D3129F8750698681A541520
S2140489500698921B01D9087206985807067006985E
S214048960F4071CBB547B06984E1701D8067202986F
S2140489701A0FFFB901211038F67281129B7AF07132
S21404898000C2448001B8241400C0C01E00A0041015
S21404899001130020041040500C7200B90698280FEA
S2140489A018B90A7018B90698280F00B900B80698BE
S2140489B01E0F704A08B806981E0F00C2284000B85A
S2140489C014B806981E0F00C2EC4001B80CB80698FE
S2140489D01E0F202210B806981E0F1088308806989E
S2140489E05807009300910698280F00C0C41E00A0E4
S2140489F00412FFB9012121411810009500F831280E
S214048A0011280410081200A004B831281128F8B15F
S214048A10181000A0069880080E700698C40B0698D6
S214048A20800806987212069812079112211900C03F
S214048A302C4001B80A78097800F810B901BA0698EB
S214048A40041406982A110698641700C5641F00A02B
S214048A5081109D78FC7200F8911203321CB900C391
S214048A60A01E00A0341300C4B04000541DB84278C1
S214048A70707903DE067144783A707179A11020D8B3
S214048A8006710298541080DB1C7102D8187205B85F
S214048A900814A11010300248081400B808149110E5
S214048AA0086008141DB86278A11000DC06765179B7
S214048AB000BA06984E1701D82272911120311D6112
S214048AC0911004D80E7200C1501F00A0141101D9D1
S214048AD00A71208806985011009200C1204000B800
S214048AE001DB1871084C03DE0471904C441400C377
S214048AF0FF1F0000413BFF233811944900C338414F
S214048B0001B83413086380DB0C7103BA1862069844
S214048B103C100870186206983C100C4908790979CC
S214048B2014102140081100A000BD0698760210B962
S214048B3003DC047100B901BA0698041402D906715C
S214048B4000404E7203B118610F3106987811FFD8B1
S214048B502872811008D8187106DD0A710698760204
S214048B6003DC0C720698BC1106984A140C7006DDD9
S214048B7010710698C211487020B804A806DD107259
S214048B80069880080698120701F840B804A800F86A
S214048B9000C0A01E00A00413086301DB227191101C
S214048BA00111186111381DB910D80871447902985A
S214048BB0541002DBFA72A11328DBF47203BD069884
S214048BC01E11069880081DBA7F7A0698F20400C51E
S214048BD0681F00A00698760200BA03DC1672044DDD
S214048BE0A11002D804711C4D00C10CC101B806982E
S214048BF0AE045415212D06983E050298AA08911035
S214048C00015503355150011900A000C14C1F00A0A6
S214048C10141001D8427101480860FE200E758110B8
S214048C2020D8087100C1501F00A0141101D9287162
S214048C3000C02C4001B80412215108610F3118619C
S214048C401152281000C0084001B804119112215195
S214048C5020311152211900A0811380DB067201B85D
S214048C6000A000C314C001B8341006302E726C4B3A
S214048C7034121C4B3410186002302072811080D8D5
S214048C80DE713410014A08620460803021508C483A
S214048C900A717F234D233410013000A000BD0698CE
S214048CA01E111CB847784578437802B8447800A06B
S214048CB0069880080698BC1100C5741F00A05415B9
S214048CC006983E050298AA08B1138F7B0A7200C361
S214048CD084C40350017B06983E1400C1384101B891
S214048CE014118F790E7100C1B84000B800BA069806
S214048CF03C1050BA06980E1406987811FFD84A719C
S214048D00911004D84872811008601CD8407220D98B
S214048D1038721112FF3221513471802180211114CE
S214048D2000C0D81E00A00413FFBA3151113A2151D5
S214048D3011531DB938107B7940440E7200B900C235
S214048D40AC1E00A01812067004B860780698381492
S214048D5000F800B900C2A44000541812644A0AB9C4
S214048D6018121CBA507A517A1DB942795F7900A05C
S214048D700698760207DC1072911000200A75069891
S214048D8072120298660F0698120701B9911004D859
S214048D90047100B910BA0698041400BA004034717D
S214048DA000C0A01E00A00411086101D9127104D9E4
S214048DB0E2728110086001D8DA711DB8647800C1C7
S214048DC01CC101B80698AE0401B81160002A0476E6
S214048DD000BA00C5781F00A05415212D06987212FB
S214048DE00698580700C57C1F00A000F800BC811137
S214048DF008D9167280D9207201B910BA06980414DC
S214048E0000400E7101BC10700698BC1106984A14F6
S214048E1020B804A800F80698721281110231127163
S214048E2000B900C2144000541812244A02B9181299
S214048E300698BC1100C5801F00A054150698F01AA9
S214048E400298AA080411012114711CBA737A04202A
S214048E5004122811042004110121F47200A00698BB
S214048E60F20401F806984E1701D81671FFB90121CD
S214048E7010380E7281109B78087104B9677900F86F
S214048E80911010D8287100C51CC101B85411069859
S214048E90EE0D00C5C81E00A054155129EA7507B882
S214048EA076781DB8447801B804A800F8B1101860A4
S214048EB010D82E7100C05040005400C3084000B8BB
S214048EC03114984C44113411086101D9FA714412D2
S214048ED02810086228100862281008622810E87013
S214048EE00298B00206989202113804721E6202BBFF
S214048EF000C1D81E00A0141120390C72911210DA89
S214048F000672417B00A006983E1400C2A01E00A074
S214048F10241220DA0472617B1CBA527A00A01CBAAE
S214048F20727A811204DAFC7200A01CB86B7800C056
S214048F30684000B82F7800A006984E1701D83A71FA
S214048F4000C22C4001B82410036091112031015155
S214048F50383111501D6008121DB9457900C244808D
S214048F6001B8241200C0C01E00A00410182000205F
S214048F70041020500471657910631EB9637900B932
S214048F8002EC00CD114502EC00CC01DB087100BBFD
S214048F900298D61803B841110731FA211C76062127
S214048FA0911210DA087102DD10721E7020B806984D
S214048FB0B20D3038147208B806987E0400C02C40EF
S214048FC000B82978207800F8056020D80671029841
S214048FD00C1602EC00CA05B823DA187104DBDA7141
S214048FE020DAD67110DAD2721EB8617800B801DAC7
S214048FF0067202EC00C8911110D9267100C1B81E81
S21404900000A014111150FF300C720761A11011500A
S21404901002300A7180DB0A720AB89E701DB97C7928
S2140490201860911111402111C031114001191EB868
S214049030411108D90471667820D904726578A110A4
S21404904002D80672C0DA1E711EB8273123DD0872F4
S21404905010DB1072607825DD0A7121DD087208DBEA
S2140490600471627803B8411107310872A1152035DE
S214049070AA7102DD2072A11120D9A07102D916723C
S214049080CCDA9872411140D9927206B8054D5A72DC
S2140490900298AE1421114049C0D94C71A031411533
S2140490A04035026551410461086308DA1E7204DA29
S2140490B036721049A1150235067110DB0E720134A2
S2140490C00A7108DB22711EB86778CC3211101A3088
S2140490D00ADC0872CCDE0471FD3100C00D0F0C0DE5
S2140490E0216001D85C7207B80298D81400BA4111FE
S2140490F008D90C7102EC00CA05B830DAEC720734F1
S214049100F031036101DA0471014900C0F300A3E3FE
S214049110216001D8D27100C09814406821604030A4
S214049120014440DA0471204C04320262204A1110D1
S21404913006301F60014218311D6111420298F61470
S214049140204A00C0051708502160113001422088CB
S214049150FFBB0DDA507100C1DE1B250180BC04DAAA
S214049160107208DA0A7200C120841000E024A024D9
S21404917008634143026401DA06711E49024B00C0CB
S214049180201F00A008633810BC2002DA127101B94F
S2140491901159A11380DB087100C100FCFF011810EF
S2140491A00298621800C4A01E00A0441080D87C71E7
S2140491B00092D0DA06710DDA0C711EBD437DEFBD48
S2140491C00698140304620DDA8672A11105D95C713F
S2140491D000C24040005424121424281401D90672F4
S2140491E002D9327140D91E7102EC00CA211018321D
S2140491F00471FA2220D804720822FE22087502ECB2
S21404920000C8F87001D90E7102EC00C802D90672C3
S21404921004DC187200C0A01E00A004101D6001D853
S21404922006711EB8647807B873780298D61800C01A
S214049230A01E00A0041080300A7100C0C41E00A046
S214049240041000A006984E1701D82E71911010D85D
S21404925028728110A0D8227203B084781C7200C1D0
S2140492602C4001B814100DBA487A697A6B7A081142
S2140492701CB87B7807B8757800A0641000C6881FF1
S21404928000A0C3B806987C0200C4441F00A014BA09
S214049290281400B8011AB1108F780A7200C084C46A
S2140492A00350017891101030011905BA06980E146F
S2140492B002D9067101B804A800C0A01E00A00413B9
S2140492C00698641180DB0671029858141DBA7C7ADD
S2140492D001DB6A7100C2241F00A024111114FF349C
S2140492E002EC00C8FF24FA7608610698C20D0461F1
S2140492F011380F3004611114011141100698C20D83
S21404930001D8087203B80298D8140C4A01DB2271FB
S214049310241011281128041202300471106200C0AF
S214049320FFFF0000213800C2204000B8FF200812CA
S214049330411008600698C20D01D87C7120BC103319
S214049340767100BB00C1201F00A01415C021112C8B
S214049350511218620F320E71408851140698FA188A
S21404936041430094511208651C620F320E7141117C
S21404937051140698FA181C6441430865513B00C111
S214049380DC1E00A01411111231100F30127100BA35
S214049390056101D80471114201600FD8F4723110CE
S2140493A003601E30047201B8003A087204B80298CA
S2140493B0D8140298C41600C0384101B804118F7935
S2140493C014717F20692004110861303110DD0671A4
S2140493D01DBA637A0698120300F830885088FF3462
S2140493E0087102ECFF24F87002EC00CD14105950FA
S2140493F001440421FF22F2720F4C0095009300A052
S21404940000C1A81E00A0141100A030880698421BB4
S2140494108111086102D906720298061A1CBB557B94
S214049420086120D906710298F6190088A110186000
S2140494300698201908211415FC251EBB5C7B5D7B51
S21404944000C1084001B814110731FE21307608D84F
S2140494502A725113FC23341304DB20711863FF3380
S214049460315B00C110C000B81411086180490C714A
S214049470FF31302954751EBB7B7B10707B7B7C7B55
S21404948000DD04717D7B01BB3815EC25541300DF29
S2140494905471042505DF547154152111208806984B
S2140494A0EE0D009251293E7500C1084001B8141112
S2140494B002DB0C710731315B31292A760C7004DF2C
S2140494C00872016180D91E720698201900C010C067
S2140494D000B80698861B069820191411FFD96072E6
S2140494E002984C1A0090009300A05415A11118611C
S2140494F010D9A672082508D8A071082510D89A7124
S214049500208821110698EE0DFC255412112AF82500
S21404951054110C2520D80871F02554111025202943
S21404952004762159181500920298B81907B971796A
S214049530811010D80A711CB8447802B841781CB956
S214049540747904B9677900F88110A0D808711CB939
S214049550497900A0086002D8FA7106982019108884
S21404956006983E14106210DA087108211415F025C6
S214049570541100C20020FEFF202912750698921B83
S21404958001D90A72069880080698120700941CBB34
S21404959041100C20069864134111082114100698F3
S2140495A064133128441111120861FF31FF3201227D
S2140495B01052107218611814042444130424381426
S2140495C00C701861214118140824081402983814E1
S2140495D04044147100C1AC1E00A0141551131C6342
S2140495E00FDB0C72196506980205411500A000C32E
S2140495F0784000B83413807B0672069812070698E3
S2140496003E1408BB51140698B01A4415FC2554158C
S21404961000C3784000B83413807B047100A002981D
S2140496203E051CB900C3A01E00A03413086308DB63
S2140496301A718113A0DB0671497910706979086381
S21404964002DB087204B9677900F800A0811108618A
S21404965002D910711CB97579069820191411FF31B6
S21404966000A0FFB900A0041008211411F421081169
S21404967000A08111106110310E710698201908217E
S2140496801411F821141100A0E09804000000000052
S214049690B8960400010000000000000000F0490233
S2140496A0E098040000000000DC96040001000000BE
S2140496B00000000000F04902009704004063598F40
S2140496C0404B4C000B000B001A00FF7F98690020EB
S2140496D000000000829B040000000000F0970400D5
S2140496E04063598F404B4C000B000B001A00FF7F61
S2140496F09869002000000000809B04000000000021
S214049700FC1F0103E09A04001CC0011000F80700C7
S2140497101CC001301402080050C001008741300408
S21404972024400601070062003870000000000000B4
S214049730000000030068010F40B8244058400101AF
S214049740FC006900804005012363E0119BC34A7452
S214049750F003000003800000BE0A0000E0400101A0
S21404976033000000F0400401590B00006404830732
S2140497708813C83A90200A0028410101001E000000
S2140497803C410B0100148C00141A21282E343B4251
S214049790495043557698BA0C286900000100000029
S2140497A00721286414171A002004C869A1203A095E
S2140497B03C42010129000000A080020170780300E9
S2140497C0D5C00000A8800111F0010000A880013176
S2140497D00542CB01AC800111F0010000AC800131E0
S2140497E005228D00B080010100030002FFFFFFFF89
S2140497F0FC1F0103309B04001CC0011000F8070086
S2140498001CC00130F502080050C001008741300C2E
S2140498102440060107C052000000000000000000BB
S2140498200000000300000000000000005840010192
S2140498306402FF00804005014B01A0089BC34A74E4
S214049840F00300000000000000000000E0400101FA
S21404985033000000F04004010000000064048307A5
S2140498608813C83A9C200A0028410101031000000E
S2140498703C410B0100000000000000000000000056
S21404988000000000000000000000000001000000CE
S21404989000000000000000000000000000000000BF
S2140498A03C42010100000000A08002017078030021
S2140498B0D5C00000A8800111F0010000A880013185
S2140498C00542CB01AC800111F0010000AC800131EF
S2140498D005228D00B080010100030002FFFFFFFF98
S2140498E00C400200018014007F400000204002006B
S2140498F000000000000000003040070000000000E8
S214049900000000000000000000000000000000004E
S21404991000000000A0070000504001000000000006
S2140499205C4002000000000000000000A8400100A7
S21404993007000000B440040000400000FF4C000094
S21404994000410000FF4D000008C0010000000000B8
S21404995020C00110FF00000020C0013000430000BA
S21404996024C00400EC80B3034375A8020000000082
S2140499702E02000054C003000E2D09E65406070804
S214049980D1B6020064C0080004300000402010066F
S214049990C8F248181FE8F600BD4B721511A3180547
S2140499A010325476980A000088C0010000000000B7
S2140499B0080001010407000018000101000000006F
S2140499C020000101088400001C4002011000000071
S2140499D020F913045C400501410800000100000062
S2140499E0B0070800A700000000000000944007012C
S2140499F00101103050707F7F00000000000000005E
S214049A00000000000000000000000000E440010127
S214049A1000000000EC4001017DA8D98B0041020142
S214049A2000612000B75635120C410301F9541200A8
S214049A302030042988BB40002441010100000000B6
S214049A40304103016406660C0C010000E853FA007A
S214049A506841030164048307881382000000000041
S214049A6030420301000000000000000E0000000069
S214049A7044420101000000001080010103000000C0
S214049A80388002011149100001000000888001019D
S214049A90000000009C800101EB400200B48001013C
S214049AA03700000188000202000C00044C0000008D
S214049AB09400010200040000D00002020E00000020
S214049AC090029608E40001023D094204F4000102F3
S214049AD0000000001801010260005102FFFFFFFFB2
S214049AE0120000006666660000000000949B0400F6
S214049AF0849B040000000000001A9A00005A6202C8
S214049B0080841E000420FE0011495002000000005C
S214049B10000000000000000000000000000000003C
S214049B20B1841E00000000000000000000000000D9
S214049B30120000006666660000000000949B0400A5
S214049B40849B0400000C0000001A9A00005A62026B
S214049B5080841E000420000011495002000000000A
S214049B6000000000000000000000000000000000EC
S214049B70B1841E0000000000000000000000000089
S214049B8005040000E1190000E119000000000000CF
S214049B9000000000193F0106041001000001010640
S214049BA0001027000009000000000000000000006C
S214049BB025D30100D5D20100E1D20100D1D30100A2
S214049BC0FB62030095680300996803009D68030020
S214049BD0A1680300A56803000001030464EE010005
S214049BE01000000024E101001A00000079EB0100D7
S214049BF01100000075E401001100000063E5110087
S214049C000400000023E111000400000025E1010027
S214049C100800000026E101000A00000027E1010018
S214049C200200000000000000000000008D9D0400FB
S214049C30879D0400000000008E9D04004760040019
S214049C4000000000416004004360040000000000BF
S214049C5045600400659D0400939D0400486004006C
S214049C60426004000000000046600400809C04007B
S214049C703F60040040600400446004003E6004004A
S214049C80000203040508090A0B0001020304051D6B
S214049C902000B40108020200AA00FFFFFFFFFFFF36
S214049CA0FFFFFFFF038603003D300200B95B02009E
S214049CB009F90200C95E0200696F03006B6F0300B6
S214049CC06D6F03006F6F0300C9BF02006598020042
S214049CD0A9D90200B5F20200D94C0200636F030052
S214049CE0059B0200656F0300DD400200676F0300FA
S214049CF063580300D1450200D92D0300000000007C
S214049D000013000000000000000000000100000036
S214049D10919E020002000000618003000300000020
S214049D20E99D020004000000DB7F0300050000003C
S214049D30899D020000000000000000000023001BB4
S214049D402200FF00000000000C09020200000000D0
S214049D501C1A0B0303FF06080402020204020A0B81
S214049D60030302030480FF0204FF0101010108004B
S214049D70000000000000005A6967426565416C6C8B
S214049D8069616E6365303980008F8E8C80808006B2
S208049D90080C108022
S20C049D9448AFFB7F010000004C
S210049D9CA89D040058650020D6010000B5
S214049DA80000000000000000FFFF000001000000A3
S214049DB80000000000000000000000000000000092
S214049DC80000000000000000000000000000000082
S214049DD80000000000000000000000000000000072
S214049DE80000000000000000000000000000000062
S214049DF80000000000000000000000000000000052
S214049E080000000000000000000000000000000041
S214049E180000000000000000000000000000000031
S214049E280000000000000000000000000000000021
S214049E380000000000000000000000000000000011
S214049E480000000000000000000000000000000001
S214049E5800000000000000000000000000000000F1
S214049E6800000000000000000000000000000000E1
S214049E7800000000000000000000000000000000D1
S214049E8800000000000000000000000000000000C1
S214049E9800000000000000000000000000000000B1
S214049EA800000000000000000000000000000000A1
S214049EB80000000000000000000000000000000091
S214049EC80000000000000000000000000000000081
S214049ED80000000000000000000100000000F0017F
S214049EE80800000078100020010023010400000088
S214049EF880100020060030010100000084100020B5
S214049F08FFFFFFFFC0EA2101C0EA2101008000002C
S214049F1800F04902D066002000600B0000800000B4
S214049F289C360020C8000000FE0000000000000068
S214049F387C51040088100020FFFFFFFF3055040002
S214049F48330000008DF90000330000001B320300C4
S214049F58C3CD0300C7CD0300D4CD0300E1CD030071
S214049F68EECD0300FBCD03000ECE030020CE030087
S214049F782DCE03003ACE030047CE03005CCE030082
S214049F886FCE030081CE030096CE0300A5CE030051
S214049F98B6CE0300C5CE0300D5CE0300E1CE03003B
S214049FA8EECE0300FECE030010CF03001FCF03003F
S214049FB82ECF030037CF03004CCF030061CF030036
S214049FC876CF030096CF0300A4CF0300C3CF0300C5
S214049FD8DECF0300F1CF0300FECF030013D0030047
S214049FE822D0030031D0030043D0030055D0030029
S214049FF868D003007BD0030091D003000000000063
S21404A0080F000000C8D20300DFD20300FF000000E0
S21404A018000000000000000000000000000000002F
S21404A0280000000000000000000000000030E70404
S21404A03800C818033CDB030041DB03006EDB0300A7
S21404A04899DB0300C7DB0300F5DB030024DC03000D
S21404A05851DC030081DC0300B1DC030001DD0300EE
S21404A068FFFFFFFF00F80300FFFFFFFF00000400E8
S21404A07800000400005C2605346800200600000082
S21404A088B477040000000000010019000100000075
S21404A09884420020010019000100000084420020C8
S21404A0A80100190001000000844200200100190084
S21404A0B8010000008442002001001900010000008D
S21404A0C88442002001001900010000008442002098
S21404A0D80100190001000000844200200100190054
S21404A0E8010000008442002001001900010000005D
S21404A0F88442002001001900010000008442002068
S21404A1080100190001000000844200200100190023
S21404A1180100000084420020904600200000000051
S21404A12800000000B0600400AC4D0020E868002081
S21404A1386C500020134F04000600000000000000C6
S21404A1480000000000000000147804002C780400C6
S21404A1581E4F040048060400FE000000186900208C
S21404A168000000007C500020E45000204C510020E1
S21404A17800000000000000000000000000000000CE
S21404A18800000000000000000000000000000000BE
S21404A19800000000000000000000000000000000AE
S21404A1A80000000000000000000000008D5E0300B0
S21404A1B8007A0400FFFFFFFFD1610300CD610300AE
S21404A1C8FFFFFFFFD5610300FFFFFFFF51FE0100FD
S21404A1D8FFFFFFFFFFFFFFFFFFFFFFFFFFFFFFFF7E
S21404A1E8FFFFFFFFFFFFFFFF0000000020A107009E
S21404A1F8000000003D9F030000000000000000006F
S21404A208000000000000000000000000000000003D
S21404A21800000000000000008C5600204D260200B6
S21404A228C13F0200480604000000000000000000C9
S21404A23800000000000000008C560020E52C0200F8
S21404A24800000000480604000000000000000000AB
S21404A25800000000000000008C5600200D370200A5
S21404A268C13F020048060400000000000000000089
S21404A27800000000000000000B5004008C5600206C
S21404A28865510200000000004806040000000000B3
S21404A2980000000000000000000000008C560020AB
S21404A2A8695A020000000000480604000000000086
S21404A2B80000000000000000000000008C5600208B
S21404A2C8C56A0200000000004806040000000000FA
S21404A2D8000000000000000000000000B80B0000AA
S21404A2E88C560020A56E02000000000048060400F4
S21404A2F8000000000000000000000000000000004D
S21404A3088C560020857702000000000048060400EA
S21404A318000000000000000000000000000000002C
S21404A3288C560020F5780200000000004806040059
S21404A338000000000000000000000000000000000C
S21404A3488C5600209D750300000000004806040093
S21404A35800000000000000000000000000000000EC
S21404A3688C5600203D7C02000000000048060400CD
S21404A37800000000000000000000000000000000CC
S21404A3888C560020E1800200000000004806040005
S21404A39800000000000000000000000000000000AC
S21404A3A88C5600206582030000000000480604005E
S21404A3B8000000000000000000000000000000008C
S21404A3C88C56002059D902000000000048060400F4
S21404A3D8000000000000000000000000000000006C
S21404A3E8AD8703008C56002025F30200C13F020007
S21404A3F848060400000000000000000000000000FA
S21404A408000000008C56002095F9020000000000A9
S21404A41848060400000000000000000000000000D9
S21404A42800000000FFFFD007B80B0000600EFFFF17
S21404A438FFFFCEFAEFBEFFFFFDFFFDFF0C002C0169
S21404A448001E2C0140068000FFFF04F8FFFF0C00E6
S21404A4580000000000004000FDFF2C019C000000E6
S21404A468FFFFFDFFFFFFFFFF60EA8000800010C1CA
S21404A478CDAB0A013201FFFFFFFFFFFFFFFFFFFF1F
S21404A488FFFFFFFFFFFFFFFFFFFFFFFFFFFFFFFFCB
S21404A498FFFFFFFFFFFF01FF05FFFFFF0101FFFFAF
S21404A4A80201FFFF640250FF0F0208031E0502168E
S21404A4B8010A0C052007051001010F080101010116
S21404A4C804FF030101FF0C01FF405AB47F0150400A
S21404A4D83000FFFFFF0B03FF050B01030105020213
S21404A4E801FFFFFFFFFFFFFFFF010102FFFFFF0160
S20C04A4F8BD4C0000954C000069
S8040082B1C8
