S01B00006275696C642F72656C656173652F7A69676265652E73333714
S21400400008100020F97E00008DC60000475003000F
S2140040104750030095C600009DC6000047500300A9
S2140040204750030047500300475003004750030023
S214004030A1C60000809604004750030047500300C6
S214004040475003004750030047500300117A000012
S21400405047500300475003004750030047500300F3
S2140040604750030047500300A1CB00004750030011
S21400407047500300475003004750030047500300D3
S21400408047500300475003004750030047500300C3
S21400409047500300475003004750030047500300B3
S2140040A047500300C1820000A5820000475003006D
S2140040B0475003004750030047500300F11A020020
S2140040C039AC030035AC0300551202004FAC0300B8
S2140040D03DAC0300B11A020041AC0300E5FE01004E
S2140040E0311B0200475003004750030047500300AF
S2140040F04750030047500300475003004750030053
S2140041004750030047500300475003004750030042
S2140041104750030047500300475003004750030032
S2140041204750030047500300475003004750030022
S20800413047500300EC
S214004134F0B5114A114C124E00F00105E3695F0711
S21400414413D40DB9334213D103EA00078F4207D1C3
S2140041540B4A1A40002A14BF6FF001000020F0BD7D
S214004164013AEBD16FF00200F9E74FF0FF30F6E7C3
S2140041746FF00100F3E700BF80969800000003503C
S214004184020001000B4B70B5D96911F480310DD1D2
S21400419401244FF48072084E084DF46020462C64C7
S2140041A41A61FFF7C5FF3464EC6070BD6FF0010060
S2140041B4FBE700BF0000035000100350002003502C
S2140041C438B541F6713301220C4C0021E569E363EE
S2140041D40B4B05F48035DA600223606121202361ED
S2140041E4FFF7A6FF10B92120FFF7A2FF0122054B17
S2140041F4DA600DB10023E36338BD00BF000003504E
S214004204001003500020035070B5134C6061E3693E
S2140042145B071ED40E4656F8043B8D18A361AE42C7
S2140042240BD10423002121202361FFF781FF58B915
S214004234BDE870402120FFF77BBF08210846FFF742
S21400424477FF10B10423236170BD56F8043BA361C5
S214004254E5E74FF0FF30F7E7000003502DE9F84399
S214004264154641F67132164B8946DF69DA63012238
S214004274064603F58053DFF8508007F48037DA608B
S21400428455B9284601220F4BDA601FB10022A3F568
S2140042940053DA63BDE8F88306F5005404EA08041C
S2140042A4A41BAC4228BF2C46494622463046FFF79C
S2140042B4ABFF0028E6D12644A1442D1BE0E700BF4F
S2100042C4000003500020035000E0FFFF45
S2140042D02DE9F04F4FF0FD0BC9B09A460DF11B09C2
S2140042E09DF8503108AFCDF80C90CDF808B0019786
S2140042F0059303890446009383790E4690464188C9
S2140043008288407812F012F9054650B10090A388D2
S214004310002062883A4912F04DFC284649B0BDE8B4
S214004320F08F99F8000033F0A5FF38B12846A3882F
S2140043306288344912F03EFC8D25EEE75A4639462F
S21400434099F8000033F03EFF8346002851D0529B78
S2140043501BB1BDF84C3198424BD8002399F8009019
S2140043600793A9F14102012A5FFA8BF123D8384658
S2140043700139254ADFF898C05FFA81FE734513DBE2
S214004380059B04210792C3B907AF18221F489FED6B
S2140043901A7B02FB060420460A460830394684ED9E
S2140043A0027B17F05DF911E010F8011F0133514050
S2140043B00CFB01F2E2E7059B33B123464A4638463A
S2140043C000960FF0DBFFA8E70829DED9B8F1000F4A
S2140043D001D088F80090BAF1000F01D0AAF800B01A
S2140043E0529B002B99D05A46184608A917F038F960
S2140043F093E7012591E700BF0000000000000000E1
S214004400154004004A400400C59D1C81F0100020A1
S21400441093010001000000002DE9F04F93B0CDE9B4
S2140044200A32DDE91C530E9353EC102BCDE908013C
S214004430104619468DED060B1E9E16F09BFB80B1AE
S214004440DDE906014FF0FF32C54B16F0BBFB40B965
S214004450DDE906014FF0FF326FF4801316F094FB8F
S21400446070B1DDE908019DED060B0E9B1E96CDE9A9
S2140044701C53DDE90A3213B0BDE8F04F00F088B9EE
S2140044800022DDE90601002316F07EFB002800F07E
S2140044903381DDE906A303F1004BCBF30A5016F493
S2140044A08063A0F2FF3008BF06250F9316F090F841
S2140044B09BA3D3E9002316F0F5F89BA3D3E90023CA
S2140044C015F03AFFCBF31304894644F07F5180463B
S2140044D00022A44B504641F4401115F02BFF94A344
S2140044E0D3E9002316F0DEF802460B46404649465E
S2140044F015F022FF16F070FB044616F069F88EA33E
S214004500D3E900238046894616F0CCF80022964B65
S21400451015F012FF16F060FB89A3D3E900230746C7
S2140045204946404616F0BEF880463846894616F09C
S2140045304FF885A3D3E9002316F0B4F802460B46DD
S2140045404046494615F0F6FE02460B46CDE90C23DA
S21400455016F0A8F8DDE90C23804689461046194671
S21400456015F0EAFE0022CDE91001804B4046494690
S21400457016F0C2F900227E4B15F0DEFE02460B4610
S2140045804046494616F0B8F900227A4B15F0D4FE9C
S21400459002460B464046494616F0AEF9DDE90C23C6
S2140045A08046894600204FF0804115F0C3FE024643
S2140045B00B464046494615F0BFFE02460B46DDE96F
S2140045C0100116F099F907F2FF3700226A4B15F032
S2140045D0B3FE00223B0516F065F852465B46804661
S2140045E0894616F0EFFA002840F08980CDE90C895C
S2140045F004F16303C62B8CBF0527042731051BD5A2
S21400460053A3D3E900235046594616F0D1FA0028A2
S2140046107FD051A3D3E900235046594616F0B4FA8A
S214004620002876D00027A542C6BF2C1B04F1FF3514
S21400463000253C4646F480660E9B9F422CBF4FF0FA
S2140046400008A3EB070816F0020903D0002F18BFD6
S2140046504FF000083CB1DDE90C235046594616F0F1
S2140046604BF982468B46DDE906010022002316F050
S2140046708BFA10B10BF100439B46DDE9080126F4E6
S2140046800063CDE90183DDE90A324BEC10AB0095FF
S21400469000F07EF802465FB3DDE9091316F0200F3E
S2140046A000F10105089E0CBF65204520B047DDE9F6
S2140046B008010523002205930A23002CCDE90232C7
S2140046C007F1FF374FEAD473B8BF64422A46019316
S2140046D004970A9B009435F027FC0246B9F1000FB8
S2140046E006D00B9BC41A0B9B1A190E9BA34245D8E7
S2140046F0104613B0BDE8F08FDDE906ABCDE600222C
S214004700404649461A4B16F0F7F8013CCDE90C0135
S2140047106EE7002D90D00F9B002B8DD0013D8BE7D0
S214004720FB799F501344D33FB3C8608B288AC63F9B
S21400473061436F63A787D23F71A379094F930A40FD
S2140047401655B5BBB16B0240EF39FAFE422EE63F76
S2140047502D431CEBE2361A3F0000000080842E41F9
S214004760FFFFEF7F0000F83F0000E03F00002C4016
S21400477000002440000018400000F03F2020DDE943
S2140047800913089DA8470134ADE700BF00000000EC
S2140047902DE9F04F5BEC10AB97B0CDE90501DDE9F4
S2140047A02058CDE90723504652465B465946229F7D
S2140047B016F0E0F970B90323CDE902870193AA4BFE
S2140047C00093DDE90501DDE9072335F0DFFA17B0D0
S2140047D0BDE8F08F4FF0FF326FF480135046594615
S2140047E016F0D2F928B10423CDE9028701939F4B36
S2140047F0E6E74FF0FF32504659469D4B16F0E2F979
S21400480068B19C4A07F00403002B08BF03229A4BAA
S2140048101CBF13460422CDE902870192D0E750461A
S2140048208DA3D3E90023594616F0CCF938B98CA3EA
S214004830D3E900235046594616F0A6F968B1DDE9DB
S2140048400723DDE905014BEC10ABCDE92187209568
S21400485017B0BDE8F04FFFF7DFBD0022002350463B
S214004860594616F091F9002800F091805B465246B2
S2140048700020002115F05EFD012382468B46099339
S21400488017F4806400F08580092D40F285800024AE
S21400489030210EABA5F109020134202C03F8011BD0
S2140048A0A5EB040901D09442F6D15946504616F0BD
S2140048B093F9724B054603EBC90393ED007B8DED30
S2140048C00A7B15F085FE02460B465046594615F003
S2140048D031FDDDE90A2315F0E5FE02460B46CDE97B
S2140048E00C2316F0A1F9064615F062FE02460B46AA
S2140048F0DDE90C0115F01EFD02460B46CDE90C2342
S21400490000225F4B16F05EF9002848D0013630468C
S21400491015F04EFE02460B46DDE90A0116F03EF99A
S21400492008B100260135B9F1000F45D1284615F02B
S2140049304FFE02460B465046594615F0FBFC002239
S2140049404F4B16F021F910B9E90700D501350A21B9
S2140049500EAB1A19202C0AD095FBF1F001FB10556E
S214004960303502F8015B013405460028F2D107F025
S2140049700302012A55D1B8F1000F52D0099A12B994
S21400498017F00C0F01D008F1FF38302240E00990F4
S21400499076E74FF0060988E7A946002485E7002257
S2140049A0DDE90C01364B16F0EFF80028BBD10EB14E
S2140049B0F007B8D50136B6E70A210EAB1A19202C37
S2140049C00DD0B6FBF1F001FB1063092E03F13003A6
S2140049D009F1FF3904F1010402F8013B11D8302136
S2140049E0A1440EAA202CB2D04C4504F101030AD1F2
S2140049F004F158020DEB02042E2204F8202C1C466B
S214004A00A5E70646DBE7A1541C46EBE71A5501343A
S214004A10444506D2202CF9D1CDE9028701940EAB8D
S214004A20CEE6202CF8D0099B3BB12D2204F158038A
S214004A306B4403F8202C0134EEE77A0704D504F122
S214004A4058032B226B44F4E73B07E5D504F15803E3
S214004A5020226B44EDE700BF0000000065CDCD418D
S214004A600000000065CDCDC1045E0400085E0400B1
S214004A70FFFFEF7FFB5D0400005E0400B8A50400A6
S214004A800000E03F0000000070B58EB02C22002130
S214004A9003A816F055FC64234FF002320893CDE9C4
S214004AA005230B2301218DF834305B4B8DF8101055
S214004AB01D880D4040F0A980084639F0F3FC0A2214
S214004AC0564B574C1A704FF42873ADF812304FF00F
S214004AD0FF332360534B54491B8820460B82534BAD
S214004AE0534A1B68CD828B61524B0D621B884B82EA
S214004AF0514B1B68CB611DF091F820B14FF41B7130
S214004B004E483AF010FE0521206835F0F6FB20B13D
S214004B1040F27D2149483AF006FE206815F0C6FBB3
S214004B20474B2068196835F0ABFC0C253AF022F9A3
S214004B30684309903AF01EF968430DEB05010790AB
S214004B40206817F0BFFA20B140F295213B483AF0B2
S214004B50EAFD25681FF00CFC00220146284635F0C9
S214004B6007FD20B140F2972134483AF0DCFD40F2D0
S214004B700353344D344E2B80052396F90000AB705A
S214004B807F2801D11DF040F93378EB703AF0F2F847
S214004B9000EB80008000A8803AF0ECF80023C0000C
S214004BA04FF0FF31E880AB604FF0FF3018A3D3E939
S214004BB0002339F0C9FD2549206835F092FC2068AD
S214004BC002A936F0AEF820B14FF434711B483AF023
S214004BD0AAFD042220680DEB020135F026FC04280D
S214004BE004D040F2D72115483AF09DFD01A90120D6
S214004BF035F031F807F08EFD01201DF097FD31F0FD
S214004C001AF81DF0BDFD1DF097F80EB070BD00BF80
S214004C100A0020FF42030000EE5D002049650020E8
S214004C2020560020EABE0400346C0020F0BE0400CB
S214004C30CDE40300E8BE0400ECBE04003395040097
S214004C408469002014560020546F002041E50300BC
S214004C500348044B834202D0034B03B11847704706
S214004C60886F0020886F002000000000064B074970
S214004C70C91A891048BF0131491003D0044B0BB143
S214004C8001481847704700BF886F0020886F0020D3
S214004C900000000010B5064C237843B9FFF7D8FF94
S214004CA0044B13B10448AFF300800123237010BDFA
S214004CB0D81600200000000090E2040008B5044B5F
S214004CC01BB104490448AFF30080BDE80840CDE7B7
S214004CD000000000DC16002090E20400A3F5803AF5
S214004CE0704700BF154B002B08BF114B9D46FFF7C2
S214004CF0F5FF00218B460F461148124A121A16F08D
S214004D001FFB0C4B002B00D098470B4B002B00D002
S214004D1098470020002104000D000B4816F056FEB0
S214004D2016F0E6FA200029002FF069FE16F03CFE89
S214004D30000008000000000000000000081000202E
S214004D4008100020AC65002035BA010007B5012127
S214004D5020200DF1070201F0E5F950B101212020D5
S214004D600DF107028DF8071001F0ECF903B05DF8BD
S214004D7004FB9DF807100129F8D00122084815F019
S214004D80CDF901210DF1070220208DF8071001F062
S214004D90D9F92FF0B6FD4FF4FA6001F00DF8E5E70B
S214004DA068FB030038B501F055FB012805D001F07B
S214004DB051FB022801D001F073FB064D2B783BB95E
S214004DC001F048FB0128044602D12FF00FFE2C709C
S214004DD038BD00BFDA5E002010B5044600882FF00C
S214004DE05BFDA37884F84400834202BF0123E3708E
S214004DF02371074B04F11C00C4E9073401F0E8F9FD
S214004E00224620880349BDE8104001F025B900BFBE
S214004E102F460300F945030070B5C37804460D46D7
S214004E201646002B34D1D1B1214815F077F901236D
S214004E30E370E36CA6600BB1E06D9847E368F61A82
S214004E4063699E4221D2217E1A480131C9B2217679
S214004E5015F064F9A36D13B1217EE06D9847E570F7
S214004E602FF062FD15B3237903BBA268238A801A4C
S214004E7083421BD801231048237115F04FF9236D88
S214004E80A3B1E06DBDE87040184701232376E6E73E
S214004E900029E4D1094815F041F9636DE660E57034
S214004EA02571002BDBD0E06D9847D8E770BD00BFBA
S214004EB090FB0300A1FB0300CFFB0300BCFB030039
S214004EC070B51E46838804460D46C18002810BB12C
S214004ED0868070BD817800882FF0CAFB0123E370BE
S214004EE0064BA680C4E903340C34204601F070F962
S214004EF029462046BDE870402FF00DBD7B460300D6
S214004F002DE9F04104462FF00FFD94F93C60656CE6
S214004F106064451B30462FF0E9FC30462FF0E2FC7B
S214004F20074630462FF0E0FC30462FF0DEFC94F9C2
S214004F303D8040462FF0DAFC40462FF0D3FC064674
S214004F4040462FF0D1FC40462FF0CFFC002D54D029
S214004F50394B4FF47A72BB4228BF3B465343B3FBF0
S214004F60F5F105FB11335343B3FBF5F302FB0133B5
S214004F70E268B3FBF2F347F6FF729A4228BF1A467E
S214004F8022840A22B3FBF2F36362D4E90A32DB1905
S214004F9042F10002C4E90A32236CA2693B4423644E
S214004FA0236C93422BD27DB1234B9E4228BF1E46D4
S214004FB04FF47A735E43B6FBF5F205FB12665E436A
S214004FC0B6FBF5F603FB026594F83E204FF6FF713C
S214004FD0DAB16369B5FBF3F38B4228BF0B46E38374
S214004FE0002A0CBF01230023A08884F83E30A37952
S214004FF013D1A3B92FF046FC13E02B46B8E79B1A53
S2140050002364236B01332363CAE72369B5FBF3F5F7
S2140050108D4228BF0D46A583E2E7002BEAD12FF08C
S21400502027FC636B0BB1A06B9847A16804F148009E
S214005030BDE8F0412FF06FBC00093D0038B583682D
S214005040044613B94FF4FA638360E3680BB953233D
S214005050E360236913B940F21F33236163690BB918
S2140050606C236361A36913B94FF47A73A3610022BA
S214005070012120882FF032FC84F83C00013005D155
S214005080234815F04BF84FF0FF3038BD00220121C1
S21400509060882FF023FC431C054684F83D0009D1A8
S2140050A01C4815F03BF894F93C002FF01AFC84F8E5
S2140050B03C50E8E70022A08811462FF0BAFBA379FF
S2140050C0A0880BB32FF0D4FB012394F93C0084F89E
S2140050D03E302FF00AFC94F93D002FF006FC2FF02E
S2140050E023FC0D4B04F14805C4E9123460642846DD
S2140050F001F06EF82846A1682FF00DFCA16807485D
S21400510015F00CF80020C0E72FF0BCFBDCE700BF72
S214005110E5FB03000DFC0300014F000036FC030016
S21400512010B501790446B1FA81F1008849092FF0DB
S21400513016FB21796088B1FA81F149092FF00FFB3F
S214005140034B1A68A24204BF00221A6010BD00BFBB
S214005150F416002070B543790446A3B100880E4EBD
S21400516004F10805336813B10C4B1B786BB1217939
S2140051702FF0F5FA64210A4B3460A3602846BDE898
S21400518070402FF0C8BB4088E9E7064814F0C6FF19
S214005190054B3221A360F1E7F4160020DC5E002008
S2140051A02151000069FC03005551000010B504466B
S2140051B0E0B10F4814F0B2FF01236371A37953B92D
S2140051C0217920882FF0CBFA236B7BB1606B01210D
S2140051D0BDE8104018472046FFF7A2FF04F108007C
S2140051E02FF09EFB2046FFF7B5FFEDE710BD00BF92
S2140051F09FFC030010B50446F8B1104814F08EFF6B
S21400520000236371A3796BB921792088B1FA81F103
S21400521049092FF0A4FA236B7BB1606B0021BDE82F
S214005220104018472046FFF77BFF04F108002FF0D8
S21400523077FB2046FFF78EFFEDE710BDAAFC0300C4
S21400524010B5044668B1074814F068FF6379204635
S2140052501BB1BDE81040FFF7CDBFBDE81040FFF71B
S214005260A5BF10BDB6FC030010B50E4C0E48214677
S21400527014F054FF82210D4814F050FF82210220C2
S214005280A21E00F05FFF014630B134F8022C084839
S214005290BDE8104014F042BF0648BDE8104014F0C8
S2140052A03DBF00BF72570020C5FC0300E0FC0300B2
S2140052B0EBFC03002FFD030038B50E4C822122467E
S2140052C0022000F02FFFA51C014650B122880A4894
S2140052D014F024FF4F222846084916F0C1F94E2341
S2140052E0238035F8021C064A0648BDE8384014F00C
S2140052F015BF00BF705700203AFD0300BAFD03003B
S2140053007257002098FD0300034B1B781BB18B429D
S21400531001D82FF0F6BA7047F46E0020F8B51E4B91
S2140053201E4F1B78A3B11E4D1E4C2B785BB11E4B37
S2140053305B7943B100211D4B4FF60C72187829702B
S21400534021702FF01AFB1A4B1B883BB900232370E1
S214005350B9681848BDE8F8402FF0DDBA7A6A9A4274
S214005360F4D32378FF2B10D12E78002EF0D10E48E0
S214005370FFF740FF01232B700C4B4FF60C723146A3
S214005380187826702FF0F9FAE2E70133DBB2022B29
S2140053902370DDD9E8E700BFE25E00200810002099
S2140053A0E55E0020DB5E0020242100207017002030
S2140053B0AC6E00204817002010B5044601460E4883
S2140053C014F0ACFE012C11D10C4B0D481A884FF688
S2140053D0FF739A421EBF0022094B5A742FF0A5F99C
S2140053E001F038FFBDE8104001F00ABE0448BDE8F1
S2140053F010402FF09CB900BF09FE0300A46E0020E9
S2140054001069002070B50024254D264E3378A3423F
S21400541025DC0024244D254E3378A34225DC0024C9
S214005420234D244E3378A34225DC234C237833B116
S214005430224D2846FFF702FE18B30023237001F022
S21400544009F801281E4828D12FF06FF901F002FF55
S21400545001F0D6FDBDE870401A4801F01BB828469A
S214005460FFF7BAFC01346035D0E728462FF043F941
S21400547001343435D0E728462FF076F90134383534
S214005480D0E7114C114BC4E90030204600F0A0FED6
S2140054902046A9682FF03FFAD1E72FF048F9D9E760
S2140054A054230020E35E002074270020E45E0020E2
S2140054B024210020E25E0020E05E0020081000208C
S2140054C010690020B9530000481700201D53000043
S2140054D02DE9F04F87B0FFF7EFFEB94B05A805930F
S2140054E02FF066F9054615F027FEB64CC2B21F2A05
S2140054F0627004D9B44814F011FE00F051FC29463D
S214005500A01C16F0ADF805A82FF052F9054615F0C8
S21400551013FEC2B21F2A84F8212001D9AB48EAE75D
S214005520294604F1220016F09BF805A82FF040F952
S2140055303226044600272578002D40F09D80A44C96
S214005540FFF760FF2378DFF8D0A2DFF8D082A14F04
S21400555000939AF8003098F8002039789E4814F0A6
S214005560DDFD3A7898F800109AF8000053180344C6
S214005570DFF89CB220782C4603445846DBB2AA4299
S21400558000F31D83012B38BF0123944E029332464D
S214005590002335464FF482704FF6FF71029C0133AC
S2140055A0A34213705080918002F10C02F6DB8C4B04
S2140055B08A498448AB6001F035F8E879AB6800EBBF
S2140055C0400003EB800000F0F7FDEB790133EB7150
S2140055D0844B1B782BB18448844B8049436001F090
S2140055E00BFC834B1A884FF6FF739A4203D07B4915
S2140055F0804801F03BF94FF00009794C3A784A456B
S21400560000F3E58200264FF00C097B4ADFF8CCB1A8
S21400561098F800003978B04200F3ED8246180C2165
S214005620002501FB06B19AF800009423A842734AAD
S21400563000F3FF820C253E7898F8003000274FF0E4
S21400564070081E44064405FB06B5DFF8D4A1604B7F
S2140056501B78BB4200F300830299604800F03AFED4
S214005660059B57491A468B4240F00983644807B0A9
S214005670BDE8F04F14F052BD532D0BD163784C2B80
S21400568040F04E81A378502B40F04A815D4B0122BA
S2140056901A7011E0442D18D16378303B092B0BD8D3
S2140056A0601C2FF092F8584B584A1978002386B29F
S2140056B0994202F1600204DC05A82FF079F804464E
S2140056C039E722F8466C0133F2E7422D0BD16378B6
S2140056D0542B55D1A01C00F00DFD454B18801846E4
S2140056E02EF067FFE8E7582D34D8412DE4D9433D26
S2140056F0152DE1D801A353F825F000BF2D5B00005F
S214005700B95600001B5A0000B9560000B9560000F2
S214005710B956000073580000B9560000B95600008C
S2140057202558000067570000B9560000B95600001B
S214005730B9560000B9560000A559000021590000CE
S214005740B9560000B9560000B9560000B956000018
S214005750435A0000692DAFD1601C2FF036F880B296
S2140057602FF0CBF8A8E71B4B012019780023284A16
S214005770994202F1A8029FDD02F8A60C0133F7E772
S214005780601C00F0B7FC0546E01C2FF096F80121DF
S214005790024628462FF04DF860211B481B4C037824
S2140057A05943621865524FF4FA6111824FF44871FA
S2140057B05161184956831165013303707CE700BFB9
S2140057C072570020F467002028FE03003FFE030007
S2140057D0DD5E0020E15E00204FFE03007017002013
S2140057E0E8170020E05E0020741D0020081000204E
S2140057F0A46E0020F8160020741C0020B81A0020A2
S2140058009FFE0300DC5E0020E35E002054230020A1
S214005810781E00209B470300DE5E0020DF5E00202F
S21400582068190020601C00F065FC00224FF0340868
S2140058308146AE4F11462EF0FCFF3878AC4D08FB83
S21400584000F325F80390EA18E3781046693B18BF82
S214005850012393702EF04FFF0021A64A3B7851603B
S214005860012103FB08550B443B7015600F4611746D
S21400587022E7601C00F03EFC0022114681462EF016
S214005880D8FF3422994DDFF86882287802FB00F3AF
S21400589028F8039008EB0301E3780846693B18BF35
S2140058A001238B702EF027FF934A00231046916B3E
S2140058B031BB00EB831034232A7802FB0383836317
S2140058C08E4A00231046D2F8A410F9B9A82202FB8B
S2140058D0030034232A7802FB0383C0F8A4305FB9A0
S2140058E0844A3B46114652F8040BA8B9342228785D
S2140058F000FB028241F823202B7801332B70DBE675
S2140059000133042B02F14002D1D1D9E70133042B35
S21400591002F1A802D7D1E2E70133042BE3D1EBE78B
S214005920601C00F0E7FB8046E01C2EF0C6FF01215D
S214005930024640462EF07DFF60217148714D027888
S214005940DFF8E0C151436B1825F801804FF4487129
S214005950198259616C495E839965E178A8246429A7
S21400596004BF012199709CF80030DFF890E15C4399
S2140059700EEB04010EF804304FF400744C80032440
S2140059800C718C7102EB420405EB44153224013392
S214005990DBB201324B718D6081F8A04002708CF84A
S2140059A0003089E6601C00F0A5FB00224FF0380AA4
S2140059B08146DFF86C8111462EF03BFF98F80030E8
S2140059C0524D0AFB03F325F803904FF00109EA183D
S2140059D082F80490E37873B1E01C00F08BFB0022A1
S2140059E0044611462EF025FF98F800300AFB0353B4
S2140059F05C8083F8069046483F4A037899015354E2
S214005A0098F8001002EB8314C1EBC10205EBC20547
S214005A104A1C656388F80020CEE6601C00F06AFB2E
S214005A203C4D2880E01C00F065FB6880601D00F09F
S214005A3061FBE379A880693B18BF0123AB71364B45
S214005A4025E6601C00F056FB8046E01C00F052FB8A
S214005A500546601D2EF031FF0446024601214046F1
S214005A602EF0E7FE2246284601212EF0E2FE6020B8
S214005A704FF4487CDFF888E0224A9EF8003000FBAE
S214005A8003F422F80480DFF880801119A1F810C012
S214005A90C1F814C04E83C1F85880591CC9B2484397
S214005AA01418A4F810C0C4F814C06683C4F858804C
S214005AB094241552194D981C8EF800002878DFF8AB
S214005AC068C0444303EB430301EB41010CEB040EB7
S214005AD002EB431302EB41120CF80400CEF804303C
S214005AE0CEF8082001302870E6E500BFE45E00200E
S214005AF07427002010690020741C0020781E0020E7
S214005B00E35E0020542300200953000024210020D7
S214005B10DF5E002008100020E05E0020DE5E002031
S214005B20E25E0020E15E0020B81A0020601C00F053
S214005B30E1FA8046E01C00F0DDFA00220546114638
S214005B4040462EF076FE00223824114628462EF0D7
S214005B5070FE4F484F4A03784FF0000E04FB03FCDC
S214005B6022F80C804FF0010802EB0C0181F806E0E9
S214005B7081F8048003EB0801C9B24C4302EB040C25
S214005B8015539C1C04707024434D8CF806E028784E
S214005B908CF804804443DFF808C1C3EBC303C1EBB1
S214005BA0C1010CEB040E02EBC30302EBC1020CF8BE
S214005BB00400CEF80430CEF80820404493E7467937
S214005BC001358E4284BF04714471A830D7E4B9F120
S214005BD0000F06D016F8052C02EB420204EB8204F6
S214005BE0B4603146584601F009FD09F101090BF190
S214005BF0A80B0C3602E571180AD0481E09FB00B047
S214005C00C07900EB400004EB800409FB01B084601F
S214005C10104609FB0151039201F0AEFA39781F488D
S214005C20314409FB015101F0CDF8039A01364032A8
S214005C30EEE4F54218BF11F8050C03911EBF00EB09
S214005C40400004EB80048C6003FB052000F0D2FFCC
S214005C50039901350C31E6E4F74218BF15F8053C08
S214005C6029461CBF03EB430304EB830408FB07A091
S214005C7018BFAC6000F094FE01370C35E7E413F86B
S214005C80011D00297FF4EDAC3B2102F8011CE8E47D
S214005C90E25E002024210020DD5E00201821002086
S214005CA06819002007B5012121200DF1050200F03A
S214005CB039FA18B99DF80520074B1A7002212320DF
S214005CC00DF1060200F02EFA18B9044BBDF80620B6
S214005CD01A8003B05DF804FBF46E0020AC6E002062
S214005CE007B5064B8DF80700187001210DF1070265
S214005CF0212000F027FA03B05DF804FBF46E0020C4
S214005D0007B5064BADF80600188002210DF1060215
S214005D10232000F017FA03B05DF804FBAC6E0020F9
S214005D2007B5022101200DF1060200F0FBF938B993
S214005D30044814F0F3F9BDF8060003B05DF804FB60
S214005D400020FAE7BCFE030007B50221ADF8060006
S214005D500DF10602012000F0F5F9014610B10348E6
S214005D6014F0DCF903B05DF804FB00BFDDFE0300B1
S214005D7010B5FFF7D5FF04460146074814F0CEF9E4
S214005D800121064814F0CAF924B9BDE810400120E4
S214005D90FFF7DABF10BD00BF0DFF03001FFF0300B3
S214005DA008B5044814F0BAF900F0DCF92EF0A9FDA5
S214005DB02EF0A4FD35FF030038B50446084D094B08
S214005DC028462B6000F004FA002C18BF214628460F
S214005DD0BDE8384008BF4FF496712EF09CBD00BF5A
S214005DE078280020E94703002DE9F043384D91B0AC
S214005DF008AC0746894690460FCD0FC495E80F00BD
S214005E00002684E80F0001250323324C3248CDE9F2
S214005E100366CDE905668DF80E300796029539F0D3
S214005E202BFC2E4839F028FC32462D4920468DF8AA
S214005E30176004F00BFD334632462A498DF81900E8
S214005E40009020468DF82390CDF82C808DF82160A8
S214005E5004F016FD0A9020468DF8097004F078FCD0
S214005E60204608AA05A904F031FD02AA204603A987
S214005E702FF03DFE4FF400721B4B5A62194BE56043
S214005E80626A920510D46BB94FF40072164B114833
S214005E905A6204F05DFC114839F0F1FB002011B0A5
S214005EA0BDE8F083013BEBE7002BEDD0094908A8DD
S214005EB02FF050FE4FF400720B4B06485A6204F067
S214005EC047FC064839F0DBFBBDF82000E7E700BFDB
S214005ED0389604000040005AE0980400DC9804005D
S214005EE080841E0040420F000060005A0122034BCF
S214005EF01870034B1980034B1A707047E75E00203A
S214005F00AE6E0020E65E0020F8B5454B1B780BB958
S214005F100020F8BD434B1B78012B03D1BDE8F840A9
S214005F202EF065BC404B1C884FF6FF739C42EFD0AA
S214005F303E4839F0A1FB0023260AE4B21A46214661
S214005F40304604F0C5FB012E354604F0010335D07B
S214005F5015D9B51E012DDBD8002B0BBF4FF480756D
S214005F604FF080754FF470614FF070610BBF0127E2
S214005F704FF480370F204FF470202D4B11E0002B8C
S214005F800BBF4FF480754FF080754FF470614FF083
S214005F9070610BBF01274FF480370F204FF470203D
S214005FA0244B1A6802401CD0BA421AD01A680A401B
S214005FB032D11A6822EA01022A4316E0002B0BBFF0
S214005FC04FF480754FF080754FF470614FF070613C
S214005FD00BBF01274FF480370F204FF47020164B6D
S214005FE0DFE71A6822EA00023A431A602EF0FFFB47
S214005FF0054600288CD0083644EA06102A460321B7
S214006000C0B2FFF7F1FE40F6FF73684300F2FF7080
S214006010B0FBF3F080B27CE795427FF479AFC8E737
S214006020E65E0020E75E0020AE6E0020E0980400EA
S21400603028C3035020C3035024C3035010B5044C98
S214006040237823B9034839F017FB0123237010BDCA
S214006050E95E0020E09804002DE9F0431F4C85B06F
S214006060074688469146FFF7E9FF23781BB901F0FB
S214006070DFFF012323707BBAADF80C3030220023FB
S214006080174E02FB03F4315DA51901BB01233355FE
S2140060904FF0FF3304F1100012493044AB606F80BC
S2140060A0C5F80480C5F80C9009F054FA04F108010C
S2140060B0042231440C4B009503A802F08FF8A9681F
S2140060C002460A4814F02AF805B0BDE8F08301330A
S2140060D0102BD6D1064814F021F8F5E7E85E00202C
S2140060E0A0280020134803002548030042FF0300B1
S2140060F070FF030080B10278A2F14103032B0BD896
S21400610040783038C0B2082806D8054B134413F838
S214006110413C40EA032070474FF6FF70704700BFCF
S2140061205896040008B50B4642B10146044800687C
S21400613003F098F9BDE808402EF0D9BB022008BD50
S2140061407C69002008B50B4642B101460448006849
S21400615003F010FBBDE808402EF0C9BB022008BDC6
S2140061607C690020F0B50026124F8DB0FF23009307
S2140061700A223346386802A92FF076FAC0B102AB7D
S2140061801D4603EB800404E055F8043BB34228BFE9
S2140061905E1CAC423868E9D9296803F071FC002817
S2140061A0F2D02D28F0D00DB0BDE8F0402EF09FBB09
S2140061B00DB0F0BD7C69002028B1034B0360034B93
S2140061C043600023836070471900000324690020A1
S2140061D0FF2307B50021044A0093083009F03EF972
S2140061E003B05DF804FB00BF114903000B460449E9
S2140061F0024608680349097808B12EF09CBB704730
S214006200AC2B0020EB5E0020F7B50C4618B1292118
S214006210194839F088FA246823685E795F88304622
S2140062203946FFF7E3FFF0B18568E5B1A089227D26
S2140062303946904291BF0020801AA36880B294BF6E
S21400624003469B18E27C00903046A8470138032896
S21400625003D8DFE800F0080F0B0D0024204632F0CC
S21400626073FD204600E0812003B0F0BD8024F5E7F2
S2140062709324F3E78724F1E798FF0300F8B5154663
S2140062800D4A044610680D4A0B46117850B1224656
S2140062902EF051FB034628B100210C27C678B142E8
S2140062A001DB0020F8BD07FB01F45A681019125BE9
S2140062B0AA42F7D00131F2E7AC2B0020EB5E0020BB
S2140062C008B5034B1B6803B19847002008BD00BF04
S2140062D0A82B00202DE9F74F04460D460026454B17
S2140062E0454F1860454B197033010021F85C0136A4
S2140062F00FF00AFF0C2EF7D10C2D28BF0C254FF0FF
S214006300000901953C4EDFF800A13D4DDFF8FC800A
S214006310019B4B4502DC03B0BDE8F08F23784FF0BD
S214006320000B337063887380A388B380A379C6F8A4
S2140063300880B371E379C8F8005088F804304FF04D
S2140063400003A768A8F80630E3795B450ADC01215C
S21400635016F8100B0FF0D8FE08F1080809F101092D
S2140063600C34D5E74FF0000338886B812880FB7823
S2140063704FF0000C2B81BA78C5F804A0002A0092D2
S2140063800CBF802240222A7379680AF10C0263450A
S21400639013DC03EB43030AEB830ABB6843B1009AA2
S2140063A04FF6FF71B2FA82F2164B520932F05CFCDD
S2140063B014350BF1010B0C37C6E7B1F800E00CF111
S2140063C0010C22F80CEC91F802E00C3202F816EC04
S2140063D091F804E00C3102F815EC11F809ECBEF166
S2140063E0010F14BF4FF0100E4FF0110E02F814EC10
S2140063F0CDE700BFAC2B002074420020EB5E0020EF
S214006400B031002009620000B02B0020303400209C
S214006410014B1860704700BFA42B002070B512888F
S21400642005460E46FFF72AFF044670B10279049926
S214006430806814F0D7FF064B1B680BB9002070BDB0
S2140064403146284622889847F8E78620F7E700BFB7
S214006450A42B002008B50EF0F3FE022806D0012873
S21400646006D0044B18784000C0B208BD0120FCE7F7
S2140064700220FAE7EA5E0020054B10B51C682CB136
S214006480FFF7E8FF2346BDE81040184710BD00BFE1
S214006490A02B0020014B1860704700BFA02B0020E7
S2140064A0034B1A781AB901221A700AF0CFBE704749
S2140064B0EA5E00200022024B1A70FFF7DDBF00BF25
S2140064C0EA5E002037B50446002836D00EF0B8FE47
S2140064D0022834D1608932F0B4FFE079237A00389C
S2140064E018BF0120012B637A08BF40F008000BB1EB
S2140064F040F0100063890BB140F00400257CA188B1
S214006500A2790DB1E36893B90F4B10F0D9F9217851
S214006510084610F051FA32F0A0FA044610F00AFAD3
S2140065207CB100280CBF0020032003B030BDCDE9AD
S2140065300035064B10F0C4F9E9E70220F5E7012024
S214006540F3E72046F1E700BF2E4D0400311C04009F
S21400655008B50CF0D9FF014630B1044813F0DEFD53
S214006560BDE808400DF074BB08BD00BF0A0004007B
S214006570034B044A5B7C012103201370FFF7E2BD46
S21400658010690020EC5E002010B50446FFF7F0FF0F
S214006590B4F57F4F0BD10024144B1A8813449C701B
S2140065A0FEF762FE2046BDE81040FFF705BC4FF63A
S2140065B001739C4204D1BDE810400D482EF09DB8F2
S2140065C04FF602739C4205D1BDE81040094B18787F
S2140065D0FFF786BB4FF60B739C4205D1BDE8104013
S2140065E0054B1888FFF78CBB10BD00BF7057002006
S2140065F010690020F46E0020AC6E002010B5074C29
S214006600012122460320FFF78DFD28B92378044A8E
S214006610003B18BF0123537410BD00BFEC5E002082
S21400662010690020F8B5624B624D1A884FF6FF736A
S2140066309A421CBF03232B7008235F4A3224137030
S214006640302393705371D37134235470D47036242E
S21400665013724FF40013147139244364574B94712A
S214006660C364574B01240365564B06198365564B86
S214006670C667C365554B564E4366564B80F8484032
S2140066808366554B80F854400367544B80F860404F
S2140066904367202380F8783080F8843000F12103A7
S2140066A0C0F888304E4B80F86C40C0F88C30C0F88C
S2140066B0806080F89040C0F894504A4D4A4BC0F82D
S2140066C0AC504A4DC0F89830C0F8B050092580F854
S2140066D0B450474D474BC0F8C450474DC0F8B8209B
S2140066E0C0F8C8508225454AC0F8A430C0F8BC207F
S2140066F00F23022280F8CC50414D80F89C40C0F811
S214006700D050404DC0F8A000C0F8D4503E4D80F8A0
S214006710A830C0F8DC503D4D80F8C0202D7880F8B9
S214006720D840002D40D080F8E420394A394DC0F8D2
S214006730E820394AC0F8E050C0F8EC20374A80F824
S214006740F040C0F8F420364C227C62B10C2202FBEA
S2140067500302344D01335564012582F8485004F194
S2140067601105D564DBB24FF0000CCD798E6805EBD1
S2140067704502970006EB820226F807C0D370012375
S21400678044309370EB185060CB71FFF78BFAFFF72D
S21400679035FFFFF75FFE012808D1237C33B1BDE843
S2140067A0F8401F482DF0A9BF0D23CCE7F8BD00BF69
S2140067B0A46E0020F56E0020ED5E002071960400A9
S2140067C00100200070960400020020006F9604006E
S2140067D005004200030020006E96040004004200FC
S2140067E0070030005C96040012001001060042000C
S2140067F06C9604000040420000FF4401FDFF2100AB
S2140068007057002002FF2001F46E0020E05E00209A
S214006810AC6E00200BFF21010CFF1000E55E00208F
S2140068201069002001FF100113B504460D482DF035
S214006830CBFE6422C0F30F43637083B2B3FBF2F364
S214006840A0782370202201212EF097F8A07821222C
S21400685001212EF092F80449201D02B0BDE8104038
S2140068602EF059B8A46E0020E09304000B7870B5A3
S21400687083704CF61E0303804FF02013C36201237F
S21400688080F8303080F83C30C3180364124B04465E
S21400689043640223114A80F84830114B8263C36474
S2140068A04063CA798D6802EB420305EB830004F16E
S2140068B02C0646600B4E45F8236000238360531C6D
S2140068C0CB71094B201DC4E90134FFF781FC20463B
S2140068D0BDE87040FFF7A8BFFDFF210021002000A3
S2140068E0729604000100010329680000437B044AF5
S2140068F00121137000781130C0B2FFF723BC00BF2F
S214006900F75E002038B504460078054D11302A465B
S2140069100121C0B2FFF706FC08B92B78637338BDB7
S214006920F75E0020024B53F820002EF0EDB800BFB3
S21400693090340020012908B506D0022907D049B9AD
S2140069402EF0D9F8002008BD2EF0D8F8FAE72EF081
S214006950D8F8F7E7024813F0E1FB0120F3E700BFA1
S2140069603700040010B4054C114654F820001A46AF
S214006970BDF804305DF8044BFFF7DCBF9034002010
S214006980002310B5044683810364A0F844304830E1
S214006990FFF71EFC014BC4E9123410BDEF4A03009A
S2140069A038B504460B781A4A43700D4642F8230061
S2140069B0FFF7E6FF2046FFF7A5FF4FF440132361DD
S2140069C00123144A2375A261134A84F82030E26139
S2140069D0124A84F82C306262114A84F83830A26277
S2140069E004F10C0222630F4A04F10D036263E363B1
S2140069F0EA79A86802EB420300EB830110344C608E
S214006A00094C40F82340094B8B60531CEB7138BD92
S214006A1090340020F65E002008002000F66E00206D
S214006A2000FF300001FF100102010104656900004B
S214006A3010B47024427B0D48013A012904FB020081
S214006A4006D0022908D059B95DF8044B2EF053B889
S214006A505DF8044B2EF052B85DF8044B2EF051B89A
S214006A6003485DF8044B13F059BB00BF68190020BB
S214006A7053000400B0F85C302DE9F0418B42044628
S214006A800E4638D0437B077C8BB31C4A12789A425A
S214006A902DD370251A4A013B05FB032390F80F807F
S214006AA01B7B42462EF03EF8B845054601D1FF282E
S214006AB01FD13A463146204694F890302EF032F8F0
S214006AC02F460546552212216078A4F85C602DF00A
S214006AD054FFFF2F03D039462046FFF7A9FFFF2DAE
S214006AE009D029462046BDE8F0412EF05BB8FF25C8
S214006AF0DFE70746E6E7BDE8F08100BFDD5E002081
S214006B006819002041688268C978D27849B112B104
S214006B100321FFF7AFBF837B002B0CBF01210221AF
S214006B20F7E72AB1837B002B0CBF02210121F0E797
S214006B30014813F0F3BA00BF64000400037BD3B12E
S214006B404368DA7812B18268D278A2B91B7933B179
S214006B50837B002B0CBF04210521FFF78BBF8368C6
S214006B601B792BB1837B002B0CBF05210421F4E796
S214006B70014813F0D3BA704796000400084A437BD6
S214006B8005211370837B5370C37B9370037CD37093
S214006B90037B137100780E30C0B2FFF7D3BA00BF84
S214006BA0F85E002038B5044600780C4D0E302A46B4
S214006BB00521C0B2FFF7B6FA20B1BDE83840084854
S214006BC013F0ACBA2B7863736B78A373AB78E3736C
S214006BD0EB7823742B79237338BD00BFF85E002052
S214006BE0D2000400024B53F820002EF025B800BF58
S214006BF0B8340020F8B504460B78424A43700D4678
S214006C0042F82300404E2EF035F8FFF7CBFF6268BF
S214006C10A3683E483E49D6641165D4655065C3E90D
S214006C201410DE64DC654FF098730226636101235E
S214006C3004F10C01E16137491032216204F10D01C3
S214006C40A16235492376E16204F10E01616333499E
S214006C5084F82430A16304F10F012164304984F8DC
S214006C603030616404F11001E1642E4984F83C3050
S214006C7084F84830216584F85460A265E879A968EC
S214006C8000EB400201EB820704F1140CC7F804C0C5
S214006C904FF4817C244F41F82270C218D2B202EB26
S214006CA0420241F822C001EB820700227A601F4AA6
S214006CB084F8703022661E4A84F88830A2661D4A20
S214006CC01D4BE2661D4AC4F88C3062671C4A831965
S214006CD0A26704F15C02C4F88020DBB2194A03EB19
S214006CE04303C4F8842084F8646084F87C6001EB75
S214006CF0830260345460144A033041F82320E8715C
S214006D00F8BD00BFB8340020056B0000FB4B030045
S214006D103D6B00000100200102001001030030015D
S214006D20040030010500210101FC01064A00210093
S214006D3074960400510010007696040077960400BE
S214006D40550021006F0018001200010470B50D46B2
S214006D500646144613460A460146164813F0DEF960
S214006D6025B92046BDE87040FFF70EBC072D05D1BB
S214006D7021463046BDE8704000F004BC4FF60143A3
S214006D809D4205D121463046BDE87040FFF72ABF38
S214006D90062D05D121463046BDE8704000F0A6B964
S214006DA0B5F5817F05D121463046BDE87040FFF736
S214006DB0B9BD70BD010104000148FFF729BB00BF43
S214006DC04D6D00004FF4C01330B50360012303710E
S214006DD0074B8C688360CA7902EB420304EB830599
S214006DE06860044844F82300531CCB7130BD00BFD4
S214006DF078960400040001010B786E4A03700123A4
S214006E00836003F52023C0E90423C3604FF4D8133E
S214006E1083610423037700F108030362664B42682C
S214006E2043620223F0B502F11C04C462634C80F88E
S214006E302830046302F11E048463614C80F8343009
S214006E40C46302F1200444645E4C80F840308464DD
S214006E5000F10C0404655C4C80F84C30446500F18D
S214006E600E04C465594C80F85830046600F11004CE
S214006E708466574C80F86430C46600F11204446798
S214006E80544C80F87030846700F11404C0F88040D9
S214006E90514C80F87C3080F8883000F11603C0F83A
S214006EA08440C0F88C30CD798C6805EB450304EB44
S214006EB0830600F118077760484F00F1900C44F8FD
S214006EC0237000246B1CB460CB712346D2F830E0EC
S214006ED000F18F07C3F12006A3F120052EFA03F276
S214006EE004FA06F6324324FA05F508332A43302B13
S214006EF007F8012FEED101234FF47A72C0E926324B
S214006F002B22A0F8A0204FF41412C0F8A4200622CA
S214006F1080F8B43080F8C03080F8E43080F8F03084
S214006F2000F1A103C0F8F4302D4B0025C0F8C8309E
S214006F30032380F8A8202B4A80F8CC30C0F8B02075
S214006F4000F19602C0F8B820274A80F8D830C0F87A
S214006F50BC2000F19702C0F8C42000F19802C0F8E7
S214006F60D02000F19C02C0F8DC20204AA0F8965001
S214006F70C0F8E02000F1A002C0F8E8201C4AC0F8E3
S214006F80ACC0C0F8EC201B4A00F1A407C0F8D4201F
S214006F90CA798E6802EB420306EB83046760164FDD
S214006FA046F82370531CA560CB714368134AC3E9A7
S214006FB00D20F0BD0100E8030505210008052100AD
S214006FC00B0529000006210001062100020621000B
S214006FD0030621000406210005062100040B010A11
S214006FE0010322000002180000033000030318000B
S214006FF0060318000203220002070107954C03004F
S21400700038B50024044D55F8040B08B12DF095FE54
S21400701001340A2CF7D138BDE0340020042908B525
S2140070200AD172B16BB113781BB92DF0B1FE0020F6
S21400703008BD2DF0A3FEFAE7034813F06FF8012011
S214007040F6E70320F4E700BF3401040010B4054C53
S214007050114654F820001A46BDF804305DF8044B7B
S214007060FFF7DCBFE03400200229024608B50ED048
S21400707004D839B910462DF08BFE06E04029F9D029
S214007080412907D110462DF079FE002008BD2DF0CD
S21400709089FEFAE7024813F041F80120F6E700BF40
S2140070A05401040010B4054C114654F820001A464A
S2140070B0BDF804305DF8044BFFF7D6BFE03400207F
S2140070C0426B094B52791A7082785A70C2789A705D
S2140070D0826B12B190F83C20DA70007804210930F7
S2140070E0014AC0B2FFF72EB8FD5E0020024B53F8EF
S2140070F020002DF073BE00BFE034002038B50446F3
S2140071000078084D09302A460421C0B2FFF70AF875
S21400711030B96B78A370AB78E370EB7884F83C30CA
S21400712038BD00BFFD5E002038B504460078114D1E
S21400713009302A460421C0B2FEF7F4FFC8B9A37886
S2140071402A78022B0CD004D863B920462DF020FEF6
S21400715001E0FF2B0AD02046BDE838402DF0EDBDFB
S214007160002AF2D120462DF009FEF4E7002AF9D1D4
S214007170EBE738BDFD5E0020F8B504460B78284ADC
S2140071800D4642F823004370FFF7B8FF636B254AAD
S2140071905C631A632046FFF7C7FF20462DF0CDFD3F
S2140071A04FF4801363600123626BA66B0532E260C6
S2140071B01D4A23722261A21C2375A26166B11B4A76
S2140071C084F82030E261E21C6262194A84F82C30AE
S2140071D004F13C03A26223630627EA79A96802EB5E
S2140071E04203002E21F8237001EB83000CBF02231C
S2140071F00423C370012383700E4B04348360531C36
S2140072004460DBB20C4C03EB430341F8234001EB34
S214007210830000234360094B02328360EA71F8BDA5
S214007220E0340020B94D03000340300101FF300177
S21400723002FF1001A5700000080001004D7000005C
S21400724028B1034B1B78834234BF002001207047CF
S214007250DF5E002070B500250A4C0B4E3378AB423B
S21400726000DC70BDD4F8A42042B123791BB160794C
S214007270FFF7E6FF10B910462DF030FA0135A834B6
S214007280ECE700BF781E0020E15E002008B54279DA
S21400729001461046FFF7D4FFA8B1CB780A48013A5A
S2140072A0042B00EB82100ED8012B08D81BB9BDE8C2
S2140072B008402DF063BDBDE808402DF069BDBDE86F
S2140072C008402DF06FBD08BD741C002008B542793B
S2140072D001461046FFF7B4FFA8B1CB780A48013A3A
S2140072E0042B00EB82100ED8012B08D81BB9BDE882
S2140072F008402DF04DBDBDE808402DF03FBDBDE86F
S21400730008402DF04FBD08BD741C002010B586B097
S2140073100446FFF79FF8012830D1E278042A2DD8DA
S214007320DFE802F013323403030061790846FFF702
S21400733087FF58B31648032A00EB811050F80C3C20
S21400734058791DD1003818BF012063784FF4807239
S2140073508DF804304FF48273ADF806300623ADF88E
S214007360083001238DF80B3000238DF80A0001A8A1
S214007370CDE903238DF81430FFF7A4F806B010BD4E
S214007380B0FA80F04009E0E70020DEE70220DCE704
S214007390741C002010B586B00446FFF75BF8012881
S2140073A030D1E278042A2DD8DFE802F01313320336
S2140073B0030061790846FFF743FF48B31548032AE0
S2140073C000EB811050F80C3C5B791DD11A1E18BFDB
S2140073D0012263788DF80A208DF804304FF482730A
S2140073E0ADF806300623ADF8083001234FF480725E
S2140073F08DF80B30002301A8CDE903238DF8143057
S214007400FFF760F806B010BDB3FA83F25209E0E762
S2140074100222DEE7741C002010B586B00446FFF793
S21400742019F8012812D16378094A8DF804304FF410
S2140074308273ADF806304FF48073CDE90223002343
S21400744001A804938DF81430FFF73CF806B010BD81
S2140074500800070110B586B00446FEF7FBFF0128BA
S21400746020D16278104B8DF804204FF4827294F885
S214007470A01094F8A10059701870ADF80620049377
S2140074804FF480720223094901A88DF81430CDE923
S2140074900212FFF717F894F8A130013B18BF01233A
S2140074A084F8A13006B010BD015F00200800050179
S2140074B010B58378044603B30379022B0AD14279C8
S2140074C01046FFF7BDFE28B10C48013A00EB8210CB
S2140074D02DF068FCA379022B02D12046FFF716FF99
S2140074E02046FFF7B7FF02236078A4F86C305522D9
S2140074F0BDE8104012212DF040BA10BD741C0020CB
S2140075004388094A082113808388538083681B8A2E
S214007510938090F8A03093718379D371007804300B
S214007520C0B2FEF70FBE00BFF257002038B50D46BA
S21400753004460178114812F0F1FD4FF602739D42A1
S2140075400ED10F4B1B782BB963712046BDE838402F
S214007550FFF7D6BF62790AB19342F6D20123F3E76A
S214007560B5F57F4FF1D120462DF0B5FCA378022B60
S2140075700CBF01220022A3689A70E6E7700104009F
S214007580DF5E0020024B53F82000FFF7CFBF00BF9E
S2140075900835002038B504460078144D04302A46D5
S2140075A00821C0B2FEF7BEFD20B1BDE83840104845
S2140075B012F0B4BD2B8863806B88E978A380AA8814
S2140075C0A3681A82AB7984F8A030EB79A371094BD3
S2140075D01B780BB9637138BD09B19942FBD90648CF
S2140075E012F09CFD23780133F4E700BFF257002029
S2140075F08A010400DF5E0020B3010400F8B50446EB
S2140076000B78474A0D4642F823004370FFF7C2FF47
S214007610A268444BD465D364434B02265365434B60
S214007620A11C13654FF44013E36001236161E1621E
S2140076303F49103221632265211D3E4AA1633E4820
S2140076403E49626504F1A002A061E163E265E01CC8
S214007650611D3B4A206261643A483B492266A21D8E
S2140076602374237784F8283084F8343084F8403044
S214007670A16484F84C6084F8583084F86430606202
S214007680A266E879AA6800EB400102EB810704F1E4
S2140076900C0CC7F804C04FF0060C2C4F42F82170B3
S2140076A0C118C9B201EB410142F821C002EB8107C3
S2140076B000217960264F84F880302767254F84F8AC
S2140076C09830A767244F254BE767254F84F87460EA
S2140076D084F88C60C4F89C3004F16C06831CC4F8F3
S2140076E08470C4F890601F4F1F4EDBB203EB430359
S2140076F0C4F89460C4F8887002EB83067034746033
S21400770008261A4C42F82340C31CDBB203EB4303A3
S21400771002EB8304043042F823606160E871F8BD30
S214007720083500202D4E0300774E0300B17400008C
S21400773001FF300104FF20011000300102FF20018C
S21400774005FF300100FF300103FF2101070001089B
S2140077504A0021007A960400510010007C9604002E
S2140077607D960400550021006F00180012000104E9
S21400777000239B6AB3F5804F03D21968064A9142EC
S21400778003D00023037083607047012202709A685A
S2140077909B694260F7E700BF07B0CD5E024B034A25
S2140077A01A602EF0BCBF00BF0000002002020FF0DF
S2140077B073B53F4B04461A781AB102221A7002B00B
S2140077C070BDCDE900220028F9D001261E7037F0E2
S2140077D0B5FE384D384B186017F082FA2B785BB937
S2140077E002F0F2F940B935480823354A35490068B1
S2140077F001F038FE00B92E70334B5A68E260334A07
S2140078009A601A6E22605A6E6260D3F87021A26087
S2140078101B6E5C042CD52E4AD368D807FCD42D4B9F
S2140078201A68531C29D04FF4801393402A4A1366D3
S2140078300423294C4FF0804223664FF4806323666E
S214007840102323664FF400536846236601A9226678
S21400785063662DF058FB009B2366019B63662B78BE
S214007860002BACD0164B1A6822665B686366A6E7E8
S2140078701A4AD368D907FCD4D1E7194B1B78002BDA
S214007880D6D1184B5A68144B12B94FF480121A66A8
S214007890154A526812B94FF400121A66134B5B6809
S2140078A0002BC5D14FF480020B4B1A66C0E700BF11
S2140078B0045F0020055F0020403500207C69002022
S2140078C044350020007108000080004455CEAC000E
S2140078D00000044048690020009000440000045066
S2140078E0035F00200080055000C0055000000650D1
S2140078F038B5224D04462B78012B02D001232B707D
S21400790038BD0028FCD02DF023FB013009D02DF027
S2140079101FFB40F20113984203D0194AD368DB07D5
S214007920FCD42268174B1A6662685A66A268C3F8C7
S2140079307021E268D40744BF00229A60124B1A688E
S214007940013213D1114A127882B911494968C80721
S21400795048BF1A600F4A5268D10744BF01221A6016
S2140079600D4A5268D20744BF02221A6017F0C0F9C7
S2140079700A4B186837F0DDFD0023C0E7045F0020DF
S214007980000004400080004448690020035F002097
S2140079900080055000C0055000000650403500200D
S2140079A070B50024A36AB3F5804F23D21A68134B30
S2140079B09A421FD1124E337813F0FD0518D14FF4BA
S2140079C080341048FFF7F4FE032004F04FFC0E4B03
S2140079D00320DC6004F02EFC0C4B1C61AB6ADB69F8
S2140079E0984704460748FFF783FF0CB90123337016
S2140079F0204670BD4FF48174FAE700BF07B0CD5E35
S214007A00035F00203035002000A0004400900044B2
S214007A1013B5204B1B7803B9FEE700231E4CCDE9B7
S214007A2000336A4608231D49206801F01BFDF8B99B
S214007A301B4AD2F84031D2F840211F2B4FF00103E9
S214007A4011D9203A9340019A1A43019208236A46B4
S214007A501249206801F08EFE124B134A1A602EF06F
S214007A605EFE02B010BD9340009A1A430092EDE706
S214007A702D28F1D10A4AD2F84031D2F840211F2BE6
S214007A804FF0010385BF203A93409340019398BF7F
S214007A900093DBE7045F00207C690020007108008B
S214007AA000800044000000200B020FF038B50025CF
S214007AB0AB6A0446B3F5804F10D21B6BB3F5804F0C
S214007AC00CD20748FFF774FEAB6A20461B6B5B6858
S214007AD09847BDE838400248FFF70ABF38BD00BFE8
S214007AE04C35002013B50024A36A0190B3F5804FEF
S214007AF013D21B6BB3F5804F0FD20948FFF758FE21
S214007B00A36A01211B6B01A89B6998470446044899
S214007B10FFF7EEFE204602B010BD4FF48174F9E781
S214007B204C35002070B50026B36A0446B3F5804F86
S214007B300D4612D21B6BB3F5804F0ED20848FFF7E6
S214007B4037FEB36A20461B6B29469B699847044656
S214007B500348FFF7CDFE204670BD4FF48174FAE768
S214007B604C35002070B50026B36A0446B3F5804F46
S214007B700D4612D21B6BB3F5804F0ED20848FFF7A6
S214007B8017FEB36A20461B6B2946DB6998470446F6
S214007B900348FFF7ADFE204670BD4FF48174FAE748
S214007BA04C350020F8B50027BB6A0446B3F5804F75
S214007BB00D46164611D21B6B7BB10948FFF7F8FD40
S214007BC0BB6A20461B6B324629465B6A98470446CA
S214007BD00348FFF78DFE2046F8BD4FF40174FAE720
S214007BE04C35002070B50026B36A0446B3F5804FC6
S214007BF00D4612D21B6BB3F5804F0ED20848FFF726
S214007C00D7FDB36A20461B6B29469B6A98470446F5
S214007C100348FFF76DFE204670BD4FF40174FAE787
S214007C204C350020F0B50027BB6A0446B3F5804FFC
S214007C300D461646ADF5337D20D21B6BB3F5804F4F
S214007C401CD21048FFF7B4FDBB6A20461B6B40F2FF
S214007C50C1225B6A01A99847044630B10948FFF77C
S214007C6047FE20460DF5337DF0BD836A32461B6B1A
S214007C702946DB6A01A898470446EFE74FF40174EB
S214007C80EFE700BF4C35002010B50024A36AB3F51B
S214007C90804F10D21B6BB3F5804F0CD20748FFF70E
S214007CA087FDA36A1B6B1B6B984704460348FFF7C8
S214007CB01FFE204610BD0124FBE700BF4C35002008
S214007CC0F0B58FB0044601A80E461546FFF7EEFE47
S214007CD09DF80C30012B12D1B5F5402F27D8B4F5FE
S214007CE0402F24D86319B3F5402F20D821462A46C2
S214007CF0304613F0B5FC002420460FB0F0BD002738
S214007D00BB6AB3F5804F15D21B6BB3F5804F11D20B
S214007D100A48FFF74DFDBB6A2A461B6B31462046D4
S214007D205B6B984704460548FFF7E2FDE4E740F240
S214007D300244E1E740F20114DEE700BF4C350020C4
S214007D40F0B58FB0044601A80E461546FFF7AEFE06
S214007D509DF80C30012B1FD1B5F5402F06D8B4F591
S214007D60402F03D86319B3F5402F13D940F20244CD
S214007D7020460FB0F0BDE258013225D104339D42B3
S214007D80F9D82A46314620462DF012F90028EDD0C3
S214007D900024EDE70023F2E70027BB6AB3F5804F27
S214007DA015D21B6BB3F5804F11D20A48FFF700FDC2
S214007DB0BB6A2A461B6B314620469B6B9847044697
S214007DC00448FFF795FDD3E740F20344D0E740F2BE
S214007DD00114CDE74C35002070B58EB0044601A8DE
S214007DE00D46FFF763FE9DF80C30012B22D144EAC6
S214007DF00503C3F30C03002B33D1B5F5402F04D98C
S214007E0040F2024420460EB070BDB4F5402FF7D8BD
S214007E102544B5F5402FF3D8204604F500542DF040
S214007E20C0F8AC4202D00028F6D1E9E70028E7D037
S214007E300024E7E70026B36AB3F5804F14D21B6B25
S214007E40B3F5804F10D20A48FFF7B2FCB36A294652
S214007E501B6B2046DB6B984704460548FFF748FD3A
S214007E60D0E740F20444CDE740F20114CAE700BF71
S214007E704C350020BFF34F8F0549064BCA6802F405
S214007E80E0621343CB60BFF34F8F00BFFDE700BF38
S214007E9000ED00E00400FA0570B5D0B1C9B10E4E91
S214007EA0431E013913F8014F2046325D02F00302EB
S214007EB0012A11F8012F08BF04F12000B55C05F077
S214007EC00305012D08BF2032801A01D1002CE9D10C
S214007ED070BD0120FCE700BFD9BD04000348044A7A
S214007EE00449121A92102DF0AFB800BF34410000BA
S214007EF0D04200004866002008B5154B83F30A8878
S214007F0000F030F8FFF7EAFF124B13498B4212D30A
S214007F100020124B12498B4218D3FCF7E3FE186878
S214007F2050F82240586840F8224001329868824251
S214007F30F5D30C33EAE70022F8E71C6844F8220081
S214007F4001325C68A242F8D30833E4E70022F8E77F
S214007F500800002098E20400A4E20400A4E2040062
S214007F60A4E20400124B134A70B59A60D3F8882036
S214007F70114D42F47002C3F888206FF0010205F537
S214007F800054226641F2FF7262660222C3F8D020D5
S214007F90BFF34F8FBFF36F8F4FF44036032004F0CC
S214007FA065F90320E66004F045F92E6170BD00BF58
S214007FB000ED00E00040000000800044014B186027
S214007FC0704700BF50690020054B1860054B1B6FBB
S214007FD003F00703032B01D135F062BB704700BFE7
S214007FE058690020008000502DE9F04104464FF00B
S214007FF001080C250D4E0CB9BDE8F08194FAA4F0EA
S214008000B0FA80F00F2808FA00F2C8BF103824EA49
S2140080100204CABF05FB006205FB0062B432576863
S214008020002FE8D09168C0B2B847E4E75C3500207E
S21400803008B50C4837F020FB192004F009F928B1E0
S214008040192004F013F9192004F0F4F81A2004F0AB
S214008050FFF828B11A2004F009F91A2004F0EAF80B
S214008060002008BDE09804002DE9F0410E461746B2
S214008070054618B30F2923D80378DBB1013BDBB2E2
S214008080022B19D8104AD35C6A78D340DB0717D581
S2140080900E4BD3F81043ACB937F050FA80463A4648
S2140080A02846314602F042FE404637F042FA204665
S2140080B0BDE8F0817F23E7E70023E5E72224F6E723
S2140080C02124F4E70224F2E7D096040000C003500F
S2140080D010B5044610B30378E3B1013BDBB2022BC4
S2140080E01AD8104AD35C6278D340DB0718D537F02D
S2140080F025FA0122617823788A4030214B4341F2E9
S214008100100103F1A04303F570335A5037F011FA0B
S214008110002010BD7F23E6E70023E4E72220F8E7EF
S2140081202120F6E7D096040010B5044610B3037875
S214008130E3B1013BDBB2022B1AD8104AD35C62785B
S214008140D340DB0718D537F0F9F901226178237898
S2140081508A4030214B4342F2100103F1A04303F55D
S21400816070335A5037F0E5F9002010BD7F23E6E75C
S2140081700023E4E72220F8E72120F6E7D096040063
S21400818038B50D46044618B311B30378E3B1013B86
S214008190DBB2022B1AD8104AD35C6278D340DB07D6
S2140081A018D537F0CBF930222378534303F1A04398
S2140081B003F570335B696278D34003F001032B70DC
S2140081C037F0B7F9002038BD7F23E6E70023E4E761
S2140081D02220F8E72120F6E7D09604002DE9F041AA
S2140081E00D4616469846044600284FD000294DD026
S2140081F00178002940D04B1EDBB2022B3ED8254A20
S214008200D25C6378DA40D20701D4FF2940D1022E2F
S21400821001D9042E3CD137F091F923780746FF2B7D
S21400822005D032462046296802F0C6FD28602B6835
S214008230013309D12378FF2B06D1174B6078D3F88A
S21400824024142DF0DCFC286029684B1C18D00C2365
S214008250124A03FB0122069BC2F80480936023782F
S214008260FF2B04D001230E4A8B40C2F82434384634
S21400827037F05FF9002007E07F22C2E70022C0E760
S214008280384637F056F92D20BDE8F0812220FBE76E
S2140082902120F9E7D096040000C003505C3500208A
S2140082A000D0035008B502F037FD044B00F05530FF
S2140082B0C3F82004BDE80840FFF796BE00E0035070
S2140082C008B502F029FD044B00F0AA30C3F82004DC
S2140082D0BDE80840FFF788BE00E003502DE9F04FE8
S2140082E0144605460E469B46C36B87B001225B6963
S2140082F002A960689847EB6B01225B6903A93046C8
S214008300984702A82DF09FFA074648B10023A375A8
S21400831063754FF0FF33A360002007B0BDE8F08F11
S21400832003A82DF09DFA0123A375237E04EBC30357
S214008330DE611F846368B3420ED1206003A82DF06F
S214008340B1FA4FF0FF332075A360237D043B022B68
S21400835026D80023A375DFE723681A1A5342534131
S214008360A37503A82DF09EFA237D834218BFA77538
S21400837003A82DF079FA074602A82DF075FA874271
S21400838018BF002303A818BFA3752DF075FA07467B
S21400839002A82DF071FA87421CBF0023A375D4E70C
S2140083A003A82DF061FA80B1EB6B022230465B69C0
S2140083B004A9984704A82DF066FA0346207D0328F2
S2140083C039D8DFE800F03838040903A8F3E7CC22F0
S2140083D0237E04EBC3031A8401F06EFC109B187016
S2140083E003A8277E2DF034FA04EBC70787F822008F
S2140083F0237E03A804EBC303B3F8209093F82270FF
S2140084002DF032FA804603A82DF036FA8246B8F1EF
S214008410000F15D0EB6B022230465B6904A9984723
S21400842004A82DF0F5F96075637D6BB90023A3757C
S2140084304FF0000838E0227E04EBC2021384CBE73C
S21400844003A82DF0D0F9EEE794F81680B8F1000FE7
S214008450EED0B9F1000F09D1DFB10123E375637ED9
S214008460002B4FD1012F42D1677614E06B6C06EBE0
S2140084700A015A4286EA010010421CBF0022A27579
S2140084805A1E0A409B1A9945D0D8A37D002BE3D1EB
S214008490CEE7E37D43B94FF000084B4652463146DF
S2140084A028462CF01BFFA060A27D12B123694B4426
S2140084B023611A49237E097899422AD90133237603
S2140084C0BBF1000F27D032B3E37D23B3B8F1000F22
S2140084D021D1032F1FD0A1684B1C1CD0109B224615
S2140084E0009328460123FFF7F9FEA07513E095F8E0
S2140084F0343063B9EB6A0133CFD1032FCDD10123DA
S214008500A376C8E7012FCFD0032FC4D1F7E798464C
S214008510C3E70023A375A07DFFE600BFF496040022
S2140085202DE9F04F0E46984600238BB004464FF0D8
S214008530FF31104617468DF8133001F0A7FBB6F54D
S214008540801F20D2314605AA04F108002DF0CDF890
S214008550451C014603D1237CBBB92D2010E03846CC
S21400856001F094FB0122394620460DF113032CF04E
S21400857007FF0028EFD09DF8133088F80030002061
S2140085800BB0BDE8F08FB01CE5D1E56A691C36D1AA
S2140085902046616A2CF0E8FD0546B31C18BF01238F
S2140085A0DFF8CC900193636A626C0293236805A996
S2140085B002FB053AE36B05225B695046984705A81F
S2140085C02DF0DCF92DF0FFF950462DF007FA4FF0AC
S2140085D0000B824601464B1C05D0636C81EA0A02FA
S2140085E05B42134211D0294620462CF0BDFD029B6B
S2140085F0AB422CD0BBF1000F2CD10546D3E7236845
S214008600ED1A636CB5FBF3F5C7E7484601F03EFB91
S2140086100DF1130349462046019A2CF0B1FE03469D
S21400862090B1B21C03D0D9F80020B2420CD19DF80C
S214008630132003930D4B88F8002049461A683846E5
S21400864013F00EF8039B9B46D9F80810C3E7BBF15E
S214008650000F82D0B6F5801F91D2314698F80030D0
S2140086607A6804F1080001F03FFA88E7F096040003
S214008670383D00202DE9F3410446174698460E463D
S214008680184D816AE36A8B4201D04B1C02D102B0BE
S214008690BDE8F081284601F0F9FA01222946204675
S2140086A00DF107032CF06CFE38B1434629462046F0
S2140086B09DF80720B8470028E9D0A9684A1C04D1CD
S2140086C0696820462CF0DDFD0146012EDAD16B6884
S2140086D081EA0302636C5B421A4218BF4FF0FF3117
S2140086E0D0E700BF0C3D00202DE9F04F4FF0FF33E0
S2140086F04FF6FF720025044600F10806C0E909237C
S2140087008BB0C36205620563304688462CF0BEFF18
S21400871020462CF0F9FC60BB204641462CF074FD48
S21400872020462CF0F1FC60BB5E200BB0BDE8F08F5D
S2140087302368E26B606C576900FB0530052205A9CB
S214008740B84705A82DF01AF9012807460CD1294686
S21400875020462CF02AFD012F024600D10132294680
S21400876020462CF0F0FC03E02DF032F90028EED184
S2140087700135E3699D42DBD320462CF0C5FC00287A
S214008780CAD000254FF0FF394FF6FF73CA46A846F9
S214008790C4E90853E36998450AD3A5EB0905012DFA
S2140087A02CD84FF6FF72636A93423CD16720BCE731
S2140087B02368E26B606C576900FB0830052205A948
S2140087C0B84705A82DF0DAF8834605A82DF0ADF8D1
S2140087D0074658462DF0F7F868B1574538BFC4F835
S2140087E02480B94528BFB946BD4238BF3D46BA4683
S2140087F0236A0133236208F10108CBE74FF6FF73C3
S21400880000256362E3699D42CBD2676C2068E36B08
S214008810052207FB05005B6905A9984705A82DF00A
S21400882084F80135EEE7E26B676C2068694607FB63
S214008830030055690522A84768462DF076F8626A57
S2140088402368606C4B4D00FB02302DF0C7F84FF0EC
S214008850FF33A062E3622A466FF00101204605ABB3
S214008860FFF75EFE002846D1AD6829462046E56241
S2140088702CF026FC206320B92046E16A2CF001FD8E
S214008880E062294620462CF0FCFC0546A36A9D4281
S21400889033D120462CF0E7FB00278046B946E36933
S2140088A099453CD3B84559D92046616A2CF05CFC02
S2140088B00026054604F1400AB74212D8626C2368C7
S2140088C0694602FB0539E36B05225B694846984713
S2140088D068462DF02AF8534602464946E06B2DF0CE
S2140088E07FF8294620462CF03FFC0136B045054669
S2140088F0E2D1642019E7A56AB7E7294620462CF09E
S214008900DFFB236B294603440746236320462CF0EF
S214008910B8FC0546002FB9D1C4E90B07B6E7636C6F
S2140089202568052203FB0955E36B05A95B69284604
S214008930984705A82DF022F82DF045F858B128469E
S2140089402DF04CF8014620462CF0BAFB636C143B25
S214008950984208BF013709F10109A0E730462CF01C
S21400896095FE002320461946034AFFF783FE0020A3
S214008970DBE600BF643D00206F5303002DE9F041A5
S214008980036B9046826B07689A4288BF8363426C8B
S214008990436A90B002FB0377C36B0E46052201A91B
S2140089A05B6904463846984701A82CF0E7FF012883
S2140089B00146307057D0656CE26B2368606AD2F867
S2140089C014C005FB0030052206A9E04706A82CF0D7
S2140089D0D5FF01284FF0000523D0D4E90A32012143
S2140089E09342CDE90B458DF834800E958DF83C10FA
S2140089F02AD1194620462CF044FC236B626C1433B3
S214008A009B1AE06223630C9B53B99DF83C303BB144
S214008A10626A616C2368E06B01FB02312CF066FF32
S214008A200C9DE36B05225B6901A93846984701A8AF
S214008A302CF0A4FF30702846236BA26B9A4288BFA6
S214008A40A36310B0BDE8F081237C33B91C490BAAA0
S214008A5004F1080001F096F8D5E72046194A0BAB5A
S214008A60FFF708FECFE7237C23BB2246164904F116
S214008A70080001F087F8616A20462CF096FB616AD0
S214008A80421C20462CF05FFB054620B9236B626C27
S214008A901344143B23632046A16A2CF0F2FB2368A0
S214008AA0A062C01A636CB0FBF3F0606220462CF044
S214008AB02BFCB6E700232046044AFFF7DBFDDAE787
S214008AC0219200009D91000009540300A553030065
S214008AD073B50D46D11E4A421C461B7E4A419A4239
S214008AE026D129682368994222D3636899421FD801
S214008AF0114E0DF107033246FFF712FDC0B972683A
S214008B006B689A4214D19DF80730DA1E53425341DF
S214008B10227E93420CD1636901336361D4E9032357
S214008B20934205D22968A26842F8231001332361D4
S214008B30012002B070BD00BF643D00202DE9F04F5B
S214008B409B4689B09DF848309046514A0193136978
S214008B5007465B450D46C0F09580D946536800939E
S214008B60B9F1000F7BD0FB6B01225B6905A9009869
S214008B70984705A82CF074FE454B1B68984240F0B9
S214008B80848005A82CF078FE0428064615D105A892
S214008B902CF079FE009B04461E44019B002B3ED120
S214008BA0804512D91C46A8EB0008384600992CF0E0
S214008BB068FBA9EB04090090D2E7FB6B02225B6915
S214008BC0009806A9984706A8E2E7A0EB08045C45CB
S214008BD028BF5C46032C4644ABEB040B1DD9FB6B4D
S214008BE0294630465B69A208984724F0030304F040
S214008BF0030A1E441D44DDF80480BAF1000FD4D0E9
S214008C00FB6B012206A930465B6998475246284608
S214008C1006A912F025FD5544C7E7A246EBE78246B3
S214008C2000F0030302932B1803930644039BA6EB62
S214008C300A00A3EB0A05029B9A4514D1BAF1000F6D
S214008C40B3D0FB6B012206A95B69984752462846BB
S214008C5006A912F0C1FE0028DDD04FF036094846BE
S214008C6009B0BDE8F08FFB6B012206A95B69984747
S214008C700422284606A912F0AFFE0028EDD1AAF17C
S214008C80040AD3E74FF06309E9E74FF06F09E6E718
S214008C90903D00202DE9F0410F46164698460446C2
S214008CA088B060B390F83450FDB101212CF021FA61
S214008CB000210E9BCDE90511CDE902379DF83C3029
S214008CC0CDF804808DF81C30237C04968BB90D49B2
S214008CD001AA04F1080000F055FFDDE90553E06B3A
S214008CE0002E08BF1D462CF09DFB284608B0BDE8A8
S214008CF0F0812046044A01ABFFF7BCFCEDE70546D1
S214008D00F3E700BFD3530300D18A00007FB590F885
S214008D104260044601920DF10B030A4630461149A3
S214008D202CF088FB012E0546E36B17D132465B69B3
S214008D3003A998479DF80B10039B019A59B19BB263
S214008D4043EA0243012228460393E36B03A99B6987
S214008D50984704B070BD62F30F03F3E701229B69E6
S214008D6001A9F5E7903D00202DE9F04F99B00E4699
S214008D700D920A69416C0B931439D31DB3FBF1F3C2
S214008D80013302EBC302036B04469342C0F0018238
S214008D900023DFF804940893E36A484619460593CF
S214008DA000F074FFD6E9033707930B9B022B4DD1D7
S214008DB0CC2F40F0D7810D9B3BB1314620462CF09E
S214008DC08FFB656C1490012044E00120079B656CC6
S214008DD01B68149300F0010000280CBF042308232E
S214008DE0782F0E9349D8059A6B1E1340ED1A3B1D3B
S214008DF09D423CD2002F3DD0082D3ED800230425AE
S214008E0006934FF0040A336806990B98C9F80030A9
S214008E10C9F810702CF04AFD4FEA9A030F93059B91
S214008E2089F814000393002309930C9304930A9380
S214008E30616C039B4A1E1A408B1A27B35544AB42FB
S214008E4023D8236B5B1A134423632FE1782F656CBA
S214008E50B9D8F07D0D9B002BBCD0E36B01225B697B
S214008E60706816A9984716A82CF0FEFCB4E70025F3
S214008E700695C6E704250697C3E7012300254FF0AD
S214008E80080A0693BFE75345DBD3A3EB0A029742D3
S214008E90039BB84628BF90469742534428D90122E0
S214008EA0D9F8101089F817208F4226D10399C9F8EF
S214008EB00410049299F817200AB399F8181003982A
S214008EC0CA1C09EBC202506004980131A2F808805F
S214008ED0907289F81810B8F1000F07D00B9A022A82
S214008EE040F08180099A72B1012209929B46ABE05C
S214008EF0049A002A18BF0322DBE70222D9E7039A66
S214008F00C9F80420E7E70C9A4244032AEED9E26B3C
S214008F101846956914A901220993A847099B054696
S214008F200028E1D03D2D40F01E8104F10803039394
S214008F302368059A606CA2EB030ABAFBF0FA00FB02
S214008F400A302CF04BFDE16A804620462CF099F959
S214008F50A26A824200F00F81626CD9F80830511E76
S214008F600B40216B2768891A0B442363089BE06239
S214008F70DF1BB7FBF2F7BA4540F0FA80059BB3EB70
S214008F80080A12D0E36B4FEA9A0241469B6998475B
S214008F908346E36A059A5344E362236B03989B1A5D
S214008FA0434423632CF072FBDA462368616CE06B63
S214008FB001FB07312CF087FC20462CF0A5F8204654
S214008FC02CF0A2F92063BAF1000F00F0D4803269C9
S214008FD0616CD31D1439B3FBF1F3013302EBC3020A
S214008FE09042A5D2BFE00D9A002A77D1B8F1030FC0
S214008FF04FEA98026ED9E16B18468D69079910936F
S214009000A847109B0546C0B918F0030515D0079A67
S21400901028F0030B02EB0B019B444FF0FF3215A820
S21400902015922A46109312F01BFBE26B5846956980
S21400903015A90122A8470546109B9B46079A42445D
S2140090400792002D40F08B80049B16A80193069B88
S214009050009399F814204346316800F0CDFDE36B89
S2140090600F9A9B69039816A99847039A051E089BB2
S21400907018BF1346089343465246204603992CF0E1
S2140090802DF9236B08F10302A3EB0A0322F0030277
S2140090909B1AC9F808002363002D7FF443AF0C9B8E
S2140090A0A7EB080743440C93CDF80CB02046039971
S2140090B02CF0E7F800250390002F7FF4B9AE364A6F
S2140090C03168936804F10800E36252680B9B00F075
S2140090D00BFD49E09B46454607999EE79B4606F1F1
S2140090E020021092F27D7068A2B1002296F818C095
S2140090F00A99D5B2AC4511D9109D02F1010E35F88A
S21400910032508D4228D90E9806EBC2020144D0692F
S214009110084403E00E9A0A990A441044E26B15A923
S214009120556901221193A847159A0A9B1392E26B80
S214009130043395695846012213A90A93A847119B40
S214009140054603EB0802A2EB0B02042A7FF679AF72
S21400915028B90BF1040BC5E77246491BC9E7CDF8E1
S21400916020B088E770252F46384619B0BDE8F08F46
S2140091704FF0000A19E73269616CD31D1439B3FB4E
S214009180F1F3013302EBC302236B9342BFF404AE48
S214009190E9E71C27E8E700BF383D0020032A2DE951
S2140091A0F34106460D4617461C4606D1237A012B88
S2140091B023D0012002B0BDE8F081DFF860800968A6
S2140091C042460DF10703FFF7ABF960600028EDD1CA
S2140091D09DF80720237A032AE8D0D8F804106A6896
S2140091E09142E3D1012B2969D4F80CC007D17269EA
S2140091F00CEB0103934202D92074207CDAE7083195
S2140092006144E1603B46012229463046FFF7ACFD4B
S21400921060600028CAD00020CCE700BF643D002074
S2140092202DE9F341089C032A1746266806D1237ABF
S214009230012B24D0012002B0BDE8F081DFF8908039
S214009240304642460DF10703FFF76AF960600028D2
S214009250EDD12568D8F80400A96AD5F844C048407E
S214009260CCF100031840227AE1D1012A09D1E26844
S214009270D8F8103013447269934202D92074207CC7
S214009280D9E72868EB6A1B1A081AB3FBFCF3B0FB95
S214009290FCF083420BD1706CF36A421E1340326BB3
S2140092A0121A1344284633632BF0EBFFE862D8F813
S2140092B01020E36808321344E36001223B46044969
S2140092C02068FFF751FD60600028B0D00020B2E7AC
S2140092D0643D00202DE9F0410025604B0E46D3F892
S2140092E0008004461D6018B921252846BDE8F08197
S2140092F090F8347007B30A6803689A4240F0A38077
S2140093004A6843689A4240F09E808A6883689A4218
S21400931040F09980CA68C3689A4240F094800A690F
S21400932043699A4240F08F808A69C36B9A4240F044
S2140093308A804B698361D8E768223946856B11F0CD
S214009340FFFFD6E90212336804F108002360736851
S214009350A5636360336963617369A3612CF0A8F940
S214009360B36904F14000E3639B68984720B9676CD3
S21400937017B16368B3FBF7F794F84330E761002B47
S214009380B2D00023656C2366002D64D0002F62D017
S2140093902368B3FBF5F205FB1233002B55D1666844
S2140093A0B6FBF5F305FB1363002B4ED120462BF0DE
S2140093B077FEA369043303449E4248D340F63472D2
S2140093C06369CC3B934244D8B5F5805F43D3032111
S2140093D020462BF08EFED4E90001E36B1B6898470D
S2140093E00546E36B0220DB689847CDB94146204628
S2140093F0FFF77AF96428054604D141462046FFF770
S21400940073F90546666C5DB9236A2046143E5E43D2
S2140094102BF046FEA369043303449E4238BF5A2508
S214009420002D0CBF0123002384F8343007D1D4E983
S21400943000010B4A1368013313602CF0D3F9E06B7C
S2140094402BF0F0FF51E75D254FE759254DE75A25EC
S2140094504BE75F2549E75B2547E700BFC836002096
S214009460C43600202DE9FF410C4616461F46054629
S21400947080B390F834307BB3B1F5801F2ED2DFF87E
S214009480608001212BF035FE2146424628460DF12C
S2140094900F03FFF745F8044670B99DF80F30012B0F
S2140094A011D1D8F81030BB4212D102460090314696
S2140094B02846FFF743FB0446E86B2BF0B3FF204635
S2140094C004B0BDE8F081022B14BF2D246024F3E71E
S2140094D06324F1E72124F2E71124F0E72924EEE7DC
S2140094E0903D00202DE9F04385B00C4617461E46F9
S2140094F00546DDF8308098B390F8343093B3B1F574
S214009500801F31D2DFF8649001212BF0F2FD214656
S2140095104A4628460DF10F03FFF702F8044688B9BD
S2140095209DF80F30012B14D1D9F8102006EB080354
S2140095309A4213D300904346324639462846FFF7F0
S214009540FDFA0446E86B2BF06DFF204605B0BDE83B
S214009550F083022B14BF2D246024F3E76324F1E785
S2140095602124F2E71124F0E72924EEE7903D0020BD
S21400957073B50C461646054630B390F834302BB318
S214009580B1F5801F24D201212BF0B3FD21462846D9
S214009590104A0DF10703FEF7C3FF044680B99DF895
S2140095A00730032B0CD0022B0CD1284609492BF090
S2140095B097FF3060E86B2BF035FF204602B070BD99
S2140095C02D24F7E76124F5E72124F6E71124F4E7D4
S2140095D02924F2E7903D00202DE9F3411E460023A2
S2140095E00C4617460546336050B390F834304BB3FC
S2140095F0B1F5801F28D2DFF8548001212BF079FDC9
S2140096002146424628460DF10703FEF789FF044629
S214009610A0B99DF80730032B10D0022B03BF0123FF
S2140096203B600423D8F8103018BF38603360E86B0E
S2140096302BF0F8FE204602B0BDE8F0812D24F6E7B8
S2140096402124F7E71124F5E72924F3E7903D0020CD
S21400965073B50446056B2BF023FD636E03449D42F1
S2140096602CBF00230123854294BF00252D1A207CA1
S21400967084F85030656584F85800A8B100230C4E75
S2140096801A461946204600962BF0EEFF00230546A4
S2140096901A461946204600962BF0EFFFE36828444A
S2140096A0984294BF0020C01AE06502B070BD00BFAB
S2140096B0FFFF0F002DE9F3471E4643690446B342F9
S2140096C0884617469DF828904ED300258DF80750FB
S2140096D020462BF0E5FCD4F830A082450AD2236A57
S2140096E0B5EB430F06D2002220460DF10701FFF727
S2140096F045F9B8B39DF80730012B05D10022204666
S2140097000DF10701FFF73AF9B9F1030F06D031461C
S21400971020462BF0B5FC256B854227D3144D4FF021
S214009720FF31284600F0B2FA4B4629460022204672
S214009730C5E90376C5F80080FFF716FB236E0546DD
S21400974063B12046FFF784FF94F8503013B994F8BD
S21400975058301BB1236E04F150009847284602B0DB
S214009760BDE8F0870135B3E76225F7E71C25F5E786
S214009770643D00202DE9FF410F4690461E460546F3
S21400978098B390F8343093B3B1F5801F31D21A4CA9
S21400979002212BF0AEFC2246394628460DF10F0377
S2140097A0FEF7BEFE024678B10123424600933946D4
S2140097B033462846FFF77EFF0446E86B2BF032FE62
S2140097C0204604B0BDE8F0819DF80F30012BEBD1A8
S2140097D02169B142E8D10093414633462846FFF757
S2140097E0ADF904460028DFD1E7E72124E8E7112495
S2140097F0E6E72924E4E700BF903D00202DE9F04786
S21400980090F8423086B0012B05460391A1EB020783
S21400981040F0AA80FF2F03D81E464FF0640807E0EA
S2140098200226012B14BF4FF032084FF064080136B1
S21400983000244FF6FF79DFF844A195F84230012B5B
S21400984014BF322364239C4202D35FFA88F40DE0EF
S21400985005AB2246514628462BF020FE95F84230AE
S214009860012B059B34D14B452DD1E4B295F84230FF
S214009870012B14BF32226422121BB24217D3012ED0
S21400988039D10022012B05978DF8132027D1082205
S21400989005A90DF113002CF0BDF89DF81330059ABC
S2140098A042EA032221462846FFF730FA40B1022357
S2140098B0324900932846CC23096803AAFFF7FAFE2C
S2140098C006B0BDE8F087DBB203B902340134B4E772
S2140098D0591CCAD09BB2002BF8D10134F6E71022EF
S2140098E005A90DF113002CF095F89DF81330059A94
S2140098F042EA0342D6E7039A012B059223D10823B6
S214009900202205A90DF113008DF813302CF082F8F3
S2140099109DF81320120221462846FFF7F7F995F81E
S2140099204230611C012BC9B21AD10028BFD128468B
S214009930BDF81420FFF7EAF90028B8D10234BDF8C4
S2140099401620E1B2AFE71023202205A90DF113007F
S2140099508DF813302CF05EF89DF813201204DAE729
S2140099600028A4D1059A9EE7B7F5803F4FF0010680
S214009970BFF457AF4FF032085AE700BF903D0020C3
S21400998070B586B00E4605460392A0B390F8343004
S2140099909BB3B1F5801F32D202212BF0AAFB3146D1
S2140099A02846184A0DF11703FEF7BAFD044618B903
S2140099B09DF81730032B0ED102233146009328461C
S2140099C0CC2303AAFFF776FE0446E86B2BF02AFDAD
S2140099D0204606B070BD022B0BD10A4928462BF054
S2140099E07FFD039902468142EFD02846FFF706FF27
S2140099F0EAE76124E9E72124EAE71124E8E72924D5
S214009A00E6E700BF903D0020F7B50C461646054633
S214009A1068B390F8343063B3B1F5801F2BD20221BF
S214009A202BF067FB21462846144A0DF10703FEF784
S214009A3077FDC0B99DF80730032B14D0022B14D144
S214009A400E4928462BF04CFD471C02463946284650
S214009A50FFF7D4FE044606B13760E86B2BF0E2FC55
S214009A60204603B0F0BD2D24F7E76124F5E7212456
S214009A70F6E71124F4E72924F2E700BF903D002022
S214009A8030B50C46054685B028B390F8343023B37D
S214009A90B1F5801F23D202212BF02BFB0DF10F0313
S214009AA0214628460F4AFEF73BFD034688B99DF837
S214009AB00F20032A0DD00322214600920246284694
S214009AC0FFF7F8FD0446E86B2BF0ACFC204605B02B
S214009AD030BD2D24F7E72124F8E71124F6E72924E2
S214009AE0F4E700BF903D00202DE9F043466886B3BA
S214009AF0056898464FF0000CA946AE4655F83C401F
S214009B000CF1010CC4F31307013401D0B94217D08D
S214009B10B4450EF1080EF1D12F46002403E0B442FE
S214009B2007F1080712D055F8343001340133F6D166
S214009B30C1F3130141EA0851C7E90012BDE8F083FA
S214009B4041EA0851CEE90012BDE8F083B8F1030FF0
S214009B5003D101230372BDE8F083002303E0B34280
S214009B6009F10809F5D055F833400133C4F307541A
S214009B70032CF4D1C1F3130343EA0853C9E90032B6
S214009B80BDE8F0832DE9F0410646406882B0B8B1E2
S214009B900F4690460024336853F8345003EBC40352
S214009BA0C5F30752C5F31301013506D05B6830468E
S214009BB0CDF80080B84718B1706801348442EAD303
S214009BC002B0BDE8F08100BF024B1968024B18686E
S214009BD0FFF780BB5C6900207C69002008B535F083
S214009BE0A0FC014B186008BDBC3D0020014B186866
S214009BF035F092BCBC3D002073B504462248012ACD
S214009C0000EAC1119DF8185023F07C4007D9961E33
S214009C10012E28D9073303F07F03194308E09DF887
S214009C201C300A43DB0603F0C053134343F0604185
S214009C300023C4E900108DF80730B5B12022214674
S214009C400DF107002BF0E6FE1A220DF10700211D8C
S214009C502BF0E0FE082063689DF8072043EA826345
S214009C60636002B070BD1143E2E71B220DF10700EE
S214009C7021462BF0CFFE23689DF80720042043EAF8
S214009C80C2632360EDE700BF80FFFF0738B5094BCE
S214009C900D461A680021044611F052FB00234FF0CF
S214009CA0FF322383C4E900252361A260E382A37602
S214009CB038BD00BFF09604000138C0B205289ABF30
S214009CC0014B185C01207047F59604002DE9F04121
S214009CD00746154600240E46596888B0490A0129E9
S214009CE022464FEA510104F10104F8D8DC7899784D
S214009CF024031B88C90201F4006104F480540C4359
S214009D00C3F30A035203234492B24FF000089C1890
S214009D10274B6FEA0444039325F07843ED4302A9EA
S214009D200DF107001B2202938DF807802BF072FEC0
S214009D309DF80720029B02A943EAC2630DF10700C3
S214009D401B2225F07845049302958DF807802BF0AA
S214009D5061FE9DF80720029B6FEA144443EAC26343
S214009D6005934FF0FF330794069307A9BB690122BA
S214009D7006F110009847BB6905A90446012206F1C2
S214009D8008009847BB69404518BF044604A901224D
S214009D90301D98470122404518BF0446BB6930462F
S214009DA003A99847404508BF204608B0BDE8F081A3
S214009DB001009AB238B5104B0546D3F800310C4670
S214009DC003F00303022B0BD0032B0DD0012B0FD176
S214009DD033F080FC032305B1286004B1236038BD4E
S214009DE033F0C2FC0723F6E735F0AEFB0623F2E7B6
S214009DF001230020EFE700BF0080005038B5134B6A
S214009E000546D3F820010C4600F0070004281AD8AF
S214009E10DFE800F003090D111500012305B12860E5
S214009E2004B1236038BD33F01BFC0423F6E733F09F
S214009E3051FC0323F2E733F053FC0523EEE733F03F
S214009E4045FC0223EAE700231846E7E700800050B7
S214009E5038B5104B0546D3F840310C4603F00303E3
S214009E60022B0BD0032B0DD0012B0FD135F06EFB40
S214009E70082305B1286004B1236038BD33F074FCB4
S214009E800723F6E735F065FB0923F2E701230020F8
S214009E90EFE700BF0080005038B5104B0546D3F8FA
S214009EA060310C4603F00303022B0BD0032B0DD0BE
S214009EB0012B0FD135F04AFB082305B1286004B109
S214009EC0236038BD33F050FC0723F6E735F041FB3E
S214009ED00923F2E701230020EFE700BF00800050CF
S214009EE041F6713210B5104C104BA04294BF0024BE
S214009EF00124D969DA639A6801F4803122F44012A9
S214009F0042EA04529A600A4A90420A4AD2F8180272
S214009F108CBF40F0020020F00200C2F8180209B11F
S214009F200022DA6310BD00BF005A62020000035030
S214009F3080F0FA0200C007502E4B98424AD022D832
S214009F402D4B984240D014D82C4B984239D00AD882
S214009F502B4B984232D02B4B98422FD02A4B98420C
S214009F602CD000207047294B9842FAD1284B186F06
S214009F707047284B98422AD0274B9842F1D1244B61
S214009F80D3F880007047254B98422BD009D8244B35
S214009F90984223D0234B9842E3D11D4BD3F88C0034
S214009FA07047214B984221D003F5740303F51053F4
S214009FB09842D6D1164BD3F898007047144B986D3C
S214009FC07047134B586E7047114B586F7047104BC5
S214009FD0986F70470E4BD3F8840070470C4BD3F83D
S214009FE0880070470A4BD3F890007047084BD3F8A8
S214009FF0940070470048E8010024F400C0CF6A00CF
S21400A00080841E0000093D0040420F00405DC600EF
S21400A0100080E00FC0EA210180BA8C01007E560362
S21400A02080D54302006CDC020090D00337B50C46A6
S21400A0300021114B0191D3F88031054603F003034C
S21400A040022B0ED0032B11D0012B03D101A8FFF752
S21400A050D5FE0D210DB1019B2B6004B1216003B02C
S21400A06030BD33F03DFB05210190F3E733F02EFBC6
S21400A07002210190EEE700BF0080005038B5104B7B
S21400A0800546D3F840320C4603F00303022B0BD0F0
S21400A090032B0DD0012B0FD135F058FA082305B14C
S21400A0A0286004B1236038BD33F05EFB0723F6E773
S21400A0B035F04FFA0923F2E700231846EFE700BF12
S21400A0C00080005038B5144B0546D3F800020C4605
S21400A0D000F0070004281BD8DFE800F003090D1184
S21400A0E01500012305B1286004B1236038BD35F0A2
S21400A0F02DFA0823F6E733F037FB0723F2E735F0AF
S21400A10028FA0923EEE733F0CBFA0C23800AE9E7B6
S21400A11000231846E6E700BF0080005038B5144B11
S21400A1200546D3F808020C4600F0070004281BD8A2
S21400A130DFE800F003090D111500012305B12860C2
S21400A14004B1236038BD35F001FA0823F6E733F092
S21400A1500BFB0723F2E735F0FCF90923EEE733F0B3
S21400A1609FFA0C23800AE9E700231846E6E700BFBB
S21400A17000800050032814D005D8012805D00228F6
S21400A18009D0002005E00F28FBD1084B186FC0F35C
S21400A190013001307047054BD3F89000C0F30460DF
S21400A1A0F7E7024B186FC0F38020F2E700800050FC
S21400A1B01FB500230193252817D8DFE800F0131AEF
S21400A1C01D272C363B51565B60656A78161A40167A
S21400A1D016561A272C27361A5127783B3B3B3B2727
S21400A1E027275B6033F042FA0190019805B05DF8CE
S21400A1F004FB33F055FAF7E733F038FA024602204C
S21400A200FFF7B8FFB2FBF0F20192EEE733F048FA40
S21400A21002460320F4E733F043FA02460320FFF732
S21400A220A9FFB2FBF0F25208EEE7002101A8FFF703
S21400A230FDFEDAE7002101A8FFF7E0FDD5E702936F
S21400A2404FF0E0231B695B0705D533F029FA02902F
S21400A250029B0193C9E703A902A8FFF7F9FDF7E7F8
S21400A260002101A8FFF7F4FDBFE7002101A8FFF7D2
S21400A27013FEBAE7002101A8FFF724FFB5E7002187
S21400A28001A8FFF74BFFB0E7002101A8FFF792FDFA
S21400A290ABE7094BD3F8803003F00303022BA8D0BA
S21400A2A0032B01D000209FE733F01AFA9CE7002129
S21400A2B001A8FFF7E3FE98E70080005008B50120EC
S21400A2C0FFF776FFBDE808400349884294BF0121A6
S21400A2D00221032000F002B880F0FA02032810B52D
S21400A2E00C4627D004D8012804D0022817D010BD69
S21400A2F00F28FCD12BF0ACFB2BF0B2FB124A013C32
S21400A300136F23F4405343EA0433136733F0C8F95A
S21400A3100021FFF7E5FDBDE81040FFF7CFBF0A4A72
S21400A3204C1ED2F8903023F0F85343EA0463C2F888
S21400A3309030DCE7044A4C1E136F23F4806343EA34
S21400A34084231367D3E700BF008000501FB50023A7
S21400A3500193252821D8DFE800F013202020202AAA
S21400A3602F454A4F54595E7120203420204A202021
S21400A37020202A204520712F2F2F2F2020204F54B9
S21400A380314B1B6F03F00703013B032B05D8DFE8B7
S21400A39003F00C02080A04230193019805B05DF847
S21400A3A004FB0323F8E70623F6E70223F4E700207E
S21400A3B001A9FFF73BFEF0E7002001A9FFF71EFD0D
S21400A3C0EBE702934FF0E0231B695B0705D533F0FC
S21400A3D067F90B230393039BDEE703A902A8FFF7A5
S21400A3E037FDF8E7002001A9FFF732FDD5E700208A
S21400A3F001A9FFF751FDD0E7002001A9FFF762FE93
S21400A400CBE7002001A9FFF789FEC6E7002001A9D7
S21400A410FFF7D0FCC1E70C4BD3F8803003F0030302
S21400A420022B03D0032B05D00023B5E733F038F911
S21400A4300B23B1E733F054F90523ADE7002001A95B
S21400A440FFF71CFEA9E700BF0080005008B50320F8
S21400A450FFF790FE034B18702BF0FAFABDE80840A1
S21400A4602BF0FEBA065F002010B5044633F018F94C
S21400A4700021FFF735FD1CB1BDE81040FFF71EBFF9
S21400A480034B0320BDE810401978FFF727BF00BF35
S21400A490065F002038B50546FFF74EFD204B044604
S21400A4A05A68012A04D11F494A609A699207FCD16A
S21400A4B00020FFF74BFF042803D12BF0C9FA2BF03E
S21400A4C0CFFA194A24F0407395421FD0174A954296
S21400A4D01FD0174AD16811F0060FFBD19068936021
S21400A4E091684B4013F4F81F16D12846FDF766FD19
S21400A4F00020FFF72BFF042810D133F0D1F80021FD
S21400A500FFF7EEFCBDE83840FFF7D8BE43F0007317
S21400A510DFE743F08073DCE79060E9E738BD00BF13
S21400A52000C0015000E0015040420F0080841E0031
S21400A5300000015070B504460020FFF707FF03280F
S21400A5407CD045F60E030221414AC2F88030414BCA
S21400A5509962012103F580539962936DD903FCD467
S21400A560D4E900131B0543EA0163E17B94F823500A
S21400A5700B43217B43EA0143617B43EA0133A17B22
S21400A58043EA811313619169D4E904031B0643EA85
S21400A590806301F000410B43A17EE07E0B43217EE9
S21400A5A043EA0143617E43EA01239361E169136A4A
S21400A5B0002923F00D0343EA010314BF0121002103
S21400A5C043EA800343EAC103136294F8203094F808
S21400A5D02200916A4FEA431331D194F8216021F0AA
S21400A5E0330143EA06130B4343F0010393621A490F
S21400A5F0174A936D31EA0303FBD10221154B99628A
S21400A600936D5B00FCD41369A16823F4700343EADE
S21400A610015313614FF000420E4B9A6118B90222A3
S21400A62003F580539A6215B901220C4B9A6294F88E
S21400A63024301BB1064B0A4AC3F8802070BD21F0B7
S21400A640330129430B4343EA40039362EFE700BF1D
S21400A65000C0005000D000500300014000E0005051
S21400A660F1A7FFFF014B93F900007047075F00203A
S21400A670014B1880704700BFB06E00200C4A10B522
S21400A6801369044643F00403136133F079FB2BF09F
S21400A690EBF9084B084AC3F8202430BF2BF0E5F945
S21400A6A002F066F91CB9BDE8104032F0F9BF10BDE3
S21400A6B000ED00E000E003500000FFFF034A0179D0
S21400A6C0D36E23F030030B43D36670470040005030
S21400A6D0F8B504460D461F4616464AB101238B4080
S21400A6E03021184A01FB0022F7B141F21001535005
S21400A6F004EB4403072D4FF00F014FEA031316D85F
S21400A700A80006FA00F281400F4818442BF0B0F972
S21400A7104EB9012330210B4AAB4001FB042277B12E
S21400A72041F210015350F8BD42F21001DFE7A5F1E7
S21400A7300800800006FA00F281400448E5E742F28D
S21400A7401001EFE700C0035004C003500CC00350D4
S21400A750012200F5805310B55A60244B244AC3608A
S21400A76043691340FCD18361C0F89830436913F401
S21400A770401FFBD14369DA052CD4836F53BB436972
S21400A7809B0529D4D0F8883033BB0121C26FD0F89E
S21400A7908C2000F500525160302183600361C36253
S21400A7A003620167C0F880101249884208D142F25D
S21400A7B060041149846401654365846501664366E7
S21400A7C00C49884202D10020102B08D10B4B536253
S21400A7D0936210BD436FCDE7D0F88430CFE703F126
S21400A7E0280441F824000133EEE700BF12000200FF
S21400A7F0520001000040005A00C002808F330F80D4
S21400A800084608B569B91820FFF7D2FCB0B10C4B62
S21400A810984206D90B4B9B68C3F302730133B0FB17
S21400A820F3F0094B00F5742000F23F20B0FBF3F084
S21400A83001387F2828BF7F20C0B208BD0120F0E77E
S21400A840005A62020040005A40420F000B4B10B5FF
S21400A850994228BF19460C461AB91820FFF7A8FCDB
S21400A8600246631E1344B3FBF4F0A34228BF00F174
S21400A870FF30032828BF0320C0B210BD005A620272
S21400A88010B51048104C002B08BF04468C4228BF59
S21400A8900C461AB91820FFF78BFC02469DF80830C4
S21400A8A040F2FF300133B2FBF3F2631E1A44B2FBF0
S21400A8B0F4F3A24228BF03F1FF33984228BF18469C
S21400A8C010BD00BF80969800404B4C002DE9F04F1D
S21400A8D02DED068BB64D0C4616462946002285B051
S21400A8E00746FFF7B3FF94F805800122804538BF7E
S21400A8F0804607F500535A6020795FFA88F850B909
S21400A9001820FFF755FCA842014628BFB0FBF8F117
S21400A9103846FFF775FF4FF00009E37822781B01F1
S21400A920524202F0020203F030031343627800043E
S21400A930524202F004021343A27800F4FE00524290
S21400A94002F0080213434FEA087202F0E042134393
S21400A9501843E3882289B8603B616389DFF85CA20C
S21400A96043EA02433B62574502D1B9F1020F08D1D0
S21400A970012307F580577B6005B0BDEC068BBDE86C
S21400A980F08F002235788B488B49B468954218BF03
S21400A99001462B468948CDF80080FFF771FF07EB8C
S21400A9A009118B6CA2B223F0405323F4EE2323F05C
S21400A9B01F0305F003041C43737882424FEA8303A7
S21400A9C003F01C0344EA0304B37838BF02461B03B3
S21400A9D0F07803F4E0432343040404F4E024234320
S21400A9E034794FEA091C240704F0405423438B644F
S21400A9F08C6C09F1050BC4F30234013C7049042C3D
S21400AA0026D8DFE804F0252503101A00D1F8804187
S21400AA10240C2DB3C2F309020AEB0B135A6009F19A
S21400AA20010910369FE7D1F88441002DF2D1D1F804
S21400AA308C11A4B20914490015E0D1F88441002D08
S21400AA40E8D1D1F88C11240C091401EB41010AE07D
S21400AA50D1F88041A4B2002DDCD1DFED5A7A06E0B1
S21400AA60D1F88C11091407EE901AF8EEE77A012156
S21400AA700CF1B44C0CF5804C2304DCF8483024F47C
S21400AA80C045C3F3820C0CF1010C01FA0CF107EE81
S21400AA90101A4FEA854548BF45F0004513F01C0FD5
S21400AAA0B8EEC79AF6EE008A454B55D1D3F88C110E
S21400AAB00BB208EE103AB8EEC88A38EE278A9FED39
S21400AAC042AAF7EE049A00285DD103922BF04AF8CA
S21400AAD007EE900AF8EE677A87EE8A7AC9EE877AEA
S21400AAE027EE888A039A9FED397AC7EE097A9FED9A
S21400AAF0387A67EE877AB1EE007AB5F1004F48EE05
S21400AB00077A0BD09FED337A06EE104A77EE876A07
S21400AB10BAEEE86AF0EE477A56EE267AF5EEC07A96
S21400AB20F1EE10FACBBFF1EE677A78EEE78A77EEB1
S21400AB30E87AFDEEE87AC8BFFDEEE77A17EE901ADF
S21400AB40B1F5003F2ADB6FEA55456FEA45451B48DD
S21400AB504FEA0B1145505DE7D3F8901169EE286A6D
S21400AB6009B207EE101AB8EEC77AD3F8881177EE56
S21400AB70677A0BB208EE103A87EEA67AB8EEC88A65
S21400AB8038EE078A9BE7D6ED037AF8EE677A87EE0B
S21400AB908A7AC9EE877A27EE888AA4E711F5003FFD
S21400ABA0AABFC1F3110145F400350D43CFE700BF3E
S21400ABB0005A6202404B4C00809698000040005AB3
S21400ABC00080E00F0000000000007A440000804390
S21400ABD0000020440000004941F67132034BDA635E
S21400ABE0012203F50053DA60704700BF00000350EF
S21400ABF041F671320121044BDA6303F50052D1604D
S21400AC000022DA63704700BF00000350044B186848
S21400AC10421C02BF034AD2F894001860704700BF77
S21400AC208069002000400050CB784A7810B55B0160
S21400AC300C7843EA82030A79234343EA02130C2280
S21400AC40424302F1B0421363012C02BF8A78024BE2
S21400AC5043F8202010BD00BFD080035008B54FF049
S21400AC60B0435A6802B960B15B680BB12AF0A2FF24
S21400AC704FF0B04130B10120074B58602AF09AFFE0
S21400AC80C86008BD2AF096FF0223CB602AF092FF28
S21400AC900122024B5A60F4E70010005800200058CA
S21400ACA04FF0B0414B6810B50BB12AF083FF01227C
S21400ACB00B4BC4785A608378934043EA8403447805
S21400ACC02343047943EA0413447943EAC4038B60BC
S21400ACD0044B5A600378C3F10203CB6010BD00BF7B
S21400ACE00020005800100058054B5B69C3F385121E
S21400ACF0827003F03F021B0B42700370704700BF68
S21400AD0000C007500120034B9B680A3303F01F0363
S21400AD10984070470080E00F034BD3F82424D3F804
S21400AD2020041040704700BF00C003502DE9F843D0
S21400AD301E4B0546D3F810334B1E0E2B0E461746F9
S21400AD4090F8009044781DD909B34FF000082846C3
S21400AD50D7B134F001FC09EB4903072C4FF00F0183
S21400AD604FEA031315D8A400114808FA04F2A140CC
S21400AD7018442AF027FFBEB928468FB1BDE8F8432D
S21400AD8034F0EABB8846E2E72AF02BFFE3E7884682
S21400AD90E1E7083CA400074808FA04F2A140E7E708
S21400ADA0BDE8F8432AF01DBFBDE8F88300C0035095
S21400ADB004C003500CC003502DE9F041204B16464A
S21400ADC0D3F810234A1C05460C46407804D1D3F825
S21400ADD024142AF014FF0446002C2EDB072C14DC67
S21400ADE003274FEA84082A7807FA08F739461548F1
S21400ADF002FA08F22AF0E6FE6A78394602F0030202
S21400AE00114802FA08F22AF0DDFE012316F0050FBB
S21400AE100E4A18BF0E4903FA04F30CBFC2F81034EA
S21400AE20C1F8103416F0060F18BF094AC2F81434D9
S21400AE300123064AA340C2F820342046BDE8F0812C
S21400AE4000C0035000C4035008C4035000E0035081
S21400AE5000D0035070B504462FF023FB064630B9E9
S21400AE600FCC044D0FC594E80F0085E80F00304660
S21400AE7070BD00BFC03D002047F6FF739A42F0B594
S21400AE8070D0022970D8394B5B5C022B6CD8384DD9
S21400AE90DE0005EBC304A77815F83330012F3946DA
S21400AEA038BF0121012B16D1E078401A00218842D4
S21400AEB005D8012F2CBFC0190130C0B2F0BD431A0F
S21400AEC06568A0EB530335F913509542D4BF194675
S21400AED003F1FF30EBE760680028EFD0B0F90040E0
S21400AEE0944204DBB0F902409442B8BF144683880B
S21400AEF03544FF2B19BFC8232827B0F90630B0F910
S21400AF000870A3EB04030CBF0122002293FBF7F3A7
S21400AF106E7813441BB29E4201DD002B01DA731ECD
S21400AF201BB24FF47A7C00EBC305EA88AD685F1C61
S21400AF3014FB02521D4622EAE2723BB25C329E428B
S21400AF40B2FBFCF204DD00EBC307BF889742EAD2EF
S21400AF5000EBC5039888904228BF1046884238BF49
S21400AF600846AAE7FF20A9E70020A7E7FB9604000B
S21400AF70C03D00200229F0B560D8314B595C02294B
S21400AF805CD8304B13F83100012816D103EBC1030F
S21400AF909C78D878012C214638BF0121904294BF76
S21400AFA0C1EB0001C1EB0201001BCAB28242C8BF5E
S21400AFB000225B6833F91200F0BD002A3CD003EB98
S21400AFC0C1035968002939D09878904202D3B1F964
S21400AFD00200F1E7DC78B1F900009442ECD95C7825
S21400AFE08B88013CA3F1FF06734201F10405E4B22D
S21400AFF0734101F10C07DEB2B44216D805EBC30369
S21400B0004FF47A756A43B3F902405B68D21A04EBD0
S21400B010D47302EB630292FBF4F29042CCDBB1F9FC
S21400B02002009042C8DC10B2C6E737F833C05E1C98
S21400B0309445E3D33346DEE70348BDE70348BBE762
S21400B040FB960400C03D00200CFEFFFF0080FFFFC3
S21400B05008B50448FFF7FEFEBDE8084001202FF0C3
S21400B06026BA00BF009704007FB51422002101A86D
S21400B07010F066F9044B01A94FF0FF3002932FF051
S21400B0805CFA07B05DF804FB006A18002DE9F04191
S21400B0908CB08846DDE912761D460446002847D067
S21400B0A0002945D0002F43D0002E41D013F00F03C7
S21400B0B03ED120482049A360002A08BF01462362EB
S21400B0C0C4E90013404609A92AF02BFE68BB2046B7
S21400B0D0099934F09CFA2946204634F098FA6946D5
S21400B0E040462AF0ADFE00BB694620462AF0D8FE50
S21400B0F0404603A92AF0AFFEB8B9204603A92AF0B5
S21400B100CFFE06970127204645F0005506A907976B
S21400B11008952AF0C5FE204609A909960A970B95B8
S21400B12034F09BFA204634F055FA0CB0BDE8F081B6
S21400B1302120FAE700010004000101042DE9F04F88
S21400B14097B0894690461F460546DDF880A0002841
S21400B15000F0BB80002900F0B8803AB1229B002B9B
S21400B16000F0B380239B002B00F0AF80BAF1000FF5
S21400B17000F0AB80219B002B00F0A78067B13C68F5
S21400B1800026229B43440293464507D307B13C6002
S21400B190002017B0BDE8F08F3C46F1E75CB1229B7B
S21400B1A0219A9B5D125D01345340239A04F00F04EC
S21400B1B093550136E8E7A8EB060BBBF10F0F58D9FD
S21400B1C0434B4846C5E90034AC602C6213A92AF00C
S21400B1D0A8FD0028DDD1284613992BF00F0B34F07C
S21400B1E016FA5946284634F012FA484604A92AF0B8
S21400B1F027FE0028CDD1284604A92AF051FE48464D
S21400B20007A92AF028FE0028C3D1284607A92AF055
S21400B21047FE012322992F4ACDF828A00B930C92C3
S21400B2208A190D9228464BF000520AA90E930392F3
S21400B2300F922AF035FE28460DA92AF031FE239BF0
S21400B240039A99190123109111931292214A2846C4
S21400B25010A9CDF84CA01493159234F0FEF92846A8
S21400B26013A934F0FAF9284634F0B4F95E440028FD
S21400B2708FD1229B03EB060B239B1E44029B9B4510
S21400B28001D1464680E7ACB9219B2246CDE900A312
S21400B290494610232846FFF7F9FE00287FF479AFC9
S21400B2A00AF1100212F8013D0133DBB213700BB93C
S21400B2B05245F7D1219A1BF8013B125D01345340E9
S21400B2C006F8013B04F00F04D8E7212061E700BF31
S21400B2D003030004100000207FB50E461D460446FA
S21400B2E0F0B102B9E3B901230192029345F000538D
S21400B2F0039300230B4AA360C4E90023236220467D
S21400B30001A92AF0CDFD3146204634F080F92046CA
S21400B310294634F07CF9204634F05CF904B070BD60
S21400B3202120FBE700000943084B984202D0084B57
S21400B330984207D10B88B3F5105F14BF6FF08500F5
S21400B340002070476FF08500704700BF004440043F
S21400B3500013C0041038102808D8064BC34013F05A
S21400B360010F0CBF6FF08600002070476FF086005C
S21400B370704700BF010101002DE9F04FA7B008AFEC
S21400B380CDE90501DDE93295DDE9346A0021079251
S21400B390384610229846DDF8D8B00FF0D1FF1022BC
S21400B3A000210CA80FF0CCFF069B2BB96FF086048B
S21400B3B0204627B0BDE8F08F079B002BF6D0B9F1EA
S21400B3C0000F01D1002DF1D1309B13B9319B002B1A
S21400B3D0ECD116B9BAF1000FE8D1BBF1000FE5D0F9
S21400B3E040460599FFF7A0FF04460028E0D1014635
S21400B3F028221CA80FF0A4FF2022214614A80FF034
S21400B4009FFF1CA834F0F9F8002840F0AF80DDE973
S21400B4100612059814AB2AF08FFD04460028C7D103
S21400B4201498FFF797FF04460028C1D115B9CBF84A
S21400B4300000BDE7B14518D209EB05039E4214D2C1
S21400B4405545B3D82A46494630460FF0CBFF554BF4
S21400B450984526D006D3544B984524D003F5407320
S21400B460984520D06FF08504A2E74F4B98451BD037
S21400B47003F54073984517D04A4B9845F2D1554589
S21400B48094D815F00F0291D12B46CDE9009614A959
S21400B4901CA8FFF7FBFD814600285CD1CBF80050C6
S21400B4A086E7B146EDE7B1461022002110A80FF05E
S21400B4B047FF55453FF67AAF3C4B9845319B39D10F
S21400B4C00D2B7FF473AF01238DF84030309B0DF1C8
S21400B4D0410203F10C0153F8040B8B4242F8040BB3
S21400B4E0F9D11B78137001238DF84F3015F00F0833
S21400B4F042D025F00F034B440DF1300C03F1100E33
S21400B500624618685968083303C273459446F7D1F3
S21400B5100F2D33D825F00F03334403930CABCDE93E
S21400B520017310AB00934246002314A91CA8FFF732
S21400B53005FEB0E7102B7FF439AF309B10AA03F15D
S21400B540100E9446186859680833ACE80300734533
S21400B5506246F6D1CAE75246002130460FF0F0FEAA
S21400B5600023B9F1010FCBF8003002D06FF092043F
S21400B5701EE76FF08B041BE70F2D8FD910ABCDE9BC
S21400B580029600930197002325F00F0214A91CA829
S21400B590FFF7D4FD81460028DDD1B8F1000F3FF457
S21400B5A07DAFB7E7004440040010C0040013C00499
S21400B5B02DE9F04F8A46A1B00021DDE92A56DDE9E3
S21400B5C02C790590934606A8102298460FF0B8FEF0
S21400B5D0102200210AA80FF0B3FEBAF1000F05D121
S21400B5E06FF08604204621B0BDE8F08FBBF1000F57
S21400B5F0F6D00DB9002EF3D117B9B9F1000FEFD17F
S21400B6002E9B002BECD040460599FFF78DFE044696
S21400B6100028E7D10146282216A80FF091FE202226
S21400B62021460EA80FF08CFE16A833F0E6FF002881
S21400B63054D15A46514605980EAB2AF07DFC044676
S21400B6400028CFD10E98FFF785FE04460028C9D102
S21400B65016B92E9B1860C5E7BD4216D2AB199F429D
S21400B66013D24E45BCD83246294638460FF0BAFEAD
S21400B6703A4B98455BD003F54073984531D0384B2C
S21400B680984511D06FF08504ACE7344B98454FD001
S21400B69003F54073984525D0314B9845F2D14E4579
S21400B6A003D96FF089049DE73D46330798D13346AA
S21400B6B00122CDE900570EA916A8FFF7E7FC2E9B3E
S21400B6C005461E6000288DD04A46002138460FF0F9
S21400B6D037FE00232E9A012D13603BD06FF09204A4
S21400B6E080E73D460D3E4E45DBD801238DF82830D9
S21400B6F02B460DF1290205F10C0153F8040B8B4281
S21400B70042F8040BF9D11B780D3513704FF4807393
S21400B710ADF8363006AB01930AAB009332460023F1
S21400B720CDE902570EA916A8FFF708FDC7E73D4664
S21400B730103E4E45B5D82B460DF1280C05F1100EDF
S21400B740624618685968083303C273459446F7D1B1
S21400B7501035DFE76FF08B0444E700BF0010C0042D
S21400B7600044400410B54FF42F72002104460FF039
S21400B770E7FD8023C4F88C30054B04F19C00C4F828
S21400B7808430012384F88830BDE8104029F020BCBE
S21400B790E801040010B5D0F8A0400A468CB92AF09B
S21400B7A0E1FD044610B90024204610BD2D2896BFA2
S21400B7B0064B074953F82010064A07482AF018FF98
S21400B7C0F2E7D0F8A4101046A047ECE7EC97040088
S21400B7D0EB01040040FF03001B030400F8B590F8DB
S21400B7E08060044616B100263046F8BD2AF0EDFB10
S21400B7F00028F8D1012384F8803094F8883033B1DB
S21400B800D4F884101F4884F888602AF0F1FE4FF0C0
S21400B810FF37D4F8B402421C1FD0C4F8B47210F03C
S21400B820FF052CD020462AF0CDFB2946204600F006
S21400B830A7FB0028EDD020462AF0D2FB94F88830EB
S21400B8403BB1D4F884100F482AF0D2FE002384F8C7
S21400B8508830002384F88030C6E72AF0AEFE431C0A
S21400B860DDD1D4F88C30D4F89420013B9A4204DB26
S21400B870054A064906482AF0BBFE0126E9E70126E6
S21400B880C7E700BFB614040040FF0300F901040038
S21400B8901B030400F8B50B780446302B0D461646FD
S21400B8A004D14B7803F0DF03582B11D0284F6A1EC3
S21400B8B012F8011F002934D128460A220FF030FC66
S21400B8C0202C03460D4631D1B1FA81F040091AE02A
S21400B8D04A1C1F4912F8013F8BB928460FF02CFC72
S21400B8E01C4B02382340032B12D10134A41084428F
S21400B8F00AD1A87837288CBF0020012003E0CB5C53
S21400B90013F04400E6D1F8BDCCBF01200020FAE7D2
S21400B910002CB8BF0334B0EBA40FD4BF0120002026
S21400B920F1E77B5C13F00400C2D1ECE726B10843D4
S21400B93002D0013B61F100050122A240013A1A4003
S21400B940002D08BF9A420CBF01200020DBE700BF95
S21400B950D9BD040003000080F0B5037801467B2BB8
S21400B96017D10646022400220B4F16F8015F7D2DE4
S21400B97005D10B5D6BB9D24302F0010008E07B5D98
S21400B98013F0440002D001320134EEE7202DFBD044
S21400B990F0BD0020FCE700BFD9BD040070B5064628
S21400B9A00D460FF0C9FB044630462AF021FE044E31
S21400B9B0AC4200D370BD30462AF01AFE0134F7E7D9
S21400B9C08E0B04002DE9F84F044602215148FFF77C
S21400B9D0E5FF1E212068FFF7E1FF636858682AF03C
S21400B9E007FE4D482AF004FE67683B7BFD2B12D805
S21400B9F0D7F808804FF0FF3640460FF09DFB05460F
S21400BA00DFF81091DFF870A1DFF84CB10C3717F8AB
S21400BA10013BFF2B01D1BDE8F88F212B18D8212B35
S21400BA2036D8DFE803F0377274111B1D1F21353539
S21400BA30353535353535232527292B2D2F31353509
S21400BA403535353535353D33344C002D2BD12EE08C
S21400BA50334C344AFE2B08BF1446F6E7324CF4E764
S21400BA60324CF2E7324CF0E7324CEEE7324CECE781
S21400BA70324CEAE7324CE8E7324CE6E7324CE4E791
S21400BA80324CE2E7324CE0E7324CDEE7324CDCE7A1
S21400BA90234CDAE7314CD8E72AF09EFD01362AE03F
S21400BAA0002DB4D02E4C202B06F10106AFD002217B
S21400BAB04846FFF773FF1E214846FFF76FFF5046C4
S21400BAC02AF096FD594620460FF090FE254900289C
S21400BAD018BF214624482AF08BFD3B78202B02D144
S21400BAE02B202AF079FD21482AF082FD4DB118F866
S21400BAF006301F2B05D018F806001F2801D0AE42CE
S21400BB00CADB05482AF074FD81E7194C9DE7194CFD
S21400BB109BE700BF2E4D040040FF0300A302040075
S21400BB20B50204009A1C0400000304000703040086
S21400BB30F8020400F4020400EB020400E102040030
S21400BB40D7020400EC020400E2020400D80204005B
S21400BB50CD020400C6020400BD020400A2020400D6
S21400BB60A8020400B3020400B61404002C06040065
S21400BB70FF02040006030400821D04002DE9F04FB6
S21400BB809BB005468B460024009203930FF0D4FA30
S21400BB90249F039B04901C6028463C600AAA09A9BF
S21400BBA02AF048FD064658B90A980FF0C5FA3446FA
S21400BBB0B046039B1860D5F89C300293029B1BB9D5
S21400BBC020461BB0BDE8F08F029BD3F80890B9F171
S21400BBD0000F6CD02E4416F8013B202B11D0002607
S21400BBE00C23734309EB030A59F803300193002B27
S21400BBF058D0099B434555DB9AF808202AB1721C99
S21400BC0039E03B6801333B60E5E73968D5F89420B6
S21400BC100793039B521A1A601AAB03EB880151F87C
S21400BC20403C0199184605930FF0A0FD06900028A9
S21400BC30E5D101980FF080FADDE906230146DAF82F
S21400BC400400D7F800A090F80CC0BCF1FE0F16D187
S21400BC5003F1FF3EC64512D0D0F800900598019239
S21400BC600FF06AFA0AF1010A019A50442B5C23B1DC
S21400BC70386008F101081646B2E70130F6E7D5F855
S21400BC8094200591A2EB0A028A4220DC58460FF067
S21400BC9053FA059901447B290DD958461F4A009945
S21400BCA029F0BDF92B46049A2A4493422CD1029BD4
S21400BCB01B68029382E7DDE90012584629F0AFF9C7
S21400BCC05846174A0099013429F0A9F997E7BCF1BC
S21400BCD0FE0F94D1013B434591D1D0F800A0DFF888
S21400BCE040905AF80C2B22B9049B3B60039B1A60C9
S21400BCF0D8E75846009929F092F94A4658460099DE
S21400BD0029F08DF90134ECE713F8011B0029CCD19A
S21400BD104FF0200103F8011CC7E700BF0D03040025
S21400BD208E0B04002DE9F047002486B01C60DDE988
S21400BD300EA8064689468AF800401168154888F815
S21400BD40004017461D468DF81740FCF7A5F818B9B1
S21400BD5001242B6801332B600020D6F89C6036B98E
S21400BD6014B1012388F8003006B0BDE8F087B0684B
S21400BD7068B14B460021CDE902A8CDE900750DF16A
S21400BD8017022AF08EFA9DF81730002BE8D1366895
S21400BD90E5E700BF120304002DE9F0470446ADF5C1
S21400BDA0447D8022002104A802AF0FF0C9FA802249
S21400BDB02046009703AB04A9FFF7E0FE01283DD11B
S21400BDC004A80FF0B9F903993B68461A0B4426EA13
S21400BDD0E6762344054604A83246014418460FF08A
S21400BDE03FFC00228255D4F89060039B3968D4F853
S21400BDF090201944B14212DCD4F89410E81A024498
S21400BE00C4F89020014404AAC4F89410D418251845
S21400BE102B1B002B0DDC0DF5447DBDE8F087A05CE8
S21400BE202AF0DAFBD4F8903001360133C4F89030AB
S21400BE30DBE714F8010B2AF0CFFBE9E7EBDD24ADD6
S21400BE408022002128460DF5887A0FF079FA0DF148
S21400BE5010094FF40072002150460FF071FA4FF0AF
S21400BE6001084A46002312F8016BA6B904A84AF84E
S21400BE7028300FF061F92946334698451CDB19F83F
S21400BE80016B0DF5887C5CF8042B82420CD101F81E
S21400BE90016B0133F1E7202E03F1010304BF4AF8DA
S21400BEA0283008F10108DEE70DF1100E7244D25C6E
S21400BEB0B242E8D00022EA54D4F89060039BB34222
S21400BEC02FDC23462C4A04A92C482AF091FB28464E
S21400BED00FF032F90646039B3F68F61A1F4426EA1F
S21400BEE0E672E01917441D44E11904F190039942E3
S21400BEF03CD904F19803984238D26A1E81190B1A6D
S21400BF00002B27DD12F8013F00F8013BD4F89030F3
S21400BF100133C4F89030D4F894300133C4F8943028
S21400BF20EDE7D4F890300136E05C2AF055FBD4F803
S21400BF3090300133C4F89030C0E7D4F89020013B2D
S21400BF400132C4F89020D4F894200132C4F894202A
S21400BF50002BF2DC00232E44E355731B002B7FF7E7
S21400BF605AAF15F8010B2AF037FBF6E729460FF013
S21400BF7077FB3346ECE700BFE80104001703040034
S21400BF802DE9F843D0E9245604460F46002294F8DB
S21400BF909830012B07D10A2F07D1002384F8983058
S21400BFA00020BDE8F88300F29F801B2F01D10223FA
S21400BFB0F4E70D2F0DD1012384F898300D202AF0D8
S21400BFC00BFB0A202AF008FB00230120C4E92433D7
S21400BFD0E7E74FF00008082F84F8988034D14545ED
S21400BFE030DDB5420FD138462AF0F6FA20202AF086
S21400BFF0F3FA013D38462AF0EFFA013E04F80580D0
S21400C000C4E92456CCE7FBDA05F1FF3938462AF0B6
S21400C010E3FA04EB0903A6EB0902611918460FF0D0
S21400C020E1F904F806800146013E48482AF0E0FAA5
S21400C03035464D4501DC4D46E2E708202AF0CCFAAD
S21400C040013DF6E7ACD0DBE77F2F1CD1002EA7DD45
S21400C050B542A5DA6319691C21441846721B0FF015
S21400C060C1F904F80680014639482AF0C1FA0820CA
S21400C070013E2AF0B1FAB542F9D1D4F89430013B2A
S21400C080C4F894308CE70A2F98D0092F03D12046A5
S21400C090FFF782FE84E7D4F88C30013BB3427FF78B
S21400C0A07FAFB54204EB050805F101090CDB384605
S21400C0B088F80070D4F89430C4F890900133C4F82F
S21400C0C094302AF089FA6BE74146721B04EB0900AC
S21400C0D00FF088F940462AF08BFA0820013E2AF035
S21400C0E07BFAB542F9DDE2E7022B06D15B2F01D1E0
S21400C0F0032353E784F8982049E7032B7FF450AFD7
S21400C100413F84F89820032F3FF64AAFDFE807F058
S21400C11002070A16012120462AF00FFA40E74FF0E0
S21400C120FF31F8E7B542BFF63BAF605D2AF054FA40
S21400C130D4F890300133C4F8903031E7002D7FF703
S21400C1402FAF013D0820C4F89050BAE72003040042
S21400C1501A07040008B50248FEF79CF9002008BD3F
S21400C16000B4C40430B58BB06C46174D0FCD0FC469
S21400C1700FCD0FC495E8030084E80300134BD3F8F3
S21400C1804C2112031CD5A3F5FE431C884FF6FF7303
S21400C1909C4208BF8C248DF81940FEF763FA2044B1
S21400C1A080F308008DF818000948FBF70DFF684675
S21400C1B0FEF7C0F93220FEF75BFA00200BB030BD68
S21400C1C0D3F85041E4B2E6E7A49804000080E00FFC
S21400C1D000F049020028ACBF00F16040064B4FEA71
S21400C1E00111C9B2ABBF00F5614000F00F0080F846
S21400C1F000131954704700BF14ED00E008B533F083
S21400C2009DF90B4B1A7872B901221A7033F091F926
S21400C2106FF0040210460132052152B2FFF7DAFF32
S21400C2203D2AF7D108BDBDE8084033F082B900BF0B
S21400C230085F0020002807DB01234109034A00F0BD
S21400C2401F00834042F82130704700BF00E100E045
S21400C250054B421153F8223000F01F0023FA00F07D
S21400C260C04300F00100704700E100E0002808DB52
S21400C27001224309034900F01F008240603341F861
S21400C2802320704700E100E010B5044633F049F97A
S21400C290024B1C6033F040F9002010BDE83D002042
S21400C2A010B533F03EF9034B1C6833F035F92046E1
S21400C2B010BD00BFE83D002038B50C4615460146C7
S21400C2C010B9FFF7EDFF01462B46224603480DF056
S21400C2D047FF0028D4BF3720002038BD8B670300F7
S21400C2E008B500F0E3FB18B16A21024833F01BFAE8
S21400C2F0002008BD2503040008B500F049F80C4AE4
S21400C300536A43F470235362EFF308834FF0CD3142
S21400C310084A043B934208D200F070FAFFF7E0FFA9
S21400C320BDE808400448FEF795BD43F80419F1E758
S21400C33000ED00E0080000200097040007B5042286
S21400C34000200DEB02012EF070F8042803D0D72150
S21400C350044833F0E8F9019800F0DCF903B05DF822
S21400C36004FB00BF25030400082310B50C0A414057
S21400C3700648C9B241F30002013B024013F0FF0336
S21400C38082EA5101F6D184EA010010BD2083B8ED9F
S21400C39038B5FEF73BFC044629F006FCE3072AD432
S21400C3A001221046114600FA01F3234002F1010271
S21400C3B023D01D4B33F811301C48062B02884488C6
S21400C3C01B4920D14FF20F039C4219D1B2F5406FA2
S21400C3D028BF4FF4C0624CF23C330A80438040F2E0
S21400C3E001730A889A4201BF124B134AD2E9000130
S21400C3F0C3E9000115E00021DBE7102AD2D1DBE714
S21400C4004FF4C062E7E740F20725AB420AD14FF28D
S21400C4100F05AC4206D19A4204D14CF23C320B8056
S21400C420428038BD0B80DAE7689A04004466002034
S21400C430FA570020EC3D00203C660020014B18888F
S21400C440704700BFFA570020014B1888000A704753
S21400C450FA570020044B05481B881A0AB3F5406FAC
S21400C46038BF00EB82007047FA570020389A040065
S21400C470044B1888044B020A53F82230C0B203EB70
S21400C48080007047FA570020089A040010B504464A
S21400C49033F04BF84FF20F02044B1C805A80BFF368
S21400C4A05F8FBDE810402AF03AB900BF446600200E
S21400C4B06D4A2DE9F0416D4B55686D4C5D65516ACE
S21400C4C099656C49D1F80002D865D1F80412586B0A
S21400C4D01966916A10F0040F5966D16A4FF0000091
S21400C4E09966116BD966516B1967D26BD8645A6717
S21400C4F0D3E90E1218BF11465F4A91421A655DD302
S21400C50001F12000A04259D88869C5F308051864CF
S21400C510CE69062D5E6455D1584DA84252D3584D6B
S21400C520A8424FD205884DF6426085424AD1186827
S21400C530C3F890005868C3F8940040F20170A24215
S21400C540154604D22E680432B6F1CD3FF7D000224D
S21400C550C3E91E22C3E92022C3E92222641BDFF8B6
S21400C5601CC1434DDFF818E19C648D422DD8D3E9F9
S21400C5701EC7D3E92065D3E922414FF0000E013AE9
S21400C580D2B2FF2A3CD1BEF1000F05D0C3E91EC7C8
S21400C590C3E92065C3E92241B3F85430C3F3080366
S21400C5A00C2B3BD8022B54D9DA1E092A51D8DFE8C7
S21400C5B002F03157404350505050504D0021C3E9CF
S21400C5C010112D494FF42060B9E755F8044D644525
S21400C5D0CBD37445C9D2E607C7D50026294F57F8EE
S21400C5E0048FA045C1D00136062EF8D132B1013AEB
S21400C5F0D2B202F11E0643F82640B6E70522F8E757
S21400C600E0464FF0010EBC4637462E4625460C4601
S21400C6104146B4E740F60120BDE8F0813B2B18D137
S21400C620194B9B6913F0020F40F2025318BF1846CD
S21400C630F2E740F60320EFE740F6042240F20173EB
S21400C640B0F5206F0CBF10461846E5E740F605200B
S21400C650E2E740F60722013B4B2B98BF1046DBE78C
S21400C66040F60220D8E700BF00ED00E0AC650020F1
S21400C6700810002000E100E008000020D042000082
S21400C68040FB0300206600200080015A00F00CB832
S21400C69000F00AB800F008B800F006B800F004B8D9
S21400C6A000F002B800F000B872B61EF0080F09D00D
S21400C6B01EF0040F0DD0DFF850E0AEE8FF1F6FF05D
S21400C6C002000CE0DFF840E0AEE8FF1F6FF00E005F
S21400C6D005E0DFF834E0AEE8FF1F6FF006006946BD
S21400C6E0EFF309828EE8070086460848084C854521
S21400C6F001D3A54501D384F30888FFF7D9FE84F358
S21400C7000888FFF7C3FE0000AC6500204800002044
S21400C710081000204BF6EF6283B2002B08BF1346CA
S21400C720044A000C13804FF6CE2308BF1846024B6F
S21400C73018807047B46E0020B26E00200B4BB3F921
S21400C74000201888002AB8BF80F0620042001A80D5
S21400C750074AB2F9001013880029BCBF83F480533F
S21400C76083F00B035900118058407047B46E0020C8
S21400C770B26E002007B5684600F01AF8DDE9000141
S21400C7800022034B03B05DF804EB2AF0C4BA00BFE6
S21400C790F43D002007B5009313460A4601460348B9
S21400C7A02AF06DF803B05DF804FB00BFF43D0020EE
S21400C7B00249034A0160521A42607047886F00209F
S21400C7C00000012000487047F43D002038B5416065
S21400C7D0044632F0A6FE05462146044828F0FBFB38
S21400C7E02846BDE8384032F097BE00BF1C3E002009
S21400C7F0014828F0EDBB00BF1C3E00200222014B82
S21400C8001A6770470040005070B532F08AFE174E27
S21400C8100546174832F030FF3378CBB900F046F9BA
S21400C820044620B1284632F077FE204670BDFFF75A
S21400C830DFFF32F0EBFF0F4B1C6031F01DFC0E4BA0
S21400C8400E4A1860536F43F0010353672AF07FFACD
S21400C85000F028F82AF092FA094B00241860012309
S21400C8602846337032F058FEDFE700BF145F002022
S21400C870E0980400203E0020483E00200040005083
S21400C880243E0020054B1B685843054B00F57420DA
S21400C89000F23F20B0FBF3F0704700BF483E002098
S21400C8A040420F00294B2A4AD3F8003170B503F0F6
S21400C8B00303136031F076F94FF4C870FFF7E2FF18
S21400C8C00022244B24491860244C0B680132D2B253
S21400C8D00A2A44F8040BF9D1034400EBC0000344D1
S21400C8E00B601F4B1F4D1B7813B3184BD3F800314A
S21400C8F003F00303022B22D0032B23D0012B17D1E6
S21400C90030F0E8FE024698B1174B184EDC6800235C
S21400C9101946C4F30B04013404EB84040138E4FB29
S21400C92006010EF0A1F9FFF7ADFF2B6803442B605C
S21400C9301F20FFF7A7FF2B6803442B6070BD30F065
S21400C94013FFDFE732F000FEDCE700BF0080005098
S21400C950883E00204C3E0020503E0020543E0020E2
S21400C960185F0020803E002000C0015040420F00AB
S21400C9700122154B10B55A67144B154C1B7813B390
S21400C980022032F034FFF0B131F0FCFBD8B1A36DD9
S21400C990D90302D5E36D9A0715D40D4B9B6DDB07C3
S21400C9A011D401220B4B1A7032F015FFBDE810406F
S21400C9B0094B0A4A1860136F23F0070343F003037A
S21400C9C0136730F06DBE10BD00D00050195F002018
S21400C9D000C00050165F00207C3E00200080005003
S21400C9E00122014B1A707047195F002007B5FFF748
S21400C9F0C1FE01A8FEF778F99DF80530012B25D178
S21400CA00234B9A6DD20311D45A6B6FF3162242F45D
S21400CA10BC1242F4A0625A631A6B22F4704242F4CB
S21400CA2040421A631A6B42F4E0621A639DF80430BF
S21400CA3063B94FF000531B68164B1B68164B1B68F8
S21400CA40164B1B68164B1B68164B1B68164AD2F80B
S21400CA50803043F00303C2F880302AF097F9FFF7DE
S21400CA60CDFBFFF777FBFFF77DFB0DF0C3FBFFF772
S21400CA70CBFE00F01BF82AF08AF9FFF73DFC2AF0FF
S21400CA8095F92DF00CFB03B05DF804EB2AF080B9A5
S21400CA9000C00050004000200080002000C00020A1
S21400CAA000000120004001200080005070B532F0E8
S21400CAB045FD144E05463478FCB9134B1C60134BE9
S21400CAC01C60134B1C6000F031F8012031F048FC6C
S21400CAD031F03AFC0F4B0246186020B9284632F077
S21400CAE028FD232070BD234640F2E7310A480EF0A9
S21400CAF0BBF80A4B186001233370284632F019FD44
S21400CB000020EFE71C5F0020983E0020943E0020A7
S21400CB10A03E00209C3E002018FCFFFF903E002018
S21400CB20014B1868704700BF903E00201FB50024D8
S21400CB30184B18689A880290D3F806009B7A0090E3
S21400CB401548ADF80C208DF8043032F095FD02A89B
S21400CB508DF808408DF80C40FEF7A2F869460120D3
S21400CB608DF80040FEF760F81F220C4B9A615A6160
S21400CB704FF0B042936A13F00803FBD11362012012
S21400CB80FEF76CF80A20FFF771FB0A20FFF752FB4E
S21400CB9004B010BD919A0400D898040000200058F4
S21400CBA010B532F0CBFC4FF0B04304465B691A0771
S21400CBB0074A03F0010003F00D0348BF40F00200EF
S21400CBC0536131F0F5FA2046BDE8104032F0B1BCB2
S21400CBD00020005821282DE9F341054604D82C46AC
S21400CBE0204602B0BDE8F08100240B4E0B4FDFF864
S21400CBF030800023CDF800801A461946386828F0A1
S21400CC0033FD8442EBD2222CE9D056F8043BAB42EB
S21400CC10E6D00134EDE700BFB09D04007C6900203B
S21400CC20FFFF0F002DE9F04F644E654D89B02AF0E6
S21400CC3009F931682868FCF74DFB0446002827D020
S21400CC4033680024D3E900019A6912689047336874
S21400CC5004A89B699B689847336802209B69DB6839
S21400CC609847326805985368E7B2B3FBF0F3BB42C7
S21400CC70916904F101044ED8CB68002098473368C8
S21400CC809B695B68984731682868FCF723FB044675
S21400CC900027DFF844A1DFF84481DFF84491F4B9B7
S21400CCA0484B2868DB5D002B00F08380D8F80060D6
S21400CCB002AB314603AAFCF78FFC2D2807D070B9CB
S21400CCC0039B012B0BD031462868FCF7D9FEDAF817
S21400CCD0003031461A682868FCF752FE04460137D1
S21400CCE0222F0AF1040A08F1040809F10109D6D135
S21400CCF0B4FA84F3344A5B0913702B681B7C33B197
S21400CD002AF06CF818B1DB21304832F00CFD2046D2
S21400CD1009B0BDE8F08F12680B6907FB0020984742
S21400CD209FE7D8F8003003AA194402AB0191FCF73C
S21400CD3053FC2D28034601992BD0286813B30BF11A
S21400CD40010B5FFA8BF18E422868EAD8204BDB5D38
S21400CD50002BC4D0F3B27E2B2868C0D8D8F8003099
S21400CD6003AA06EB030B594602ABFCF735FC2D284D
S21400CD70B5D059462868FCF783FE013604460028DD
S21400CD80E8D0ACE7039B7BB999F80020029B9A4257
S21400CD90D5D099F80030DAF800202868FCF7EAFCCD
S21400CDA00028CCD00446D1E70191FCF769FE019932
S21400CDB0EFE7084BA346DE5DC3E700BF5C690020D3
S21400CDC07C6900208C9D04001E5F0020AC030400DC
S21400CDD06A9D0400269D04009C9A0400B09D0400F1
S21400CDE0489D0400F8B51F46214B04461B780D46A7
S21400CDF0164623B100F47E23B3F50E2F2BD0204623
S21400CE00FFF7E8FE2128044614D81A4B53F82010E2
S21400CE10194B1B78ABB1194B212C18681DD8184B31
S21400CE201B5DD3B13268FCF7ABFD044650B129F068
S21400CE30D4FF07E0FF2807D93A46314680B229F0EA
S21400CE40E0FC00242046F8BD4FF4A9710D4832F0EE
S21400CE506AFC0021DCE70146DAE77F2D08BF0025E3
S21400CE603B46324651FA85F1FCF784FCDDE700BF0D
S21400CE701D5F0020B09D04001E5F00207C6900201E
S21400CE808C9D0400AC03040030B5134600F07E62AF
S21400CE90B2F17E6F8BB00DD10A46C0F30B01684627
S21400CEA0FEF71AFA20B140F29311094832F03BFC23
S21400CEB00BB030BD5A0829F093FF0028F8D04FF485
S21400CEC09C7103480BB0BDE8304032F02CBC00BF6C
S21400CED03D0404002DE9F743C70705460E461446F1
S21400CEE004D540F2E311494832F01DFCE10704D5B1
S21400CEF04FF4F271454832F016FC454B93F800802B
S21400CF00B8F1000F20D043F260239D4208D122469C
S21400CF10314640480EF0A4FB002003B0BDE8F08385
S21400CF20C5F30B0705F44055B5F5805F14BF4FF405
S21400CF300F204FF40E20234632467F21384303B09D
S21400CF40BDE8F043FFF74EBF05F47043B3F5805FCE
S21400CF503FD1C5F30B05304A05F17E65631E2B44B1
S21400CF60934230D82F46DFF8A49007EB04084745D5
S21400CF7042D1AA070ED04FF6FF7336F8022BA81E32
S21400CF8043EA024304220DEB02010193FFF77CFF04
S21400CF900235023CA3070ED0023C24F00103F35AEC
S21400CFA004226FEA03436FEA13430DEB02012819CC
S21400CFB00193FFF769FF002CAED022463146284683
S21400CFC0FFF762FFA8E740F2FD11104832F0ABFB16
S21400CFD0C8E705F46043B3F5005F04D1C5F30B055D
S21400CFE005F53E25BEE740F20521084832F09BFBDA
S21400CFF06FF00F074546B6E717F8013BFF2BB6D094
S21400D0004FF40471484632F08EFBB0E73D0404004E
S21400D0101D5F0020B66E0020FF03E00F10B500F085
S21400D02077F829F029FF044618B100F079F8204671
S21400D03010BD00F07BF804460028F6D10122014B13
S21400D0401A70F2E71F5F0020054B1B7833B1054BC3
S21400D050C0F3130100221868FCF7D6BC11207047F5
S21400D0601F5F00207C690020144B2DE9F0411B78DF
S21400D07005460E461746FBB129F0E5FE012805D900
S21400D080841EE4B2012C09D9212412E03B46314625
S21400D0902846BDE8F041002200F052B800F038F80B
S21400D0A03B4600223146284600F076F8044600F05B
S21400D0B037F82046BDE8F0811124FAE71F5F00200C
S21400D0C0124B70B51B7804460D461646E3B129F0A0
S21400D0D0BAFE012805D9831EDBB2012B08D921240C
S21400D0E010E0324629462046BDE8704000F040B8C1
S21400D0F000F00EF820463246294629F0BFFE0446C8
S21400D10000F00EF8204670BD1124FBE71F5F0020DC
S21400D11008B532F006FA014B186008BDA43E0020A0
S21400D120014B186832F0F8B9A43E0020024B19688B
S21400D130024B1868FCF7CEB85C6900207C690020BA
S21400D14037B505460C46C0F313010848ED020068E3
S21400D15005D5224603B0BDE83040FCF709BA009377
S21400D16013462246FCF7BEF903B030BD7C690020AA
S21400D17030B405461346074A0C46C0F31301106840
S21400D180EA0203D5226830BCFCF7FABB224630BC64
S21400D190FCF7F0BA7C690020F7B505460F46144642
S21400D1A01E461BB92125284603B0F0BD0029F9D03C
S21400D1B029F049FE4BF23462ABB2934220D14FF0D5
S21400D1C0FF3322466946CDE9003325483346FFF74C
S21400D1D0E3FF08220546234968460EF0FDFB38B9F2
S21400D1E033462246694641F2F010FFF7D5FF054662
S21400D1F0002DD8D13246694638460EF031FAD2E7CD
S21400D20041F2F01293420FD1174B311908299A6C4C
S21400D210DB6CC7D8CDE9002332460DEB0401384657
S21400D2200EF01EFA0025BEE702280BD1C5F30C430C
S21400D23032199342B6D3C5F30B0104F17E6432462D
S21400D2402144ECE7032809D1C5F30C433219934275
S21400D250A8D3C5F30B0104F53E24F0E70125A2E7A9
S21400D260021008C03C9E04000080E00F10B52CF0B1
S21400D270B6F82DF06CF9BDE81040034601210220F7
S21400D280014A02F00BBC00BFD404040013B5D0E979
S21400D290023253F822301C7820462CF0B2F823468F
S21400D2A0009001210220024A02F0F8FB02B010BDF5
S21400D2B0E8040400014B18782BF078BC205F0020AF
S21400D2C0FF232DE9F04F8FB01122002108A88DF81A
S21400D2D013300EF035F808A82AF026FE01210220A9
S21400D2E0B04A08AB02F0DAFB41F24903AE4A01212C
S21400D2F0022002F0D3FB06A82AF045FF08A90DF18C
S21400D30013002AF04BFF02200021A84A02F0C6FBB9
S21400D31000202BF07CFC10B106A809F0CDFB9DF98F
S21400D3202A3001210220A24A00939DF82B3002F0F9
S21400D330B5FB2CF050F8831EDBB2FC2B054631D82B
S21400D340012102209B4A02F0A9FB01249A4E9B4F22
S21400D350DFF8D082234632460021022002F09EFBF0
S21400D36005A9E0B22CF039F8034650B1A0F1160238
S21400D370012A40F2AA8042460121022002F08EFBDA
S21400D3800CE09DF914303A4601939DF816300121C1
S21400D390009302209DF8153002F080FB0134E3B2C2
S21400D3A09D42D7D8BDF8284007F072FF23460021DB
S21400D3B0834A0090022002F071FB02200021814A7D
S21400D3C002F06CFB00202BF022FC10B108A809F03C
S21400D3D073FB01217C4A022002F060FB2BF059FF10
S21400D3E004462BF054FF23460121784A0090022081
S21400D3F002F054FB08F024FC00210220744A02F0DC
S21400D4004DFB9DF81330FF2B65D000210220714A9A
S21400D41002F044FB01216C4A022002F03FFB2AF096
S21400D420C2FE012103466C4A022002F037FB07F0D9
S21400D43007FF00210346694A022002F02FFB2AF06C
S21400D440B8FE04462AF0B7FE23460121644A00903F
S21400D450022002F023FB32F073F908F099FC012158
S21400D4600346604A022002F019FB0025DFF8B88167
S21400D47008F08EFCECB2A04233D832F061F90123FA
S21400D480594A1946022002F009FB00202BF08EFBB9
S21400D490564B574C0093012100230220554A02F0B8
S21400D4A0FDFA236863B1012102201B78524A02F07C
S21400D4B0F5FA2368012102205B78504A02F0EEFA62
S21400D4C02BF079FB0FB0BDE8F08F012102204C4A0B
S21400D4D002F0E4FA62E7002102204A4A02F0DEFA8D
S21400D4E098E7494B204603EB0416D6F8089008F058
S21400D4F009FD8246204608F051FC444F00280CBF28
S21400D500C346BB46204608F0FDFC0AF0B7FA0028E2
S21400D51008BF4746534600210220CDE900B73C4AE3
S21400D52002F0BCFAB37901210293B388022001937A
S21400D5307388384A0093337B02F0B0FA0026DFF88F
S21400D540ECB099F80430F4B2A34203D832F0F8F8FD
S21400D55001358DE714235C43D9F8007002203A5B4E
S21400D56007EB040A9AF90C3000922B4A002132EAA3
S21400D570230228BF5A461346284A02F08FFA002094
S21400D5802BF045FB38B150463C5B2AF07BFE01464B
S21400D59020460AF0C1FA01210220214A02F07EFA52
S21400D5A00136CEE7290504003805040054050400BA
S21400D5B0800504005B05040071050400780504007E
S21400D5C0AD050400CD05040017060400D6050400CA
S21400D5D0F8050400192404000306040019060400D4
S21400D5E02F06040045060400BE060400D606040006
S21400D5F040430020CA060400E4060400F8060400BF
S21400D60095050400B50204007442002000050400DD
S21400D61050060400700604001D050400A60604005B
S21400D6202E4D0400A00504000805040011050400A2
S21400D6302DE9F7430025134EDFF8588008F0A8FBC5
S21400D640ECB2A04202D803B0BDE8F0832701204622
S21400D65016F8079008F0A2FB0B4A4B46002808BFB6
S21400D6604246002102200092084A02F017FAF05DB6
S21400D6702AF0A5FD01210220054A02F00FFA013525
S21400D680DCE700BF74420020C75304001307040001
S21400D6902E4D0400D153040008B583685A681178EB
S21400D6A0C26853F82230A1F1650251425141187800
S21400D6B008F02AFD30B9BDE8084001210220024AE0
S21400D6C002F0ECB908BD00BF1E07040000210220CE
S21400D6D0014A02F0E3B900BF380704000021022027
S21400D6E0014A02F0DBB900BF6607040010B5044625
S21400D6F086B01822002168460DF022FE68462BF000
S21400D700D4F9D4E9022052F8203002EB80021B78CC
S21400D7108DF80B30516891F900108DF80A10916859
S21400D7200988ADF808106168091A032907DDD26870
S21400D73003F01F03127843EA42138DF80B30684655
S21400D74007F054FE00210346024A022002F0A6F922
S21400D75006B010BD8207040007B500202BF0FFFDC1
S21400D76000210090034B0220034A02F097F903B011
S21400D7705DF804FB8F0704009507040013B5D0E995
S21400D780023253F8221003EB82035B6808781968AC
S21400D7900023094CA222994208BF2146C01A18BF8E
S21400D7A001202BF0D0FD01210090044B0420044AF8
S21400D7B002F074F902B010BD00F8FF075C490400DF
S21400D7C0A708040013B5D0E9023203EB820153F830
S21400D7D02230D1E901141878FF22003818BF012042
S21400D7E0237809682BF0AFFD01210090034B04203D
S21400D7F0034A02F053F902B010BD00BFA0070400B0
S21400D800A708040008B5002101230C4A2BF00DFCE4
S21400D8100A482BF06BF90020094909F0E5F90020C9
S21400D8202BF0F5F910B1054809F046F9BDE80840B7
S21400D83001210420034A02F031B900BF51640020E0
S21400D840B50704002E4D040010B52AF0B6FC0346BA
S21400D85030B1BDE8104001210420054A02F01EB98F
S21400D8600121BDE810400420024A02F017B900BFAB
S21400D870C3070400D407040010B52BF03BF9BDE83D
S21400D8801040034601210220014A02F007B900BFFA
S21400D890DF07040010B52BF0FEF8BDE81040034685
S21400D8A001210220014A02F0F9B800BFF507040082
S21400D8B037B5D0E90232012453F822304FF6FF7014
S21400D8C01D78FE2204FA05F100232BF0B0FD2B464E
S21400D8D0009021460420024A02F0E0F803B030BD72
S21400D8E009080400D0E9023253F822301B7823B12D
S21400D8F001210220024A02F0D1B8024A1370704792
S21400D90028080400205F002007B568462AF03BFC84
S21400D91007F0BEFC01210346084A022002F0BEF8CA
S21400D920684609F0C9F807F027FF01210346044AB4
S21400D930022002F0B3F803B05DF804FB3E080400D2
S21400D9405808040037B5D0E90245406854F8253039
S21400D950401B0328D8BF002004EB8504C8BFE0683E
S21400D96019786368C8BF00781A78A36893F90030FE
S21400D970009001202BF0D5FC38B901210220084A7E
S21400D98003B0BDE8304002F089B8064B0190009322
S21400D99001210220044B054A02F080F803B030BD96
S21400D9A069080400710804000B35040085080400AB
S21400D9B007B501202BF0BDFC48B9009001210220DC
S21400D9C0084B094A02F06AF803B05DF804FB054B01
S21400D9D00190009301210220044B054A02F05EF8F4
S21400D9E0F2E700BF710804009C080400BA61040056
S21400D9F08508040008B5D0E9023253F822301878BA
S21400DA002BF04BFC30B9044A0121BDE80840042045
S21400DA1002F044B8014AF7E7B1080400CD08040054
S21400DA2008B5D0E9023253F8223018882BF033FCC0
S21400DA3030B9044A0121BDE80840042002F02EB89F
S21400DA40014AF7E7EC0804001C09040073B50378E4
S21400DA50044613F0050F0ED04588062D17D18368AF
S21400DA6001215B68174A1B78019383880420009382
S21400DA70154B02F013F82378012B20D00121042047
S21400DA80114B124A02B0BDE8704002F007B835B933
S21400DA908388012104200E4A02F000F8EBE7012DEE
S21400DAA0E9D186680B49002009F09EF8304609F057
S21400DAB003F829460420084A01F0F0FFDBE702B02D
S21400DAC070BD00BF5209040049090400A4090400FF
S21400DAD06F0904008C0904002E4D04002DE9F04F58
S21400DAE000268FB0364D09AC0FCD0FC42B68012130
S21400DAF00220344A236001F0D1FF3446DFF8DC9080
S21400DB002AF055FBF5B2A8420BD82AF050FB234664
S21400DB100090012102202C4A01F0C0FF0FB0BDE8A2
S21400DB20F08F284605A92BF09AFB0346002841D122
S21400DB309DF81430032B39D904238DF814302B4666
S21400DB4000210220214A01F0A9FF9DF814300EAAF8
S21400DB5002EB830300214A4653F8143C022001F0EE
S21400DB609DFF28469DF821A09DF815B09DF81870D9
S21400DB70BDF816802BF075FB5346CDE902800021D8
S21400DB800220CDE900B7124A01F088FF01340020D8
S21400DB90E4B22BF03CF818B10DF1190008F08CFF38
S21400DBA0002102200B4A01F079FF01E0002BC6D1CC
S21400DBB00136A5E700210220074A01F06FFFF7E7CC
S21400DBC0449E0400B60904002F0A040073050400EE
S21400DBD0E309040040FF03000A0A0400B614040028
S21400DBE0C3688268013BDBB252F8233002201B7800
S21400DBF0652B14BF00220121044B1BBF01211A70A4
S21400DC00034A044A08BF197001F048BF1F6F00207E
S21400DC10460A0400540A0400D0E9023253F82230BF
S21400DC201A88014B1A807047B86E002007B5D0E9F5
S21400DC30023103EB810253F8213052681988054BF4
S21400DC400548128800930088012309F029FC03B0D8
S21400DC505DF804FB4DDA0000B86E0020C3688268E9
S21400DC60013BDBB252F823305B78A3F166025342E5
S21400DC705341014A13707047226F002030B5D0E937
S21400DC80023253F8223089B01D78012302AA1946C1
S21400DC9004462BF0CAF901230093102302210DEB52
S21400DCA0030220462BF0A2F9284604AA02A92BF06C
S21400DCB0D8FB044600202AF0AAFF18B121460448E3
S21400DCC007F076FB0020034908F074FF09B030BD6A
S21400DCD0630A04002E4D0400002330B58FB00221E5
S21400DCE0009309AA122305462BF080F905AA0146DF
S21400DCF009A807F0E1F8044698B1232805D1134A8D
S21400DD000121042001F0CAFE09E0212801D1104AB1
S21400DD10F6E70346012104200E4A01F0BFFE0FB0CD
S21400DD2030BD01232846194603AA2BF07EF905A923
S21400DD3003A82BF098FB054620462AF068FF18B18A
S21400DD402946054807F034FB044AD9E7700A040060
S21400DD50930A0400CE0A0400EF0A04002E4D0400C5
S21400DD60F0B5D0E9023253F8221003EB82039B6829
S21400DD7005461F7887B038460E782AF028FF0446F6
S21400DD8008BBD5E9022101238DF80830194452F862
S21400DD90210002EB810200888DF809709268ADF8C8
S21400DDA00A00127804218DF80C2028460DF10D0289
S21400DDB02BF03BF9304602A98DF815402BF053FAAC
S21400DDC004462AF0F8FE334601210420024A009455
S21400DDD001F064FE07B0F0BD040B04002DE9F0412D
S21400DDE001218EB00220274A01F058FE002005AB24
S21400DDF001AA09A92BF02FFB00250446224E234F2B
S21400DE00DFF898801CB128460EB0BDE8F0810220ED
S21400DE102B463246214601F041FE20462AF0F7FE08
S21400DE2010B10AA808F048FE3A46002102209DF8E4
S21400DE30303001F033FE424600210220079B01F0FD
S21400DE402DFE00210220BDF82030114A01F026FEEA
S21400DE50BDF8143000210F4A022001F01FFE0135E4
S21400DE6001A82AF0CFFEEDB2012102200A4A01F0F5
S21400DE7015FE284605AB01AA09A92BF0ECFA0446C4
S21400DE80C0E700BF360B04007C0B0400840B0400C4
S21400DE9038240400990B04002E4D0400900B040057
S21400DEA02DE9F047064698B0C0B92AF07EF9074635
S21400DEB000250EA82BF0D9FA01210220384A01F0DD
S21400DEC0EDFD2C46DFF8E080DFF8E090DFF8E0A01C
S21400DED0BC4205D3284618B0BDE8F0870127E7E71F
S21400DEE013A82BF0C2FA002E4CD0022306A913A8C2
S21400DEF08DF84C30FE242BF0AAFA00283FD102A958
S21400DF0013A82BF0AAFA9DF8593043F001038DF8B8
S21400DF105930002E3DD1234631460220214A01F0D9
S21400DF20BDFD9DF859300AA943F0010313A88DF8EA
S21400DF3059302BF092FA00202AF069FE10B114A88E
S21400DF4008F0BAFD0C9B42460021022001F0A6FD17
S21400DF50BDF82820002112F4007F0CBF4C2341237B
S21400DF6012F0100F0CBF6E227922022000924A4651
S21400DF7001F094FD06A82AF045FE0135EDB2013405
S21400DF80E4B2A5E720460AAB06AA13A92BF061FA6D
S21400DF90B3E752460021022001F080FDC1E700BF32
S21400DFA0A30B04007C0B0400900B0400DF0B0400A2
S21400DFB0D80B040030B5012499B00EA82BF055FA02
S21400DFC013A88DF838402BF0E6F9C0B9BDF84C1010
S21400DFD011EA040513D121460220444A01F05EFDF1
S21400DFE029460220424A01F059FD214602203F4AB6
S21400DFF001F054FD214602203C4A01F04FFD06A9DF
S21400E0000EA82BF024FA20B11022FF2106A80DF04E
S21400E01097F904A82BF023FA059B01210220354A24
S21400E0200093354B01F03AFD9DF812300121022095
S21400E030324A0093304B01F031FD00212E4B304A1E
S21400E040022001F02BFD06A82AF0DCFD13A82BF019
S21400E0500CFA02230AA913A88DF84C302BF0FDF910
S21400E06000283FD10B9B009301210220254B264A16
S21400E07001F014FD0121234B244A022001F00EFD7D
S21400E0800120FFF70DFF01211E4B214A022001F05F
S21400E09005FD0020FFF704FF04462AF086F8234615
S21400E0A00090012102201B4A01F0F8FC01211A4BC6
S21400E0B0174A022001F0F2FCFFF790FE17490228EB
S21400E0C003461748174A28BF0A46084928BF01468C
S21400E0D00092CDE9013102200121134A01F0DEFC55
S21400E0E019B030BD4FF0FF33BDE700BF2E4D040022
S21400E0F0F20B0400300C0400280C0400400C040052
S21400E10095330400BC410400530C0400630C040067
S21400E1106A0C0400730C0400870C0400EE0B040069
S21400E120FF28040051290400950C040010B5D0E91E
S21400E130023253F822301C78201E18BF01202BF024
S21400E14016F9054A054B0020002C18BF1A46BDE8F4
S21400E1501040034908F02EBDC20C0400BD0C04009C
S21400E160CB0C0400D0E9023210B553F822301C88DC
S21400E17020462BF0FEF82246BDE81040002001495C
S21400E18008F018BD0C0D040037B5044607F058F823
S21400E190014638B100200D4A0D4903B0BDE83040B5
S21400E1A008F008BDE368A268013BDBB252F82330F2
S21400E1B008481D780123084A00936C2D08BF0246C4
S21400E1C0102320462AF012FF03B030BD5A0D04007B
S21400E1D0620D0400086F0020F86E002013B58368F7
S21400E1E09A681278672A22D101A82BF0D4F8044640
S21400E1F0A8B9BDF80420174908F0DCFCBDF80430C7
S21400E200DA070AD413F0020F134B144A18BF1A4643
S21400E2101349002008F0CEFC19E0124AF8E702463F
S21400E2201149002008F0C6FC22461049F1E7C268F2
S21400E23001A953F8220003EB82035B6800681B68A1
S21400E240ADF804302BF0ADF804460028ECD102B04F
S21400E25010BD00BF950D0400880D0400F2340400C4
S21400E260B60D0400780D0400C80D0400F40D04007B
S21400E270034A04491388C85401331380704700BF0B
S21400E2800A580020265F002073B5154D01242B7810
S21400E290144E13F0040F0CBF02230423124A214627
S21400E2A01470328802200192EB5C104A0093104BE7
S21400E2B05B8801F0F3FB002102200E4A01F0EEFB22
S21400E2C00D4B2946009332882346022001F02CFC91
S21400E2D021460220094A02B0BDE8704001F0DEBBCC
S21400E2E0265F00200A580020255F0020030E040049
S21400E2F0FC570020280E04004A0E04002E4D040091
S21400E30070B516464FF48A52114B124DDA8059807A
S21400E310114B1B881A1E18BF012240EA82000F4AC2
S21400E3201278003A18BF012240EA0210287063B142
S21400E33003246B701B0AAB7009F00EFC631C285597
S21400E340EE54074B02341C8070BD0124F4E700BF76
S21400E350FC570020265F002008580020245F00207D
S21400E3600A58002038B5D1E902320C46054653F863
S21400E3702230024619880C4B1878FFF7C1FFE36875
S21400E380A268013352F82330188828F0B9FD4DB141
S21400E390E368A268023352F823301878BDE83840A4
S21400E3A0FFF766BF38BD00BF215F0020F0B5054609
S21400E3B0EB68AA68023352F8233008461C782946D0
S21400E3C085B0FFF7CFFF204629F048FF204E214FAB
S21400E3D078B3204629F04EFF0321441C03AA2846A2
S21400E3E027F0F5FD3288E4B2C2F1FF0303991B1B48
S21400E3F09BB28B4222443CBFC2F1FF03039301232E
S21400E400032100933A449DF80C3028462AF0EEFD8E
S21400E410039A022C338804BF0F48110AFA5408BF27
S21400E420C15413441C44348005B0BDE8F040FFF7E7
S21400E4302BBF204607F00CFC0123328804460093CD
S21400E440032103463A4428462AF0D0FD3388E9E7FC
S21400E4500A580020265F0020275F0020052307B506
S21400E460012100930220044B044A01F017FB03B07D
S21400E4705DF804EBFFF79EBD310E0400380E040075
S21400E48013B504462AF083FF38B1CDE900400121D8
S21400E4900220034B034A01F001FB02B010BD00BF8F
S21400E4A05A0D04004F0E0400194B37B51B783BB9C4
S21400E4B001210220174A03B0BDE8304001F0EEBA51
S21400E4C0D0E90232144C53F8223001211D786388BB
S21400E4D002200093114A2B4601F0E0FA104B2571FA
S21400E4E01B78104D63B1012102200F4A01F0D6FAC5
S21400E4F020460E4A298803B0BDE8304029F04FBCBC
S21400E50020460A4A298803B0BDE8304029F009BDF4
S21400E510255F0020660E0400FC570020740E0400E1
S21400E520225F00200A5800208B0E0400265F002081
S21400E5302DE9F041D0E9023253F8221003EB8203B2
S21400E5405A680C7817889A68DB68B2F80080C6B0FC
S21400E5501D780021304B0220304A0094CDE9017826
S21400E56001F09CFA002D0CBF6E23792301210220B6
S21400E5702B4A01F093FAFF23002D0DF1170606AD86
S21400E580019320460CBF802340234246394602961C
S21400E59000952AF0A9F90446002835D1307829F0EC
S21400E5A063FE0746B0B128462AF0F0FA1D4BFD2858
S21400E5B0A8BFFD200093234682B20DF11901022068
S21400E5C001F0B2FA01210220174A01F067FA46B0BC
S21400E5D0BDE8F081307829F04DFE60B128462AF07B
S21400E5E0DAFAFD28A8BFFD200E4B82B200930DF18B
S21400E5F01A013B46E3E7307807F02AFB0B4B02464E
S21400E600009329460123DAE7009001210220084BF7
S21400E610084A01F043FADAE758420400A50E04005F
S21400E620CA0E0400DC5604002E4D04004A0E0400F8
S21400E63052170400D40E0400D0E9023253F8221018
S21400E64003EB82032DE9F04F5A680F78B2F800808A
S21400E6509A68C7B0B2F80090DA681B6992F800A012
S21400E6601E7800212F4B304A0446CDE9018902204E
S21400E670009701F013FABAF1000F0CBF6E2379234E
S21400E68001210220294A009606AD01F007FAFF2272
S21400E690002128460CF054FE304629F0E5FD83465E
S21400E6A008B30023052100932046FD230DF119022F
S21400E6B02AF09CFC2870BAF1000F0CBF8023402380
S21400E6C04A4641463846CDE900562AF0D8F8014673
S21400E6D0144806F06DFE01210220154A01F0DEF90D
S21400E6E047B0BDE8F08F304629F0C4FD60B1FD2389
S21400E6F005212046CDF800B00DF11A022AF076FC6E
S21400E70085F801B02870D6E70590304607F0A0FAE5
S21400E710059A0346009205212A4620462AF066FC02
S21400E720C9E700BF4B420400A50E0400E50E040036
S21400E7302E4D04002DE9FF471C465B68E5685B1B11
S21400E74000255FFA83F803952E46FFF7D9FDEBB256
S21400E75098450BD90C9B9B5D282B39D8202B00F2B3
S21400E760CB800136F6B2002B40F0C980FFF78CFD57
S21400E77004B0BDE8F087132A2FD801A151F822F083
S21400E78047E8000059E800006BE800009FE800003A
S21400E7906DE700006DE700006DE700006DE7000024
S21400E7A0DBE70000DBE70000DBE70000DBE700005C
S21400E7B0DBE70000DBE70000DBE70000DBE700004C
S21400E7C0DBE70000DBE70000EBE70000C5E8000041
S21400E7D0A3F13102D1B21329CDD90136F6B2A3F195
S21400E7E04102032AC2D8422B6CD06C4F00213A88D3
S21400E7F0DFF8B0A1C2F1FE039BB2FF2B28BFFF23B8
S21400E80001320091DBB22046524469B22AF0CAFBBC
S21400E8103B880AF8030001331844388011E04FF0B3
S21400E8200409E368A2682B4452F823301F68F8B244
S21400E83009F1FF39FFF71CFD19F0FF094FEA17270A
S21400E840F5D1013583E7E368A2682B4452F82330FC
S21400E8501878FFF70DFDF4E7E368A2682B4452F83A
S21400E8602330188828F04CFBEBE7E368A2682B44BB
S21400E87052F823301F68B7F1807F09D2F8B2FFF74D
S21400E880F7FCC7F30720FFF7F3FCC7F30740E0E702
S21400E8902B4601210820424A01F000F966E74FF0B6
S21400E8A00409E368A2682B4452F823301F68F8B2C4
S21400E8B009F1FF39FFF7DCFC19F0FF094FEA1727CB
S21400E8C0F5D1BEE7294603AA204627F080FB0021A3
S21400E8D0324F344A3B88DDF80C9002EB030CCAB288
S21400E8E0914501F1010102D84B443B80A9E710F89D
S21400E8F002A00CF802A0F2E7242B3FF670AF013B13
S21400E900232B3FF633AF01A252F823F047E800006E
S21400E91059E800006BE800001FE800006DE7000003
S21400E9206DE700006DE700006DE700006DE7000092
S21400E9306DE700006DE700006DE700006DE7000082
S21400E9406DE700006DE700006DE7000047E8000097
S21400E95059E800006BE800009FE800006DE7000043
S21400E9606DE700006DE700006DE700006DE7000052
S21400E9706DE700006DE700006DE700006DE7000042
S21400E9806DE700006DE700006DE7000047E8000057
S21400E99059E800006BE800001FE800000A58002055
S21400E9A0FE0E0400265F0020094B1B7823B10121D0
S21400E9B00820084A01F072B8D0E9023253F8223033
S21400E9C0054A1B88012113800820044A01F066B816
S21400E9D0255F0020240F040008580020660F04005E
S21400E9E0D0E9023253F82230054A1B780121003B59
S21400E9F018BF012308201370024A01F04FB800BF69
S21400EA00235F00208C0F0400D0E9023253F8223036
S21400EA10034A1B78012113700820024A01F03EB811
S21400EA20245F0020BB0F040010B5D0E90232044674
S21400EA3053F82230132219880B4B1878FFF760FC26
S21400EA40E368A268013352F823301878FFF710FC09
S21400EA50E368A268023352F823301878FFF708FC00
S21400EA60BDE81040FFF710BC215F002010B5D0E9CC
S21400EA700232044653F82230112219880B4B1878BC
S21400EA80FFF73EFCE368A268013352F8233018789B
S21400EA90FFF7EEFBE368A268023352F823301878DB
S21400EAA0FFF7E6FBBDE81040FFF7EEBB215F002056
S21400EAB0D0E9023253F82230034A1B78003B18BFD5
S21400EAC00123DB0013707047215F002010B5D0E9EA
S21400EAD0023253F82230044619880E4B0622187864
S21400EAE0FFF70EFC0120FFF7C3FBE368A2680344B0
S21400EAF052F82330188828F003FAE368A268023335
S21400EB0052F82330188828F0FBF9BDE81040FFF7CC
S21400EB10BBBB00BF215F00202DE9F043D0E90232E5
S21400EB204FF0FD09013253F8221003EB82035A68B6
S21400EB30C7B017889A68B1F80080147853F8043C78
S21400EB40002C0DF1170506AE18783A4614BF402380
S21400EB50802341460295CDF80490009629F0C4FE25
S21400EB60034638B1184A0121082000F097FF47B045
S21400EB70BDE8F083201E18BF01200A224146C000CF
S21400EB80FFF7BEFB384628F0BBF92878FFF770FB86
S21400EB904A463146287829F015FB044628B10B4F23
S21400EBA03D88C5F1FF03984202DD2346084ADAE7AE
S21400EBB0024608483146284425440CF051FD3D8065
S21400EBC0FFF762FBD3E700BFF10F04000A580020EE
S21400EBD00D100400265F002010B5D0E9023204466E
S21400EBE053F82230082219880B4B1878FFF788FB59
S21400EBF0E368A268023352F823301878FFF738FB30
S21400EC00E368A268013352F82330188828F078F9B0
S21400EC10BDE81040FFF738BB215F002073B5D0E990
S21400EC2002320546023253F8221003EB820353F8F1
S21400EC30042C53F8083C0C781988234B168818784F
S21400EC400622FFF75DFB0020FFF712FB304628F098
S21400EC5057F92046FFF70CFBEB68AA68033352F817
S21400EC602330188828F04CF9EB68AA68043352F869
S21400EC702330188828F044F9204609F06DF9E8B9E1
S21400EC80204606F0E5FF05210446019001AA284625
S21400EC9027F09DF9019B01469C4206D0224631464C
S21400ECA00A480BF03BFA02B070BD094D09482E88A1
S21400ECB02246304434440CF095FB2C8002B0BDE86C
S21400ECC07040FFF7E1BA00BF215F00203910040052
S21400ECD00A580020265F002073B5D0E902324FF4B0
S21400ECE08A5153F82230104D1A88104BD9805A801A
S21400ECF000232A4600930121FF232AF077F92B7878
S21400ED00044613F0040F0A4B08BF01261B7818BFF1
S21400ED10032613B108F020FFA855064B1C8002B04E
S21400ED20BDE87040FFF7B0BA265F0020FC57002011
S21400ED30235F00200A580020D0E9023253F8223020
S21400ED40034A1B78003B18BF01231370704700BFAF
S21400ED50225F002010B50C4608B907F089FE024B6A
S21400ED6018715C7110BD00BFFC57002002462DE9EB
S21400ED70F341D0E90253526855F82310D21A0C8892
S21400ED8005EB8301013BDBB255F82380294D022AAF
S21400ED904868C8BF8A682B78D8BFFF210078C8BFEC
S21400EDA011783BB901210220234A02B0BDE8F041A8
S21400EDB000F074BEFFF7CEFF06F06AFA1F4F204E33
S21400EDC03B880146224600931E48334629F078FECB
S21400EDD00246C8B998F804103B885F2917D1CDE9D8
S21400EDE000364FF6FF712046164B28F0CCFF28B1B0
S21400EDF0034601210220144A00F050FE0023134A65
S21400EE002B701380124A137002B0BDE8F0814FF6E3
S21400EE10FB718C4208D9CDE900362146094B4FF6E6
S21400EE20FF7029F00EF8E2E72146064A009629F020
S21400EE303AF8DCE7255F0020841004000A5800201A
S21400EE40265F0020FC5700208B1004000858002086
S21400EE50245F0020002210B50A2104461046FFF762
S21400EE604FFA002028F04CF80122044B1A70FFF7E6
S21400EE700BFA2046BDE81040FFF778BF4E6400202E
S21400EE8038B51C461546012322462AF0CEF860B94E
S21400EE90214628462AF0A5FA044620B1012104207E
S21400EEA0034A00F0FBFD204638BD0024FBE700BF08
S21400EEB0B21004002DE9F0430C4615461F46D0E973
S21400EEC0022352F8231002EB830293680E8893F80D
S21400EED00080D3688BB0B3F800903246012106ABB1
S21400EEE0FFF7CEFFF0B90DF1200CF4B101232A880C
S21400EEF04021CDE902C2CDE90471CDE9009322217B
S21400EF00434606AA30462AF0C7F80B4B0B4A009336
S21400EF100B4B0190002C08BF134601210420094A20
S21400EF2000F0BCFD0BB0BDE8F08362462868696857
S21400EF30032303C22246DBE711110400F610040087
S21400EF40F0100400FE10040007B501236A460021F5
S21400EF502AF06BF86846034908F04EFB03B05DF8EC
S21400EF6004FB00BF4DDA0000D0E9023253F822302D
S21400EF700149188808F012BB4DDA000010B5D0E938
S21400EF80023203EB8201496853F8223009784FF4C5
S21400EF908A5218882AF070F8BDE81040034601210E
S21400EFA00420014A00F07ABD1B110400D0E90232A9
S21400EFB053F8223002214FF48A5210B518882AF0EE
S21400EFC04DF8BDE81040034601210420014A00F038
S21400EFD065BD00BF341104001FB5D0E9023203EB53
S21400EFE0820153F82230496818884FF48A530988FA
S21400EFF00293094B094A0193094B1B780093127838
S21400F000084B2AF0A1F8012103460420064A05B061
S21400F0105DF804EB00F042BD0C580020266000208E
S21400F02025600020165800204B1104002DE9F043FF
S21400F030D0E9023253F8221003EB82035A680E8896
S21400F04017789A68DB688BB092F80090B3F8008067
S21400F0503246042106AB0446FFF712FF28BB08AD74
S21400F06001232A460521204629F0DFFF38B904206F
S21400F07001210F4A00F012FD284629F084F84FF4CB
S21400F0808A53CDE904930023CDE9025303232121BB
S21400F090CDE9008306AA3B46304629F0FDFF012154
S21400F0A00346044A042000F0F9FC0BB0BDE8F083E8
S21400F0B0631104009211040038B5D0E9024303F14D
S21400F0C08043023B02220F4954F823009D000CF0B7
S21400F0D083FC60B90C4B0D491A78042A0BD82C44D3
S21400F0E0A068008821F8120001321A7038BD084B5B
S21400F0F008491A78F1E70121BDE838400420064A9D
S21400F10000F0CCBC863A040026600020165800208A
S21400F110256000200C580020A411040008B5C36820
S21400F120806803F18043023B0222064950F8230020
S21400F1300CF052FC10B9044B187008BD0022034BAB
S21400F1401A70FAE7863A0400266000202560002040
S21400F15037B5D0E9023153F821208C001578426883
S21400F160521A012AC5BF1B195B686C091C78DCBFE4
S21400F17044F0180405F01F052946204629F0A8FE8D
S21400F180034640B12346012104200E4A009500F0B4
S21400F19085FC03B030BD0121A94074B92346FE2288
S21400F1A04FF6FF702AF043F9012103460420064A71
S21400F1B003B0BDE8304000F071BCFE2241EAC461F5
S21400F1C0EEE700BFBA110400DA11040070B5D0E90A
S21400F1D0021551F8253001EB8501044618884B6866
S21400F1E01A788B68052A1B8802D85E1E072E0BD954
S21400F1F0012104200C4A00F051FCBDE870400121BA
S21400F20004200A4A00F04ABC6468641B032CCABF88
S21400F210C968074909682AF00AF9BDE8704002463D
S21400F2200449002007F0E0BCF8110400181204009E
S21400F23000F8FF073512040008B5D0E9023253F88B
S21400F240220003EB82035968FF22038809684FF601
S21400F250FF702AF0ECF8BDE808400246014900209D
S21400F26007F0C2BC4812040008B5D0E9023253F8D1
S21400F270223005214022188829F0F0FEBDE808401B
S21400F28002460249002007F0AFBC00BF6912040026
S21400F29008B5D0E9023203EB8201486853F8221021
S21400F2A0027840230988312029F02BFFBDE808406A
S21400F2B002460249002007F097BC00BF8A120400ED
S21400F2C008B5D0E9023203EB8201486853F82210F1
S21400F2D0027840230988332029F013FFBDE8084050
S21400F2E002460249002007F07FBC00BFA4120400BB
S21400F2F01FB5D0E9023253F8221003EB82039B6855
S21400F30008881A780023D21A18BF0122CDE90233E2
S21400F31002A94023D20129F003FF01210090044BEB
S21400F3200420044A00F0BAFB05B05DF804FB00BFF9
S21400F33011110400C212040007B5D0E9023253F8D6
S21400F340223003214022188829F088FE01210090EF
S21400F350034B0420034A00F0A1FB03B05DF804FB56
S21400F36011110400D112040037B5C3688268053352
S21400F37052F8233004211D786A460123044629F0FA
S21400F38054FE38B904200121064A00F087FB68467F
S21400F39028F0F9FE2B466A4600212046FFF78AFD34
S21400F3A003B030BDEB12040007B5D0E9023203EB20
S21400F3B08201486853F822100278402309883220D8
S21400F3C029F09FFE01210090034B0420034A00F021
S21400F3D065FB03B05DF804FB111104001C13040068
S21400F3E070B585690446EA0705F0020605D476B1CD
S21400F3F0C5F3072029F0EBFB09E01EB1B2210F4848
S21400F40030F091F9A069C0F3810029F0CFFBE369E1
S21400F4101BB9BA21094830F086F9204614F0D0F915
S21400F420E3693EB1607E9847AB0706D0BDE8704002
S21400F43029F0C1BB20469847F6E770BD311304009B
S21400F44008B514F0D1FD28B1BDE8084047210248B0
S21400F45030F069B908BD00BF311304002DE9F04152
S21400F460FF2B04460F4690461D469DF8186005D0B3
S21400F470FF2E03D0D521114830F055F90023FF2D7B
S21400F48018BFAD000E4A1CBF45F00105EDB2226064
S21400F4900C4AC4E9063818BFA561FF2EC4E901234B
S21400F4A02361E76007D0A36943F0020323F47F4398
S21400F4B043EA0623A361BDE8F08100BF31130400D0
S21400F4C0A83E0020E1F30000002310B5054C0361C0
S21400F4D00460054CC261C0E901430123C160836139
S21400F4E010BD00BFA83E0020E1F3000070B586699D
S21400F4F0044606F00303032B0D4603D1FC211448F3
S21400F50030F011F9FF2D16D0B20704D440F20111E5
S21400F5100F4830F008F9284628F0F5FFFF28054682
S21400F52004D14FF482710A4830F0FDF82DB204EB96
S21400F5304514204670BDF307FBD5A36913F00C0FE6
S21400F540F7D040F20B11024830F0EDF8F1E700BFBB
S21400F550311304000023054AC0E906310361026046
S21400F560C360034A034B426083607047A83E002096
S21400F570E1F300008D37020001482BF058BE00BFB3
S21400F580A83E002001482BF05EBE00BFA83E00202B
S21400F59013B50E482BF025FE27F02EFD2AF0D3FDDE
S21400F5A02AF0EFFD2AF0F6FDFCF748FF0446FCF7CC
S21400F5B05FFF2346009001210420054A00F06EFA02
S21400F5C002B0BDE81040FCF73FBF00BFA83E0020D9
S21400F5D0C4130400022808B503D130F09DF8014B8F
S21400F5E0186008BDD83E002008B50CF00FFF0122B9
S21400F5F0044B1A7030F019F9BDE808400249034878
S21400F600FDF7E4B82860002088690020DC3E002072
S21400F610014B1870704700BF27600020024B187817
S21400F62008B105F019BE7047186F002008B5074BE3
S21400F6301B780BB1002008BDFFF7F0FF0028F9D1BA
S21400F64006F0E4F9023818BF0120F4E7276000202E
S21400F65070B5FFF7EBFF174D20B1FFF78DFF0428BD
S21400F660044613D82B781BB930F0DFF801232B7033
S21400F67027F0D0FC0446D8B12B781BB9F7210E48EA
S21400F68030F051F8BDE87040FFF776BF27F0C4FCB5
S21400F6900028E7D02B785BB12FF043FF0646002109
S21400F6A001202EF003F930462FF036FF00232B7092
S21400F6B0204670BD28600020E51304001FB5FFF744
S21400F6C0C7FF0446FDF72CFAA04228BF204688B1A3
S21400F6D003A92EF0D7FC034638B9CDE90000064A48
S21400F6E00399064830F034F818B18E21044830F0FB
S21400F6F01AF8012004B010BD13700300B83E0020B5
S21400F700E51304000D4B70B51B780D4D0D4C012113
S21400F710002B0CBF2B46234602200B4A00F0BEF9F6
S21400F7200A4B01211B780220002B0CBF2B462346D8
S21400F730BDE87040064A00F0B1B900BF186F00205F
S21400F740A53A0400C43A04007B1404002760002095
S21400F7509A14040010B5D0E9023253F82230022081
S21400F7601B780121002B15BF01240024044A054AFA
S21400F77000F094F92046BDE81040FFF749BF00BFEF
S21400F780B9140400D6140400D0E9023253F822302B
S21400F790034A1B78003B18BF01231370704700BF55
S21400F7A0186F002038B50125084B1D702FF0B9FEE4
S21400F7B00446294628462EF079F820462FF0ACFE5F
S21400F7C0BDE8384002490348FDF700B8296000202C
S21400F7D090690020043F002070B514F08BFC10F0F8
S21400F7E0070F1D4D11D02B785BB901262E702FF018
S21400F7F098FE0446314630462EF058F820462FF044
S21400F8008BFEBDE8704014F039B929F0ECFD0228F3
S21400F810E9D1124C2378032BE5D914F06BFC10B910
S21400F8202378032B14D814F029F904460028DAD0DC
S21400F8302B785BB100262E702FF073FE05463146FE
S21400F84001202EF033F828462FF066FE204670BDC5
S21400F8504FF0FF34ECE700BF29600020CD640020A5
S21400F8601FB5FFF7B9FF0446FDF75AF9A04228BFB7
S21400F870204688B103A92EF005FC034638B9CDE929
S21400F8800000064A039906482FF062FF18B18C2143
S21400F89004482FF048FF012004B010BDDD750300BA
S21400F8A0E43E0020F514040010B5094C0949002078
S21400F8B007F080F923681B68587928F05AFE2368F9
S21400F8C01B68587927F093FE04F092FE002010BDC6
S21400F8D0044400208315040008B529F074FD024690
S21400F8E028B1BDE808400020014907F063B908BD0B
S21400F8F0A615040008B529F07CFD024628B1BDE82F
S21400F90008400020044907F055B95422BDE80840D5
S21400F910FF2102480BF014BDBE150400205800203D
S21400F92038B504460D4629F068FD024628B1BDE804
S21400F93038400020034907F03DB9034B23F8145024
S21400F94038BD00BFDC150400205800202DE9F34127
S21400F95000240C4E0C4DDFF838800C4F56F8043B54
S21400F9600BB9D8F8003035F8022B39460092002043
S21400F9702246013407F01EF92A2CEFD102B0BDE86A
S21400F980F08100BF9C69002074580020F815040020
S21400F9909869002008B52A21034829F026FDBDE80D
S21400F9A00840FFF7D3BF00BF7458002007B5D0E962
S21400F9B0023253F822301A78292A0DD8084B53F809
S21400F9C022300BB9074B1B680749002031F812108C
S21400F9D00091064907F0EEF803B05DF804FB00BF9F
S21400F9E09C6900209869002074580020F8150400CF
S21400F9F008B52A21034829F0FAFCBDE80840FFF7BD
S21400FA00A5BF00BF7458002038B5D0E9023253F8BD
S21400FA10221003EB82035B680C781D8800200449E3
S21400FA2007F0C8F829462046BDE83840FFF778BFFB
S21400FA30031604002DE9F34100240C4E0C4DDFF8AC
S21400FA4038800C4F56F8043B0BB9D8F8003035F820
S21400FA50022B3946009200202246013407F0AAF80D
S21400FA602A2CEFD102B0BDE8F08100BF9C690020CF
S21400FA7020580020F81504009869002010B50246AA
S21400FA8027F0CBFD20B9044C236811B11343236043
S21400FA9010BD23EA0203FAE7486A00200CB413B547
S21400FAA002460C4627F0B9FD60B9094B1B681A429E
S21400FAB008D005A9049801910AF044FB14B1054842
S21400FAC02AF0CDFA02B0BDE8104002B0704700BF81
S21400FAD0486A002002190400034610B5D3E9023232
S21400FAE053F8223008461C78211E18BF0121FFF764
S21400FAF0C5FF014648B9084A084B0220002C08BF3B
S21400FB001346074AFFF7CAFF10BD00210220054A28
S21400FB10FFF7C4FFF8E700BF08050400000504006F
S21400FB20041904001A1904002DE9F04105461F4681
S21400FB300C46DFF82C808E18B44201D1BDE8F08167
S21400FB400021284614F8013B069AFFF7A7FF002F6E
S21400FB50F2D0424600212846FFF7A0FFECE700BFA0
S21400FB608E0B040002460249002007F023B800BFAF
S21400FB702B19040010B5234C2348FF2127F02EFA3A
S21400FB80207802281ED003282ED0012804D0212059
S21400FB90BDE81040FFF7E6BF1C4B19780029F7D0E8
S21400FBA002231B4A23701378052B0EBF0023013354
S21400FBB0DBB29942137003D1052313700020E7E7E8
S21400FBC0052BFBD0124B1B78052B02D10323237089
S21400FBD0DDE7104A104932F8230007F0DFFC032364
S21400FBE023700028D4D110BD094B0C4A1878094B55
S21400FBF003EB8001897833F8200007F09FFC01238F
S21400FC00EEE700BF2A6000200C3F00203360002093
S21400FC101A6F0020C8580020FDFD0000A9FD000056
S21400FC202DE9F04F0D46144695B0049011220021A0
S21400FC300FA89946DFF86C810BF082FB04EB4503B6
S21400FC400393D9F800301C2B02D0039B9C4202D1B0
S21400FC5015B0BDE8F08F0123DFF844A18DF81C3005
S21400FC6023884C4AADF81E309AF800304A4D08EB0F
S21400FC7083039B7828788DF8203013688DF81D0054
S21400FC80CDF821305368CDF8253028F096FF049B38
S21400FC908DF8290021882878002B4AD128F05AFCB4
S21400FCA0002844D09AF800300FAA38F8230007A995
S21400FCB027F0CFFC00283AD028F079FA4FF0000B56
S21400FCC0074606461C255FFA8BF2974234D8B742A1
S21400FCD02BD99DF81C30032B1AD10FAB0193BDF81E
S21400FCE0213000220421009301202C4B06F0E8FD71
S21400FCF09AF8003008EB83039978274B187806F0BB
S21400FD005BFE9AF80030002038F8231028F0A8FE92
S21400FD105DB107A9304629F0A6FA214B05461B78A7
S21400FD20304638F8231029F0A0FAC9F800500234FB
S21400FD3087E728F006FCB3E710460BA9059229F0E2
S21400FD408EFA30B99DF82C1031B9059AB74208BF23
S21400FD5016460BF1010BB6E7BDF82E00BDF81E20C7
S21400FD609042F6D19DF830009DF820209042F0D1C8
S21400FD709DF81C208A42ECD1032A14BF08220222D6
S21400FD800DF121010DF131000BF026FE002808BF11
S21400FD900025DEE72B600020196F0020A81B04005A
S21400FDA01A6F0020C858002013B503460020114AD9
S21400FDB09C6812780190052A03D01B78032B00D18B
S21400FDC02CB9012002B0BDE81040FFF7CBBE626838
S21400FDD0217801ABFFF724FF217A0120E26801AB0E
S21400FDE0FFF71EFFFF21044802B0BDE8104027F0D1
S21400FDF0EDB800BF1A6F00200C3F0020094B1B789F
S21400FE00052B02D00378032B02D00120FFF7AABEF1
S21400FE108168054A0B68054813604B68FF215360EC
S21400FE2027F0D4B81A6F00202B6000200C3F00206B
S21400FE3038B50024114B124D1870124BFF211C7060
S21400FE402C7006F0B9FD0122032110460E4B06F079
S21400FE5037FD4FF6FF712246084628F004FE04469A
S21400FE6048B940F6B832FF21084827F0A6F8012323
S21400FE702B70204638BDFFF775FEFAE7196F002095
S21400FE802A600020336000202E4D04000C3F002026
S21400FE90144BF0B51A6814491368097858798842E3
S21400FEA00BD11249D78808460022114D1E792B78AF
S21400FEB0D4B2A34203D8052C0AD10020F0BD0C888A
S21400FEC0BC4202D18C78B442F7D001320431EFE75D
S21400FED0A342F2D120F82270013300EB8200867034
S21400FEE02B70EAE704440020196F0020C858002051
S21400FEF033600020FF2307B50021044A044800931E
S21400FF00FFF7ACFA03B05DF804FB00BF75FB00001A
S21400FF100C3F00201FB5B42303210446ADF80E3075
S21400FF2028F00FFB98B121232046009300220321DE
S21400FF300DF10E0328F0B4FC04460020054B064ADB
S21400FF400649009406F036FE204604B010BD86240E
S21400FF50F3E700BF5519040062190400771904007E
S21400FF60D0E9023253F82230034A1B78012113707D
S21400FF700220024AFFF792BD356F00208619040062
S21400FF800122014B1A707047356F00200A4B90F81B
S21400FF9005111B7890F8082119448A42BCBFB2FBB1
S21400FFA0F3F103FB11234FF0FF32B8BFDBB202FAC6
S21400FFB003F380F80A317047356F00202DE9FF41C2
S21400FFC00446057F867EDFF870806E43237F98F8B0
S21400FFD0002013449D4212DB607F60B9238B02939E
S21400FFE063690193237C00936288A31D217805F042
S21400FFF0EFFDFF232370002004B0BDE8F081E37E10
S214010000AB42E9D9A77E228BF1199142A4BF921B7C
S214010010D7B205EB0323E3813A4633462946204609
S21401002027F031FB0028E7D1637F374401330135E0
S2140100306377BEB2EDB2C9E7356F002037B5054626
S21401004029F047F90D4B04461B6869461B78032BBC
S21401005082BF0B4B1B881B18284688BF9CB229F011
S214010060C0F938B9684629F036F918B9044B1B8827
S21401007023449CB2204603B030BD00BF404300205D
S214010080C06E0020084B1B78FF2B0BD1074B1B784B
S214010090FF2B07D1064B1B78022B03D04FF4807041
S2140100A028F021BD704700BF4C6A00205C4000204C
S2140100B02C3F002010B50446FF2126F08FFF054B8C
S2140100C09C4202BF0023A4F588742370BDE810404B
S2140100D0FFF7D8BF3C4000202DE9F0479A462A4B4F
S2140100E081461B7888461646BDF82050002B49D01D
S2140100F0FF2D3ED938252846BDE8F087234B0C2234
S2140101003146A01D636184F80090A4F802800BF0CC
S21401011069F9A289414642F4004242F04002204673
S214010120A28127F0C2FA2A46514660690BF05AF9B5
S21401013041464846A21D258328F00CFEA0760028DD
S214010140D8D00544013DB5FBF0F0FF28D2DC0023F2
S214010150E0762046A383FFF731FF054680B9237971
S2140101604FF48070B37228F081FC227C099B1A80C0
S214010170C1E7074C2778FF2FC0D040F60345BAE702
S2140101802770F2E70225B6E7356F002035600020BC
S2140101905C400020B0F9063010B5002B25DA144C6F
S2140101A02278237CFF2A02D0827A9A4207D0114C09
S2140101B02378FF2B17D0827A237C9A4213D169B910
S2140101C0637F013BDBB263775BB90B4A237F12780F
S2140101D0204613442377FFF7F1FE0146204627F019
S2140101E073FAFFF74FFF012010BD0020FCE700BFA8
S2140101F05C4000204C6A0020356F00202DE9F04F4E
S2140102009A46B1F9063091B0002B0D461746DDF837
S2140102106880049080F22981B8F80030FF2B04D959
S2140102204FF4B871A6482FF07EFAA64B00241A7830
S21401023093F80401B3F80211002A40F0A5802E7A43
S214010240A14A1278B24240F2AF800222A3F80271AC
S2140102501A70AA7AFF2483F804210022A3F8084121
S21401026083F80521A3F80621B8F80020954883F8FD
S2140102700C21FFF78BFE3846FFF7E0FE214600EB28
S2140102804002924826F099FE4FF4807028F0EEFB6B
S2140102908C4C94F80A91B9F1FF0F20D18A4A94F850
S2140102A0053112781344B34219DC94F80C1184F822
S2140102B00531B4F80631204601FB0233A4F80631B5
S2140102C0FFF764FE0122824B38461A70FFF7B6FE2E
S2140102D0494600EB400204F5887026F06EFE94F85D
S2140102E00531B34260D8DFF8E0B19BF800C00CEBF3
S2140102F00302964258DA764994F808210878013ABA
S214010300002853D0964205DAB8F8002084F80C216C
S21401031000220A70B6FBFCF901220CFB196994F85D
S2140103200A015FFA89F902FA09F2D1B2024076B9F6
S2140103302889000A844584F8080108D92046CDE9B1
S21401034006210593FFF722FEDDE90621059B94F8B9
S2140103500A01014384F80A1182B994F80921B4F814
S21401036006C1013284F80921B8F80020DAF8001035
S2140103700CEB0200FF2826DD0323237094F80831D6
S214010380013B9E4230D138E0AE7A864202D18F429E
S21401039000D11C462E7A002C7FF47BAF002A3FF456
S2140103A04FAF012A3FF44CAF01205FE09642B1DA2D
S2140103B094F80C1198F800209142ABD004F588709F
S2140103C0FFF778FEF0E794F80CE1F31A0EFB03C38F
S2140103D0A01C10FA83F005920BF004F894F808318B
S2140103E0059A013B9E4244D0012394F80A2103FA60
S2140103F009F3013B1343FF2B04D122462946384615
S21401040027F054F994F8083194F809219A42CBD18F
S2140104109BF80030B2FBF3F103FB112212F0FF024E
S21401042018BF13462278022A26D1264A02341078AB
S2140104305178012804BF01315170012224F8022CA1
S214010440EA88B4F8041122F04002EA8094F80921FF
S2140104500A44591E94F80A3113FB01F31344A8F811
S2140104600030CAF80040FFF70DFE002011B0BDE8CD
S214010470F08F84F80B21C0E76979002994D0032A0C
S21401048092D1B4F8062194F80B1108AE11445A1E05
S21401049094F80C31284613FB02F30B4400219BB25F
S2140104A0A21CA8F80030CAF80020CDE90071029617
S2140104B0049907F05FFD8921304628F048FC7DE766
S2140104C0AD1904002C3F0020356F00203C40002071
S2140104D03460002013B5044618B101280BD002B0D1
S2140104E010BDFF2301460093064A0748FEF7B6FFF4
S2140104F0064B1C70F3E7FFF743FDFF22044B1A700F
S214010500EDE700BFB50001003C4000202C3F002075
S2140105105C40002013B501A909F0D2FE044648B993
S214010520BDF806309DF80420034906F043FB20463B
S21401053002B010BD8120FBE7441A040013B56946DA
S21401054009F0CAFE044688B9BDF802309DF80020BD
S214010550074906F049FB2046019906F09DFA204618
S214010560044906F027FB204602B010BD8120FBE7B8
S214010570681A04008E1A040037B5694609F0D0FEE1
S214010580044618BB9DF801309DF80020104906F07E
S2140105902BFB104D9DF80120E3B29A4206D80020AD
S2140105A00D4906F007FB002003B030BD019863003B
S2140105B003F4FF7302220021184428F0E1FA2946C9
S2140105C00246002006F010FB0134E3E78120EBE74A
S2140105D0901A0400BF1A04002E4D040013B501A999
S2140105E009F074FE044648B9BDF806309DF80420AB
S2140105F0034906F0DFFA204602B010BD8120FBE772
S214010600C91A040030B500240B4D85B06946E0B226
S21401061028F025FE50B99DF80030032B06D1294657
S214010620BDF805309DF8012006F0C4FA0134202CEF
S214010630ECD105B030BD00BFF01A040008B50020AB
S214010640034906F0B7FABDE80840FF2000F0DEBA1D
S214010650021B04002DE9F04F85B006460D461746ED
S21401066027F072F8044640B130463A46294627F04C
S21401067055F8002005B0BDE8F08F4FF003094FEAAA
S21401068015285FFA84FA6946504628F0E8FDB8B99D
S2140106909DF800B0BBF1000F12D1694650468DF8A7
S2140106A000908DF805508DF806808DF8016028F0D1
S2140106B0DAFD02460028D7D05846064906F07AFAEF
S2140106C00134202CDDD10020034906F073FA89207D
S2140106D0D0E700BF171B04003E1B04001FB5002314
S2140106E004468DF80F3027F01AF828B19DF80F3020
S2140106F063F07F038DF80F30182301930DF10F037C
S2140107000022009304214023204628F0B8F8024630
S21401071018B10020024906F04DFA04B010BD00BF22
S214010720591B04001FB502A909F0E8FD044688BB61
S214010730BDF80820184906F057FA2046039906F036
S214010740ABF92046154906F035FA4FF6F672BDF8B4
S2140107500810134C4B1E9BB2934219D82368039A78
S2140107601B685879FFF776FF23681B79012B0BD896
S214010770BDF808300022CDE900030421094B092009
S21401078006F09EF828F0DDFA6FF0FF0004B010BD09
S2140107908720E9E78120F9E7781B04008E1A040018
S2140107A0044400208F1B040070B504468AB005ADD2
S2140107B01122002128460AF0C3FD204604A909F0AB
S2140107C091FD044600283AD11E4EBDF810201E4960
S2140107D006F0F0F932681379012B28D84FF6F67037
S2140107E0BDF810104B1E9BB2834224D8136858796B
S2140107F026F0AAFF08B333682A461B68BDF8101016
S214010800587926F08AFFBDF8103001220421CDE97F
S214010810004309200D4B029506F052F828F091FA94
S214010820034620B100200A4A0A4906F0C3F96FF0D0
S214010830FF000AB070BD8724E5E78B24E3E781203B
S214010840F7E700BF04440020921B0400A71B040026
S214010850AB1B0400B61B04002DE9F0479AB004A9AF
S21401086009F058FD0446002840F0B5809DF8102098
S2140108705B4906F0B9F925465A4E9DF81020EBB2B1
S2140108809A4254D80020584906F094F99DF8105021
S214010890002D40F099802C462E46544F06A9F0B202
S2140108A028F0DDFCC8B99DF81830032B15D13B683C
S2140108B09DF819201B685B799A420ED19DF81D2080
S2140108C005F168036B4403F8402C9DF81E200235A1
S2140108D0013403F83F2CEDB2E4B20136202EDDD10F
S2140108E09DF810300BB1002C77D00AABCDE901434F
S2140108F0FF2302220421009309203D4B039505F0B6
S214010900DFFF28F01EFA034660B19DF81020002A8A
S2140109105FD0384A3849002C08BF0A4600203749BC
S21401092006F048F96FF0FF001AB0BDE8F0870598A9
S2140109306B0003F4FF7302220021184428F020F90B
S21401094031460246002006F04FF9013595E7059835
S214010950730003F4FF7302220021184428F010F9F3
S214010960002780465FFA80FA06A9F8B228F077FCDD
S21401097000BB9DF81830032B1CD1D9F800309DF828
S21401098019201B685B799A4214D19DF81D30534596
S21401099010D19DF81E30C8F307229A420AD105F1FC
S2140109A068036B440235013403F840AC03F83F2C6E
S2140109B0EDB2E4B20137202FD6D101369DF81020D2
S2140109C0F3B29A42C3D88BE70025DFF820902E4673
S2140109D0F4E7084AA2E78120A6E78B20A4E700BF38
S2140109E0101C0400BF1A04002E4D0400044400200D
S2140109F02F1C0400E11B0400FF1B0400331C040031
S214010A002DE9F04389B002A909F072FC04460028DA
S214010A1067D1BDF80820344906F0CCF84FF6F672D7
S214010A20BDF80850DFF8D4906B1E9BB2934254D8A1
S214010A30D9F8003029461B685F79384626F084FECF
S214010A4000284CD026465FFA86F8404603A928F0CF
S214010A5006FC28B92946384603AA26F062FE20B9C4
S214010A600136202EEFD14FF0FF08404628F0F5FB67
S214010A70014658BB112203A80AF062FC29463846F3
S214010A8003AA26F04BFED9F800301A79012A18D8A5
S214010A901B68BDF80810587928F033F8BDF80830FF
S214010AA003220421CDE900430920104B05F008FF7D
S214010AB028F047F9034620B100200D4A0D4906F0FB
S214010AC079F86FF0FF0009B0BDE8F08302460A49E5
S214010AD0002006F06FF80124D5E78724D3E78B249E
S214010AE0D1E78120EFE700BF551C04008F1B0400EF
S214010AF0931C0400B61B04006C1C04000444002074
S214010B002DE9F043DFF894800020D8F80030214921
S214010B101B688BB05E79002506F04CF801275FFA5A
S214010B2085F9484601A928F09AFB044690B99DF834
S214010B300430032B0ED19DF80530B3420AD1484646
S214010B4028F08BFB0146A0B102461349204606F069
S214010B5031F827460135202DE1D1D8F800300021A3
S214010B601B68587927F0CDFF87F001000BB0BDE870
S214010B70F083112205A80AF0E3FBBDF809403046D0
S214010B80214605AA26F0CAFD2146304627F0B9FFC0
S214010B90E0E700BFA01C04006C1C04000444002015
S214010BA037B5694609F0B0FB044638BBBDF80020EE
S214010BB0134906F019F8134D2046019905F06CFF0C
S214010BC02046114905F0F6FF2B681B68587928F076
S214010BD0A7F870B14FF6F672BDF800104B1E9BB227
S214010BE0934209D82B68019A1B685879FFF732FDA2
S214010BF00446204603B030BD8724FAE78120F9E792
S214010C00B41C0400044400208E1A04007FB5054677
S214010C100024E6B26946304628F021FBA8B99DF8C3
S214010C200030032B11D19DF80130AB4204D0FF2DCB
S214010C300BD19DF80D3043B9304628F00EFB024625
S214010C4018B10020034905F0B5FF0134202CE0D18E
S214010C5004B070BD6C1C0400034B1B681878012897
S214010C6008BF0220704700BF40430020D0E902328F
S214010C7053F822301A78024B1A7000F0E7BA00BF18
S214010C803461002070B5D0E902456B1EDBB254F822
S214010C90230003221B490AF09FFE54F8253004EB7B
S214010CA08504197863681A78A2F10B030F2B05D90E
S214010CB015490020BDE8704005F07CBF01290FD121
S214010CC0124C9140236840B90B43114A236000201F
S214010CD0BDE870400F4905F06DBF23EA0103F4E754
S214010CE002290CD101230C4903FA02F20B6818B948
S214010CF013430A4A0B60EAE723EA0203F9E70A46C6
S214010D000749D6E7D81C0400DC1C0400706A0020E2
S214010D10F21C0400FA1C04006C6A00200D1D04007D
S214010D20171D040007B5D0E9023103EB810253F821
S214010D3021300B491B785268012B0A4B08BF0B4622
S214010D4012684FF000001A600092074A074B0849E4
S214010D5018BF1346074A05F02DFF03B05DF804FBE4
S214010D60706A00206C6A0020321D04002A1D0400EF
S214010D703C1D0400689E040038B5254A254B264CC8
S214010D800020264905F016FF0020254905F012FF30
S214010D9022682449002005F027FF2068224C234DB5
S214010DA005F0E2FE2146002005F004FF2A682049EE
S214010DB0002005F019FF286805F0D6FE2146002020
S214010DC005F0F8FE1B4B1C491A781C4B002053F803
S214010DD0223005F0EFFE00F00DF919490246002019
S214010DE005F0E8FE174B00201A78174905F0E2FED9
S214010DF0164B17491A78002005F0DCFE04F020FA9D
S214010E00BDE8384002461349002005F0D3BE00BFB6
S214010E10689E0400561D0400706A00205D1D0400D3
S214010E20651D0400731D0400170604006C6A00208B
S214010E30841D040062610020951D0400746A002070
S214010E40A81D040047610020BC1D04004661002067
S214010E50CE1D0400E01D040007B500F071F8054B37
S214010E600090054A0020054905F0A4FE03B05DF890
S214010E7004FB00BFF61D0400689E040077190400F9
S214010E80F8B504460B4F0C4E0C4D00200C4A0D498C
S214010E9005F090FE20463B7829783278F5F70AFB74
S214010EA000233B7033702B70FF21BDE8F8400648E5
S214010EB026F094B862610020466100204761002058
S214010EC0689E0400FB1D04007C40002037B51248D4
S214010ED0FF2126F083F8114B187810F0100505D085
S214010EE0002003B0BDE8304003F01CBF0121B42050
S214010EF004F020FB04460A4B0A4A0B490090284698
S214010F0005F058FE2046FFF7BBFF4FF4806003B0A4
S214010F10BDE8304027F0E7BD7C400020626100203C
S214010F20121E0400689E0400771904000021024A7C
S214010F300248FEF7C9BA00BFCD0E01007C40002072
S214010F4008B5054B1B7823B11720FFF799FF002042
S214010F5008BD0220FCE700BF6261002010B550B159
S214010F60054B00F1100250F8044B904243F8044B35
S214010F70F9D1024B197010BD48610020586100205C
S214010F8037B5174D04462B78DB0626D50090154B52
S214010F900020154A154905F00DFE1E2C0BD0652CB8
S214010FA009D0032C19D0002028F0D9F940F61C40AE
S214010FB0FFF766FF0DE028F0FAF94FF4FA63B0FB8D
S214010FC0F3F202FB1300C218FF21094892B225F082
S214010FD0F4FF2B7823F010032B7003B030BD00BF55
S214010FE0626100202B1E0400689E0400771904002D
S214010FF07C400020014B1879704700BFDC58002068
S21401100070B54C4E8EB0337803F0FB02A3F10905A0
S214011010022AEDB258D0042B41F6041257D0A3F1A0
S21401102008014B424B415B0013434348ADF80C307B
S21401103026F0BAFB48B9414B3F4A03F1100153F879
S214011040040B8B4242F8040BF9D13D4B1B78002B65
S2140110503FD03C4B0DF10E0203F1100153F8040B87
S2140110608B4242F8040BF9D103A828F098F92328FB
S214011070044610D1012D49D80020334A334905F0E2
S21401108099FDBDF80C3003A823F40053ADF80C30DD
S21401109028F085F90446002C41D14FF40C7028F055
S2140110A07CF9044600283AD103F0FAFE012D36D821
S2140110B0274A01AB1068516803C3264901A828F0E6
S2140110C0D2F978B319242AE043F60412A7E70223DB
S2140110D0AAE73378042B0DD0082B0BD01E4B0DF14D
S2140110E00E0203F1100153F8040B8B4242F8040B75
S2140110F0F9D1B9E7104A0DF10E0302F1100152F8C9
S214011100040B8A4243F8040BF9D1ADE7337803F0B8
S214011110FB03022B03D10020104905F04BFD2046AE
S2140111200EB070BD044901A828F09DF904460028B8
S214011130C8D1F4E76261002036610020F81E040081
S2140111405861002048610020689E04004F1E04007C
S214011150091F0400589E0400121F0400AA1E040062
S21401116070B5002686B00446252028F0FEF8162223
S214011170002116480AF0E4F8154B1E60154B187846
S214011180FFF76AFD022814BF0123042303208DF80C
S214011190083028F038F904238DF810300E4B02A8D9
S2140111A00593039403F030FD05460C4B0C4A196871
S2140111B00C4B3046A14208BF134600940A4A0B491D
S2140111C005F0F8FC284606B070BD00BFDC580020CC
S2140111D09C40002062610020C1140100706A00205A
S2140111E02A1D0400321D0400689E0400231F04000B
S2140111F008B5134A1378042B09BF124B01331B7829
S214011200C3F10603DBB2137003F0FD02092A04D111
S2140112101720FFF735FE172008BD0A4A1278002A64
S21401122014BF052206229A4207D1074B18680028E8
S214011230EED0FFF795FF4D20EEE70020ECE700BF6C
S21401124062610020586100206C6A002073B51E4C54
S2140112501E4E23683268134334D01D4B1B6853B3AC
S2140112601C4D2B783BBB03F0EBFFF8B94FF48060C5
S21401127027F0FCFB184B24681B7894B1C3F10203DA
S2140112802B7003F047FD2046FFF76AFF0446002057
S214011290124B134A1349009405F08CFC204602B009
S2140112A070BDC3F1060334682B70EAE70121B42050
S2140112B004F040F9EAE70020094A0B4905F07AFCF8
S2140112C00224E4E70224E9E7706A00206C6A002041
S2140112D04043002062610020586100206B1F04001B
S2140112E0689E040077190400511F04002DE9F34796
S2140112F0384D394E00202A792B88384905F05AFC9A
S2140113003268287922FA00F010F0010002D134493F
S21401131005F050FC334F3C783CB108223249334843
S2140113200AF05AFB041E18BF0124DFF8DC80DFF840
S214011330A490DFF8B4A014E098F800004946013004
S214011340C0B288F8000028F002F8002835D13C78B1
S2140113503CB10822514625480AF03EFB041E18BF40
S21401136001242A793368D340DB07E5D5002CE3D185
S21401137000922B881E4A1F49204605F01BFC1E4B77
S2140113801878FFF769FC01230322124927F0E5FFCD
S2140113901A4A054613780133137010B902B0BDE836
S2140113A0F08720462B46124A154905F003FC2846CD
S2140113B002B0BDE8F047FFF763BD0020114905F014
S2140113C0F9FBFFF715FF0028E8D102B0BDE8F047AA
S2140113D000F01CB8DC5800209C400020711F04005F
S2140113E0A21F04006161002059610020EA58002014
S2140113F0689E04007120040062610020466100209E
S214011400122004003B200400356100202DE9F04144
S214011410214C224D2378002055F82330204A2149BB
S21401142005F0C8FBFFF7ECFD03461D4E1E4FDFF827
S21401143074802BB92378042B15D8B3B91B4B15E050
S21401144032463946002005F0B5FBFFF7D1FE00BB5A
S2140114502378324655F82330414605F0ABFBFFF7BB
S214011460CFFD0346E5E7092BE8D1114B00201B68A9
S214011470104A11491360114B187027F068FF20B10C
S214011480BDE8F0410120FFF7FBBCBDE8F041FFF7E6
S2140114902DBFBDE8F08100BF62610020746A0020A4
S2140114A0689E0400912004009E2004006C6A0020BF
S2140114B0706A00209C400020DC5800203561002026
S2140114C070B51C4C23789BB3838913F4407F2FD0CF
S2140114D0056835B12A46BDE870400020164905F07A
S2140114E069BB27F032FF154E03463070144A284672
S2140114F0144905F05FFB33781BB1BDE87040FFF778
S21401150085BF2378082B0CD8042B0CD80E4B1B78E0
S214011510C3F1060323700D4BBDE870401868FFF752
S2140115201FBE0A2BF2D1BDE870401820FFF7A8BCF9
S21401153070BD00BF62610020C92004004761002021
S214011540689E0400F6200400586100206C6A0020A2
S21401155030B5464D03460446454A0020454987B006
S21401156005F028FB2B782BBB01A827F07EFF022372
S21401157001A88DF8043027F066FFB0B93E4901A8EE
S21401158027F063FF88B1152C0FD127F010FF47F223
S2140115903153B0FBF3F202FB130000F51C50103080
S2140115A080B203F0BFFB07B030BD162CFBD103F0B1
S2140115B0F3FBF8E7152C2AD100202D4A2F4905F018
S2140115C0F9FA2B78042B11D0082B0FD02C4B1B7853
S2140115D0DA070BD401A827F0DCFE18B9BDF80430F1
S2140115E09B0703D42B7843F010032B7027F0DFFE04
S2140115F04FF4FA63B0FBF3F2FF2102FB1300C218AB
S214011600204892B207B0BDE8304025F0D6BC27F09E
S21401161000FF04460028C6D12B78013B092B1ED8B3
S214011620134A194905F0C6FA184A194913780133BD
S214011630D8B2107027F08BFE60B12046154905F030
S214011640B9FAFFF7D5FD0028ADD107B0BDE83040A7
S214011650FFF7DCBE07B0BDE83040FFF747BE40F6F7
S2140116601C4007B0BDE83040FFF70ABC62610020AD
S214011670689E04001A210400589E040031210400CB
S214011680346100207C4000204421040035610020A4
S214011690DC5800203B2004002DE9F0410B4686B0C3
S2140116A004460E4617463A490246002005F082FADD
S2140116B04FF000080123CDE901380DF11603009320
S2140116C0424640230621204627F00EF9054640B142
S2140116D002463049404605F06DFA284606B0BDE898
S2140116E0F0819DF816202AB936B900202A4905F05E
S2140116F061FAF2E7012EF8D082F0010300202749B3
S2140117008DF8173005F056FA9DF817300DF11706CB
S21401171033B310230022CDE900630621402320467F
S21401172027F0ADF8064630B1324600201C4905F0D8
S21401173041FA3546D1E74FB90821204626F001FF88
S21401174020B120469DF8171027F0DCF90521204628
S21401175026F0F7FE0028C0D0204627F0D0F9BCE7D7
S2140117604FB90821204626F0ECFE20B120469DF810
S214011770171027F0C7F910230022CDE900630621D0
S2140117804023204627F07BF806460028DED0CBE72C
S214011790732304008F230400A8230400C823040035
S2140117A0E8230400002208B5034B11461B681B689A
S2140117B05879FFF771FF08BD0444002008B5044BB3
S2140117C000221B6801211B685879FFF765FF08BDD9
S2140117D00444002008B5044B00221B6802211B6844
S2140117E05879FFF759FF08BD0444002010B50123BE
S2140117F0002488B001A88DF80430CDE90244F5F73D
S214011800B7FF20469DF80420124905F0D3F920467B
S214011810039A114905F0CEF92046029A0F4905F0C0
S214011820C9F910220E4B0DEB0201188840F06040FA
S21401183040F48010FBF718FC20460A4905F0D4F95D
S21401184004A827F0DFF92046074905F0B3F908B0E8
S21401185010BD00BF01240400202404003F2404001E
S214011860389E04005E2404002E4D040008B525F0C1
S214011870CCFF0020024905F09DF9012008BD00BFFC
S2140118807B2404000023054A8360C360044BC0E93F
S214011890002311B14FF6FF730B80704749107BAAE6
S2140118A02630021110B5044660B10020064905F045
S2140118B081F9052C06D002F0CBF904490246002036
S2140118C005F078F9012010BD8F240400A02404003F
S2140118D037B500216A4601AB054626F057F804469F
S2140118E068B100220F49104605F064F902F0B0F91C
S2140118F00D490246002005F05DF903B030BD0B49E5
S21401190005F058F9012024F05AFF01F099FF431C15
S21401191002D008F025F8F0E721462846FFF7A6FF93
S214011920EBE700BFC9240400A0240400112504002D
S21401193038B5054601F084FF044627F0ABF84DB1F3
S21401194000200E4905F036F9631C14BF204600201E
S21401195007F0C8FF25F067FF0228044605D00128D6
S21401196005D10020064905F025F9204638BD00209E
S214011970044905F01FF90024F7E700BF2E250400EF
S214011980482504006125040008B50020034A0449DF
S21401199005F010F9BDE8084000F050BD0B35040015
S2140119A07A25040008B50020034A044905F002F927
S2140119B0BDE8084001F0CAB9992504007A2504005B
S2140119C01FB5D0E9023253F8223068461C7821460A
S2140119D001F0D0FB684601F073FC28B922460449A1
S2140119E005F0E8F804B010BD6846FFF771FFF9E7A7
S2140119F09F2504000020014905F0DCB8BB25040042
S214011A007FB50DF1060102A8FFF73CFF002026492D
S214011A1005F0D0F80020BDF80820244905F0CAF8E2
S214011A200020BDF80A20224905F0C4F8039A0020D8
S214011A30204905F0BFF800201F4905F0D5F84FF6FC
S214011A40FF73BDF806209A4229D000201B4905F0F5
S214011A50B1F800201A4A1B4905F0ACF800201A4AD2
S214011A601A4905F0A7F800221949104605F0A2F810
S214011A700020154A174905F09DF80A22002016494C
S214011A8005F098F80A220020144905F093F80A2276
S214011A900020134905F08EF807B05DF804FB00201E
S214011AA0104905F087F8D4E7CA250400E2250400AA
S214011AB0FB250400142604002D2604003824040007
S214011AC0E093040043260400C027090062260400B0
S214011AD081260400A0260400BF260400DE2604009A
S214011AE0FC2604004026040008B50020034905F042
S214011AF061F8BDE80840012001F0FAB91A27040090
S214011B0008B50020034905F055F8BDE80840002057
S214011B1001F0EEB93327040030B5104B104D1B5CB5
S214011B2085B08DF80F302B780446834206D00D4BD6
S214011B300D4953F82020002005F03CF830232C7086
S214011B400A4801930DF10F03009306228023192101
S214011B50007826F094FE05B030BD00BF7F9E0400DD
S214011B606A6100208C9E04004B2704001C6F002035
S214011B701FB5232303900193064803AB009301226C
S214011B8080231921007826F07AFE039805B05DF8C7
S214011B9004FB00BF1C6F002073B5164D04462B785E
S214011BA0154ECBB125F060FE012815D0346040F605
S214011BB0B244124B1B78072B17D02D78C5B925F0E8
S214011BC053FE031E18BF01230D4800952246192116
S214011BD0007826F0D8F903E000233360002CE8D122
S214011BE0201E18BF012002B070BD02250123EBE7BD
S214011BF00025FBE767610020A04000206A61002005
S214011C001C6F002008B50448FFF7C6FFBDE8084072
S214011C100220FFF781BF00BFC027090010B5064CA0
S214011C20208826F070FF608826F06DFF6068BDE8AA
S214011C30104026F077BF00BFA44000207FB52323C5
S214011C408DF813300DF11303029304230648019314
S214011C5005AB0093012280231921007826F044FE6B
S214011C60059807B05DF804FB1C6F00202DE9F047CE
S214011C70DFF84C91044699F8000090460F4626F08E
S214011C8042FC0B2899F8002005D9BDE8F047002052
S214011C903F4904F08FBF00263E4B3F4D1E803F4B11
S214011CA0DFF820A103EB00135B8801202B802A714B
S214011CB004F0A8FE05F050FF04F0A4FE204604F050
S214011CC0A1FE0123042C8AF800300BD8022C45D83B
S214011CD09C4216D02346BDE8F0470020304A3149E1
S214011CE004F068BF062CF5D130462F4904F062FF98
S214011CF0384604F087FEFFF791FF97B18AF8006037
S214011D000FE04FF6FF76294F3888801B18BF012059
S214011D1004F078FEFFF782FF3888B04201D026F043
S214011D20F2FE19236B8099F8003000202B71204BAE
S214011D301B786B71EB8843F04003EB801D4B1988D1
S214011D4026F08EFE034620B1224600201A4904F0F2
S214011D5031FF4046BDE8F047FFF71EBF304604F0AE
S214011D6051FEFFF75BFFFFF769FF26F0DBFE134B23
S214011D701B78002B0CBF3F20202004F043FE042CD0
S214011D80CFD14FF4806026F0BEFE3220C7E700BFF9
S214011D905E270400005900200459002074420020E8
S214011DA052170400AA2704008D270400F4580020C7
S214011DB01B6F0020BA6E0020C32704006661002056
S214011DC01C6F00206761002038B5044605200D46CB
S214011DD0FFF7A2FE184B1A884FF6FD739A4207D1F9
S214011DE00020164904F0E6FEBDE83840FFF70ABFBA
S214011DF065B1134A13780133DBB2092B137014D97A
S214011E000A2200200F4904F0D5FEEDE7012C0ED181
S214011E100B4B1D700C490D48FFF734FDBDE83840EB
S214011E20002101200A4AFFF721BF012CF2D0BDE8AC
S214011E3038400748FFF7B0BEBA6E0020FD27040001
S214011E406961002028280400F4580020A4400020DE
S214011E50E093040008B50649002004F0ABFE0548EF
S214011E60FFF736FDBDE8084000210846FFF7ACBF86
S214011E706C280400A4400020814237B5034615466D
S214011E8008D2002000910F4A0F4904F093FE00206B
S214011E9003B030BD0C1A224600200C4904F08AFE1D
S214011EA040F6BB5322460020094904F083FE4FF456
S214011EB07A735C43074B01209C4294BF2C602B60D5
S214011EC0E6E700BF521704007D280400BA28040084
S214011ED0D528040080EE360010B504460820FFF72A
S214011EE01BFE0D4B3CB91C700021BDE810400620BE
S214011EF00A4AFFF7BBBE1B78092BF5D90A22002038
S214011F00074904F057FE0020064904F053FEBDE8D9
S214011F101040FFF79FBF00BF69610020C02709007E
S214011F20012904004229040073B51F4D2C7834B1F1
S214011F3000201E4902B0BDE8704004F03BBE0220FE
S214011F40FFF7EAFDFF221A4E1A4B30781A7026F078
S214011F50DAFA0B2807D920463278174902B0BDE8CD
S214011F60704004F027BE154B1549009301EB001194
S214011F70012319224FF6FD70498805F091FA70B1D8
S214011F802046104904F016FE00220F4B0F481C7025
S214011F900F4B1A7002B0BDE87040FFF7FDBD01247B
S214011FA00C492C70EEE700BF68610020532904003D
S214011FB01C6F00201B6F00205E270400B922010061
S214011FC0744200209429040067610020C02709009C
S214011FD069610020BA29040038B5144D04462B78EF
S214011FE0052B21D91249FFF75DFC24B918B911490F
S214011FF004F0E0FD0424104B195D21B9BDE838401A
S2140120000846FFF769BF032C06D02B78052B03D0B3
S21401201006200A4AFFF72AFE0021094B08461970D6
S214012020BDE83840FFF7D0BE38BD00BF6A6100206A
S214012030A4400020DC290400759E0400C027090086
S2140120406761002030B5044689B00720FFF764FDBC
S214012050052C0AD100222A4B03A91A7002A804AA49
S21401206001F0FEFD30B1022045E09CB90122244B6F
S2140120701A700224224D287878B1421E5042214916
S2140120805041FFF755FC022304462B70022C0ED15B
S2140120900A200FE0022CE6D1EBE7631F5A424FF00D
S2140120A0050018495A4125F0E6FB0446EEE7032CE5
S2140120B004D10020FFF770FD09B030BD062C06D113
S2140120C00020114904F076FD01232B70E0E70F4A4A
S2140120D00F4B2878002C18BF13460E490E4A009461
S2140120E0002808BF0A4600200C4904F063FD201EA4
S2140120F018BF0120400009B0BDE83040FFF76CBFB3
S21401210065610020A4400020172A0400102A04005C
S214012110092A0400F8290400022A0400522A0400AD
S21401212013B51F4C0620FFF7F7FC2278092A09D9B8
S21401213000201C4904F03EFD042002B0BDE810401A
S214012140FFF74ABF184B1B782BB3002024F05BFB2C
S21401215025F08AFB68B9FFF771FD144B196825F065
S2140121607AFB02460420002102B0BDE81040FFF7CA
S2140121707DBD01A825F076FBFF2809D14FF4FA6052
S21401218023780133237002B0BDE81040FFF704BD89
S2140121900198FFF7EDFC4FF4FA620320E3E700BF76
S2140121A0696100206D2A040066610020B4400020A9
S2140121B0F023F0B589B0CDE900033448802300222E
S2140121C019210078324E334F26F059FB0020324950
S2140121D004F0F0FC3246394603A801F041FD03281D
S2140121E004462E4D1CD10626039A2D49002004F0E4
S2140121F0E1FC0398FFF7BCFC0020396800F0ACFE58
S2140122002E7001F09FF900220446264B30461A70C4
S214012210FFF782FC84BB09B0BDE8F040FFF780BF42
S21401222028BB7268204904F0C5FC214604A8FFF7C4
S21401223029FB059B726893420BD020461B4904F08C
S214012240B9FC072305202B7009B0BDE8F040FFF765
S214012250F9BE1A462046164904F0ACFC05230021B7
S21401226001202B7009B0BDE8F040FFF7ADBD00209E
S214012270104904F09FFCF1E7042C05D0042009B0B6
S214012280BDE8F040FFF7A8BE09B0F0BD1C6F002006
S214012290A4400020B4400020A52A04006A61002062
S2140122A0D62A040069610020112B04004A2B040081
S2140122B09E2B0400DA2B0400F7B50446876800203D
S2140122C02378364D012B287004D0354B35491870CC
S2140122D004F070FC26785EBB334B1B78FF2B04D1D1
S2140122E003B0BDE8F040FFF78DBC304B1B78032BE5
S2140122F011D82F4C0320FFF70FFC6946208827F0E2
S21401230070F8002843D02B49208805F047F920B102
S2140123102E70FFF777FC03B0F0BD0124204B264951
S2140123201C7004F047FC0320FFF7F6FB2C70F2E765
S214012330012E25D13B78002BEDD01B4D2B78FF2BA2
S214012340E9D1A68802F0A4FF864206D100201B49E7
S21401235003B0BDE8F04004F02DBC194BA2881B78F1
S2140123603BB132B11749002003B0BDE8F04004F09C
S21401237021BC7B6814491B782B700D4B1A80F2E741
S214012380032E08D108226846A16809F02BF8684692
S214012390FFF70EFFBFE700232B70A1E76761002060
S2140123A068610020F52B04001B6F00206A61002085
S2140123B0BA6E0020B9220100BA290400152C0400C7
S2140123C0646100203B2C0400662C04007FB5094B99
S2140123D01A78FF2A0AD1187001F088FB0022064BF2
S2140123E00DF1060102A81A80FFF74CFA07B05DF856
S2140123F004FB00BF1C6F0020F2580020152838B5DA
S21401240017D10C4B1D78A5B926F0D1FFC4B2012C0B
S21401241038BF01240120FFF77FFB284622460649E4
S21401242004F0C8FB4FF47A706043BDE83840FFF70C
S214012430B3BB38BD6A610020832C0400034B1B78B4
S214012440022B01D8FFF770BD704700BF6A610020FC
S21401245070B5284C25F003FA2578274EBDB100202B
S214012460264904F0A7FB264A13780133137000238C
S21401247023703378062B0AD1BDE87040214B1868CB
S214012480B0F5FA6F38BF4FF4FA60FFF785BB3378C3
S214012490013B082B2CD8DFE803F005090D2B131997
S2140124A01D222700BDE87040FFF7C8BFBDE8704099
S2140124B0FFF73ABD00232370BDE87040FFF7A2BBCB
S2140124C02946BDE870400120FFF77EBCBDE870409C
S2140124D0FFF726BE0220BDE87040FFF7B3BD01201E
S2140124E0BDE87040FFF7F8BCBDE87040FFF7B2BC2E
S2140124F070BD00BF676100206A610020B22C040035
S21401250069610020A040002010B90520FFF764BDD6
S214012510034B1B78062B01D1FFF79ABF704700BF0C
S2140125206A6100202DE9F0478E68054633189A78CF
S2140125300C46092A8EB008D90020A34904F03AFBBC
S214012540852420460EB0BDE8F08750B98B899F4997
S214012550895C8B4205D200919D4904F02BFB8024B7
S214012560EFE79C4BE7881B889F4236D09A4909784B
S214012570012932D932B13A460020984904F01AFBB3
S2140125807E24DEE7964B1A70934B26791B78052B33
S21401259003D0012B3AD8FFF751FF5EB931462046EA
S2140125A026F0D5FB0346002851D030468D4A8E4989
S2140125B004F000FBD4F80880A48998F8037098F812
S2140125C00450002E4CD13046884A894904F0F2FA6C
S2140125D000210120FFF7F8FB4FE00021804B197026
S2140125E0072A00F28A8301A353F822F08925010005
S2140125F03727010037270100492901004929010031
S21401260049290100DF2B0100DF2B0100022B17D126
S21401261002F03EFE8742B3D00020764A764904F0A7
S214012620C9FAFFF781FC46BB3146204626F08FFBF0
S214012630034610B36B4A6C49002004F0BBFA1CE059
S2140126406E4A00206E4904F0B5FA012479E7A368C2
S2140126501B78DA06AED432466A4904F0ABFAA9E72B
S21401266000210AA8FFF70EF9032F08D95F4B664A27
S21401267066490097002004F09DFA002461E76B1E6E
S214012680632B04D9594B604A61490095F2E7614BC7
S214012690E4B2DB5D9C4209D0CDE901430020534BF7
S2140126A0594A5D49009704F085FAE6E757B3A4B2A4
S2140126B022460521404626F063FABDF828308342BB
S2140126C003D04A4B554A5649B6E7012F1AD022463F
S2140126D00721404626F054FABDF82A30834203D03B
S2140126E0424B4E4A4F49A7E7032F0BD122460921F9
S2140126F0404626F042FA0B9B984203D13B4B474A91
S214012700494999E7642D3FF463AF26F050FE6423F0
S214012710C0B2B0FBF3F203FB12030133DBB29D42FE
S214012720BFF456AFCDE900530020304B3B4A3F493A
S21401273004F040FAA1E7284B1B78052B01D03C4A50
S2140127407FE7EB1CDBB2277BF45C44B12346002019
S214012750374A384904F02EFA00210C460BE00F2FB9
S2140127600DD81023204634490093314A3B4604F0E5
S21401277021FA802401210020FFF726FBE1E604353B
S214012780EDB220462A4A2D4904F014FA7A1B711933
S214012790D2B206A825F076F805443A46E9B23046A4
S2140127A026F0EBF9264D069A2B68264F9A4238609A
S2140127B001D100284AD1244900201D4A04F0FAF923
S2140127C085240121D7E700BFCF2C0400B89E040062
S2140127D0E72C0400BA6E00206A610020162D040062
S2140127E0676100208C2D0400942D04001C2E04002B
S2140127F0312E04005A2D0400672D0400BC2D040060
S214012800C92D0400E62D0400462E04004E2E0400B9
S214012810682E04007B9E0400862E0400DB32040032
S214012820C02E0400EA2E0400122F0400392F0400E3
S2140128306D2F0400872F0400B62F0400CD2F04004F
S214012840A4400020B4400020F62F040000F08EFFC4
S2140128503E68B0420AD200F089FF9D4903463246DF
S214012860204604F0A7F98924012184E7079A6B68BA
S2140128709A4205D12046974A974904F09BF96BE79F
S2140128809649097859B19A4209D22046944904F0EA
S21401289091F996210620934AFFF7E8F95CE7924AF8
S2140128A0924905A801F0DCF9079E48B96A68964284
S2140128B006D88F4904F07EF90520FFF7C3FB40E6F2
S2140128C0324600208B4904F075F93968002700204C
S2140128D000F042FB00206E60FFF74AF9864B0620A7
S2140128E01F80FFF719F9854B1F7001F0B1F90646F5
S2140128F0F8B94FF6FF73824A0AA81188994214BFA5
S21401290013463B466A88298801F012F90AA800F0A6
S214012910D7FC58B10AA801F0DDF938B1304679493B
S21401292004F048F90420FFF757FB0AE6FFF7F8FB27
S21401293007E6042805D1744B1921187825F03AFBCF
S214012940FFE538467149EBE7714B1B78062B01D042
S214012950704A76E6DFF8A0A1EB1C94F80C90BAF862
S2140129600080DBB22EB930466B4904F023F9872488
S214012970E7E5F75C2C1D972FE4B22FD025D8812FE1
S21401298071D0952F67D017BBB9F1100F7FF6E7AD61
S21401299031194A460AA824F075FF0444E4B22146D8
S2140129A04A46304626F0E9F8231DDBB2053416F810
S2140129B003A0E4B2A9EB04035345054666DA009387
S2140129C038465346534A5549C7E5982F43D03B46A8
S2140129D00020504A524904F0EDF8C8E7B9F10A0F51
S2140129E07FF6BDAD1FFA89F721463A46304626F0F6
S2140129F0C4F805F1080104463A46C9B2304626F045
S214012A00BCF80AAA01462046FFF736FA08B9454B34
S214012A100A93B9F10C0F12D905F10C013A46C9B265
S214012A203046DDF8288026F0ABF8044602463E49DB
S214012A30002004F0BFF8AAF8004044440A940A9C17
S214012A403A492246002004F0B5F82046FFF7A4F8DC
S214012A5024F010FF11E63649002004F0ABF80320FD
S214012A60FFF7BAFA09E6334C23786BB124F0F5FE8A
S214012A7050B10020304904F09DF80023237024F063
S214012A80F9FEFFF74DFBF8E52C49E5E7DFF8A490E2
S214012A9099F8003043B9FFF7D1F88542034607D0CD
S214012AA01C4A27490095E5E524F0DEFE0128F2D10F
S214012AB010220D480AA908F08FFF10B9BAF13F0F8E
S214012AC042D9144A1F49002004F074F84FE700BFAA
S214012AD0153004006D2F04004D30040063610020A2
S214012AE082300400C0270900A4400020B440002022
S214012AF0112B0400C3300400F25800206961002045
S214012B00F4580020E53004001C6F00200431040056
S214012B106A6100202A3104003F3104006C3204004F
S214012B204E320400E09304007A310400A53104001B
S214012B30C431040066610020E03104001F32040045
S214012B40A8320400E43204006D4B187099F8003086
S214012B504BB124F082FE30B1284624F081FE0428D1
S214012B6007463FF48AAD51462846321924F0BBFF8A
S214012B7028B10020634904F01DF8042070E799F895
S214012B800030554463B124F068FE48B1FF2FF4D0FD
S214012B90012F3FF472AD032F16D124F069FE0546CE
S214012BA02846FEF7E5FF044602460521564824F06E
S214012BB090FE564B1B689C420AD3204624F08EFF9B
S214012BC00520FFF73FFA58E524F050FE8046E7E778
S214012BD04046FEF7E1FF00287FF44FAD51E74C4B2E
S214012BE01B7803F0FD03082B01D04A4A29E5A48986
S214012BF035B1F27822B10020474903F0DBFF2EE71A
S214012C00E4B22246F11C0AA824F03CFE434BBDF870
S214012C1028201988054691420DD04FF6FF718A4249
S214012C2009D03C4A00203E4B3E4903F0DDFFBDF88B
S214012C3028203D4947E7BDF82A20598891420CD003
S214012C404FF6FF718A4208D0324A0020374B354989
S214012C5003F0CAFFBDF82A20EBE70B9A5B689A429D
S214012C600AD0013208D02B4A2E490020304B03F0FF
S214012C70BBFF0B9A2F4926E7A4B2E91C2246C9B22C
S214012C80304625F07AFFE91DC9B20746224630468E
S214012C9025F073FF431C014606D10820FEF73CFFD2
S214012CA02548FEF779FFE8E4384606AAFFF7E4F878
S214012CB0A8B9214B0693214B00221978204B18788E
S214012CC024F0BCFD069C2046FEF766FF2246002047
S214012CD01C4903F06FFF0920FEF71EFFCDE440F606
S214012CE0B733069A9A42E6D840F6B832002016491B
S214012CF003F060FF40F6B833DCE7812421E400BF2F
S214012D0069610020173304003A330400B440002000
S214012D106A6100204333040058330400A4400020B5
S214012D20DA2E04007F33040038240400042F040044
S214012D309A330400973B040080EE36001B6F002098
S214012D401C6F0020D2330400A733040008B504200A
S214012D50FFF742F90020FEF7DFFE0023054A19219E
S214012D601370054A1370054B1878BDE8084025F026
S214012D7021B900BF67610020686100201C6F002038
S214012D8010B5164B164C1A78164B002053F8222015
S214012D90154903F00FFF2178144B154A002000292E
S214012DA018BF1A46134903F005FF23782BB1124BBF
S214012DB000201A68114903F0FDFEFEF73FFF0446A6
S214012DC0FEF73CFF0E4B196824F076FD2246BDE85F
S214012DD0104003460B49002003F0ECBE6A61002058
S214012DE0676100208C9E0400EE330400C43A0400A0
S214012DF0A53A0400FB330400A0400020153404006B
S214012E00B44000202E34040038B5014604460020A4
S214012E10FFF788FB054698B1E37C00200A4A0B4978
S214012E2003F0C8FE2379042B0AD02946204625F054
S214012E308EFF034620B10020054A064903F0BAFE7C
S214012E406FF0FF0038BD00BF52170400563404006F
S214012E508C2D0400942D040010B51346094A1278EF
S214012E6082420DD163B1084A002014680A46074918
S214012E7003F0A0FE2146BDE810400120FFF752BB3B
S214012E8010BD00BF1C6F00200444002078340400ED
S214012E9010B50D4B1C782CB1BDE8104000200B4935
S214012EA003F088BE6420FEF763FE4FF6F0716FF004
S214012EB00F02074B0320C3E9001222462146BDE854
S214012EC01040FEF7D3BE00BF6A610020B134040093
S214012ED0A4400020014B1870704700BF66610020B7
S214012EE000210620014AFEF7C1BE00BFC027090027
S214012EF0014B1870704700BF63610020114B2DE92C
S214012F00F04107460D4618680F49101A096824F063
S214012F10D3FCDFF840800D4E98F800400346FF2CA6
S214012F20307004D0A8420AD32C44A04207DB3A46AC
S214012F300020074903F03EFE337888F800303078E9
S214012F40BDE8F081BC400020B84000206B61002045
S214012F50DF3504001D6F002050EA010208D0FF2271
S214012F60054B091A1A70054B1860054B1960704716
S214012F7011461046FFF7C2BF1D6F0020BC4000205F
S214012F80B84000202DE9F04FAFB006AD284600F05E
S214012F90FDFD0026624FDFF8D091284600F090F93B
S214012FA0044648B900F0BEFD5E490246204603F0DD
S214012FB001FE2FB0BDE8F08F39460020F2B203F0D3
S214012FC0F9FD284616A900F0FFFD044620B1564932
S214012FD0002003F0EFFD8FE0BDF85820534903F0C1
S214012FE0E9FD49462046BDF85A2003F0E3FD204698
S214012FF0BDF85C204E4903F0DDFD2046BDF85E209D
S2140130004C4903F0D7FD2046BDF860204A4903F03D
S214013010D1FD2046199A494903F0CCFD2046BDF85A
S2140130206820474903F0C6FD204646490DF16A026D
S21401303003F0C0FD44492046239A03F0BBFDBDF8CA
S2140130405C30D90705D520469DF890203F4903F00E
S214013050B1FDBDF85C309A0714D500203C4903F059
S214013060C3FDBDF85830B3F5807F4FD1002025F061
S214013070CEFD18B10DF1910003F01EFD002035497B
S21401308003F098FDBDF85C305B070BD50020BDF85A
S214013090B220314903F08EFD0020BDF8B4202F493F
S2140130A003F088FD062228460DF116030AA924F02E
S2140130B032FC044690BBBDF81620294903F07AFD80
S2140130C0DFF8A8A0DFF8A8B00DF12808BDF81610A3
S2140130D0A2B2914210D9B8F800205146002003F060
S2140130E069FD0134D8F804205946002003F062FD3A
S2140130F0062C08F10808E9D16C46204600F05AFD76
S21401310094E80F00013685E80F0046E701232022E8
S21401311000200DF1910103F0B1FCAFE7114957E72B
S214013120F1350400BE370400FA3504001E360400EB
S214013130523604006B360400843604009D360400C3
S214013140B6360400CF360400E43604000037040027
S214013150193704002E4D04002C37040045370400AF
S2140131605E37040091370400373604006F370400D9
S2140131707F3704002DE9F04188B004AD04462846A7
S2140131808846002700F002FD6E46474507D195E8C0
S2140131900F0084E80F00204608B0BDE8F0813046F5
S2140131A000F008FD96E80F0085E80F00284600F0BD
S2140131B087F801370028E8D1014B0FCBE9E700BFBC
S2140131C030A104001FB5D0E9023253F82230684618
S2140131D01978FFF7CFFF684600F07CFD48B1042858
S2140131E009D1074A0020074903F0E4FC05B05DF861
S2140131F004FB054AF6E70020044903F0DBFCF5E78B
S2140132005A410400D9370400103B0400E53004009D
S21401321010B5D0E9023203EB8201496853F8223037
S21401322098B00C6804A81978FFF7A4FF03AB4022F6
S2140132300093214608AB04A800F0E2FC024628B140
S21401324000200E4903F0B6FC18B010BD039808A97B
S21401325000F007040122C0F3C70003F055FC0399F0
S21401326008A8091B0144064801232246008803F0EA
S21401327005FC044803F03EFCE6E700BFE93704001E
S214013280105900202E4D0400F0B504460D460B4B98
S214013290EF880FCB84E80F00AB882E899B0741BFD0
S2140132A0D5F83900D5F83D1004F1080303C3EA68E0
S2140132B02046278066806260F0BD00BFC49E040081
S2140132C0102208B5034908F087FB003818BF012013
S2140132D008BD00BF30A1040008B526F0EFFCC28887
S2140132E0FF219208012A38BF0122024823F065FE19
S2140132F0012008BDCC40002038B5134690B101200E
S214013300274A1070274A00201160274A13600A4690
S214013310264903F04FFC02F09DFB254B1870022056
S21401332002F09EFB26F0E5FCE8B91D4D1D4C2B78FE
S2140133302BB926F0C3FC2268C368134423601A4BDA
S21401334024681B689C4229D226F0B8FCC168204636
S21401335006F0AAF8002402462C7050B926F0C9FCE3
S214013360FFF7BAFF03E0FFF7B7FF0028DDD0012023
S21401337038BD20460F4903F01DFC0D4B187802F0AE
S2140133806FFB00200C4903F015FC00F091F908B919
S21401339000F0AEF92046FFF7B7F8E8E70124ECE7BE
S2140133A06D610020C4400020C04000201038040099
S2140133B06C6100203C3804005C38040038B500F02D
S2140133C04BFA044600F042FA241A26F077FC05462A
S2140133D018B9B1211B482CF0A6F9AB8803F00303FA
S2140133E0032B03D0B22117482CF09DF900F02EFADA
S2140133F0054624F003FB01238340013B2B4203D007
S214013400B42110482CF08FF924F0F8FA01238340F8
S214013410013B234203D0B5210A482CF084F905F07C
S21401342019FE054624F0EAFA4FF48063B3FBF5F380
S214013430C440A34205D2BDE83840BA2101482CF069
S21401344072B938BD72380400FF2108B5044823F06C
S214013450C5FDBDE80840002211461046FFF74CBFE7
S214013460CC400020F7B504460E4600F089F8054624
S21401347026F024FCC3682B449C4220D324F0BEFAD9
S2140134802C44C440013C114F3B68DEB1A34219D124
S21401349001340023ADF8043000F0E4F9054605F0E8
S2140134A0D9FD103504FB005405F0D4FD01A90246F0
S2140134B0204605F021FE24F0B1FA386004E04FF012
S2140134C0FF34E0E7A342E4DB03B0F0BDA06A0020CE
S2140134D04FF0FF320A4B10B51A600022094B1A70E2
S2140134E000F0B4F9044600F0B7F92146024601207F
S2140134F0FFF702FF00280CBF0120042010BD00BF0B
S214013500A06A00206E61002038B500F0D1F808B935
S214013510002038BD094D0A4C2B7823B924F07EFAD9
S214013520012320602B70246824F068FA013484405B
S214013530EED000F025F82044EBE700BF6E610020D6
S214013540A06A002070B50D4C2368002B01DA01201B
S21401355070BD00F07BF9054626F0B0FB2468C6680E
S21401356024F04CFA013404FA00F1294401208A19A6
S214013570FFF7C2FE0028EAD00420E9E7A06A00208F
S214013580024B18680C3024F079BA00BFA46A0020F8
S214013590FF2307B50021044A04480093FBF75EFFAA
S2140135A003B05DF804FB00BF49340100CC400020A5
S2140135B00E4B70B51C680546036804F582641C440E
S2140135C00E46FFF7DDFF2B68834208D232681A44A5
S2140135D0824208D9C31A012033602C6070BD044AA8
S2140135E0126813441C1A0020F7E700BFA46A0020E3
S2140135F0C84000202DE9F04FB3F5803F87B00F4655
S2140136009846019003D3002007B0BDE8F08F03A9C8
S21401361004A8CDE90332FFF7CBFF0024824600F170
S2140136200109DFF888B05FFA89F9019BDDE90356E5
S214013630AAB27BB13046109926F047FB0028E2D1AA
S214013640B9F1020F2BD1DBF800300493019B03BBC9
S2140136502F4421E03946304605F04EFD0028D2D1F0
S214013660BAF1000FECD0002CEDD105F0F3FC2E449E
S214013670B6FBF0F303FB10600028E4D005F0EAFC8B
S21401368005A902463046059405F036FD0028DAD035
S214013690B9E7109B2B441093A8EB05050395631C13
S2140136A04B454FF00104C0D32046ADE7C84000208B
S2140136B07FB56B460C4A1068516803C390680C22AC
S2140136C018600A4B0DEB0201186826F0FEFA0C2270
S2140136D068460DEB020108F07FF9B0FA80F0400968
S2140136E007B05DF804FB00BFD49E0400A46A002066
S2140136F01FB5084A01AB1068516803C3906801A959
S2140137001860054B0C22186805F0F6FC05B05DF84C
S21401371004FB00BFD49E0400A46A0020F7B504464B
S21401372015460E4681B9072A03D80024204603B061
S214013730F0BD0D4B80791968E379063000EB032064
S2140137400C3180B224F0A4F9002721462B463246DC
S21401375038460097FFF74EFF04460028E5D0394665
S2140137607019FFF77FFEE1E7A46A0020024B186894
S214013770A0F50060704700BFB06A002010B58AB09F
S214013780684606F09DF810F0FF0027D1009BFBB1BC
S214013790174C01A9206006F00BF810F0FF001DD1B0
S2140137A02268009B9A4204D34FF4DD7111482BF036
S2140137B0BAFF019B104A11491360029A13440B6029
S2140137C00F49A3F500630A600E4A1360009B63B9B4
S2140137D040F2CF1107482BF0A6FF06E0044A034645
S2140137E012680020084903F0E5F90AB010BD00BFD1
S2140137F0A86A002025390400C8400020AC6A0020D1
S214013800B06A0020A46A0020CD39040008B5FFF78D
S214013810B5FF26F053FA50B126F050FA064B02696E
S2140138201B689A4203D2B32104482BF07CFFFFF7B2
S214013830C5FD012008BD00BFB06A0020253904007F
S214013840014B1868704700BFA86A0020014B186832
S214013850704700BFC8400020014B1868704700BF82
S214013860AC6A0020014B1868704700BFA46A0020AC
S21401387010B5FFF749FE04462849002003F09AF9DF
S2140138800020274903F096F90020264903F092F913
S2140138900020254903F08EF9244B00201A6824499C
S2140138A003F088F922462349002003F083F9FFF745
S2140138B067FE21490246002003F07CF91F4B0020D9
S2140138C01A681F4903F076F91E4B1F4C1A68002030
S2140138D01E4903F06FF9226800201D4903F06AF9BA
S2140138E04FF4806200201B4903F064F9226800202F
S2140138F01949103203F05EF92268002017490C328C
S21401390003F058F922680020154902F5826203F097
S21401391051F9BDE8104005F0D1BA00BF4C3A040099
S214013920893A0400A83A0400C83A0400A86A0020AC
S214013930F33A0400123B0400353B0400C840002063
S214013940583B0400AC6A0020A46A00207B3B0400BC
S2140139509E3B0400C13B0400E43B0400073C04001A
S2140139602A3C04002DE9F04194B004460D4600209F
S214013970482102AA24F09DF818B9534903F01AF910
S21401398019E060220021204607F0DAFC04224F49A4
S21401399002A808F021F890B16DB19DF80B30002017
S2140139A001939DF80A309DF80820009348499DF838
S2140139B0093003F0FFF8012014B0BDE8F081BDF82E
S2140139C00C20B2F5807F228003D0424903F0F2F842
S2140139D0F1E7BDF81420BDF80E102281DDF816209F
S2140139E06180E2600499BDF81A206160228284F841
S2140139F0320007AD04F112020FAE2B4603CBB342E1
S214013A00106051601D4602F10802F6D10F9B324A42
S214013A1063631360314B10221846002107F090FCB7
S214013A20E288A388028022894280E26842600BB95C
S214013A300020C1E700263546A388D90709D536B147
S214013A4005F150026A4412F8482C84F838200135F2
S214013A50EDB29A0714D5208823F041FF07466EB1D0
S214013A6002AB03EB05080246414604F1390007F0B4
S214013A70F7FD3A4641461A4807F0F2FD2F44FDB2DB
S214013A80A3885B070DD556B105F150036B4433F897
S214013A90482C33F8463CA4F85A20A4F85C30043588
S214013AA0EDB2002EC4D1482D02D930460D4965E746
S214013AB02946382002AA23F0FCFF08B90A495DE727
S214013AC038250126B8E700BF4D3C0400E09E0400FF
S214013AD07F3C0400B53C0400EC400020F040002090
S214013AE0F8400020D03C0400203D040030B50B4CCB
S214013AF099B025786DB9FFF789FE68B12946684601
S214013B00FFF730FFB0FA80F0054B4009187001232B
S214013B102370002019B030BD0120FBE76F61002043
S214013B2070610020014B1878704700BF706100205B
S214013B3070B51E46134B044618881D46884298B039
S214013B4002D15B88934206D00F4B0FCB84E80F005F
S214013B50204618B070BD96B100216846FFF702FFF7
S214013B600028F1D1BDF804305B0708D53388BDF8CD
S214013B705A209A42E8D8BDF85C209A42E4D395E8E8
S214013B800F00E3E7F040002030A10400064B10B51B
S214013B901B7804462BB9054B0FCB84E80F00204653
S214013BA010BD034BF8E700BF7061002030A1040090
S214013BB0F040002010B50446024B0FCB84E80F00FE
S214013BC0204610BD30A104000B4B10B51B780446EF
S214013BD008467BB10021FFF7C5FE48B910222146F1
S214013BE0064807F0F9FE003818BF0120C0B210BD24
S214013BF00120FBE70120FAE770610020F040002079
S214013C002DE9F0410E4690460E4910221F4607F058
S214013C10E3FE044670B90C4B3A461D683046AD1BB0
S214013C20454528BF4546294623F043FF28B907499D
S214013C3002F0C0FF0120BDE8F081069B20461D6012
S214013C40F9E700BFF0400020EC400020203D0400D2
S214013C500022024B1A70FFF73BBC00BF70610020C8
S214013C602DE9F0419CB00F4616468046FFF74CFC06
S214013C70054602461549002002F09CFF382D20D942
S214013C80012104A8FFF76EFE0446D0B9119B04A9D2
S214013C903B606F463846FFF7F7FA97E80F0086E86D
S214013CA00F00119BAB4297BF01210324084AC8F8B5
S214013CB0003094BF1170C8F8005020461CB0BDE813
S214013CC0F0810022024B01241A70F6E7523D0400EF
S214013CD07061002070B5084D00262B7853B1FFF7B0
S214013CE0F7FB04461022002104482E7007F028FB3B
S214013CF0204670BD3446F5E770610020F040002094
S214013D0008B50020064902F055FF064B00201A7838
S214013D10054902F04FFFBDE80840FFF7A9BD00BF07
S214013D20713D0400706100209B3D040003460120A4
S214013D30024AC3E9032000221A7070470100FEFF01
S214013D402DE9F0410024264E264FDFF8A88088B0E2
S214013D5000F0D4F9A5B2854202D308B0BDE8F081DF
S214013D60284603A923F0DBFEA2B23146002002F06A
S214013D703BFF9DF80D2012B39DF81210BDF81030D0
S214013D80402914BF6E2179210020CDE90031394642
S214013D90BDF80E3002F028FFBDF814201AB100203D
S214013DA0114902F021FF9DF80C00BDF8182070B9EA
S214013DB0079B0E490093BDF81A3002F015FF00204C
S214013DC00B4902F0F7FE01342BF0BAFCC0E7BDF850
S214013DD01C304146009300209DF81A30EDE700BFE5
S214013DE0B43D0400BA3D0400DD3D0400E73D040097
S214013DF02E4D04000E3E040010B500F0ABFABDE8EF
S214013E0010400346024A0020024902F0D3BE00BF1A
S214013E1089490400A7080400D0E9023253F8223089
S214013E2010B5188800F086FABDE810400346024A2D
S214013E300020024902F0BEBE363E0400A708040078
S214013E4010B5D0E90232002486B08DF8044053F84C
S214013E50221003EB8203097801A88DF805105A6831
S214013E601288ADF806209A681288ADF80820DA683C
S214013E701278ADF80C40A24214BF402280228DF881
S214013E800A201A691288ADF810205A699B691288AF
S214013E90ADF812201B68059300F0D0FB034A0346D9
S214013EA00349204602F086FE06B010BDD81C040069
S214013EB0A708040038B50024064D2BF02DFC45F864
S214013EC024000634C02CF8D10020BDE83840024951
S214013ED002F070BEF01000203D3E040030B5002018
S214013EE087B0204902F066FE00201F4902F062FEFC
S214013EF000201E4902F05EFE2BF00EFC0024054653
S214013F00A0B201A9013423F00AFE202CF8D12BF02F
S214013F1003FC1749421B002002F04CFE1549002005
S214013F2002F048FE2BF0F8FB0446012000F09EF854
S214013F302BF0F2FB0E49021B002002F03BFE0E495D
S214013F40002002F037FE2BF0E7FB044623F0D8FDF5
S214013F502BF0E2FB021B0020054907B0BDE830400C
S214013F6002F028BE693E0400983E0400C83E0400E4
S214013F70E53E0400F43E04000E3F040010B50C4676
S214013F8003F07CFD08B9032C12D101F059F904287D
S214013F900ED001F055F905280AD0064802F0BAFC01
S214013FA01C2801D124F059FDBDE8104002F0C2BC26
S214013FB010BD00BF0B7B03002DE9F04F00274FF02B
S214013FC0FF36DFF8A4B0264C87B0BBF80030B8B295
S214013FD0834209D8731C3BD03246FF21214807B0E3
S214013FE0BDE8F04F22F0E9BF01A923F098FD9DF846
S214013FF0050001F05BFFF8B19DF80480B8F1000FF1
S2140140001AD1BDF810A0BDF812902BF085FB18212F
S2140140100246BBB24B43E018E158007C4FF47A737A
S214014020A2EB010C50B103FB0AF363450ED30B441C
S214014030981A864228BF06460137C6E74D466B43A7
S214014040FAD06345F5D31944881AF2E74046F0E7FB
S214014050FF21044807B0BDE8F04F22F0BFBF00BF04
S214014060F010002000410020F65800202DE9F04114
S214014070014688B058B1022810D023F06AFD78B303
S214014080D221194808B0BDE8F0412BF04CBBFF2304
S214014090164A17480093FBF7E1F9EEE700244FF0C4
S2140140A001082746134EA5B2284603A98DF80D70C0
S2140140B023F035FD9DF80D0068B101F0F7FE20B143
S2140140C09DF80C300BB986F810800134202C06F1CF
S2140140D01806E8D12546084B1D80FFF76DFFCCE793
S2140140E008B0BDE8F08100BF2E3F04002144010066
S2140140F000410020F0100020F6580020014B1888DF
S214014100704700BFF65800202DE9F04F634A077D3F
S21401411089B004466249002002F066FD002024F0C2
S21401412076FD20B12368218A588803F0F5FC00202B
S2140141305C4902F03FFD637DDFF87491002B236834
S21401414008BF08205988574B18BF00200093228AC1
S2140141504FF0090314BF4FF080084FF0400802F0FB
S21401416089FBA289BB1C93420CDB24F0EAFD0346C3
S21401417020B100204C4A4D4902F01CFD012009B037
S214014180BDE8F08FA068791C89B2C55D24F0F8FC03
S2140141900337012D0646BFB213D823683246598825
S2140141A05879238A0093434624F032F98246002840
S2140141B03ED1862002F026FC284602F023FC30463B
S2140141C068E08520F6E703A923F0A9FC9DF80C30EA
S2140141D0AB4223D123689DF80D105A7991421DD127
S2140141E0BDF80E105A88914218D1BDF81020B2427F
S2140141F014D19DF81220424510D1BDF81410228A20
S21401420091420BD1002D38D0BDF81810E2889142AA
S21401421004D19DF81A201B799A422ED00BF1010B7E
S214014220B9F800305FFA8BF08342CCD88B20C1E717
S2140142304FF0000BF4E79AF8020002F0E3FBBDF83A
S214014240180024F060FCBDF81A0024F05CFC9AF813
S214014250020003F081FE002883D19AF8020001F0E3
S214014260F7FC0546079E002D3FF47BAFF0B2013DFB
S21401427002F0C8FB360AEDB2F5E7002002F0C2FBF9
S214014280284602F0BFFB304624F03DFC012DD2D17A
S214014290BDF81C0024F037FC63E700BFBD3F0400F7
S2140142A0953304002E4D0400CA3F0400E73F040086
S2140142B0F65800202DE9F04391B06946804623F078
S2140142C02EFC0023194F8DF801303888431E98B212
S2140142D08045388009D16946404623F028FC684667
S2140142E023F00CFC11B0BDE8F0834FF0180905A9C6
S2140142F023F015FC0E4C3E880AAD09FB06460FCE90
S2140143000FC596E8030009FB084485E803000AAEDA
S214014310404605A923F00BFC0FCE0FC495E8030019
S21401432084E8030069463888D7E700BFF6580020BE
S214014330F010002008B5064B1B88834205D9FFF70D
S214014340B9FFFFF739FE002008BD2720FCE700BFB4
S214014350F658002038B5074D2C882CB9FF210648A1
S21401436022F03CFE204638BD601E80B2FFF7A2FF59
S214014370F2E700BFF6580020004100202DE9F34780
S2140143809A4618239DF82890244FCDE9001203FB86
S21401439009731446D3E9022324F0B2FD06462046EB
S2140143A00D4603F0D9FD04F0FD03382B80460FD1EE
S2140143B0009432462B460021DAF8100023F0DAFB8F
S2140143C0B8F1010F1BD135431ED102B0BDE8F0870D
S2140143D0392CDAF810300BD107EE906A07EE103A56
S2140143E0F4EEC77AF1EE10FAACBF01200020E7E741
S2140143F09E4275F100032CBF01200020E0E7B8F1D2
S214014400000FE2D10028E0D0182303FB097701232F
S2140144103B7402B0BDE8F047FFF7CEBDF0100020B8
S2140144202DE9F04F00252E46A846AA462C46DFF871
S214014430BC91D1B0694BA8B21B88834209D81CB184
S21401444061882079FFF79AFDFFF7B6FD51B0BDE808
S214014450F08F0BA923F063FB2BF05EF91823AFB2A4
S2140144607B4309EB030B59F8033005909DF82D00AB
S214014470049301F01BFD002800F0AE809DF82C107F
S214014480002940F0A980DDE90432D01A4FF47A728F
S214014490BDF838305343834200F29E809BF81030BB
S2140144A043B9BDF83A30002B00F09680534383425F
S2140144B000F29280FD230022CDE9013210AB009379
S2140144C00DF119020DF11A03E9B20BA8EFF700FF7F
S2140144D0002877D1BDF81A30DA1C0493D2B214B38F
S2140144E03F4B9DF82D101B8813442279914214D11D
S2140144F0BDF82E10628891420FD19DF83220B8EB9C
S214014500D21F0AD1BDF83420524506D1B3424DDD43
S2140145100020344902F04EFB01E0B342F8DC61882A
S2140145202079FFF72BFD02F041FA04469DF932008F
S2140145302D4BC043C00F0093BDF834200A23BDF8AD
S2140145402E10C0009DF8328002F094F99DF82D30AF
S2140145504FF0000B23714FF48A53FF26BDF834A0A9
S2140145604FEAD818E38007A95FFA8BF024F077FEAC
S214014570C0B2B0B99DF81D109DF82D20914210D102
S214014580BDF81E10BDF82E2091420AD122469DF894
S21401459029109DF81C0024F0DDFBB04228BF3046F0
S2140145A0C6B20BF1010BBBF1200FDCD1BDF8300018
S2140145B024F0A9FA9DF8190002F024FA049910A82B
S2140145C002F034FA182300225F4309EB07031A743A
S2140145D02BF0A2F849F8070001352BE7F658002022
S2140145E000590020A64004002E4D0400F0100020C3
S2140145F070B500240126104D8AB02B88A0B28342E4
S21401460004D80AB0BDE87040FFF7D6BC05A923F070
S21401461086FA9DF8150001F049FC50B19DF814305A
S2140146203BB91A46CDE901360093E1B205A8EFF78A
S2140146304FFE0134E1E700BFF65800202DE9F043B4
S2140146400389DFF858818BB0B8F8009000930446D0
S214014650837982884188407823F0DAFE002800F0CA
S2140146609580E78927B1A389BB4200F29180002794
S214014670B8F80030BDB2AB4214D84D4601264FF60D
S214014680FF73E2899A4226D146B9B8F80030AB42A8
S21401469002D92846FFF70EFEFFF78EFC00200BB06E
S2140146A0BDE8F083284605A923F039FA9DF81430B1
S2140146B07BB92268059B5340FF2B0AD86368069E88
S2140146C05E4036F07F4604D1BDF81C2023899A420D
S2140146D0D5D00137CCE7E2689A422BD0002E53D1D1
S2140146E0D4E90323CDE9082305A823F007FA002817
S2140146F0D5D1B8F80030AB4204BF6B1CA8F8003027
S2140147002BF00AF818236B43234AE9B2D050D41889
S214014710002305A81A46CDE901330093EFF7D8FD2B
S21401472018B100220023C4E90223284605A923F074
S214014730FEF9B1E7234605AA04F1100C17461868DE
S2140147405968083303C763453A46F7D11868386095
S21401475005A823F0D6F90028C0D01F2D1AD80023AB
S2140147608DF8143063788DF815306388ADF81630FF
S214014770A388ADF81830A3798DF81A302389ADF8DF
S2140147801C300028B0D1ABE70020E6E7862086E79C
S214014790872084E7892082E7F0100020F658002061
S2140147A02DE9F04FB04A90F814908DB00446AF4909
S2140147B0002002F019FA002024F029FA20B123681B
S2140147C0218A588803F0A8F90020A94902F0F2F9D5
S2140147D0637DDFF8B8A2002B14BF80234023029329
S2140147E0236808BF08205988A14B18BF00200093F2
S2140147F0228A072302F03EF800230393A28909F1D7
S2140148000305954211DB039B13B9184602F0FAF82B
S21401481024F097FA034620B10020964A964902F002
S214014820C9F901200DB0BDE8F08FA06809F10101BA
S21401483089B210F8096024F0A3F93246804603468F
S2140148408E490020ADB202F0B5F98EB1012E00F00E
S2140148508A808527384602F0D5F8304602F0D2F82D
S214014860404624F050F9852FD2D00123039376E0F9
S214014870A06809F10401A28989B2475D24F080F994
S21401488009F10601A289049089B2A06824F078F99A
S2140148903A4605900090049B3046794902F08AF921
S2140148A009F1080938461FFA89F503F055FB002877
S2140148B057D1384601F0CCF9294603468146A289EC
S2140148C0A06824F04EF96F498346304602F08CF911
S2140148D0A1684A4629443346304602F0CFF83046AE
S2140148E0634902F067F9A9441FFA89F5236842462D
S2140148F059885879238A0093029B23F089FD18B1C1
S2140149008378BB4240F0AC80483FFFB2092F05D800
S21401491040F21133FB40DB0700F1A48000238DF841
S2140149201C30236807A85A798DF81D205B88ADF8DE
S2140149302080ADF81E30029BCDF82CB08DF82230C9
S214014940238AADF82430049BADF82830059BADF8DA
S2140149502A30FFF773FE074600287FF47BAFA9468F
S2140149604CE7B346C2E72946A289A06824F008F9B5
S2140149704FF0000B024607464349002002F01AF9A1
S21401498009F10509BAF800301FFA89F5BAF80020CE
S2140149901FFA8BF94A4503D81F2B31D9892759E7C6
S2140149A0484607A9049323F0BAF89DF81C20049BF7
S2140149B0012A22D122689DF81D00517988421CD116
S2140149C0BDF81E005188884217D1BDF82010414518
S2140149D013D19DF82210029881420ED1BDF8240011
S2140149E0218A884209D1BDF82800E188884204D18D
S2140149F09DF82A10127991421BD00BF1010BC5E7E5
S214014A00012299468DF81C20226851798DF81D10D7
S214014A105188ADF82080ADF81E1002998DF822104D
S214014A20218AADF82410E188ADF8281012798DF8A6
S214014A302A2007A8ADF82C7023F060F80746002856
S214014A407FF408AFBAF800304846994508BF09F127
S214014A50010307A908BFAAF8003023F068F87EE72B
S214014A608D27F7E68C27F5E6D14004009533040040
S214014A702E4D040032410400E73F0400D9400400F3
S214014A80F64004001741040022410400F6580020B5
S214014A902DE9F04F074688469146002589B09A468B
S214014AA0BDF848B09DF84C60149C224B1A88A8B2F9
S214014AB0824235D903A923F032F89DF80C201D4B0C
S214014AC0B2BB9DF80D10B94232D1BDF80E1041456A
S214014AD02ED1BDF8101049452AD19DF81210514526
S214014AE026D1BDF81410594522D13046029201F064
S214014AF0AFF8A6F14103012B01460AD8204624F05F
S214014B0045F80D4B0D4A204484420CD104210293F2
S214014B1002ACEDB232462046009503ABFFF72EFC01
S214014B2009B0BDE8F08F14F8011F4B405343EBE783
S214014B300135BBE7F6580020C59D1C819301000195
S214014B401FB50F4C2478C4B142EA03229DF81830F1
S214014B508DF8051042EA43220A4BADF80C201A786C
S214014B60094B8DF80610079903EB021300908DF898
S214014B700400DB6868460291984704B010BD00BF88
S214014B8071610020736100202041002073B51A4D29
S214014B90FF211A4822F022FA2B7853B3184C194EEB
S214014BA02378180106EB03131A7A5968305C24F04F
S214014BB0E2FB4D281DD0E0B1012300212278CDE98A
S214014BC000311201B25CC0B2FFF7BAFF0A222378A5
S214014BD00A480133DBB2B3FBF2F102FB1133FF21CA
S214014BE023702B78013B2B7002B0BDE8704022F099
S214014BF0EDB902B070BD00BF71610020C041002058
S214014C007361002020410020F8B5104F3E780A2E2F
S214014C101AD00FC8DFF840C00D4D9CF80040013691
S214014C2005EB041585E80F000A230134E4B2B4FB52
S214014C30F3F203FB12440748FF218CF800403E7054
S214014C4022F0C4F90020F8BD0120FCE771610020C4
S214014C5020410020C0410020726100200021024A4C
S214014C600248FAF731BC00BF8D4B0100C04100205D
S214014C70002337B50C46124D12492A78CDE9003388
S214014C8012018A5C01230146E0B2FFF759FFA4B97D
S214014C900D490A788AB10A202B78013A0133DBB232
S214014CA0B3FBF0F40A70FF2100FB143307482B70A6
S214014CB003B0BDE8304022F089B903B030BD00BF73
S214014CC0736100202041002071610020C041002056
S214014CD008B500F0BDF850B1054B064A064905284F
S214014CE008BF1A46BDE80840002001F063BF08BDB2
S214014CF0464104002E4D04006741040008B5032018
S214014D0024F053FB10B90122014B1A7008BD00BFF5
S214014D10746100200022024B18781A70704700BF99
S214014D20746100200246FF21014822F046B900BF07
S214014D30E0410020114B37B51D78C5B9FF21104859
S214014D4022F04CF9FFF7DAFF044600900D4B284697
S214014D500D4A0E4901F02EFF4CB10D4B1B78DB06B8
S214014D6005D5284624F0FBFA204622F038FD094BEB
S214014D70186803B0BDE83040FFF7D4BF7461002067
S214014D80E041002084410400B24104007719040088
S214014D9062610020B46A0020FF21014822F01EB99A
S214014DA0E041002070B51A4E054633780C466BB3C9
S214014DB00020184A184901F017FF032C01D0652C72
S214014DC020D11649002001F00FFF22460020144989
S214014DD001F0F0FE0020134901F006FF01232946E9
S214014DE00822002001F04AFE00200F4901F0E2FEF1
S214014DF0032C88BF0023204688BF3370BDE870406F
S214014E00FCF7BEB8012CE0D00849DBE770BD00BF57
S214014E1074610020B2410400611D0400C541040014
S214014E2018240400E34104002E4D0400DB41040075
S214014E30014B1860704700BFB46A00200021024A87
S214014E400248FAF741BB00BF354D0100E0410020A2
S214014E50054B10B51C782CB90448FF2122F0B6F892
S214014E60204610BD0520FCE774610020E0410020CB
S214014E70F8B50024074B084E1D68084FE3B29D4263
S214014E8004F1010400D8F8BD394656F8230021F094
S214014E905CFAF3E788BC04008CBC0400806B00203D
S214014EA010B5044C23780BB124F06FFA012323705C
S214014EB010BD00BF1E6F00202DE9F743254B0D46A0
S214014EC016460446019350B14AB1042301AA12F8CA
S214014ED0011BA94235D0013B13F0FF03F7D1212076
S214014EE003B0BDE8F08317F8010F90FAA0F0000EAA
S214014EF021F067FC014608EB07039945F3DCCAB2CB
S214014F00C1F30F2392FAA2F293FAA3F3120E1B0E29
S214014F1003EB0223DB43621912F8020C99B2DBB2EF
S214014F2098420CD112F8013CB3EB112F07D132464F
S214014F302146284603B0BDE8F04324F086B9232075
S214014F40CEE74FF6FF71671EA5F10209C4F101080D
S214014F50D1E700BF080A0E12F0B515468FB00E460F
S214014F6007462AF085FC254B02A81C7824F011FA86
S214014F7015F0FD0F3BD028B9BDF808309B0701D5C9
S214014F80032D36D01DF0A4FE58B309A824F06DFAFF
S214014F900323306871688DF824300AAB03C39DF88B
S214014FA03130012D43F002038DF8313019D105A9B6
S214014FB009A824F052FA002818BF022423F0FBFDAA
S214014FC0032D18D80E4B0F4A0020CDE9004753F8A1
S214014FD0243052F825200C4901F0ECFD20460FB094
S214014FE0F0BD032DEAD1042C08BF0024E6E7032414
S214014FF0E4E72C46E2E70324F0E700BF75610020F2
S214015000D4A00400C4A00400EA480400014B1870B0
S214015010704700BF76610020024B1A6818608260F4
S214015020704700BFB86A0020024B186800B140689C
S214015030704700BFB86A002070B5044600250A4BC9
S2140150401B687BB100211E8807E05A6802EB01103D
S214015050013145B9021B554255418AB29642F4D8F0
S2140150609B68EEE7184670BDB86A00202DE9F04F40
S2140150701E46002393B0022E074688461446DDF8E6
S21401508070909DF874A0ADF81A3040F2C08099F87F
S21401509000305A0729D5042E40F2B98099F804B099
S2140150A000255F4B33F83520002A00F0B680013525
S2140150B00A2DF7D1209B002B40F0AD80FF25002361
S2140150C0207908AA0DF119018DF8193023F0EBFCAF
S2140150D070B1BDF82C309DF81900238023F066FDD1
S2140150E00790C0B113B0BDE8F08F99F802B0D7E7CA
S2140150F0207923F008FA0B28059000F28A8020799F
S21401510023F065FD07900028ECD1464A059B02EB8B
S21401511003135B8823804FF6FF73002F08BF4346B7
S21401512062880021CDE9002358465246238802F0C2
S214015130FDFD18B1E38843F02003E380209B07A917
S2140151400DA8CDE90D34CDF83C90ADF84080ADF812
S21401515042608DF844708DF845A023F0B5FC08B187
S2140151600798BFE7484602F025FDA01D02F010FD96
S21401517022464146384623F0EDFDB04227D3E38868
S2140151802246C3F30E03E3809DF87C304146039329
S214015190BDF87830384602930DF11A03CDE9009335
S2140151A0F3B222F023FF209B079003B3F8B9BDF8B2
S2140151B01A2042B1092D06D81B4B03EBC5018A8084
S2140151C0209A43F83520112023F050FC1CE0BAF158
S2140151D0000F0AD10DF11A03CDE9006322464B46B2
S2140151E041463846FAF778FFDDE73820DBE7052841
S2140151F007D1E388DB0607D5002301200793FFF7D5
S21401520005FF079B002BDED023F0D5FCA8E7012085
S21401521068E7212066E71C2064E7EDB24FE700BF90
S2140152200842002074420020044200204FF6FF721C
S214015230024B1A805A809A80704700BFF8580020A7
S21401524010B5044C2379FF2B02D124F0CCF8207141
S214015250207910BDF858002010B50C4C2379FF2B8F
S21401526008D1002023F0A2FC20B924F0BCF820715C
S21401527023F0A1FC2079022805D00438012894BF28
S2140152800020012010BD0020FCE700BFF8580020D8
S2140152904FF6FF7310B5044C22889A4202D124F0CF
S2140152A098F82080208810BDF858002010B5FFF728
S2140152B0BDFF40F61D439842044607D8B0F5416F3E
S2140152C005D2182826D8152848D829D010BDA0F50B
S2140152D041630D2BFAD801A252F823F021530100A5
S2140152E021530100CD520100CD520100CD520100E3
S2140152F0CD520100CD520100CD5201007153010083
S214015300835301001D5301001D5301001D5301006D
S2140153101D53010040F606439842D7D11C4920E0B0
S214015320FFF7B6FF1B490246002001F043FC152C8F
S21401533005D124F038F8BDE8104023F0CEBB164B5B
S214015340164A1749B4F5416F08BF1A46002001F006
S21401535031FC23F0C1FB23F0C0FBECE71628DDD1BE
S2140153601049002001F026FCBDE8104023F0DABC0D
S21401537022F023FFBDE8104002460B49002001F051
S21401538019BC0020BDE81040084901F013BC00BF5D
S2140153900E4A0400BB4904002E4D0400B649040021
S2140153A0D7490400F7490400234A04004B4A040085
S2140153B007B5094A0346108831B9084A084903B0B7
S2140153C05DF804EB01F010BC0091064A064901F0B5
S2140153D00BFC03B05DF804FB10590020AE16040068
S2140153E06B4A040052170400771904000D4B37B5B9
S2140153F01B68044693B11D780389012D08BF022559
S2140154000093C37A084A0020084901F0D3FB2146DD
S214015410284603B0BDE8304023F09DBF022003B00C
S21401542030BD00BF40430020E04A04008F4A04001C
S214015430002010B523F0BAFB0D4B1B6863B15A78F8
S214015440052A03D862B1052402220AE0FF2AFAD00F
S2140154500020084901F0AEFBBDE8104023F0ABBBCD
S2140154601446104623F0D3FF204623F0CEFFF3E781
S21401547040430020E54A040013B5134C002023F0F6
S21401548095FBFFF7D3FE23689BB101A822F088FEA7
S21401549078B923681A789DF804309A4209D0D91E43
S2140154A0032906D9D11E012903D9012A07D1022BC6
S2140154B005D1032301A8ADF8043023F052FF02B052
S2140154C0BDE8104023F077BB404300200023194677
S2140154D0034A01330A2B918042F8081BF9D1704721
S2140154E0044200207FB50E46054623F03CFF2A46BF
S2140154F0044603460D49002001F05CFB96B10C4BB7
S21401550036211A889B78ADF80C208DF80E300323CF
S214015510002200934FF6FC7003AB8DF80D5023F07C
S21401552063FE0446204604B070BD00BF064B04006F
S21401553040A10400FF2810B50C4604D10020044900
S21401554001F038FBFE202146BDE81040FFF7CABF38
S2140155501F4B0400F8B51E460B8807460C46154639
S214015560002B64D14A88B1F9021000200029B8BF87
S2140155706B78304901F01EFB6288132A1DD002F5B4
S214015580FF437F339BB2052B23D8A2F50042013A95
S214015590052A1ED8DFE802F0193F1D033C09264AFA
S2140155A02649002001F006FB13E0254A2349002086
S2140155B001F01AFB2A792349F3E7022E94BF4FF62E
S2140155C0FF72B5F801202049EBE700201F4901F0E2
S2140155D0F1FA33462A462146384624F02DFE70B9A4
S2140155E033462A462146384624F028FE48F221034F
S2140155F062889A4203D13846697823F05DFA638857
S214015600B3F5004F02D9082023F06DFA0120F8BD4A
S2140156102A790F49C5E70F4A0849002001F0E4FA44
S214015620032E94BF4FF6FF726A880B49B9E7002034
S214015630EDE700BF5A4B0400824B0400894B04007F
S2140156409A4B0400A04B0400AE4B0400C64B04006A
S214015650E04B0400024C0400074C04002DE9F04125
S21401566016888AB0DFF88C80ADF80E300DF10E0387
S214015670C8F8002015460093324610AB07460C4684
S214015680FAF7BCFD90BB109B8DF824000693BDF87D
S2140156900E3004A8ADF81C30AB898DF81070ADF84B
S2140156A020306B890594ADF81E60ADF8223023F0EA
S2140156B009FAD8B921463046BDF80E30109A01F0E5
S2140156C0C9FF98B921463046BDF80E30109AFFF74B
S2140156D041FF58B9CDE9006039462046BDF80E3085
S2140156E0109A02F049FB08B9C8F800000AB0BDE8F4
S2140156F0F08100BF00420020F0B585B004AB03E99D
S214015700030000231C469DF80D609DF80E70154A97
S214015710D9B202EBC1004568EDB99DF80C302846B8
S21401572000939DF80A209DF80B300F4901F05CFAB2
S21401573026B1324628460D4901F056FA0C4A002099
S214015740002C18BF2246BDF808300A4905B0BDE84E
S214015750F04001F02FBA12F831100133B94208BFF8
S2140157602C46D5E7E8A00400194C04002A4C040096
S2140157701D1604002E4C04004FF6FF7310B5084C9E
S21401578088B062889A4207D102A90DF1070022F07B
S21401579005FDBDF810306380608808B010BD00BFFD
S2140157A0F85800202DE9F04F85B0894692461C46F0
S2140157B00746BDF83850BDF83C80109E002833D00F
S2140157C00346464A0020464901F00EFA2388002B7C
S2140157D076D040F20912934274D0424A4249B3F558
S2140157E0827F08BF0A46CDF80480618800200091B8
S2140157F03E4901F0F9F9238893B1B8F1020F0FD9A8
S21401580033783B4913F0010F3A4A18BF0A46590745
S2140158104FF000004CBF3379B378374901F0E4F913
S2140158200020364901F0C6F90023354931F8332006
S214015830AA4249D1334A52F833B0002331F8330033
S214015840DA00A84246D100202E490A44908041F849
S214015850330047B9238833B9B4F90230002B02DB91
S214015860082023F003F9012023F03DF99EB1357895
S214015870EB0710D515F0040004D04246012130464E
S21401588023F07EF9CDE9017043462246514648464B
S214015890009622F095FEBBF1000F06D04346224645
S2140158A051464846CDE90067D84743462246514609
S2140158B04846CDE9006722F049FB05B0BDE8F08F08
S2140158C0114A90E7114A8EE701330A2BAED14FF009
S2140158D0000BB2E701330A2BB0D1BAE75A0D040028
S2140158E0554C04001E160400434C0400634C04008F
S2140158F0464C04004E4C0400944C04002E4D04000B
S21401590008420020044200203C4C0400404C0400A5
S2140159100D4BF0B54FF00C0C1F88054600230B4EBF
S214015920DCB2BC4201D30020F0BD0CFB04F43019FC
S214015930345DAC4205D144888C4202D1047994424C
S214015940F2D00133ECE700BFBC6E0020C86A00202D
S21401595073B501262B4D2C4C2A462046FF230021E9
S2140159600096F9F77BFD2A462046FF230021009684
S214015970F9F774FD2A462046FF2300210096F9F721
S2140159806DFD2A462046FF2300210096F9F766FDA5
S2140159902A462046FF2300210096F9F75FFD2A4696
S2140159A02046FF2300210096F9F758FD2A46204697
S2140159B0FF2300210096F9F751FD2A462046FF23D2
S2140159C000210096F9F74AFD2A462046FF230021CA
S2140159D00096F9F743FD2A462046FF23002100964C
S2140159E0F9F73CFD2A462046FF2300210096F9F7E9
S2140159F035FDFF232A46002120460096F9F72EFDA5
S214015A0002B070BD7B780300544200202DE9F843B4
S214015A1000244FF00C090C4B0C4F1E78DFF8308039
S214015A203A88E5B2954202D33046BDE8F88309FBD1
S214015A300585FF21A86821F0D8FA18B9AB799E42EE
S214015A4038BF1E460134EBE777610020BC6E0020AC
S214015A50C86A0020014B1878704700BF77610020A4
S214015A60014B1870704700BF77610020F8B50646F5
S214015A700C4623F016F80546C8B9304622F043FD19
S214015A800B2815D80B4B03EB00131F7B87B95A88DD
S214015A90012122809A88304662809B79237100F02A
S214015AA037FA39466071304600F032FAA0710125A6
S214015AB02846F8BD7442002070B504460E461546C9
S214015AC022F021FD0B2802D94FF6FF7070BD094B5D
S214015AD003EB00131A7B002AF6D146B901222946A8
S214015AE0204600F03DFA0028EED00088EEE7012EB1
S214015AF0EAD1F4E774420020FF2313B50DF1070144
S214015B0004468DF8073022F0CAFF18B19DF8070049
S214015B1002B010BD074B03EB04131B7B0BB1FF2038
S214015B20F6E7204600F03AF90028F8D0204600F0C3
S214015B30E9F9EDE77442002013B5F6F785FC044653
S214015B40F6F788FC224603461249002001F032F897
S214015B5000F084FFFFF7BAFC00F0A6F80221084621
S214015B6002F074FDFFF764FC41F2490023F069FC82
S214015B704FF0FF130093FF2368468DF8043023F09F
S214015B803EFC4FF4004023F01CFC002023F039FCBF
S214015B9002B010BDE34C040038B5054622F09FFF65
S214015BA090B9284623F059FB044628B140F6044331
S214015BB0984214BF88248D2423462A460020034990
S214015BC000F0F8FF204638BD8D24FBE7FB4C0400AF
S214015BD02DE9FF4705460E4617469846BDF8309014
S214015BE0DDF834A0BDF83840CDF80090CDE9014A83
S214015BF0E4B2FFF7D7FD43463A4631462846CDE99B
S214015C000094CDF808A024F0E0FAFF21034B044AE3
S214015C10044804B0BDE8F04700F01ABE045900205D
S214015C20005900204F630020044B014618881022BB
S214015C3040F0404040F48010F7F716BA3A9E040050
S214015C40024B18685968FFF757BD00BF6EE10400A4
S214015C500123064AD15C814202D1054AD05C7047D5
S214015C6002335F2BF6D10020704700BF42A104002B
S214015C7043A1040070B500220446094B1D78094B68
S214015C80D0B2854201D8FF2070BD1E78A64204D14D
S214015C900029F9D05E7BF607F6D401321033EFE720
S214015CA078610020744200202DE9F04198B06B46DF
S214015CB0304A1068516803C390680CAA18602E4BCE
S214015CC014469C4603F118061546186859680833A9
S214015CD003C5B3422A46F7D112AA1746274B03F14A
S214015CE01806154618685968083303C5B3422A468C
S214015CF0F7D1234A03AB106851684FF0010E03C376
S214015D00906871681860DCF83000002206AB03C3A7
S214015D100C21EC46B068CDE909221860194BDFF872
S214015D206C801970184B0DEB01060B9206AD09A994
S214015D301CF8010B0132187034F8020B0C2A58803B
S214015D4037F8020B83F80DE0988016F8010B03F183
S214015D50100303F80A0C15F8010B08EBC00043F812
S214015D60080C11F8010B03F8040CE1D118B0BDE8DA
S214015D70F08100BF154D0400B2A40400CAA40400BB
S214015D80224D04007861002074420020ACA104007A
S214015D90014B1878704700BF78610020034B03EB76
S214015DA00013587B00F00100704700BF74420020CA
S214015DB0F0B504460846D9B100220E4B11461F78AD
S214015DC00D4B1D46D6B2B74201D8002010E01E7812
S214015DD0A64206D09E68F688314489B20132103355
S214015DE0F0E75E7BF607F9D505EB02150180A8689A
S214015DF0F0BD00BF78610020744200202DE9F34712
S214015E00894690461D46074618B9002002B0BDE8EF
S214015E10F0870029F9D0002AF7D0002BF5D000240E
S214015E2000780DF10601ADF80640FFF7C1FF002826
S214015E30EBD039460DF10602BDF8066022F058FA9D
S214015E4007460028E1D00DF10602BDF806A022F0B3
S214015E5076FA0028D9D0C9F80070C8F8000003798E
S214015E6013F0200219D1DB0614D4BDF806300C4A13
S214015E70564413FA86F612FA86F20BE01A790C33B8
S214015E80920642BF13F8092C891889B29842F5D8B0
S214015E90044A0A4401202A60B8E72146024BF5E786
S214015EA09B62002079610020ECA3040008B5002164
S214015EB0FFF7E0FEFF2817BF044B084603EB00136D
S214015EC0587B18BF00F0010008BD00BF74420020D7
S214015ED02DE9F0410D4616461F4622F014FB0B280D
S214015EE00AD8074C3B4604EB001032462946BDE86B
S214015EF0F041806822F0D4BA0020BDE8F08100BFEE
S214015F0074420020014B0001185C70477442002067
S214015F1070B50C4622F0F7FA0B281BD80F4B03EB93
S214015F2000139A68C2B10023142618461579D9B20F
S214015F308D4200D870BD116806FB0311097B34B988
S214015F4011F0800F1CBF0130C0B20133EFE711F032
S214015F50400FF7E70020EDE71046EBE7744200201C
S214015F60F8B50D46164622F0CEFA0B280BD80F4B85
S214015F704FF0140C03EB00139A6800231C461779A4
S214015F80D9B28F4201D80020F8BD10680CFB03007F
S214015F90017B46B911F0800F03D0AC42F4D0013436
S214015FA0E4B20133ECE711F0400FF5E7744200204C
S214015FB02DE9F04F064600243A4B87B01B783A4F3E
S214015FC00093009B9C4207D2FF2E08D0304622F059
S214015FD09AFA0B28044606D907B0BDE8F08F07EBFE
S214015FE004131B7B2BBB23014FF00008019307EB27
S214015FF0041A14E014221B6802FB05352B89B3F53D
S214016000967F01D929F09CFB4FF000094FF00C0B4D
S21401601029891FFA89F291420ED808F10108019BDD
S2140160205FFA88F5FB189B681A79AA42E2D8FF2E18
S214016030D2D10134E4B2C4E71FFA89F00BFB00F0B9
S2140160406B6819180A7912F0100F23D19AF800E03C
S21401605012F0400F8DF80CE0B5F800E0185AADF8D4
S2140160600EE00CBF4FF0400E4FF0800EADF8120060
S21401607028468DF810E022F007F95307ADF8140012
S214016080C8780AD50228896800D90968002203A8B9
S21401609022F0D6F909F10109BAE702288CBF89680E
S2140160A00831F3E77861002074420020052370B5BB
S2140160B0094A06881488B44208D19578047B2C4096
S2140160C03F2C03D90D4201D0506870BD013B02F14F
S2140160D00802EFD11846F8E75CA4040070B5002466
S2140160E0074D084E2B78E0B2834200D870BD06EB10
S2140160F00010437BDB0701D522F0E4FA0134F1E717
S2140161007861002074420020F8B50C46002105464F
S214016110FFF7B0FDFF2829D0154A060102EB001350
S2140161205B7B03F001016CB143F001031644A1420D
S214016130737305D0C4B100B202EB001022F0C2FAAC
S2140161400120F8BD2346F1E77B4311682846CA18AB
S214016150127BC95AD20921F021FF0134B268E3B299
S21401616011799942F0D8EBE71427F7E70846E8E7F4
S21401617074420020F0B59446497D20B339B3012915
S21401618018BF042100254FF6FF702F462A46144EED
S2140161903488644511D196F803E01EEA010F0CD04D
S2140161A0B4789C4209D30AB1BC4206D81EF0100F3F
S2140161B003D08AB1BC420CD370B90135072D06F164
S2140161C00406E5D1F0BD002908BF0821D8E7022161
S2140161D0D8E727460020F0E727460122FAE700BF66
S2140161E040A404002DE9F04F0A9FBDF824E09DF875
S2140161F02C809DF830904C7D78B394B3012C18BF59
S21401620004240025194800F11C0C068896421ED16C
S21401621090F803B01BEA040F19D08678464516D3CA
S2140162201BF0100F91F80FA004D0BAF1000F0ED09A
S214016230B1F810A0BAF1000F09D1A94513D0AE45A7
S21401624011D95E553E88013501363E80ADB2043027
S2140162506045DAD10120BDE8F08F002C08BF082484
S214016260CDE70224CDE70020F5E700BF40A40400F7
S2140162702DE9F04F0024B1F57C4F0E4638BF4FF0A4
S214016280010BA246A1464FF6FF781F4628BF274BB3
S21401629085B028BFB3F800B0009001925C4503D3E7
S2140162A0404605B0BDE8F08FB6F57C4F0CD3204BC9
S2140162B03A4603EB840331465B880098FFF708FEF5
S2140162C0054680B300232AE03A463146009822F07C
S2140162D04AF9F5E70C229CB254436A680199105BAF
S2140162E002EB040C884219D3B9F1000F01D05045D6
S2140162F014D861462846CDE9023221F0C5FF029B3B
S21401630060B1039A125BB9F1000F03D0524501D375
S214016310804503D9924680464FF0010901332A8908
S2140163209CB2A242D6D80134A4B2B7E7A2A1040017
S214016330A4A104002DE9F04F91461A4600238BB024
S2140163408DF82020BDF850208DF81C00ADF81E10E9
S214016350ADF8242005460F461A4604A907A8159C41
S2140163609DF858609DF85CA09DF860B09DF864802B
S2140163700493ADF8229022F00FF8049850B92B46FA
S214016380CDE90079644A654900F014FC86200BB01B
S214016390BDE8F08FBAF1000F14D18378B34206D06E
S2140163A050465D4A5E4900F005FC8D20EFE7037913
S2140163B013F0010306D11846574A5A4900F0FAFB72
S2140163C08820E4E703795B072CD583685A689B68C5
S2140163D005920693807822F075FD049B0546DF78CA
S2140163E02146022F03463A4610D805A822F026FD7C
S2140163F081462B463A46214606A822F01FFDB9F1F2
S214016400010F01D001300DD18720C0E7059822F099
S21401641015FD0128F8D02B463A462146069822F06B
S2140164200DFDEFE7BBF1000F6FD1049F4FF6FF7232
S2140164302146B87821F0C6FE00286BD0BDF824307E
S214016440C5B20093CDE902549DF82030BDF8222054
S214016450BDF81E109DF81C00019622F02FFB0028A7
S21401646095D1BDF82430CDE902540093BDF8222021
S2140164709DF82030BDF81E109DF81C00019622F0F4
S214016480FBF8002883D121469DF8682007A821F053
S214016490D7FF00287FF47BAFB8F1000F07D03B464B
S2140164A02046BDF81E209DF81C1022F06CF8BDF8A1
S2140164B02430BDF82220BDF81E109DF81C00009364
S2140164C0CDE901649DF82030FEF7E2FABDF82430EC
S2140164D0BDF82220BDF81E109DF81C000093CDE9E2
S2140164E002549DF82030019622F0E7FABDF82430D8
S2140164F0BDF822200093BDF81E109DF820309DF8AF
S2140165001C0022F091F8002041E70020064900F027
S21401651051FBF8E701203AE72F4D04003B4D0400FC
S214016520674D04007B4D04008F4D04007FB50025A8
S2140165308DF80830BDF820308DF80400ADF806104F
S214016540ADF80A20ADF80C306946BDF82830099A36
S21401655001A80B9E009521F01FFF044630B916B125
S214016560009B9B783370204604B070BD8928FAD111
S2140165702846024900F01EFBF5E700BFAC4D0400BB
S2140165802DE9F04F4FF0000AC7B0FFF701FC5FFAA4
S2140165908AF6B04202D847B0BDE8F08F5B4B3601B1
S2140165A09A5D00205A4900F005FB0020594900F089
S2140165B001FB00230593554B9DF8144033449B681B
S2140165C01A79A24202D80AF1010ADEE714224FF034
S2140165D000091B6802FB043422891FFA89F39A42D8
S2140165E002D8059B0133E5E70C231FFA89F803FB64
S2140165F008F8D4F804B029F0A3F80BEB08052B79BA
S214016600454913F0400F3BF8083022884FF0000050
S2140166100093424B18BF0B46414900F0E5FA294664
S214016620204621F031FE074600283CD13D4900F0C6
S214016630DBFA2979DFF814C111F0010F3A4818BFC7
S214016640604611F0020FAA78EB7832D1DFF800C16C
S21401665011F0100F354918BF6146CDE90001002041
S214016660334900F0C1FA2B793BF8082013F0400FAC
S2140166704FF0000B4FF0FD030DF118082188CDE90E
S214016680023BCDE9007821480CBF40238023805D82
S214016690FFF74CFF86280ED12649002000F08AFA23
S2140166A009F1010998E702462349002000F09CFA07
S2140166B0BFE72249D1E7A87821F0D6FDD8B14046F8
S2140166C022F064FA421C92B201234146002000F0F7
S2140166D0D5F93946208801F001FA4FF6FF73984242
S2140166E007D0174B174903EBC0035A68002000F088
S2140166F061FA1549D1E7A87821F0BCFD20B14046E2
S21401670022F049FA821CDEE7EA78DDE774420020CF
S214016710FE4D04000C4E0400D64D0400DB4D040073
S2140167204C4E0400C33E0400E34D0400E64D040055
S214016730604E04007C4E04001D530400EE4D040020
S2140167402CA50400A31D04002E4D0400E04D0400FA
S214016750F64D04002DE9F04FC7B0BDF844A106463A
S214016760BAF1040F0D4614461F46BDF840B163D971
S214016770CDE9013B00920B4602463049002000F06D
S21401678019FAFD230DF117090DF118083046029389
S21401679022463B462946CDE900B8CDF80C90FFF7D6
S2140167A0C5FE0646B8B9FD22414699F8000021F01B
S2140167B009FD0746C0B1AAF10403834238BF892602
S2140167C0204622F0A0F98EB1304600F01BF9304683
S2140167D047B0BDE8F08F009023462A4600201849AE
S2140167E000F0E8F90027EBE78926E9E7DFF85CA087
S2140167F0BA1CBAF80030C3F1FF039A4219DA3046E0
S21401680000F000F999F8000000F0FCF8BAF80090E2
S2140168100C483A4641464844B94404F021FFAAF8D8
S214016820009023462A4630460749009700F0C2F9F1
S214016830CDE7892000F0E6F88926C8E7884E0400EF
S214016840C34E04004F630020EA4E040000590020A6
S21401685010B5044C20600448018004490A60044ACB
S214016860136010BD3C430020FE5800203843002032
S2140168703443002030B587B00AAC0D4654F8041BEB
S2140168800093CDE9011413460949024609480988CF
S2140168900068059422F037F84FF48A52064B1B68BD
S2140168A01880064B1B685D80DA8007B030BD00BFDC
S2140168B0FE5800203C43002038430020344300208B
S2140168C008B410B587B009AB0C4653F8041B009208
S2140168D0CDE9011302460B490B48059309880023AD
S2140168E0006822F010F84FF48A52084B1B68188093
S2140168F0074B1B685C80DA8007B0BDE8104001B02A
S214016900704700BFFE5800203C430020384300205B
S21401691034430020044A034611680448044A09889F
S2140169201268006821F0C8BA3843002034430020BA
S2140169303C430020044B054A1B6812681988044B27
S214016940186821F02CBA00BF384300203C430020D1
S2140169503443002007B5074B1B681B880192064A83
S21401696012680092054A126821F07AFA03B05DF8BF
S21401697004FB00BF384300203C4300203443002082
S2140169801FB51446064A12681288CDE901430091E4
S214016990044B05491B68096821F03EFA04B010BD96
S2140169A0384300203C43002034430020014B186844
S2140169B0704700BF34430020024B1B6818715971A1
S2140169C0704700BF3443002010B50024084B1C70EC
S2140169D0FEF75EFC074BFF2218802146064804F0AE
S2140169E0AFFC064B1C80064B1C605C609C6010BDB7
S2140169F059640020025900204F63002000590020EE
S214016A000459002007490B88FE2B9FBF064AD05425
S214016A10581C80B29DBF088000F1FF30801800200E
S214016A20704700BF005900204F630020F8B5094F9A
S214016A300D463B885C18FE2C0ADC074E0A46A4B2BB
S214016A400146F01804F0CEFC3C80641BA019F8BD8A
S214016A500020FCE7005900204F630020024B034A48
S214016A6000201A60704700BF40430020A8A1040020
S214016A70014B1878704700BF7442002030B4044DB3
S214016A80044C002B0CBF2B46234630BC22F0A7B883
S214016A904A0E0400BD4F040070B5054608460C4674
S214016AA022F074F8611C0246024B2846BDE870408D
S214016AB022F095B8DC56040000B5037889B0069339
S214016AC043783E220593837808490493C378039359
S214016AD0037902934379019383790093C379044838
S214016AE0008800F081F809B05DF804FB184F040037
S214016AF010590020024B02460249188800F05AB885
S214016B0010590020B61404002DE9F04705460E463C
S214016B1017460024DFF84480DFF844A0DFF84490ED
S214016B20AC4201D1BDE8F087B8F8000006EBC4011D
S214016B305346082222F053F80134B8F800003FB952
S214016B40044AA54208BF4A46034900F04DF8E7E764
S214016B504A46F9E72E4D0400B514040010590020EA
S214016B60BD4F04003FFF03002DE9F0410E4E0446E1
S214016B70308822F04CF8A8B100250C4FDFF83080A1
S214016B80E3070AD518B94146308800F02DF8308859
S214016B902A46394600F028F8002001351B2D4FEA19
S214016BA05404EDD1BDE8F081105900200F3B0400DC
S214016BB0604C04000EB417B505A9044651F8040B41
S214016BC0019103F0BFFA01210220054AF8F766FF9A
S214016BD0044B1C8003B0BDE8104003B0704700BFF3
S214016BE02E4D0400105900200EB417B505A9044611
S214016BF051F8040B019103F0A5FA034B1C8003B076
S214016C00BDE8104003B070471059002013B5036863
S214016C100446587900F032FF90B923685A88032A4F
S214016C200ED0E17C5B79CDE900211649164AFFF7C3
S214016C30C1FF0121204622F08AF8012002B010BDD2
S214016C40637D012B0AD0637D33B92368228A598874
S214016C50587921F064FC48B9C3200AE02368228AE7
S214016C605988587921F064FC0028ECD0204621F0A0
S214016C70D0FF064B1B78002BDFD110F5807FDCD0D0
S214016C80C1B2D7E7454F04003D4F040050640020D1
S214016C90002970B50F491D460F4B14460CBF6E22D6
S214016CA07922002808BF0B4600200C49FFF79CFFFD
S214016CB00B4E2544AC4205D1BDE870400020094981
S214016CC0FFF778BF3146002014F8012BFFF78CFF41
S214016CD0F0E700BF7E4F0400744F0400874F0400A6
S214016CE0BB4F04004C3204002DE9F04FC27C8BB040
S214016CF00592427D0368002A14BF80224022077D48
S214016D000446856886895879B846B3F80290069293
S214016D1000F0B4FEA0B9059B052B05D86FF02D0336
S214016D20059A1341DB070BD5B9F1030F08D0AB4920
S214016D300020FFF73FFF0121204622F008F876E009
S214016D40E37B1BB1228A002A00F0B781607D002216
S214016D50B0FA80F05B4203F00403DFF88CB240091E
S214016D6043EAC000ABF80020FFF74CFEE37B1BB301
S214016D70208A21F0C8FE8246A07CFFF743FE059AD2
S214016D80162A00F29A81DFE812F019009E016C00C3
S214016D905600D2016C009201D9019A01E001E70187
S214016DA0EE01390102029801980198011402580275
S214016DB014027002390102029A46DDE700204B46B2
S214016DC0874A8849FFF7F6FE0120FFF71BFE08F108
S214016DD00207B74229D841463246284621F0D0FE5E
S214016DE08046236842465879BBF800304946C3F1CD
S214016DF0FF039BB20193238A0093069B23F01FFA9D
S214016E0010B11FFA87F8E2E7236842465879BBF8C3
S214016E1000304946C3F1FF039BB20193238A0093D6
S214016E20069BFFF797FC8928EBD121F08AFF01200A
S214016E300BB0BDE8F08F4FF0000B0420FFF7E2FD2A
S214016E40F31E0893089B984552D3BBF1000FECD173
S214016E50E37B94F81480002B0CBF02220422624BC1
S214016E601A804FF0000B0420FFF7CCFD5F4608F1B7
S214016E70030A564540F29D8032464146284621F097
S214016E807FFE05EB08039B78F21EAA44A2EB0802DC
S214016E9007905146184692B2099321F093F908904B
S214016EA0002879D02268099B5079CDE901A3238A6D
S214016EB049460093DDE9063221F0B3FC82464A4694
S214016EC00020079B4949FFF78FFEBAF1000F55D105
S214016ED00BF10103504646495FFA83FBFFF76AFE52
S214016EE0089B08F1030813FA88F81FFA88F8BEE72A
S214016EF032464146284621F043FE05EB08039F78BB
S214016F00089B08F10301A3EB08022944824692B2CA
S214016F103846099121F056F9079068B32368099914
S214016F20587902970191238A524600934946069B57
S214016F3021F0C7FC0746B8B10BF1010338465FFAEA
S214016F4083FBFFF75FFD504621F0DDFD53464A46C1
S214016F5000202649FFF72EFE3A4600202549FFF776
S214016F6029FE802F3FF471AF079B08F1030813FA3F
S214016F7088F81FFA88F865E78027DDE75046FFF7AF
S214016F8041FD079821F0BFFD0137524600201949FF
S214016F90FFB2FFF70FFEA3E78720FFF733FD079841
S214016FA021F0B1FD0137872212490898FFB2FFF799
S214016FB001FE059B052B3FF43AAF002F7FF435AF5A
S214016FC0BBF1000F05D10C495846FFF7F3FD8021B0
S214016FD0B2E63846FFF716FD27E700BF08050400AE
S214016FE0C84F04001550040000590020D24F040079
S214016FF0154F0400EE4F0400F84F04000599A84A07
S214017000A84B0020152918BF1346CDF80090A64AB4
S214017010A649FFF7CFFD059B0C2B14BF16200D20AC
S214017020FFF7F0FC32462846394621F0A9FD059BBC
S2140170303D440C2B0646AD7835D1192D28BF1925B0
S214017040E37BB3B14FF6FF73278A9F4211D12068C5
S21401705032464946069B4079FFF70AF9B84208D0FE
S214017060BAF1000F05D020828AF80000000A8AF8DB
S21401707001000020BBF80070FFF7C4FC236832460D
S2140170805879059B4946A3F1150CDCF1000343EB47
S2140170900C03CDE90153238A0093069B21F035FBAF
S2140170A0834BD855C1E6132D28BF1325C8E72046C4
S2140170B0FDF776FB00287FF4BAAE81213CE6204638
S2140170C0FDF722F8F6E7B9F10A0F05EB0708A6EB7C
S2140170D0070A21D1DFF8DCB19BF80030E3B1E37B8E
S2140170E0D3B9BAF1080F17D132463946284621F0EE
S2140170F047FD88B998F8023073B998F80320E22A58
S2140171000AD13246391D2846059321F036FD21F075
S21401711003FE059B8BF80030414648461FFA8AF26B
S21401712023F08FF800287FF482AE002104E6F21BDC
S214017130484692B2E91921F0E0FCF3E7F21B484613
S21401714092B2E91921F09CFCECE7F21B484692B298
S214017150E91921F0BFFCE5E7F21B484692B2E919AE
S21401716023F071F8DEE72368EE5D5879238A01374C
S214017170ED5D0193069B3246494600932B4621F06E
S21401718003FA2A463146484621F07CFC4FE605982C
S2140171907A1CE95DB31AA0F11606704270410039F7
S2140171A0009018BF012148469BB22A4421F06CFC8E
S2140171B0B8E7059BEE5D112B3D446F7838D1122060
S2140171C0FFF720FC0025E37BB3B14FF6FF73B4F85D
S2140171D01080984510D133464A4621462846FEF788
S2140171E0C9FF404508D0BAF1000F05D020828AF8C1
S2140171F00000000A8AF80100BBF80080DFF8B0A0A2
S214017200C8F1FE0292B208F10103009253444A46C5
S21401721021462846CDE90267CDF804B0FEF7E2FF25
S214017220BBF800300AF808000133ABF80030FCE583
S2140172301420FFF7E7FB0125C5E77B1C9E422CD3F4
S214017240EF5D1D44003F18BF0127F31A9EB2334677
S2140172502A4639460020FFF71BFD00962B463A4684
S2140172604846218A21F014FC5CE77B1C9E4214D31D
S214017270EF5DF61A003F18BF01271D44B6B233462C
S2140172802A4639460120FFF703FD00962B463A466B
S2140172904846218A21F0FAFB44E70020C8E500BFF2
S2140172A02E4D0400C34F040009500400135004007F
S2140172B04F6300204E64002038B54FF6FB75044638
S2140172C0A9424FF001019DF8100098BF43F4004316
S2140172D0217023816260A07202230020084A0949B6
S2140172E0FFF768FCE07A084B40F6CA0203EB401051
S2140172F0FF211FF062FEBDE83840042021F0B6BB36
S214017300235004002E5004008443002030B5054667
S21401731085B028B91D4905B0BDE83040FFF74ABC25
S2140173200024007B21F042FC2046194A19492C70A2
S214017330FFF740FC184BE87AFF2103EB40101FF0E3
S2140173404DFE2046154B02019A5C22B901300428F5
S214017350F9D121F0C8FB696899B1B5F908302A89D5
S2140173609B1303F002038DF80430C2F30E03ADF84D
S21401737006304FF6FF73ADF80830002301A80393DB
S214017380884705B0BDE8304021F015BC59500400CF
S214017390235004008B500400844300204443002003
S2140173A00948037873B91946084AD3720133042B86
S2140173B01173117051601181917202F11002F4D1B2
S2140173C001230370704700BF4F6400204443002030
S2140173D008B5FFF7E5FF002305491A018A5C01EBB2
S2140173E003101AB10133042BF7D1002008BD00BFEA
S2140173F04443002070B50D460646FFF7D1FF002333
S214017400094800EB0514A17AB14205D1217819B1DA
S2140174102B4400EB031070BD0133042B04F1100460
S214017420F1D10020F7E700BF4443002010B5044621
S214017430FFF7B6FF0E4B9C4212D003F12002944296
S21401744010D003F1400294420ED060339C420DD11D
S2140174500323084800EB0310BDE81040FFF756BFB2
S2140174600023F6E70123F4E70223F2E70020F3E71F
S214017470844300204443002070B50024064D074E87
S2140174802846324600210134F8F71EF8042C05F18F
S2140174902005F5D170BD00BF844300202D74010086
S2140174A02DE9F34105460C4617469846FFF790FF2F
S2140174B0064640B91C4A1D49FFF77CFB02242046BC
S2140174C002B0BDE8F0814FF6FB739D420AD94FF634
S2140174D0FD739D4204D00020134A1549FFF76AFB4D
S2140174E04FF6FD75434621463A46284621F0FCFBF9
S2140174F0044600F02FFE804634B1234600200A4A97
S2140175000C49FFF757FBDAE73B462046064A0A498D
S214017510FFF750FB062329463046089ACDF800802F
S214017520FFF7CAFECBE700BF2350040098500400C3
S214017530C2500400F750040020510400F7B5064677
S2140175400C461746FFF744FF054638B9104A11495D
S214017550FFF730FB0224204603B0F0BD21464FF46E
S2140175608A52304621F088FD044600F0F3FD34B11E
S21401757023460020064A0849FFF71CFBEBE700906C
S21401758004233A4631462846FFF796FEE3E700BF56
S214017590235004009850040048510400F7B50646ED
S2140175A00F46FFF715FF054638B9104A1049FFF791
S2140175B001FB0224204603B0F0BD00224023114601
S2140175C0304621F038FF044621F033FF34B123461C
S2140175D00020064A0749FFF7EDFAEBE70090012382
S2140175E03A4631462846FFF767FEE3E72350040094
S2140175F0985004007B51040073B504460E46FFF70D
S214017600E7FE054638B9104A1049FFF7D3FA0224B7
S214017610204602B070BD00222046114621F00DFF23
S214017620044621F006FF34B123460020064A0849E5
S214017630FFF7C0FAECE70090234632464FF6FC719E
S2140176402846FFF739FEE3E723500400985004006C
S214017650A95104002DE9F0418846107800219EB01A
S21401766014461D46FFF7C6FE0646002800F0FD80BC
S2140176700778002F7BD0B8F80010002940F0F5807D
S2140176800389B8F8022043F40040824240F0ED80BE
S214017690617800296BD1A2F50042062A00F2E58046
S2140176A0DFE812F0A100A100E300E3000700B80044
S2140176B06900E3880D3DADF82430238915F00105F6
S2140176C0ADF8263063798DF82830E37A03F10602A7
S2140176D014F812208DF814308DF81C2042D10BA915
S2140176E08E46069104F10C005FFA85FC9C4500F17C
S2140176F0020009D210F8018C10F802CC01350CEB0F
S214017700082C2EF802CBEFE701EB43011A4408914F
S214017710D2B2590001F10D009A42C0B20BD0251821
S2140177206D78205C7831694400EB0520013321F83F
S2140177304C0CDBB2EDE7B6F908203389002AACBF62
S21401774001220322C3F30E038DF808206288ADF8E8
S2140177500A3005ABADF80C20049302A9304621F09F
S214017760AEFA04E0424A43490020FFF723FA3846BE
S2140177701EB0BDE8F081042D02D83D4A3E49F3E72C
S2140177802379053DADB29D42B4F8028002D0384A55
S2140177903A49E9E73A4A3B4B0020002D08BF134619
S2140177A03949334ACDF80080FFF704FA05348DF8DD
S2140177B01450B6F90830069485B1002BACBF0123EE
S2140177C003238DF82C303389ADF83080C3F30E03D4
S2140177D0ADF82E3005AB0D930BA9BFE7002BACBF60
S2140177E006230523EDE70B2DC7D9D4F80200D4F8FC
S2140177F0061013F4004F05AA03C20CBF042203228D
S2140178008DF82C206289C3F30E03ADF83020ADF855
S2140178102E30DFE7042DB0D96388ADF830302379F8
S2140178200533DBB29D4206D00020114A1749009568
S214017830FFF7C0F99BE70E4A00201549FFF7BAF992
S214017840B6F908203389002AACBF01220322C3F30C
S2140178500E03ADF82E3005AB0D93631D0693237909
S2140178608DF82C208DF81430B6E700277FE700BF8F
S21401787023500400D6510400FE51040012520400A5
S214017880C60C04002E4D0400395204005652040062
S21401789097520400304BF0B5B0FBF3F24FF461653C
S2140178A003FB1200B0FBF5F3DCB205FB13033C252A
S2140178B0B3FBF5F3DBB2A0EB04104B71C3EB031380
S2140178C0A0EB83004FF4FA630B8040F201134B8068
S2140178D001230C711F4600246425204E88719442B2
S2140178E000D1F0BD91F802C013B1BCF1020F2BD04C
S2140178F006EB0C0010F801ECC87870450BBF0120B0
S21401790001300CF1010CC0B208BF81F802C0C8708A
S21401791088780D2816D10B888F7001339BB2980793
S2140179200B8014D1B3FBF5F005FB103080B280B9A3
S2140179304FF4C870B3FBF0FC00FB1C339BB2B3FAE8
S21401794083F35B090134CAE74FF01D0ED4E7002329
S214017950F8E70123F6E700BF80510100EEA404001A
S21401796010B5044688B006A9FFF794FF9DF81E30AF
S2140179700A4803939DF81D30049402939DF81C3029
S2140179809DF81A200193BDF8183005490093008828
S2140179909DF81B30FFF70EF908B010BD10590020F6
S2140179A0B0520400026808B51188154B1980518839
S2140179B0598051791971117959714FF48A51D980C9
S2140179C0D28812F0200F0CBF0A464FF48B52816901
S2140179D0DA800C4A137831B9C0880B4923F00203C8
S2140179E00880137008BD43F002031370074B15227D
S2140179F01846013103F0F6FC002200F8012CF1E7ED
S214017A00045900205964002002590020135900200F
S214017A1010B5184C2368587920F075FD0B2822D82C
S214017A20154B03EB0010027B237F9A421BD1236880
S214017A30428819888A4205D04FF6FF70814212D1DA
S214017A40120410D42279023A012A06D9A37B63B91B
S214017A50BDE810400748FFF747B9198958791FF064
S214017A6088FE0028F2D1002010BD0248BDE8104073
S214017A70FFF7CCB8084400207442002008B520F077
S214017A8042FD0B2896BF024B0020185C08BD00BFC4
S214017A905E64002008B5002021F088F8FF2020F061
S214017AA065FD21F088F820F02DFFFEF771F9012120
S214017AB00246064803F044FC054BFF21054A0648EA
S214017AC0FEF7C6FEBDE80840FEF708BB5E64002070
S214017AD004590020005900204F630020F0B5002211
S214017AE004464FF6FF750B4F90B237F830600346E9
S214017AF0AE4201D12846F0BDA64209D1B4F57C4F6D
S214017B00F9D307EBC3035B888B42F4D00029F2D08C
S214017B100132E9E72CA5040010B50446FFF7DEFFA5
S214017B20094A034610884FF6FF72934214BF074A6C
S214017B302246BDE8104017BF02EBC30304495A684A
S214017B400449FFF751B800BF105900202CA50400C6
S214017B50D3520400A31D0400034B18780130C0B2B1
S214017B60187000F07F007047206F0020044A1378D9
S214017B7018B143F001031370704703F0FE03FAE7F0
S214017B8059640020014B1870704700BF5C640020E8
S214017B9038B1074B1B78012B04D1038843F040030F
S214017BA003807047022BFCD1038823F04003F7E7DC
S214017BB05C64002068B1074A1378012B07D1064B95
S214017BC01B781370037843F01003037001E0022B57
S214017BD0F8D070475B6400205A6400207FB501210D
S214017BE0264B274E197033780246D90744D42549C7
S214017BF0096881B10868C1888D0641BF224CE188B9
S214017C0041F02001E180C1884C0641BF1E48C18871
S214017C1041F04001C1801D4D1D4928780978400773
S214017C204CBFE97069701B4913F00204098809D03A
S214017C30164A194820F03CFF337823F002033370CC
S214017C4004B070BD154B18884FF6FB73984208D8E0
S214017C500B46CDE9005201460B4A204620F000F9BA
S214017C60EEE74FF6FF73CDE9014200930A46074B54
S214017C70054920F0D1F8E3E70020E1E75064002051
S214017C805964002004440020045900204F6300205A
S214017C90216F0020005900201259002002590020AF
S214017CA070B503790446012B0D46164631D8836814
S214017CB01B78DB0600D561B3A37B13B9E37C0B2BE2
S214017CC027D00022144B1A80637DB3FA83F35B0935
S214017CD0D800E37BABB9FEF795FEA07CFEF792FEDB
S214017CE00B20FEF78FFEE07CFEF78CFE2846FEF7A3
S214017CF089FE2046FFF756FE3046BDE87040FFF786
S214017D006DBF40F00400FEF77DFE208A20F0FBFEEA
S214017D10E3E7002070BD00BF00590020024B0A4671
S214017D2001461868FFF7BCBF04440020F0B40546BE
S214017D3018460F4B0C461B78BDF81010012B0D4E44
S214017D4001D0377827B1002333700020F0BC70478C
S214017D500CB9002AF9D143B14FF65743994204D0E2
S214017D602B462246F0BC20F089BE0120EEE700BF7C
S214017D70226F00205D6400202DE9F04F684C4FF023
S214017D80000A25468446964698460F46654B664E3B
S214017D9083F800A00FCE0FC596E80F0085B085E8E2
S214017DA00F00DDF83C90BDF8383072460093394636
S214017DB043466046CDE9019400F0DCF8DFF8908197
S214017DC0064670B90025FEF7FFFD1622002157482A
S214017DD003F0B6FA00232846C8F8003005B0BDE81F
S214017DE0F08F534BA27CC8F800401A70514B1B7899
S214017DF0002B36D020F092FF4F4902465046FEF740
S214017E00F3FE22685046537952884C490092A28963
S214017E10FEF7EAFE504620F0FAFE20B12368218ADA
S214017E205888FFF779FEE37B23B10020228A444974
S214017E30FEF7DAFEA36800201A78E37C4149009336
S214017E40A37CFEF7D1FE207DA289A168121A014407
S214017E500123002092B2FEF711FE00203A49FEF7F8
S214017E60A9FE2F48FFF79EFD2D4822F0E3F90546AF
S214017E7030BBB9F1000F25D12168E0880B8801904D
S214017E804988BA1E032A00918CBF002201220121D3
S214017E90E07CFFF74BFF38B923685B79FF2B3AD0BC
S214017EA0FFF7B6FD05468EE72368DB889A06F3D40E
S214017EB00121264C1A48217020F049FF84F80090D1
S214017EC0354680E7B9F814309B07E5D47AE758467B
S214017ED0FEF718F882465846FDF760FF88B123681A
S214017EE05046228A598820F011FB50B13846FFF7D8
S214017EF059FD236889F804A083F805A0FFF788FDDB
S214017F0000B9284605460136FDF742FF5FFA86FBB3
S214017F105845DCD857E70026014FDFF83890F3E7DD
S214017F2008440020506400200CA5040012590020CB
S214017F30216F00201F6F0020EC520400F552040050
S214017F401653040022530400170604005D64002043
S214017F5004440020045900200023054AD15C8142D4
S214017F6002D31A44507870470233DBB2F6E700BFFB
S214017F70FAA4040073B515462E781A4616F0040FB7
S214017F800CBF032605269E42089C08D9224A23498F
S214017F9000960020FEF70EFE002002B070BDBDF870
S214017FA0183021712060E380A560A2812B7803F050
S214017FB00103A3732B7803F00403002B14BF0121E4
S214017FC00021E1732978C1F3C00161754FF0010109
S214017FD0217518D0284620F0D3FD237D2082023358
S214017FE02375227D531CDBB22375A95C0232D2B203
S214017FF0A1742275EB5CE374A3899A4205D90092B9
S2140180000749054AC5E72382EBE7079B0120A361E1
S21401801000232377C1E700BF5A0D0400655304000F
S214018020815304002DE9F7430024204FDFF89C809C
S214018030DFF89C90E0B221F032F9FF2805460FD117
S2140180402346012102201A4AF7F728FD194B01346D
S21401805018781EF0B4FB152CECD103B0BDE8F08304
S21401806046B238EA260328BF4B4601210093022078
S21401807057F82430104AF7F711FD002EE6DA0923E7
S214018080E340DB070AD50D4A0D4B15F0010F18BF6B
S2140180901A4601210220F7F701FDD7E70A2CD5D1B0
S2140180A0084A094B15F0010FF1E700BF44A504008B
S2140180B0DA530400236F002002540400B353040073
S2140180C09D530400CF530400C5530400C60C04009E
S2140180D02E4D040008B554220021024803F030F961
S2140180E0002008BD005A002008B55422FF2102488E
S2140180F003F026F9002008BDAC590020024B23F8F6
S21401810010100020704700BFAC590020002310B4A7
S214018110074ADCB2A14203D85DF8044BFFF7DABF89
S2140181202A2BF9D032F8024B20F813400133F0E73E
S214018130005A0020002310B5054A994201DD2A2B7A
S21401814000D110BD32F8024B20F813400133F4E79A
S214018150005A0020024B187800F07F00704700BFDD
S2140181606A640020034B18780130C0B2187000F022
S2140181707F0070476A64002030B51C4600238BB030
S214018180ADF82220021D92B2012A0E9DADF82030D4
S214018190ADF81E10ADF81C3003D94FF6FF729042B1
S2140181A00FD10022CDE90352CDE90124094B014646
S2140181B01B784FF6FF70009307AB21F08EF80BB0DB
S2140181C030BD0146CDE901531846009407AA21F0B7
S2140181D0A0F8F4E7246F002038B505464FF4805028
S2140181E00C4603F0B3FA4FF480532860236030B98D
S2140181F040F2A511BDE83840014827F094BA38BDD1
S214018200F154040000487047DE5C0020014B1878EA
S214018210704700BF406F0020014B1888704700BFB1
S214018220C46E0020014B1878704700BF396F0020DC
S214018230014B1878704700BF306F0020014B18784B
S214018240704700BF336F0020014B1878704700BF9E
S2140182506F640020014B1870704700BF6F640020E8
S214018260014B1878704700BF6E640020014B1870F0
S214018270704700BF6E640020014B1878704700BF3E
S214018280346F0020014B1888704700BFC26E002073
S2140182902DE9F74F414B424A0193424BDFF8449197
S2140182A01B78DFF84481DFF844E1DFF844C13E4F34
S2140182B03E4E3F4D3F49404802EB431A019B524513
S2140182C003F1200309F1200908F120080EF1200E20
S2140182D00CF1200C07F1200706F1200605F1200518
S2140182E001930FD100221146344B324D1C78344E87
S2140182F0344B314FD0B2844203F1200346D803B049
S214018300BDE8F08F304B314C5360002349E90743F9
S2140183102F4CDFF8E0B048E907432E4CC2E90230A3
S2140183204EE907432C4C11604CE907432B4C136173
S21401833047E907432A4C49E9050348E905034EE99D
S21401834005034CE9050347E9050349F8201C48F8ED
S214018350201C4EF8201C4CF8201C47F8201C46F820
S214018360201C46E90743019C45E907B3DFF888B0BE
S21401837046E9050345E9050344E907B344E905036E
S21401838045F8201C44F8201C203297E743E908569C
S21401839043E9061743F8101C0132ABE750470020AB
S2140183A070480020476F0020B0470020904700200B
S2140183B070470020EC5600202E4D04003E6F002032
S2140183C0FDC90200F04700205573020091B9030071
S2140183D0B5870200DD120300EBC903009DAA020067
S2140183E049920300504800203048002010480020E1
S2140183F0D04700200D40030059700200002208B546
S214018400074B1A605A6020F006FF064B187020F0E2
S21401841002FF054B1870054B1A78054B1A7008BDFC
S2140184208E560020CA640020C9640020316F0020E7
S214018430C8640020002100B593B008466A460AF0D9
S214018440FBF90146C8B90E4B0E4A09930E4B0D9225
S2140184500A930E4A0E4B0E920B930E4A0E4BCDE923
S2140184600F230C930D4B6A4611930AF09BFC0038C0
S21401847018BF012013B05DF804FB0120FAE700BF26
S214018480A5B4030051810200A9B60300814A020087
S2140184908B9203005198020009B70300A17B0200EA
S2140184A0084B1878112806D8012809D9064BC3406D
S2140184B003F001007047A0F143035842584170474A
S2140184C000207047CC6400203400020008B5064B3B
S2140184D01B78013B022B05D80020FFF7E1FF01388E
S2140184E0C0B208BDFF20FCE7CD640020044B00F1BC
S2140184F0100250F8041B904243F8041BF9D1704750
S214018500CE640020044B03F1100253F8041B93427F
S21401851040F8041BF9D17047CE64002030B5002422
S21401852091B0114B0546214614220BA8CDE909430B
S21401853002F006FF102209ABCDE900440693CDE90F
S2140185400452CDE90252094B09490AA81DF036FD2D
S21401855004460AA821F015FC1CB1A021054827F005
S214018560E2F811B030BD00BF002480000044400492
S214018570CE6400207C55040070B5002490B0154BE5
S21401858005460E46142221460BA8CDE9094302F002
S214018590D7FE102209ABCDE9004406933146CDE95A
S2140185A00452CDE902520C4B0AA81DF007FD044601
S2140185B00AA821F0E6FB1CB1BA21084827F0B3F857
S2140185C0099B102B03D0BB21044827F0ACF810B050
S2140185D070BD00BF00248000004440047C550400A8
S2140185E030B50D4600218FB0124B0446142209A85F
S2140185F0CDE9071302F0A4FE102207ABCDE9024233
S214018600CDE90042049329460B4B08A81DF0D8FC7F
S214018610044608A821F0B5FB1CB1D121074827F074
S21401862082F8079B102B03D0D221044827F07BF851
S2140186300FB030BD00248000004440047C55040087
S214018640014B93F95A007047245600200022034B31
S2140186501870034B1970034B1A707047DF640020C3
S214018660E0640020DE6400202DE9F04FDFF8908002
S214018670064698F800300D4685B0002B3AD04FF6E6
S214018680FB73984236D84FF0000B1C4FDFF874A0EE
S2140186903C7898F800305FFA8BF94B459AF8000061
S2140186A011D9484402AA0DF10601C0B216F028FA03
S2140186B0082229460DEB020003F08EF90BF1010B9F
S2140186C00028E6D14C463B78A34208D198F8002012
S2140186D0631CDBB29A423B7004BF00233B703246F8
S2140186E029469AF800301C44E0B205B0BDE8F04FC8
S2140186F016F0F4BA05B0BDE8F08F00BFDE640020C6
S214018700E0640020DF6400202DE9F74F06460D46A1
S21401871014461F464FF0010BDFF8789003F10C0A60
S21401872015B903B0BDE8F08F102DA84628BF4FF04D
S21401873010083A46164B5FFA88F152F8040B524578
S21401874043F8040BF9D101919AF8002011481A70E8
S214018750002389F80F4089F800B089F80E30FFF73A
S214018760DDFE324601340B480199E4B212F801CB22
S21401877010F8013B83EA0C0302F8013C931BDBB2C1
S2140187808B42F3D3A5EB080816461FFA88F5C7E710
S214018790E2640020E16400202DE9F04F9046914606
S2140187A085B00090981A029383B20193009B0F46FE
S2140187B0354903F10C0453F8045BA34241F8045B0A
S2140187C0F9D11B78314E0B7049233370019BF0733E
S2140187D01B0A3046B373FFF7A1FE0221BB460D46C6
S2140187E0737888EA030373704FF0000A1DE0C5F141
S2140187F01004A9EB0A039BB2A4B29C4228BF1C46F4
S21401880000231FFA83FCE8186445C0B21FD825442C
S214018810EDB2A344102D54441FFA84FA05D1002565
S21401882030460391FFF77AFE0399D145DFD807EB6F
S214018830080B25B115480391FFF770FE039901292E
S2140188404FF000050DD00121DDF80490CCE71BF8B0
S21401885003C016F800E001338CEA0E0C06F800C0DF
S214018860CFE7029B09491F44094B38461C7822462C
S21401887002F0F6FE2A4621463846009B05B0BDE8C2
S214018880F04FFFF741BF00BFE2640020E164002023
S214018890486F002030B540780C4601284FF0110390
S2140188A087B001F1100516D1144A01A90BF002F8A0
S2140188B0234601AC224618685968083303C2AB4206
S2140188C01446F7D111230D4A002001A90AF0F2FF40
S2140188D0002007B030BD0120094A01A90AF0EAFFCD
S2140188E0234601AC224618685968083303C2AB42D6
S2140188F01446F7D11123024AE6E700BF75E40100EA
S21401890079EB010030B50C46407887B001284FF06E
S21401891011030DBF0B4A0C4A012001A918BF01A97A
S2140189200AF0C8FF234601AA05AD144603CCAC42A3
S21401893018605960224603F10803F6D1002007B0FB
S21401894030BD00BF75E4010079EB010010B50C469F
S21401895088B01A230C4A01A901200AF0ABFF214670
S2140189600DF10E0304F1100251F8040B914243F885
S214018970040BF9D11A230020034A01A90AF09AFF31
S214018980002008B010BD00BF24E10100F0B58BB097
S21401899004460D4622F0FBFCA8B101A813F082FEA6
S2140189A088B1667B271D16F0020F05D008223846CF
S2140189B001A903F011F8D0B901AB46F0020603CBCA
S2140189C06060796066731A230A4A03A901200AF0D7
S2140189D071FF29460DF116030DF1260253F8040B1B
S2140189E0934241F8040BF9D100200BB0F0BD2D20C5
S2140189F0FBE700BF24E10100F0B50546071D002294
S214018A000C463846082193B022F053FC6A7B064692
S214018A10D0070BD5687808A921F0E4F8DDF83D30D9
S214018A206B60DDF841307B6080B10BE0910709D5C2
S214018A30D2000121384602F0800221F0E0F8FF283A
S214018A40687002D12D2013B0F0BDD6B1687801A9A7
S214018A5021F05DF89DF81C305B0604D54FF4C67115
S214018A600A4826F060FE234603AD07AC2A4603CA31
S214018A70A24218605960154603F10803F6D100209A
S214018A80E1E708A921F0AEF8CEE700BFFA550400E9
S214018A902DE9F04106468AB01F480F4615460024C8
S214018AA0FFF730FD002C01A914BF4FF05C0C4FF00E
S214018AB0360C10238846184A12F8010B013B8CEA43
S214018AC0000013F0FF0301F8010BF5D105A823F010
S214018AD056FA4246102105A823F055FAC4B939467C
S214018AE0324605A823F0B7FA2A460DF1140C0DF10B
S214018AF0240E634603CB7345106051609C4602F119
S214018B000802F6D114B10AB0BDE8F0810124C9E724
S214018B102A461021E5E700BF116500202DE9F04740
S214018B2091460D46C0B09DF82041DDF828811E46CD
S214018B30DFF87CA09DF82431074622464946404688
S214018B408AF8003002F08CFD9DB12346324641463C
S214018B503846FFF721FEB44207D9A11B3B46012246
S214018B6089B208EB0600FFF7CFFD002040B0BDE854
S214018B70F087A11B3B46012289B208EB0600FFF7EE
S214018B80C3FD22464146684602F06AFD3246694602
S214018B9038462346FFF700FE9AF800200DEB040145
S214018BA009EB040002F018FF0028DED02C20DDE7D8
S214018BB0486F002038B50346104601F1100451F8FD
S214018BC0045BA14242F8045BF9D104491BB1FFF7EB
S214018BD0D3FC002038BDFFF703FDFAE7116500203E
S214018BE030B5054689B0694620F006FE6B8804ACB0
S214018BF0ABB122462946684620F09EFD0E4A08ADD6
S214018C00234603CBAB42106051601C4602F10802BA
S214018C10F6D10948FFF76AFC002009B030BD6B4663
S214018C20054D1A4603CAA24228606960134605F13B
S214018C300805F6D1EDE700BF1165002050B10B4BDA
S214018C400B4A03F1100153F8040B8B4242F8040B54
S214018C50F9D17047064B054A03F1100153F8040B8E
S214018C608B4242F8040BF9D1704700BF1165002012
S214018C70F164002008B51022024802F0B3FB002080
S214018C8008BD00BF0165002008B50846102202494C
S214018C9002F0A8FB002008BD0165002010B50446BF
S214018CA086B001A9114A112301200AF003FE9DF89E
S214018CB0143001A8E37023F058FD80F001000C4A3F
S214018CC001A96070112301200AF0F4FD9DF814300B
S214018CD001A8A37023F049FD80F00100207012F076
S214018CE06DF86060002006B010BD00BF75E401009D
S214018CF079EB010010B5044686B01123134A012012
S214018D0001A90AF0D7FDA3789DF814209A4207D04E
S214018D108DF81430002011230C4A01A90AF0CAFD6F
S214018D2011230B4A012001A90AF0C4FDE3789DF83E
S214018D3014209A4207D08DF8143000201123044ADB
S214018D4001A90AF0B7FD06B010BD00BF79EB01001E
S214018D5075E401002DE9F04186B0064603A80C46ED
S214018D6014F0EEFC054600284AD1BDF80C309806F2
S214018D7046D510222946204602F0E2FA01A813F051
S214018D8091FCC0B1777B06F1040817F0020F06D0FC
S214018D900822404601A902F01FFE00282ED101AB91
S214018DA047F0020703CB7060C8F804107773238876
S214018DB043F008032380238843F00203238013F043
S214018DC041F8606022F0E3FA30B10E4B1B68A360F5
S214018DD0238843F0040323800B4B1A68D1035EBF3C
S214018DE0238843F010032380130203D5238843F41A
S214018DF000632380284606B0BDE8F0812D25F9E7FB
S214018E002425F7E7A0480020A448002010B5D0E9A3
S214018E10023253F8223090B01C6840226946204640
S214018E2020F053FF034630B1224600200549FDF7E6
S214018E30C1FE10B010BD012269460820FDF764FE90
S214018E40F7E700BF9056040070B500F0B1F80028AF
S214018E500CBF6E22792200201349FDF7ABFE00F00D
S214018E60A7F8F0B120F045FF00280CBF6E2279224A
S214018E7000200E49FDF79EFE082200200C49FDF752
S214018E8099FE00250B4C0C4E234654F8042C314613
S214018E9000200335FDF78EFE182D04F10C04F3D1E6
S214018EA070BD3F22E4E700BFC8560400DF56040049
S214018EB0EF560400C84900200E57040070B520F094
S214018EC0FDFE044621490020FDF774FE2CB920461C
S214018ED0BDE870401E49FDF76DBE00F0BBF80546C3
S214018EE01C4B62690020002A08BF1A461A492668E8
S214018EF0FDF760FEA28800201849FDF75BFE1849C1
S214018F00E2880020FDF756FEA388228913F01000A0
S214018F101ABF002013491449FDF74CFEE2680020F1
S214018F201249FDF747FE226900201149FDF742FE6E
S214018F30104A114B0020B6F5817F38BF13460F4902
S214018F402A46BDE87040FDF735BE00BF4357040012
S214018F505057040040260400715704008F57040040
S214018F60B0570400CD570400EA570400085804001F
S214018F70265804003B5704003157040044580400A7
S214018F8038B5014600230C25084A05FB03F4A01852
S214018F901459013404D10C2202F024FA002038BD01
S214018FA00133082BF1D10120F9E700BFC4490020A5
S214018FB0034B1878012894BF00200120704700BF9A
S214018FC02365002038B50446044D2878A04203D016
S214018FD0214620F053FE2C7038BD00BF23650020CB
S214018FE000B58FB03422002101A802F0A9F901A82A
S214018FF0EEF75CFD0598D0B182680E4BB2F5803F66
S21401900034BF92B2C2F38F2241881A81028828BFE8
S21401901041F010011A6042689980DA80C268DA600D
S21401902002691A6142695A61027E18461A760FB0C1
S2140190305DF804FB48490020054B1B7820B1012B45
S21401904004D80220FFF7BEBF012BFBD8704700BF34
S2140190502365002010B5084C237853B920F02EFE66
S2140190600123237028B10368B3F5817F24BF037EF3
S2140190702370207810BD00BF2265002070B5184B04
S2140190801B78012B2BD820F0FCFD164D0246164905
S2140190900020FDF78FFD0120FFF7CEFF2E78FF2E73
S2140190A01DD1FFF79DFFC8B1848860223146C4F305
S2140190B040040E482C7002F043F9602231460C48F9
S2140190C002F03EF95CB1FFF7C5FF042807D9BDE8F9
S2140190D0704040F22B11074826F025BB287070BD62
S2140190E023650020496F002067580400C44900200A
S2140190F064490020795804002DE9F04FDFF8849286
S2140191008DB003AB07468846144699E8070083E806
S2140191100700FFF7B3FFFFF79DFF944B06461D7848
S2140191204B46012D40F07081012840F27281B7FB59
S214019130F0F200FB1272002A00F06B818C490022CB
S2140191408B46D1F800C0BCF1FF3F04D0087A6044DA
S214019150874200F019810132082A01F10C01F0D191
S21401916093E8070006AE0DF1240A86E807008AE8B0
S2140191700700FFF76FFFB7FBF0FB00FB1B7BA0EBC5
S2140191800B094A46414606460AA809978DF82C90CF
S21401919002F066FA00224FF00C0E764902E0013228
S2140191A0082A0ED00EFB02F000EB010C0858013025
S2140191B0F5D19AE807008CE807006F490A78013272
S2140191C00A70A14504DD4FF4E2716C4826F0ABFA53
S2140191D0A41B5C444F44A1B217FA84F4B4FBF6F224
S2140191E006FB1242C8448E1A91B1A41A08EB060176
S2140191F007A88DF82020069402F032FA06A8FFF799
S214019200BFFEFF2804D140F2D9115C4826F08BFA44
S214019210B6B2B6B10320FFF7D5FE802E0AD8324685
S2140192204146574802F01CFA32463846544920F067
S21401923030FD05460220FFF7C5FE28460DB0BDE805
S214019240F08F0025F9E74FF40E714C4826F06BFAC3
S214019250464B1B78012B00F0E380002C36D0032010
S214019260FFF7B0FE802C2FD822464146444802F034
S214019270F7F922463846424920F00BFD0546022002
S214019280FFF7A0FEDFF8F09099F8003093B1039C49
S214019290FFF7E0FE374B002798461A68511C04D0AA
S2140192A0197A411A521A944224D00137082F03F131
S2140192B00C03F2D1002DC0D1039B0133C1D003A80A
S2140192C0FFF75EFE0546B8E70125D8E72546D9E74C
S2140192D040F26D21294826F026FA012524E0012DC9
S2140192E030D0802E2FD832462549039820F0D1FC65
S2140192F0054628E0002DA0D10C247C4308EB04038E
S2140193009DF814A093F808B00AEB0B03802BDFDC62
S2140193101B4B524604A9184602F0A2F9211D5A46D3
S2140193204144504402F09CF90C2303FB07839DF84B
S21401933014201B7A13449E42D1D040F273210F4869
S21401934026F0F1F901250220FFF73CFE99F80030DE
S21401935013B1013B89F800304FF0FF3308EB0402EC
S21401936048F80430C2E9013367E700BF496F0020BF
S214019370C449002064490020216500207958040072
S214019380C8480020A8A504004FF00C0A0AFB02B347
S214019390187AA6EB00095FFA89F9A14501D35FFAAD
S2140193A084F90AFB02FA0AF1040528444A464146B2
S2140193B0584402F055F90BEB0A031A7AA4EB090498
S2140193C04A44D2B2B242A4B21A7219D1032001930E
S2140193D0FFF7F8FD32460BEB05015BF80A0020F0BB
S2140193E058FC05460220FFF7EDFD4FF0FF32019BCA
S2140193F04BF80A20C3E90122002D7FF41EAFC844B2
S214019400002C3FF41EAF4F44104B1B78012B7FF40A
S21401941024AFB7FBF6F306FB1373002B7FF413AFF1
S214019420E319B3FBF6F506FB1535002D3FF415AF32
S214019430641B5B1B08EB04012A4604A80393A4B231
S21401944002F00EF98DF8145007E700BF496F0020AF
S21401945070B5134B1B78012B0CD1FFF70FFE0026BE
S214019460104D55F8043C013306D10336182E05F18C
S2140194700C05F6D1002411E00320FFF7A3FD55F8F3
S214019480044CFFF7E7FD29460246204620F001FC82
S21401949004460220FFF796FD002CE6D0204670BD5C
S2140194A0496F0020C849002070B505460C46FFF7F5
S2140194B0E5FD0520FFF786FD2146284620F0F7FB4F
S2140194C006460220FFF77EFD00220A4B2C4419684F
S2140194D0481C08D0A94206D3A1423EBF4FF0FF3137
S2140194E0C3E9001199600332182A03F10C03EED187
S2140194F0304670BDC4490020D0E9023253F822300C
S21401950010B51C68204600F095FA28B12146BDE842
S2140195101040024800F002BE10BD00BFF75804001C
S21401952008B5D0E9023253F82230186800F06CF919
S21401953020B1BDE80840024800F0F0BD08BD00BFFC
S214019540195904002DE9F041D0E9023253F82210EE
S21401955003EB82035B680F681D789AB0642D04D90B
S2140195606421114800F0DAFD64252A46384601A92F
S21401957000F002F9044698B90C4800F0CFFDDFF878
S214019580348001AE013DA54202DC1AB0BDE8F0818F
S2140195903919404616F8012B00F0C0FD0134F2E7F8
S2140195A0034800F0BBFDF0E73C5904005C59040099
S2140195B086590400735904002DE9F04700252D4F04
S2140195C0DFF8E080DFF8E0908CB0284603A900F0D1
S2140195D0EFF810B10CB0BDE8F087049B2946039A5A
S2140195E00093384600F09AFD404600F097FD059935
S2140195F010290CD810290CD8DFE801F00F14320B13
S214019600340B0B0B360B0B0B0B0B0B0B3A002029F9
S2140196102CD0194800F082FD07E0184800F07EFDC6
S2140196200135D2E7164800F079FD0699484600F064
S21401963075FD0799134800F071FD134800F06EFDA3
S2140196401024DFF868A00DF11F06504616F8011F1A
S214019650013C00F063FD14F0FF04F6D10B48DDE792
S2140196600B48E0E70B48DEE70B48DCE70B48DAE798
S2140196700B48D8E7A1590400465A0400F6590400DD
S214019680065A04006C5A0400845A040040FF030082
S2140196900E5A0400165A04001F5A04002A5A0400DF
S2140196A0415A0400E5590400555A0400955A04002D
S2140196B010B50B4C8EB023785BB9EEF771F9014605
S2140196C050B9012301A82370EEF7F0F9054B049A6F
S2140196D01A6020780EB010BD034800F01FFDF8E7B1
S2140196E024650020084D00209B5A040000B58FB069
S2140196F0FFF7DEFF002829D001A8EEF7D7F9059B72
S2140197001448198800F00AFD059B13485969134B44
S214019710002908BF194600F001FD059B104859882D
S21401972000F0FCFC059B0F48196900F0F7FC059B4F
S2140197300D48D96800F0F2FC059B0C48197E00F034
S214019740EDFC0B4B0B48196800F0E8FC0FB05DF818
S21401975004FB00BFD85A0400EA5A0400402604005D
S214019760FC5A0400105B0400245B0400385B040010
S214019770084D00204C5B040070B5064615460C46A5
S21401978079B172B1FFF794FF68B121462A46304697
S214019790EEF796FA014618B1044800F0BFFC012026
S2140197A070BD2120FCE71120FAE700BF5E5B0400D4
S2140197B037B505460C46FFF77BFFE0B1114B1B683A
S2140197C0AB421AD9CCB100212422204601F0B8FDC3
S2140197D0214628461BF0AEFB88B9284601AA04F1AB
S2140197E00801EEF71FFA20B140F20643C01A18BF6F
S2140197F0012003B030BD1120FBE72120F9E701204D
S214019800F7E700BF084D0020F0B593B00546FFF717
S2140198104FFF002845D0254B1A68AA4207D829468B
S2140198202348013A00F07AFC212013B0F0BD05A8C8
S214019830EEF73CF9284603A91BF07CFB98BB049A7B
S21401984022F4FF57C2F30C0327F01F072BB14FF486
S21401985000532946174800F061FC039E7FB125F0AE
S2140198606FFF30464FF40051EEF7B6FA3346044622
S21401987006F5005650B9039BF31ABB42EFD32A46AE
S21401988039460D4800F04AFC002406E000902A46BE
S2140198904FF40051094800F041FC201E18BF01207A
S2140198A0C3E71120C1E70120BFE700BF084D002034
S2140198B08C5B04003A5C0400F95C0400A85C0400BC
S2140198C010B5044638B1FFF7F3FE30B10020044B63
S2140198D01B68236010BD2120FCE71120FAE700BFBA
S2140198E0084D002010B50446FFF7E2FEB0B10C4B60
S2140198F01A68A24206D821460A48013A00F00EFC30
S214019900212010BD25F01CFF40F2C1222046064949
S214019910EEF748F9003818BF0120F2E71120F0E70A
S214019920084D00208C5B0400444A002010B5044614
S214019930FFF7BEFE70B121460848EEF753F940F234
S2140199400323984208D040F2012398420CBF052019
S214019950012010BD1120FCE70020FAE7444A002050
S2140199602DE9F0412D4D04462F68FFF7A1FE002892
S21401997051D02968A14207D84A1E2948214600F03D
S214019980CDFB2120BDE8F0812648EEF7EBF8DFF8A5
S21401999094800246B0B943462E68964222D1BE4212
S2140199A014BF3A4606F1FF3212BB31461D48C8F8CD
S2140199B00040EEF7B7F8014600B31B4800F0AEFBD7
S2140199C00120DFE72046EEF78DF8044638B1014660
S2140199D0164800F0A3FB201E18BF0120D2E7EDF7C2
S2140199E0DDFEF8E753F8041B8C42DDD00132D4E7E4
S2140199F00C499200081D01F0F5FCD6E729680948D4
S214019A00EEF7B0F8044610B101460948D6E7EDF77F
S214019A10C5FE2046B6E71120B4E700BF084D00207A
S214019A208C5B0400244A00203F5D0400155D0400A1
S214019A30725D0400F8B50446FFF73AFE002845D0EB
S214019A40234B1A68A24207D821462248013A00F061
S214019A5065FB21242046F8BD1F4800F05FFB25F07A
S214019A606FFE40F2C1221D492046EEF79BF840F2F8
S214019A700327054625F064FE184E65B140F2032320
S214019A809D421AD02946164800F048FB0124154885
S214019A9000F044FBDEE725F053FE29463046EEF79C
S214019AA0A1F8B84209D040F20123984203D10E48EA
S214019AB000F034FBE1E70546DFE721460B4800F0FE
S214019AC02DFB2046FFF74CFF0446E0E71124C1E7D3
S214019AD0084D00208C5B0400A95D0400444A002068
S214019AE0C95D040040FF03004C320400E15D040040
S214019AF010B50A46044619B1024B00211B68984767
S214019B0010BD00BFB4A5040010B5114C237858074A
S214019B1044BF23F0040323702378990705D500F08A
S214019B205DF8237823F00203237063781BB10023CA
S214019B30084A636053600023082106486370FFF7F4
S214019B40D7FF2378DA0744BF23F00103237010BD43
S214019B500C4D0020104D002038B51A4C6278237841
S214019B60022A01D1072B11D0DD0712D523789807D9
S214019B7007D400F02BF82378054643F00203237040
S214019B8080B96278237882B15A0716D5002528460F
S214019B9038BD1CF091F92378054643F00103237084
S214019BA00028E3D0FFF7B0FFF1E7D907ECD5064967
S214019BB062604A6002226270E6E743F004032370A3
S214019BC0E4E700BF0C4D0020104D00200122024B9F
S214019BD0002083F8F0207047184D00202DE9F04151
S214019BE00A4C002526464FF0010803272046C4F8F4
S214019BF01C802776013520F0A7F8062D04F12804ED
S214019C00F4D1002386F8F030BDE8F081184D00202D
S214019C102DE9F04F984691B00B1E0A93B44B91462E
S214019C2014BF83469B4600251A9E98F8000070B91B
S214019C304D4538BF2A464B464FF000000A9928BFCB
S214019C4009F1FF32D847284611B0BDE8F08F252824
S214019C5008F1010806D02A464B460A996C1CD847DB
S214019C602546E2E70023414611F8012B2B2A16D0A0
S214019C700AD8202A16D0232A17D0A2F130000928A4
S214019C8034D800270A2418E02D2A05D0302AF4D12A
S214019C9043F001038846E6E743F00203FAE743F0A0
S214019CA00403F7E743F00803F4E743F01003F1E792
S214019CB0884604FB0722A2F13007414611F8012B22
S214019CC0A2F130000928F3D998F800202E2A52D1A3
S214019CD098F8011008F10102A1F13000092843F4B7
S214019CE080633ED800244FF00A0E11E02A2A08D1DC
S214019CF056F8047B8846002FBCBF43F002037F4220
S214019D00E2E70027E0E702460EFB0411A1F130046A
S214019D10104610F8011BA1F1300CBCF1090FF2D965
S214019D209046424612F8011B6C292DD025D8682989
S214019D3033D06A293BD04246904618F8010B672873
S214019D4060D8572836D8452808D084D9462800F048
S214019D50188147287FF47FAF43F4006343F0200364
S214019D6027E12A2906D156F8044B08F1020824EA0D
S214019D70E474D6E790460024D3E7742901D07A2903
S214019D80D9D143F48073D7E798F801106C29F8D13C
S214019D9043F4407308F10202CEE798F801106829EF
S214019DA002D043F08003C7E743F0C003F2E743F471
S214019DB00073C1E7A0F158020F2A3FF64CAF01A18C
S214019DC051F822F0659E0100579C0100579C010046
S214019DD0579C0100579C0100579C0100579C0100AD
S214019DE0579C0100579C0100579C0100659E01008D
S214019DF0D19F0100659E0100A79F0100879F01007A
S214019E00A79F0100A0F16901C9B20F293FF623AF50
S214019E10012249F2410C8A4012EA0C0218D10A29A1
S214019E2000F0158107297FF416AF43F0210305934F
S214019E300823CDE903431023CDE9012356F8043B5B
S214019E402A46009358464B460A9920F06DF8A8E03A
S214019E506F2800F05E8110D9782808D1102223F0EF
S214019E600C0310E0582839D0622800F054810A22E9
S214019E7023F01003642806D0F1E769284FF00A02A0
S214019E8023F01003F6D1590548BF23F001036928D2
S214019E9003F4007101D0642840D111B3073626F0CF
S214019EA00706B24670685AF8081BCDE90773002307
S214019EB00593C30F0028029306940B46049202DA18
S214019EC04B4260EB4000CDE900304B462A465846EF
S214019ED00A9920F06BF805465646A6E643F020039D
S214019EE0BCE7D90506F1040A04D5316805E000BFD0
S214019EF08B9D030058060CD53178CDE90224CDE9B7
S214019F00047300294FEAD1730193B8BF4942009107
S214019F1020E01906E9D5B6F90010EEE779B1CDE9EA
S214019F2007730023CDE9042306F1070A2AF0070A7E
S214019F3006940293FAE80223CDE90023C5E7D80583
S214019F4006F1040A0DD5CDE90473CDE90224019189
S214019F50336800934B462A4658460A991FF0E4FF99
S214019F60B9E7590607D53178CDE904730023CDE961
S214019F7002240193CBE7316813F0800F18BF89B232
S214019F80F2E743F02003CDE90173073626F0070612
S214019F900094B6EC020B4B462A4658460A99EAF755
S214019FA0F7FB054641E600F0DF00472801D143F400
S214019FB00063CDE90173073626F007060094B6EC78
S214019FC0020B4B462A4658460A99EAF725FAE8E76D
S214019FD013F0020426D04FF0010A6B1C0B932A469D
S214019FE04B460A9916F8040BD84774B354460B9A95
S214019FF021E04B4620200A99D8470AEB05020AF1D0
S21401A000010A5745F5D83A1E18BF0122002A07F162
S21401A010FF3308BF002307F1010A1D4408BF4FF0B4
S21401A020020ADAE7A246E8E7551C4B4620200A99C1
S21401A030D8472A460134BC42F6D3A7EB0A03574554
S21401A04038BF00230B9A1A440B920B9DEDE532465E
S21401A050002C52F8046B14BF21464FF0FF310B92CF
S21401A06032463144107808B1914211D1A2EB060A6A
S21401A07013F480620C9202D0A24528BFA24613F0C8
S21401A08002030D931BD1AAEB05032A460F9308E0A2
S21401A0900132E7E7531C0E9320204B460A99D84716
S21401A0A00E9A0F9BD318BB42F4D3A7EB0A0357456E
S21401A0B038BF00230AF101021D4403EB020AAB1B61
S21401A0C00E9304E01C464B462A460A99D8470E9B37
S21401A0D0F51816F8010B28B10C9B002BF3D0631E64
S21401A0E0002CEFD10D9B93B12A46AAEB050405E09F
S21401A0F0561C4B4620200A99D84732461319BB42B4
S21401A100F6D3A7EB0A03574538BF00231D440B9E21
S21401A1108BE50822A3E60222A1E600BF0FB41FB515
S21401A12006AA52F8043B02A90392009204484FF093
S21401A130FF32FFF76DFD05B05DF804EB04B0704724
S21401A1404DA003001FB5034600914FF0FF3203A94F
S21401A1500248FFF75DFD05B05DF804FB4DA0030066
S21401A1601FB5CDE90201009302A9134603484FF03B
S21401A170FF32FFF74DFD05B05DF804FB55A0030067
S21401A1801FB5094B094A1868094B01A91860094B04
S21401A1901360094A0192094A1268CDE902231BF0AD
S21401A1A032FF05B05DF804FB686B0020E03D00203F
S21401A1B0E43D00205C6B00204A940400C850002057
S21401A1C0014B18681BF033BF686B002038B5F2F7F7
S21401A1D067F80446064D2B68D3F8B002F2F754F838
S21401A1E028681BF037FF2046BDE83840F2F74CB828
S21401A1F0686B002010B51F4CF0F728F9236F01207B
S21401A20023F0070343F002032367F0F72DF9D4F890
S21401A2102031002023F0070343F00103C4F8203166
S21401A220D4F8403123F0030343F00103C4F840316E
S21401A230D4F8603123F0030343F00103C4F860311E
S21401A240D4F8403223F0030343F00103C4F840324C
S21401A250D4F8003223F0070343F00103C4F80032B8
S21401A260D4F8083223F0070343F00103C4F8083298
S21401A27010BD00BF00800050064B1B681A7A022AE8
S21401A28001D81AB97047032A00D070471B68024AE2
S21401A290136070476C6B0020C85000200022024BF0
S21401A2A05A60DA601A607047CC50002008B501F099
S21401A2B037FF0022014B1A7008BD00BF256500203C
S21401A2C00A4601491FF030BFD1BD04000A460149C4
S21401A2D01FF02ABFCCBD04000A4601491FF024BF67
S21401A2E0C5BD04000A4601491FF01EBFC2BD0400D9
S21401A2F00A4601491FF018BFBFBD04000A460149BE
S21401A3001FF012BFBABD04000A4601491FF00CBF78
S21401A310B5BD04000A4601491FF006BFB0BD0400E2
S21401A3200A4601491FF000BFA9BD040081F00041A3
S21401A33002E000BF83F0004330B54FEA41044FEA24
S21401A340430594EA050F08BF90EA020F1FBF54EABF
S21401A350000C55EA020C7FEA645C7FEA655C00F05B
S21401A360E2804FEA5454D4EB5555B8BF6D420CDD2C
S21401A3702C4480EA020281EA030382EA000083EAAF
S21401A380010180EA020281EA0303362D88BF30BD4F
S21401A39011F0004F4FEA01314FF4801C4CEA1131A5
S21401A3A002D0404261EB410113F0004F4FEA033304
S21401A3B04CEA133302D0524263EB430394EA050F8F
S21401A3C000F0A780A4F10104D5F1200E0DDB02FAFE
S21401A3D00EFC22FA05F2801841F1000103FA0EF292
S21401A3E0801843FA05F359410EE0A5F120050EF158
S21401A3F0200E012A03FA0EFC28BF4CF0020C43FA89
S21401A40005F3C01851EBE37101F0004507D54FF095
S21401A410000EDCF1000C7EEB00006EEB0101B1F5E5
S21401A420801F1BD3B1F5001F0CD349085FEA30002B
S21401A4304FEA3C0C04F101044FEA445212F5800F36
S21401A44080F09A80BCF1004F08BF5FEA500C50F1D3
S21401A450000041EB045141EA050130BD5FEA4C0CB6
S21401A460404141EB0101013C28BFB1F5801FE9D213
S21401A47091F0000F04BF01460020B1FA81F308BF36
S21401A4802033A3F10B03B3F120020CDA0C3208DD02
S21401A49002F1140CC2F10C0201FA0CF021FA02F1DD
S21401A4A00CE002F11402D8BFC2F1200C01FA02F14D
S21401A4B020FA0CFCDCBF41EA0C019040E41AA2BF72
S21401A4C001EB0451294330BD6FEA04041F3C1CDA3A
S21401A4D00C340EDC04F11404C4F1200220FA04F05A
S21401A4E001FA02F340EA030021FA04F345EA030104
S21401A4F030BDC4F10C04C4F1200220FA02F001FAC6
S21401A50004F340EA0300294630BD21FA04F0294647
S21401A51030BD94F0000F83F4801306BF81F48011E0
S21401A5200134013D4EE77FEA645C18BF7FEA655C53
S21401A53029D094EA050F08BF90EA020F05D054EA25
S21401A540000C04BF1946104630BD91EA030F1EBF2A
S21401A5500021002030BD5FEA545C05D1400049412E
S21401A56028BF41F0004130BD14F580043CBF01F521
S21401A570801130BD01F0004545F0FE4141F4700107
S21401A5804FF0000030BD7FEA645C1ABF19461046E2
S21401A5907FEA655C1CBF0B46024650EA013406BFE3
S21401A5A052EA033591EA030F41F4002130BD00BFA2
S21401A5B090F0000F04BF0021704730B54FF480645F
S21401A5C004F132044FF000054FF0000150E700BFE0
S21401A5D090F0000F04BF0021704730B54FF480643F
S21401A5E004F1320410F0004548BF40424FF000012C
S21401A5F03EE700BF42004FEAE2014FEA31014FEA6F
S21401A60002701FBF12F07F4393F07F4F81F06051BD
S21401A610704732F07F4208BF704793F07F4F04BF08
S21401A62041F40021704730B54FF4607401F00045E5
S21401A63021F000411CE700BF50EA010208BF704745
S21401A64030B54FF000050AE050EA010208BF704736
S21401A65030B511F0004502D5404261EB41014FF49F
S21401A660806404F132045FEA915C3FF4D8AE4FF0A7
S21401A67003025FEADC0C18BF03325FEADC0C18BF8A
S21401A680033202EBDC02C2F1200300FA03FC20FADB
S21401A69002F001FA03FE40EA0E0021FA02F1144428
S21401A6A0BDE600BF70B54FF0FF0C4CF4E06C1CEA41
S21401A6B011541DBF1CEA135594EA0C0F95EA0C0FB2
S21401A6C000F0DEF82C4481EA030621EA4C5123EA25
S21401A6D04C5350EA013518BF52EA033541F4801154
S21401A6E043F4801338D0A0FB02CE4FF00005E1FB07
S21401A6F002E506F00042E0FB03E54FF00006E1FB51
S21401A70003569CF0000F18BF4EF0010EA4F1FF0493
S21401A710B6F5007F64F5407404D25FEA4E0E6D41D3
S21401A72046EB060642EAC62141EA55514FEAC520E4
S21401A73040EA5E504FEACE2EB4F1FD0C88BFBCF560
S21401A740E06F1ED8BEF1004F08BF5FEA500E50F111
S21401A750000041EB045170BD06F0004646EA0101D7
S21401A76040EA020081EA0301B4EB5C04C2BFD4EB09
S21401A7700C0541EA045170BD41F480114FF0000E02
S21401A780013C00F3AB8014F1360FDEBF002001F070
S21401A790004170BDC4F10004203C35DA0C341BDCEA
S21401A7A004F11404C4F1200500FA05F320FA04F0BC
S21401A7B001FA05F240EA020001F0004221F00041F0
S21401A7C010EBD37021FA04F642EB06015EEA430E63
S21401A7D008BF20EAD37070BDC4F10C04C4F1200593
S21401A7E000FA04F320FA05F001FA04F240EA020046
S21401A7F001F0004110EBD37041F100015EEA430E17
S21401A80008BF20EAD37070BDC4F1200500FA05F236
S21401A8104EEA020E20FA04F301FA05F243EA0203B5
S21401A82021FA04F001F0004121FA04F220EA0200C4
S21401A83000EBD3705EEA430E08BF20EAD37070BD0A
S21401A84094F0000F0FD101F00046400041EB0101EA
S21401A85011F4801F08BF013CF7D041EA060195F0CC
S21401A860000F18BF704703F00046520043EB030386
S21401A87013F4801F08BF013DF7D043EA0603704773
S21401A88094EA0C0F0CEA135518BF95EA0C0F0CD07E
S21401A89050EA410618BF52EA4306D1D181EA0301C4
S21401A8A001F000414FF0000070BD50EA410606BFBE
S21401A8B01046194652EA430619D094EA0C0F02D103
S21401A8C050EA013613D195EA0C0F05D152EA033648
S21401A8D01CBF104619460AD181EA030101F0004166
S21401A8E041F0FE4141F470014FF0000070BD41F0AF
S21401A8F0FE4141F4780170BD70B54FF0FF0C4CF489
S21401A900E06C1CEA11541DBF1CEA135594EA0C0FA7
S21401A91095EA0C0F00F0A7F8A4EB050481EA030EF4
S21401A92052EA03354FEA013100F088804FEA0333DB
S21401A9304FF0805545EA131343EA12634FEA0222A9
S21401A94045EA111545EA10654FEA00260EF000416A
S21401A9509D4208BF964244F1FD0404F5407402D2BC
S21401A9605B084FEA3202B61A65EB03055B084FEA4D
S21401A97032024FF480104FF4002CB6EB020E75EB4A
S21401A980030E22BFB61A754640EA0C005B084FEA72
S21401A9903202B6EB020E75EB030E22BFB61A7546EF
S21401A9A040EA5C005B084FEA3202B6EB020E75EB3A
S21401A9B0030E22BFB61A754640EA9C005B084FEAB2
S21401A9C03202B6EB020E75EB030E22BFB61A7546BF
S21401A9D040EADC0055EA060E18D04FEA051545EAAE
S21401A9E016754FEA06164FEAC30343EA52734FEA57
S21401A9F0C2025FEA1C1CC0D111F4801F0BD141EAD0
S21401AA0000014FF000004FF0004CB6E711F4801F34
S21401AA1004BF01430020B4F1FD0C88BFBCF5E06F14
S21401AA203FF6AFAEB5EB030C04BFB6EB020C5FEA24
S21401AA30500C50F1000041EB045170BD0EF0004E79
S21401AA404EEA113114EB5C04C2BFD4EB0C0541EAAB
S21401AA50045170BD41F480114FF0000E013C90E6A8
S21401AA6045EA060E8DE60CEA135594EA0C0F08BF6C
S21401AA7095EA0C0F3FF43BAF94EA0C0F0AD150EA6B
S21401AA8001347FF434AF95EA0C0F7FF425AF1046FE
S21401AA9019462CE795EA0C0F06D152EA03353FF426
S21401AAA0FDAE1046194622E750EA410618BF52EAA3
S21401AAB043067FF4C5AE50EA41047FF40DAF52EA77
S21401AAC043057FF4EBAE12E74FF0FF3C06E000BF14
S21401AAD04FF0010C02E000BF4FF0010C4DF804CD21
S21401AAE04FEA410C7FEA6C5C4FEA430C18BF7FEAE1
S21401AAF06C5C1BD001B050EA410C0CBF52EA430C0F
S21401AB0091EA030F02BF90EA020F0020704710F18E
S21401AB10000F91EA030F58BF994208BF90422CBF1D
S21401AB20D8176FEAE37040F0010070474FEA410C16
S21401AB307FEA6C5C02D150EA013C07D14FEA430C34
S21401AB407FEA6C5CD6D152EA033CD3D05DF8040BA5
S21401AB50704700BF8446104662468C4619466346D7
S21401AB6000E000BF01B5FFF7B7FF002848BF10F1AE
S21401AB70000F01BD4DF808EDFFF7F4FF0CBF0120F3
S21401AB8000205DF808FB00BF4DF808EDFFF7EAFF6F
S21401AB9034BF012000205DF808FB00BF4DF808ED2A
S21401ABA0FFF7E0FF94BF012000205DF808FB00BF1F
S21401ABB04DF808EDFFF7CEFF94BF012000205DF8A9
S21401ABC008FB00BF4DF808EDFFF7C4FF34BF0120B6
S21401ABD000205DF808FB00BF4FEA410212F50012A3
S21401ABE015D211D56FF47873B3EB625212D94FEACE
S21401ABF0C12343F0004343EA505311F0004F23FAB8
S21401AC0002F018BF404270474FF00000704750EA0C
S21401AC10013005D111F0004008BF6FF000407047C9
S21401AC204FF00000704700BF4A0011D212F5001223
S21401AC3011D20DD56FF47873B3EB62520ED44FEA8E
S21401AC40C12343F0004343EA505323FA02F070470E
S21401AC504FF00000704750EA013002D14FF0FF304C
S21401AC6070474FF00000704753B94AB9002908BF32
S21401AC7000281CBF4FF0FF314FF0FF3000F08CB9B9
S21401AC80ADF1080C6DE904CE00F006F8DDF804E03D
S21401AC90DDE9022304B070472DE9F04F099D0E4609
S21401ACA004460F46002B47D18A429446B2FA82F3F5
S21401ACB05AD943B102FA03FCC3F120029F409C40DB
S21401ACC020FA02F217434FEA1C461FFA8CFE220CAA
S21401ACD0B7FBF6F106FB117701FB0EF042EA0742DD
S21401ACE0904208D91CEB020201F1FF3702D29042D2
S21401ACF000F23C813946121AA4B2B2FBF6F006FB0A
S21401AD00102200FB0EFE44EA0244A64508D91CEBBD
S21401AD10040400F1FF3202D2A64500F22A81104651
S21401AD2040EA0140A4EB0E0400211DB1DC400023E3
S21401AD30C5E90043BDE8F08F8B4205D90DB1C5E9E1
S21401AD40000100210846F5E7B3FA83F100294FD147
S21401AD50B342C0F00281824240F2FF800846002DD5
S21401AD60E8D0C5E90047E5E7002B40F0AF808A1A36
S21401AD704FEA1C4E1FFA8CF70121B2FBFEF60EFBC2
S21401AD801620220C42EA004207FB06F090420FD939
S21401AD901CEB020206F1FF382CBF4FF001094FF001
S21401ADA00009904203D9B9F1000F00F0DC80464655
S21401ADB0121AA4B2B2FBFEF00EFB102200FB07F73C
S21401ADC044EA0244A7420FD91CEB040400F1FF3207
S21401ADD02CBF4FF0010E4FF0000EA74203D9BEF173
S21401ADE0000F00F0C9801046E41B40EA06409CE7CD
S21401ADF0C1F120048B4006FA01FC00FA01FE22FA9A
S21401AE0004F7E6408A401F4320FA04F34FEA174846
S21401AE1043EA0C031FFA87FC4FEA1349B6FBF8F026
S21401AE2008FB106649EA064600FB0CF9B1450ED947
S21401AE30BE1900F1FF3A2CBF4FF0010B4FF0000B8B
S21401AE40B14503D9BBF1000F00F0A2805046A6EB36
S21401AE5009061FFA83F9B6FBF8F308FB136603FB32
S21401AE600CFC49EA0646B4450ED9BE1903F1FF3873
S21401AE702CBF4FF001094FF00009B44503D9B9F1D1
S21401AE80000F00F08280434643EA0040A6EB0C0622
S21401AE90A0FB028C66454346E14602D307D1C64570
S21401AEA005D2B8EB02036CEB070C0138E1465DB145
S21401AEB0BEEB030266EB090606FA04F422FA01F376
S21401AEC0CE401C43C5E90046002133E702FA03FCE5
S21401AED0C3F1200299409C40D6404FEA1C4E20FA0E
S21401AEE002F21FFA8CF7B6FBFEF00A430EFB106661
S21401AEF0110C41EA064100FB07F68E420ED91CEB07
S21401AF00010100F1FF382CBF4FF001094FF0000995
S21401AF108E4202D9B9F1000F34D04046891B92B255
S21401AF20B1FBFEF60EFB161142EA014206FB07F1E3
S21401AF3091420ED91CEB020206F1FF382CBF4FF0EE
S21401AF4001094FF00009914202D9B9F1000F16D05C
S21401AF504646521A46EA00410FE7841A66EB030298
S21401AF6001201746FBE6023E624421E702396244AD
S21401AF70C1E664440238D3E66444023834E7023E4C
S21401AF806244E6E702386144C8E7023B3E447BE799
S21401AF9002383E445BE700BF704700BF2DE9F04F23
S21401AFA0924685B089461E460D46554A0390294667
S21401AFB015F8014B135D13F00803F8D12D2C7CD046
S21401AFC02B2C4ED04FF0FF3102936FF00043CDE9AA
S21401AFD0001336F0100851D037464FEAE6783A4665
S21401AFE04346DDE90001FFF73FFE002383468E4618
S21401AFF018461946A44613E0ACF13704A6421FDDF5
S21401B000002B09DB83457EEB010305D38E4508BF84
S21401B01083453BD1A24239DA4FF0FF3315F801CB15
S21401B020ACF13004092CE9D9ACF14104192CE3D96F
S21401B030ACF16104192C03D8ACF15704A642DFDC4D
S21401B0405A1C2FD0029A12B1404261EB4101BAF16B
S21401B050000F03D0002B48D1CAF8009005B0BDE818
S21401B060F08F4FF0FF30029336F010086FF0004378
S21401B0702C7801F10205CDE90003ADD1302C25D0A5
S21401B080002E3AD10A27B0463E46A8E700FB08F351
S21401B09007FB0133A0FB07010B44201843EBE471C7
S21401B0A00123BBE72223039A1360BAF1000F17D0DE
S21401B0B005F1FF39DDE90001CEE74FF000470093C7
S21401B0C001232C788D1CCDE9017382E72B7803F0E0
S21401B0D0DF03582B0CD086B90827B0463E467EE7DC
S21401B0E0DDE9000105B0BDE8F08FCDE90001DFE73D
S21401B0F010276C7802353E4671E710273E466EE70C
S21401B100D9BD04004AE700BF10B4044C13460A46F2
S21401B110014620685DF8044B40E700BF9C6B0020A9
S21401B12010B4044C13460A46014620685DF8044BE9
S21401B13034E700BF9C6B002020F0030110F00300F1
S21401B140C0F1000051F8043B00F1040C4FEACC0CAE
S21401B1506FF000021CBF22FA0CF213434FF0010CF1
S21401B1604CEA0C2C4CEA0C4CA3EB0C0222EA030230
S21401B17012EACC1204BF51F8043B0430F4D0C2F1F9
S21401B180000102EA0102B2FA82F2C2F11F0200EBEA
S21401B190D20070472DE9F04780460C4645482646C2
S21401B1A014F801EB10F80EC01CF0080CF7D1BEF134
S21401B1B02D0F5BD0BEF12B0F3AD0654633F0100051
S21401B1C03ED04FF0FF379A46B7FBF3F703FB07F97C
S21401B1D06FEA0909002630460EE0AEF1370C6345EA
S21401B1E01DDD002E04DBB84202D833D1CC4531DD5B
S21401B1F04FF0FF3614F801EBAEF1300CBCF1090F3D
S21401B200EDD9AEF1410CBCF1190FE6D9AEF1610CE6
S21401B210BCF1190F03D8AEF1570C6345E1DC731C82
S21401B2201CD005B140420AB1F6B91160BDE8F087FD
S21401B23033F0100094F800E0654606F10204C0D130
S21401B240BEF1300F17D06BBB0A234FF005091A4F1A
S21401B2509A46BFE700FB0AC00126CBE72223304609
S21401B260C8F80030002AE1D0611EDEE794F800E05D
S21401B2700125B41CA2E7207800F0DF00582807D08B
S21401B28083B908234FF007096FF060479A46A1E794
S21401B290102394F801E04FF00F0902346FF0704765
S21401B2A09A4697E710234FF00F096FF070479A46BA
S21401B2B090E700BFD9BD0400999999196AE700BFC4
S21401B2C010B4044C13460A46014620685DF8044B48
S21401B2D060E700BF9C6B002010B4044C13460A467E
S21401B2E0014620685DF8044B54E700BF9C6B0020C4
S21401B2F00F4B70B50F4DAB42A3EB050607D0B6104A
S21401B3000024013455F8043B9847A642F9D80A4D63
S21401B31024F016FC094B5E1BAB424FEAA60606D08C
S21401B3200024013455F8043B9847A642F9D870BD6D
S21401B330806F0020806F0020806F0020846F0020C7
S21401B34070B5860747D0541E002A3ED0CAB20346BF
S21401B35001E0013C39D303F8012B9D07F9D1032CF9
S21401B3602CD9CDB20F2C05EB052505EB054535D9B6
S21401B370A4F1100C03F1100E1A462CF00F064FEA3A
S21401B3801C1CB644C2E90055C2E90255103272458A
S21401B390F8D10CF1010214F00C0F04F00F0C03EBC2
S21401B3A0021213D0ACF1040323F003030433134455
S21401B3B042F8045B9342FBD10CF003042CB1C9B2F2
S21401B3C01C4403F8011BA342FBD170BD644613461F
S21401B3D0002CF4D1F9E703461446C0E71A46A44602
S21401B3E0E0E700BF88420ED98B1883420BD900EBE9
S21401B3F0020C002A6ED0624613F801CD994202F87B
S21401B40001CDF9D170470F2A0FD8034602F1FF3C50
S21401B410002A5FD00CF1010C013B8C4411F8012B82
S21401B420614503F8012FF9D1704740EA01039B07F4
S21401B43051D1A2F1100301F1200C70B523F00F05D4
S21401B44001F1100E00F110041B09AC445EF8105C0B
S21401B4500EF1100E103444F8205C5EF81C5C44F8C3
S21401B4601C5C5EF8185C44F8185C5EF8145CE645F3
S21401B47044F8145CEAD1013312F00C0F02F00F0C01
S21401B48001EB031100EB031329D0ACF1040C1C1FD4
S21401B4908E462CF003064FEA9C0C1E445EF8045BB5
S21401B4A044F8045FB442F9D10CF1010402F003023E
S21401B4B003EB840301EB840102F1FF3C4AB10CF17A
S21401B4C0010C013B8C4411F8012B614503F8012F57
S21401B4D0F9D170BD704702F1FF3C03469AE7624618
S21401B4E0EAE700BF2DE9F04F82468E463F48754693
S21401B4F01EF801BB10F80B4014F00804F7D1BBF19D
S21401B5002D0F5BD0BBF12B0F6FF0004904BF9EF8E7
S21401B51000B005F1020E33F0100010D1BBF1300F70
S21401B52004D0002B5ED10A231F4609E09EF80000D6
S21401B53000F0DF0058284ED0002B53D108231F46B9
S21401B5400025B9FBF7F6284607FB16980EE0ABF187
S21401B550370C63451DDD002D04DB864202D321D165
S21401B560E0451FDA4FF0FF351EF801BBABF1300C9A
S21401B570BCF1090FEDD9ABF1410CBCF1190FE6D9BD
S21401B580ABF1610CBCF1190F03D8ABF1570C634555
S21401B590E1DC6B1C0AD004B140420AB1CDB911609E
S21401B5A0BDE8F08F07FB00C00125DDE72223CAF8BE
S21401B5B000305AB10EF1FF314846F0E79EF800B070
S21401B5C04FF0004905F1020E0124A4E74846BDE804
S21401B5D0F08F8146EEE710239EF801B00EF1020EC1
S21401B5E01F46ADE710231F46AAE700BFD9BD0400DA
S21401B5F0242B02D8012B00D074E710B500F02EFAE8
S21401B60016230360002010BD10B5242A084C1346EB
S21401B610246807D8012A05D00A4601462046BDE817
S21401B62010405FE700F01AFA16230360002010BDF1
S21401B6309C6B002010B5242A084C1346246807D8B2
S21401B640012A05D00A4601462046BDE8104049E7D2
S21401B65000F004FA16230360002010BD9C6B002046
S21401B660844641EA000313F0030349D1403A23D349
S21401B6700B6803604B6843608B688360CB68C3606C
S21401B6800B6903614B6943618B698361CB69C36154
S21401B6900B6A03624B6A43628B6A8362CB6AC3623C
S21401B6A00B6B03634B6B43638B6B8363CB6BC36324
S21401B6B040304031403ADBD230320BD30B68036066
S21401B6C04B6843608B688360CB68C3601030103171
S21401B6D0103AF3D20C3205D351F8043B40F8043B40
S21401B6E0043AF9D2043208D0D2071CBF11F8013B44
S21401B6F000F8013B01D30B8803806046704700BF0A
S21401B700082A13D38B07B1D010F00303AED0C3F1D0
S21401B7100403D21ADB071CBF11F8013B00F8013BFA
S21401B720A4D331F8023B20F8023B9FE7043AD9D371
S21401B730013A11F8013B00F8013BF9D20B7803708E
S21401B7404B7843708B78837060467047024B014696
S21401B75018681BF03EBA00BF9C6B0020024B0146E6
S21401B76018681BF039BA00BF9C6B0020CAB3844628
S21401B7700B4630B504460843800719D09CF80000F4
S21401B7800C78A04212D150B3012A28D0E64603E035
S21401B7901CEB030F23D010B31EF8010F11F8014F55
S21401B7A0A2EB0E03A04203F1FF33F1D0001B30BD24
S21401B7B0032A07D8E2E7043A11D01EF0803F0ED1E3
S21401B7C0032A10D92068194653F8045BA446A0F151
S21401B7D0013E0434A8422EEA000EECD0CEE700204B
S21401B7E030BD10467047A4461946C7E780EA010CEB
S21401B7F01CF0030F37D110F0030C20F0030021F0EA
S21401B800030150F8042B08BF51F8043B0ED08CF00E
S21401B810030C6FF07F434FEACC0C23FA0CFC51F873
S21401B820043B42EA0C0243EA0C0300BFA2F1013CCE
S21401B8309A4201BF2CEA020C1CF0803F50F8042B00
S21401B84051F8043BF2D04FEA02604FEA1222012877
S21401B85028BFB0EB036F08BF1B0AF4D003F0FF0349
S21401B860000EC01A704710F0030F0AD010F8012B13
S21401B87011F8013B012A28BF9A42F4D0A2EB03003B
S21401B88070474DF8045D50F8042B01F0030521F0D4
S21401B890030151F8043B022D26D04DD822F07F45F6
S21401B8A0B5EB132FA2F1013C2CEA020C0DD11CF0D2
S21401B8B0803C08BF51F8043B0AD185EA0205B5EB86
S21401B8C0036F0CD150F8042BE8E74FEA13235BE033
S21401B8D03CF07F4C54D10B784FEA126554E04FEAA6
S21401B8E0126503F0FF034FE04FEA0245A2F1013C67
S21401B8F04FEA15452CEA020CB5EB134F18D11CF094
S21401B900803C08BF51F8043B07D185EA0205B5EB38
S21401B910034F09D150F8042BE6E75FEA0C4C2FD110
S21401B9200B884FEA12452FE04FEA03434FEA1245D0
S21401B9304FEA134328E000BF02F0FF05B5EB136F93
S21401B940A2F1013C2CEA020C0DD11CF0803C08BF90
S21401B95051F8043B0AD185EA0205B5EB032F0AD15B
S21401B96050F8042BE8E74FEA13630DE012F0FF0FDF
S21401B97006D051F8043B4FEA122523F07F4303E03B
S21401B9804FF0000020BC704705F0FF0203F0FF00F7
S21401B990012828BF904204BF2D0A1B0AF4D0A2EB4F
S21401B9A0000020BC704700BF08B5064B044613B123
S21401B9B0002100F0AFF8044B1B6803B198472046FE
S21401B9C019F040FB15BB010014520020002301466C
S21401B9D01A46184600F048B8032A30B415D941EA89
S21401B9E0000484460B46A40704D0541E0FE0043A14
S21401B9F0032A08D91946604653F8044B5CF8045BE1
S21401BA00A542F4D0F1E760461946541E7AB1431EAA
S21401BA100139021901E09A4209D013F8010F11F811
S21401BA2001CF6045F7D0A0EB0C0030BC704700207A
S21401BA3030BC704738B5074D074C2C1BA41005D0F9
S21401BA40013C55F8043D9847002CF9D1BDE8384033
S21401BA5024F07CB8886F0020846F0020014B1868A2
S21401BA60704700BF9C6B0020F0B5264C83B006469D
S21401BA700F46256805B36C681F2C3FDCA6B1D5F8C8
S21401BA80880048B3D0F800114FF0010C40F824208C
S21401BA90022E00EB84020CFA04FC4CEA0101C0F809
S21401BAA00011C2F8803010D0631C002002346B6095
S21401BAB045F8247003B0F0BD13491448216010B155
S21401BAC00068C1F88800104DD5E7D0F8043143EA84
S21401BAD00C03C0F80431E7E70D49CDE9002369B14D
S21401BAE04FF48470FFF732FE40B100216C68C0E964
S21401BAF04011DDE90023C5F88800C5E74FF0FF30A7
S21401BB00D8E700BFA4520020185200200000000011
S21401BB104DB701002DE9F04FDFF8B49083B0D9F8A6
S21401BB20006096B3884601907568D6F888706C1EDA
S21401BB302BD4013507F1800B06EB8505B8F1000F14
S21401BB4026D173682A68013BA3423BD000232B60B1
S21401BB50BAB1D6F804A05FB30123D7F80011A34009
S21401BB600B4225D0D7F8040157F8241003422BD1F5
S21401BB70019890477368D9F8002053451ED1B24208
S21401BB801CD1013C043D631CD8D103B0BDE8F08F45
S21401BB904FB15BF824304345D3D0013C043D621CD1
S21401BBA0F3D0002FF5D1013CEFD3013CFBD2ECE7FB
S21401BBB090477368D9F800205345E0D0002AE4D0B6
S21401BBC01646B1E77460C3E708469047D2E700BF60
S21401BBD0A4520020431E033306D8044B984228BFC4
S21401BBE01846642838BF6420704700BF40420F00E3
S21401BBF038B5194B05461B680C4603B1984744B146
S21401BC00236833B11B68013303D0E3680BB1A36823
S21401BC104BB91EF045FF00204FF4C172412100F0E0
S21401BC20FFF9212038BD204602F04AFC00230B4ACA
S21401BC3085F83C31C5E93743C2E9003363694BB146
S21401BC40074A422110684FF4D272C31A584258412B
S21401BC5000F0E6F90020E5E714550020E86700202B
S21401BC6078550020F8B5044623F05BFC002607460D
S21401BC700E4B1B6893B19E68AEB196F82420D2078E
S21401BC8011D435460FCC0FC50FCC0FC523682B60DA
S21401BC9096F8243043F0010386F82430384623F022
S21401BCA03BFC3046F8BD1B68E4E700BFF06B0020A4
S21401BCB010B5044618B9054B054A136010BD00F0CF
S21401BCC0D9FCD4F8E830002BF6D1F4E74BA20300F8
S21401BCD0EC6B0020014B1868704700BFE867002036
S21401BCE008B502460868FFF775FF08604868FFF761
S21401BCF071FF48608868FFF76DFF8860C868FFF7C6
S21401BD0069FF0B69C860581C03D00B48834228BFE3
S21401BD1003460B614B69581C03D00748834228BF72
S21401BD20034688694B61FFF755FFBDE80840886107
S21401BD30104601F07BBC00BF40420F00D0F8E03057
S21401BD402DE9F04105460C4613B1C38D8B424CD00C
S21401BD50D5F8DC30002B4BD09E68002E48D0D86832
S21401BD60002845D0013800B200281ADB002106E081
S21401BD70128A591CA24217D209B2884211DB0B184B
S21401BD8003EBD3735B1003EBC30206EB8202B2F83C
S21401BD900EC003F1FF3EA445EAD90FFA8EF08842A1
S21401BDA0EDDA2120BDE8F0814FF6FF7299B291429B
S21401BDB0F7D09BB203EBC30306EB83062846B6F91E
S21401BDC0122095F83011D5F8F080EFF755F80746B0
S21401BDD0B8F1000F04D00023324628461946C04762
S21401BDE0EC85C5F8E06085F839710020BDE8F08182
S21401BDF00E20BDE8F08100BF2DE9F04782B0044671
S21401BE000F46164601F086FE002863D14F4D2B687B
S21401BE10D4F8DCA0D4F8E0800BB1534576D04FF0CF
S21401BE200009AF6001F09EFE0128074665D1204655
S21401BE301EF075FD002851D12B68DAF80010D8F8ED
S21401BE40002013B1186888426BD020461EF019FDF9
S21401BE50C5E900A8D4F8F0508DF80760002D67D02A
S21401BE600022204611460DF10703A847204600F0A0
S21401BE70EDFF0546B9F1000F0FD076B9D4F88C3036
S21401BE800BBB012F05D025B1314B002103205B6888
S21401BE909847284602B0BDE8F087B5FA85F040F22B
S21401BEA007523321400900F0BBF83146204601F025
S21401BEB00BFA284B05461B68414620469847D4F89E
S21401BEC08C30002BDDD000224FF40073204600F0AA
S21401BED0E1FBD6E700231D4D6B6098E794F825300B
S21401BEE0DA07A9D5D4F894305B05A5D51A4B0122FB
S21401BEF0002120461B6898479EE70021012000F09C
S21401BF0001FC01F02FFE0128FBD190E76B68002BA6
S21401BF1085D0434583D1AB689F4215D04FF00109C8
S21401BF207FE7696811B10968914291D059688CE739
S21401BF3094F82A1094F839313246994228BF1946A6
S21401BF40204600F0D1FE91E70025A2E7E867002031
S21401BF50F86B0020EC6B002018550020F8B50F4652
S21401BF60054623F0DEFA394606462846FFF7E6FE82
S21401BF70044620B1304623F0CFFA2046F8BD01F042
S21401BF80A7FD224639462846FFF736FF0446002815
S21401BF90F0D128461EF0C3FC0028EBD095F82530DA
S21401BFA013F001030DD0D5F8942052050DD5B5F840
S21401BFB02A21BA4205D0B5F82C31DB1BB3FA83F33C
S21401BFC05B09034A82F8C430D4E72346F9E700BF89
S21401BFD0001E00B013B5044669461EF064FA2046FA
S21401BFE01EF0A8FBFF28024606D020469DF800104A
S21401BFF0EEF7C0FF02B010BD0048FBE70080FFFF70
S21401C00038B5044D044C054B286021601A6022F0B7
S21401C010DDFE38BDA8540020F46B0020AC5400208F
S21401C02010B550B90548064B01600648026018680D
S21401C030054B18601868FFF7E3FF10BDF46B00208E
S21401C04004560020AC540020A85400202DE9F041ED
S21401C0508AB001AC05460B462746194A02F1200C68
S21401C060264610685168083203C662453446F7D141
S21401C070002B08BF3B46002710681C463060384638
S21401C08003F10C0690B95FFA87F8424628462188E4
S21401C0901EF048FC50B942462846E1881EF053FC83
S21401C0A020B94246314628461EF05FFC0137032F71
S21401C0B006F1080604F10204E4D10AB0BDE8F081F5
S21401C0C0FCBE0400F0B589B005460E461EF05CFCC9
S21401C0D0044600BB01AC06F10C070FCF0FC497E86E
S21401C0E0070084E8070001A92846FFF7F9FD28465E
S21401C0F0311D1EF023FE044648B92846074901F0C3
S21401C10057FA044618B9284601F0C6FD04462846E3
S21401C1103168FFF79BFF204609B0F0BDF4BE04006E
S21401C12001491EF013BA00BF69DC010070B5164E56
S21401C130032804460D4633781ED023FA04F202F093
S21401C1400102AA421DD053B10122A240A54023EA12
S21401C15002032B43DBB233704BB1012070BD2DB10E
S21401C1600A4B01201B6898473378EDE73570074B7B
S21401C17000201B689847F0E79A07DED003F0FC031F
S21401C180E9E7002070BD00BF26650020EC540020C2
S21401C19038B504460D4605F077FD60B101F0C6FCE2
S21401C1A048B9012D07D801201EF099FB0D4B1B68DD
S21401C1B023B15B6898470C4B1C7038BD23F00BFB12
S21401C1C00A4B1A68801A186021F07AFF4FF47A72C7
S21401C1D0074B1B6802FB00301EF0B6F9012001F088
S21401C1E0ADFCE8E7105500204B6F0020E45400201A
S21401C1F0E8540020F8B505460C4623F092F9104F96
S21401C20006463B7833B1012D04D01CB90D4821F008
S21401C210A9FE3C7021462846FFF788FF0A4B0446D4
S21401C2201B783BB93B782BB91EF04DFB10B1074B81
S21401C2301B689847304623F06FF92046F8BD00BFCB
S21401C24027650020C054002026650020F86B0020DA
S21401C250054A0B46117831B100211170034A0121BC
S21401C260526818781047704727650020F86B002041
S21401C270124B0239012910B518701ED805F004FDBD
S21401C280D8B101F053FCC0B101F034FAA8B90C4B97
S21401C2901C6834B123689847BDE8104000201EF0A2
S21401C2A01EBB1EF04FF9074B186023F094FA064B9D
S21401C2B01860204601F042FCEEE710BD4B6F0020EF
S21401C2C010550020E8540020E454002038B50446F8
S21401C2D080B123F026F901210446084621F0E6FA4A
S21401C2E001210B4A08461AF048FD2046BDE83840B1
S21401C2F023F012B923F015F905462146012021F055
S21401C300D5FA01202146024A1AF037FD2846EDE704
S21401C3102E950400F0B585B023F003F9344D04469C
S21401C3202B7823B1334821F01DFE002852D121F08D
S21401C330A3FE02AA03A91EF0B0FA0346002838D0CD
S21401C3401EF0BFFA029B98421CD100202A4B03998B
S21401C3501B682A4E9942307020D90027C91A01233A
S21401C36024482B70264A3346CDE9007723F00FFA8E
S21401C370002837D1234A1378D90701D53178F9B186
S21401C380204611E01EF09BFA029B984228D000231B
S21401C39018461949194A0968137003910121FFF7D4
S21401C3A0C5FE002320462B7023F0B6F8002005B00A
S21401C3B0F0BD20462B7023F0AFF8212005B0F0BD6C
S21401C3C003F0FE031370002BDAD10F4B1B6898475E
S21401C3D02046E9E7204623F09FF80E2005B0F0BD81
S21401C3E00220B3E7032320462F703370F3E700BF24
S21401C3F027650020C0540020E05400204A6F00202A
S21401C40051C2010026650020EC54002038B523F007
S21401C41088F80F4D04462B789BB90E4A0E491370C7
S21401C4200E4B0F4A0F481A600F4A5A60F0F7CEF9C2
S21401C4300E490F48F0F7CAF90E4B0F4A1A6001234E
S21401C4402B70F0F7CDFA204623F066F8002038BDB1
S21401C450286500202765002020BF0400F86B002017
S21401C46015C30100B0540020F5C1010028BF040027
S21401C470B8540020EC540020CDC201002DE9F04351
S21401C4808F7880460F2F0C4685B003D9212005B042
S21401C490BDE8F08327B90123374A00201370F6E779
S21401C4A00D784E78EDB9002EF0D194F90310E0889E
S21401C4B003F00AF82128E9D055EA0603A088DFF838
S21401C4C0C89013D003F064F84FF60403B9F80020BF
S21401C4D001469A424BD1AE42334638BF2B46002620
S21401C4E02DE0082DD2D8082ED0D8DEE703F050F87C
S21401C4F04FF6040501464FF60500204A136E9BB21F
S21401C500AB4208BF0346B1F5803FA9F800300FD90A
S21401C51002230825136680230126C2F880302B46A5
S21401C52049084FF6FF720139914228BF114608E0CB
S21401C5308023012608251666C2F880302B4600297E
S21401C540EFD1002202920122013FFFB20092019731
S21401C5502A4608F1F80002F0B7FE1EB14FF4801229
S21401C560074B5A65074BA2681A60022394E70348F3
S21401C5700266A9F80030AEE72965002000C001B8C0
S21401C58000D001B8F8540020CC6E002010B5044647
S21401C590D0F818210B4B4FF40061C3F8A82090F88F
S21401C5A02420D20102F4006205F0D2FA94F8243075
S21401C5B013F0100F4FF4007314BF034A034A1367B6
S21401C5C010BD00BF001E00B0001002B8002002B867
S21401C5D0431C07D06FF0FF02034B10401A62A3F50D
S21401C5E080531862704700BF00E000B8F8B50446F3
S21401C5F00F46164622F095FF0546A047044620B191
S21401C600284622F089FF2046F8BD04F07FFC04226C
S21401C6100549D1F8D83E23EA07033343C1F8D83E8B
S21401C620024B1A67ECE700BF001000B0002002B80A
S21401C63000F01803182B0AD003070AD440F201139E
S21401C64010F0100018BF1846034B186570470020FD
S21401C650FAE70120F8E700BF001F00B0044B186896
S21401C660830654BFC0F30F204FF6FF70704700BF1C
S21401C670E055002038B10368044A002B08BF134672
S21401C680034A13607047014BFAE700BF93A5030006
S21401C690046C002010B4D0E9544122400B4052EA09
S21401C6A0030104D003495DF8044B096808475DF8A7
S21401C6B0044B7047046C00200F2938B505460C461C
S21401C6C00ED801F04FFA01280CD1074A2846D36B41
S21401C6D023F00F032343D3631EF065F9002038BD12
S21401C6E02120FCE70220FAE7001F00B0014B186C7E
S21401C6F0704700BF001F00B0014B0020196470474F
S21401C700001F00B003282DE9F347884655D82C4B67
S21401C71013F800902B4B1E5C2B4B13F800A022F055
S21401C72000FF074604F03EFB054640B10023002209
S21401C730CDE9003301200023002104F079F904F04B
S21401C74039FB48B100230022CDE900330020002345
S21401C7504FF4004104F06CF96EB31C4BDC6C04F032
S21401C76008041B4B3146DC64484604F02DFC524657
S21401C7703146484604F092FC164BDC646DB1164B0C
S21401C7801868D0F89410F83003F06EFA1349086868
S21401C790FFF71EFF4FF0FF330B60B8F1000F04D018
S21401C7A00F4B002103205B689847384602B0BDE86E
S21401C7B0F04722F0B1BE3446D3E702B0BDE8F087B9
S21401C7C038BF040034BF040030BF0400004000B886
S21401C7D0006000B8005000B804560020006C00202D
S21401C7E0F86B00200F4A136F13F0A00F15D1506F8E
S21401C7F010F0040013D10C4BD3F8D83E23F07F433E
S21401C80023F0FF035BB1D368C3F30362092A07D0A1
S21401C810B2F10C0018BF01207047002070470120BC
S21401C820704700BF000002B8001000B070B50D469A
S21401C830064620B91A4B1B68A3B10E2011E001F081
S21401C84091F9012829D1174B93F90040C4F11C0432
S21401C850641BC4F11C03002BB8BF5B42232B0CDD09
S21401C860212070BD81EAE173A3EBE173DBB2232BD8
S21401C870F6D80C4B19700020F3E786F8285022F002
S21401C88050FE094AE402D36904F4FF2423F4FF238B
S21401C8901C43D46122F040FEEDE70220E1E700BF31
S21401C8A0045600202A65002000C000B818B9034BC2
S21401C8B093F90000704790F9280070472A65002018
S21401C8C010B504461EF02BF810B1012001F0D4F982
S21401C8D02046FFF75BFE22F024FE0A4A0121D2F829
S21401C8E0A030044623F02003C2F8A0300222064BF3
S21401C8F008469A60054B5B689847204622F00CFE76
S21401C900002010BD001E00B0001002B8F86B002019
S21401C910064B5A6A920207D4D3F8803013F4706F2C
S21401C92014BF01200020704701207047004001B865
S21401C930F8B50E46D0F8943002EA010423EA010362
S21401C9402343C0F89430464A01F00B0323EA04015E
S21401C950D1642340A2F58052D3647207054610D5F0
S21401C9600121FFF7D5FF60B104F0D0FA4FF4007350
S21401C97014F0040F14BF3B4A3B4A536204223B4B5C
S21401C9801A67F30606D514F0100F14BF00221B22F7
S21401C990374B5A6537061DD5200616D54FF40012BB
S21401C9A0304B1A62012203F58053C3F8002122F0AE
S21401C9B0B8FD0E210746032003F09EF840F201223F
S21401C9C02B4B3846DA6222F0A7FD214605F1F80026
S21401C9D003F04AF9F10503D5E2052AD503F05CF820
S21401C9E0B30503D5A70527D503F062F816F48C6FB7
S21401C9F01DD014F4806224D095F82530DC070CD5C0
S21401CA00EA8DB5F82A31934219D0B5F82C31981A27
S21401CA1043424341174A82F8C430D5F8E410284609
S21401CA201DF0B8FD8022144BD864144B1A61002007
S21401CA30F8BD03F02BF8D3E703F034F8D6E701236B
S21401CA40E8E77105E9D595F82530DB07E5D5094B0B
S21401CA50114683F8C4200A4B28461B689847DCE732
S21401CA60006000B8005001B8006001B8002002B8AC
S21401CA70004000B8001E00B0001F00B0000002B861
S21401CA8018550020014B1868704700BF0455002058
S21401CA9037B522F046FD002401230022CDE90034FB
S21401CAA0002305461946104603F0C2FF022002F095
S21401CAB0E7FA064B21461C60054B02205B68984747
S21401CAC0284622F029FD204603B030BD0C55002033
S21401CAD0F86B00202DE9FF4102290D4616469846BF
S21401CAE0039004D1FFF7D4FF04B0BDE8F08122F033
S21401CAF018FD1E4F04463B683BB1B34205D022F0F9
S21401CB000BFD002321203B60EEE7194B0022C3F802
S21401CB1000803E60002301264FF0000810461946AB
S21401CB20CDE9006603F084FF124B022083F80080F3
S21401CB3002F0A6FA43462A46022003A902F0BEFAEC
S21401CB400D4B039A1A6008B92046D8E70B4D2B689F
S21401CB509847212804D0204622F0DEFC0020C3E7B7
S21401CB6031466B6802209847F5E700BF0C55002058
S21401CB70085500202C65002004550020F86B002085
S21401CB80044B5B6E5B054EBF0120034B187800F02B
S21401CB900100704700C001B82C6500200A78022AFF
S21401CBA011D0101F4242424152004B781201022B13
S21401CBB00BD0191F4B424B415B000549054842EA21
S21401CBC08312FFF713BD0122EFE70123F5E700BF4C
S21401CBD0F0FFFF00ADDB01000B78022B10D0181F11
S21401CBE0434243415B004A78022A0BD0111F4A4256
S21401CBF04A4152000F21044843EA8202FFF7F6BC7D
S21401CC000123F0E70122F5E7D9DB01002DE9F8431E
S21401CC100E780446042E0D4690F830810BD100277D
S21401CC205FFA87F9484601F07DFD08B14E4602E0FD
S21401CC300137042FF4D1304601F074FD002849D0A5
S21401CC4094F83031B34209D1AA88D4F8A8309A4270
S21401CC5004D16A88B4F832319A4238D084F8306107
S21401CC60AB883046A4F834316B88A4F83231AB88EF
S21401CC7004F59875C4F8A830FF2384F82B301DF00E
S21401CC8043FF84F82A00284601F078FC18BB2846A2
S21401CC9001F03EFDF8B9D4F8E03053B194F8301104
S21401CCA0414506D02046B3F91220EEF7E5F884F8A0
S21401CCB03901204601F09AFE0949A4F834010123FE
S21401CCC0084AD1F8FC1004F1F80003F0AFFC00208C
S21401CCD0BDE8F88321200C2384F83031F8E700BF43
S21401CCE0001F00B0581F00B0F8B5054690F8300197
S21401CCF00C460C28164623D0FF2923D01AB14FF034
S21401CD00FF32114B1A601DF0FFFE074695F8300101
S21401CD1001F068FD844228BF0446E4B2BC4238BF35
S21401CD203C46E0B285F82B0001F002FEFF280CBF5E
S21401CD302124002416B9284601F068FD2046F8BDD6
S21401CD400224FBE72124F9E7086C002010B590F8CF
S21401CD50303104460C2B43D0D0F8E03080F82A104E
S21401CD60D3B3D0F8F020CAB990F839318B421BD32F
S21401CD7000222046FFF7B8FF40BB1A4B1B78022B58
S21401CD8023D8204601F032FE17490123174AD1F86D
S21401CD90FC1004F1F80003F049FC16E0B0F942205B
S21401CDA0B3F912309A42E3DD0022204694F8391195
S21401CDB0FFF79AFF50B9C4F8E00020461DF0EDFADF
S21401CDC04FF6FF739842014601D1002010BD204660
S21401CDD0BDE81040FFF7C2B8FF2380F82B30F4E718
S21401CDE00220F3E7D06E0020001F00B0581F00B0ED
S21401CDF0F0B51D46144B04461B780F46164685B003
S21401CE005BB1D0F8E030E3B102AAB3F91230009278
S21401CE10002218F014FF05B0F0BD02A91DF043FB77
S21401CE209DF808103A462046EEF726F8014626B940
S21401CE302A462046FFF758FFEDE72046FFF786FF14
S21401CE40E9E71846E7E700BFFE960400D0F89C30F5
S21401CE50012B01D10020704770B5044665498CB09E
S21401CE601DF087FED4F8E0600146E58DC4F8E400C5
S21401CE7026B1336813B15B68002B71D122F051FBE8
S21401CE8022F04AFB0123D4F8E4108DF80630B3896A
S21401CE90D6E90120EB1A9BB200FB03225648ADF8F7
S21401CEA00430036800928B4207D020461DF072FBC7
S21401CEB080225249524BC8641A61514D00F052FE0D
S21401CEC00128FBD1AB689E06F8D420469DF80620C3
S21401CED0009906AB03F0E6F800283ED100F042FECA
S21401CEE00128FBD1464A136FD801FCD493689906F2
S21401CEF0F9D4684606A903F08DFA054668BBE28DAB
S21401CF00404B5A6494F8243060F3410384F824308B
S21401CF1000F0EEFFD4F8E0305969431E0E68DBB22C
S21401CF20FD2B029622D9F31C34D84B68FF280393B5
S21401CF305ED10126DA1C25D8024602A920461DF03C
S21401CF4041FDE6B9D4F8543199053FD494F824301C
S21401CF5043F0020384F8243011E002200CB070BDC7
S21401CF601A68032A8AD99B6A5B0E8EE74B680128EA
S21401CF700393DED00246204602A91DF023FD0020C1
S21401CF800CB070BD0133204B5B6816D0DA1C23D879
S21401CF900393D1E71C4B01361B6818BF0126DD1C25
S21401CFA006D802934B68FF280393C3D00020C3E73B
S21401CFB0FF284B6819D00393C3E7DD1C0FD8024640
S21401CFC0204602A903931DF0FDFCBBE720464FF463
S21401CFD080311DF07FFED2E7FF28B2D1E6E7FF28B9
S21401CFE0B0D10022204602A9EDE701200393A1E774
S21401CFF02A46C0E7FC1F00B0F4540020001F00B012
S21401D000000002B8008001B8106C002010B50C4674
S21401D01019B11DF084FC00B10434204602F0B8FAC0
S21401D020024B4042C3F8C80E002010BD001000B0ED
S21401D030838E70B593420C4615461CD3836C8B4287
S21401D04008BF002422F06DFA4FF49C530B490646A4
S21401D050CA68C2F30362D340DA0702D50B6F9B039B
S21401D06004D401222946204601F016F8304622F063
S21401D07053FA002070BD2120FCE700BF000002B873
S21401D0802DE9F84F064615460B4611B92120BDE895
S21401D090F88F002AFAD0032905D8002201F05EF99C
S21401D0A003460028F2D01C889978B4F5804F01F029
S21401D0B0070080F0C580A0F1070C1A7993F805A047
S21401D0C0DF88DCF1000343EB0C0305282B7394BFC8
S21401D0D00023C1F30013C1F3801C6B738B0985F821
S21401D0E010C003F00203C1F3C00C43EA0C03C1F302
S21401D0F040116B74A974AF82002A40F0828096F8C2
S21401D1001E31013BDBB2EB74D6F89430DF0600F13A
S21401D1108380063801287FD8B6F81280F76908F1AF
S21401D120FF38484B083C04EA08045B6D3B5D01345C
S21401D130802B0EBF6FF07F03323B5BB2AB730023D5
S21401D140AB6096F8279004EA0804B9F1000F61D1A4
S21401D150631D03EA08035A1C02EA0802BA5CFB5C78
S21401D16043EA0223D9040FFA83FB4CD5D6F8E43000
S21401D17013B11B68022B05D841F24D724C210020D9
S21401D180FEF74EFFD6F8E420CBF30B0392F82420EB
S21401D190DB000AB1B3FBF2F39A4508D83BB1CAEB00
S21401D1A00A2ABAFBF3FA6FEA0A0A5FFA8AF9D6F88C
S21401D1B0EC3023B1484695F90E1098478146631C1A
S21401D1C085F80F9003EA0803F95C013303EA0803C4
S21401D1D0FA5C013303EA080341EA0221FA5C0133EF
S21401D1E003EA0803F85C41EA0241002341EA0061D0
S21401D1F06A7C304603F0D8FA06232860AB7100201B
S21401D20045E7531E7EE717F804904FEA49095FFA8F
S21401D21089F9CCE79946D2E700230020EB730A4B45
S21401D2205A69C2F30723120448BF63F0FF035AB2D8
S21401D23012F1800F1CBF323B5AB2AA730346DCE7D9
S21401D240022024E7004000B800C000B838B51488B2
S21401D25011F003054FEAC40422D13F2C20D9B4FAB9
S21401D26084F4C4F11903DBB2052B01D8192C15D0AF
S21401D270052B28BF052301240633DBB29C40C4F3EB
S21401D280CF03138003828161448700F02DFF054A96
S21401D290631E2343C2F8A430284638BD2B46EAE76E
S21401D2A02125F9E7001E00B011F5004F1FBF01F35D
S21401D2B00E01044BC1F30E01002014BF9964212016
S21401D2C0704700BF008001B8F8B504460E4619B98C
S21401D2D090F824305A063FD44FF6FF73618ED4F887
S21401D2E0E470994204D0314B1B680BB12046984735
S21401D2F02F4D2B68BB424DD02E4B1B683BB11FB147
S21401D3003A68002A48D0BF6839462046984707271A
S21401D310204601F06BFB002E32D006270126264B55
S21401D32094F9282093F900302449C3F11C039B1A71
S21401D330CA69DB0222F4FF2203F4FF231343CB6105
S21401D340D4F8E4301E4A2B601E4B976720461E70A9
S21401D3501DF029FB0020F8BD4FF6FF71144DD0F8E3
S21401D360E4702A6866F386139742418680F8243073
S21401D37017D0104B1B68002BC1D101F037FB0727D4
S21401D38011493B46114AD1F8FC1004F1F80003F0AC
S21401D3904DF9C2E70127BBE71746204639469847AD
S21401D3A0B5E701F023FB0127EAE700BF005500209F
S21401D3B0F4540020FC5400202A65002000C000B868
S21401D3C0006000B82B650020001F00B0581F00B099
S21401D3D0054A12681AB190F81E1119B91047084685
S21401D3E002F0AABB01487047F054002000FEFFFF80
S21401D3F0344B2DE9F7431C6801F4007900F0010372
S21401D400174653EA090206460D4635D04FF0000886
S21401D4103BB30023002200210120CDE9008803F060
S21401D42007FB042001F02CFE41462046FFF7D0FF03
S21401D43001224146208610461CF061FFD4F8941064
S21401D44004F1F80002F010FC1F490868FFF7C0F865
S21401D4504FF0FF330B6094F8243043F0040384F854
S21401D4602430B9F1000F07D0012120461DF032FC0F
S21401D47025F4007506430D432B4632462046FFF73A
S21401D48009F9FB070FD51149114A086800211368ED
S21401D490116001210F4A117003B198470E4B00210C
S21401D4A002205B68984717F00E0F08D04FF40972F8
S21401D4B03B21002003B0BDE8F043FEF7B1BD03B049
S21401D4C0BDE8F08304560020006C002008550020BB
S21401D4D00C5500202C650020F86B002008B548226A
S21401D4E000210248FDF72CFF002008BDDC1E00B01D
S21401D4F073B578216422A0F8141182210C23C0E9A7
S21401D5004112C0E94322C0F8002107224FF0FF353F
S21401D510002680F830314FF6FF730446C28700F1CB
S21401D5204C0282641E4AC385A0F8403080F82C3035
S21401D53043864263038780F82860C0F8A850458573
S21401D54080F8265003F03EFC2046FFF7C7FF94F90B
S21401D55028102046FFF76AF9602340F6FF71114A4A
S21401D5602046D36402F11C42D162D1650E4A294697
S21401D570D36440220D4B1A67D4F89420FFF7D8F9EC
S21401D5800E230022CDE9003340F20223104619464D
S21401D59003F04EFA01F0E2F8304602B070BD00BF6B
S21401D5A04000FFFF004000B8005000B8002002B85D
S21401D5B010B50C46FFF792FFBCB1A378082B16D81E
S21401D5C0E278082A13D843EA021313F0FF030CBFCC
S21401D5D019466168074AC2F8DC10217882F82011E2
S21401D5E0617882F8233182F82111002010BD2120B4
S21401D5F0FCE700BF001E00B0012A10B512D8032BAD
S21401D60010D803EB82020123074C934094F82201C1
S21401D610DBB221B10343002084F8223110BD20EA99
S21401D6200303F8E72120F9E7001E00B0034670B5B2
S21401D6300C68B0F83421013408BFD3F800418D6876
S21401D64008BF0C604C68F830013404BFD3F80C41B5
S21401D6504C606E1C3CD1D3F80841CE688C60751CBA
S21401D6603CD1D3F804510E69CD60013604BFD3F81E
S21401D670F8600E614E69013604BFD3F8FC604E6156
S21401D6808E69013604BFD3F810618E618E695EB370
S21401D6905A32B24238BF32460E688A6116B15A2EE5
S21401D6A038BF5A26C3F808414C68C3E94065C3E948
S21401D6B043420A69C3F8F8204A690C49C3F8FC20BA
S21401D6C0D1F8FC1007230A4A02F0B0FF002070BD13
S21401D6D002F15A04AC4238BF2C46BEE702F1780587
S21401D6E0B54238BF3546BEE76422D5E7001F00B015
S21401D6F0581F00B070B521F014FF04460B4E00F021
S21401D70031FA012805D0204621F006FF02252846D9
S21401D71070BDF36813F0706FC3F30365EFD1B36A9E
S21401D720DB06ECD5204621F0F7FEF0E7000002B854
S21401D73038B521F0F6FE4FF6FF710A4A13888B4280
S21401D74003D121F0E9FE0E2038BD074C074D1B041E
S21401D7506566A4F580546366118021F0DDFE002025
S21401D760F2E700BFCE6E0020006001B80000FFFFA8
S21401D7702DE9F74304460F4615461E46FFF732F8D5
S21401D78030B3A38A23B320461CF0CFFE78B9002E0F
S21401D79040F0F280794BD3F8D83E03F03002102ADD
S21401D7A000F0EA8003F0C003402B00F0E580DFF8CC
S21401D7B00082D8F81430D90740F1DE8021F0B1FE9E
S21401D7C00646032001F058FD30B1304621F0A4FE94
S21401D7D0022003B0BDE8F083D8F8142012F0060842
S21401D7E0F3D1304621F098FE644B4FF40061204699
S21401D7F0D3F8D89ED3F8AC6E04F0BEF940B14FF41E
S21401D800007201215E4B08461A6742461CF077FDFE
S21401D81094F82530DA0707D5D4F894305B0542BF73
S21401D8204FF40022574B1A6739462046FEF796FBFF
S21401D830524BC3F8D89EC3F8AC6E0028C9D194F8F1
S21401D8402430980601D4002D57D0C5F3400003F0CC
S21401D85023FB022315F4807F1BBF0021494A484A57
S21401D860136717BF484A13675161136303F04EFBF2
S21401D8704FF4806315F0040F14BF444A444A15F070
S21401D880400F53624FF004023D4B28461A674FF093
S21401D890400314BF3F4A404AC2F88830FEF7C8FE2C
S21401D8A020461CF06CFF38B14FF4807315F0010F61
S21401D8B014BF344A324A1367A90647D54FF6FF729A
S21401D8C0B4F8403093420FD0344A3549526E100CAA
S21401D8D0C2F301120132B3FBF2F308802B4A2C4942
S21401D8E030481B0448665366003D18BF012594F86E
S21401D8F0243065F3451384F8243020461DF00FF8D4
S21401D900F0B120461CF03BFFD0B14FF40031204669
S21401D91004F032F9431C03229BB2234801A91DF0EF
S21401D920B6F89DF8042002F00703052B9DF8053094
S21401D93015D112070DD443F480731C4AC2F8B830CF
S21401D940002003B0BDE8F0431DF0AEB8FFF7F0FECF
S21401D950CAE713F0040F09D19DF80630EBE703F090
S21401D9603002202A05D113F0010FF4E74FF480733B
S21401D970E3E79DF80630E0E70E202AE7001000B046
S21401D980002002B8001002B800400054005001B850
S21401D990006001B800D000B800E000B8004001B84F
S21401D9A0CE6E00200000FFFF08400054001E00B0AD
S21401D9B000C001B82DE9F3410646884615461F46C4
S21401D9C021F0AFFD0446032001F056FC38B1204695
S21401D9D021F0A2FD0E24204602B0BDE8F08104200D
S21401D9E001F04AFC0028F2D1204621F095FD0123E2
S21401D9F02A4641463046FFF7BBFE04460028EAD1D8
S21401DA00DFF8C8805FB388F8000039463046FEF775
S21401DA1035FD00284CD198F80030012B1CD020226F
S21401DA20244B1A67244BDB6CB3F5817F1FD2012090
S21401DA301DF07BF821F075FD204B06461B6801930F
S21401DA40CBB901F093FC15F0800526D101F0E0FC7E
S21401DA50284603F0F5F925E003F008FABBE798F845
S21401DA600030012BF8D0002BD9D12124B3E7802236
S21401DA70134B1A61DBE7042001F002FB00230122AD
S21401DA80042001A901F01AFB0028DAD103F056FAA6
S21401DA902124304621F040FD9DE70022094B9A677C
S21401DAA001F0B6FC084B01215B6800209847F0E7BF
S21401DAB0044690E7001002B8001F00B0F85400209A
S21401DAC0000002B800C001B8F86B002029650020EC
S21401DAD008B50C4BD3F84C114B1C12D011F08041F9
S21401DAE00FD1094B1B6813B10320FEF70BFE4FF055
S21401DAF080624FF40071054BDA67054AD162012254
S21401DB005A6108BD0080E00F04560020001002B8DC
S21401DB10004000B84FF40022034B186F03F5005382
S21401DB201A67C0F3C0407047000002B8024B58693C
S21401DB3000F00100704700BF00C001B8084B5A69E9
S21401DB40D10707D508B901F077BA5B69DA0706D4B9
S21401DB5001F064BA5B69DB0701D40028F8D170478D
S21401DB6000C001B80F4BDB68C3F30363013B0B2B0B
S21401DB700FD8DFE803F006060C06060606080A08B4
S21401DB8008080220704704207047052070470320CC
S21401DB907047054B5B6913F0060F0CBF012004208C
S21401DBA0704700BF000002B800C001B8094AD36838
S21401DBB0C3F303630B2B08D06FF49050184100F0A9
S21401DBC0010080F0010040007047106F10F48030B3
S21401DBD0EDD17047000002B80C4AD368C3F3036363
S21401DBE0062B07D8042BD8B20BD8C31E584258416F
S21401DBF040007047072B06D1D2F830010028ECD13F
S21401DC007047022070470020704700BF000002B82E
S21401DC10094BDB68C3F303639A1E012A8CBF0022FB
S21401DC200122012B02701EBF4FF4026222FA03F397
S21401DC3003F001030B707047000002B8094AD3686D
S21401DC40C3F30363032B01D0072B08D1536FDB0605
S21401DC5005D4906F80F00800C0F3C0007047002024
S21401DC60704700BF000002B8024B002219681CF082
S21401DC7037BE00BF9CBF0400024B1B6803B11847A8
S21401DC80704700BF24550020024B1B6803B118479C
S21401DC90704700BF2055002010B5FF224FF6FF71D8
S21401DCA004461CF03FFE68B9FF224FF6FF7120467E
S21401DCB01CF049FE30B92046BDE81040FF2202495B
S21401DCC01CF053BE10BD00BF40BF04002DE9F0415B
S21401DCD01C46184B05461E680F46904646B13068EE
S21401DCE001F01CFEF3681BB1B368186801F016FE5C
S21401DCF0114B1B682BB1DA681AB19B68186801F0E2
S21401DD000DFE9DF81830640744EA08425B0503F0EF
S21401DD10BC6342EAC7621A432846084942F4C872FD
S21401DD2003F016FF002228461146FFF781F900206E
S21401DD30BDE8F08198BF04009CBF04009007E12D68
S21401DD4008B5FFF77BFF88B1094BDA6912030DD5D9
S21401DD50186F10F4003009D19B6F13F0100F4FF0BD
S21401DD6010030CBF034A044A936708BD0220FCE770
S21401DD70000002B8001002B8002002B838B5044608
S21401DD80F8B1124AD3691B031DD5556F104BC5F365
S21401DD908115032DB3F8B4300DD10822083B9BB290
S21401DDA021460C481CF073FE0020084B25729B6F21
S21401DDB01B0A637238BD022D05D1023B2A469BB26F
S21401DDC0EEE72120F6E70220F4E700BF000002B8E4
S21401DDD0001E00B038400054431EDBB2FD2B14D9A0
S21401DDE0FF280B6801D14A68134313F0802F1EBF2A
S21401DDF042F20102074BC3F8282251F82020054BB6
S21401DE00C3F85022C3F8542270470128F5D10023E5
S21401DE10E9E700BF004001B8F0B585B06D460E4693
S21401DE200F4B074614460FCB85E80F000D4BD3F872
S21401DE3048020090D3F84C2201923EB1631EDBB239
S21401DE40FD2B0AD93060FF2C00D17260224629468C
S21401DE5038461CF0B7FD05B0F0BD012CF4E700BF55
S21401DE6048BF04000080E00FF0B585B06E460D4B4C
S21401DE7007460D460FCB86E80F0000F039F831460D
S21401DE800446024638461CF016FF4DB140B9FF2C39
S21401DE901BBF04AB03EB8404009B54F8103C2B60BF
S21401DEA005B0F0BD48BF040030B50C4B05461870F0
S21401DEB085B0082380B90A4AC2F8FC3351B96C46CA
S21401DEC0084B0FCB84E80F00074B2A4621461868FB
S21401DED0FFF7A2FF05B030BD044AEDE74C6F002006
S21401DEE0001002B858BF040004560020002002B8F3
S21401DEF0014B1878704700BF4C6F0020124BD3F8C7
S21401DF00E020D2031ED54FF480321049C1F8E0203C
S21401DF10A1F58051C1F8EC201A6CD1B2C2F30722E8
S21401DF20C3F88010C3F880200422C3F880200022A2
S21401DF30C3F88020C3F88020C3F88020C3F880206F
S21401DF40C3F88020704700BF0040005400600054B2
S21401DF50F0220A4B01219A64A022A3F580539A6409
S21401DF60074B826CC3F8C010FC21C3F89810C3F8A5
S21401DF709C204FF40052C3F8BC207047006000B8E4
S21401DF8000400054F8B50D461746064621F0C9FA7A
S21401DF9001230421084C094A2363A760E660256132
S21401DFA0C2F8E010064AC2F8843121F0B5FA0DB184
S21401DFB002232363F8BD00BF0040005400600054F4
S21401DFC000E100E00222024B58611A63704700BF6D
S21401DFD0004000540122044B1A6640F6FF72996312
S21401DFE0D863DA65704700BF004000542DE9F04F52
S21401DFF0042A05460B4683B039D901260978141F31
S21401E00081615A7803F1040982619A788261DB782A
S21401E01083610368D0F808B003F0070306339E4017
S21401E02006F1FF3A0AEA0B084768A6EB0802944293
S21401E03047F000570ED84946224607EB0800FDF781
S21401E0400FFB46EA0A0604EB0B023240AA6003B055
S21401E050BDE8F08F494607EB08000192FDF700FB8B
S21401E060019A384609EB0201A21B4244E7E7013A4E
S21401E070032AECD8DFE802F00B08050213F8012B9F
S21401E080826113F8012BAA6113F8012BAA611B7890
S21401E090AB6103B0BDE8F08F38B50C4615460146B6
S21401E0A00F4B60B101220F48C3F8C0202246FFF78C
S21401E0B09DFF1DB104220A4BC3F8C02038BD64B1D0
S21401E0C0D3F8A420A24284BF0122C3F8C0200222B2
S21401E0D0C3F8A040C3F8C020EBE70122FAE700BF6F
S21401E0E0004000549840005438B5044621F019FA0F
S21401E0F001211A4A638F054611663BB3B3FA83F3CF
S21401E100C3F11903DBB2A069C2F890109366072326
S21401E110D066C2F88C304FF4A02302F50052C2F844
S21401E120E030A2F58052C2F8EC3000220C4B1A60A7
S21401E1300C4B1B6F5B0209D54FF480020A4B04F1AE
S21401E140F8001A67D4F8941001F08EFD4FF4E0231E
S21401E1502846E363BDE8384021F0DEB900400054AC
S21401E16028550020000002B8002002B82DE9F84327
S21401E17005460C46B1B1D0F81880478F21F0D1F989
S21401E180B5F83CC0791E01EA0C0323F00702032C04
S21401E1900646DFF8F8E042445CD1DEF8004024B9D8
S21401E1A021F0BAF90E20BDE8F88324F00104DEF868
S21401E1B0000020F00100A04251D10023CEF800302B
S21401E1C0238894426FEA43436FEA534323803CD14A
S21401E1D0EB8F08EB07091846083880B202F10804ED
S21401E1E04C4528BF4446082804D9B4F800E0BEF5DB
S21401E1F0804F3ED263440F431B1A3B409BB2AB8712
S21401E200E887118894781C4AC1F30C01516453675E
S21401E210C2F88C004FF48022184B04F00704C3F8B0
S21401E220E0200122164BC3F88421FFF767FE042C79
S21401E2300BD14FF48002134B05F1F8001B6F124B04
S21401E2401A67D5F8941001F00FFD304621F064F9F5
S21401E2500020A8E7601E012898BF1446A7E7E88FAC
S21401E2604344E31A48BFDB1908389842A8DC304615
S21401E27096E72246B0E700BF004000540060005415
S21401E28000E100E0000002B8002002B82855002096
S21401E290144B10B51968CA8F8B8F488F13440138F9
S21401E2A0073B8C69034023F007031C4402F1080373
S21401E2B00D4A9BB2CB87C2F88C304FF480220B4BB1
S21401E2C0C3F8E02001220A4BC3F88421A07800F0AD
S21401E2D00700042803D1074AD3681B03FCD4064B66
S21401E2E01C6010BD0456002000400054006000541D
S21401E2F000E100E0000002B82855002010B5064CE9
S21401E300216839B1CB0703D4044B1868FFF72EFFF9
S21401E3100023236010BD00BF2855002004560020AE
S21401E3204FF480320B4B0C49C3F8EC20A3F5005395
S21401E330C1F8E020D3F888109A6E012302F0070294
S21401E34006329340C1F30C01083B994201D8FFF70E
S21401E350D5BD704700600054005000542DE9F047C9
S21401E36080460C4616468769458F21F0DAF8B8F8DC
S21401E3703C2005F1FF3C02EA0C0323F00701032CC5
S21401E38082463944B8F83E0019D1494C24689CB9F4
S21401E3900244073A02EA0C0222F00702BC183B4488
S21401E3A0E31A48BF5B19834210DB504621F0B4F8EC
S21401E3B000242046BDE8F08724F00104EFE7012C95
S21401E3C002D0022CEBD108380C46E8E7002E3DD0EF
S21401E3D08C423FD1374AD2F844903649B8F8127089
S21401E3E0D1F88820C2F30C02934247DA2588B5F5A6
S21401E3F0804FDAD2A378C5F30C0503F007037A1E23
S21401E400A5EB09053A43052B337005EA02052DD81D
S21401E4102DB2E84340F241420421C00FFDF700FE51
S21401E4207580E3783374D8F81C207B1E03EA090351
S21401E430D118B160A9B213FA85F5AF422FBF0023F8
S21401E440FF1AB780F26024BFB180F360504621F016
S21401E45063F8AEE7A4F10802974284BFED0802EB29
S21401E460C502B2F80090C9F30C09B6E7124B5B6D12
S21401E470003B18BF0123A5EBC305C9E70B6C7A1E49
S21401E480A3EB09033A431A400C4915B2002DCB6899
S21401E4900BDCC3F30363D81E43424341DB003370F6
S21401E4A08B6F72801B0A3374BDE70823F7E700BF42
S21401E4B02855002000400054004000B8000002B873
S21401E4C0054BA822D3F84C013121431C0CBF012077
S21401E4D0C0F38070FDF7A4BD0080E00F38B5094D8C
S21401E4E00446286840F69702003818BF01202B2101
S21401E4F0FDF796FDFA235C432B680A20B4FBF3F480
S21401E500604338BD5C550020174B30B51A68431C74
S21401E510164B22D0B2F1407F1FD3154D00F03F04B9
S21401E520D5F8002122F03F021443C3F8C84001F099
S21401E5303F042243C3F8D020D5F804310D4A1A40CF
S21401E5400D4B03EA500003EA510110431143074BF8
S21401E550C3F8CC00C3F8D41030BD00200146C3F880
S21401E560C800C3F8D000F2E70080E00F001F00B03B
S21401E570000002B81FF087E1E0FFFF7F73B5574E3A
S21401E5800446317819B91C225548FCF7D9FE237880
S21401E590544A6188137051804FF0FC62524CFF213F
S21401E5A0C4F8FC204FF47F02C4F808214F4A022B1E
S21401E5B04F4D117033D1042307224E49C4F8FC2372
S21401E5C0C5F8FC33C4F800114FF4C071C5F800114A
S21401E5D0C4F8FC234FF48052C5F8FC33C5F870210B
S21401E5E04FF40052C4F87021C4F808314FF4FF13F9
S21401E5F0C4F8FC304FF4BB13C5F8FC308023C4F8D4
S21401E600703148F2C8023C4BC3F8D8203B4B3C4A19
S21401E6100020C3F8C02F0123337002B070BD394A01
S21401E620012BC4F80021384B27D14FF4C072C5F82E
S21401E6300021D3F83802D3F83C12FFF765FF072311
S21401E640C4F8FC330223C5F8FC334FF48053C5F8F5
S21401E65070314FF40053C4F870310423C4F8083104
S21401E6600DEB0300ECF740FB9DF80530023B012B58
S21401E6709CBF8023C5F87031C3E7244AC5F8002142
S21401E680D3F83002D3F83412FFF73EFF0723C4F85D
S21401E690FC330123C5F8FC338023C4F870314FF4F2
S21401E6A0805301A8C4F87031ECF71EFB9DF80530C5
S21401E6B0012B05D19DF8043053B948F25D1309E0EA
S21401E6C0FBD9023B012B9CBF4FF40053C5F87031B8
S21401E6D048F25813084AC2F8D83097E72D6500204B
S21401E6E0C41F00B0D06E0020002002B8506F00207A
S21401E6F0001002B8C0F10F00001F00B0001000B0FB
S21401E70030550020C0F70F000080E00FC0F60F0064
S21401E710034B1A6802609B8883800020704700BF05
S21401E720D06E002010B5044601F026F80A4BD3F847
S21401E730F83724B983F40023C3F3C04010BD012C7D
S21401E74005D113F4C02F0CBF01200020F6E7A31E4D
S21401E75058425841F2E700BF000002B86FF07F420E
S21401E760154BD3F8FC37934208D0144A03F03F0305
S21401E7701370F123124A1370124A13701249134B85
S21401E78009781A68A9B1B2F1A06F12D3D3F8501262
S21401E7900F4A104BB1F1FF3F18BF13460E4A1360E4
S21401E7A041F66A020D4B1B68B3FBF2F30C4A136089
S21401E7B07047084BF2E700BF000002B8516F002017
S21401E7C0526F0020536F00204F6F00200080E00F33
S21401E7D05082E00F7CBF04002C55002078550020A5
S21401E7E05C550020012807D0022802D030B1002055
S21401E7F07047034B18787047024BFBE7024BF9E76B
S21401E800516F0020526F0020536F00200023F0B597
S21401E81090F8304185B002462046CDE90133CDF867
S21401E8200B30FFF7DFFF92F82B30411EC9B28B4247
S21401E83028BF0B46002C3CD0012C38D104241846A6
S21401E8404FF00F0C384E0DEB0405B0FBFCF7F75DEF
S21401E850013CC01BC0B2814238BF00206055002C6D
S21401E860F3D105240F278DF80830B3FBF7F0305CA1
S21401E8700344DBB28B4228BF0B462B5501340B2CCD
S21401E880F3D10F2602F1A800D43215F8013BB3FBF1
S21401E890F6F14C1CC1EB01115B1A0133DBB2E4B299
S21401E8A01B0443EA045340F8043F8242EDD105B00D
S21401E8B0F0BD042418464FF00F0C1C4F0DEB040658
S21401E8C0B0FBFCF5EDB27D5D013C401BC0B2814260
S21401E8D038BF0020A055002CF2D105240F258DF855
S21401E8E00830B3FBF5F0385C0344DBB28B4228BF3B
S21401E8F00B46335501340B2CF3D10F2502F1A80436
S21401E900D43216F8013BB3FBF5F1481CC1EB0111FB
S21401E9105B1A0133DBB2C0B21B0443EA005344F86E
S21401E920043FA242EDD1C2E775BF040068BF0400F0
S21401E93038B5284B05461A7827490C2A02D1FF20FC
S21401E940087038BD10461CF0DFF804461046FFF785
S21401E95049FFA84228BF2846C0B2A04238BF204679
S21401E9600B78C0B28342ECD0087088B1431EDBB28C
S21401E970022A1A490ED14FF0FC62C1F8FC20A1F51B
S21401E9800051D1F8FC2042EA4353C1F8FC30D8E7E5
S21401E9900346EDE7124A134C1268AC32C4F8C02F96
S21401E9A04FF47F02C1F808210F49CA6FD202C8D4BA
S21401E9B00F22B3FBF2F2551CC2EB02129B1A013373
S21401E9C0D1F808411B0443EA05532343C1F8083133
S21401E9D0B7E700BFD06E0020506F0020002002B8BD
S21401E9E004560020001000B0000002B82DE9F04FD8
S21401E9F090F830510646D0F8A82087B035BB1F2ABC
S21401EA0038BF1F22093A4C24844B85481B6A96F866
S21401EA102B10C3F38213DC400368DFF82CA2934269
S21401EA20DFF828827F4B04F0010414D11F78A74237
S21401EA3011D19AF80070AF420DD17B4F3F788F42CB
S21401EA4009D1B8F8040007B0BDE8F08F032A38BF33
S21401EA500322023AD7E7026098F800001C70FFF71D
S21401EA60C1FEFF2924D128461CF04EF807466F49FF
S21401EA703CB3D6F8E4702FB13B68082B40F2CB804C
S21401EA8097F838701DBB0B6840F27121B3FBF1F3A8
S21401EA9053431922B3FBF2F339462A4605A80593D8
S21401EAA01CF008F802023C04059842F0110988E0BF
S21401EAB0471E8F4228BF0F46012F38BF0127FFB2DE
S21401EAC0D5E7012D29D0022D01D0B5B327460B6815
S21401EAD040F27121B3FBF1F353431922B3FBF2F376
S21401EAE03946012207EB072405A8059307EB042402
S21401EAF01BF0E0FF7F00032F38BF0327020242EA24
S21401EB00001242EA0009033F00F01F0007FA00F076
S21401EB10FFF7E4FC00F5FA6758E00F23B7FBF3F3C1
S21401EB20581CC3EB0313FB1A0133DBB2C0B21B0440
S21401EB3043EA0053C3F30747C9E70C6840F2712163
S21401EB40B4FBF1F40F2354431922B7FBF3F3B4FBE0
S21401EB50F2F43748374A0068A2FB0412013350FA30
S21401EB6083F313F8013C0392A3F140012A4603A85C
S21401EB7001931BF09FFF039F2F4AE41BA2FB041285
S21401EB8000903021049204A82A461BF093FFDDF87A
S21401EB9010B08146A4EB0B0401220594102144F227
S21401EBA0100405A81BF086FF009B1A02019B42EA8F
S21401EBB0091244EA0344059B42EA000907EB0B00ED
S21401EBC01844FFF78BFC00F50C57283740F6FF7109
S21401EBD01A4B3846C3F8C010A3F58053C3F8C0904B
S21401EBE0A3F58053C3F8C440154C276001F0B0FC70
S21401EBF04FF47A72134B4042986523680A49B3FB77
S21401EC00F2F3A8F8043096F82B30B7FBF2F08AF846
S21401EC1000500B7017E7002734E700BF004001B82B
S21401EC20086C00202E6500204D6F002078550020CE
S21401EC302C55002069C2F568911E856B006001B8ED
S21401EC4060550020001F00B04E6F0020D06E0020DF
S21401EC50014B1870704700BF4F6F002010B5044677
S21401EC6003F012F878B1174B1B786BB964B1164BE9
S21401EC701B784BB1154B1B78013B012B04D84FF485
S21401EC800042134BDA6710BD124BDB6F1B04FAD43C
S21401EC9020F047FC4FF400420F4B0446DA67A3F519
S21401ECA0A0435B682BB1FEF741FF10B102201BF0B9
S21401ECB03CFF0222094B2046BDE81040C3F88424DD
S21401ECC020F02ABC2F650020306500206455002006
S21401ECD0002002B8000002B8001002B800D00350AD
S21401ECE00122024B00201A70FFF7B8BF2F650020E3
S21401ECF00022024B01201A70FFF7B0BF2F650020DB
S21401ED00F7B50646504C00F037FD504B2578504F6E
S21401ED101E7085BB2846FFF7A1FF2378013B012B18
S21401ED2019D8E37B01A88DF80430237C8DF80530D3
S21401ED30E9F7FAF9C7F884544FF6FF72454BC3F862
S21401ED408420F822A3F58053C3F884200022404B88
S21401ED50C3F884240DE04FF6FF723E4BC7F8845487
S21401ED60C3F88420F822A3F58053C3F88420C7F89B
S21401ED708454394B5BE00020FFF770FF2378013B9A
S21401ED80012B08D8E37B01A88DF80430237C8DF88D
S21401ED900530E9F7C9F90023C7F88434002ECBD033
S21401EDA062685AB32D4B1B6803EB5203B3FBF2F3B5
S21401EDB0013B1B0243F0F80326782649022E284A17
S21401EDC01ED0032E4FF6FF75214826D0012E34D1D2
S21401EDD043F00203C1F88450C2F884300723C0F818
S21401EDE08434E37B01A88DF80430237C8DF805304C
S21401EDF0E9F76EF90120FFF731FF17E0F823DBE7AB
S21401EE004FF6FF7043F00103C1F88400C2F8843066
S21401EE1006220F4BC3F88424E3E743F00503C1F849
S21401EE208450C2F884300423C0F884340D4B4FF06C
S21401EE3080420020DA6703B0F0BDC1F88450C2F802
S21401EE4084300023F0E700BF6455002030650020C1
S21401EE5000C00350006000B8002002B878550020BA
S21401EE60005000B8001002B8F0B5294F06463D46DE
S21401EE7004460FCE0FC5336885B02B6000F07CFCCE
S21401EE800022244BC3F88424A17A627A42EA014222
S21401EE90C3F89024217CE27B42EA0142C3F88C2429
S21401EEA0217B627B41EA0240C3F888043B78032B4E
S21401EEB02AD8DFE803F022020C178DF8041004218B
S21401EEC08DF805200DEB01000022E9F7CDF8E37B74
S21401EED000228DF80830237C042102A88DF8093021
S21401EEE0E9F7C2F8637A01228DF80C30A37A04217F
S21401EEF003A88DF80D30E9F7B7F8074B187805B079
S21401EF00BDE8F040FFF7FCBE212005B0F0BD00BF14
S21401EF106455002000C0035030650020034BDB6FB2
S21401EF20002BBCBF024BC3F888007047000002B834
S21401EF30004000B82DE9F0471BF05BFE4FF47A76EF
S21401EF402D4BB0FBF6F618604FF4FA737343074681
S21401EF502A48190E1B021818294A4FF0000341F1DE
S21401EF600001FBF781FE274BA0F5807205461A6368
S21401EF7020B948222B21FDF753F801254FF47A7268
S21401EF804FF0000A6A43534650083102FBF76CFE05
S21401EF901C4B1D4AB7F57A7F9A601C4B4FEA0568F1
S21401EFA019601B4B8946044618604FEA152505D2A1
S21401EFB09B222B215046FDF733F801264FF47A7336
S21401EFC0A8FB030103FB05117308C01841F10001FA
S21401EFD000233246FBF748FE0E4B023419600E4BF7
S21401EFE049F10009A408186044EA8974054B013CFC
S21401EFF09C63BDE8F08700BF7855002020A107007C
S21401F00040420F0000C001B80211010088550020DF
S21401F01084550020805500207C5500201022044B8A
S21401F020C3F884215A600122024BDA60704700BFA0
S21401F03000E100E000C001B81022064BC3F88421AD
S21401F040C3F88420BFF34F8FBFF36F8F0422024BA8
S21401F050DA60704700E100E000C001B810B5044670
S21401F060A242A2EB0000A3EB010104D2034B01393B
S21401F0709B6B0133184401F0030110BD00C001B8B9
S21401F08038B501250A4B02019D504FF480730446A2
S21401F090084A8340536620F044FA074AA54013788D
S21401F0A023EA05031370BDE8384020F035BA00BFE7
S21401F0B000E101B800E001B8396500202DE9F84FFC
S21401F0C0164605468A461F4620F02BFA022E00F009
S21401F0D09080804620F032FA594B5A4AD3F8209055
S21401F0E0147D5A6EE4B2520744BFD3F8209001341F
S21401F0F004F0030420F01DFA4846214600F036FAD3
S21401F1008446DAF80000012E04BF01306044ACEBFF
S21401F110000C08BFCAF80000BCF1804F7DD300F098
S21401F12037FA8145A1EB040188BF454BDFF834C1AE
S21401F13088BF01F1FF3101F0030188BF9B6BA0EB93
S21401F140090E0CF80510A1B1F90742BF41F61F726E
S21401F1503D4B5A67BA0742BF3B4B3C4A5A677B074F
S21401F16042BF0022364B9A673C0742BF0022344B0F
S21401F1709A6511244FF0010A314B05F11002120174
S21401F18003EB051BCBF80C0131499C501A6A0AFAAD
S21401F19005F4586E0B78A2EB0902E4B223437245DC
S21401F1A00B7025D34FF48073AB40034220D11CF87B
S21401F1B00520002A40D10EB3264AF807536607D524
S21401F1C041F61F7140F201101F4B5967506759678E
S21401F1D0B90706D51C4B1D4A1E491F485A67486782
S21401F1E05A677A0742BF01221C4B1A613B071AD4A1
S21401F1F0404620F091F90120BDE8F88F184A2D010C
S21401F20042F805A042F89C3C20F08BF910490B7897
S21401F21023EA04030B7020F07FF9404620F07CF9C6
S21401F2200020BDE8F88F2120FFF778FE4FF48032EA
S21401F230034B4046DA60DCE7064A40465366D8E7A9
S21401F24000C001B8E855002000E001B800001F1F0B
S21401F2503965002000D001B800000101000002B8A5
S21401F26000E101B831650020024B1878003818BF5C
S21401F2700120704739650020034B103000011858F3
S21401F28000F00100704700BF00C001B870B5064627
S21401F290FEF74CFC044608B1FFF7CEFE0023084DEE
S21401F2A03046AB61EB612B6200F072F9054BC9B2D7
S21401F2B0197528620CB1FFF7B1FE002070BD00BFC2
S21401F2C000C001B8E85500202DE9F0419DF81880EE
S21401F2D00D46B8F1000F08BF0022214EB5F5803F5C
S21401F2E0B168074621F4700141F4A001B1609DF8B0
S21401F2F020409DF81C104FEA042444EA016444EAC5
S21401F300031444EA084444EA02044FF0180140F2A8
S21401F310E9222CBF002001207465FCF781FE3564CC
S21401F320B8F1000F1AD00F4BBC68D3F888305A2CAE
S21401F33038BF5A245B0606D500F0F0FB18B10A4B1D
S21401F340B3FBF0F31C44204600F022F9013085425D
S21401F35038BF0022024B34BF5A645864BDE8F081BE
S21401F36000C001B800C000B800093D00214B10B52F
S21401F3701A6E1A66596C59B11F49C96800292EDBE5
S21401F380596D4FF0FF3301F00F018B409A4326D1A0
S21401F39010242020FFF7C2FD184B9C6002F088FB6A
S21401F3A02022174BC3F8842101F0F4FC48B1002257
S21401F3B000200821FEF71CF8124B5C66A3F580536B
S21401F3C01C670D4AD36803F07063B3F1807FF9D9E7
S21401F3D0084B0D4A5A6741F201429A6710BD01F087
S21401F3E0D9FC0028F4D0094B064A5366A2F5805290
S21401F3F01367EDE700C001B8000002B8001002B8BC
S21401F40000E100E000E001B8011B01181000002037
S21401F41008B52120FFF782FD4FF48032014BDA60F8
S21401F42008BD00BF00C001B8F8B5184D04462B6AE8
S21401F4301B0426D500F0E6FB2B6AA0FB044613F05E
S21401F440787F4FEA9367C3F34450C3F3044505D16D
S21401F45040F25A422B21FCF7E3FD0120AD01B5FB3A
S21401F460F0F010EB871005D140F25F422B21FCF73C
S21401F470D7FD01200246002320463146FBF7F4FB68
S21401F480F8BD00F04BFBA0FB0401F9E700C000B893
S21401F4900246012030B50B4CA0F12003C0F1200537
S21401F4A024FA05F504FA03F32B4304FA00F5954212
S21401F4B08B4100D330BD0F2801D00130ECE7FF208F
S21401F4C0F8E700BF40420F0010B50C46FFF7ACFF4F
S21401F4D0C30943EA4163C01A61EBD111FFF7D8FFB4
S21401F4E0FF2814D00F220C4B40F01000C3F88820E0
S21401F4F0A3F58053C3F88800A3F580531B6ADBB2DB
S21401F500802B06D02046BDE8104000F067BB2120C6
S21401F51010BD0220FCE700BF00E000B838B520F0BF
S21401F5200DF8084B084A1D6A147D5A6EE4B252075C
S21401F53044BF1D6A01341FF0FCFF284604F0030196
S21401F54038BD00BF00C001B8E85500200346064A92
S21401F550103302EB00111B01D1F80C01D158C1F395
S21401F56040011BF0EDBA00BF00C001B8064B1B6896
S21401F570434303EB8171054B1B68A3FB003013F17A
S21401F580004341EB00007047805500207C55002069
S21401F5900C4A20F04043014610B5002014684FF095
S21401F5A00042E4FB0320084A890F126802FB0300AD
S21401F5B0064B9B6B984204D901330131C01A01F006
S21401F5C0030110BD845500208855002000C001B8F5
S21401F5D0044B01F0F071103041F0030100011950A5
S21401F5E0704700BF00C001B808B52220FFF796FC9F
S21401F5F04FF48022014BDA6008BD00BF00C001B89D
S21401F60008B5064B4FF030401A6805499200FCF7E2
S21401F61027F8BDE8084001F0E3B800BFB8BF040012
S21401F620BCBF040070B50C68651C15D0C4F3026637
S21401F6309E42C4F3074530D1A4B294422DD804EBC0
S21401F6408506B24229D2141BA50824F003040E59DC
S21401F650340F04D0012C08D00022212402E06B1CB8
S21401F66051F82320C0E9002470BD0E4C34F8133045
S21401F67042EA03431A686B1C51F8234001EB8301ED
S21401F6804B6822405E4036F0704404D11B0F032BBA
S21401F69004BF8B681A430024E4E7013501EB8501BA
S21401F6A0C1E700BF90BF040007B501A8EBF71CFB3C
S21401F6B04822164B5A65164AD2F8D43023F4FC3346
S21401F6C0C2F8D430134B1B689DF80530023B012B62
S21401F6D019D84022104BC3F8FC23104BD3F85C32E8
S21401F6E0DBB2FF2B00D10623094A1B03D2F8FC1319
S21401F6F09BB20B43C2F8FC33D2F83021084B1A6098
S21401F70003B05DF804FB00F0E7FEECE7008001B80B
S21401F710000002B8002000B0001002B80080E00F20
S21401F7201C55002000224FF400710F4B10B51A67CC
S21401F7305A679A670D4AD162012102F5E832516192
S21401F740DA6812F0706FFBD14FF0304201245A662E
S21401F75002F5FC5208329C66DA64054B1B68984732
S21401F760044B5C6110BD00BF000002B8004000B849
S21401F7700C6C0020002002B801230F4A0F49C2F882
S21401F78080328A6A22F002028A620D4A53600D4A6A
S21401F79053600D4A5360A2F580425360A2F5404281
S21401F7A0536002F5C032536002F580425360A2F501
S21401F7B000425360704700BF0080005000C00050F8
S21401F7C000D000B800500054005001B808B5FFF74B
S21401F7D0D3FF0E4B0E4ADA6700F076FEFFF764FFA2
S21401F7E003220C4BC3F8E020012203F54043DA67FD
S21401F7F04FF460725A614FF40072DA67FEF778FBD5
S21401F800BDE808400021FEF74FBB00BF000002B86C
S21401F8100048F000005001B82DE9F04F054687B0CA
S21401F82002900F4657F8044B631C06D1029B2C60CE
S21401F830E81A801007B0BDE8F08F5FEA147B18BFA6
S21401F8400123344AC4F3016108BFC4F3074332F805
S21401F8501120A4B24FEAC30A2F4844EA02440AF12F
S21401F86004022A4482421BD20722CA4002F0010245
S21401F87001929A0004EB830303930123B94603FA2A
S21401F8800BF808F0940305F1080604920593039B10
S21401F89009F10409A34208D1049955443944C0E743
S21401F8A01D4A9542E0D80020C4E7059B53B918F0DD
S21401F8B0420F19D118F0280F0BD146F8084C59F809
S21401F8C0042C21E04FF4206232210020FCF7A8FB33
S21401F8D0F3E740F6042232210198FCF7A1FB04F578
S21401F8E0805246F8082CEAE740F60D2232210198AC
S21401F8F0FCF796FB04F50052BBF1010F46F8082C05
S21401F900DDD159F8042CD24346F8042C04340836C9
S21401F910BDE700BF90BF0400003000B0F8B5054653
S21401F920F0B10026154B34461F46154953F8042BF3
S21401F930BAB9A00000F13040294600F50150FFF7A2
S21401F9406BFF30B940F6AE323621BDE8F840FCF721
S21401F95067BB0C4B0134044447F8265023F8164085
S21401F960F8BDAA42FCD001360C2E02D031F8164062
S21401F970DCE740F6C83236210020E6E78C55002049
S21401F980D25D0020D45D002070B50446A8B1C1B197
S21401F990384A52F8043B984215D1002336498A6802
S21401F9A09206FCD49B00354A03F1304303F501531C
S21401F9B0C2F8B0302022324B9A6070BD01330C2B56
S21401F9C002D1304D12E0012352F8041BA142F5D1B9
S21401F9D02D4A32F81330E1E704D16268C3E9001218
S21401F9E0083403E0012A01D1043419602268531C4B
S21401F9F0E3D0C2F3016335F81300110C93B211F092
S21401FA00FE0F43EA004360680DD00434CAB2022AEE
S21401FA102168E1D9D4E90160033AC3E90016986088
S21401FA200C340C33F3E7120F072AD9D8DFE802F0BB
S21401FA300704090D1013181DC04303F50053186081
S21401FA40CEE71A6842401A60CAE703F58053F6E724
S21401FA501BF06BF8C4E7012203F580538240F2E7FE
S21401FA60012203F500538240EDE71A6830EA0202EC
S21401FA70FBD1B5E78C550020000002B8001E00B08F
S21401FA80001002B890BF0400D25D00200122014B95
S21401FA90DA677047001002B80122014BDA67704737
S21401FAA0002002B84022014BDA677047002002B8F6
S21401FAB04022014BDA677047001002B80B4B1B68F7
S21401FAC0D3F8E43023B11A68022A01D9186A7047BC
S21401FAD0074B9A6D90B238B1064BC2F307421B68CA
S21401FAE0DB085343B3FBF0F0704700BF0456002019
S21401FAF0004001B878550020064BDB68C3F303636A
S21401FB00984206D1044AD36B23F0F00343EA01116D
S21401FB10D1637047000002B8001F00B0054B1B6898
S21401FB20D3F8E43013B11A680A2A01D8FFF7C6BF22
S21401FB30186C7047045600202DE9F74306461AF064
S21401FB40EDFF00248046DFF890901FF0EAFC0DF1EF
S21401FB50070105460DF10600FEF75AF89DF8063036
S21401FB608BB9721C29D01AF0D9FFA0EB08042846DD
S21401FB701FF0D2FC9DF8063013B99DF807303BB351
S21401FB80A642E2D824E0D9F80C3013F4603FE8D05E
S21401FB90D9F810001BF02FF8731C074603D01AF093
S21401FBA0BDFFA0EB080428461FF0B6FC17F5007F42
S21401FBB0E0D0384603B0BDE8F08328461FF0ACFC21
S21401FBC09DF80630002BC0D19DF80730002BBCD124
S21401FBD0004FEEE700FEFFFF00C000B810F1800FF7
S21401FBE004D04D28CEBF7F20323040B2FF22044BD6
S21401FBF0C0B21A62A3F5805318620020704700BF96
S21401FC0000E000B80B4A10B5136E0B4C116E03F0F2
S21401FC100703E35CC1F3CD0101FB0333126E074812
S21401FC20C2F3454202FB033300688001B0FBF3F0E8
S21401FC3010BD00BF004001B888BF04007855002001
S21401FC40084910B5D1F89C3040B11C46CA68D1F8B5
S21401FC509C309C42F9D1C2F30362027003F00F009C
S21401FC6010BD00BF000002B8094B01F080011B6FF8
S21401FC7003F480030B4309D14FF40012054B1A62BB
S21401FC80837F1BB10122044BC3F80021704700BFDC
S21401FC90000002B8006001B8005001B82DE9F04F2D
S21401FCA0404F804685B038680C461AF03EFC20B9B5
S21401FCB00024204605B0BDE8F08F224600214046CC
S21401FCC0FBF73EFB384B5D6915F00105F0D1FCF7FB
S21401FCD001F806460028EBD03F6838461AF05DFB6F
S21401FCE04FF6FF73984234D04FF060512F4E304B91
S21401FCF0304AD3F82090D6F88C3011624FF000616C
S21401FD00A2F58052116224220421C6F88C202A4AC8
S21401FD104FF4804B91604FF480520027DFF8A4A087
S21401FD20CAF868B0F262A7421ED30421234A916042
S21401FD30A2F5F032C2F88C304FF060521D4B1A62B9
S21401FD4009EA02031E4A13624FF480421D4B9A666B
S21401FD50AFE7314638461AF0C4FA01463846FCF792
S21401FD60FDF80028C0D0A3E7B26E5104FCD5B268F6
S21401FD70D205F9D5CAF868B0D6F890200135012D1C
S21401FD800392D0D9E21B042AA8BF042208EB07007D
S21401FD9003A901930092FBF763FC009A019B3A4486
S21401FDA097B2C0E704560020000002B8004000B831
S21401FDB0004001B8006001B8001002B8002002B887
S21401FDC0005001B8006000B84FF604014FF6050276
S21401FDD0044B01201B6C9BB28B4208BF1346024AA0
S21401FDE0136670470080E00F00C001B82DE9F74F99
S21401FDF081460F464FF0FF35FFF790FB0026019036
S21401FE008A462C463046DFF8D8B006F110031B01AF
S21401FE105BF8033003F00308B8F1010F15D1304643
S21401FE20FFF794FB02460B4601985146FFF716F979
S21401FE30DBF8643006F10802D340DB0739D5002F22
S21401FE4040D000252C463E6040460136082EDCD1C7
S21401FE5060B3234A0027D2F808C0916B0CF44033F4
S21401FE600131A4FB0141641941F10001B3F5003FE2
S21401FE7030D1536B0CF4405C013347F10006BCF5FE
S21401FE80805F22D1156B15F5807505FB06F647F1E7
S21401FE90000203FB0266A5FB03323244594304FB0E
S21401FEA00212A3FB04341444C9E9003403B0BDE8CC
S21401FEB0F08FA84271EB0403C6D207B13E60054637
S21401FEC00C46C1E73D463C46BEE7320242EA1362B3
S21401FED01B02E3E7136B13F5807347F10002DDE7BE
S21401FEE000C001B808B51AF09AFE044B5A7C0123EB
S21401FEF002329340024A536108BD00BFE855002014
S21401FF00002000582DE9F34105460F466846114684
S21401FF10FFF76CFF0646B0B1AFB1DDE900321B0A50
S21401FF2043EA0263A5FB0384094B120A05FB02445C
S21401FF301A6812B91AF05DFE0246002340462146B1
S21401FF40FAF792FE3860304602B0BDE8F08100BF95
S21401FF507855002037B50446FFF70EFCE178227984
S21401FF601B4841EA0243C0F8CC34E579A37943EA59
S21401FF700543C0F8D03423784BB18DF80410042122
S21401FF808DF805200DEB01000022E8F76DF8637887
S21401FF905BB10421A37900228DF80430E3790DEBDF
S21401FFA001008DF80530E8F75FF8227801235AB191
S21401FFB0084AC2F8C834627802233AB1054A0020DA
S21401FFC0C2F8C83403B030BD034AF2E7024AF6E786
S21401FFD000C0035000D0035000E0035070B52C4B16
S21401FFE00C461A7812B92B4A926D1A702A4AD26FA9
S21401FFF052054AD51D78294B05F00F06B0FBF3F0E4
S21402000040434FEA151505D140F27C622B21FCF7DE
S21402001007F80120224A0A217243B2FBF0F3484352
S214020020B3FBF1F602EB5002B2FBF0F201FB163321
S214020030042BD2B207D8C3EB8310C3EB80035BB2A8
S21402004083B96DB217E0C3F10B0303EB8303DBB294
S214020050B3FBF1F32B44DDB20F2DF2D9013AD2B243
S214020060053DEEE7053B5BB293FBF1F31D44EBB2B5
S2140200706DB2002D04DB002042EA0512226070BD3C
S21402008001320533D2B25DB2F5E70220F7E700BFD0
S2140200903A650020008001B8000002B8403B250007
S2140200A0809698004FF0000C2DE9F84FA2FB017BDA
S2140200B0C84EDFF85CE3BE1999466BF10003B645FD
S2140200C07CEB030308D240F23E220E216046FBF789
S2140200D0A7FF0220BDE8F88FD0F8E4A00C4615462C
S2140200E0BAF1000F04D0DAF80030032B00F21B81BD
S2140200F0B94BBA4A9B6BD2F8FCA0C3F31408B84BB0
S214020100D3F8EC305E00B64B48BF48F400181B6EBE
S21402011048EA456858074EBF4FF440039B0503F074
S214020120E07348EA03081DF0D5FA012D0646D0D141
S2140201300028CED0AB4B984200F0048103F5122380
S21402014003F5F863984200F00381A74B984200F04B
S2140201502F81002502462B4600204FF00071FAF749
S21402016083FD2B46013007FB03F3C8F3130100FBA4
S2140201700B33A1FB0662A7FB007001FB05220344BA
S21402018020339B09C9F80030F60C984B46EA4236F3
S21402019018F4801F1C6008BF7642954B954DC9F82F
S2140201A0144034441E602C60BAF1000F00F0B9808F
S2140201B000239149C8F381528A5C194618F0807F61
S2140201C018BF6408002EB8BF764292066008C2FBCB
S2140201D006012246FAF748FDDAF800300E2B08D957
S2140201E07F4B7D4A926BD969D3F80C31C90600F170
S2140201F0D68018F4001814BFC42240F207127F49B2
S214020200C0F31300A1FB04614FEA511102FB01F196
S214020210C9F80400DAF818004FF4FA73B1FBF0F1EB
S21402022018BF4FF0000801FB03F3A4FB0262FA3387
S214020230A3FB003004FB0822B342904138BF0131D1
S214020240C9B241F4006CC9F808C000297ED0DAF8B9
S2140202501C00A1FB003624B1B4FA84F20E2A40F345
S2140202608880E203002E77D1B2FBF3F2530003FB41
S2140202700113A3FB00764FEA044EBE454FEA144430
S21402028074EB060609D34E003344A0FB0371BE4549
S21402029074EB010102F10102F6D2C2F30E024CEA3D
S2140202A0023C4CF00063C9F808301DF013FA2B68C4
S2140202B0002B00F08880B3FA83F4D4F102044CBF1A
S2140202C01C4623FA04F44E4B9C4288BF640800285E
S2140202D046D0B4FBF0F3642100FB134201FB02F2AA
S2140202E0904244D85A1E52085B08013B120242EA68
S2140202F00313C9F80C301DF0B9F900285CD0B4FB22
S214020300F0F2642100FB124401FB04F4A0425ED822
S214020310531E5B085208013A1B0243EA0213C9F84D
S21402032010300020D6E6042BDAF828807FF4FBAEE5
S21402033018F0807F0CBF08F0E0734FF4400328F0FB
S214020340E078EEE600232F481D460CE72120C1E6A2
S21402035000232D481D4606E70B46002289E7044681
S21402036040F2C2422B210020FBF75AFE2346013BF5
S214020370B8E7C2F10F0702F1110E06FA0EFEFB40B5
S21402038043EA0E03A7F1200E26FA0EFE43EA0E03F8
S214020390FE40013304FA02F246F1000662E702F476
S2140203A0801203F400131A4308BFC0F5801020E73A
S2140203B0002316481D46D6E640F2E5422B21FBF7FF
S2140203C02FFE621EA4E70028C9D01C46CFE71446BB
S2140203D0F7E700BF006CCA88008001B8001F00B0B3
S2140203E0004001B800F04902005A6202C4550020DB
S2140203F0C0550020BC550020A0BF0400D34D62109B
S2140204003FBE40250A3BB2DF313641DCD694BFD62A
S214020410807C814A10B50B46044686B039B982798B
S214020420016821486B460068FFF73CFE6B461F4A90
S214020430196851631E4AD2F8FC2062B35A6842B168
S2140204401C4A1D49C2F80C115968A2F58052C2F81E
S2140204500C119A6842B1174A1849C2F8EC1099680A
S214020460A2F58052C2F8EC101549D868D1F864217A
S21402047022F4EE620243C1F86421D1F85C211869C5
S21402048022F4EE620243C1F85C21A1F5FF415869ED
S2140204902839FFF7A3FD0020A2880A4B9A6203F5CB
S2140204A0A033186406B010BD04560020008001B8C0
S2140204B0001F00B0006001B8FFFF0F00FFF8FF0F3B
S2140204C0000002B8004000B84FF48062014BDA67C1
S2140204D0704700BF001002B84FF48062034BDA6721
S2140204E0034B1B780BB1034A93657047002002B892
S2140204F03A650020008001B840B10368012B05D997
S2140205000069034B002808BF18467047004870472A
S214020510A8BF040010B590B10468012C0FD9026977
S2140205206AB11168094B102C1960516859609168BC
S21402053088BFD268996094BFD960DA6010BD102275
S21402054000210248FAF7FCFEF8E700BFCC5500206F
S214020550084BC1171A68A2FB000302FB013310F115
S214020560807043F10003400E40EAC310803820EA50
S214020570E0707047DC5500200722164B70B5DA662D
S214020580154B164A1D68164BEC08E005C0184FEAD4
S214020590153141F100010023FAF766FB114B124EAA
S2140205A018604EF66020FFF7D3FF4042C6F884007C
S2140205B00E48FEF7EDFF024658B1E3015008181840
S2140205C04FEA15714FF0000341F10001FAF74CFBB8
S2140205D0F06570BD000002B87855002065CD1D009C
S2140205E0B2E60E00DC550020001F00B040420F00AD
S2140205F010B5044698B10B4BD3F8FC00FFF78AFF00
S2140206004FF47A7303FB04F0074BA0F6AC50DA689B
S2140206109B681044C01ABDE81040FFF799BF4EF61B
S2140206206020F8E7001F00B0CC5500202DE9F84303
S2140206300546084614461E46FFF76CFF0DB306F045
S214020640020716F004061ED1DFB14FF47A706B680B
S2140206505843002B40F08C80FFF77AFF60626B698C
S214020660002B00F08C804B4AD0684FF47A7202FB63
S2140206700300A0F503501038FFF76AFF2062002E31
S21402068057D1BDE8F8832869002868D04FF47A73FA
S2140206905843404BA0F6AC509B68C01AFFF758FF71
S2140206A0E061A88B00285DD04FF47A735843394B2B
S2140206B0A0F6AC509B68C01AFFF74AFF2061364B83
S2140206C0E968D3F8008000294FD04FF47A73594373
S2140206D0304BA1F6AC519A685B68891AC91A2F4B3F
S2140206E0C8171A68DFF8BC90A2FB011302FB00339E
S2140206F011F1807143F10003490E41EAC3118039BA
S214020700274B6161DB6EA361D9F8003053B14046D6
S2140207101AF005F930B12246D9F800301D49D8F84A
S214020720D80098470021A869FFF762FFA062002F51
S2140207308BD1A86830BB47F23050FFF709FFA060A4
S2140207404FF47A702B6858432BB1124B1B6803F593
S2140207501C5310331844FFF7FBFEE06091E74EF699
S21402076060209BE74EF66020A6E74EF66021B6E7CD
S214020770084B1B6803F51C53103318446CE747F20A
S214020780305079E74FF47A735843A0F50350103887
S214020790D3E700BFCC55002004560020DC550020CD
S2140207A0001F00B0C855002038B5054608461C464E
S2140207B01AF0D7F90246D5F8E400FFF79DFE436823
S2140207C0A018002B044AA8BF4FF4FA721A44034B2F
S2140207D092FBF3F2104438BD0CFEFFFF18FCFFFF3D
S2140207E070B5124C88B001AD0FCC0FC594E8070067
S2140207F085E807008C2200210D48FAF7A1FDD422D5
S21402080000210C48FAF79CFD0B4B0C4A5A6301F088
S2140208104DFA0B4B1B783BB1044E01AD0FCD0FC604
S21402082095E8070084E8070008B070BDC41F00B052
S214020830A01E00B02C1F00B0001F00B01011111136
S2140208402D65002008B51EF06CFE0E4B1A78A2B974
S2140208500D4A126812F4843F0FD10C4A1021D16758
S2140208601B7863B9084B1B68DB0508D4074B2022AC
S214020870DA67BDE808401EF04FBE054AEEE7044BB5
S214020880F5E700BF40650020B8160020002002B839
S214020890001002B80A4B197801F0FF0229B10021B4
S2140208A0197008499202C1F8B420597801F0FF0283
S2140208B029B1002159709302024AC2F8B830704733
S2140208C03B650020005000B8064BD3F8D80E064B06
S2140208D05B6F1A0103D4054B9B6E1B0401D500F512
S2140208E080707047001000B0000002B8004000B8E8
S2140208F010B51EF016FE0E2104460320FFF7FCF884
S21402090040F20122034B2046BDE81040DA621EF098
S21402091003BE00BF004000B808B51EF002FE4FF04E
S2140209200042224BC3F88020BFF34F8FBFF36F8F76
S2140209300122C3F88420BFF34F8FBFF36F8F0222CA
S214020940C3F88420BFF34F8FBFF36F8F0422C3F820
S2140209508420BFF34F8FBFF36F8F0822C3F8842023
S214020960BFF34F8FBFF36F8F1022C3F88420BFF3FD
S2140209704F8FBFF36F8F2022C3F88420BFF34F8FB1
S214020980BFF36F8F4022C3F88420BFF34F8FBFF3AD
S2140209906F8F4FF48072C3F88420BFF34F8FBFF37C
S2140209A06F8FBDE808401EF0B7BD00BF00E100E053
S2140209B008B51EF0B6FD4FF00042094B1A60012240
S2140209C05A6004225A6008225A6010225A60202274
S2140209D05A6040225A60BDE808401EF09DBD00BF26
S2140209E000E100E0012370B5074C2370074B1E6838
S2140209F0074B3240D3E9005319402840FCF7F8FC75
S214020A000023237070BD00BF3E650020E455002021
S214020A10B81600200022044B1A70044B197811B144
S214020A201A70FFF70FBF70473F6500204065002031
S214020A302DE9F047DDF820A003EA0108099B0646E7
S214020A400C4602EA000703EA0A09BAF1000F40F070
S214020A504E81031F0B4300F00E81052871F100033F
S214020A6080F0E48050EA010300F06081431E0B43ED
S214020A7000F02481FFF750FFAD4AD2E9005323EA83
S214020A80040325EA06053D4343EA0807A94BC2E9E3
S214020A9000571E68DFF8F48226EA0A0646EA0906C6
S214020AA01E60FFF7CFFE15F02A4F14BF48F202036E
S214020AB04FF40043A04AB007D26EA04848BF43F4A2
S214020AC0005383EA020122EA0302C2669C4A0B40F2
S214020AD08166D366C5F380421203290348BF42F4F7
S214020AE08072EB0648BF42F40052964BAC0648BFF3
S214020AF042F400726806D3F80C3248BF42F48062B1
S214020B00290648BF42F400628F4882EA030123EABC
S214020B100203C0F80C328D4B0A40C7F34024A404EB
S214020B20C0F80812C3F80C22EA0448BF44F4803422
S214020B30AB0348BF44F48014A80748BF44F48004BB
S214020B4015F4001F06D0D8F800001AF03EF908B9CE
S214020B5044F40024E90248BF44F40034FA0648BFCD
S214020B6044F4000473077A4B48BF44F004041A6A3C
S214020B7044F4001484EA020323F0010375491A4080
S214020B800A621C40CB61744B16F0010F1C62734B59
S214020B90734A18BF1A46734B7C071B6F48BF42F056
S214020BA00062714882EA030123EA020303676F4B7D
S214020BB00A4041661A676E4A05F00103516CA0F5B9
S214020BC0803081EA030221EA0301416482631A400B
S214020BD0684B28025A64D8F8002048BF664B92F841
S214020BE0F62058BF654B690748BF43F4806322B1BD
S214020BF015F4C06F18BF43F480733207604A48BFCB
S214020C0043F00043D2F8EC105E4883EA010222F475
S214020C10A0221140C0F8EC101340C0F8E0205A4A57
S214020C20BDE8F047C2F8EC30FFF7C2BEA0F580631D
S214020C300B4306D020F48063A3F500730B437FF4C6
S214020C4019AF1EF06EFC3A49D1E9003223EA0603D8
S214020C5022EA040242EA08023B43C1E900324B4A56
S214020C60126892F8F610474A09B313F4C06F1ED002
S214020C704FF4807311E01EF054FC2D4AD2E9003185
S214020C8023F004033B4341EA080157EA0807C2E996
S214020C9000314FF480633B4A0BD0C2F8E030A2F535
S214020CA08052C2F8EC30BDE8F0471EF035BC4FF477
S214020CB08073C2F8EC30C2F8E030F4E71EF031FC84
S214020CC01B4AD2E9003123F001033B4341EA080103
S214020CD0C2E9003101232E4A57EA08071BBF936375
S214020CE0A2F580525364536408BF9363DBE750EA6D
S214020CF001037FF4BFAEBAF1010F7FF4BBAE1EF064
S214020D0010FC0C4A136823F0010343EA090313603C
S214020D104FF48063144AB9F1000F04D05366A2F56B
S214020D2080521367BFE713675366BCE7BDE8F087D8
S214020D30B8160020E4550020004000B8006000B855
S214020D40005000B8004001B8006001B8005001B879
S214020D50000002B8002002B8001002B8041C00030B
S214020D600418000300C001B800E001B800D001B8C2
S214020D7000C000B800D000B80D0A0A09090A0A091C
S214020D8000400054006000540050005404560020F6
S214020D9000E000B8024B5868C0F3C000704700BFBE
S214020DA0B8160020024B186800F00100704700BF1A
S214020DB0B8160020024B5868C0F3C030704700BF18
S214020DC0B816002010B50446FEF700FDFFF7A4FD96
S214020DD02046FDF7BDF8FEF7A5FCFEF7ABF8FEF7DA
S214020DE01DF9FFF7C9FB13490723134AD1F8FC1074
S214020DF004F1F800FFF71AFC4FF080710020FEF7AE
S214020E00E7FB4FF000720D4B4FF400110120C3F8C0
S214020E100021FEF7DDFBFEF7D7FF20B940F2923243
S214020E201421FBF7FDF819F003FFBDE8104001207E
S214020E30FDF766BF001F00B0581F00B000D001B813
S214020E408023074A1367082340B11367054AD2F87E
S214020E50A03023F02003C2F8A0307047024AF4E71D
S214020E60001002B8001E00B0002002B810B51EF036
S214020E7058FB012104460020FFF7E2FF044B1961EC
S214020E80044B5B6898472046BDE810401EF044BB02
S214020E90000002B8F86B0020F8B5194C0546207819
S214020EA040F2E442B0FA80F03E214009FBF7B8F87F
S214020EB055B9607840F2E442BDE8F840B0FA80F0F6
S214020EC03E214009FBF7ACB84FF440660D4F0E4D7D
S214020ED0D7F8B43040F2E442C3F381232370C5F856
S214020EE0B46060783E21B0FA80F04009FBF798F8CB
S214020EF0D7F8B830C3F381236370C5F8B860F8BD7D
S214020F003B650020004000B8006000B8F8B5084C09
S214020F10084D236F0423084F2B67236F5B0300D40F
S214020F20F8BD042602203E6719F0FFFD2E67F4E79F
S214020F30000002B8001002B8002002B8A82238B595
S214020F401A4B1D6F03F500531A6710229A60A3F519
S214020F50804302F100521A675A66FFF79BFC144B55
S214020F601B7813B90320FEF78BF80024114B9C67FD
S214020F70FFF7CCFF104A114BD2F8D81E0B40C2F82E
S214020F80D83E04220E4B1A670E4BAA06C3F8AC4094
S214020F9008D503F58073DB6CB3F5817F22BF802210
S214020FA0024B1A61BDE83840FCF7C2BB000002B82B
S214020FB03D65002000C001B8001000B0DF0000FF51
S214020FC0002002B8001E00B010B549B930B3164A68
S214020FD0D3681B0E13F00E0F20D193689A061DD409
S214020FE0FFF786FC104C0020FEF72AFE032801D0ED
S214020FF0092805D1636FDB03F5D4E36D0C2BF2D918
S214021000FFF784FF4FF40072084BDA62012203F501
S214021010E8335A61042203F580531A674FF4C0621C
S214021020034BDA6210BD00BF000002B8004000B8F1
S214021030006001B808B503210920FEF75DFD2022F5
S214021040014B1A6108BD00BF000002B838B505465C
S2140210501EF067FA0E4B04461868FDF745F835B1E0
S214021060FFF7D8FC2046BDE838401EF055BA094BBB
S2140210701B78002BF6D0084B1D78002DF2D1FFF717
S214021080C9FC2A464FF480400021FFF7ABFCE9E793
S214021090045600203F6500203E6500202DE9F84FEB
S2140210A05C4B06460D4614461B6F002A40F0AE8087
S2140210B013F0A00F14BF4FF001094FF00009FCF720
S2140210C037FBA0234FF0000ADFF868810320C8F838
S2140210D07030FDF7D5FF0420FDF7D2FF4E4FFFF725
S2140210E099FC4E4B4FF0040B7B67C7F878A0FFF7CE
S2140210F00DFF4B4B4FF48071D3F8A020494842F0C5
S2140211002002C3F8A020FF22C8F80820414A116135
S214021110D0F8D82E44491140C0F8D81EC8F870B08E
S214021120C3F8ACA07B6913F0060F04D0FEF75CFA96
S2140211305846FDF7A5FFB9F1000F08D04FF400623C
S2140211403A4B1A674FF40042A3F5E0339A6666B14B
S214021150374BDB6C180701D4FFF7CAFBFFF76AFFB1
S2140211600420FDF78DFFFFF795FB2A4B5A69D1073E
S21402117047D5DA6812F0706FFBD12E4B2E4A1A67EB
S2140211802E4AD36B23F0F003D36315B12046FFF744
S2140211905DFF2B4BD3F84C315A1C01D05B0002D5B5
S2140211A00122244B5A6164B3214BDA6E03F50053D5
S2140211B09A6603F5D0331B6A1E4A23F00103D361F5
S2140211C0204BD3F80C1203F50053C3F8081203F5AC
S2140211D00053D3F8841003F5005399671A4BD3F8DB
S2140211E0EC1003F50053C3F8E010184B596C03F5E6
S2140211F000539963164903F5803359664FF6084340
S21402120013670020BDE8F84FFCF736BD4FF0000923
S21402121055E700BF000002B800C001B80000010197
S214021220001E00B0001000B0DF0000FF001002B881
S214021230004000B8002002B810003000001F00B0C6
S2140212400080E00F004001B80040005400C000B823
S2140212505000002F9B4B2DE9F04F9F6EDB6E85B042
S2140212601F40994B9F66994BD3F8E050D3F8EC3069
S2140212701D40974BC3F8E050964BD3F80822D3F89C
S2140212800C3202EA0309944BC3F8089203F5204392
S214021290DA691B6A02EA0308904B08F47702DA61FD
S2140212A08F4BD3F80422D20605D4D3F80431C3F305
S2140212B00016DB0651D51EF034F98A4B5A695E6E6B
S2140212C01B6F12F0060F06EA0306874A26F0007323
S2140212D014BF4FF0010A4FF0000A23F400637407AC
S2140212E0536604D5814A137D0133DBB213751EF0B3
S2140212F013F9002F00F0E28017F4004300F0D380C9
S2140213001EF00FF90146FFF7DFFA0446784BD3F8D2
S21402131000B0DBF80020DBF800309A42FBD0DBF8A6
S21402132000209A42FBD0FFF7CFFAA04217D1084618
S2140213301EF0F2F86F4B1C606F4BD3F870B01BF4C4
S214021340E0520ED124F07F4424F0DF040CB9FFF7FC
S214021350F5FD4FF0807B002414E0B246C9E7044650
S214021360D7E70192FFF7EAFD5C4B019A1BF4805423
S2140213701A6740F09A801BF4806F0CBF4FF0805BB8
S2140213804FF0806BB80715D55B4A5448126F02F4CB
S21402139060410167002900F08B80110400F18B8008
S2140213A012F4005F0CBF4FF000524FF000620024B0
S2140213B04BEA020BC7F340377F00504A2A40002A06
S2140213C04AD015F4206F0AD040F6A3120621002058
S2140213D0FAF726FE0020FFF739FE25F48025EB05F6
S2140213E006D5FF213D4A4BF4C06B9160FFF780FAA9
S2140213F015F0090F0AD040F6B81208210020FAF7B5
S2140214000FFEFFF717FE0121304A116315F0106F29
S2140214100CD040F6C11209210020FAF701FEFFF7B0
S21402142009FE002211461046FCF736FE15F4202F60
S2140214300AD040F6C91207210020FAF7F1FD002073
S214021440FFF704FE25F48025E80301D5FCF768FFC4
S214021450002DB8BF47F0080769070DD51B4AD26AA8
S21402146012F4005F4FF4005217BF19492449CA62AA
S2140214704BF4000B08BFCA626A0548BF4BF0040B68
S21402148015F48023019300F0A480FCF701FF0138D5
S214021490062837D8DFE810F028012B0128012E0194
S2140214A03101340134019B4655E74FF0804B52E739
S2140214B04FF000727BE74FF0004278E7BB463C46AF
S2140214C07BE700BF004000B8006000B80040005450
S2140214D000600054004001B8006001B8002002B865
S2140214E000E100E000C001B800E001B8E8550020C5
S2140214F03CBF0400E0550020000002B8090B0B892F
S2140215000050005440F6FA1203210020FAF788FD34
S21402151001218548826ED0F8883002F00702063232
S21402152001FA02F2C3F30C0CA2EB0C0292B2072AE7
S21402153012D97E4A126F53020ED47D4B826B806D97
S2140215405B6D5BB102F0070206329140C0F30C00FD
S214021550091A89B2072901D84BF4007B754A12781A
S214021560002A36D0704AD2F8E02012F4A02F30D1EA
S214021570714A724912789AB9F20411D40A787AB189
S2140215804FEADB026E4842EA447282F00102D0F869
S214021590D80E02F00102520020FA02F2930718D186
S2140215A00420FDF76DFD674A67485067FFF732FA79
S2140215B062490A784AB9654A127832B1644A65497C
S2140215C012680BEA02020A4201D14BF4804B26F45F
S2140215D08056B9F1000F1DD019F4805F18BF4BF486
S2140215E0802B19F4807F18BF4BF4002B19F4005F90
S2140215F018BF4BF0100B19F4007F18BF4BF0200BEE
S21402160019F4806F18BF4BF0400B19F4006F18BF27
S2140216104BF0800BB8F1000F48D018F4001F0AD028
S2140216204D4A13683BB1414A4C48116F006800228C
S214021630C1F3C061984718F4802F18BF44F40074B1
S21402164018F4803F18BF4BF4805B18F4801F18BF55
S2140216504BF4003B18F4800F18BF4BF0020B18F443
S214021660003F18BF4BF4801B18F4000F18BF44F05D
S214021670100418F4002F19D0394AD2F8A02012F01C
S214021680C00F13D02949CA68C2F30362032A01D0E5
S214021690072A05D14A6FD00602D48A6F120732D5BE
S2140216A04FF400212F4A28F40028D161002E00F0C2
S2140216B01B81330540F18F802B48DFF88890C27873
S2140216C02A49002A58D04FF40063013AD2B24B6638
S2140216D0C27032B9264A1278C2B140F60141254A92
S2140216E051670022002173E04BF4803B10E74BF475
S2140216F0006B0DE74BF4806B0AE74BF4807B07E741
S2140217004BF0080B04E74BF4001BCFE7D9F8782020
S21402171012F4A05F15BF4FF4807240F60142C9F87A
S2140217205820C9F87820DCE700400054000002B8D0
S214021730004000B8406500203F650020426500205A
S214021740001000B000C001B8000001014165002091
S214021750B8160020088D01001855002004560020F7
S214021760001E00B0002002B83165002000E001B87B
S2140217703D65002000D001B80320FDF781FCD9F8B2
S2140217801420A84B12F0060F04BF41F61F72A6499A
S214021790A64808BF4A674FF40061A34A5166D9F8C3
S2140217A0142012F0060208BFC9F878205A8A12F4EA
S2140217B0006162D022F400625A82027802F0FF09C7
S2140217C0002A5ED1FDF710FFFFF7B8FB4A4620213C
S2140217D04BEA020B0C43B00009D52E20FDF79EFB08
S2140217E04FF00051904A44F0080411675166F10622
S2140217F006D52B20FDF792FB10218B4A1167516606
S21402180016F0306F05D1F20463D5BAF1000F00F07E
S214021810C080330117D52920FDF780FB844A526C1D
S21402182012B11021834A9160FFF7B4FA48B1824A96
S21402183082487D494A66026700F54050C068400407
S21402184022D444F0040416F0007A28D00420FDF7CF
S21402185017FC2720FDF762FBFFF770FB4FF00071C5
S214021860714A5166764AD2F8D82E520679D40221A7
S214021870704A916044F0020428E002784FF4005265
S214021880A6E74FF400422DE70A6720204A66FDF7D6
S21402189045FB2D2044F00C04FDF740FBD3E716F081
S2140218A0807FDFF88C9147D00420FDF7E9FB2820E3
S2140218B0FDF734FBD9F87820002A3AD1FFF73EFB31
S2140218C0594A5D4944F00104116751660021584A9D
S2140218D09165720508D55B498A78002A00F0D8809F
S2140218E0013A8A7000221743574AD2F8A0201306FC
S2140218F003D558462146FCF7C7F93A4658462146CC
S214021900FFF770F8019B0BB1FCF7F8FC01224F4B76
S21402191005F00435C3F8E0504D4B18F4002FC3F819
S21402192084211EBF4FF40022424BDA6105B0BDE8A7
S214021930F08FC9F878A0C3E7F104C7D50420FDF7F5
S2140219409FFB444AC9F87420FDF74EFED9F864207E
S21402195012F0407FBAD12A20FDF7E0FAFFF7EEFA3E
S21402196080E7394AD2F8A0108B0683D402203A497F
S21402197088603A49096891F82510C8077FF57AAF5A
S21402198092F8C420002A3FF475AF8021344A1161D0
S21402199070E7344A1268013202D04BF0010B98E726
S2140219A028490A7952B1013AD2B20A7112B9234AC7
S2140219B02D49516700224BEA020B8AE70420FDF705
S2140219C05FFB0320FDF75CFB194A224951671DF0B5
S2140219D0A8FD81460DF10F00FEF732F9234A824632
S2140219E012780AB1FEF784FFBAF1030F0ED1DFF8C0
S2140219F070A00020FEF724F9032807D1DAF8742035
S214021A00D103F6D4DAF85C200C2AF2D99DF80F201E
S214021A10032A2FD10121164A484611701DF07CFD7B
S214021A20C8E700BFE855002000E001B83D65002089
S214021A3000C001B8002002B81000002000D001B893
S214021A40001000B031650020001E00B00060005497
S214021A5000E100E000000101001002B80456002078
S214021A60000002B8006C00200000010D4365002053
S214021A703F650020094AD2F8E02012F4A02FC9D10F
S214021A80FEF7C8FF48461DF047FD4FF4804292E736
S214021A900220FDF7F5FA012225E700BF00400054B8
S214021AA00122024B1A62DA61704700BF002002B8B8
S214021AB00D4B10B5DC691A6A14400C4A24F47F01F7
S214021AC0D161E20706D5D9684FF0FF30C1F3036152
S214021AD019F0B8F8630706D5BDE8104004220020C6
S214021AE00021FEF77FBF10BD000002B8002002B83A
S214021AF00C4A08B5936B526C13400B4A9363DB0790
S214021B000FD50A4B40F663421878122100F0010006
S214021B10FAF786FABDE80840002201200021FEF707
S214021B2061BF08BD00C000B800E000B8B8160020CB
S214021B30054AD2F88430DB07FBD4936FD2F88420B0
S214021B401340024A93677047008001B800A001B8AC
S214021B5070B514460D461DF0E4FC064BD3F8A060A3
S214021B6074402C407440C3F8A0401DF0D5FC06EA31
S214021B70050070BD001E00B0034BD3F8A030994399
S214021B800CBF012000207047001E00B02DE9F04176
S214021B9017460A43012A1D469DF818409DF81C6008
S214021BA0DDF8208029D8B44227D2082E25D8032B68
S214021BB023D8B8F1000F20D00A460021FBF71CFDFF
S214021BC0FF21EB009940C943DFF834C008F1FF3823
S214021BD0FF00E2B2964202D80020BDE8F0813D192D
S214021BE00CEB8505D5F8E02018F8010F0A4098405E
S214021BF01043C5F8E0000134EBE72120EDE700BF13
S214021C00001E00B0034B1868034B002808BF184696
S214021C10704700BF005600208CE004002DE9F84310
S214021C20DFF860900646D9F8008008461746B8F1F5
S214021C30000F03D00E242046BDE8F88306B33368AF
S214021C4001331DD1E1B1FAF70DF805460028F1D0AF
S214021C50C9F80000FAF72CF8284618F007FB0446E5
S214021C6040B14046C9F80080FAF722F8284618F034
S214021C70F8FAE0E73560002FDDD02846B847DAE705
S214021C802124D8E704560020024B1868003818BFF3
S214021C900120704704560020002108B5024B084672
S214021CA05B689847002008BDF86B00200523064AAB
S214021CB0A2F84A3092F8493003F0010363F0730346
S214021CC082F84930704700BF001F00B00023F0B50D
S214021CD085B0CDE901330393124B134D1B78134E97
S214021CE08DF804301DF02AFC2A78337804469A428E
S214021CF00F4F0CD03178386801AA297018F0D7FF38
S214021D0050B140F608210B481DF00DFD04E038687E
S214021D1018F0ADFF0128EDD020461DF00AFC05B0F4
S214021D20F0BD00BF256F00205C6F00205D6F0020B5
S214021D302056002033950400F8B52B4B1B7823B1B0
S214021D4040F6FC3129481DF0EEFC1DF0F7FB284B4F
S214021D5007461C8814F0060409D001214FF480704F
S214021D601CF0A0FB3846BDE8F8401DF0E2BB214659
S214021D704FF480701CF096FB204600F0ABFF022862
S214021D8008D180221B4B8021186818F039FBFFF718
S214021D909DFFE7E7204600F09DFF054638B1012883
S214021DA007D040F6314111481DF0BDFCDAE7024685
S214021DB0E8E7FF220F4E104B30681A70FFF76CFFF1
S214021DC0306818F054FF0128CCD02A4629463068DD
S214021DD018F04FFF21462C201CF090FB21460A20CB
S214021DE01CF08CFBBEE700BF49650020339504005B
S214021DF0EE5D0020205600205C6F00200021014886
S214021E001DF096B9786C00207F2837B5044610D1AD
S214021E104FF6FF73022217480DF10601ADF80630A1
S214021E20EBF722F9BDF80640E2054CBF6FF04A0414
S214021E3064B21DF083FB104B05461C700F4B1B88CB
S214021E40DB0710D50E4B1B78002B0E4B0CBF214622
S214021E506FF07F01186818F0F8FA20B140F6786142
S214021E6009481DF060FC284603B0BDE830401DF06E
S214021E7060BB00BF641002C0546F0020EE5D0020FD
S214021E804A650020205600203395040010B513F052
S214021E90D2FE60B113F0D1FE0B4A80B141F20D03BF
S214021EA0BDE8104041F20D0107481CF04DBC074B3F
S214021EB01A781B799A4204D100220023F0E70D23F8
S214021EC0EEE7034AF9E700BF400D0300256F002046
S214021ED0488D0100F8B5164E0D46337802F001041F
S214021EE023B140F2C53113481DF01DFC124B134FAF
S214021EF01D60134DA4B1134B997801B10121202026
S214021F001CF0D0FA2B783B700F4B1C780F4B00213D
S214021F101C70042333700E48BDE8F8401DF008B963
S214021F20214620201CF0BEFA2B783B70EEE700BF5D
S214021F3049650020339504001056002046650020AF
S214021F405E6F00201456002047650020486500207A
S214021F50786C00202DE9F8431DF0F0FADFF8A08136
S214021F600546B8F80030614C13F4807F03D023781E
S214021F7073BBFFF7E1FE002108461CF0BFFA5C4B7C
S214021F801A78FF2A13D01A7802F0FF0632BBFF2215
S214021F901A702378052B0AD10023284623701DF0D9
S214021FA0C8FA304618F013FF1DF0C8FA0546237823
S214021FB0504E062B09D13378FF2B06D03378022BEE
S214021FC015D100214C481DF0B3F8FF2333702BE0E7
S214021FD000214FF480701CF065FACCE71A78012ACB
S214021FE04FF0FF0214BF33264C261A70D4E733781C
S214021FF013B13378012B22D11CF0F4FA07463E487F
S21402200096F8009001F0DCFBFF235FFA89F9337043
S21402201077B1B9F1010F44D16421374884F80090B2
S2140220201DF086F8FFF752FE28461DF082FA06E0FB
S214022030284627701DF07DFA384618F0C8FEB8F814
S21402204000301B0605D5002180201CF02BFA17F065
S214022050B2F901F0F1FA294E308000B32778012F49
S21402206042D11CF079FF054610B301301DF039FC51
S21402207000F44060B0F5006F1AD1042239462846B3
S2140220801CF0AAFE28441DF02CFC4FF6FF73984263
S2140220900ED10020318800F0FFFC00233380BDE81B
S2140220A0F8830023284623701DF043FA3F20C4E736
S2140220B0114801F085FB002108462170012500F039
S2140220C09DFC23780BB9FFF737FE0020318800F01D
S2140220D0E3FC00233380002DE1D020780028DED1F7
S2140220E0BDE8F84318F0BEBF0025EAE749650020C0
S2140220F05B6F00205A6F0020786C0020EC5D002099
S214022100EE5D002008B513460A461946064B1868C7
S21402211018F028FA30B1BDE8084040F2F44103480E
S2140221201DF001BB08BD00BF2056002033950400F9
S21402213008B513460A461946064B186818F00CFAF4
S21402214030B1BDE8084040F2FB4103481DF0EBBA4F
S21402215008BD00BF2056002033950400024B1878B5
S214022160431E5842584170474965002008B5064B41
S2140221701B7823B140F2255104481DF0D4FAFFF72C
S214022180DBFD002008BD00BF496500203395040032
S21402219008B5054B01EB81011868490018F057F99C
S2140221A0002818BF212008BD2056002008B5044B81
S2140221B01868F9F70FFF0A2390FBF3F040B208BD48
S2140221C020560020014B1878704700BF5D6F002034
S2140221D008B5044B186818F0A5F8B0FA80F0400964
S2140221E008BD00BF2056002038B5124D0C462B788D
S2140221F0012B04D940F246510F481DF094FA2146AD
S2140222000020FFF7E5FF90B10C4B1C702B785BB9F2
S214022210FFF792FD0A4B93F900100A4BC9011868A2
S21402222018F0E9F8002038BDFFF750FDF2E721204C
S214022230F9E700BF49650020339504005D6F002072
S2140222404B6500202056002008B5074B186818F08A
S21402225067F830B1054BB3FBF0F083B20BB118460A
S21402226008BD0120FCE700BF2056002040420F00B8
S2140222702DE9F3475C4E01201DF052FA3388990788
S21402228004D440F63F4159481DF04DFADFF88081EC
S21402229098F80030053B012B04D940F641415348DB
S2140222A01DF041FA524F3B6823B940F644414F486D
S2140222B01DF039FA348814F0200478D00121222047
S2140222C01CF01CF94FF47A74FFF7BEFF3B681B78CC
S2140222D00933434304EBC30498F80030A5B2062B37
S2140222E00BD11CF047FD0446FFF7AEFF60235843B0
S2140222F00C2303FB0400284485B2D7F800903D4B1C
S21402230099F800801C7808F1FF381FFA88F8002C2C
S21402231052D133885A0505D409F101001DF0E1FABD
S214022320C0F340143449354A887812784B7812FB49
S21402233000F2334F93423B70A4BF9B1A3B703B782C
S214022340CA78BD60934238BF13463B7013F07BFCDD
S214022350002833D013F075FC012814BF1025082579
S21402236025430023DFF8ACA000938022434649466B
S214022370DAF8000018F09DF820B14FF43B611B48D4
S2140223801DF0D1F91F4BDAF8000019781E4B1970B0
S21402239033889B0614D52A461C4B009718F085FCFA
S2140223A0C0B9002002B0BDE8F0471DF0B9B9214619
S2140223B022201CF0A3F887E70024B3E72546D0E7DF
S2140223C02A460F4B18F06FFC014618B925201CF060
S2140223D095F8E6E7214626201CF090F840F6F43100
S2140223E002481DF0A0F9DCE7EE5D002033950400FC
S2140223F0105600204C650020256F00204665002000
S214022400286C00205D6F00205C6F002014560020B0
S2140224104965002020560020184B10B51B889B07E4
S21402242004D440F6A66116481DF07DF9154B1B78BC
S214022430053B012B04D940F6A76111481DF073F93C
S214022440114B1B6823B940F6A9610D481DF06BF9C4
S21402245000240E4B0E4921201C701CF04FF801463A
S21402246018B9BDE81040FFF703BF022804D1204682
S214022470BDE810401CF0D8B810BD00BFEE5D0020CD
S214022480339504004965002010560020446500205C
S21402249031260200F8B55A4C23889A0704D54FF421
S2140224A03E7158481DF03FF9574801F089F91DF072
S2140224B045F8238805465B070DD54FF0FF3018F028
S2140224C03FF8524B1B68C01AB0F5717F03D9002142
S2140224D004201BF0E7FF28464D4D1DF02AF82B7806
S2140224E0042B32D11DF02AF8238806465F0708D54A
S2140224F0454800211CF01CFE3046BDE8F8401DF0A1
S21402250018B81DF016F81DF019F8424B06461B784F
S214022510414F13B9238859050FD5052301210220FF
S2140225202B701BF0BFFFFFF777FF30461DF001F858
S2140225303B68DA78394B1A70F8BD386801301DF0FE
S214022540D0F98206E9D50623E8E7062B4DD1344BAF
S2140225501B78FF2BF0D1334E13F077FB3378002B2A
S2140225603DD01CF0EBFF238805465B0705D52648C1
S21402257000211CF0DDFD2846BFE71CF0DAFF3378A9
S214022580013B33701CF0DAFF0446012102201BF0E7
S21402259089FFFFF741FF20461F4C1CF0CAFF206848
S2140225A001301DF09EF900F44060B0F5006F13D1C3
S2140225B024680121042220461CF00EFC20441DF053
S2140225C090F90146184B04201A783378D21AD2B200
S2140225D0BDE8F8401DF04EB94FF6FF71F2E7402015
S2140225E02B70BDE8F84018F0F2BB012BA4D10023F3
S2140225F02B700E4B1868FFF74FFB3F20F1E700BF2A
S214022600EE5D002033950400786C00200C56002006
S214022610496500204C6500201056002045650020C4
S2140226205A6F0020466500205E6F0020205600206C
S21402263008B50A4B1A7882B9012210281A7004D0FB
S21402264040F69D6106481DF06EF8002120201BF022
S21402265029FFBDE80840FFF70BBE08BD4465002011
S2140226603395040008B5094B1B88DB0604D440F2F8
S214022670C35107481DF057F8102000211BF012FF27
S214022680044B1868BDE8084018F006BBEE5D002053
S2140226903395040020560020012208B5074B114648
S2140226A0186818F0E6FA00212C201BF027FFBDE878
S2140226B0084000210A201BF021BF00BF2056002040
S2140226C0014B4008185C7047566F002008B5134649
S2140226D00A461946064B186817F04AFF30B1BDE89D
S2140226E0084040F6E94103481DF01DB808BD00BF8A
S2140226F0205600203395040008B5044B186818F0DD
S214022700B6FA013818BF012008BD00BF20560020C7
S214022710054B10B54C0022460146186817F085FE98
S214022720031B5842584110BD2056002070B505467E
S2140227301CF004FF0E4B0F4E1B880446DA0735705A
S21402274008D50D4B0D4D1B78012B08D901212868A1
S21402275018F037FB2046BDE870401CF0EABE1BB1FD
S21402276013F067FAC305F1D4317881F00101EEE780
S214022770EE5D0020556F00204A650020205600209E
S2140227800C4B10B51B880446DB0711D5FFF77EFB02
S214022790094B84F0010208211868D20017F030FEB7
S2140227A030B1BDE8104040F6367104481CF0BBBF9D
S2140227B010BD00BFEE5D00202056002033950400B9
S2140227C008B5044B0146186817F0DDFE003818BF3E
S2140227D0012008BD2056002010B50A4C23787BB194
S2140227E0FFF75AFF002104201BF05CFE00210220A6
S2140227F01BF058FE00232370BDE81040FFF79CBA7A
S21402280010BD00BF4965002038B5094800F0E8FC55
S2140228100024084D95F84430E0B2834200D838BD13
S21402282005EBC000043000F0DBFC0134F2E700BF29
S214022830C45600202456002008B5104602494822F5
S214022840F8F70EFF002008BD7C56002008B50548A4
S2140228501DF0D9F8014620B9BDE8084001481CF031
S21402286067BC08BD986C0020002238B51C4B154684
S2140228701C461A700132082A5D609D8043F8085F84
S214022880F8D1482200211748F8F75AFD4FF6FE7392
S214022890A4F868306FF48033E365134B00211A887E
S2140228A0124B1868F8F74CFD114BC4E91255C4E9EF
S2140228B0283584F8445084F85050656584F8A8504A
S2140228C0E9F73CFFFF220B4B012118700A4B002050
S2140228D01A70E2F7D9F80020FFF7B8FF002038BDDB
S2140228E0245600207C560020C66E0020586B00201E
S2140228F00000FFFF4D650020A265002010B5AC2445
S214022900084B04FB0030836C53B990F850403CB936
S21402291031B1C0E912122046FFF798FF204610BDDB
S2140229202120FCE724560020AC2370B503FB00F5FB
S214022930094E731993F850405CB9204610F0AAFC71
S214022940735D204643F002037355FFF77FFF204670
S21402295070BD0120FCE700BF24560020AC2358437C
S214022960024A135C23F003031354704724560020D4
S21402297070B516461F4A04461278C2BBAC211E4DDD
S21402298001FB00518A6C92BB91F850203AB1022B9F
S2140229902DD191F84410072907D91C2026E091F87A
S2140229A044100729F9D8012B08D0AC2000FB0450AC
S2140229B0CA00011D0C30F8F715FD0021AC2303FBFD
S2140229C004F000249DF8143000EBC1012944CB71B9
S2140229D0049B8E808B602B1893F84420204601328D
S2140229E08C7183F84420FFF731FF204670BD01202A
S2140229F0FCE700BF4C65002024560020F8B5234BA8
S214022A0004461B780F46002B3ED1AC23204D03FB19
S214022A100053B3F8A03023B940F245311D481CF0EC
S214022A2082FEAC2202FB0452D2F8A46036B192F8BF
S214022A30A33039460020B2F8A020B047AC230021CC
S214022A406343EA18A2F8A010C2F8A410482192F82C
S214022A50A82001FB02322A44D2F89820964213D0CC
S214022A60EB5C9B070CD5AC226243AB5C204623F0A2
S214022A70020343F00103AB54BDE8F840FFF7E6BE9D
S214022A8010F02AFC0028EED1F8BD00BF4C650020ED
S214022A90245600208A9504002DE9F04F89B005904F
S214022AA008460D461CF058FA044618B9212009B00B
S214022AB0BDE8F08F28461CF06BFAC0B20838215CDD
S214022AC0221892F802A00491D178526827780392CD
S214022AD00022B4F80130ADF81E20434A029192F863
S214022AE000B0BBF1000F08D0404B1B681BB120465C
S214022AF04FFA8AF298470020D9E703F00703022B21
S214022B0070D001340922594620461CF065F9023F6E
S214022B103F1A3B0606465FFA87F8C7D4344FD7F803
S214022B209090B9F1000F27D100210DF11E0B4346FC
S214022B3022460846CDF800B010F0E4FAC3B20546C5
S214022B40002B4BD1BDF81E0018F085F9E0B9BDF890
S214022B501E0018F07CFA8146BDF81E0018F07BF9BC
S214022B60F0B906EB080201232146584692B200F05D
S214022B707BFDD0B119209AE75B465A4601212846CA
S214022B80C8470028D0D191E7D7F89430BDF81E0088
S214022B90002BDCD0A11998470028D8D1022086E75E
S214022BA042464846A119F8F75BFDBDF81E001CF028
S214022BB0D3F9029B059A0372049B80F809A08372DC
S214022BC0039B1BBAC360AC2303FB027393F850202B
S214022BD0BDF81E0022B1DB6C03B19847E8B266E787
S214022BE0BB6FF9E7012062E74C650020085600201B
S214022BF0245600202DE9F84308460F46164602F1F1
S214022C00010918F029FA8046384618F01DF90428FA
S214022C1056D1384618F03CF948F661054FF6FF7271
S214022C2048F64103294C904208BF1D46B4F85C1092
S214022C30301D1CF058FE384618F02AF90146B01D21
S214022C401CF051FEB4F85E1006F108001CF04BFEB4
S214022C5006F10A0438460DF067FF10B145F010057C
S214022C60ADB2294648461CF03EFE384618F0EFF94B
S214022C70424601462046F8F7F3FC384601211CF08E
S214022C80A3F94444074660B11CF082F9054638466B
S214022C901CF062F9EDB201462A462046F8F7E0FC3F
S214022CA02C440B4AA41B13780134591C1170F37080
S214022CB034703046BDE8F843092201211CF08CB876
S214022CC048461CF00EFE4C460546C3E72456002036
S214022CD04D650020AC2210B548245043094B1A1803
S214022CE092F8A81004FB0100034493F87700022828
S214022CF006D092F850301BB9032818BF012010BD29
S214022D000020FCE72456002070B508B1012070BDF3
S214022D10234C94F8A850002DF8D12946B4F85C202C
S214022D20FFF706FA29462846B4F85E20FFF7EAF9C6
S214022D302946284604F16002FFF7C8FC94F877306B
S214022D40002BE3D0284694F85860FFF73BFA8642F9
S214022D5015D1002094F95A50FFF728FA854216D169
S214022D600020FFF7B7FF044600201BF0EBFF002809
S214022D70CDD02146BDE870400020FFF7F7B92846BF
S214022D8094F85810FFF730FA0028E2D0BFE7002088
S214022D9094F95A10FFF7FCF90028E1D0B7E700BF14
S214022DA0245600200346AC2010B51446164A00FBF3
S214022DB0032292F8770002280CD1E07F022809D17C
S214022DC041B112490978012913D992F8581022788C
S214022DD091420ED118462178FFF7FAF990B14822AF
S214022DE021460B48F8F73CFC00201BF0ABFF08B965
S214022DF0002010BD044B93F8A8000028F8D1FFF776
S214022E0083FFF5E72120F4E7245600202B6F0020ED
S214022E107C56002038B5AC230D4C054603FB004318
S214022E2000205A6DD86483F8500012B15865FFF737
S214022E3019FCF5F74BFBFF281EBFAC2303FB05442A
S214022E4084F8A8000020FFF75FFF002038BD00BF0F
S214022E50245600207FB51D4C94F8A83023B10020DC
S214022E6084F8A800FFF750FF94F85A30B4F8A06030
S214022E708DF80F3026B940F2FD2115481CF053FCA0
S214022E80144B31461D6800202A46FFF7B3FEE46F56
S214022E9002469CB10DF10F030193002329463046EA
S214022EA00093A04702462C7854B920462146FFF7E5
S214022EB0A5FD2046FFF7CAFC04B070BD0122F2E76A
S214022EC029460020FFF706F8F6E700BF2456002042
S214022ED08A950400586B002038B5494B1C78002CA4
S214022EE058D1484800F06CFC20461BF02BFF002807
S214022EF050D0454C2378D90733D594F850201AB1D0
S214022F0023F00303237045E023F00103237010F03F
S214022F10CBF9237805469A0701D510F0BBF9294666
S214022F2000200FF053FF40B92378284643F00103F0
S214022F302370BDE8384010F0ADB90023482284F86B
S214022F40A33094F8A83084F8A25002FB0343D3F8C7
S214022F509830A4F8A000C4F8A430BDE83840FFF7C3
S214022F6079BF94F84400B0B104F1A003251D95E89A
S214022F70030083E80300FFF76DFF94F84420284619
S214022F80D20004F10C01F8F72DFA94F84430013B14
S214022F9084F8443038BDA26C62B99B0711D52378F9
S214022FA0002023F0020343F001032370BDE83840FB
S214022FB0FFF74CBC0123A06484F850309047237876
S214022FC09EE710F089F90028E9D194F8A83073B189
S214022FD0F5F77CFA94F85030002BDBD1FF2818BFA7
S214022FE084F8A800BDE838400020FFF78DBED4F86C
S214022FF08C30002BECD098470028CBD1E8E700BFF6
S2140230004C650020986C00202456002070B50446BB
S21402301000201BF097FEAC235C430B4E351995F847
S21402302050300BB1002070BD0028FBD007481CF0C2
S214023030EAFC0028F6D1335D002BF3D195F8440064
S214023040B0FA80F04009EEE724560020986C002083
S21402305010B5084A034618F00DF814684FF6FF72CA
S21402306003EB40039C42184603D90188023391427F
S214023070F8D010BDE05600202DE9F047204F054657
S2140230803B88A3B3B0F90230002B30DBDFF87C803C
S2140230901C49D8F80000F8F7A9FB20B94FF4EA71EA
S2140230A019481CF040FB0026DFF85CA0DFF86090B1
S2140230B03A88B3B29A4204D84FF4EB7150461CF0E9
S2140230C032FBD9F80030B2B253F83200D8F800100A
S2140230D003EBC20468B943F83210A38828460133CA
S2140230E0A38017F0C7FFE38803EB4003E380BDE845
S2140230F0F087F8F77BFB01360028D9D1EDE700BF51
S214023100F05D00205795040061950400B86C00201D
S214023110D456002038B5094C094D22682B689A42CD
S21402312004D94FF4877107481CF0FDFA2868236813
S214023130C01A20F0010080B238BD00BFE056002061
S214023140E85600206195040038B5124C124D21460F
S2140231502846F5F741F823680BB12B681BB9DE2128
S2140231600E481CF0E0FA2A680D4B0E491A602368D6
S21402317023F0010313440B600B4B1A602AB9BDE817
S2140231803840F82105481CF0CEBAFFF7C3FF642882
S214023190F5D938BDD8560020DC56002061950400CB
S2140231A0E4560020E8560020E056002038B5094CC8
S2140231B0094D22682B689A4204D34FF48A71074855
S2140231C01CF0B1FA28682368C01A20F0010080B209
S2140231D038BD00BFE4560020E85600206195040082
S2140231E02DE9F0411D4B04461B78012B24D10088A3
S2140231F01BF094FE0546D8B10426DFF864802C4600
S2140232001CF09CF907462046FFF736FF638843EA20
S21402321008036380A05B1BF081FE044638461CF060
S21402322088F91CB1B4F90230002BE9DA062E01D176
S214023230BDE8F0810626E2E7022BF9D11CF07EF902
S214023240024620881BF06AFE18B10388C3F30E03F9
S21402325023801046BDE8F0411CF06BB94E65002095
S2140232600080FFFF2DE9F04F0024BA4B97B00646C8
S2140232701C801CF063F90123DFF8EC82B64F3B702A
S214023280B8F80030A8F80040ADF81630B34B1B680B
S21402329001931CF04EF9B24B21461A88B14BD2006C
S2140232A01868F8F74DF80DF11600FFF799FF002E93
S2140232B03CD1DFF8B8924FF0000B0125D9F8004058
S2140232C0019B9C4239D3BBF1000F39D1002DF2D0BD
S2140232D0D9F80040DFF898A225462246019B9A427A
S2140232E073D302230DF116003B70FFF779FF002E11
S2140232F040F08F80D9F800603246AA4280F0A28061
S21402330090881BF00BFE18B10388C3F30E0393805C
S214023310D0881BF003FE18B10388C3F30E03D380D4
S2140233201046FFF795FE0246E7E79847E3B256F8DF
S21402333023300134002BF8D1BBE7BBF1000F3ED09F
S2140233400BF1FF335FFA83FB16AB03EB8B0252F8EB
S214023350402CB2F9020051880028B1DA4B04AFD4EF
S214023360924641F48040931D2AF8020F02933AF8DF
S214023370020F1BF0D3FDF0B1B0F902E0B0F802C0C4
S214023380BEF1000F17DB6FEA4C4C6FEA5C4CA0F8FC
S21402339002C00390FFF770FEBBF10F0F8FBF002530
S2140233A016AB039A03EB8B009EBF0BF1010340F8AA
S2140233B0402C5FFA83FB029B9A45D8D180E72046D1
S2140233C0FFF746FE22460446C3E7104617F052FEB3
S2140233D08346B2F90200118800280AEA010108DAD7
S2140233E020461BF091FD084381B204EB4B0402EB2E
S2140233F04B0510461180FFF72BFE02466EE79847F4
S2140234005FFA8AF356F823300AF1010A002BF6D146
S21402341070E74FF0000AF3E73046FFF719FE8246E0
S2140234207EB1B6F902307188002B0ADA3088C0F312
S2140234300E001BF073FD864203462DD1C1F30D012B
S21402344071805646AE42E7D3DFF81CA11CF076F830
S21402345000210646504617F070FE1BF05FFD05463B
S214023460002800F0878030461CF063F8284617F0E4
S21402347001FE064620461BF047FD81467600324690
S21402348029462046F7F7AEFF002249460DF1160000
S2140234901CF091FA3444D9E71BD9304617F0EAFDFE
S2140234A0C1F30D01420071801846314692B2F7F719
S2140234B099FFC6E75046FFF7CBFDD146854203D9B2
S2140234C0B0F90230002B01DA824603E0FFF7C0FDB6
S2140234D0F4E7B146554507D9BAF80000C0F30E0026
S2140234E01BF01CFD8245E5D3B9F1000F30D0B9F8C8
S2140234F00000C0F30E001BF011FD034638B9334638
S214023500CB46994513D8B1459BD0D946ECE74846F9
S21402351017F0B0FDB9F802204946C2F30D02A9F829
S2140235200220420092B21846F7F75CFFE7E7184619
S2140235300193FFF78DFD019B9B46854203D9B0F9A7
S2140235400230002B01DA0346DBE7FFF781FDF4E7E2
S214023550CB46DAE7F25D00204E650020E0560020FA
S214023560F05D0020D4560020F45D0020E4560020D2
S2140235700080FFFFBDF816303870A8F80030044B04
S21402358030461C601BF0D5FF17B0BDE8F08F00BFB9
S214023590E05600202DE9F04105461BF0BFFC0F4621
S2140235A00446D8B11CF0F1F920B940F2FB4120489C
S2140235B01CF0B9F828461BF0EBFC05462046FFF740
S2140235C047FDBD42064609D004D840F203511848CA
S2140235D01CF0A9F82588ED0B02D02781BDE8F08102
S2140235E06780204617F046FD074604EB40081BF0AE
S2140235F0A5FF104B1A68B2420AD1C3F800801BF02E
S21402360098FF2A464046BDE8F041FF21F7F798BEEC
S214023610A6EB0806B5B21BF08CFF072DF1D90023E6
S214023620083D44F81730C8F80430A8F80250D5E729
S21402363061950400E056002038B51BF07FFF00219C
S2140236400546044817F079FD044628461BF071FF2C
S214023650204638BDF45D0020024B1888B0FA80F090
S21402366040097047F45D00202DE9F74F04460088B4
S2140236701F461BF053FC8846154606461CF085F985
S21402368020B940F2FE613F481CF04DF83388DB0B50
S214023690009306D033892B443381002003B0BDE863
S2140236A0F08F20881BF074FC82463046FFF7D0FC71
S2140236B001901BF043FFDFF8D0B0019BDBF800203F
S2140236C081469A421DD1FFF725FDA84204D24846FC
S2140236D01BF02FFF1A20E1E70AEB050373803FB1C8
S2140236E020881BF039FC2A4641465044F7F7B8FFBB
S2140236F03046FFF7ADFCCBF8000048461BF019FF3A
S214023700CBE71BF016FF20881BF042FC28440099EA
S21402371080B21BF095FC06460028DBD01BF01CFC92
S214023720814620881BF018FC824620881BF030FC5D
S214023730514602464846F7F793FF3046AFB11BF0B4
S2140237400BFC074620881BF023FC2A4641463844D9
S214023750F7F786FF012120881BF036FC012102467E
S21402376030461BF045FC268097E71BF0F5FB8046AB
S21402377020881BF00DFC2A4639464044F7F7E0FD48
S214023780E8E700BF61950400E056002034210148B6
S2140237901BF0C9BF75950400036910B55BB182685A
S2140237A0064B9A4201D1002010BD44691BF0B4FFBB
S2140237B0201AF9D5F7E74FF0FF30F5E78D3702000C
S2140237C082681C4B70B59A420446056819D11BF0F4
S2140237D0B5FE236923B1A34206D100222A601A61EC
S2140237E0BDE870401BF0A5BE1A4611461269A242F9
S2140237F0FBD12A68A24208BF29600B61002323611D
S214023800EEE7036993B198426E6803D19D210A4898
S2140238101BF089FF2B46B44209D122699D4218BF8C
S2140238201A614FF0000308BF6A60236170BD334619
S2140238303669F0E78D370200759504002DE9F047EA
S214023840074600254FF0010A154EDFF858808AB069
S214023850347914B90AB0BDE8F087D6F8009087B973
S21402386000972A46B8F80010234603A81CF03AF937
S2140238702246484603A9E9F723FC2544EDB208365A
S214023880E6E7224603A94846E9F7EEFBCDF800A094
S21402389023462A46B8F8001003A81CF023F9ECE7E2
S2140238A0B8E00400F65D00200148FFF799BC00BFAF
S2140238B0F65D00209C46174BF7B505460846198864
S2140238C0164611B1144B1C78CCB1014662463046FE
S2140238D0BDB103B0BDE8F040E9F7C6BB1C44E4B294
S2140238E008373B79002BF0D03A689642F6D185F03D
S2140238F00105224600951CF0F5F803B0F0BD074F0F
S214023900EFE7E9F7DDFBB0B203B0BDE8F04015F033
S21402391056BD00BFF65D00205F6F0020B8E00400D1
S21402392010B5074C238843B10020FFF787FF00201D
S214023930FF22044B20801A7010BD0220FCE700BF55
S214023940F65D00205F6F0020142810B518D80828EE
S21402395005D115F0ADFDC401E4B2204610BD0E2817
S21402396002D115F0A8FDF6E7064B53F82040002CCE
S214023970F3D00A282478F0D107F0C2FB0443EBE721
S214023980FF24EAE708E10400014BB3F86800704739
S21402399024560020004870478E560020014B1878A7
S2140239A0704700BFC5640020014B1878704700BFFF
S2140239B0C8640020014B1870704700BFC86400201E
S2140239C0204B022810B5204C187002D0043801286B
S2140239D022D82378042B0BD000211C481BF0A8FB0E
S2140239E02378033B012B03D9002119481BF0A0FBC7
S2140239F0184B1B689A0022D513F0805F40F61144DC
S214023A0018BF4FF44164204616F007F9C8B920469D
S214023A10BDE8104015F0D1BC0C48FFF7D1FE0C48AB
S214023A20FFF7CEFE17F002FE2378033B012B03D8E6
S214023A3016F0EDF81624E6E70DF0BAFFFAE71524BD
S214023A40E1E710BDCC640020CD640020DC6C0020D1
S214023A5010480020A4480020024B187800F00F00FF
S214023A60704700BFCC640020034B187800F00F00AC
S214023A70831E584258417047CC64002008B517F0A0
S214023A80C0FDC0B117F0D6FDA8B10FF01BFD90B96E
S214023A900A4817F009FB70B1094817F005FB50B148
S214023AA015F00EFD38B116F0BAF820B9BDE8084098
S214023AB0044817F0BCBB002008BD00BFF85D00201C
S214023AC02C5E0020EC56002030B505460C4693B01E
S214023AD081B910B9002013B030BD1023214A6946BF
S214023AE00120FFF7E7FE9DF805305A1E052A28D961
S214023AF01720F0E7182200212046F7F721FC002DB8
S214023B00EBD1FFF7B1FF30B315F082FB6A460146F0
S214023B100020FEF791FEBDF80430204623819DF872
S214023B200230A3729DF80030E37217F048FF0023BC
S214023B3004F11401237304F1100004F0F7FDE08190
S214023B40C8E7094A9DF8041012789142D0D12B702A
S214023B50002CD6D1BEE7054B1B78033B022BD3D9EC
S214023B60C6E700BF64EE0100326F0020CC6400207E
S214023B7030B593B005460C46FFF776FF20B90C4BDE
S214023B801B78033B022B10D815F042FB6A4601460F
S214023B902846FEF751FE00209DF802306070237022
S214023BA09DF80030A37013B030BD1720FBE700BFAE
S214023BB0CC640020054B1878012805D000F0FD00E3
S214023BC0A0F1310358425841704700BFCC64002030
S214023BD02DE9F3410E46002105461BF0E6FE0023C2
S214023BE0124FADF806002B800DF1060017F05CFAB6
S214023BF0044610B102B0BDE8F08121460DF1060080
S214023C0017F09BFA80461BF0A7F9438AB34207D9FE
S214023C109B1B43822246414628461BF0CCFEE3E726
S214023C2043895B07E0D53B88F3E700BFC86E0020F8
S214023C3008B50A48FFF7C4FD09484FF47A71FFF742
S214023C40C7FF074817F030FA30B9BDE808404FF40E
S214023C507A7102481BF06CBA08BD00BFBC6C00202B
S214023C60D66E00201FB50146002201A81BF030FBCD
S214023C70064801A91BF0FCFE20B11BF06DF9408935
S214023C80C0F3400005B05DF804FB00BFD66E00200E
S214023C9030B585B00D460022014601A81BF018FB80
S214023CA0084801A91BF0E4FE50B11BF055F9044682
S214023CB0014608222846F7F795FB6089C0F34000C4
S214023CC005B030BDD66E002010B5044C204617F065
S214023CD022FA6388181A80B210BD00BFD66E002082
S214023CE0F8B50546F8B100210F481BF05EFE044603
S214023CF0A8B10D4F20461BF02FF906461BF0D4FA4A
S214023D00830705D4082229463046F7F765FE38B100
S214023D10214638461BF06DFE04460028EAD10024F0
S214023D20201E18BF0120F8BDD66E002010B50C4626
S214023D30014606481BF09CFE30B11BF00DF9438984
S214023D401C4214BF0120002010BD00BFD66E00200A
S214023D501FB51446024601A81BF0BAFA074801A985
S214023D601BF086FE40B134B11BF0F6F81422014671
S214023D702046F7F737FB012004B010BDD66E0020B0
S214023D801FB50146002201A81BF0A2FA094801A9A4
S214023D901BF06EFE58B11BF0DFF84389024613F0A3
S214023DA0020004D0507B80F00800C0F3C00005B0CB
S214023DB05DF804FBD66E00200146014817F0D1BA22
S214023DC0D66E0020F8B504460E46142000211BF0DD
S214023DD037F90546204617F09EF96388834225D9AF
S214023DE025B33146204617F0BCFA08BB28461BF01E
S214023DF0B3F807460A223146F7F7F4FA082206F124
S214023E000A0107F10A00F7F7EDFA0A4B1B887B82D4
S214023E10238823B94FF47A7107481BF089F92046A4
S214023E20002229461BF0C7FD0020F8BD1C20FCE737
S214023E302E20FAE7C86E0020BC6C002010B504469F
S214023E4086B0B0B11BF030FA10F0020011D1CDF8F6
S214023E500E006168CDF81200ADF81600206801ABBE
S214023E6003C32289044801A91A80FFF7ABFF06B0F4
S214023E7010BD2120FBE700BFD66E0020F8B50D4628
S214023E8016461F46044648B31BF00EFA30BB2046C1
S214023E90FFF792FFE0B1214611481BF0E9FD1BF047
S214023EA05BF8438905734673877343F002032189DF
S214023EB04381204601F0F2F9FF28044606D001F0BD
S214023EC0F3F818B10022074B43F82420002004E040
S214023ED02046FFF7B3FF0028DDD0F8BD2120FCE71F
S214023EE0D66E0020E0450020F7B59DF824400D462A
S214023EF001949DF82040064600941F460DF076FC7D
S214023F004FF6FF718842044610D0BB0711D42846EC
S214023F1000F0CCFF20461BF03FFAFF281FBF084ADE
S214023F2032F8103023F4804322F81030204603B0D3
S214023F30F0BD02462946304617F01AFAEAE700BFF5
S214023F40BC5D002073B50E46014614481BF090FD7A
S214023F500546D8B11BF000F843890446334012D018
S214023F609B0736B20BD5002E09DAA17B437B02896A
S214023F70007B0191012100912146FFF7B5FF63897D
S214023F8023EA06036381628912B1012002B070BD82
S214023F902946024817F0F0F8F7E700BFD66E002071
S214023FA00148FFF71DB900BFD66E00201FB50C46AC
S214023FB00B4A014601A81BF08BF901A8FFF7FCFE8D
S214023FC060B101A907481BF053FD1AF0C5FF03684C
S214023FD0236043680020636004B010BD2D20FBE719
S214023FE076E10400D66E002013B53E4C12F0E5FBD7
S214023FF0D4F8FC311020C3F307430193FFF7A4FC67
S214024000000650D50020FFF79FFC01064BD5019B0A
S214024010802B3ED1236A9A0704D440F615442046E4
S21402402002B010BDE3699B07F7D52F4816F017F9C3
S214024030012016F0E7FE12F0D3FB04460028EED16C
S21402404000F086F9294817F0CCF800F0F1F9E8F705
S21402405075F912F0B1FB0AF0F1FC0AF043FDF4F731
S21402406017F9F4F7CBF9F4F7E5F904F003FD15F0C8
S21402407021FA15F022FA15F0D5FD1D480CF00CFCBD
S21402408007F092FE15F08DFD0028C8D015F08BFDC6
S214024090C5E7019B812BC0D1D4F80C315B00BCD59F
S2140240A0D4F80C31BFE71020FFF74EFC0006BCD454
S2140240B00020FFF749FC0106B7D5019B802B05D1EE
S2140240C0084B1A6AD207A8D5DB69ACE7019B812B9D
S2140240D0A3D1044BD3F80C21002A9EDAD3F80C3174
S2140240E0A1E700BF0080E00F690345ECEC56002014
S2140240F0653C020010B517F096FA70B301F0B8FBF3
S21402410080F00104E4B20020FEF7F6FA44EA8004E6
S21402411024B217F076FA10BB0220044316481BF0AE
S21402412072FC44EA401415481BF06DFC24B244EAC3
S214024130001413481BF067FC24B244EA80141148AA
S2140241401BF061FC24B244EA40240F481BF05BFCDF
S21402415024B244EAC02080B210BD0124D3E70B4843
S21402416016F0A2FF0028D7D0094816F09DFF80F06F
S2140241700100C0B24000D0E71C6D0020006E002097
S214024180A8480020806D0020E06D0020F85D002029
S2140241902C5E002008B501F047F90EF0DFF8FDF7B7
S2140241A0D9FE154816F080FF08B906F065F91348DF
S2140241B016F07AFF08B907F0E1FD03F059FC0CF09F
S2140241C01DFD0F4817F03FF80E4B1B78043B022BE1
S2140241D009D80D481BF017FC28B1FFF78BFF1028F3
S2140241E001D109F07DF915F06DF917F0CFF8BDE8A9
S2140241F008400648FFF736B8F85D00202C5E00201F
S214024200EC560020CD640020006E002080E1040001
S214024210014B1868704700BF20560020F8B54FF6CD
S214024220FF77104B06461B780C46033B012B0F808C
S21402423009D830460AF0BAFC4FF6FF73984220803F
S2140242400ED000200DE00CF023FEB842054620807A
S214024250F7D1304600F002FDA8422080F1D1E8E70F
S2140242602D20F8BDCD6400204FF6F77370B5984246
S21402427004460D4686B05AD817F089F8A04207D1F0
S21402428008222C492846F7F7ADF8002006B070BD84
S214024290294EB6F86830A3420AD10022082106F158
S2140242A06A0017F006F818B9082206F16A01E9E76B
S2140242B0ACB1224B1B78033B012B1AD800230122F8
S2140242C01946204600930AF01BFBFF2823D12946F5
S2140242D020460AF0BFFC80F00100C0B2D6E7184BB9
S2140242E01B689B07E5D4284608F0DCF90028E0D0D6
S2140242F0CBE7204600F06AFFFF2806D12946204673
S214024300FFF754FE0028D9D1BFE7294600F080FF08
S2140243100028F3D0B9E702A918F067FA0028D6D128
S214024320DDF80D302B60DDF811306B60ADE7012053
S214024330ACE700BF4F65002024560020CD64002065
S214024340A4480020014B1870704700BF326F00204F
S21402435010B5054C082221460448E8F785FE20469B
S21402436017F04FF810BD00BF4F65002034B608C0E6
S214024370004870474F650020082208B50349F7F742
S2140243802BFBB0FA80F0400908BD00BF4F65002045
S214024390014B1870704700BFC0640020074B44F6FC
S2140243A0FF701A7840F6FF73012A18BF1846044BAE
S2140243B01B780BB140F40040704700BFCD6400206C
S2140243C0C0640020F7B50D46044616461F46002177
S2140243D0284601F0F1FF0B4B002183F859402A468C
S2140243E03346204600970EF0AFFC014630B102225B
S2140243F0204603B0BDE8F04000F006B8012003B046
S214024400F0BD00BF2456002013B513460C461AB161
S214024410022A0CBF134601230021044A019100928E
S2140244202246FEF7A5FA02B010BD00BF09B7030088
S21402443000B5002093B0FEF717FA1E4B18880CF052
S21402444031FA1D4B1D491A7800200EF0A1FD3422C8
S21402445000216846F6F774FF0B238DF800306FF4E0
S214024460803301934FF6FE73ADF8103003238DF8B8
S2140244701D30134B134A0893134B10680993134BC2
S21402448051680D93124B6A460E93124B0F93124BC2
S2140244901093124B119302AB03C300210846FEF79A
S2140244A081FC6A4601210020FEF77CFC13B05DF811
S2140244B004FB00BFC06E0020456F002098A50400D4
S2140244C0D94802004F650020A5B4030051810200BE
S2140244D0814A02005198020009B70300A17B02003C
S2140244E0014B1878704700BF57650020014B1888AB
S2140244F0704700BFDA6E00202DE9F74F814610465E
S2140245000E4690461BF0EDF9DFF840B105469BF8E3
S214024510003033B94A4B1B681BB94A4B1B68002B49
S2140245207FD015F4406A05F040071BD19FBBB5F556
S214024530804F61D24FF48074B9F1400F73D0B9F155
S214024540800F63D0B9F1100F6BD100239BF80000E7
S2140245503D4AD9B2884264D932F8021B0133A142DD
S214024560F7D166E008F103001BF0BBF94FF6FF73C4
S214024570984214BF0124022487B1052705F440435C
S214024580B3F5004F44F0080425D0B5F5804F24D289
S21402459044F4807421E054460327EFE7B5F5804FD4
S2140245A04FF00507F4D3BAF5406F14BF0220082077
S2140245B0384440441BF095F9019016F005FF019B24
S2140245C005F4404598420CBF44F0080444F0040445
S2140245D0B5F5004F01D144F08004BAF5006F0FD153
S2140245E008EB07001BF07DF9054616F0D0FEA84240
S2140245F0A2D144F010049FE7544603270220D7E7CF
S214024600BAF5406F08BF44F0200495E70C4B1B68D0
S2140246103BB10022D1B233F8110033F91110002950
S21402462003DA002008E0074BF1E7A04202F101029C
S214024630F0D106B13480012003B0BDE8F08F00BF90
S214024640FC56002000570020565E00209F65002082
S214024650034B1A78022A04BF09221A70704700BF59
S214024660586500200C22034B1A211A7003200022E0
S21402467002F024B8586500200C2208B5054B1A2112
S2140246801A700022104602F019F80022024B1A6035
S21402469008BD00BF58650020085700200C2270B5E0
S2140246A00D4B05461E781A7030B93046BDE870408C
S2140246B000221A2102F002B8084B1C78E1B21A292D
S2140246C0F3D825FA04F3DB0703D54422304601F07B
S2140246D0F5FF0134F2E700BF58650020616F002045
S2140246E00C22024B1A7015F093BA00BF58650020D0
S2140246F0F0B50C8805460E468BB0E4B94FF6FF7748
S214024700ADF8247015F097FA10B902200BB0F0BD80
S214024710CDE90340CDE90544134A0294B2F85C3071
S2140247206032019300923B464CF60101FF2009AA33
S21402473018F0A4FB3080284616F0BFFF0B4C70B171
S214024740237863B1013BDBB22846237016F0B5FF2F
S21402475038B12078B0FA80F04009C0B2D6E7052317
S214024760F2E70120F9E700BF24560020606F002020
S214024770034B11461B6803B1184714F0DCBD00BF9B
S214024780085700200C22024B1A700AF0F1BC00BF38
S214024790586500200148FEF723BD00BFFA5D0020E1
S2140247A07FB505460C4616461AF0A6FE00286BD1C3
S2140247B0062D03D85223EB40DB071AD4B4F1006F60
S2140247C005D3E30E1C3B032B18D94F202EE0002204
S2140247D02F4B1A602F4B1D7016F094FD03460A2DC0
S2140247E054D8DFE805F02D183E49182518535341D2
S2140247F0360002F03BFCB4F1006FE2D20022244BFA
S214024800042D1A60234B1D70E6D1022001F02EFC07
S21402481016F078FD0346012202921F4A01921F4AB1
S21402482000921F4A314620460EF088FE04B070BD44
S214024830314620461B4A04B0BDE870400EF066BE04
S21402484031462046184B194A04B0BDE870400EF0B7
S21402485041BE00220292164A0192104A0092154A5E
S214024860E0E702220B4B1A7000221046124904B0EF
S214024870BDE87040FEF742B8002202920F4A01924B
S214024880064A00920E4ACDE74D20CFE70120CDE73B
S21402489008570020586500209D460200D9480200AD
S2140248A0F5B603008547020079460200714702000A
S2140248B0E1460200F1460200514602006546020049
S2140248C0B7B6030008B50EF069FE0C22014B0020B5
S2140248D01A7008BD58650020F0B585B0ADF8060020
S2140248E018B9762164481AF01EFFBDF8060016F0C5
S2140248F0ABFA0446BDF8060016F0A6FA082846D01B
S2140249000C2CBDF8060042D116F0A1FB07461AF0A1
S214024910E8FF0DF10F010646BDF8060014F0B3FDE0
S214024920002879D00922002138461AF055FA9DF857
S2140249300F301033C518BDF806001AF029FBEDB289
S214024940854269D22946BDF806000EF035FF06F408
S2140249504C4416F44066054614D0F81C1AF0C1FF03
S2140249604FF6FF73984208BF44F04004B6F5006F56
S21402497008D1781D1AF0B5FF4FF6FF73984208BFAC
S21402498044F010049DF80F305BB3072D44D1BDF8F8
S214024990060016F04FFA0446BDF8060016F054FA62
S2140249A0082817D0A30615D524F0200189B2BDF831
S2140249B0060016F02AFABDF8060016F048FB00219B
S2140249C009221AF009FA00F1100189B20DF1060067
S2140249D018F07DFB0022BDF8061028481AF0EBFFFF
S2140249E01AE0082D16D8BDB1013D072D14D801A333
S2140249F053F825F0514A02005D4A0200194A0200A5
S214024A001D4A0200194A0200694A02008F49020042
S214024A106F4A02007C2D24D005B0F0BD24F48844F1
S214024A20A4B2B4F5084FF7D1BDF8060016F007FA9F
S214024A30BDF806100BF0D0FF0028A8D0BDF806007F
S214024A4016F068FA0022014602201AF013FFE3E786
S214024A5024F48064A4B2B4F5484F97E7B4F54C4FFB
S214024A6094E7B4F54C4F92D04CF6500301E04CF666
S214024A7040439C428AE700BF83950400F85D00200D
S214024A802DE9F7430F469046994606461AF064FA11
S214024A90044630461AF07CFAC5B2083D2C44E1784A
S214024AA0094BA2781970094B31461A70002043460A
S214024AB03A46CDF8009012F035FB003818BF0120B8
S214024AC003B0BDE8F08300BF7C6500207B65002054
S214024AD02DE9F04FDFF84081DFF8409198F800208A
S214024AE099F8003006469A4285B004D340F219116E
S214024AF042481AF018FE30460DF10F011AF000FC7B
S214024B0020B14FF48E713D481AF00DFE98F80070F1
S214024B109DF80F403D1B15F0FF0530D04FF0FF3CCF
S214024B20374B01211B78A140184699F800304FF602
S214024B30FF790CFA03FC0023324A01F1FF3E01938F
S214024B40C1F1000A9DF80430984243D8122004FBB3
S214024B5000002D4BA0F1120105EBC50252001944CC
S214024B6004F101091844F6F73DFC4FEA8909274883
S214024B70A9F104010144AA004844F6F733FC22498D
S214024B8004EBC40201EB420321F81260204A01370B
S214024B9012784FF6FF71DA731A745A7412025A8038
S214024BA01C4A0D2012781A7110225A7100229A732A
S214024BB0C3F80620C3F80A20144B43F8242088F8CA
S214024BC000701AF057FE0EB908F05CFF204605B0DA
S214024BD0BDE8F08F13884B450AD053680AEA030BE8
S214024BE003EA0E030B4403EB4B0343EA0C03536046
S214024BF0019B083201330193A4E700BF9695040097
S214024C003F6F00203C460020AC5B0020E0450020C1
S214024C107C65002059650020C66400203D6F002098
S214024C202DE9F041074600250A4B0B4E93F800800B
S214024C30ECB2A04503D8FF242046BDE8F081082246
S214024C403846B11DF6F7C8FE01350028F4D01236F4
S214024C50EEE700BFC6640020AC5B002008B5FFF795
S214024C60DFFFFF281DBF00B2044B00EBC0004FF66B
S214024C70FF7018BF33F8100008BD00BFAC5B002001
S214024C8007B50DF107011AF03BFB30B19DF807306E
S214024C90034803EBC30300EB430003B05DF804FBD9
S214024CA0AC5B00202DE9F843294E044633785D1E9E
S214024CB02D1A8342EDB204D84FF4A17125481AF09A
S214024CC032FD0123A3404FF0FF305F1E3B4400211C
S214024CD04FF6FF7E6FEA03081F4A92F800C01F4A8B
S214024CE0127890401E4ACBB29C4523D8BDB127B25B
S214024CF004EBC4041B48640005EBC50204F1120170
S214024D00014452002044F6F76DFBBF001648AA0085
S214024D10391D014402F0FC023844F6F763FB33788F
S214024D200022013B33704FF6FF71BDE8F8430E20B8
S214024D301AF0A0BD1388734507D0536808EA030922
S214024D403B4003EB59030343536008320131CAE781
S214024D50C6640020969504003F6F00203D6F002039
S214024D603C460020AC5B0020E045002010B50A4C13
S214024D70207858B9094B1B781A2B03D99921084871
S214024D801AF0D1FC0322074B1A7010BD0138C0B2CC
S214024D90FFF788FFECE700BFC66400203D6F0020E7
S214024DA096950400C26400202DE9F04705461AF0E5
S214024DB075FEFF28044624D1DFF884901E4B99F82E
S214024DC000201B789A422BD22846BDE8F047FFF710
S214024DD07FBE38883B79504518D86F2B4FEA13129E
S214024DE014D85B0710D0123708F1010899F80010A2
S214024DF05FFA88F6B142ECD80023104ADEB28E4241
S214024E0014D32046BDE8F087022AECD90DF0E2F969
S214024E100028E8D129463046BDE8F04716F08EBC99
S214024E204FF000084FF6F77A044FDFE710790133A8
S214024E308F28EFD81232E1E73D6F0020AC5B0020EE
S214024E40C66400204FF6F773984210B514D8FFF7E1
S214024E50ABFFFF2810D0134C00B200EBC00004EBEF
S214024E60400412F0B8FB104938B962880B7802EB9E
S214024E700313A3EB1213638010BD227C637C0978B4
S214024E809A42E2732374617407D98B4203D21346A3
S214024E908B4228BF0B461B02EDE78A42F8D3134625
S214024EA0F9E700BFAC5B00207C6500202DE9F041ED
S214024EB006460F4600240E4DDFF8388098F800307C
S214024EC0A34201D8BDE8F081082229463046F6F70B
S214024ED083FD40B935F8063CBB4204D02046FFF7B6
S214024EE0E1FE013CE4B20134E4B21235E6E700BF6B
S214024EF0B25B0020C6640020F8B5054608460E469A
S214024F00FFF78EFEFF2830D01D4B294653F820703F
S214024F103046FFF7CBFF2846FFF746FFFF2804463A
S214024F2025D10CF083F8FF280AD1164C207838B128
S214024F3014F071F92378B0FBF3F202FB1300C0B24F
S214024F40294616F0FBFB044623B20F4D03EBC303C0
S214024F5005EB430508223146A81DF6F743FA2B79DE
S214024F60204603F00F032B71F8BD0027D3E7074B4B
S214024F701B78002B18BF0027014B43F82070E3E78D
S214024F80E04500203D6F0020AC5B0020626F0020F1
S214024F9038B50B4B04461B780D46834204D840F2C4
S214024FA05A2108481AF0BFFB074804EBC40400EB7A
S214024FB044002946BDE8384008220630F6F712BA01
S214024FC03D6F002096950400AC5B002070B5044649
S214024FD008460E461AF062FDFF28054610D0204607
S214024FE0FFF71EFEFF2807D0084B1B7823B9084B95
S214024FF053F8202043F8252021462846FFF7C8FF0D
S21402500031462046BDE87040FFF750BF626F002071
S214025010E04500202DE9F843002480460127264675
S214025020114DDFF84C9099F80030A34210D83E4359
S2140250300134E4B21A2C4FEA470705F11205F2D101
S2140250404FF0FF30094B1B7898403043BDE8F88399
S2140250502B884345EBD0284616F0C8FB0328E6D833
S2140250602B796F2BE3D8E3E7AC5B00203D6F002083
S214025070C664002010B5084C00EBC00004EB4004E8
S21402508023795B0707D1204616F0B0FB237923F07D
S21402509007031843207110BDAC5B0020014B187843
S2140250A0704700BF636F0020014B1878704700BF3F
S2140250B0626F002070B51A48FEF782FB194B1B7808
S2140250C0033B012B28D805F0A3FB03F057FBBDE8F2
S2140250D070404FF47A5112481AF02AB823798F2B6F
S2140250E04FEA131111D80131204616F0AFFB0629FC
S2140250F001D8032909D12379002223F007034FF6AA
S214025100FF710F2023711AF0B5FB12340135327885
S214025110EBB29A42E2D8D6E70025034C034EF6E7F6
S214025120DC6C0020CD640020AC5B0020C66400204E
S2140251300022084B1878084BD1B2884203F11203BA
S21402514000D8704713F80D1C013221F0100103F845
S2140251500D1CF1E7C6640020AC5B00202DE9F04789
S21402516002261227DFF85C90DFF85C8099F8004090
S21402517000250CE007FB05F338F803A00021504693
S21402518016F049FB10B15CB1013CE4B2013599F866
S2140251900030EAB29342EDD8A34204D14FF6FF7A2A
S2140251A05046BDE8F08714F036F899F80030012E24
S2140251B0A3EB040390FBF3F202FB1300C4B2EDD0A0
S2140251C00126D5E7C6640020AC5B002010B5044675
S2140251D01AF064FCFF2808D120461AF0DDF8FF28F2
S2140251E01FBF024B1B78C018C0B210BD3D6F002017
S2140251F0044B00211A78044B04481B781A44920088
S214025200F6F79EB83D6F0020446F0020E045002070
S21402521010B5134B0C461B7886B0834212D911493F
S21402522000EBC00001EB4001082220460631F6F7EB
S214025230D9F800220821204616F03BF880F001003B
S214025240C0B206E0C01A01A9C0B20CF02BFA10B127
S214025250002006B010BD01AB03CB20606160E8E71A
S2140252603D6F0020AC5B002008B5074B024653F8A2
S21402527020308B4206D915204FF6FF711AF0FAFA43
S214025280002008BD0120FCE7E0450020024B01316A
S21402529043F82010704700BFE04500202DE9F34791
S2140252A081460C4600272A4EDFF8ACA09AF800305A
S2140252B0FDB2AB4210D86946204617F0CBFBC0B30E
S2140252C0082269464846F6F787FB90B349462046C9
S2140252D016F062FDFE2537E006F106080822414672
S2140252E04846F6F779FB90B94FF6FF739C422BD0EF
S2140252F03388A34228D020461AF04EF8FF2814D14D
S2140253004946204602B0BDE8F047FFF7F5BD14B99E
S21402531012360137CAE73388A342F9D100220821A0
S214025320404615F0C6FF0028F2D12846FFF7BAFC21
S214025330CCE74946002019F0FFFFFF28054603D0B8
S214025340044B1B780344DDB2284602B0BDE8F08762
S214025350AC5B00203D6F0020C664002008B5FFF756
S214025360E7FE054B1B78013B012B03D8BDE808403E
S2140253700CF084B908BD00BFCD6400200F4B1B782B
S21402538083420CD8C01A0E4AC0B232F81030D90482
S21402539011D443F4805322F8103001207047094B91
S2140253A000EBC00003EB40035A79D10603D442F067
S2140253B010025A71F1E70020704700BF3D6F0020CF
S2140253C0BC5D0020AC5B0020F0B5134B06461B7894
S2140253D0FBB100251148DFF84CC090F800E01048F9
S2140253E007781F44E8B2864501D80020F0BD7C1B32
S2140253F094FBF3F003FB10440CEBC4003CF834407F
S214025400B44204D1002AF1D184788C42EED0013520
S214025410E8E71846EAE700BF3F6F00209048002002
S214025420C46400203C46002070B511F0B7F914257C
S2140254300F49104E0B78328830809B1A03449BB279
S214025440B3FBF5F405FB14330B700B49E2B20B7891
S214025450934292BF00239B1ADBB2032A0B7088BFCB
S214025460002306499EBFD2000B68D3400B6070BD76
S2140254705C650020FC5D0020C3640020904800208C
S214025480084B1868084BC2B21B789A4208D2074BE0
S214025490C0F307201B78984234BF002001207047D3
S2140254A001207047904800203F6F00205B65002077
S2140254B0F8B505461746FFF7E3FF064610B9184B40
S2140254C01A783AB9212001224FF6FF711AF0D2F962
S2140254D00020F8BD1348DFF854C003780133B3FB4D
S2140254E0F2F402FB143303700F48DCF8002000EBE2
S2140254F0C30420F8335002F10132A1703846CCF8CA
S2140255000020FFF787FDE670606015F040FFA842B6
S21402551001D10120DDE7E3780133E370F9E700BF4C
S2140255203F6F0020C46400203C46002090480020C4
S21402553010B50B4C0B4A2378063B137011F02EF96C
S2140255400022094BFF211880084B09481A6022786E
S214025550D200F5F7F5FE0422064B1A7010BD00BF06
S2140255603F6F00205B650020FC5D00209048002015
S2140255703C460020C364002048B139B1044B1B7876
S2140255800B70044B1B780370012070470846704767
S2140255905A650020646F00202DE9F84307461AF08A
S2140255A0BBF805461A481AF02EFA1A4B48B31C687E
S2140255B03C1B2C44A4B20022174BDFF864901B78E5
S2140255C0164D99F8006005EB03155FFA82F846451A
S2140255D009D9AB8805F11000A34215D9B21A29469B
S2140255E01201F5F7FFFE013689F80060AC80B8F1CB
S2140255F0000F03D13946064819F09AFD2846BDE841
S214025600F8833C461D60D6E705460132DDE700BF5B
S214025610FC6C00200C5700205E650020E044002051
S2140256205F6500202DE9F74F1AF076F84FF0000E6E
S214025630284D294F2978294C97F800A004EB01132E
S21402564003EB0A120092F3465246DFF898801FFADE
S21402565080FC0646B8F80000ACEB0009A0EB0C0094
S2140256601FFA89F901900098984217D1BEF1000FEF
S21402567000D02970524503D200203A70FDF7E6F8B2
S2140256803B7823B32B78164804EB0314A188C8F89A
S214025690006003B0BDE8F04F19F04ABDB3F804C08D
S2140256A0CC450FD84FF0010E93F802C001310CF131
S2140256B0FF3C013AA3F804B083F802C0C9B2D2B2E2
S2140256C01033D0E701988444A3F804C0F8E703B087
S2140256D0BDE8F08F5E6500205F650020E044002094
S2140256E0FC6C00200C5700207FB56C461E4B1F4DED
S2140256F01E78013EF6B21E7095E80F0084E80F0091
S2140257001B4B28461A7805F1100132441201F5F7B0
S21402571069FE9DF8026016F00F0511D1BDF808006B
S2140257200EF0C4F9360918BF29464FF00002BDF83C
S214025730000008BF039904B0BDE8704003F0F4BC53
S214025740BDF80400FFF728FF0346828804ADADF8D3
S2140257500420224603CAAA4218605960144603F17E
S2140257600803F6D104B070BD5E650020E044002058
S2140257705F650020F8B50024084D094F094E3B78B6
S2140257803178E2B20B449A4204F1010400DBF8BD20
S2140257902846FDF725FD1035F1E700BFE04400205E
S2140257A05F6500205E65002070B5134B06460D4609
S2140257B0104612491A78124B09781B780B4493420A
S2140257C006DB1F204FF6FF711AF054F8002070BD5A
S2140257D0FFF7E2FE013506808570044619F097FF52
S2140257E0E0800EF069F940F602432081E360002073
S2140257F0FDF72CF80120EAE73C6F00205F650020E9
S2140258005E6500202DE9F84386460023144FDFF834
S2140258105C803E7898F8005012497219DCB29442C5
S2140258201CDA4FEA041C31F80C900133F14501EB07
S2140258300410F3D1631CD21A0CF1100C120161444D
S214025840F5F7D0FDA5428BBF05F1FF3506F1FF3611
S21402585088F800503E700CB9034B1C70BDE8F88304
S2140258605F650020E04400205D6500205E65002044
S214025870044B054A1B781278D3420CBF0120002045
S214025880704700BF5E6500205F650020024B1878F7
S214025890003818BF012070475E650020002108B559
S2140258A0084B09481970094B1970094B1970094BB6
S2140258B01A781201F5F744FDBDE808400648FDF7E0
S2140258C07FBF00BF5F650020E04400205E650020C9
S2140258D05D6500203C6F0020FC6C002010B50B4C70
S2140258E023784BB10A4803F0ABFD58B1084B0121AF
S2140258F0188815F08EFE08B9002010BD0122054B4F
S2140259001A70FAE7FFF7F0FEEAE700BF5E650020CE
S214025910E04400205D65002010B50E4B1B78BBB13D
S2140259200D4C238883424FF0000311D10B4AE160ED
S214025930137049B9A3781033A37016F060F918B93A
S214025940A37823F00F03A370FFF7CEFE012010BD4D
S2140259501846FCE75E650020E04400205D650020F6
S21402596070B592B00C46064613F052FCE17A054634
S2140259700020FCF72DFC28B394F90A0015F0A7FCCA
S21402598010BB134BE27A294683F85820A27A83F892
S2140259905A206A46FCF750FF4FF6FE739E420CBF33
S2140259A04FF6FF7323896A4629460020ADF8066043
S2140259B0ADF80430FDF7F6F940B92289054B5A8056
S2140259C012B070BD5520FBE75620F9E72120F7E715
S2140259D0245600201057002010B50446014608221F
S2140259E00948F5F7FFFC237B022B0AD8002B14BFCD
S2140259F03122012205490B7017234B61044B1A70A2
S214025A0010BD00230122F5E714570020105700208E
S214025A10CC640020014610230120014AFDF74ABF4C
S214025A2064EE0100014B5861704700BF105700201A
S214025A30014B1878704700BF1057002010B5054C70
S214025A402378112B03D0E221034819F06CFE412380
S214025A50237010BDCC640020A1950400064B0146BD
S214025A601B78042B04D1054A137E05331376704740
S214025A70034819F05DBB00BFCD640020105700201C
S214025A801C6D002008B50648FDF7AAFB0548FDF781
S214025A90A7FB13F004FDBDE8084001F003BB00BFFE
S214025AA0F85D00202C5E0020064B1878332806D0BE
S214025AB000F0EF00A0F1430358425841704701201E
S214025AC0704700BFCC640020002208B5074B4FF693
S214025AD0FE701A7015F067FC4FF6FF7015F080FC2A
S214025AE0034B5869BDE8084013F067BCCC6400203D
S214025AF01057002008B5064B187838B10548FDF750
S214025B004BFE4FF47A73B0FBF3F0C0B208BD00BF91
S214025B10C1640020504800202DE9F0438BB00746B0
S214025B20154698460E469DF8489049B9104605AC6B
S214025B3019F032FC21460BF0B5FD172818BF264691
S214025B40B9F1000F0AD1124B1B781BB9284616F082
S214025B50A6FFD0B92846FEF713F902E0284616F04B
S214025B609EFF80F00104E4B29DF850302A4602936C
S214025B709DF84C303146CDE90093384643460394AF
S214025B8015F0A5FE0BB0BDE8F0834C46ECE700BF6F
S214025B90C86400202DE9F04F97B099469DF88830EA
S214025BA0BDF880B0219D08939DF88C300E4658466D
S214025BB00FA90492079317F0ECFB05B3002800F038
S214025BC0208195F801A00FACCAF3400A8E4B19F05B
S214025BD0800F1B7814BF4F4649F08007022B17D060
S214025BE04FF6FF78002D40F087810225584615F0C3
S214025BF026F92B464246214615F042FCBCE05846A2
S214025C0015F09EF90446002800F0FB80AA46DDE760
S214025C101EB97E4B1B78002BE2D00DF13A012046CE
S214025C20FEF7FCFA584615F09EF9012838BF012007
S214025C30C3B2059395B3281D19F053FE804609F0AA
S214025C4002032046069315F07DFB21460990814605
S214025C50002019F071FB069A099B12BBFF2820D17F
S214025C60F2F7E6FA6A4A1278824200F032814FF67A
S214025C70FF72099B934214D1FEF726F8002800F023
S214025C8028814FF6F773984523D916F055F811A9CF
S214025C908146FEF7E9FA0028F7D02EE0BDF83A80F2
S214025CA0CDE74FF6F772904520D8934211D8984523
S214025CB00FD0194622460AA819F00AFB0A980B9931
S214025CC013AB03C3BDF83020022113A81A80FEF7D7
S214025CD039F9404611A9FEF7C7FA024628B9082143
S214025CE011A815F0E6FA002866D0C1464FF6F672FD
S214025CF009F1FF339BB29342C7D8BAF1000F03D122
S214025D00444B1B78002B60D1584615F098F8059B3B
S214025D104A4601930123214600933B46FEF7E4F8E8
S214025D204FF6FF739842804600F0D3800146002269
S214025D300AA819F0CDFA0A980B9913AB03C3BDF85B
S214025D403020022113A81A80FEF7FCF8002D3FF43B
S214025D504DAF002E40F0D28045460123C7F3C00760
S214025D604246CDE9016321462B4604980397CDF8B7
S214025D7000A015F0ACFDA846BAF1000F0FD04FF602
S214025D80FF7398450BD0404619F006FBFF281FBF4D
S214025D90214A32F8103023F4804322F81030089B50
S214025DA07BB315F0F4FA249B014600934246234641
S214025DB007980CF0EDFC24E00822204611A9F5F71E
S214025DC00BFE00287FF461AF8FE7002D64D0134BE3
S214025DD01B68980727D5049B0F2B21D0281D19F086
S214025DE080FD02230121CDE901310023C7F3C0075C
S214025DF00246009321464FF6FF730498039715F068
S214025E0066FD17B0BDE8F08FCC640020C1640020A8
S214025E10C5640020C8640020BC5D0020A4480020A1
S214025E20079B012BDAD1281D19F05BFD804619F07D
S214025E30B3FA0990404619F031FE4FF6FF71BDF8ED
S214025E403A208A4256D04245099B53D1FF2B4AD06C
S214025E50184616F03AFE784010F0EF0F14BF0123F2
S214025E600023BDF83A00099319F096FA0690BDF899
S214025E703A0019F013FE099B66B14FF6FF7CBDF897
S214025E803A10614506D0414504D0069A0240D2B285
S214025E90FF2AA3D1002BA1D1224649460AA819F00F
S214025EA017FA0A980B9913AB03C3BDF8302058466D
S214025EB01A8014F0C4FF3A460146059B13A8FDF764
S214025EC0DDFF30B94FF6FF73BDF8548098457FF476
S214025ED03DAF4FF6FF789DB10126281D19F001FD52
S214025EE04546804639E7FF2804D0069BB3FA83F37B
S214025EF05B09B6E70023B4E70226EEE70026ECE7E6
S214025F00012573E60022014B1A76704710570020CF
S214025F1008B50B4B1B78022B10D10A4B1B78033BA0
S214025F20012B0BD9084B187800F00100FEF730FA67
S214025F300023064AC2E90133538008BD0020F3E776
S214025F40CC640020CD640020C164002010570020DD
S214025F5038B5174D2B78033B012B1CD8154BB3F8DD
S214025F6068204FF6FF739A4215D10320FDF728FDED
S214025F7002F0CEFBFFF7CCFF2B78033B012B01D9B7
S214025F8009F0FCF8002018F0DDFE78B1BDE83840D4
S214025F90002015F06AB8FDF7FDFC0446FDF7F4FC98
S214025FA00146204608F05EFB0220DFE738BD00BF50
S214025FB0CD6400202456002008B5114A114B5861C2
S214025FC01378032B1BD0D3B1332B01D0432B10D124
S214025FD00D4B1B78033B012B05D803231370BDE83A
S214025FE0084013F0EAB913F0E8F9BDE80840FFF7F5
S214025FF0AFBF21231370BDE8084002F09DB908BD6B
S214026000CC64002010570020CD64002038B504462A
S2140260101348FDF7D5FB134B1B78013B012B1DD80C
S214026020114D5CB92B7823B140F619402C7013F051
S214026030C4F90024FFF76CFF204638BDFF2C05D0BC
S2140260404FF47A710648614319F072F82B78002BE8
S214026050EFD1012340F618402B70E8E70224E9E767
S21402606050480020CD640020C164002038B5114D90
S21402607004462B78834218BF287013F0D4FD80B1F3
S21402608024B9204613F0D1FD02220DE0012013F0C0
S214026090CCFD2B781A1F012A05D9062BF4D1032230
S2140260A002E0002CF5D10122BDE838400021084666
S2140260B015F033BBCD64002030B5044685B0684683
S2140260C00D46FFF7A7FC94B100212846144A02F0B9
S2140260D043FB144B20681B7861688DF80430124B22
S2140260E01B788DF8053002AB03C306F0B1FA0F4BEE
S2140260F093F8582093F85A308DF803208DF8023022
S21402610015F062F9ADF8000015F041F91023ADF86C
S214026110060069460020064AFDF7CCFB05B030BDF6
S21402612000F8FF07326F0020CD64002024560020BE
S21402613064EE010010B5144B04461A78134B002087
S21402614083F8582018F0FEFD10B1002014F08DFFE1
S21402615000210846FFF7B0FF0D4B1B78033B012BCF
S2140261600ED813F054FD2046FCF754FE40F61740B6
S21402617013F023F90023074A1380074A138010BD41
S2140261800BF016FCEFE700BF6065002024560020E7
S214026190CD640020D25D0020D05D00201FB50446ED
S2140261A06846FFF737FC54B100238DF805301023FC
S2140261B069460020064AFDF77DFB04B010BD15F0C7
S2140261C0E6F8ADF8060015F0FFF8ADF80000EEE7C9
S2140261D064EE010010B5014604460020FBF7F8FF06
S2140261E090B10C4B1B78023B032B0FD80A4B1C704A
S2140261F019F082F960B9094A0949FCF77FFB0038B1
S21402620018BF0120800010BD5520FCE70220FAE7E7
S2140262104D20F8E7CC64002060650020F998020063
S21402622035610200F8B5064619F066F9044668B903
S21402623018F088FD50B1064D204695F8587085F83E
S214026240586014F012FF10B185F858704D20F8BD52
S214026250245600202DE9F04180461846033B012BC8
S2140262600E46174602D918B121243CE0FFF7FEFE7F
S214026270294B1B78012B4CD0284B1D78022D08D0B9
S214026280032D46D1B8F1000F03D1254B1B689B079F
S2140262903FD43320FDF794FB01F0E8FCB6F1006F23
S2140262A034BF204B052231464FF0060038BF1A781D
S2140262B0FEF776FA044628BB1B4D2873012000F031
S2140262C029FF15F081F868802846B8F1000F0DD036
S2140262D0022300F8043B15F072FB6C732F613946FB
S2140262E0304612F0A4FF2046BDE8F081012300F8F4
S2140262F0043B15F064FB6C732F613946304612F08E
S21402630095FFF0E72846FDF75BFBB8F1000FF4D0E7
S214026310E5E70224E7E700BFCD640020CC64002056
S214026320A4480020656F002010570020034B187801
S21402633018B9034B034A1B78D05C7047CB64002025
S214026340CD64002073E2040038B5174B04461B7870
S214026350033B012B06D8437BDB0703D590F90900E4
S21402636013F054FC0025114B83F859502079FFF79F
S21402637059FFFFF7DBFF618824880346224628463A
S214026380FEF720F8044620B11720FFF715FE204638
S21402639038BD1723064DC82106486B6118F0C8FEA3
S2140263A003232B76F3E700BFCD640020245600209B
S2140263B0105700201C6D0020F0B51A4D06460C46FC
S2140263C093B0A5F8680005F16A0729BBC5F86A10FC
S2140263D0796012F01DFF6A4601460020FCF72CFA8F
S2140263E0D5F86A30ADF81060CDF812307B68CDF87B
S2140263F0163012F00DFF6A4601460020FCF7D2FC6A
S2140264004FF6FF73B5F86800984203D014B10649F8
S21402641012F010FF13B0F0BD08223846F4F7E2FF80
S214026420D7E700BF245600208E5600202DE9F04103
S214026430DFF8B8801F4698F8003005460C46164628
S2140264401BB102252846BDE8F081531E052BF8D85D
S21402645019F052F80028F4D13B7B032B14D14FF6E7
S214026460FE739C4212D1012E09D0022EE9D114F0FD
S2140264708EFF4FF6FB73984203D814F088FF04464B
S21402648004E015F059FCFAE7012EDAD0EDB93946E8
S2140264902046FFF765FA05460028D3D198F8003063
S2140264A0332B03D0532B1CBF0E4B18613046FFF71D
S2140264B0DDFD00214FF6FF70FFF77EFF0A4B1B78CB
S2140264C0002BBFD00BF048FABCE7397B721ECB1EFE
S2140264D0594259415042504107F054F905460028A6
S2140264E0D5D0AFE710570020666F0020CC6400209E
S2140264F02DE9F84305468846914614F048FF3F4E7C
S21402650004463378033B012B06D86B7BDB0703D5A7
S21402651095F9090013F07AFB14F039FF384B394F1E
S214026520188014F051FF384B1880FDF72DFA374BC0
S2140265301880FDF72FFA082201463548F4F752FF75
S21402654014F0EEFE334B18702879FFF76BFE00212D
S2140265506888FFF731FFFDF72DFB60B14FF6F67244
S214026560631E9BB2934206D915F0E6FBB7F8683075
S21402657004468342F8D0204614F015FF288814F00B
S2140265802FFF4946B7F86800C047044628B91920C5
S214026590FFF712FD1920BDE8F883B7F8681014F06B
S2140265A08DFC00231C4D87F859302B7803F0FB0333
S2140265B0022B02D0204615F07AF900222046114618
S2140265C0FFF7F2F80446A8B117236B613378042B61
S2140265D009D1C821114818F0ABFD03232B7684F0AD
S2140265E00100C0B2D7E74FF416710C4818F0A0FDB0
S2140265F00023F3E71720FFF7DFFCF0E7CD64002067
S214026600025E002024560020005E0020FE5D002070
S2140266106165002069650020105700201C6D00206F
S214026620F0B50C461E460B462049074689B004F1D3
S214026630140053F8045B834241F8045BF9D11B88CB
S21402664002AD0B80D4F80E00D4F81210238803C5CE
S214026650ADF8103023798DF812208DF81330002310
S2140266603A468DF814304FF6FE71012002ABFFF762
S214026670DDFEC8B902A8FFF7AFF9237B4BB10C4D7C
S2140266800C4B01AA29460120019313F09BFA2A78A3
S2140266901AB92046FFF758FE03E020460199FFF795
S2140266A027FF08B9044B1E7009B0F0BD045E002037
S2140266B010570020D5B903006A65002001232DE992
S2140266C0F341304E05460F4600202F491446737399
S2140266D000F0EEFC13F09CFADFF8AC8038B9012D1E
S2140266E001D9042D0FD12146384612F02AFE102079
S2140266F000210AF07FFC00283CD0002002B0BDE852
S214026700F041FCF7A3B8002CF1D1204B1B78212BCB
S21402671003D0062B01D0532B02D101F00DFEE6E783
S214026720FDF748FA0028E2D000F0EEFC28B9307BEC
S214026730C0F11800FFF740FCD9E7154B414620464A
S214026740019300F0B5FC20B140F61901114818F08B
S214026750EAFF01AA0B4998F80C0013F033FA3278D4
S2140267601AB90948FFF7F0FDC1E701990648FFF795
S214026770BFFEBCE7FFF78AF80028BED102B0BDE82C
S214026780F08100BF10570020045E0020CC64002079
S214026790D5B90300A19504001FB5144B04461B8807
S2140267A0DB0707D44FF6FF700021FFF705FE002037
S2140267B004B010BD0A230E4A012001A9FDF77AF89B
S2140267C04FF6FF73BDF80C209A42EBD00822FF2149
S2140267D001A814F06EFD0028E4D10CB90120E7E709
S2140267E0BDF80C0001A9FFF7E7FDF7E71C5E0020E5
S2140267F026E1010038B50C46154614F0D4FD03F028
S214026800AFFE29462046FFF7D7FD00F07DFC48B1D3
S214026810074BDB790E2B28BF0E230133DBB2054A6A
S214026820137038BD044B1B78013B18BF0123F6E7F3
S214026830045E002080650020CD64002038B500226A
S2140268400821044614F035FD0546C8B914F09FFD2C
S2140268502A464FF6FF71FFF7CDFF2046217CFFF751
S2140268602BFC6269E189207C01F076FF054B1B78E0
S214026870012B01D107F0F6F8FFF76AFB002038BDBE
S2140268800120FCE7CD64002038B51D46FFF7CEFD9B
S2140268900446C8B92B7B2846032B03D1BDE83840F3
S2140268A0FFF7CCBFFFF798F8084B25469C8114F0FB
S2140268B037FD0121064B81401A780620FDF770FF4E
S2140268C0044608B1034B1D70204638BD1057002001
S2140268D0656F0020CC64002030B5012087B0FFF73A
S2140268E05BFF6B460446144A1068516803C384B9BA
S2140268F005F0BCFE02A8FFF78DF84FF6FF7522469C
S214026900BDF80E002946FFF775FF12F099FC07B096
S21402691030BD6B46094AD2F86A00D2F86E10B2F859
S214026920685003C305F0A2FE02A8FFF773F86A4692
S214026930BDF80E00E6E700BF091F0400245600203B
S21402694073B53A4B04461B781BB10224204602B0AC
S21402695070BD18F0D1FD0028F7D100F0E5FB14B1A8
S2140269602288334B1A8000210DF10700FDF7ACF8A0
S214026970002856D115F014F804460028E6D12D4D0D
S2140269809DF80700FFF772FB2B785A1E012A1FD8C4
S214026990FFF7A2FF2B78033B012B01D801F014F975
S2140269A0FFF7D6FA012014F082FC034600283AD1FB
S2140269B02A78033A012AC9D81D4A108810F002051F
S2140269C021D0052201201C49FFF744FC0446BDE7FE
S2140269D0033B012B04D82046FFF7DEFE0028D7D162
S2140269E02B78053B012BB1D8FFF776FFFFF7B0FAFD
S2140269F02B78052B0CBF04200520FCF7E1FF0120B5
S214026A0014F055FCE2E70D4E0223314601200C4AF3
S214026A10FCF750FF33885B0798D5284601F0E8F864
S214026A2094E7172492E7044690E700BFCC64002060
S214026A301C5E0020CD64002000F8FF07CE5D00201B
S214026A4027E101007FB50024184E194D3278E3B2D3
S214026A509A4201D804B070BD4FF6FF73B5F86820AD
S214026A609A421AD0134B1B88DB0714D5124AB5F884
S214026A70683010685168ADF80C3001AB03C30F4A9A
S214026A800A23002001A9FCF715FF022300200C4A66
S214026A900C49FCF70FFF0134D8E70022082106480C
S214026AA014F007FC0028F6D1DCE700BF3E6F00209A
S214026AB0245600201C5E00208E56002026E101008F
S214026AC027E10100CE5D002010B501F0CFF802F0FC
S214026AD013F8D8B10E48FCF773FE0E480E4C017A36
S214026AE00E30FFF7E9FA23781BB100F0BFFA002355
S214026AF023700022094B1A73FFF72AFA08F056FD94
S214026B0001F044F9BDE81040FFF79CBF10BD00BF7E
S214026B101C6D0020045E00206A65002010570020CD
S214026B2010B52548FCF74CFE01F0E6FF30B1234BCA
S214026B301B781BB9BDE81040FFF7C6BF01F0DCFFAB
S214026B4078B11F4C237E83B1C8211B4818F0F0FA97
S214026B500021237E0846013B2376BDE81040FBF762
S214026B60E3BEFDF727F80028EBD1FDF723F8154B17
S214026B701B7858B9112B03D003F0FD03412B19D112
S214026B80BDE810400E4B5869FFF716BA332BF7D103
S214026B900D4B188814F007FC0C4B188814F020FCD8
S214026BA00B4B0C491888FFF707FC0B4B1878FFF7BE
S214026BB039FBE5E710BD00BF1C6D0020C86400204D
S214026BC010570020CC640020025E0020005E0020E9
S214026BD0FE5D002061650020696500202DE9F04F0A
S214026BE00F4685B002AD044629463846914616F051
S214026BF0D0FB4FF0000B82463846CDF804B014F0B6
S214026C0026FA4678022C804606F0020609D85CB1BF
S214026C10FCF7D0FF0446002848D1754B01241B78A8
S214026C2065E0043C022C3AD9FCF7C4FF384614F05F
S214026C3087F900240546A046DFF8D8A1384614F0A6
S214026C4006FA50F809300DF10500019318F049FED6
S214026C509DF807B00746B8F1000F4DD1BBF1000F03
S214026C605BD0DFF88C9199F800300BB1002E63D020
S214026C70002C61D05F4B1B78022B5DD1BBF1000F5D
S214026C8053D1384614F08FFB58465946FFF714FA8C
S214026C9008F08CFC40F6074012F08FFB34E014F04C
S214026CA04EFEFCF787FF0446F8B15C464EB1524BE7
S214026CB01B78012B02D0043B012B0BD805B0BDE894
S214026CC0F08F4B4B1B782BB14B4B1B7803F0FB031F
S214026CD0022BF3D0BAF1000F404608BF002516F08B
S214026CE04BFB4FF001088246A8E7414B1B78002B6E
S214026CF0F0D0002EEED1E1E7BAF1000FAED050464A
S214026D00FDF73AFB0028A9D1002018F01BF800284E
S214026D10D4D0002014F0A9F9D0E74FF6F7739F42BB
S214026D209FD91720FFF748F9EEE7FCF743FF48B173
S214026D303248FCF745FDF4E7FCF73CFF10B1BBF127
S214026D40000FF5D1FCF736FF0028DDD02846FDF708
S214026D5067FFFF28DFF89CA0294C03D09AF8003082
S214026D60012B04D12946B4F86800FEF7C5F8FEF7F1
S214026D7081F92A463846B4F86810FFF73BFD214BE6
S214026D80214A93F906301B0213809AF80030012B31
S214026D9019D0312B14BF432311238AF800301B4B22
S214026DA01648196818F0C4F900F00EFF0023124CBA
S214026DB099F80010237641B9104818F0B9F940F650
S214026DC01B436361A0E71123E7E7B8F1000F03D086
S214026DD016B1FFF779FEF2E70D4B1B78042BEED1C6
S214026DE00521064818F0A4F909232376E7E700BF31
S214026DF0C8640020CC640020105700201C6D0020C0
S214026E0024560020045E00201A5E00203C6D0020FE
S214026E10CD6400204F6500202DE9F043084693B06C
S214026E200E4614F014F909220021804617F0D4FF0A
S214026E300446304614F084F8052207460DF109038D
S214026E4030460AA912F013FB022881461DD09DF88F
S214026E50093031461C440023E4B204F1100218F84B
S214026E60045001200093D2B210F05CF968B1072DED
S214026E7009D855B1013D062D07D8DFE805F00918F7
S214026E80068A062541007C2D45D013B0BDE8F08366
S214026E905B4B1B78013B012BF7D8304613F0CFFF34
S214026EA0002332461946009414F04DFDEDE7554B8B
S214026EB01B78012BE9D1544B18780028E5D12246DD
S214026EC03146FFF78BFEE0E74D4B1B78013B012B6B
S214026ED0DBD8384609F0DCFF4FF6FF7398420446CB
S214026EE006D0304613F0ABFF2246394614F0B7FA06
S214026EF0444B1B78022BC8D1384612F020FAC4E75E
S214026F003F4B1B78013B012BBFD8494630460AAAA5
S214026F1000F01EF9B9E73A4B1B78013B012BB4D8B7
S214026F20A04498F8012098F80230652AADD16D2B5E
S214026F30ABD1304618F02CF81334E4B28442A4D213
S214026F400822394603A8F4F74DFA214630460DF1D9
S214026F500A0216F061F9002897D1BDF80A30002B14
S214026F6093D005A809F0B0FA0123284DBDF80A000F
S214026F702B7018F00DF80446BDF80A0017F0ECFF67
S214026F80E2B2034605A903A812F073F900232B7098
S214026F907BE71B4B1B78013B012B3FF676AF0622A5
S214026FA00021404617F018FF404418F09AFC0746A6
S214026FB0FCF758FE044600287FF467AF304613F00D
S214026FC039FFC3047FF561AF46F204030121ADF831
S214026FD0143038460223CDE9004405AA16F06BF9B0
S214026FE0054600283FF451AF394613F067FF304696
S214026FF013F025FF22462946FDF706FA45E700BFAD
S214027000CD640020CC640020105700209B65002031
S21402701008B5084B187050B1074B1B883BB14FF4AC
S2140270207A710648594318F083F8002008BD0120FB
S214027030FCE700BFBF640020DC6E00205047002043
S214027040014B1878704700BFBF640020014B1880C0
S21402705000207047DC6E002008B5FCF7B1FB00226A
S214027060014B1A7008BD00BFBF64002010B5002493
S214027070044B05481C80054B1C70FCF7A1FB204600
S21402708010BD00BF1E5E0020406D0020746500200B
S21402709008B50348FCF794FBBDE80840FFF7E6BFD7
S2140270A0406D00200148FCF79BB800BF1E5E002022
S2140270B0F7B5134B04461B780E46EBB183421DD937
S2140270C00021104818F071FC002501460D4F09B941
S2140270D0012009E0AC4209D100241623224630469C
S2140270E0009418F0FFFC204603B0F0BD384618F0B6
S2140270F080FC01350146EAE71820F5E72720F3E78A
S214027100746500201E5E0020014B1878704700BF91
S2140271107465002025289DBF024B18700020212090
S214027120704700BF686F0020012307B51846064A5D
S2140271300DF10701FCF7BEFB9DF80720034B1A7002
S21402714003B05DF804FB00BF29E10100DE6E0020FB
S214027150F8B507460E46144613F0F2FE1A4B0546DD
S2140271601B78022B2FD1194818F04DFC58BB284625
S21402717012F09AF938B322463146384612F090F9A0
S21402718008B312F048F80446384613F058FE104B7F
S214027190012E1A784FF00F0303FA02F39BB2B4FBE8
S2140271A0F3F203FB124404F10104A1B206D1094B27
S2140271B0094A1E702B6813606B6853600348BDE86B
S2140271C0F84017F0B5BFF8BDCC6400207048002028
S2140271D0676F0020736500206B65002084B010B5D1
S2140271E002AC84E80F00082227480DF11601089C1D
S2140271F0F4F7F2FB08BB9DF815309A0705D4234B2B
S2140272001B7803F0FD03312B1DD1214963780978E1
S21402721003F00F028A4203D0012922D1022A12D198
S214027220227882B91B09022B0DD11A4BA0781B7843
S214027230022B1AD1C0F3800006E000220821124871
S21402724014F037F820B90020BDE8104004B07047AB
S214027250114BBDF808205B889A42CCD0002BCAD0CE
S214027260F1E70229EFD1012AD9E7030609D40B4B2D
S214027270B3F86820BDF80A309A42E4D1FEF714FC4F
S214027280E2E70120E0E700BF14570020CC640020AC
S214027290326F0020CD6400201057002024560020B4
S2140272A0284BF0B55D88002387B08DF80830264B52
S2140272B00DF10B001B7805F0010743F020038DF853
S2140272C0093014F07CFB6FF07F43ADF813308DF875
S2140272D0153014F0F2FB1D4B8DF816001B7805F0E6
S2140272E01006DB00DCB2F0F7A3FF194B1B788342D3
S2140272F02CBF44F0040344F084032FB1A9061ED425
S21402730026B143F0020301E0AA07F9D40021084699
S2140273108DF80A3017F094FEADF8060058B1012336
S2140273200F2202A90DF10600FCF79EF918B90DF11D
S214027330060012F044FCBDF8060007B0F0BD43F0AC
S2140273400103DDE7DE6E0020326F0020806500203C
S214027350C564002010B5FCF733FA0A4B1B78022BE3
S2140273600CD1094B1B78033B012B07D9074C20781D
S21402737028B1002012F09BF80023237010BD14F0F1
S21402738041F8F9E7CC640020CD6400207365002044
S21402739084B02DE9F0478EB016AC84E80F00DFF813
S2140273A078C1594BBCF802009DF85DA010F00104AC
S2140273B09DF96220BDF870E09DF875909DF9767093
S2140273C09DF878509DF97A109DF95E809DF8606070
S2140273D01B7835D09DF87D00C0F34004C0F38000D2
S2140273E0002B4AD0494B1B78022B09D18A4244DB38
S2140273F024D1A81BC0B280288CBF0020012016E032
S214027400434B1B78012B01D1002C7AD078B19CF823
S21402741000301E335BB29F42D4BF00270127984537
S214027420D4BF00230123BB4206D18A42E0DA0EB063
S214027430BDE8F04704B070473846F8E70020F6E7A4
S21402744010F0020F18D0C3B1490814BF0120002063
S214027450520814BF012300238342E8D1AB1BDBB2E0
S214027460802B0AD9AE42E9D1B84506DB49D1CA45D6
S2140274702CBF00200120DAE70BB90120D7E7AE4285
S21402748016D002AC1CAF0FCF0FC497E8030044F827
S214027490040B2180DDE91A0116AB0090ADF804104A
S2140274A00FCB12F086FB0028E7D1AE42A1D1BEE791
S2140274B0BDF8583073451ED008AC0DF1700CBCE810
S2140274C00F000FC49CE8030044F8040B2180114C03
S2140274D0638873450FD10822211D0DF12E00F4F7A3
S2140274E07BFA024638B90821201D13F0E2FE10B9D5
S2140274F06388002BC1D1B845BFDBC2D1CA45BCD315
S214027500BFE7204693E700BF74650020CD640020E5
S214027510CC64002010570020DE6E002084B02DE9D7
S214027520F04F8FB06A4E18AC08AD84E80F001622F2
S21402753000212846F3F704FF33783BB90024654B55
S21402754032781B789A4239D2002726E00021624818
S21402755018F02BFA00270446B846DFF87C91002C78
S21402756045D13FB1224639465B4813F005FE3378D3
S214027570013B33703378002BE0D0002156484FF0A1
S214027580000918F012FA4F468046CA46DFF848B19C
S214027590B8F1000F6CD1002FD1D01621002218A806
S2140275A013F070FD014648B1002F00F08B80224692
S2140275B0494813F087FD337801333370454B3278F0
S2140275C01B789A4207D944480022018813F0D4FD5A
S2140275D03378013B33703378012B03D13F4940485F
S2140275E017F0A6FD0FB0BDE8F04F04B070470022BA
S2140275F0214616232846CDF8008018F073FA162284
S214027600294618A8F4F7E8F90028EBD09DF864207C
S2140276109DF824309A4225D1BDF86020BDF820306E
S2140276209A421FD108220DF12E010DF16E00F4F7D9
S214027630D3F9B8B902AF0DF1600CBCE80F000FC762
S2140276409CE8030047F8040B39800EAB13E90300ED
S2140276500090ADF8041095E80F00FFF799FE002899
S214027660C0D027462146484618F0C3F9044676E7B6
S2140276701623002241462846CDF800A018F032FA1A
S21402768002AF0DF1600CBCE80F000FC79CE80300C8
S21402769047F8040B39800EAB13E903000090ADF8EF
S2140276A0041095E80F00FFF773FE074620B1B9F104
S2140276B0000F04BF444681464146584618F099F9E1
S2140276C0804665E73A46044818F075F973E700BF46
S2140276D074650020686F00201E5E002020BF020036
S2140276E0406D00202DE9F04F002104469FB00DF1B9
S2140276F04008162240460E91CDE90C11CDF83B10FB
S214027700F3F71EFE052220460DF11F0316A911F0FF
S214027710AEFE0228074600F0F880204613F097FCDB
S214027720064618F0DEF88146F01C18F0DAF8ADF8D6
S2140277304000701D18F0D5F8012FADF84200204623
S21402774040F0E68013F083FC0546204617F004FC62
S2140277500D3502232D1A0093214643460820EAB22D
S2140277600FF0E0FC002800F0D080204613F074FCF6
S214027770012F83469DF84D3040F0E38000252F46CA
S21402778043F001038DF84D3016AE3388022B4DD1EF
S214027790F178204602310CF00FF81B2846D1F1781A
S2140277A0204603310CF008F819283FD1F17820461C
S2140277B004310CF001F84A2838D14FF0050AF17866
S2140277C02046013151440BF0F7FFF1780590514401
S2140277D020460BF0F1FF059B00EB032083B200F07E
S2140277E03F02932B059240F09B800023F7782146B8
S2140277F002375744FFB23A4600930CA80F2318F0FC
S21402780071F907F10F01204615F09CFC07F11101F2
S2140278100546204615F096FCADF84200059B02335D
S21402782053445FFA83FA33795345C8D806360DF1C6
S2140278307603B342A9D19DF84D20C5F3C03363F356
S214027840410220468DF84D2013F098FB8DF8440037
S214027850204613F088FB8DF84500204613F088FB7F
S2140278609DF83230BBF1190FC3F3C3028DF84720DF
S214027870DDF833208DF84600CDF84E20DDF83720AF
S214027880CDF8522094BF00229DF83E208DF8482065
S21402789003F003028DF84A206E4A1278022A9DF8F7
S2140278A04D200CBFC3F38003DB0963F382026A4BED
S2140278B08DF84D201B78022B57D1BDF8406013F08F
S2140278C083FD864251D108A814F079F8BBF1190F4E
S2140278D048D908220DF14E0108A8F4F77DF80028D1
S2140278E03DD1B9F5004F02D0B9F5624F0DD140F641
S2140278F0FF7325F440459D4207D1002208210DF171
S2140279004E0013F0D6FC00283FD01FB0BDE8F08F23
S21402791013F09DFB0546204617F01EFB073518E7B9
S214027920412B7FF47BAFF1782046023151440BF0B5
S21402793043FF4A4B1B78C3F1B30318448DF8490042
S2140279406CE76FF30003F01D8DF84D3017F0C9FF9A
S2140279500CA90546204614F066F80B276BE700F0E4
S214027960B3FFBEE700F0B0FFCFE7B9F5004F02D095
S214027970B9F5624FC9D140F6FF7325F440459D42E2
S214027980C3D1BBF1190FC0D9B7E7BBF11A0F06D0A6
S21402799007F11F0142462046C9B212F012F9304CD6
S2140279A0304D637BDBB12B78012B1DD10123237372
S2140279B00CAB029314AC94E803000090ADF80410EC
S2140279C098E80F00FFF70AFC90B194E803000090D5
S2140279D0ADF8041098E80F00FFF7A0FD08E0FCF7EA
S2140279E0E9F80028DFD0E1E703F0FD03042BDDD041
S2140279F02B78012B01D0042B87D11B4BDDF84E00D0
S214027A001B78DDF852108DF82230BDF84030ADF804
S214027A1020309DF84D30C3F340038DF823309DF897
S214027A20313003F00F038DF82C309DF848308DF876
S214027A302D3009AB03C30D4B1B681BB1414608A88A
S214027A40984762E79DF946209DF8451008A811F070
S214027A5074FC5AE7CD640020CC6400207B650020CD
S214027A6010570020586500207A6500200457002031
S214027A702DE9F043424B434C1B7885B0033B012B68
S214027A8022D817F049FE2378022B31D13E4A1468D9
S214027A90A0422DD03D4910600A68121B10443C4A91
S214027AA00860127872B1013A93403C2253434FF475
S214027AB07A72534398421BD9032005B0BDE8F043BF
S214027AC0FBF77EBF0A23F2E717F026FE2378022B87
S214027AD00ED12D4A1568A8420AD00027DFF8BC80CE
S214027AE02C4E1060451B98F80030FCB2A34202D818
S214027AF005B0BDE8F08356F8243020462B4446F8FD
S214027B00243017F0A1FCC3074FF0000910D5204619
S214027B1009F0FEF970B156F82430242B08D9102249
S214027B2000232046CDF8009009F00CFA46F824907F
S214027B300137D8E7184B1B5D13F00F031FBF03F185
S214027B40FF32022393403C220CBF0A2353434FF4D6
S214027B507A72534356F824209A42E9D9204609F00D
S214027B6067F902A914F076FF28B1204609F060F9F9
S214027B7002A911F060FB204615F002F8D8E700BF14
S214027B80CD640020CC6400209C4800209848002049
S214027B902D6F0020B446002071640020446F002040
S214027BA0064B1B88DB0708D50022054B43F820202E
S214027BB0044A135C63F00F0313547047205E0020E0
S214027BC0B44600207164002008B517F0A5FD002217
S214027BD0024B1860024B1A6008BD00BF9C4800208A
S214027BE098480020014B1868704700BF984800204C
S214027BF008B50C48FBF7E4FDFBF736FF80B10A4BED
S214027C000322B3F86810012011F0FDFF4FF47A71D9
S214027C10064B04481B885943BDE8084017F088BA4B
S214027C2008BD00BF606D002024560020BE6E0020F6
S214027C30014B188000207047E26E0020044A054B74
S214027C401870138823F0030318431080002070472F
S214027C50205E00202E6F0020034B1888C0F30E0013
S214027C60003818BF01207047CE5D002008B5FFF728
S214027C70F3FF30B1002004490223044A0880FBF7D0
S214027C8019FE002008BD00BFCE5D002027E10100DE
S214027C90024B1888C0F30E00704700BFCE5D00206E
S214027CA00023084A01201370074A08491370084B3C
S214027CB0084A1B7843F0040313800223064AFBF7A4
S214027CC0F9BD00BF7765002076650020CE5D0020F6
S214027CD02E6F0020205E002027E1010013B5144617
S214027CE08DF80710DAB9CAB20E2A18D80E4B1B88BE
S214027CF01341DB0713D517F04FFBFF2811D09DF871
S214027D0007200A4B0DF107011A5400F583300122B1
S214027D1000F58070E5F7D4F9204602B010BD0124C4
S214027D20FAE70224F8E700BFE26E00207164002042
S214027D3030B5012100240B2385B0104D019400912B
S214027D408DF80C308DF80D000323B5F8680003AAF1
S214027D508DF80E4015F0AFFA68B1B5F8681013F05A
S214027D604BFF40B10522064B64211A70054B0648AC
S214027D701C7017F0DDF905B030BD00BF2456002098
S214027D807665002077650020806D0020064B1B7804
S214027D90033B012B06D8054B1B781BB9044B1878FE
S214027DA0FFF7C6BF704700BFCD6400207565002090
S214027DB02D6F002010B51548FBF702FD144B1978FD
S214027DC0F9B9144A13787BB1013B1370124B1B7836
S214027DD0042B02D10846FAF7A7FDBDE810404FF47F
S214027DE096710A4817F0A4B90C4A128802F00302E8
S214027DF0022A0AD1BDE81040032201200849FEF7F4
S214027E0029BABDE81040FFF7C1BF10BD806D002043
S214027E107765002076650020CD640020CE5D0020C8
S214027E2000F8FF071FB50C238DF80C300B4B0C46E1
S214027E301B88012123F004038DF80E3000238DF8F1
S214027E400D00CDE900132046032303AA15F033FAEA
S214027E5010B1214613F0D0FE04B010BD205E002003
S214027E60F8B5064613F056F80546304615F047FABA
S214027E70411C044689B230460BF09EFC023407468B
S214027E80A1B230460BF098FC394602462846FFF768
S214027E9025FF022816D02946FFF7C4FF0A4B1B8887
S214027EA003F00303022B0DD1284617F075FAFF28BC
S214027EB008D00022054B43F82020054A135C63F0E5
S214027EC00F031354F8BD00BF205E0020B446002006
S214027ED071640020084B1A785AB10223013A934083
S214027EE04EF66022534303210448B3FBF1F117F028
S214027EF01FB942F21073F6E72D6F0020806D002046
S214027F0070B505461748FBF75BFC0122164B284660
S214027F101A7015F0F4F9411C044689B228460BF093
S214027F204BFCA11C064689B228460BF045FC0F4CBA
S214027F3002232080214600200D4AFBF7BBFC86B9AF
S214027F40238803F00303022B03D1FFF73DFEFFF75E
S214027F50C1FF23885B0704D5BDE870400548FFF7DC
S214027F6047BE70BD806D002077650020CE5D002084
S214027F7027E10100606D00202DE9F0431F4C054605
S214027F80238889B0002B33D01D4E00214FF4807019
S214027F9009F09CFA3378DB0728D50121208817F0F0
S214027FA013F80746208813F052F8023017F099FCAF
S214027FB005A98046208815F0A8FA3378384613F0CB
S214027FC0020F104B18BF0025B3F8009016F0E0FF22
S214027FD00646384616F0C0FFF6B202904246062122
S214027FE02846CDE9009605AB11F065F900232380FB
S214027FF0054809B0BDE8F043FBF7E2BB285E002067
S21402800078650020245E0020A06D00202DE9F04750
S214028010304F80463D880E4614469946ADB310460C
S21402802012F023FFB0F5006F2FD1204612F030FF7A
S214028030824617F0B1F9FF2827D02EB1264A32F829
S21402804010302B4322F81030B5F5007F36D0B5F548
S214028050806F33D0B5F5807F17D1204B1B88A342A3
S2140280601CD14FF6FF718A450FD0204612F026FF2C
S214028070284609F059FA50B93046FFF77DFF00232B
S214028080174A1380174A3B801370BDE8F087022018
S214028090002108F0AFFF0028EED1F0E7104D2B8844
S2140280A0A342F2D14FF6FF718A45EED024B12046A4
S2140280B012F004FF00232B800023E3E70023094A83
S2140280C03B80137031464B4622464046BDE8F04799
S2140280D013F01ABB225E0020BC5D0020285E002042
S2140280E0265E00205D65002010B5044640F621405D
S2140280F0FFF742FF01214FF4807009F0E7F978B1EB
S2140281000022084B1C80084B1A700BF0D5FCBDE809
S2140281101040064B1880064B0648198817F008B818
S21402812010BD00BF285E002078650020245E002077
S214028130C06E0020A06D0020044A137818B943F0E0
S21402814001031370704743F00303FAE778650020D3
S2140281502DE9F04FDFF84C9187B099F80060002EB9
S21402816040F08C80DFF840B1DFF840A19BF8003089
S214028170F4B2A34207D80022424B1A8007B0BDE8E9
S214028180F04FFDF7ABBB20463AF8145008F0C0FE9D
S2140281908046002860D0204608F04AFE15F400719A
S2140281A0074645D001464FF6FF720E2013F047FEF3
S2140281B00546002850D0394612F080FE4FF4007370
S2140281C00027304E204633803AF8142022EA030372
S2140281D02AF8143010220023009708F0B3FE2A4B28
S2140281E01B88DB0707D5294B294A43F82470135D01
S2140281F063F00F031355182000216043254B264CCD
S2140282000093019101232A46205CFAF7B1FB00286D
S21402821014BF0123002389F8003005D13388B3F553
S214028220807F01D11D4B1880404607B0BDE8F08F15
S214028230680513D5059113F07FFD012205990346C3
S214028240009207203A46CDE90111FDF765FC4FF48E
S21402825080630546002DB3D1013687E7104B188898
S2140282600028F9D0EA05F7D5394612F027FE0C4B5E
S2140282701D880A4B1D804FF48073EBE74FF0000811
S214028280D2E700BF225E0020205E0020B446002017
S214028290716400200D800200F0130020265E00208C
S2140282A0285E00205D650020446F0020BC5D002033
S2140282B0042230B501F0400387B0002B054614BFF8
S2140282C0012400248DF80C208DF80D1004D004A98A
S2140282D014F0C0FB38B304ABCDE9004301210223FE
S2140282E0284603AA14F0E7FF0446F0B1104B1B78A9
S2140282F0033B012B04D80F4BB3F8681012F0DEFDD7
S2140283004FF6F7739D4209D9322202212046FDF725
S2140283104BFA80F00100C0B207B030BD29462046B5
S21402832013F06AFCF5E70120F6E71920F4E700BF30
S214028330CD6400202456002010B5FFF797FC04F009
S214028340DBFF13F0B2FA002014F07FFB17F0D4F82C
S21402835008B1FCF7B7FA204C2378532B12D103232B
S21402836023700023FF2219460120FDF773FF002029
S21402837016F0E8FC10B1002012F077FEBDE81040BF
S21402838011F045BC062B01D0212BF0D10120FDF7C0
S21402839005FF4FF6FE7013F006F84FF6FF7013F067
S2140283A01FF80020FDF732FE0020FDF75FFEFDF706
S2140283B0AFFD00F087FB11F02DFC2378212B02D1B4
S2140283C0FDF782FBD3E70020FBF7FAFA00214FF411
S2140283D0004014F03CF9CAE7CC64002010B50A4C01
S2140283E00A48FBF7EDF92378062B02D10120FDF7A8
S2140283F0D5FE2378062B01D0532B03D1BDE81040BF
S214028400FFF79ABF10BD00BFCC640020C06D0020ED
S2140284102DE9F84FDFF8CC8004460E461746FFF7E4
S21402842025FC98F8005015B90220BDE8F88F212DDA
S214028430FAD0DFF8B49099F80030012B01D1A306E8
S214028440F2D4274817F0DFFA0028EDD114F0200402
S21402845039463046DFF894B0DFF894A005F00F05F1
S2140284601BD010F0E6FE012D8BF80070AAF8006013
S21402847033D1212388F80030FFF75EFF0020D4E7CF
S214028480212388F80030FFF757FF00214FF6FE70D1
S214028490FDF792FFFEF7D6FAF0E710F0C9FE012DBF
S2140284A08BF80070AAF80060EAD0062321464FF641
S2140284B0FD7088F80030FFF7FBFE40F6020240F23D
S2140284C0262199F800300648033B012B88BF114647
S2140284D016F02EFE002CD1D1D7E75323E6E700BFD5
S2140284E0C06D0020CC640020CD6400207965002099
S2140284F0E46E00202DE9FF410F460546511C384622
S2140285000BF05AF90446384612F0A1FD0646023030
S21402851017F0E7F9424B80461B7804F04002022B24
S21402852002D0043B012B06D83E4B1B68580205D5E9
S214028530A10603D452B304B0BDE8F08132B33A4A7E
S2140285401278D11E012917D8384BB3F86830AB42DF
S214028550F1D17378180714D5304614F00DFFFBF7E7
S2140285600BFF0028E7D00122294604F0200004B0C1
S214028570BDE8F041FFF74CBF022ADCD1DF01DAD4B6
S214028580E7E712F004FF4045D5D1ECE7264B1B780F
S214028590013B012BCFD87378D906CCD502A9384631
S2140285A014F0F7FE002002A916F0C6FEFF280646C3
S2140285B00BD0A20601D413F065FA304608F038FC58
S2140285C004F0BAFE304614F0DBFA284617F066FAD4
S2140285D0FF280DD0FCF766FB14F0200608D112F037
S2140285E0D6FE28B133460222284602A905F0E0FF4D
S2140285F012F0CDFE00289ED1A3069CD402A94FF607
S214028600FF73022228460EF04EFD4FF6FF72034617
S21402861000922846022202A910F0FDFE8BE700BF58
S214028620CC640020A4480020CD64002024560020FC
S21402863038B504460D4616F0AFFEFF28034615D0A1
S2140286400B4A127842B10B4A32F81020520403D574
S21402865014F096FA002038BD184613F013FA204696
S21402866045F04001BDE83840FFF722BE0120F2E7A0
S214028670C8640020BC5D002038B5054612F0E7FC51
S2140286800446284614F03BFE411C89B228460BF0ED
S21402869093F842060DD563781B070FD5204614F0D3
S2140286A06BFE0146002016F047FEBDE8384014F087
S2140286B067BA0348BDE83840FFF790BE38BD00BF32
S2140286C0C06D002038B54FF6FF75A842044617D095
S2140286D012F07AFEA04213D04FF6FD72094B1988AB
S2140286E091420DD9084A1288AA4201D0A24207D165
S2140286F01C804FF47A71BDE83840044816F018BD65
S21402870038BD00BFCA6E0020E66E0020304800204A
S21402871008B50448FBF754F84FF6FF72024B1A806E
S21402872008BD00BF30480020CA6E002037B5054697
S2140287300C46082369460120064AFBF7BBF815B12A
S2140287409DF806302B700CB1009B2360BDF8040028
S21402875003B030BD25E1010007B508238DF80600F9
S214028760ADF80410009269460020034AFBF7A2F80F
S21402877003B05DF804FB00BF25E10100024A13784E
S2140287800BB1013B13707047BB64002008B512F0B2
S21402879027FE00214FF6FF72054B08461A80FDF7AA
S2140287A08BFCBDE8084040F6164010F006BE00BF3F
S2140287B0CA6E002008B5FBF703F80A4B1B78023B8B
S2140287C0032B08D84FF6FE73074A108898424FF6D6
S2140287D0FF7301D1138008BD9842FCD0BDE8084063
S2140287E0FFF7D4BFCC640020CA6E002010B5084B39
S2140287F01B78042B0AD012F0CAFD00210446084654
S214028800FFF794FF231A5842584110BD0020FCE798
S214028810CD640020F0B5002689B00546CDE9056690
S214028820ADF81C6014F06BFD0A2302460446294686
S214028830009605A817F056F99DF815309DF81470A5
S2140288401F2B27D803A813F0BAF808220DF1160139
S21402885003A8F3F7C1F80646E0B9092F1CD1FFF7C3
S214028860C5FFB8B1144B1B78A3B1144B1A884FF648
S214028870FD739A420ED9124C124A23780433DBB2A5
S21402888023701278013AB3EB820F03DD58B20EF072
S2140288905FFE267009B0F0BD0A34E4B221462846CF
S2140288A00AF08AFF13F014F9611C284614F04AFCF9
S2140288B0FFF708FFEEE700BF466F0020CA6E0020F3
S2140288C0BB6400202C6F002038B5134B1B78033B8B
S2140288D0012B20D9114B4FF6FF711B78ABB1104D0F
S2140288E02B888B4217D112F06FFD4EF6602104469C
S2140288F00C4816F01DFC4FF6FE7322462B80002114
S214028900BDE83840092013F0F1B8074A13888B42B5
S2140289101CBF0133138038BDCD640020466F002093
S214028920CA6E002030480020CA5D002010B50446FA
S21402893061B1FF2112F02CFB0021204612F02EFB23
S21402894012F05CFA0146204612F02EFB2146BDE8E4
S21402895010400022014817F02EB800BF2C5E0020FF
S2140289602DE9F0410D461746044612F070FB0678D4
S2140289702846FBF777F929468046204612F09EFAEB
S21402898012F005FDA84206D120460121FFF7CEFFD0
S2140289900120BDE8F0812846B8F1000F0AD0FBF7A7
S2140289A0EFF950B9144B3A462046BDE8F041197823
S2140289B0FCF7FABE14F073F8F3E706F00306012E8E
S2140289C008D012F0E4FC00232246294602F030FFCB
S2140289D00028D9D1204612F02DFA430505D52046A7
S2140289E0BDE8F041002112F014BE204614F02AF829
S2140289F0B0FA80F04009CCE72A6F002010B586B0A6
S214028A00044614F07CFC104B024618681979029052
S214028A10D3F805005B7A01328DF8143000238DF806
S214028A200C1004902146009392B2052304A817F076
S214028A3059F8052204A902A8F2F7CEFFB0FA80F090
S214028A40400906B010BD00BFDCE1040008B50748C7
S214028A50FAF7B6FE064B1B78033B012B05D8BDE89A
S214028A60084000210846F9F75FBF08BDE06D002008
S214028A70CD64002008B5114812F0B8FB104B1B78E5
S214028A80012B06D8FF2009F0FDFBFCF751FD08F08C
S214028A909DFCFCF76BF902F06BF9FFF701F914F095
S214028AA0C5FD0BF05BFBFCF7F9FE0BF085F810F04A
S214028AB0C4FBBDE8084003F0B1B900BFEC56002085
S214028AC02B6F002008B5EFF701FDFF2803D0094BF6
S214028AD01B78012B06D9002009F0D4FBFCF728FDF1
S214028AE008F074FCFCF742F902F042F9BDE80840CF
S214028AF003F094B92B6F0020064B1878112806D085
S214028B0000F0FD00A0F14103584258417047012091
S214028B10704700BFCC6400202DE9F0410446FCF704
S214028B20AFFC18B100263046BDE8F0811D4B1B781D
S214028B30033B012B09D81C4BB3F868104FF6FF73A2
S214028B409942EFD0204612F0B9F9184B022120467E
S214028B501A88FCF729FE06460028E3D0204612F0C3
S214028B6076FA90F807800546043016F0BAFE0746F5
S214028B7012F00DFC414602463846FCF799FCA81C4A
S214028B8016F0AFFE4FF6FF73984202D12046FFF76B
S214028B90ABFA2B789B07C6D101212046FFF7C6FE0B
S214028BA0C1E700BFCD640020245600202A5E0020C4
S214028BB02DE9F04F002585B00746039512F047FAD7
S214028BC00646043016F08DFE8046B01C16F089FE6E
S214028BD0337804464046009316F0DEFB8246404653
S214028BE0FBF740F83378BAF1FF0F0CBF83464FF01D
S214028BF0010B9A070AD112F0CAFB404514BFD946A8
S214028C004FF00109B3791BB90320B9E0A946F9E789
S214028C1012F0BDFBA04205D112F0B9FB0446994BF7
S214028C201B7836E0984B1B78052BF8D0033B012BBC
S214028C3003D8964BB3F86840F1E7204616F04BFF90
S214028C40737840B313F00402DFF838820BD198F839
S214028C5000301A4421463846D2B2FFF781FE002879
S214028C60D2D000208CE0384614F00BFB01460546B5
S214028C7038460AF0A1FD421C52002946384602F048
S214028C80FE0212F079FF737823F00403737098F8EB
S214028C9000300022DDE75B0726D5384614F0F1FAED
S214028CA00146064638460AF087FD824606F1010965
S214028CB01FFA89F9494638460AF07EFDDFF8C48174
S214028CC0BAF1000F01D0FF2805D1002249463846E6
S214028CD00AF086FDDBE7B11C01EB4001C9B238465B
S214028CE014F030FA0446D2E7204603AA02A914F08A
S214028CF026F80546B9F1000F4AD0009B03F0C003E0
S214028D00802B0ED1FF2320468DF809300BF03EFA59
S214028D10FF281BD00DF109020DF10A010BF02AFC07
S214028D2014E0402B34D19DF808308BB3FF23204645
S214028D308DF809300BF02AFAFF2807D00DF1090248
S214028D400DF10A010BF016FC2D281CD13378404693
S214028D5003F03F03337016F0BEFE10B912F017FB95
S214028D608046002342461946204608F04FFE002859
S214028D703FF44AAFC822072138460AF055FF0120C1
S214028D8005B0BDE8F08F9DF80930FF2BDED12546F1
S214028D90039838B99DF80820002A62D1394B2C4630
S214028DA01B7856E709F032FA039AFF28034612792F
S214028DB008D1CDE900204FF4E171354816F0B3FC36
S214028DC0DDE90023B9F1000FE4D002F03002102AE8
S214028DD00AD0202ADED1BBF1000F24D05146184615
S214028DE009F016FC0028D5D1DFF8A89099F80030D3
S214028DF0012B45D0204610F0E6FE28B92A46214629
S214028E004046F37913F01EFFA54212D1039A137956
S214028E1023F00C0313719DF80830ABB92C46194B9E
S214028E201B78302215E7039B1B7913F00C0FDBD15E
S214028E30B0E799F80030022BE8D0039A137923F0B2
S214028E400C0343F00403E5E70121204612F0E3FC9D
S214028E5020B920460BF09AF9FF280FD0094B1B7851
S214028E60DFE70121204612F0D6FC00287FF4D7AEB9
S214028E7020460BF08BF9FF287FF4D1AE02207FE765
S214028E80A542D9E72A5E0020CD64002024560020A1
S214028E90179604007D65002038B50E4B04461B78F5
S214028EA00D46033B012B10D900F108039BB2012BA0
S214028EB00DD812F06CFA002302462946204608F026
S214028EC0A5FD80F00100C0B238BD0120FCE70220FB
S214028ED0FAE700BFCD6400202DE9F04106461046B1
S214028EE00D4614F00CFAA0F11004E7B256FA84F418
S214028EF02146EA1B04F10E00F2F774FA2823DFF883
S214028F004480F35598F80030637301F045FF611C06
S214028F100246012010F091FE08220949601DF2F770
S214028F2061FA98F8000013F000FC05F10E013046D5
S214028F303B460022C9B201F0E1FF1220BDE8F081F3
S214028F404F650020C76400202DE9F04F89B0044623
S214028F5012F07DF80546204611F0DCFF0746281D74
S214028F6016F0BFFC8146A81C16F0BBFC03903846E0
S214028F7095F807A016F0AFFD2B780490990761D1FB
S214028F802146042002F0C2F800285BD0204614F0E6
S214028F90B6F9014620460AF00FFC820752D1204657
S214028FA014F0ADF9014620460AF006FC10F0030361
S214028FB0059347D12046FFF721FD002842D02046E0
S214028FC014F092FA461C204615F0E2FFF6B206F1BD
S214028FD00A0B834580F29F80504A06AB10685168A0
S214028FE003C3711C20460AF0E7FB31468046204642
S214028FF00AF0E2FB594600EB082820460AF0DCFBA2
S2140290008346059B2146B21C009306A8082316F049
S21402901069FD1FFA88F8204611F07CFF5A46414641
S21402902010F0FFFD0122404606A901F09BFB002836
S21402903071D102200BF036F8013003D1404606A962
S214029040EFF712FB12F0A3F948453A46514608D10B
S21402905012F00FFC00285ED109B0BDE8F04F01F017
S21402906077BB484612F005FC002854D12C4B1B78DF
S2140290701BB93946484612F099FD3A4651464846CB
S214029080FCF716FA002846D0297811F0030102D11F
S2140290902046FFF74BFCAB79002B3CD0214B1B78CC
S2140290A0DA1E012A37D9062B35D06B78DB070DD5A9
S2140290B003982E7A13F0D8FB10B3F30803F01C03C0
S2140290C026F01F06334343F001032B724FF6FF715F
S2140290D0204611F0F3FE049BDBB910F09CF800F07A
S2140290E03F0202212046FCF75FFB4FF6FF73039A0E
S2140290F09A4210D1204609B0BDE8F04FFEF7F4BF01
S21402910006F01C031C2BE1D0042B04D9043E2E725D
S214029110DCE70022E5E709B0BDE8F08F091F04008E
S214029120C3640020CD6400202DE9F04385B00446D8
S2140291300E46174611F088FE0C2820467BD111F009
S21402914086FF0922002115F047FE00F11005EDB258
S214029150294620460AF030FB042853D006D80128B8
S21402916015D0022822D005B0BDE8F0837C28FAD1BB
S214029170204615F00DFF0546204615F0EDFE024688
S2140291803046E9B205B0BDE8F04310F070B846B913
S2140291901321204613F0D6FF05B0BDE8F04312F0C7
S2140291A01FB905B0BDE8F043FCF7ACBE9D4B1B787B
S2140291B0013B012BD7D82046E91C0AF0FDFA0746E8
S2140291C086B978B9691C204613F0BCFF05462146CD
S2140291D013F099FA3A462946102005B0BDE8F04346
S2140291E016F048BB002508232146152200950DEBF4
S2140291F0030016F077FC284602A916F09DF813F035
S214029200BFFCB0E7884B1B78022BACD146B9FEF701
S2140292103FFDC2070AD5FEF7D7FC002F08BF3F2640
S214029220304605B0BDE8F04310F02DB8FEF714FD49
S2140292300028F0D0F1E711F00AFF8046043016F05D
S21402924050FB074608F1020016F04BFB4FF6F77389
S214029250984205460CD8754A138801339BB2138090
S2140292600BB9734A13801EB1714A138801331380F7
S21402927098F8009009F00309B9F1010F40F08380D5
S214029280204614F03CF8014620460AF095FA0438C7
S21402929009283FF668AF01A353F820F0C5920200F2
S2140292A06791020067910200E9920200679102004C
S2140292B06791020067910200D19202006791020054
S2140292C0D1920200204605B0BDE8F043FFF7D4B9BC
S2140292D0544B1B78042B7FF446AF0021084605B09A
S2140292E0BDE8F043F9F720BB4E4B1B78013B012B40
S2140292F03FF639AF404614F03FF800274D4B014683
S2140293005B898DF80A70ADF8083000283FF42BAF61
S214029310384616F011F80546204613F0F0FF421CB8
S21402932003232146009792B202A816F0DBFB9DF8B3
S2140293300A30E6B93C4A1278022A18D1BBB9FF2D88
S214029340BDF808400AD03C4A214632F81530284675
S21402935023F4806322F8153013F0F1FB204613F055
S214029360CFFC00222146102016F084FAFBE6022BE0
S2140293703FF4F9AE2BB9304B33F815305B053FF5A9
S214029380F2AE28463BE7B9F1000F7FF4ECAE314669
S214029390204604F0BBF8002E3FF4E5AE4FF6F77316
S2140293A09D423FF6E0AE98F80160284616F00406A5
S2140293B020D113F0F2FC044628467CB113F06FFB72
S2140293C00346F0B90C2200902946384612F04CFDAE
S2140293D00C22002339462846009308E013F05FFB70
S2140293E00346B8B9154A009012782946384612F054
S2140293F03BFDB8E613F053FB034678B90B22009008
S214029400F3E70622334629463846009612F02CFD2C
S2140294100622DEE7234600940622E6E74B46CDF810
S2140294200090F9E7CD640020CC640020D25D0020D5
S214029430D05D0020DCE10400BC5D00206A6F0020E5
S2140294402DE9F04F05888BB00446284611F0FFFD43
S2140294508046043016F045FA074608F1020016F078
S21402946040FA05A90190284613F093FF284613F008
S21402947046FF0146064628460AF09EF998F800304E
S214029480029003F00303012B0CBF82464FF0FF0A43
S21402949016F03DF9B4F806B0814611F078FF98F858
S2140294A0073000903846039301F08AF8002838D136
S2140294B0019801F085F8002849D1FCF7B9FAA9EB22
S2140294C00B0B1FFA8BFB8146FAF774FB002844D17C
S2140294D0FFF712FB002840D1A14B1B78033B012B60
S2140294E042D8BAF1060F00F0BE80BAF1040F00F0BF
S2140294F0BA80FFF701FB20B1029B03F00303012BA6
S21402950032D0FAF7B1FA28B9964B1B7803F00F035C
S214029510062B6FD1944B2846B3F8681011F0CEFC98
S21402952022E0284611F093FD023016F0DAF94FF6E3
S214029530F773984206D9039B23B92846FFF75EFACB
S2140295400028B5D1A37823F00F03A37054E0019846
S21402955016F0C1FA0028B0D1F4E7A9F104095FFABF
S21402956089F9B9F1020FB7D8BAF1010F40F0A2801B
S214029570284611F08DFC4FF6FF7398426AD10023FD
S2140295803146284607AA13F01EFB80460028D9D08B
S21402959042799DF82530934209D9711D284689B231
S2140295A00AF01EF9A37823F00F030233A3700FF01C
S2140295B032FE7E23B0FBF3F202FB130303F5807345
S2140295C0A3809DF8263013F0180F0BD0A378190746
S2140295D008D1009BBB4205D0384698F8052005A95D
S2140295E00FF061FE9DF82700003818BF01200BB06F
S2140295F0BDE8F08F2823A3800020F8E7584B1B789D
S214029600033B012B5FD940F6B8339B459AD80FF03F
S21402961002FEFF238DF81330002300F03F00C0F552
S214029620FA70A08007A90DF113008DF81C30FBF725
S214029630A3FF054698F80710384612F00EF9002DDB
S21402964080D09DF81C20013A032A7BD8DFE802F07E
S214029650807A697D4FF6F773019A9A4224D898F871
S2140296600130DA0720D4284611F012FC16F0D0F9A1
S214029670012808BF3D4BA27809BF1B78FA2303EBEB
S214029680830303EB830302BF9B00FA339BB21209E8
S2140296907FF458AF5B45FFF455AF0FF0BCFD00F00A
S2140296A01F001030A08053E02D4B1B78033B012B8C
S2140296B0A9D8D8E74FF6F773019A9A429ED898F837
S2140296C00130DB079AD4BAF1020F53D10123314697
S2140296D007AA284613F077FA074611F058FEBDF897
S2140296E02230984236D1002F3FF42CAF01227B88DD
S2140296F03146284608F00EFB1D4A13780133DBB2CA
S21402970088F8073013707B88BDF81E209A421FBF68
S214029710A37823F00F030233A3704FF4C873A38019
S21402972016E0009BBB4213D000283FF40BAF426802
S21402973001323FF407AFC2789DF813309A42BFF465
S21402974001AF05E0009BBB4202D0A2781209EBD122
S21402975001204CE7184616F0BEF90028C3D182E76E
S214029760CD640020CC640020245600203C6F0020EC
S214029770CA640020BAF1030F7FF475AF009BBB42A8
S2140297807FF471AF711C284689B20AF015F80C28CE
S2140297907FF469AFFBF7E2FC4FF6FF73984201468F
S2140297A03FF461AF284611F089FB5CE72DE9F341EF
S2140297B00446008811F04BFC0546043016F091F87A
S2140297C00646A81C16F08DF8074615F0A0FF0546BB
S2140297D03046B4F8068000F0F3FE064648B938462E
S2140297E000F0EEFE58B9194AA3781278033A012A15
S2140297F00BD8A378002623F00F03A37021E0384687
S21402980016F069F90028EED1F3E71B09F1D1A5EBB2
S2140298100805ADB2B5F5C86FEBD80DF103013846B1
S21402982001AA019313F08BFA9DF80350014645B93D
S2140298304FF6FF73984204D00126208811F03EFBB3
S214029840A580304602B0BDE8F08100BFCD6400209E
S2140298502DE9F04105460C4611F0F6FA082802D129
S2140298600120BDE8F081201D16F03BF8064628468A
S21402987094F8078011F04EFB0746284611F0DAFAF4
S214029880010612D5184B1B78042B0ED1174B1B78EA
S214029890022B0AD1164BB3F868204FF6FF739A4292
S2140298A003D000210846F9F73FF8124B1B78002B2D
S2140298B0D6D1A01C16F015F84FF6F773984202D8C8
S2140298C06378DA070DD523789B070AD13A464146D4
S2140298D0304611F0CEFF80F00100C0B200F0010069
S2140298E0BFE70120FAE700BFCD640020CC64002069
S2140298F0245600207F6500202DE9F04F9DB00446D7
S21402990011F0A2FA0546204611F09EFA08285AD10E
S2140299104FF40043102200212046ADF8503012F0DA
S2140299202BF9204615F018FB0DF037FE00232146D2
S2140299301A460C2000930DF0F5FB98B3204615F05E
S2140299400BFB14A902461020FAF7D6FD05012046A5
S21402995015F002FB14A902464020EDB2FAF7CCFD40
S21402996010B120460FF06BFC204615F0F5FA14A94C
S21402997002468020FAF7C0FDB8B99DB1102517A897
S21402998006F0A2FD2046BDF8507015F001FB064613
S214029990204615F0E1FA29460090F3B2384617AA97
S2140299A00FF0EBFC1DB0BDE8F08FBDF8503017A8E5
S2140299B0ADF85E40ADF85C3010F02DF90028DCD131
S2140299C045F08005DBE7204611F091FAB0F5006F0E
S2140299D040F00581204611F09DFA0646042D40F01F
S2140299E00181204611F026FA80F40060C0F3C02000
S2140299F000223146400015F03DFF954B1A78022AA8
S214029A000DD0FFF779F850B902F0FD03312B06D0DE
S214029A10043A012A03D98F4B1B78002BC2D0214669
S214029A20022001F073FB05900028BBD02046ADF85B
S214029A30464011F00CFB0446BDF8460011F06AFAE7
S214029A400546201D15F04DFFA31C834618460393BA
S214029A5015F047FF12A90746BDF8460013F099FC19
S214029A6063780690BDF8460094F80080099313F0D8
S214029A7046FC6378064608F0030828460C93FAF775
S214029A80F1F8B8F1010F0CBF032302230E93724BB9
S214029A9008BF4FF00B091D80237818BF4FF00A0944
S214029AA003F03C03082B0D907FF47CAFBDF8460014
S214029AB015F06EFAB0427FF675AFB8F1010F03D01B
S214029AC0237898077FF46EAF644BB3F86830AB42E6
S214029AD00DD1634A634BB2F9001093F900300029A6
S214029AE000F0A58001EB0313A3EB211313804FF0C4
S214029AF0010AA6F11003DBB207938DF84530102257
S214029B004846BDF84610CDF800A00DF145030DF00D
S214029B1009FB00283FF446AF099B13F002030A93A1
S214029B2000F00A81504B1B78002B3FF43BAFBDF888
S214029B304690484613F0E3FB002308904846CDE9DA
S214029B4017331993ADF8683011F0E4F9089B0390C7
S214029B5003F10E01484689B213F0A4FB002870D028
S214029B6000234946089A009317A80E2315F0BAFF59
S214029B7050460DF15D0110F06EF89DF869300B90BD
S214029B8004939DF85C30282B5BD10DF16100FAF747
S214029B90F3FB0F90002854D1049812F0C6FD0F9BD9
S214029BA0002867D1314B049A1B78D31A190648D479
S214029BB004F04CFD50453CD115F0AEFD2C4E05464A
S214029BC0346824B104F048FD2C1B844239D30023A8
S214029BD0FF2219461846FCF73DFB356031E04FF68A
S214029BE0FD76FBE64FF6FF70301A18BF0120002202
S214029BF03146400015F03EFE0C2D0DD121460120C7
S214029C0001F084FA00283FF4CDAE214600201DB0B4
S214029C10BDE8F04FFDF700B92DB920461DB0BDE8EE
S214029C20F04FFDF75FBD042D7FF4BCAEE5E61B02E8
S214029C305CE704F00BFD022803D104F0E9FC0028DF
S214029C40BAD000221920039915F014FEAAE600BF26
S214029C50CC6400207F650020485E00202456002049
S214029C601A5E00207B650020C8640020C7640020BE
S214029C703457002010214846089ACDF800A012F06A
S214029C8092FB0028DDD0A64B049A1B78934240F044
S214029C90AA8003990DF1610214A815F019FB01219F
S214029CA014A8FAF743F8824648F2030114A8FAF712
S214029CB049F9BAF1000F03D0082114A80FF066FF85
S214029CC0484613F03AFB03990DF16100FBF7E6FAFA
S214029CD0FE288246B5D0FF280AD1039815F0DEFE8C
S214029CE0FF28824600F087800DF16101FBF750F9EC
S214029CF08B4B049A1B78934200F0A38050460B9934
S214029D00FBF7B2FA00283FF44DAE50460B99FBF72C
S214029D10BDFA23789A070FD1484613F0F0FA0146A7
S214029D20484609F049FD00F00300012804D10398D3
S214029D300DF16101EEF798FCBDF8460011F07AF8D5
S214029D40030440F18580204615F0CBFD40F40071F7
S214029D5089B2204615F0C7FD00224FF40041BDF837
S214029D60460011F058F8DDF81490012310220093F3
S214029D70BDF846100E980DF145030DF0D3F90028F4
S214029D803FF410AE032866D1204615F0AAFD40F433
S214029D90007189B2204615F0A6FD284615F09BFEF6
S214029DA0002840F0B780DDF81490B8F1010F40F0BB
S214029DB0C1800320BDF8461001F0A8F9002840F043
S214029DC0B9803146BDF8460009F0F6FC0F28014678
S214029DD07FF6E8AD4FF6F7739F423FF6E3AD2846AF
S214029DE011F02EFFDEE55046049903F049FD0028E7
S214029DF07FF44FAF25E7237803F00303012B08D146
S214029E00484613F07CFA0146484609F0D5FC082875
S214029E1092D0444B1A78444B1B789A4209D20DF1E1
S214029E2061010398FBF768F8039815F037FE82463F
S214029E305EE7A01C15F055FD4FF6F7739842EED973
S214029E40FFE65046FBF79AFA00283FF457AF5CE766
S214029E504FF0000989E7284615F03DFE0028A4D0F9
S214029E600A9B002B58D1B9F1000F53D1B8F1010F5C
S214029E70BDF846009DD0314609F09EFC8246DFF8CA
S214029E80B09099F80030002B5FD011F080FA87422C
S214029E907FF488ADB8F1010F40F08280BAF1070F67
S214029EA078D8BAF1050F7FF67DAD204B1B78022BD2
S214029EB002D0043B012B03D899F80030002B4BD07C
S214029EC00C9B980640F1BB800D9B002B40F0B380A4
S214029ED0284615F061FAFF2840F0AD805D457FF414
S214029EE061AD069B002B00F0A48012AB46F2040282
S214029EF00124ADF85C2001932146022328460094F3
S214029F0017AA13F0D8F900283FF44CAD214611F0F9
S214029F1080FB47E5DDF81490284607F053FD44E73A
S214029F20C7640020C66400203D6F0020CC64002079
S214029F30C86400203146BDF8460009F03DFC0A9B85
S214029F40824613B9B9F1000F99D0A84B1B78022BA1
S214029F5002D0043B012BB3D8284600F031FB8146E1
S214029F6000287FF41FAD11F012FA854222D1A04BD1
S214029F701B78033B012B19D89E4BB3F8684011F0AF
S214029F8006FA4B4601460D222046CDF8009011F007
S214029F906BFF07E5AAF10E03DBB2012B85D901E5BB
S214029FA00AF00303012B7FF4FDAC7EE7012000F0EC
S214029FB0A5FBF7E4284615F08EFD58B911F004FA11
S214029FC04FF6FF73984205D015F096FA10B9284658
S214029FD0FAF738FF284615F07EFD88B111F0F4F93D
S214029FE04FF6FF7398420BD015F086FA40B9B8F1D7
S214029FF0010F02D1BAF1060F02D0284607F04CFA3A
S21402A000069BA3B919460122584600F0ABFB8146CF
S21402A01000287FF4C7AC204613F0AEF94A46014644
S21402A020384600F09FFB00283FF44AAFBAE412A974
S21402A030E9E7069B5AE7637823F0200363704FF63E
S21402A040FC739F4275D16A4B1B78033B012B7FF64C
S21402A050A9ACA3790BB1013BA3716378590727D545
S21402A0600023584617AA14A9179312F068FE1798E9
S21402A070F0B108F0CBF88146384615F08DF9179AFC
S21402A0800146137903F03000102806D003F00C00C6
S21402A09008281CBF23F00C031371137903F0330353
S21402A0A0202B05D1FF2903D00122484608F078FA72
S21402A0B0284615F071F9FF281EBF00224E4B43F8C2
S21402A0C02020099B03F001094FF6F7739F4200F226
S21402A0D01381B9F1000F40F01C812946584611F051
S21402A0E065FD11F054F9874200F0DF80384615F01E
S21402A0F0F2FC00284AD0B8F1010F30D1BAF1010FB4
S21402A10020D14A463146BDF8460007F05FFE384683
S21402A11015F0E1FC394B1B78002B78D1584615F028
S21402A120DAFC002870D1384615F0D5FC00286BD131
S21402A13038E44FF6FD739F428BD12D4B1B78042BD0
S21402A14087D12FE4384615F0C6FC50B3BAF1030F98
S21402A15027D13146BDF8460011F0BEFE22E438464D
S21402A16015F0B9FC384612F09AFC002848D00023B5
S21402A17039465846BDF8462001F05AFB00283FD023
S21402A1800021BDF84600FEF7D1FB0BE4384615F079
S21402A190A2FC18B1B8F1010FD8D0E3E7B8F1010F6D
S21402A1A0E0D1164B1B78002BB8D0BAF1050F2ED192
S21402A1B011F0EDF88DF85C0011F0E9F8000A8DF860
S21402A1C05D000123022217A90DF14600F9F74CFAA9
S21402A1D000287FF4E7AB711CBDF8460089B209F08F
S21402A1E0D9FA03780133037011E000BFCC64002073
S21402A1F0CD64002024560020B4460020436F002081
S21402A2009A4B1B78002B89D0B8F1010FCDD063781A
S21402A2105A070CD5BDF84640204613F032F8411CCA
S21402A22089B2204609F0B6FA0378013B0370904BD8
S21402A2301B78033B012B30D8B8F1010F06D1BAF1D7
S21402A240050F1FD111F0A3F8834522D1BDF84600B1
S21402A250FEF7AEFC02281CD10021584617AA08F0C9
S21402A26021F930B10379458003F03C0343F0400303
S21402A270037100237F4A009339465846127811F03C
S21402A280F3FD06E0BDF84600FEF792FCBAF1030FB6
S21402A290E0D1002239461C20D6E4BDF84600FEF77F
S21402A2A087FCB8F1010FD5D1F0E7B8F1010F7FF4C2
S21402A2B067AF0AF1FF330C2B00F2AA8001A252F814
S21402A2C023F000BF27A3020027A3020053A1020027
S21402A2D03DA302004DA3020071A3020093A3020055
S21402A2E0BFA30200D5A30200D5A30200E1A3020089
S21402A2F0F9A3020005A40200B8F1010F00F0948051
S21402A300B9F1000F08D1BDF84600FEF71DFEFFF7B3
S21402A31049BBB8F1010FCCD0237A03F00303012B1B
S21402A3207FF440ABEFE7AAF102035A423146BDF88A
S21402A33046005A4107F04AFDFFF734BB32465846FC
S21402A340BDF84610FEF7D6F8FFF72CBB711CBDF819
S21402A350460089B209F030FA0236F6B20246BDF875
S21402A36046305846009612A90AF054F8FFF71ABB70
S21402A3703F4B1B78013B012B3FF614AB079B012199
S21402A380009300202346BDF8462011F0DCFAFFF7C2
S21402A39009BB374B1B785A1E012A07D90120079A98
S21402A3A0BDF84610FCF71AFCFFF7FCBA022B7FF446
S21402A3B0F9AAF9F7FFFB0028F0D1FFF7F3BABDF8C8
S21402A3C0460006F069FEFFF7EDBABDF84600FEF756
S21402A3D021FA98E7BDF84600FEF71CFAFFF7E2BA44
S21402A3E0234B1B78013B012B3FF6DCAABDF8460047
S21402A3F0FDF736FDFFF7D6BABDF84600FDF780FD3D
S21402A400FFF7D0BABDF846000FF0FFFBFFF7CABA57
S21402A410334622465046BDF846100FF0C8FB0028C9
S21402A4207FF4C0AA5146DAE40AF1FF330C2B3FF65A
S21402A430B9AA01A252F823F027A3020027A302001A
S21402A44053A102003DA302004DA3020071A3020025
S21402A45093A30200BFA30200CBA30200CBA3020079
S21402A460E1A30200F9A3020005A40200436F002044
S21402A470CD6400206A6F002010B50021114810F04C
S21402A4805CFE0446E8B110F06EFD0F4B18702046D5
S21402A49010F06EFD0D4B1870204610F06FFD0C4B41
S21402A4A01870204610F06FFD0A4B1860012015F058
S21402A4B037F92046FFF720FABDE81040002015F0D5
S21402A4C02FB910BDF85D00207C6500207B6500205A
S21402A4D07A6500202C57002070B5164E0446336865
S21402A4E00D46E3B110F0B0FC0C2818D1204610F04F
S21402A4F0AEFD09220021044614F06EFC235C042BF8
S21402A5000DD10D4B1B78033B012B08D80B4C25B104
S21402A5100B4B22781B789A4203D300232370002029
S21402A52070BD0848316814F003FE23780120013319
S21402A5302370F5E730570020CD6400207E650020AA
S21402A540696F0020E06D0020014B93F9010070470F
S21402A5501A5E0020014BB3F86800704724560020AC
S21402A56070B50024124D2C70EDF762FEE6B2B042D2
S21402A57012D8104B1B78013B012B04D800214FF652
S21402A580FF70FBF719FF00220B4B1A700B4B198852
S21402A59001B11A80012070BD304614F055FFC30782
S21402A5A048BF2B7804F1010444BF01332B70DBE76C
S21402A5B0C5640020CD640020BC640020CC5D002071
S21402A5C038B50B4B05461B7873B101335C08094B53
S21402A5D0188814F0C1FC002330F81320AA4205D0D4
S21402A5E00133DAB2A242F7D3002038BD0120FCE7DD
S21402A5F0BC640020CC5D002030B5054685B0084618
S21402A6000C4615F064FAFF280CD011F095FB0122D7
S21402A61000210346CDE90112009221462A46072070
S21402A620FBF77AFA284614F0B7FEFF2804460FD046
S21402A63014F00AFFC2070DD5204614F005FF830763
S21402A64008D40B4A32F8143043F4806322F81430EC
S21402A65005B030BD11F070FB012200210346CDE9A2
S21402A6600112009207202A46FBF756FAF0E700BFCF
S21402A670BC5D00204FF6FA72431E9BB2934270B541
S21402A68004462AD8FFF79CFF38BB194B1B78042BCD
S21402A69023D0204615F002FAFF2801D0FAF702FB73
S21402A6A0204612F025FB08B107F0C6FD2046114EE3
S21402A6B004F046FA20460EF0F4FD31780E4D69B1EC
S21402A6C0288814F049FC054601461E220230F0F79F
S21402A6D089FE2C8033781E2B07D970BD202014F0FB
S21402A6E0AFFC28800028EBD1F7E702333370F4E79B
S21402A6F0CD640020BC640020CC5D002037B5134B2F
S21402A70005461B78022B1FD110F041FE044610F0BE
S21402A7103EFEFFF7AFFF11F00FFB10F044FE0020E5
S21402A720FBF73CFD40F607400EF047FE3DB1002326
S21402A7300D2221464FF6FD70009311F095FB03B0F3
S21402A740BDE8304004F032BF03B030BDCD64002017
S21402A750034B1B7813B90120FFF7D0BF704700BF29
S21402A760C3640020F7B504460D46174610F00FFEE8
S21402A7700646002D47D04FF6FB739C4243D8204630
S21402A780FFF71EFF30B1A64204D1204B1B78033BD5
S21402A790012B38D92046FFF713FF10B1012003B072
S21402A7A0F0BD20460EF04DFDC0B1A642F6D00CB369
S21402A7B069462046F9F758FD0246D8B90821684688
S21402A7C010F077FDB0B9082269462846F1F704F979
S21402A7D080B12946204611F0DFFADFE7A642E6D12D
S21402A7E02846F9F7C9FD28B90120FFF787FF06F0CA
S21402A7F0DFFDD3E73FB121462846FAF7E7FB2146BD
S21402A800284604F0B9F90020C9E700BFCD6400204D
S21402A810044A13782BB1013BDBB213700BB9024A20
S21402A82013807047BC640020CC5D00200148F8F716
S21402A830D7BC00BFCC5D00202DE9F0478046174606
S21402A8400D468CB061B903AE00211B4815F0ADF879
S21402A8504FF000090446DFF860A01CB920461DE050
S21402A8600E46F1E70022214624233046CDF800901A
S21402A87015F038F9082241463046F1F7ADF8A8B986
S21402A880337C9BB96FB945B92A4621460A4810F06F
S21402A89073FC0A4A1388013B138001200CB0BDE802
S21402A8A0F0873B88B28953405B06ECD5214650467A
S21402A8B015F09FF80446D0E7305E00202E5E00209A
S21402A8C0024B1888003818BF012070472E5E002001
S21402A8D040232DE9F04397B0074611A88946ADF804
S21402A8E00E300EF0F4FD02238DF84430002304AE41
S21402A8F03146384604937360F9F7B6FC05460028DD
S21402A90040F0958038460FF05EF9804610F03FFD25
S21402A9100446002840F0BB8099F80130042B40F032
S21402A920B980EDF791FC022840F08480EDF78CFCAC
S21402A930022840F08B8096E8030003238DF844300B
S21402A94012AB83E803009DF85130002143F0060362
S21402A950102209A88DF85130F0F7F2FC09A911A8C7
S21402A9600EF04AFF40B111A80EF0B1FD30460DAB15
S21402A97009AA11A90FF045F8BDF846300DA943F013
S21402A980040311A8ADF846300EF08FFF102209F12D
S21402A9900A010DA8F1F720F80546002872D1EDF756
S21402A9A053FC022806D13146FF2009AA0EF04BFFBF
S21402A9B000286AD134240025EDF746FC022808D187
S21402A9C09DF851301B0704D430460DF10E0111F0EC
S21402A9D003FC2146304611F028FC10238DF818306F
S21402A9E004238DF81A303346002203CBCDF81B0021
S21402A9F0CDF81F1006A80B218DF8195010F042FB57
S21402AA00024638B1002D14BF0123032331463846CF
S21402AA1003F078F8B8F1000F09D0342C07D106A855
S21402AA203246394614F054FC06A80FF0B2F817B0B6
S21402AA30BDE8F083234621463046009411AA01F071
S21402AA405FFE00283FF472AFAD25C6E7EDF7FCFBCC
S21402AA50012891D1104B1B6803F08403842B8BD101
S21402AA6096E8030002238DF844301023ADF84630F2
S21402AA7012AB83E803009DF8513043F002038DF8D1
S21402AA80513079E73324AD2596E7052494E72C4622
S21402AA90A325A2E7AA25A0E7A44800202DE9F043B3
S21402AAA036488DB0F8F78CFE14F036FE344D2B681F
S21402AAB0C41A4FF47A73B4FBF3F4A4B214B114F0CC
S21402AAC02BFE28602F4F4FF6FF763B88DFF8B880C4
S21402AAD0ADF80A3000233B8000210DF10A0010F089
S21402AAE02CFB054658B9284B1B882BB14FF47A71BC
S21402AAF02248714314F01CFB0DB0BDE8F0834FF002
S21402AB00000924234A462946CDF8009003A814F0EB
S21402AB10E9FFBDF81A30A34294BFDB1A1B1B9BB297
S21402AB20ADF81A30CBB910F032FCBDF8183003F08D
S21402AB304003184380B218B9322103A80EF023FC52
S21402AB40BDF818301B0602D508980EF029FEB8F894
S21402AB500030013BA8F80030BEE79E4228BF1E46E2
S21402AB6001234A462946009303A8242314F0BAFF79
S21402AB704A462946384614F01EFFADE7B047002085
S21402AB8038570020305E00202E5E0020F0B50446C6
S21402AB90304A8DB01068516801AB03C3A378012B0D
S21402ABA054D1162200210DF11A00F0F7C9FBD4F891
S21402ABB02110D4F81D0003AB03C32388190644BF33
S21402ABC062680892DA050BD5221D08AE04F1140756
S21402ABD0354610685168083203C5BA422E46F7D188
S21402ABE0ADF8183013F0040318BFA3690593EDF708
S21402ABF049FB0023ADF81A008DF81C3010F0C7FB95
S21402AC00E0B906A903A811F0E7FA0022242103A856
S21402AC1010F038FA0446D8B10020FFF73FFF0022B2
S21402AC2021460D4814F0C7FE0C4A00201388013353
S21402AC301380FFF733FF00200DB0F0BD082201A9F4
S21402AC4003A8F0F7C9FE0028DFD0DAE70220F3E710
S21402AC501920F1E7091F0400305E00202E5E002056
S21402AC60F7B5044600200E46FFF718FF104B1B8868
S21402AC70A34202D8212003B0F0BD00210D4814F0F3
S21402AC8094FE002501460B4F0029F3D0A54208D1B9
S21402AC900024242322463046009414F023FF204644
S21402ACA0E9E7384614F0A5FE01350146ECE700BF99
S21402ACB02E5E0020305E00200148F8F791BA00BFF1
S21402ACC0305E0020014B1888704700BF2E5E0020C1
S21402ACD030B5154A8DB051680546106801AB03C3FE
S21402ACE007A80EF0F4FBDDE90101032308AC84E8B3
S21402ACF003008DF81C309DF8293003A943F00203A7
S21402AD0007A88DF829300EF077FD10B12D200DB072
S21402AD1030BD23462868696803C303A907A80EF056
S21402AD2050FD0028F3D0F1E7091F040070B50C4669
S21402AD3011460E4A23781278064613F0200542EA98
S21402AD400302227018BF611D0822F0F74BFB002D8C
S21402AD500CBF05200D20D4F80130B360237833737E
S21402AD6003F01803082B08BF013070BDC86400202A
S21402AD70042307B501200DEB0301054AF8F79AFDF7
S21402AD80019B044A1B03136003B05DF804FB00BF7B
S21402AD9063E511009448002010B5064C2368C3F3FF
S21402ADA00B0313B90448E2F74FF92068431C2360EB
S21402ADB010BD00BF9448002063E51100014B1868DF
S21402ADC0704700BF9448002007B50020054B064A8E
S21402ADD0186004230DEB03010190F8F76BFD03B036
S21402ADE05DF804FB9448002063E511007FB511234B
S21402ADF00A4A012001A9F8F75DFD094B9DF81420C7
S21402AE001A70084B1B780BB1052B05D10EF002FA0F
S21402AE10012007B05DF804FB0020FAE779EB010099
S21402AE20C7640020C86400202DE9F04F0646CBB068
S21402AE30884600880121174614F0C6F82E4B3A467B
S21402AE403188ADF8160006A811F082FA0DF1280B2B
S21402AE505A464146C419308811F004FAE4B208EBA7
S21402AE600003A34208BF044605464FF004091CBF70
S21402AE70A4EB0804E4B223465A460121CDE90009B0
S21402AE800BEB050ACDF808B02D1B06A8EDF746FE1B
S21402AE90EDB20BEB04030093019523465A46414656
S21402AEA0308811F00DFA34883946204608F084FCC2
S21402AEB0394600F0F802204608F092FC012130885C
S21402AEC014F082F801234A46514680B10DF116006D
S21402AED0F8F7CAFB01210446BDF81620308814F0A4
S21402AEE087F8B4FA84F040094BB0BDE8F08F3046DC
S21402AEF0F8F7BAFB0446F4E74F6500202DE9F04F59
S21402AF00C9B0044688469246C118224A04A81F467B
S21402AF10FFF70CFF4FF00409C519EDB208AB029318
S21402AF20A5EB0A0BA8EB0A035FFA8BFBA8EB050658
S21402AF30DBB2F6B204EB0A02009301215B46CDF8BF
S21402AF40049004A8EDF7EAFD06F590730DEB0302F4
S21402AF505A44A2F58072136808A844F80830E35DE4
S21402AF60324623F00703E3552C442146F0F778FBDC
S21402AF7008ABCDE9019308AA00230121009604A894
S21402AF80EDF7CCFD3246204608A9F0F769FB49B03A
S21402AF90BDE8F08F4F650020F8B5064612F0A4FA19
S21402AFA0811C054689B2304612F07CF9F0B1EDB14B
S21402AFB02946304608F000FC1228074616D80C4BE5
S21402AFC0691C1C5C89B2304608F0F6FB2C44052F3F
S21402AFD0E4B205D1052809D8064B1B5C1C44E4B232
S21402AFE021463046BDE8F84012F05CB90020F8BDB4
S21402AFF022E204001CE20400F8B5054612F07FF9CE
S21402B0000446284610F023F8A11C074689B22846B3
S21402B01012F048F900283ED0002C3CD021462846A3
S21402B02008F0CAFB0646611C284689B208F0C4FB33
S21402B0300F2E30D8194B9B5DE118731E89B2092B6F
S21402B0400ED8DFE803F009050D0D120D0D181E1EB1
S21402B050C40644BF083189B2820601D5083189B2D6
S21402B0602846BDE8F84012F01DB97B78DB0612D5FB
S21402B07001EB4001F3E700F01F0000EB4000014443
S21402B080EDE71F2805D8092E0ABF4000022080B22D
S21402B090F5E7C828E4D00020F8BD00BF35E204007A
S21402B0A0F8B506460FF0D3FF09220021054613F035
S21402B0B093FE00F11004284614F013FCE4B207468F
S21402B0C02146304608F078FB0546304613F060FF0E
S21402B0D0BA05A0EB0403DBB20AD47C2D0AD0082DF5
S21402B0E00AD8064A505D98428CBF00200120F8BD5F
S21402B0F01220F8E70320F6E7FF20F4E746E2040012
S21402B100014B1878704700BF6B6F002038B5114BA3
S21402B11004461B7808469BB9012038BDA24205F1B9
S21402B12001050FD103EBC1035B6898470028F3D1F2
S21402B1301E2022464FF6FF7114F09CFB0020ECE71F
S21402B1400025054BE9B213F83120002AE6D1144651
S21402B150EEE700BF6B6F0020ECE104004FF6FF73D2
S21402B16007B502220DF106010348ADF80630E1F7F5
S21402B170A7FF03B05DF804FB603202E0002307B5C8
S21402B180ADF80430134B984221D10B88DA0703D569
S21402B190232003B05DF804FB9B0748BF4FF47F43B0
S21402B1A04FF002020C480DF1060148BFADF804301C
S21402B1B0E1F75AFF4FF6FF73BDF806209A42E7D131
S21402B1C00222054801A9E1F77BFF0020E1E72120E2
S21402B1D0DFE700BF1FD1BACA603202E0002313B510
S21402B1E00222038004460DF106010F48E1F73CFFF8
S21402B1F02D2801D0112805D14FF6FF73ADF8063081
S21402B200FFF7ACFF9DF80630BDF806201BB1238879
S21402B21043F0010323800020FF2A82BF238843F0E5
S21402B2200203238002B010BD603202E0034B1B789B
S21402B230002B14BF442056200E307047C8640020EE
S21402B2402DE9F04F8DB0179C06468946CDE90223BC
S21402B250BDF85870D588ADF816103CB9EC0605D581
S21402B26000970EF02BF90DB0BDE8F08FC5F38024E1
S21402B2702B054FEA043448BF44F40064A80511D5F0
S21402B28044F080040A2E00F26981DFE816F09A0084
S21402B2902F001700370067016701370010009A0079
S21402B2A037009E00E90548BF44F04004EAE74FF045
S21402B2B001084FF0020B4FF0000A14E008A95FFAEB
S21402B2C089F011F092FADDF82500DDF8291006ABB8
S21402B2D003C3A44B33F81930ADF816304FF000080C
S21402B2E0C3460DF1180A002F5DD125E006AA0DF11E
S21402B2F016015FFA89F003F003FCEFE74FF6F773E7
S21402B300994540F22B8115F4026F40F02781964B47
S21402B3101B78022B03D0043B012B00F2218147BB92
S21402B320032E4FF001080CBF4FF00C0B4FF0080B2A
S21402B330BA4624F4C074A4B28C4B18884FF6FF7336
S21402B340984206D08A49F8F78FFF10B124F4805449
S21402B350A4B2039B38460093BDF81620534644F425
S21402B360027108F051FAADF82000002838D11920F1
S21402B37079E7384613F00CFE0246FFF757FF032E16
S21402B38008BF0138824201DD38206CE7032E4FF0F9
S21402B39001080CBF4FF00C0B4FF0080B4FF0000AE1
S21402B3A024F4C074A4B2029B1B889BB91A46394681
S21402B3B0062000930BF0D9FE0028BDD140F60140CE
S21402B3C051E74FF00008C34675E74FF001084FF00B
S21402B3D0030B70E7002339461A4607200093E9E775
S21402B3E04FF6FF73614A118899421CD00FF02FFE68
S21402B3F003465E4A04301188039314F074FA5D49DA
S21402B400039B097814F4805FD9715949574A1FBFC4
S21402B410086898604868D8604FF6FF7313804FF04C
S21402B420FF330B604B605946029A08A808F0A8FA48
S21402B43000289CD0504C2378002B3CD1A7B138462C
S21402B44013F0A6FD0746BDF8200013F0A1FD2378F1
S21402B4500744002B14BF12220022EB1003F0040351
S21402B46017443B44842B8FDC15F400570AD0BDF8F2
S21402B470204020460FF0DEFC40F4806189B2204670
S21402B4800FF0C3FCA6F10803012B05D801221021F8
S21402B490BDF820000FF0BFFC179BBDF8204043B359
S21402B4A02046BDF816100FF009FDBDF82030179A99
S21402B4B000201380D7E6AA06C0D56B0103F020034E
S21402B4C00A2E14BF43F0010363F07E03DBB2B8F129
S21402B4D0000F08D000215246009108A800F086FE10
S21402B4E00028ABD0BFE61A46514608A811F05BF812
S21402B4F0F6E7204611F003FF179B0246214604207A
S21402B50000930BF032FE00283FF458AF0A2E18D8EC
S21402B5104FF4D963F340DB0713D5072E0AD00A2E61
S21402B52008D0BDF8200010F051FB80F00100C0B238
S21402B530800098E608A80EF049FB0028F1D0042007
S21402B54091E617B125F04005ADB22B463146BDF85F
S21402B55020005FFA89F201F01BFF84E6012082E6F2
S21402B560162080E6145B0020CC640020E86E0020E3
S21402B5706C6F00208A650020C8640020F7B50F466D
S21402B5809DF828100446DDE90B061D46F1B94FF674
S21402B590FF739C421CBF174B1C804FF000041CBF5D
S21402B5A0154B1A70BDF8240008F080FA00232A46CC
S21402B5B0CDE90043394606209DF82030FFF740FECD
S21402B5C010B90EB1AB7A337003B0F0BD78B14FF656
S21402B5D0FF739C421FBF074B1C80074B1A7000224A
S21402B5E00FF050FD04460028DCD11920ECE721209C
S21402B5F0EAE700BFE86E00208A6500202DE9F047E2
S21402B60088469DF82810074616461D469DF820A037
S21402B610BDF824900B9839B158B300220FF032FDD2
S21402B620044610B9192025E00C464FF6FF739D42DA
S21402B6301FBF114B1D80114B83F800A04FF6F77306
S21402B6409E4208D80E4B4FF6FD761A784FF6FF73D9
S21402B650002A18BF1E46484608F028FA00233A4633
S21402B660CDE9084331464346BDE8F0470320FFF7DD
S21402B670E7BD2120BDE8F087E86E00208A6500203D
S21402B6806B6400202DE9F04786B09DF838600546C9
S21402B690DDE90FA80C4617469946B6BB374B1B7812
S21402B6A0022B1DD125BB4FF6F7739C4214D80026F9
S21402B6B0484608F0FBF900233A46CDE900632146E6
S21402B6C0FF232846FFF7BCFD38B9B8F1000F04D0B7
S21402B6D0BB7A88F8003000E0012006B0BDE8F087AB
S21402B6E0043B012BDED908460EF06DFA10B31DB3EB
S21402B6F0022D31D1ECF796FDA042EDD9204B33F85E
S21402B70014204FF6FD739A4219E0BAF1000F32D0B8
S21402B7101A4B1B78022B05D1FFF788FDB042E6D202
S21402B7203820DAE7043B012BF6D908460EF04BFA2E
S21402B7300028F1D11620D0E74FF6F7739C42CBD8FB
S21402B740002EB4D03146002250460FF09BFC06462F
S21402B7500028ADD11920C0E7012DBDD104AA0DF1F4
S21402B7600E01E0B203F0CCF9064B1B78A342B3D924
S21402B770BDF80E20C5E72120AFE700BFCC6400204D
S21402B780145B0020376F002030B5104B87B005469B
S21402B7900C461868596803AA03C298680C491060D8
S21402B7A09A88DB8852BA23F04003ADF812300023A1
S21402B7B0CDE90043ADF81020FF23098803AA07202D
S21402B7C0ADF80E50FFF73CFD07B030BD3C5E0020E2
S21402B7D0485E002038B50C461146124A124D1080BB
S21402B7E022682A6062686A60A268AA60E2885006D6
S21402B7F016D5EA88520613D561B1002218460FF014
S21402B80041FC014650B16088FFF7BEFF0522074B98
S21402B8101A7038BD084611F0B3FCF2E71920F5E7B6
S21402B8200220F6E7485E00203C5E00209B65002072
S21402B8302DE9F04F074689B0104615461C468A4643
S21402B84011F05DFD0146284607F0B6FF064628467B
S21402B8500FF0FDFB043014F044F880460FF097FD1D
S21402B860804550D0B2074ED1DFF8AC80284605A9F5
S21402B870B8F800B011F049FE9DF81930A8F800702B
S21402B88003BBBDF81430EBB928460FF0E0FB0230DC
S21402B89014F027F84FF6F773984294BF4FF000095A
S21402B8A04FF0010901230134E4B22A463846CDF8A6
S21402B8B0009005A9039303F0C5FE039B40B901332C
S21402B8C09C421ED20020A8F800B009B0BDE8F08F56
S21402B8D0022CF8D1012BF6D10C4A0D4BA3F800A08E
S21402B8E01378591C11700B4A7F3B16F00C0113702B
S21402B8F007D1BDF81A305B0603D5BDF81600FFF770
S21402B90043FF0223D1E70020DFE700BFCA6400201E
S21402B910E86E00208A650020485E00202DE9F04F80
S21402B920ABB00F46ADF81E000FF091FB00F1020A15
S21402B9300646504613F0D5FFBDF81E400546204683
S21402B94011F0DDFC0146204607F036FF814600F086
S21402B9500308301D13F0C5FF434C20800FF017FD7F
S21402B960A8422DD04FF6F7739D4229D87378DA078E
S21402B97026D4284611F093F830B101232946BDF8A3
S21402B9801E202088FFF754FF0FF001FD364B1B8860
S21402B99083420FD1BDF81E40204611F0B0FC01468E
S21402B9A0204607F009FF10F00C0103D1BDF81E0077
S21402B9B001F0ACFD00222D4B1A602BB0BDE8F08FD3
S21402B9C02B49BDF81E0011F0A0FD2A49BDF81E0045
S21402B9D011F0DFFC0028274B08BF0023234ABDF8DE
S21402B9E01E0013600FF0BFFA234B1870BDF81E003E
S21402B9F00FF0BEFA214B1870BDF81E000FF0C3FA06
S21402BA001F4B186000238DF82230002F3ED0184BB3
S21402BA10DB889B063AD50FF0BAFC10B3194B1B68AD
S21402BA209D071ED4B8F1010F14BF082318230DF189
S21402BA302202009200220DF11E00114600F0D6FBF3
S21402BA4020B3B8F1010F9FD10F4B1B78112B9BD15E
S21402BA5010F048FE002897D140F61D40F9F7E2FFA5
S21402BA6092E70823E3E700BF485E00204057002025
S21402BA703C5E0020826500207C6500207B650020FD
S21402BA802C570020A4480020CC640020504613F017
S21402BA9028FF8246BDF81E0013F07AFAA0F11005C0
S21402BAA0EDB22A4631460AA8EFF7DAFDFF238DF8F3
S21402BAB02F304FF6F7739A4540F2DF80B8F1010F48
S21402BAC000F0E780B8F1020F00F04681B8F1000FEF
S21402BAD07FF45AAFA44DBDF81E00EB88ADF82400E3
S21402BAE004930FF0B4FABDF824600746304611F00E
S21402BAF006FC0146304607F05FFE8DF82300B81CB0
S21402BB007E7813F0EEFE07460FF041FC06F00106C3
S21402BB10B4F8009003906C88002E7FF435AF4FF691
S21402BB20F77A4246494657458CBF0620082013F04E
S21402BB30A1FEBDF824B0584611F0E1FB5946024674
S21402BB4043460420CDF800800BF0ECFA57458346B6
S21402BB500AD8B5F90620EB88002A05DB580603D575
S21402BB6041462046FFF710FEBBF1000F3FF40CAF34
S21402BB702B88002B5AD16B79002B57D14FF6F773CF
S21402BB800DF126019F42BDF8240094BF4FF0000B32
S21402BB904FF0010B10F088FEDFF8D8A100F1FF3855
S21402BBA0BAF800301FFA88F10593EB88BDF8260034
S21402BBB0069307F001FE069B049901900093224625
S21402BBC05B460598C1F340110EF00AF800283FF4D0
S21402BBD0DBAE042306200093BDF82610624B5FFA04
S21402BBE088F20BF09FFA00283FF4CEAE48F202032A
S21402BBF06A889A4205D1BDF82410BAF8000000F00F
S21402BC008DFF594D09AA29460DF123000DF0E6FFD6
S21402BC10034600287FF4B8AE2104BAF80000BDF847
S21402BC20242060D52346294610F053FE9DF8233083
S21402BC304D4D03F00C030C2B75D1288910F014FE21
S21402BC4000283FF4A1AE039B002029894B4514BF70
S21402BC500226032602F02CFE444B18704FF6F773AA
S21402BC609F42BDF8240075D8A4F1380253425341CE
S21402BC7032463D4904F066FC86E6B8F1020F6BD008
S21402BC80394BB3F90630002B26DAB8F1010F7FF4F0
S21402BC901DAF0FF07CFB238883423FF475AE052070
S21402BCA0BDF81E10FFF732FA00283FF46DAE2E4A9A
S21402BCB0D3885B0607D50023CDE900330A20FF238D
S21402BCC02188FFF7BDFA3A469DF822302188BDF852
S21402BCD01E0002F023F957E629460AA800F070F87B
S21402BCE00028D2D050E60221DFF88C8088F80010B7
S21402BCF02946CDF800B003F0A5FC132C96D0EB88AD
S21402BD005D0493D41A4B1B78D80703D598F8002005
S21402BD10022A8BD099077FF537AE98F80030012BB0
S21402BD207FF432AE82E700222B79124800936B79B9
S21402BD301146008802F0E4FD0C4B18709DF8233083
S21402BD4003F00C03082B89D1039B4B4514BF042632
S21402BD50052683E701238BE74846BDF81E200249E5
S21402BD6001F048FB10E600BF3C5E00209A6500200A
S21402BD706D640020485E00208B65002010B500210F
S21402BD8008480FF0DAF9044650B101460420FFF7DE
S21402BD90BDF928B12046BDE810400121FFF7BEBD1F
S21402BDA010BD00BF2C5E0020034BFF211A7803480B
S21402BDB09200EFF7C5BA00BF386F0020CC440020CF
S21402BDC070B5451804464FF0FF31AC4212D1104B05
S21402BDD010481A7805460023934211DB0E4C207851
S21402BDE0431CB3FBF2F602FB163345F82010237011
S21402BDF000200CE014F8010BE0F7B6FA0146E4E77F
S21402BE0050F8044BA14201D00133E5E7012070BD92
S21402BE10386F0020CC4400208C650020042307B530
S21402BE2001200DEB0301054AF7F744FD019B044A86
S21402BE301B03136003B05DF804FB00BF23E111008F
S21402BE403C570020014B1868704700BF3C57002043
S21402BE50014B1868704700BF3C57002010B5064CCF
S21402BE602368C3F30B0313B90448E1F7EDF820681F
S21402BE70431C236010BD00BF3C57002023E1110085
S21402BE802DE9F04F93B003930023DDE91C79069366
S21402BE9099F8003083460DA804930E4615460DF019
S21402BEA016FB99F8003013F003043ED0039B0DF105
S21402BEB0250A8DF824300022082138460FF0F9F9B9
S21402BEC0002870D028880FF0C2F899F800301C07B6
S21402BED04CBF0430023013F004FD07A98046F7F782
S21402BEE0D7FE9DF824300446980633D5288806F1F6
S21402BEF00D0111F0D7F9A8B10023009338460823A4
S21402BF002988721D13F0EEFD99F8003003F018032D
S21402BF10182B4AD1B8F1000F47D0A94BB3F86830B6
S21402BF20434542D040F60A4327E02888711D11F0A7
S21402BF30B9F90028F6D0009405233246298809A8C4
S21402BF4013F0D0FD9DF824300DF1240A03F01803F7
S21402BF500393B0E714BB39464046F8F785F9002844
S21402BF60D2D099F800309907DCD0402322462146E9
S21402BF70404610F05CFD40F6094399F8002012F0A6
S21402BF80030440F0F780288803930EF0C3FF22468E
S21402BF9001461A2013F06EFC039BEBE007AB03CBC3
S21402BFA038607960B0E74FF6FF780DF0FAFD044688
S21402BFB020B104213846F7F793FE04461E9B002B59
S21402BFC05AD009231E990DA88DF834300DF0F9FBCE
S21402BFD0209B0BB1209B0693039B002B40F08E8088
S21402BFE00DA8ECF7FDFD99F800309A0700F098804E
S21402BFF0FFF734FF5146024601200DF01EFE99F867
S21402C00000309B0710D55946288811F044FA0BF1E8
S21402C010090350FA83F35FFA83FB5946288811F026
S21402C02011FA00EB0B06F6B299F8003013F0C20FC5
S21402C0300AF104030DD09DF82420624942F0200242
S21402C0408DF824200A68CAF804204A685A600AF161
S21402C0500C03012209A800921B1A324629889BB2B9
S21402C06013F040FD324659462846FEF7DDFE00280C
S21402C07000F0A48000237DE01F9B5BB19E460DF17D
S21402C080340CBEE80F00ACE80F00DEF80030CCF847
S21402C09000309DE7049B594603F02003288804934A
S21402C0A007F08AFB10F0030F0CBF01230023059351
S21402C0B0049B059A003B18BF012342EA4303009300
S21402C0C00DAA06AB38461F9900F01AFB049A0346DF
S21402C0D082B1002880D0059B0DAA0093384606AB95
S21402C0E01F9900F00DFB034699F8002022F020026B
S21402C0F089F80020002B3FF46FAF3EE7039B102B1E
S21402C10006D1BDF8363043F00103ADF8363067E7A6
S21402C110039B182B4FD1BDF8363043F00203F4E7E9
S21402C12001200DF125010DF096FD99F800308246AA
S21402C13013F0040F288821D1069B1BB3002C35D0A0
S21402C1400EF0E8FE00220146162013F093FB84B19F
S21402C1507FB14FF6FF7398450BD000230DA91A4600
S21402C16038460DF04EFC394640469DF835200DF017
S21402C17030FD0123184613B0BDE8F08F002CDFD146
S21402C180104F01E0002CDBD10023324600935946C3
S21402C1903B4610F008F900283FF4C4AE002C3FF4EA
S21402C1A069AF069A0AF10103136063E71B685345F9
S21402C1B0C6D80124E8E740F60A43DBE71923D9E7A5
S21402C1C0245600204F650020002307B5054A06487E
S21402C1D0136004220DEB02010193E0F771FF03B036
S21402C1E05DF804FB3C57002023E111002DE9F04FD7
S21402C1F00446B1B000888DF82F3016468A4611F0F4
S21402C2007EF801468146208811F01CF900EB0908E9
S21402C210208811F069F900239DF82F505FFA88F8FC
S21402C22015F001070790ADF8363008D101460DF13A
S21402C2303602208810F0F0FF08B1ADF8367016B955
S21402C240CDE90E660EAEFEF73BFB18B145F02005B3
S21402C2508DF82F500023CDE9033302930DF12F03FF
S21402C260CDE900632246534641464846FFF708FE9C
S21402C2700546002800F0CA809DF82F3013F001070B
S21402C28047D123F020038DF82F300FF080F868B1E5
S21402C2907C4A10AB1068516803C3184600F002FAD5
S21402C2A00546FEF70FFDBBB298423BD83A9B13B148
S21402C2B000233A9A1370BDF83630CBB1012120889C
S21402C2C012F082FE27880546002800F0CA80012167
S21402C2D0384612F079FEBDF836700546384612F03A
S21402C2E057FE002300903A461946284610F017FFDC
S21402C2F00023CDE9033302930DF12F03CDE900634A
S21402C3002246534641464846FFF7BAFD05460028F0
S21402C3107CD00FF03CF8002840F0BA80284631B0B6
S21402C320BDE8F08F18AB14AA26A9F8B20DF0BEFB32
S21402C330002840F09480082210A927A8EFF74CFBAB
S21402C3408346ADB19DF8A53013F0020F08930FD0C7
S21402C350082212A927A8EFF73FFB48B9089B5907FE
S21402C36006D53A9B13B101233A9A1370089507E053
S21402C3703A9B002B61D1BBF1000F70D100230893CA
S21402C3800DF1740C14AB0FCB8CE80F00BDF83630F1
S21402C390CBB10121208812F017FEB4F800B00028B5
S21402C3A04FD00121584612F00FFEBDF836208346C4
S21402C3B01046099212F0ECFD00231946099A0090E5
S21402C3C0584610F0ACFE304B0DF1740B049300236C
S21402C3D003930DF12F03CDE90063224653464146EF
S21402C3E04846CDF808B0FFF74BFD002837D1002DA0
S21402C3F033D012AA5B464FF482714FF4005000F01D
S21402C400D9F8089B13B126A80DF05CF90EF0BFFF11
S21402C41088B11E4B1B689A070DD4FEF751FA50B12D
S21402C420184A18AB1068516803C3002226A918A838
S21402C4300FF096FE00BB002570E700233A9A1370B1
S21402C44099E7BDF836200A901046099212F0A0FD30
S21402C450DDE9092307990090B2E72A46CAE70137C1
S21402C4601FE7BDF836B0584612F092FD2B460090F4
S21402C4705A463846079939E726A918A80FF0ACFE9F
S21402C480D3E700BF091F0400A0480020A4480020EC
S21402C4909DF82F3003F01103102B7FF43FAF3E4B75
S21402C4A01B78432B7FF43AAF3C4B1B685B067FF549
S21402C4B035AF208808F1050110F0F4FE8346002807
S21402C4C03FF42CAF4146208807F076F9344B10F043
S21402C4D0200F08BF1E4612A800F0E4F808223146D4
S21402C4E012A8EFF779FA002852D0314612A80DF0BA
S21402C4F031FB012326AE00933246002314A912A86C
S21402C50000F0FEF800287FF409AF12AB0DF12F07FA
S21402C510CDE90360029000932246534641464846C0
S21402C5200197FFF7ADFCA8B3BDF89A30102043F090
S21402C530080318AA14A9ADF89A300FF0EEFD0028E9
S21402C5407FF4ECAE12ABCDE90360CDE90170009347
S21402C5502246534641464846FFF792FC05460028C7
S21402C5607FF4DCAE18AB4FF49071002012AA00F0F4
S21402C57021F84FF00051002010F069F8BBF1000FCF
S21402C5803FF459AF4FF08051002010F060F852E7A8
S21402C5908346AEE714ABE6E7CC640020A44800204E
S21402C5A08E56002001461A230120014AF7F782B967
S21402C5B024E10100F0B5164691B0074609A80D46DB
S21402C5C01C46FFF7EFFF3EB1336845F04005CDF855
S21402C5D026307368CDF82A301B4B1A6822EA070207
S21402C5E042EA050119604B040DD5BDF824200B0A5A
S21402C5F003F4E243C9B222F4E3420B4322F07F0281
S21402C6001343ADF824301A230020104A09A9F7F77D
S21402C61051F9B4B104A80CF05AFF02236A468DF809
S21402C62010301546234604F1100614461868596859
S21402C630083303C4B3422246F7D1294604A80DF0B4
S21402C640C0F811B0F0BD00BFA448002024E10100EC
S21402C65047F2FF10044B196841F48042014041F44E
S21402C66080411A600FF0F3BFA448002000B589B0DD
S21402C670FEF7BCFB01A8FFF795FF0948BDF80420AA
S21402C6800168130221F0FF0103F4E2030B43D2B266
S21402C690134343F48043036009B05DF804FB00BF14
S21402C6A0A448002010B50C4B0446186888B08307CF
S21402C6B006D54FF0FF3323600120636008B010BD3B
S21402C6C010F04000FAD001A8FFF76CFFDDF8063044
S21402C6D02360DDF80A30EFE7A448002008B5074BD0
S21402C6E002461B6813F0400305D118461946FFF7A9
S21402C6F061FF012008BD0020FCE700BFA44800201F
S21402C7002DE9F0479EB080460C461D4691469DF8A0
S21402C71098A0A2B1164630460CF0D9FE1AF0020FC7
S21402C7200FD004B917AC22463146404601AB0DF095
S21402C7309BF90DB100232B601EB0BDE8F0870DAE4D
S21402C740E9E701AB3146404605AA0DF05AF973787F
S21402C7500AF0010AFF2B26D0002840F0B68054B11A
S21402C76005AA09AF134603CBBB42206061601A4696
S21402C77004F10804F6D125B17278554B03EB820317
S21402C7802B60BAF1000F01D10020D5E7BDF80430C6
S21402C790D906F9D418204FF6FF71727813F06AF8AA
S21402C7A040F60E40C8E74B4F3DB10EF0F0FD10B11B
S21402C7B03B689A072BD500232B603B6803F03003B7
S21402C7C0102B01D0202B24D117A8FFF7EBFE08224E
S21402C7D040460DF15E01EFF7FFF820B13B6803F02B
S21402C7E04403402B15D0BAF1000F15D109A80FF05B
S21402C7F032FF02233370002C4CD1B9F1000FC3D0A4
S21402C8000EF0C5FD60B3301DFFF74CFFBCE7324BA0
S21402C810D2E740F60A408FE73B68DB03E6D509A875
S21402C8200FF019FF0223337074BBB9F1000FB1D0B9
S21402C8300EF0ADFDF0B1301DFFF734FFAAE73B68FE
S21402C84003F08403842B2CD009AB0DAF1A4603CA1F
S21402C850BA4220606160134604F10804F6D105E08E
S21402C86025463B6803F08403842B28D0301DFFF74F
S21402C87019FF26E03B68012503F08403F4E73B68D2
S21402C880012503F08403DDE70EF081FD0028F6D0D3
S21402C8900125D9E70EF07BFD05460028CFD00025FE
S21402C8A0D2E712A80CF013FE022312A88DF8483025
S21402C8B0ECF796F9224608214046ECF7E9F81023F1
S21402C8C07380002D3FF460AF64E72D2034E700BF8D
S21402C8D028440020A4480020A048002049B9084B5C
S21402C8E0197849B14EF66023594328B1054812F02B
S21402C8F01FBC41F28831F8E70248F6F761BF00BF75
S21402C9006C640020F047002070B586B005460EF035
S21402C9103EFD10B9022006B070BDF7F745F80028B4
S21402C920F8D001A8FFF7BEFE06460028F2D08DB961
S21402C9302E4B1C6814F0020406D02D4B1B78112BCC
S21402C940E8D12C4BB3F868404FF481630221ADF86E
S21402C9500C3023E02846F7F70FFD0028DAD1234BE8
S21402C9601C6814F0020406D0214B1B78112BD1D17F
S21402C970204BB3F868400822294601A8EFF72CF8A6
S21402C9800028E1D04FF4027300260A21ADF80C30DD
S21402C9902B68CDF80E306B68CDF81230002203A853
S21402C9A00EF070FB024608B91920B4E70F4B19685F
S21402C9B001F03003102B17D0202B14BF01230323C2
S21402C9C0490001F004010B432046002101F09AF8C9
S21402C9D00028E9D000210120FFF780FF16B10122CE
S21402C9E0054B1A70002096E70323E9E7A4480020C7
S21402C9F0CC640020245600208165002030B5002536
S21402CA0085B0CDE90055F6F7DBFE0EF0C0FC1E4CF5
S21402CA1060B905F0AFFF0D25002108462170FFF72B
S21402CA205DFF294668460CF0AEFC18E023784BB34F
S21402CA30164917480A780078904223D90132012B0A
S21402CA400A700ED12A464FF4A071284602F012FD53
S21402CA50C0B2B8B941F288310E4812F069FB05B08F
S21402CA6030BD022B09D1284602A9F7F7FDFB0028A4
S21402CA70EED102A8FFF748FFEAE7032B02D101F046
S21402CA80FBF9E5E70425C7E78D6500208E650020E3
S21402CA90746F0020F047002070B51B4A1B4D0446F9
S21402CAA05168106886B02E7801AB03C31EB102240B
S21402CAB0204606B070BDF6F7CFFF0228F7D10EF07B
S21402CAC066FC0028F3D003A800F03AFE082201A96B
S21402CAD00DF10E00EEF780FFA0B10D4B32464FF47B
S21402CAE0A07130461C7002F0C5FC04460028DFD157
S21402CAF00123084A41F2883107482B70137012F05E
S21402CB0017FBD5E72324D3E74FE204008D65002008
S21402CB10746F00208E650020F0470020F0B50C46AA
S21402CB2000219BB02B4F0646492207A80691EEF736
S21402CB3007FC3B78012B34D19EBB0DF10E0120463B
S21402CB400FF0B2FE0546BDF80E0012F021FA441BA5
S21402CB50E4B2BDF80E1023462A46009606A812F046
S21402CB60C1FF304604A9F7F77FFBD0B9CCB19DF8D8
S21402CB701920B2B9BDF8233003F47E43B3F5285F1B
S21402CB801ED3B3F5385F0ED31349BDF80E000B68FB
S21402CB9043F400030B6029460CF0F6FF18B1042399
S21402CBA03B701BB0F0BD01220C4B04A81A70FFF7B5
S21402CBB0ABFE41F288310A4812F0BAFA0223EFE7D6
S21402CBC011463A70FFF78AFE1E2104A80CF0DBFB22
S21402CBD0E7E700BF8D650020A44800208E65002090
S21402CBE0F0470020014B1870704700BF8E6500208A
S21402CBF0014B1878704700BF8D650020014B1870F6
S21402CC00704700BF8D6500202DE9F04F044640882E
S21402CC1091B00E298846ADF81A0079D094F808909B
S21402CC20A7790EF014FA09A90546BDF81A00E679A6
S21402CC3010F06BFCBDF81A000EF0FCF8420542BF7D
S21402CC40BDF82A3043F40053ADF82A30E379DB0608
S21402CC5042BFBDF82A3043F48053ADF82A30BDF8FF
S21402CC602A30980613D5022F57D10CA9207A0FF036
S21402CC70BCFDDDF83500DDF8391007AB03C307AAA3
S21402CC800021042300910DF11A00FFF7AFFA0121EB
S21402CC90BDF81A0012F098F9022F824649D1474B86
S21402CCA033F81950B8F1000F7ED0BDF82A2051068D
S21402CCB07AD54FF6FB739D4276D8414B1B78033BE1
S21402CCC0012B04D83F4BB3F86830AB426CD0D30587
S21402CCD002D528460FF06BFFBDF82A30D80463D57C
S21402CCE0002F33D1BDF81A000EF0A4F8C10663D5A2
S21402CCF048F23403BDF826209A4209D1324E3078E3
S21402CD00FF2805D003222946FBF782FBFF23337058
S21402CD100023236011B0BDE8F08F012F01BF237AF4
S21402CD202A4A03EB430302EB830314BF00229A1C36
S21402CD30A6E7012F05D10C2303FB09F3234AD55A94
S21402CD40B0E7A81C12F0CDFD0546ABE7284601F079
S21402CD50F7FEBDF81A000EF06DF8C206C8D4638955
S21402CD605046059312F014F98346504612F0F4F832
S21402CD70059B02905FFA8BF04A4639460190009373
S21402CD80404609AB0CF097FAB8F1000F14BF0B201F
S21402CD90092016F0030218BF02F1FF32294618BF17
S21402CDA0D2B212F067FDA3E7BDF81A000EF042F801
S21402CDB0C3069DD4002FD2D1A946D0E7145B00202B
S21402CDC0CD64002024560020786F0020545A00209C
S21402CDD038B500240F4B104D2A78A24205D8C2B9A6
S21402CDE0BDE838400D48F6F7EBBC598869B9013AF8
S21402CDF0D2B2A2422A70EFD0121B184603F11001DB
S21402CE001201EEF7EFFA0346E6E701341033E4B216
S21402CE10E2E738BD2C44002091650020006E002019
S21402CE2070B51A4B1A4A1D780023DCB2A54200D808
S21402CE3070BD144666880133864202F11002F4D1B0
S21402CE40E379A588E16003F040028DB9CAB123F008
S21402CE500403E3710EF0FBF8037803F07F0303701C
S21402CE6021880029E4D1BDE870400A4812F060B972
S21402CE7000216580A180002AE9D1BDE87040FFF755
S21402CE80A7BF2046FFF7C0FEF7E700BF9165002068
S21402CE902C440020006E00202DE9F047044686B0A0
S21402CEA040880F4615460EF0D2F8A3798046082B26
S21402CEB052D8DFE803F0052E1851515151510500A2
S21402CEC0023012F00EFD002D4ED06946F7F7CCF96F
S21402CED0002841D1684601F0DDFEB0FA80F0400934
S21402CEE006B0BDE8F08702A9207A0FF07EFC6B46FA
S21402CEF06E46DDF80D00DDF81110334A03C3237ABF
S21402CF0032F81390314AD05C75B131460FF091FC7D
S21402CF10E6E7237A2E4903EB430301EB830231F85B
S21402CF202390907A961CEFE74FF6FB7AD14515D9F7
S21402CF30304603F0ADFF4FF6FF739842054615D014
S21402CF400146304601F018FE554508D9E379DA065F
S21402CF500ED440F62243E3600020C1E74D46294640
S21402CF6008F1020012F0BFFC0120B9E74D46EDE7DA
S21402CF704FF6FC78454512D103F00C030C2B1CD15E
S21402CF80DFB130464FF6FD7101F0F6FD40F61F4167
S21402CF902046E160FFF738FEFFF71AFFDCE74FF6A0
S21402CFA0FD739D4209D10023304619461A4602F007
S21402CFB02DFB4146304601F0DFFDE37943F00C03DA
S21402CFC0E37140F62343C6E7145B00207864002032
S21402CFD0545A002073B5044640880E460EF037F8C1
S21402CFE0023012F07EFC0CF0EEFD18B1A11C201DE2
S21402CFF00CF0EEFDE6B1E5790135EDB2E57115F01E
S21402D000400514D0EBF708F9012205460021204618
S21402D010FFF742FF18B1394B1B882B449DB2384BA1
S21402D0201B78042B01BF354B1B885B199DB22580EC
S21402D030002231462046FFF72FFF20B360880EF00D
S21402D04006F8E2792F4922F00C03E3710B780546C5
S21402D0500133DBB20B70C3712B4BA61C1B780BB3D0
S21402D060E37998061ED52949097871B159060CD577
S21402D07092070AD500220423114630460092FFF793
S21402D080B5F810B1E06002B070BD0022012311466F
S21402D09030460092FFF7AAF820B1E37943F0030383
S21402D0A0E371EFE730460CF091FD0028EAD1608884
S21402D0B0FBF77EFD0328E6D8DFE800F0020D1D1917
S21402D0C0E37943F00403E3711B06DCD5104B1A78B0
S21402D0D0104B1A70D7E740F62443E360E37943F037
S21402D0E00803E3712B7803F07F032B70CBE740F63F
S21402D0F02543E360C7E740F62643FAE7C06E002002
S21402D100CD640020CA640020C8640020756F002029
S21402D11070640020906500202DE9F74F064612F055
S21402D120F6FA5F4B0546B3F8009018805D4BA0EB0D
S21402D13009041B78A4B2A34298BF00234FF000084C
S21402D1404FF6FF7788BF1B1B564A88BFDBB21370A9
S21402D150DFF864B1A9EB00030093534B5FFA88F241
S21402D160197891420ED80EB1FFF732FE4FF6FF73D2
S21402D1709F4200F08E8039464C4803B0BDE8F04F1F
S21402D18011F0D6BFBBF80220002A3CD0484B9BF8D1
S21402D19007201878BBF800A0042818D00020BAF19F
S21402D1A0000F08BFA2462044504523D2BBF8001009
S21402D1B0009B1944ABF80010002E4ED002F0480235
S21402D1C0482A4AD100215846FFF704FF45E001925B
S21402D1D0F6F790FF30F01003019ADFD1FAF702FD5E
S21402D1E0344B019AB3F800C08445D7D9ACEB0000A3
S21402D1F080B2D4E702F00C00042807D10022ABF874
S21402D20000200BF1100B08F10108A6E7510602F008
S21402D210030C02F008000ED528B3BCF1030F25D18B
S21402D220DEB1DBF80C105846002908BF4FF4426105
S21402D230FFF7EAFC11E040B3BCF1010F25D112065C
S21402D240EED44FF4C862ABF800209BF8072022F019
S21402D250030242F002028BF80720BBF80020974236
S21402D26028BF1746CDE703208445D9D213060ED52C
S21402D2700C4B1A780AEB0200844208DA4A44521B24
S21402D2800AEB0201ABF80010E7E70120ECE7012108
S21402D29099E7064803B0BDE8F04FF6F791BA00BF2B
S21402D2A0325E00209065002091650020006E00200E
S21402D2B0CD640020C06E00202C440020F8B5002566
S21402D2C00A4E0B4F3378ECB2A34204D8BDE8F840BE
S21402D2D00848F5F785BF07EB0414A01CF5F780FF96
S21402D2E0201DF5F77DFF0135ECE700BF91650020B4
S21402D2F02C440020285E002070B500240B4D0C4EF6
S21402D3002B78A34208D81B1BDBB22B706BB9BDE887
S21402D31070400848F6F754BA06EB041040F621416E
S21402D3200134FFF771FCE4B2EAE770BD91650020B4
S21402D3302C440020006E00202DE9F0410025064610
S21402D3402F46114CDFF8448098F80020EBB29A4240
S21402D35003D8BDE8F041FFF73BBD60880DF077FECD
S21402D360023012F0BEFAB0420AD16088F8F74AFAE2
S21402D37000230E211846628803F086F9278067800C
S21402D38010340135E0E700BF2C44002091650020F0
S21402D390F8B5154EDFF858E035789EF800E0134FE2
S21402D3A0AE454FEA051C07EB051419D0002503F419
S21402D3B0835343EA1323A1712272E371608027F834
S21402D3C00C50A58006F078FB40F60243E360337803
S21402D3D06081013328463370FFF79EFE2846F8BD6B
S21402D3E040F60340FBE700BF916500202C44002076
S21402D3F0366F00202DE9F04F344B0D461C78174649
S21402D40085B05CB9B1F90680DFF8C890DFF8C8A02D
S21402D410DFF8C8B099F80030A34202D805B0BDE8DC
S21402D420F08F0AEB0416B08800B9708801A910F0D4
S21402D4306CF8AA7A9DF80E309A4244D1B8F1000FE1
S21402D4400FDA297A9DF80C202B89914209D82048B8
S21402D45000780844824236DA521A1B0A1341D90768
S21402D46031D5384610F040F8BDF80A3004469A0620
S21402D47002D5EB889B06D1D5F37903F00C03042B77
S21402D48008D17088F8F7BEF9002372881946184644
S21402D49003F0FAF800213046FFF7B6FBFFF798FCD8
S21402D4A0384611F075FD844208D2337A01228BF891
S21402D4B0003029460023384603F044F8B8F1000F3E
S21402D4C0ACDA0024A6E70134E4B2A3E78F650020B5
S21402D4D0356F0020916500202C4400209A650020BC
S21402D4E008B512F014F9074B1B88C01A80B2B0F5C3
S21402D4F0807F05D9BDE808400021034811F018BE18
S21402D50008BD00BF325E0020006E00202DE9F04705
S21402D51088B004460D460FF0F2FE0146204606F09D
S21402D5204BF910F0030340F0848010F00C0F06D184
S21402D5302946204608B0BDE8F047FFF771BC2046F2
S21402D5400DF078FCC10659D420460FF0D8FE0146ED
S21402D550204606F031F9074620460DF078FD0646CD
S21402D560023012F0BEF905A98046204607F00C07E5
S21402D57096F806A00FF0C9FF73780C2F0CBF03278E
S21402D5800627012113F0010F204618BF032711F0CA
S21402D5901BFD2B4B81461B78033B012B1DD9BAF191
S21402D5A0010F1AD94FF6F773984502D8337A1F2B14
S21402D5B013D9301D12F095F9F17982460EF04DF925
S21402D5C006465046F7F726FDDEB173685A1C04D0AD
S21402D5D0834340F6284308BF1D461A4B1B88A342C6
S21402D5E012D1B5FA85F04009FAF7A6FD20460DF0ED
S21402D5F04FFC00220146072012F03CF908B0BDE8B5
S21402D600F08740F62845E8E706F056FA824648468E
S21402D61011F0BEFC0646484611F09EFCF6B2029099
S21402D620424639462846CDE900A605AB0BF043FE36
S21402D630DCE7012BE2D110F00C0FDFD178E700BF58
S21402D640CD640020285E0020002210B5094B1C780D
S21402D650094BD1B28C4201D8002010BD197A814202
S21402D66002D19979022902D010330132F1E7012062
S21402D670F3E700BF916500202C44002001460022FB
S21402D68010B5084B1C78084BD0B2844201D8002053
S21402D69010BD187A884202D198790128F8D0103342
S21402D6A00132F1E7916500202C440020002210B4DC
S21402D6B00A4B1C780A4BD1B28C4203D85DF8044B55
S21402D6C0FFF786BB197A814205D19979012902BFF3
S21402D6D000211980598010330132ECE79165002051
S21402D6E02C440020044B1B6813F0300F03D020217B
S21402D6F030200EF0ACBF7047A4480020002310B5BF
S21402D700044608491A4601EA00414FF07F60FEF7D8
S21402D71051FFE30703D5002130200EF098FF0020CA
S21402D72010BD00BF00007207044B5B8823F47843E9
S21402D73023F08D0303800020704700BFA44800201A
S21402D74008B500220346C3F80220C3F806200B4A97
S21402D75002301268D1B212F0200F18BF41F0100149
S21402D7601980930701D4FEF79DFF054B1B78023BF9
S21402D770032B8CBF1720002008BD00BFA448002042
S21402D780CC64002038B505460C46FDF72FFB98B151
S21402D7900E4B187878B10E4B1B681A040FD58CB155
S21402D7A013F0420F00D17DB103F44073B3F5407F0E
S21402D7B00CBF0020232038BD40F60840FBE740F6A9
S21402D7C00B40F8E72046F6E72320F4E7C86400207B
S21402D7D0A4480020F0B504468DB007A80D461646AC
S21402D7E00BF075FE1022002103A8EDF7A9FD5CB12F
S21402D7F0234603AC03F1100722461868596808331B
S21402D80003C2BB421446F7D1012703A986EA0703DF
S21402D81007A88DF81C708DF81D300BF0C3FF80EA48
S21402D820070401A8E4B2EBF739FAB6B101A88DF8FD
S21402D8300650EBF75FFA64B1002303A907A88DF838
S21402D8401D300BF0BEFF0C4B1B78432B01D1F7F7B4
S21402D850CFFC0A4B1D700DB0F0BD01A88DF8075025
S21402D860EBF748FA002CF6D003A907A88DF81D702E
S21402D8700BF0A7FFEFE700BFCC640020C7640020D0
S21402D880F0B5012593B007460DA80C460BF01FFE17
S21402D89005A90DA8ADF834500BF0AEFF01A8EBF7C2
S21402D8A0FDF909A90DA88DF835509DF806600BF014
S21402D8B0A3FF0DA89DF807500BF034FF70BB731B37
S21402D8C0DBB2802B28D91FB1A64225D0A54223D190
S21402D8D005A90DA80BF075FF03A8EBF7DFF903A85F
S21402D8E08DF80F60EBF706FA0122294609A8FFF722
S21402D8F071FFF7F733FD01214FF4007003F0E6FDE8
S21402D900FDF75CFAB0F1004F01D9FDF75DFA044B62
S21402D91018780BF036FD012013B0F0BD0020FBE7AF
S21402D920C764002070B50E46144605460320FFF76E
S21402D93065F946F00402294620460BF09CFF0022B9
S21402D940014B1A6070BD00BFA0480020F0B587B03A
S21402D950078805461022002102A8EDF7F1FC3E4B8F
S21402D9601B78002B76D1BC055ED407F08403842B8B
S21402D97063D00022394C11461046FFF72BFF17F4EE
S21402D980045F276005F102061CD0B9040AD53046AA
S21402D99005F0A4F900284ED1236823F4005343F47B
S21402D9A08073236030460EF0E0FE002842D10BF072
S21402D9B08AFD18B9236843F480332360236843F052
S21402D9C02003236022680DF1060042F40043236020
S21402D9D0FFF7AAFE12F4805FBDF8063031D043F09E
S21402D9E02003ADF806302168334611F0400218BF16
S21402D9F005F123024FF07F60FEF7DCFDBDF806302E
S21402DA00DA0703D5002130200EF021FE23689B059D
S21402DA1006D5012295F8221005F11200FFF7DAFE6C
S21402DA2000200F4B186006E005F112000EF09DFE76
S21402DA3000289AD0292007B0F0BDB80799D5232030
S21402DA40F9E723F02003ADF80630FDF7BDF9FEF73F
S21402DA50BBFBC8E70220EEE7CC640020A448002007
S21402DA60A048002008B5054B1B7833B1FFF73AFEF5
S21402DA70BDE808400248FEF731BE08BDC864002073
S21402DA804F65002010B5154B1B78D3B1144B1B788D
S21402DA90033B012B15D900200FF02AF9044698B152
S21402DAA0EAF7EAFB237913F0300F0AD148B10128CE
S21402DAB003F0CF0206D0811E4B424B415B0113435B
S21402DAC0237110BD1023FAE7F7F7DAF80028F8D02A
S21402DAD021462046BDE8104004F096B8C8640020EF
S21402DAE0CD64002008B50DF052FC054B18B9186835
S21402DAF0C0F3800008BD1868C0F30050FAE700BF04
S21402DB00A44800202DE9F04F06468946104600211B
S21402DB1089B01546984605F04FFE102807460AD8E3
S21402DB206A4B0341DB0706D4C8F340049DB90020C4
S21402DB3009B0BDE8F08F664B1C78002CF6D0FFF7D4
S21402DB40D1FF00280CBF4FF4F0744FF4D074FC40A1
S21402DB5004F00104EAE74FF0000A18F0010F5346FA
S21402DB60524629464FF00500CDF800A00CBF4FF0F4
S21402DB70080B4FF4027B09F0F8FA0028D7D0C82326
S21402DB803246009359465346284605F03DFEADF808
S21402DB900E000028CBD018F0080A4AD14FF6F773C9
S21402DBA0A7F10F02D2B29E428CBF09230123012A9B
S21402DBB001D843F04003474A8DF810301378591CB9
S21402DBC011708DF81130002C4FD09DF81030052FB3
S21402DBD043F020038DF8103033D03F4B1D78002DD4
S21402DBE05AD04FF6F77300259E424FF00F0248D9DF
S21402DBF0012304A90DF10E00F5F736FD002896D193
S21402DC00002C4DD1BAF1000133463A4618BF012125
S21402DC10BDF80E00CDF800900BF0DFFFADF80E0059
S21402DC20002884D018F0040F4DD031460DF0E4FFE2
S21402DC307EE749460DF10E0005F02AF80028ADD120
S21402DC4075E70121BDF80E0011F0BEF9012105F0BD
S21402DC50B3FD0123834013F0620F1CD11E4B1B78C9
S21402DC60E3B14FF6F7731825BEE71B4B25461B7824
S21402DC700222002BBCD04FF6F7739E42B8D8052F6F
S21402DC80B6D0BAF1000FB3D19DF8103043F040037E
S21402DC908DF81030ACE710250F22A9E71825FBE710
S21402DCA0BAF1000F0AD002234A46009029460DF127
S21402DCB00E00FEF79BFA0028A4D038E7412352460E
S21402DCC0CDF800A0F2E70DF081FF31E79FFEFEFFE0
S21402DCD0C8640020C9640020BA6400202DE9DF432E
S21402DCE01E46144B80461B680F469B0791460A9CAD
S21402DCF01BD4204614B10BF058FFC0B20622CDE961
S21402DD0002403B460020CDE900890B490FF077FA26
S21402DD10024650B10021002E0CBF01230323084601
S21402DD2004B0BDE8D043FFF7EDBE002004B0BDE866
S21402DD30D08300BFA4480020AF9504002DE9F04F21
S21402DD408DB081468A461F4693469DF85C803AB956
S21402DD5003A8FEF7A7FCB0BB00200DB0BDE8F08F0D
S21402DD6015460022232110460DF08CF9ADF80A0064
S21402DD700028F1D011F0F0F80523044618F0100F31
S21402DD8000F8023B677020D011220021EDF7D8FA86
S21402DD9004F11306032F4FF0080237D159463046D6
S21402DDA0EDF720FBC8F3801306F1090533720BF07A
S21402DDB0F8FE00283ED000232B706B70012303353B
S21402DDC005F8013C36E003ADCBE701261022169992
S21402DDD0EDF708FB06FA07F313F0620F02D104F11F
S21402DDE01206D7E707A80BF072FB05A88DF81C6091
S21402DDF0EAF754FF9DF8162018F0200F9DF817300A
S21402DE0008BF134604F11306A374C3E7514630460F
S21402DE10EDF7E8FA012306F10802121B28460093E2
S21402DE20BDF80A10082392B211F05CFE042F06F128
S21402DE301005BCD02D1BA9B20DF10A000FF047F950
S21402DE40002889D118F0040F0BD0484611F0A4FA26
S21402DE50FF281FBF074A32F8103023F4804322F807
S21402DE601030434651464846BDF80A20FFF74AFEA0
S21402DE7073E700BFBC5D002070B5032690B08DF836
S21402DE8007600DF084FA18B90224204610B070BD5F
S21402DE90F5F78AFD0028F7D002AD2846FEF702FC09
S21402DEA00028F1D01B4B1C6814F00204ECD140F29F
S21402DEB00F43194AADF82430136804A8CDF826306B
S21402DEC05368CDF82A300BF002FB95E8030005AB49
S21402DED083E80300062304A88DF81D308DF8106031
S21402DEE0EAF77EFE01210DF12E020DF10700EAF798
S21402DEF0CFFD22461A2109A80DF0C4F8024608B939
S21402DF001924C2E7012329462046FFF7FBFD002815
S21402DF10BBD1F5E7A44800204F6500202DE9F04F5D
S21402DF2006460F46002199B01F2210A803930F91B0
S21402DF30EDF706FA30460FF0E2F90146304605F0F4
S21402DF403BFC8DF81B0030460DF081F89DF81B3027
S21402DF5045788146C5F340059806304648BF45F0E9
S21402DF6002050FF0C1FA0446304611F011F80023FC
S21402DF70001B5FFA80FA00935346232B28BF232305
S21402DF80224631460FA811F0ADFD002840D19E4B27
S21402DF909DF83C801B789DF83DB0002B3BD0FFF7E8
S21402DFA0A1FD00280CBF4FF4F0734FF4D07323FA90
S21402DFB008F3D9072FD5AA072DD4B8F1080F24D114
S21402DFC0BBF1040F24D1FAF797FD08BB01232246C2
S21402DFD00093314605200DF11B0309F0A3F8B8B1F2
S21402DFE0A8F10508B8F10D0F12D8DFE818F02800DE
S21402DFF0A001C701EC01F50111001100110011008A
S21402E000FB019D02A902D702D702B8F1050F08D07C
S21402E01019B0BDE8F08FB8F1100F05D1039B002BA5
S21402E020F6D0FAF769FDD1E7FAF766FD0028CDD0FB
S21402E030B8F1050FCAD0B8F1110FC7D0E8E7BBF1A7
S21402E040050FE5D830460CF065FF059009F1020091
S21402E05011F047FC81460DF11E00FFF765FB012318
S21402E0609DF83D70BB4013F06203039305D0BDF8E4
S21402E0701E309B0701D5AE07CAD50DF088F90028D9
S21402E080C6D0FAF739FD08B9002DC1D00DF13E0A07
S21402E09050460EF06AFB039B0490BBB1032F9DF81B
S21402E0A04EB01AD10DF14F040DF071F9814540F0D2
S21402E0B01781032DACD19DF856105246003918BF71
S21402E0C001210DF14E000BF095FDA1E7032FDDF8BF
S21402E0D00CB07BD10DF14E04E6E74C4B1B689C0757
S21402E0E029D5FF2208210DF157000DF0E2F88046EF
S21402E0F008BB034601460DF157020220FEF75AFA04
S21402E1000DF045F981450DF157060DF14F0422D069
S21402E1104FF6F773994540F2E88000220821204620
S21402E1200DF0C7F8002800F0E0800022594650465D
S21402E130FFF750FB6CE70DF157060DF14F04304622
S21402E1400EF0ADFA002846D00DF021F9814540F0D8
S21402E150C8804FF000082046F6F70EF9002800F0B7
S21402E160C080012F58D0042F7FF452AF0EF0BAFAB7
S21402E17010B1032D7FF44CAF049B002B7FF448AF05
S21402E180324602215046FFF7CDFB214B1B7863B186
S21402E190FFF772FEFEF72CFD022806D10120FEF7DD
S21402E1A021FD01210846FEF799FB1A4B1B78022B2C
S21402E1B01FD1032130460BF0E6F8FEF719FD0146A3
S21402E1C000287FF425AFFEF789FB21E70DF15606FE
S21402E1D00DF14E04B3E70F4B1B78432B7FF418AFB9
S21402E1E0012F7FF415AF0DF0D2F8814579D1B846EC
S21402E1F0B1E7412B7FF40CAF044B1B6858057FF543
S21402E20007AFF8F761FC03E7C8640020A4480020C3
S21402E21081650020CC640020B64C2378022B22D0E5
S21402E2202378412B3FF4F4AE049B33B9FAF764FC2F
S21402E230594602465046FFF7CDFAFAF75DFC00282B
S21402E2403FF4E6AE0EF04EFAAB4F98B13B681A05B5
S21402E25002D42378432B0DD1AB070BD440F61A40D9
S21402E260F7F7E0FBD4E60EF03DFA0028D8D0A9076F
S21402E270D6D4CDE6386810F0020002D1059903F034
S21402E280C3FC2378112B16D13B685F0513D50020FB
S21402E290FEF73AFB044600287FF4BAAE0DF04FFBB9
S21402E2A040F61C40F7F7BEFB21462046FEF716FB5B
S21402E2B0F7F7C4FBACE6AC0701D5FFF713FAB8F1E3
S21402E2C0000F9ED00BF0FFF818B94FF480310EF015
S21402E2D0BEF90022894B30461A600EF0D7F990E755
S21402E2E00026039B002B7FF413AF4FF6FF732046E6
S21402E2F008A9ADF82030F5F791FF20B120460DF0C1
S21402E30021F8ADF820004FF6FF73BDF820009842C2
S21402E3103FF47EAE049B3246002B0CBF042315232B
S21402E3202146CDE900A33B46FFF708FD70E60DF057
S21402E3302EF800287FF46CAE714B1B78002B3FF44E
S21402E34067AEA80704D46C4B1B6899013FF560AE14
S21402E350BAF10C0F0DF1450094BF002412AC11F077
S21402E360C0FA02469DF8470003283FF651AE3946EA
S21402E37000940DF13D0304F00BFA49E60DF13D0061
S21402E380F5F7FAFF28B1022239460020FAF740F8DC
S21402E3903EE65C4B1B78013B012B3FF639AE0DF196
S21402E3A03D0002F075FD4FF6FF739842044606D113
S21402E3B00DF13D000CF0C6FFA0423FF429AE00214D
S21402E3C0FAF736F924E6EA077FF522AE2A463846F9
S21402E3D00FA904F0DBFA1BE69DF83D100120FFF7BB
S21402E3E04FFA15E6474B1B78013B012B3FF610AE62
S21402E3F0EB077FF50DAE0DF13D0002F049FD4FF63D
S21402E400FF7398420546804640F080800DF13D003D
S21402E4100CF098FF40450546074677D10DF13D00C2
S21402E420F6F71CFCB84205463FF4F2AD304610F053
S21402E430AFFD00220934E4B2071BFFB2394610468C
S21402E4400CF020FEADF81C0000283FF4E1AD4FF0C2
S21402E450010900232A460821CDF8009005F0D4F9D8
S21402E460ADF81E0000283FF4D3AD214630460FF02B
S21402E47012F84FF0000A80461622514609A8CDF837
S21402E48020A0ECF75DFF434622463146CDF800A0B9
S21402E49008A811F027FB4B46424608A90DF11E00BC
S21402E4A0F5F7E2F800287FF4B3ADA7EB0807FFB252
S21402E4B0394607A80EF00BFE284610F06DFFFF281F
S21402E4C018BF114A444418BF32F81030E4B21CBFD9
S21402E4D023F4804322F81030BDF81C00234632464F
S21402E4E0002100970EF01BFE2946BDF81E000DF017
S21402E4F083FB8DE5CC640020A4480020A0480020C1
S21402E500C8640020CD640020BC5D0020284610F0C0
S21402E51043FFFF28074689D0F6F7C6FD002885D0B8
S21402E520384603F099F881E71E4B1B78013B012B16
S21402E5303FF66EAD2A4638460FA9FCF7C9F967E5DD
S21402E540194B1B78022B20D1002F7FF461AD08A84F
S21402E550FEF7A8F800283FF45BAD144B1F709DF839
S21402E5603D30002B14BF64246524FEF741FB0328CC
S21402E57006D138463946FEF7B1F93846FEF73EFB75
S21402E580214608A80AF0FFFE42E5043B012BDBD930
S21402E59038460BF018FB0028D6D139E530460BF08A
S21402E5A014FB35E5CD640020CC6400208165002094
S21402E5B02DE9F34105460E46174698460EF092F8A8
S21402E5C0044640B101233A4631462846CDF800803B
S21402E5D0FFF784FB04460EF085F830B1FFF782FAA7
S21402E5E078B10A4B1B689B010BD400233A4631468E
S21402E5F02846CDF80080FFF771FB002C0CBF0446BE
S21402E600012404F0010002B0BDE8F081A448002015
S21402E61070B58AB005A80AF05AFF022301AA154669
S21402E6208DF81430084B03F1100614461868596822
S21402E630083303C4B3422246F7D1294605A80BF095
S21402E640B1F80AB070BD00BF57E20400014B18785B
S21402E650704700BF766F0020014B1888704700BFD6
S21402E660EA6E00204FF6FF732DE9F043994280468A
S21402E6700D4685B00BD000274FF6FD791C4EE9F704
S21402E680D1FDFCB2A0420BD84FF6FF701DE0F5F7A5
S21402E69073FE0028EFD005B0BDE8F0430CF077BE5D
S21402E6A036F814304B4517D8694620460EF061F806
S21402E6B0082241460DF10500EDF78EF94FF6FF737D
S21402E6C060B99D4204D136F8140005B0BDE8F08367
S21402E6D026F814500EF016F80137D0E79D42FBD00C
S21402E6E036F81430AB4208BF26F81490F4E700BFA1
S21402E6F0145B00202DE9FF4706460F4600254FF61D
S21402E700FD79DFF83C80DFF83CA0E9F78BFDECB240
S21402E710A04202D804B0BDE8F08738F814304B4562
S21402E7200CD8694620460EF024F8082231460DF130
S21402E7300500EDF751F908B90AF804700135E4E767
S21402E740145B002078640020014B33F810007047F9
S21402E750145B0020F0B5064600250D4F85B0E9F79C
S21402E76061FDECB2A04201D805B0F0BD37F8143016
S21402E770B3420BD1694620460EF037F89DF80030BA
S21402E780022B1CBF4FF6FD7327F814300135E6E75F
S21402E790145B002030B585B004460D46E9F742FD0D
S21402E7A0A0420FD9084B33F814204FF6FD739A4255
S21402E7B008D8694620460EF018F829460DF10500DD
S21402E7C0FFF750FF05B030BD145B002030B585B0B2
S21402E7D00446E9F727FDA04219D92046FEF734FF82
S21402E7E00546B0B9694620460DF0C3FF9DF80030D5
S21402E7F02BB1694620468DF800500DF0D8FF4FF633
S21402E800FF720020044B23F8142005B030BD2820E8
S21402E810FBE740F60440F8E7145B00202DE9F041E0
S21402E8200B7805460E461BB9BDE8F041FFF7CEBF92
S21402E830E9F7F8FCA84231D92846FEF705FF78BB6F
S21402E840374617F8058B4FF6FF713846FFF70AFF73
S21402E8500446384600F01EFAB0FA80F04009B8F1D5
S21402E860000F15D0B8F1030F15D04FF6FF724FF612
S21402E870FD73944208BF1C460B4B314623F81540E5
S21402E8800A4B585528460DF092FF0020BDE8F0814D
S21402E8904FF6FF74F0E74FF6FE74EDE72820F5E733
S21402E8A040F60440F2E700BF145B002078640020C4
S21402E8B02DE9FF410D4604464FF6FE780F4F0E0A2D
S21402E8C0E9F7B0FCA04204D8FF24204604B0BDE815
S21402E8D0F08137F8143043450CD1694620460DF0D6
S21402E8E048FF9DF80520EBB29A4203D19DF8063008
S21402E8F0B342EAD00134E4B2E2E700BF145B002080
S21402E9002DE9F04F0C461746984600254FF6FD7B3C
S21402E91087B09DF840A0DFF85C900190E9F782FC92
S21402E920EEB2B04201D8FF2616E039F816205A4554
S21402E9301ED8304602A90DF01CFF3FB99DF80920EB
S21402E940424515D19DF80C20524511D144B939F8EB
S21402E9501620019B9A420BD1304607B0BDE8F08FD5
S21402E960082220460DF10D01EDF736F80028F3D007
S21402E9700135D3E7145B002010B514460DF0F9FEFE
S21402E9802046BDE8104008220149ECF72BBD00BF27
S21402E9904F6500202DE9FF47074615460846082220
S21402E9A024491E46EDF718F8044600283FD14FF6D4
S21402E9B0FF7ADFF88490E9F735FC5FFA84F8804541
S21402E9C00BD385B3384608F08EFC01250C9B1870D5
S21402E9D00120357004B0BDE8F08739F81830534589
S21402E9E01FD0694640460DF0C4FE7A789DF8013085
S21402E9F09A4216D17A88BDF802309A4211D13A79F3
S21402EA009DF804309A420CD108220DF10501781DBA
S21402EA10ECF7E2FF28B9002DD7D1404608F07EFC7D
S21402EA20D3E70134C7E7FF2008F078FCCEE70020E2
S21402EA30D0E700BF4F650020145B0020F0B500252C
S21402EA40154E164F85B0E9F7EDFBECB2A04201D8A1
S21402EA5005B0F0BD694620460DF08BFE9DF80030ED
S21402EA60032B06D90023694620468DF800300DF0A8
S21402EA709EFE9DF8002062B14FF6FD734FF6FE71C2
S21402EA80032A08BF0B4626F81430002301353B55EF
S21402EA90D9E74FF6FF73F6E7145B00207864002090
S21402EAA0F8B50E4604464FF6FF770C4B0C4D1B7816
S21402EAB003EB430305EB8305A54202D80024204658
S21402EAC0F8BD2388BB4206D008223146A01CECF7CC
S21402EAD083FF0028F3D00C34EEE700BF376F002028
S21402EAE0545A0020044BFF211A78044802EB4202D3
S21402EAF09200ECF725BC00BF376F0020545A002066
S21402EB00F8B504460C4B0D461B781046A3420DD9A9
S21402EB100C27022117FB04117C43084E08223144BD
S21402EB20ECF760FC335B00202B80F8BD00231360FB
S21402EB3053604FF6FF73F6E7376F0020545A0020F3
S21402EB4038B504464FF6FD75FFF704FE0022084B63
S21402EB501878084BD1B2884200D838BD33F80C1C5E
S21402EB600132A14208BF23F80C5C0C33F2E700BF67
S21402EB70376F0020605A002070B505460E460846DC
S21402EB80FFF7DEFF31462846FFF76CFD29460648AA
S21402EB90FFF786FF00B970BD044624F80C6B0DF033
S21402EBA0B1FD29462046F3E7545A002010B5082244
S21402EBB086B023490446ECF70FFF20B906B0BDE83D
S21402EBC010400CF0E4BB082220461E49ECF704FF76
S21402EBD020B91D4BB3F8680006B010BD0023012211
S21402EBE021464FF6FF700093FFF78AFEFF2806D0F5
S21402EBF0164B33F810004FF6FB739842ECD903A875
S21402EC00FEF79EFD58B9BDF80C305B0607D5082204
S21402EC1021460DF10E00ECF7DFFE0028DCD021467F
S21402EC200B48FFF73DFF40B14FF6FB724FF6FF73FE
S21402EC300088904288BF1846CEE74FF6FF70CBE7B3
S21402EC404F6500208E56002024560020145B0020BC
S21402EC50545A002070B5002204464FF6FB7608464A
S21402EC600A4B1D780A4BD1B28D4201D8002009E02A
S21402EC701988B14207D8A14205D10822991CECF79F
S21402EC80B1FB012070BD0C330132ECE7376F002078
S21402EC90545A002037B5014605460E48FFF700FFD6
S21402ECA0044640B1807A29460DF0C3FD80F001008B
S21402ECB0C0B203B030BD03460090012229464FF68B
S21402ECC0FF70FFF71DFEFF2816BF034B2046185C99
S21402ECD0E9E700BF545A0020786400202DE9F3418A
S21402ECE0224B04461B780F468342154638D9FEF758
S21402ECF0C5FCB8BB4FF6FD739D421D4E0ED004EB0D
S21402ED00440326F823504FF6FF739D421FD1204638
S21402ED10FEF7CCFC002002B0BDE8F0810DF1060142
S21402ED203846F5F77BFA4FF6FF72BDF806303846DE
S21402ED30934218BF1D460C236343F55206EB0308A5
S21402ED40FFF7A8FFB0FA80F0400988F80A000C2303
S21402ED5003FB0460082239460230ECF743FBD9E78E
S21402ED602820D8E740F60540D5E700BF376F0020D9
S21402ED70545A002038B504460D46FFF7BBFC214620
S21402ED800448FFF78DFE00B938BD857221460C3067
S21402ED90F7E700BF545A00200023074A1370074AB9
S21402EDA01370074A118801B11380064B1A880AB1FC
S21402EDB000221A80704700BF9365002092650020EB
S21402EDC0385E0020365E00202DE9F04F4C4C984607
S21402EDD0238889B005900F4610469DF848A05BB977
S21402EDE052B10EF08DF920804FF4FA61454809B011
S21402EDF0BDE8F04F10F09CB9DFF81C91B9F800504E
S21402EE00002D69D0284610F0C3F8C0F34704284600
S21402EE1010F0A2F8DFF804A10294BAF80030DFF886
S21402EE2000B10193BBF8003005460093002243462A
S21402EE30012035490EF0E3F9ADF81E0010B305EBDC
S21402EE4044080124454512D1E4B9BDF81E50CDB19F
S21402EE502E4B1B782BBB2B4600223946059800F01A
S21402EE6043FA0023ABF80030AAF800300AE0012388
S21402EE7029461A460DF11E00F4F7F6FB0235044643
S21402EE800028DFD00023224AA9F800301378013B7D
S21402EE90DBB21370002BA7D109B0BDE8F04FFFF725
S21402EEA07BBF0CF03DFA0146284604F085FC0A2199
S21402EEB08046284604F080FC0646A64202D8FF2C6E
S21402EEC0CFD1C8E7284604F10B0104F075FC804553
S21402EED0C1D80134E4B2F0E70E4C237823B910F01F
S21402EEE00BFB08B901232370524641460520F5F76D
S21402EEF057FC0028D0D1207009B0BDE8F08F00BFC3
S21402EF00385E0020206E0020B5950400946500202F
S21402EF109365002092650020365E0020D05D0020BA
S21402EF20D25D002030B5154D87B02C889CB923469B
S21402EF304FF4A07248F2380103A80DF05DFD214699
S21402EF402046F9F7F3FB22460D4B009403A9FFF780
S21402EF503BFF07B030BD20460CF079F8043010F0C5
S21402EF60C0FC03A9044628880EF0CFFA00230093BB
S21402EF7020462A8803A900F065FBEAE7385E0020EF
S21402EF8000F8FF0737B5002001A9F9F7CFFB0D4CB3
S21402EF90014623780C4D7BB10C4B019A1878F9F791
S21402EFA0DBFB2078F7F716F9002323702B7008484E
S21402EFB0F4F706FC03B030BD2B78002BF7D0FFF732
S21402EFC0B1FFF4E796650020936500209565002062
S21402EFD0206E002008B50548F4F702F90448F4F755
S21402EFE0FFF8BDE808400348F4F7FAB8385E002098
S21402EFF0365E0020345E00202DE9F04F89B0894647
S21402F0000446CDE905239DF84870139E30B316F8E2
S21402F01001ABBAF1000F23D00AF1FF34A400E4B228
S21402F020314601200AF017FEC00E1BD1DFF838B1B8
S21402F030314601200AF00FFE9BF800503444227934
S21402F040BDB1002F47D180234846CDE90277CDE9EE
S21402F05000773E4A059900F047F93CE08246DFE732
S21402F0605446DDE71B28ECD9314601200AF0F3FDB1
S21402F070E7E7DFF8F880FF2A00EA08080BD14246E5
S21402F080E379A179607901EB032189B209B0BDE881
S21402F090F04FF9F761BB2E4909688B070AD5FE2A9D
S21402F0A035D101230135EDB2202D4FEA43030AD1B3
S21402F0B0FF250AE0294628460792F9F737FB484516
S21402F0C0BFD1079AEBE79845ECD1224B1B78FF2B72
S21402F0D004D0AB4204D009B0BDE8F08FFF2DFAD0C1
S21402F0E029460020F3F774F80028F4D09BF8003085
S21402F0F06479002BEFD1FFF74FFE17484FF41051FB
S21402F10010F016F8154B8BF800501C70E3E7052A32
S21402F11097D8BAF1010F94D8B8F1000F91D0002F0A
S21402F120D9D17379002BD6D00D49098821B9082B7D
S21402F13028BF08230B490B70434648461292DDE966
S21402F140051209B0BDE8F04FFFF73EBEB5950400C4
S21402F150A4480020776F0020206E002095650020CE
S21402F160385E0020936500209665002000F8FF07B1
S21402F170014B1880FFF7D6BE365E002037B5184B17
S21402F1801B78022B03D01725284603B030BD00217A
S21402F1900DF10700F4F798FC05460028F3D1114B51
S21402F1A01B78013B012B01D90225EDE7F4F7F6FBAC
S21402F1B00028F9D00AF02FF80446F4F7EFFB0A4BC2
S21402F1C04FF47A7118700B23B4FBF3F203FB12446C
S21402F1D00A34A4B2614305480FF0AAFFD4E700BF81
S21402F1E0CC640020CD640020BD640020D0470020FF
S21402F1F02DE9F043384B00241E784FF4F813374FAE
S21402F200A5B003933D78ADF81040F7F78FF8BDF937
S21402F2100E30ADF81200A342ADF8144006DB304BB8
S21402F2201C780134E4B21C7044F080048DF82C4043
S21402F230A94602244FF000088DF82D60B14529D367
S21402F240002221460BA83D708DF82D800BF01AFF88
S21402F250E8B1B8F1000F09D000234FF6FC71CDE9F2
S21402F260000303AAFF230620FBF7EAFFB5422FD2CC
S21402F27009F0D1FF0B23B0FBF3F24FF47A7102FBD5
S21402F28013000A3080B2414316480FF051FF25B0F2
S21402F290BDE8F083484606A902F004FA98B9512C54
S21402F2A011D804F190030DEB0302083406AB0135C6
S21402F2B008F1010803CBE4B242F8640C42F8601C81
S21402F2C0EDB25FFA88F809F101095FFA89F9B5E744
S21402F2D00448F4F775FADAE7BD640020BE6400203D
S21402F2E098650020D04700200CB42DE9F04F8BB073
S21402F2F014AA0E4652F8041B07460992002940F04B
S21402F3008F80BDF85400ADF82200002800F0A180DE
S21402F31033794FF6F778002B40F0868047458CBF4E
S21402F3204FF009084FF008084C4B1C78FF2C40F0B1
S21402F3308380B6F90230002BA9BF494B347A1C7879
S21402F3400134A2BFE4B21C7044F08004DFF81CB1A2
S21402F3502246002104F044FA9BF80030BDF8220051
S21402F360002B6CD0DFF808A14FF00009BAF8003085
S21402F37007930FF00DFE0546BDF822000FF0ECFDD8
S21402F380EBB2CDE90193FF23CDE9030900932246B0
S21402F390334639460798FCF7F1F84FF6FF730546F1
S21402F3A08BF80090AAF80030382D33D13246394611
S21402F3B040460DF122030AF00EFC00284BD04FF611
S21402F3C0F7739F4226D8B6F902307088002B21DAEE
S21402F3D048F204022349244B4FF00008904214BF1F
S21402F3E0894699460BF0D3FF494603468A220120F6
S21402F3F0CDF800800DF003FF814658B12246414603
S21402F40004F0EEF9FF23324639464046CDE900982D
S21402F410FBF716FF28460BB0BDE8F04F02B0704768
S21402F42001200DF0C9FE6EE7002347458CBF4FF062
S21402F43006089846337177E7FF221A7086E7CDE909
S21402F44000033246FF2339464046FBF7F9FE0546DF
S21402F450AAE71925DEE70546DCE700BF796F00203C
S21402F46098650020C6950400BB95040097650020A9
S21402F4703A5E002070B54FF4003300240546164667
S21402F48088B0ADF81A100DF10F0204A90593ADF875
S21402F4901840ADF81C4004948DF80F400AF072FB39
S21402F4A09DF80F3028460193049B044A009305A951
S21402F4B03346FFF719FF08B070BD00BFBF950400C2
S21402F4C030B54FF48035002487B00395BDF8285038
S21402F4D0CDE900128DF81030074A034603A9BDF89D
S21402F4E02C008DF81140ADF81250ADF81440FFF71D
S21402F4F0FBFE07B030BD00BFCB950400B1F1006F34
S21402F5002DE9F04314462CBF392238228BB01D4613
S21402F5104FF00003ADF81E204FF480022CBF4FF0D0
S21402F52001099946FF2C0646ADF81C300892ADF844
S21402F53024304FEA11471FFA81F80FD10CF0BDFABA
S21402F540B9F1000F19D1154ACDE9020543463046F6
S21402F550CDE9007407A9FFF7C7FE1AE0FE2C0AD110
S21402F5600CF0ABFA0130C0B20CF0B2FAB9F1000FEF
S21402F57012D00B4A02E0E8B2F8E70A4ACDE90305E0
S21402F58001233046CDE90174CDF8008007A9FFF7C4
S21402F590ABFE0BB0BDE8F083034AD5E7C395040083
S21402F5A0C9950400C2950400CA9504004FF4981247
S21402F5B04FF0806310B586B0CDE903230023ADF883
S21402F5C014300BF0E4FE0446F6F7B0FE054B01904D
S21402F5D00093054A234603A94FF6FD70FFF784FE03
S21402F5E006B010BD4F650020CF95040008B5064B47
S21402F5F01B78022B02D0043B012B03D8FFF7D6FF61
S21402F600002008BD0220FCE7CC64002030B50024B0
S21402F6104FF4806587B0CDE900128DF81030084AA5
S21402F620034603A94FF6FD708DF811400394ADF81A
S21402F6301250ADF81440FFF757FE07B030BD00BFBA
S21402F640D39504002DE9F04F9BB00E4605460EA951
S21402F6501046CDE90A329DF890700DF025F9BDF8F6
S21402F66038A0804650460FF093FCB6F902300446A6
S21402F670002BB6F80690B6F802B004DA0022B24BB7
S21402F6801A70002049E050460FF082FC4045F5D340
S21402F690A4EB0804E3B2002F18BF4FF4A079152B91
S21402F6A0099328BF15230024013308F1FF3251467F
S21402F6B0DBB292B2009414A810F014FA6FEA4B432D
S21402F6C06FEA5343A1499DF8502008684968ADF88F
S21402F6D046300FAB03C3ADF84840ADF84440ADF832
S21402F6E04A90ADF84C20BBF1000F24D10DF1510029
S21402F6F0F4F742FEA0B10BF04AFE5C4606460DF158
S21402F700590A0DF151030A9A9AF80080012A2DD15E
S21402F71057B384F0010404F001001BB0BDE8F08F7B
S21402F7200DF1510001F0B4FB4FF6FF74011B4C4281
S21402F73006464C41E3E7BBF1010F40F09480BDF86A
S21402F74051600BF024FE86420AD030460FA90DF017
S21402F75081F980F00104E4B20DF1530A0FABD2E74F
S21402F7607B4B0DF1530ACEE70A9CD4E797B3002CE5
S21402F77075D1B8F1010F72D837D10BF008FE0BF035
S21402F78006FE224606469AF80170714B00210120B9
S21402F790CDE9006102976F490DF031FDADF83A00F0
S21402F7A000285CD0002C53D1B8F1010F50D1264668
S21402F7B0DFF8B8A19AF800305FFA84F8434538D9E2
S21402F7C040460FF041FEC20702D5BFB1013FFFB26D
S21402F7D00134EFE7B8F1010F05D1002CCDD081221C
S21402F7E09AF80170D2E7002CF9D1B8F1010F94BF54
S21402F7F0002201229AF80170D201C7E7404601F0C2
S21402F80017FB0123ADF8340002220DA90DF13A00D0
S21402F810F3F72AFF18BBBDF83A000FF0B9FB804693
S21402F82048460CF0B3FE08F1010801368045F6B2F0
S21402F830CEDBB6B132460C21BDF83A0003F0D0FF5B
S21402F84000222846BDF83A3011A9FFF74DFD06E022
S21402F8500C210DF13A000DF03AFC0028F0D0012000
S21402F8605BE70D21F5E70A9B002B7FF40AAF73884E
S21402F870342B57D1099B092B7FF403AF002F7FF45B
S21402F88000AF9DF959603A46B41008210DF15100B7
S21402F89004F020040BF00DFDD0B12F4B1B78012B8A
S21402F8A03FF4EFAE022B27D12C4B1B6813F0807F60
S21402F8B025D12A4B1B685B0201D5002E30DA0023C5
S21402F8C02846274A11A9FFF70FFD264B1C70D8E6DB
S21402F8D00DF15100F4F750FD0028DED10DF1510074
S21402F8E001F0D6FA4FF6FF73984208D02146F8F791
S21402F8F09FFE034618B903E0033B012B06D9C82333
S21402F9002846174A11A9FFF7EFFCBAE6164BB3F8DA
S21402F9106830AB42CDD0114B1B6813F0805FC7E74F
S21402F9208D23EDE7099BCDE9059204930DF1510372
S21402F930CDE9028331462846CDE9007A0B9B11AA0F
S21402F94000F058F89DE600BF8B650020091F0400F2
S21402F9504F650020D7950400CD640020A4480020FF
S21402F960B94C0400786F002024560020446F002013
S21402F970024B187840F08000704700BF9865002060
S21402F98038B50A4B05461C7824B10BF000FDB0FAD8
S21402F99080F46409F8F72AFF08B144F04004E8F757
S21402F9A04DFC44EA4020284038BD00BFC864002011
S21402F9B0014B188000207047F26E00204FF6FF7150
S21402F9C0034602881B798A4217BF074901200A802C
S21402F9D041881EBF054A00201180FF2B1EBF044A25
S21402F9E000201370704700BFEE6E0020EC6E002001
S21402F9F0996500202DE9F04FB7B09946BDF804315D
S21402FA00439C0D939DF8083183460E93BDF814313E
S21402FA1020460F939DF81831B1F802A00F46904683
S21402FA209DF8005110930FF05CFFBAF1110F0646D5
S21402FA3000F28A800BF0ABFCB04200F08F80BAF185
S21402FA40060F19D14FF6FD739E423ED0DDB9BC4B70
S21402FA501B78033B012B36D930460FF09DFCFF285E
S21402FA6014BF8923812300224146CDE9006258460D
S21402FA70B44AFFF739FC06E02DB9BAF1030F08D8ED
S21402FA80BAF1010F0AD80022AF4B1A7037B0BDE8A0
S21402FA90F08FAAF10403022BF5D8D8E7A84B1B78FF
S21402FAA0033B012B0DD930460FF076FCFF2814BF1E
S21402FAB08923812341465846A44A0096FFF714FC40
S21402FAC0E1E78023F6E78023CDE7A14B1B785907B1
S21402FAD04CD40BF05CFC00260346324601209949C2
S21402FAE000960DF08CFB2379ADF86C000F9300287E
S21402FAF0CCD0DDE90E320D9803EB42090FF048FA3E
S21402FB005FFA89F909F10507FFB28742BED2394684
S21402FB100D9803F051FE109007EB40070D980FF07A
S21402FB2037FA8742B2DADDE90F321343DBB2002B33
S21402FB3040F03282002DA9D12F463A460421BDF864
S21402FB406C0003F04DFE76E1814BBAF13A0F1B785A
S21402FB5011D948F23B039A4508D014E07C4B1B7837
S21402FB605A070BD5AAF10403022B07D8FB8843F4E5
S21402FB708043FB808AE7BAF11B0F1ED8AAF1020364
S21402FB809AB2132A5ED9109B494602930F9B50469F
S21402FB90CDE900530E9A5B460AF001F80F287FF46F
S21402FBA075AF0122684B1A70694B1B789B0740F1B0
S21402FBB0D982002D7FF46AAFD8E7AAF11C021E2A6A
S21402FBC0E1D801A151F822F0ED03030087FB020001
S21402FBD087FB02000D00030087FB0200ED00030016
S21402FBE0ED00030087FB020087FB020087FB020092
S21402FBF087FB020087FB020087FB020087FB0200EE
S21402FC0087FB020087FB020087FB020087FB0200DD
S21402FC1087FB020087FB020087FB02001D01030030
S21402FC201D0103008903030087FB020087FB020015
S21402FC30A303030087FB02003D04030053040300F2
S21402FC4061040300132B9ED801A252F823F000BFD2
S21402FC50A1FC020069FD020087FD020065FE0200AB
S21402FC60D3FA020087FB020087FB020087FB020032
S21402FC7087FB020087FB020087FB020087FB02006D
S21402FC8087FB020087FB020087FB020087FB02005D
S21402FC9087FB0200A7FF020087FB0200190403008D
S21402FCA000241BAB5A4648460E9900931DAB1D9482
S21402FCB08DF86C4009F067FF0BF069FB204B054698
S21402FCC01B78012B03D0022B14BF02240124E8F771
S21402FCD0B5FA162894BF0020012044EA4014F6F72D
S21402FCE025FB1C4B0646B3F800A0FBF79FFA1A4BFF
S21402FCF007464FF6FF70B3F80090FFF741FE174B2A
S21402FD009DF86C201988124B1B7813F002031CBF57
S21402FD10134B1B780B921D9ACDE90701CDE90932E8
S21402FD2040234146CDE9014358460023CDE90579F3
S21402FD30CDE9036A0B4A0095FFF7D6FAA6E600BF9E
S21402FD40CD640020BB9504008B650020C695040098
S21402FD506D640020F26E0020EE6E0020EC6E002035
S21402FD6099650020DD9504000BF011FBA34BA44A15
S21402FD701B88CDE9400300234146584637B0BDE80C
S21402FD80F04FFFF7B1BAA4781DA9631EDBB2EF2BC2
S21402FD90204610D9F22C0ED008F0F1F982240BF08E
S21402FDA0F6FA00234146CDE90003964A2346584612
S21402FDB0FFF79AFA6AE608F0E2F9002850D00BF04C
S21402FDC0E6FA9DF878209DF87A100492BDF876201F
S21402FDD049000392BDF87420C9B2CDE901429DF8EC
S21402FDE0792003465200D2B208320A440092012019
S21402FDF0002285490DF003FA9DF87930ADF86C00C3
S21402FE008DF8673000283FF441AE002601230DF13D
S21402FE1067011A461BA8F3F727FC054600287FF45D
S21402FE2035AE9DF86730EAB2934209D89DF87A302B
S21402FE308DF8673016B1BDF86C3033E00126E5E781
S21402FE403146204608F09DF90123ADF868000222EB
S21402FE501AA91BA8F3F708FC01350028E1D015E61D
S21402FE6083249CE70BF093FA044608F0A9F923468C
S21402FE7000900022012063490DF0C1F900283FF4EA
S21402FE8005AE00252C46ADF8740008F099F9EEB2DE
S21402FE90B0420DD822460421BDF8740003F0A0FC3F
S21402FEA0BDF87430002241465846FFF71DFAEDE5CC
S21402FEB0304608F062F9FF288DF86C000AD001235C
S21402FEC001341A461BA91DA8E4B2F3F7CDFB00289D
S21402FED07FF4DCAD0135D8E75046B4F8029008F05E
S21402FEE04CF9FF288DF8680000F0CF821DA908F0B3
S21402FEF046F9BDF874304B4507D04FF6FF72914570
S21402FF0040F0C3821B0400F1C0829DF87930129340
S21402FF100E9B0533DBB213930F9B149300231193AE
S21402FF204FF000094B4613E017934900139BC9B2E2
S21402FF3019440D9889B20DF005F94FF0000A179B87
S21402FF40159012995FFA8AF28A4217D309F10109CB
S21402FF50149A5FFA89F19142E6D39DF87A201292BA
S21402FF60169A1392002B40F08582119B002B40F0CC
S21402FF708C8201231193109B1493D1E711999DF85B
S21402FF806800179308F0FDF8159A179B0AF1010A04
S21402FF90824208BF0123D4E709F106095FFA89F312
S21402FFA03746169372E2A71C39463046A57A09F000
S21402FFB04AF9012239463046FAF7D4FB30460CF0AD
S21402FFC09FFE384600F064FF2288824207D04FF632
S21402FFD0FF72904203D00FF0DFF90CF0D1FD85F0EE
S21402FFE00804C4F3C00421463846FEF7C3FE214681
S21402FFF0384637B0BDE8F04F09F0FEBDF06E00207F
S214030000EA950400BB950400EE950400AD4B1B78FF
S214030010033B012B7FF63AAD0BF0B9F958453FF495
S21403002035AD09F0F8F80B23B0FBF3F24FF47A7111
S21403003002FB13000A3080B24143A3480FF078F85E
S214030040F3F7ACFC00283FF421AD01230022184649
S2140300509E4994F800A00DF0D2F8ADF86800002889
S2140300603FF414AD0026354634460E9B1BAF0133D2
S2140300700E93F2B2524514D3002C3FF407AD01237E
S2140300802A461DA91AA8F3F7EFFA00287FF4FEAC58
S21403009022460221BDF8680003F0A2FBBDF86830D3
S2140300A000E74FF000090E99D200D2B20A440823A3
S2140300B00D993846CDF800900FF014FD39464846A2
S2140300C00FF03AF9FF280FD0814B1B5C0F2B0BD98F
S2140300D097E8030005F1D8036B44643B83E8030009
S2140300E008350134EDB2E4B20136C2E7002D7FF4E1
S2140300F0CDAC18073FF53AAD53462246414658461F
S21403010003F066FE00287FF4C1AC842341465846BC
S214030110704A37B0BDE8F04FFFF7E6B823780F987C
S21403012010930CF033FA00210646584604F0BAF949
S214030130644BBAF1310F1B780746A3F103030BD1C7
S214030140012B13D9644B654A1B7812781344DBB230
S2140301500D9316230E930DE0012B03D9604B1B78EA
S2140301600D9353BB002D7FF491ACCEE701231621EC
S214030170CDE90D310024109B22460093012023462F
S214030180584901940DF03BF800283FF47FACF61B6A
S214030190F3B22646544FDFF85C911193ADF86C002A
S2140301A00F940D9BE5B2AB4209D832460221BDF847
S2140301B06C0003F015FB0F9AC0E40523CAE716226A
S2140301C000211DA8EBF7BCF8BAF1320F3DD13B79FD
S2140301D003F00302032A21D18DF87620109B013603
S2140301E0F6B2B34215D2BDF86C000EF0D1FE0E9BEC
S2140301F01844119B98420CDC01230E9A1DA91BA8D8
S214030200F3F732FA00287FF441AC0F9B0133DBB2DD
S2140302100F930134083709F11209C2E7B9790029A7
S214030220DCD13249C3F3C203CB5C1DA8012A08BF45
S21403023043F0010339888DF876300FF054FB798844
S2140302400DF177000FF04FFBC8E71DA80BF0B7FBC7
S2140302504FF0FF33CDE91F331F4B1B78AB4261D9F9
S21403026099F804306F2BD4D828461FA9F4F7D0FF8B
S2140302700028CED01E4BB9F80020B3F8683092B9E8
S214030280003B18BF01235B0143F004038DF886305F
S21403029002238DF88730B9F802301B0A11468DF811
S2140302A0893021A8CEE79B1A18BF01235B0143F0D0
S2140302B005038DF8863002238DF887300F238DF8DB
S2140302C08830E8E7CD640020D0470020F895040086
S2140302D071640020B94C0400C6640020C564002085
S2140302E0426F0020F6950400265D002068E20400B5
S2140302F024560020AC5B00200132D2B2551EEDB26C
S2140303002846139312920FF09FF8DDE9122310F09C
S214030310010FF1D063490978611A994205D0013378
S214030320DBB2E9E701220023E8E75F4B1FA9187851
S2140303302844C0B2F4F76CFF00283FF46AAF28469F
S21403034000F076FD129028460FF07EF810F0010FAD
S214030350129A0FD116238DF88630544B1B7801332F
S214030360DBB20F2B28BF0F238DF88830504B33F8A2
S214030370153092E7284612920FF066F810F0020F37
S214030380129AE7D11223E6E71A073FF5EFAB2346A7
S2140303905A4641460F9803F073FD00287FF476AB68
S2140303A0E0E695B1434B1B78033B012B7FF66EAB20
S2140303B00AF0EDFF18B9BBF1000F7FF467AB2078A6
S2140303C037B0BDE8F04FF5F721BE0AF0E0FF20B1E5
S2140303D0384B1B78033B012B01D8802396E62B462C
S2140303E041465846344AFEF77FFFE8E70AF0CFFF58
S2140303F0B0427FF44BABA01CF3F7BEFF00283FF4DC
S21403040045AB0AF0C4FF04460AF0C1FF2B4B2C4A47
S214030410CDE940032346AFE420460FF062FAFFF728
S214030420AFFA00283FF432AB4090002341465846CB
S214030430244A37B0BDE8F04FFEF756BF4B46424658
S21403044059460020CDE9405437B0BDE8F04FFEF7DB
S214030450D3BD4B46424659460120CDE94054F3E707
S2140304602B464A4641465846409437B0BDE8F04FBF
S21403047009F0C7BB01231AA91A461BA8F3F7F4F819
S21403048000287FF403AB0137FFB2013607F098FE6E
S2140304905FFA86FA50453FF61FAD002F3FF44AAB8E
S2140304A0FFF74BBBC66400203D6F0020806500202D
S2140304B0AE5D0020CD640020B94C04004F650020DB
S2140304C0FB950400C6950400F8B5164B04461D8834
S2140304D0154B20F8025B196879B10822EAF782FF08
S2140304E0124B0C201B78124EA372124B1978002362
S2140304F0DAB2914205D8FF2209E0C4F8021041603F
S214030500EEE7013300FB03F7F75BAF42F0D10A4B8C
S214030510E2721B782373094B1B786373084B1B68C3
S2140305202361F8BD485E0020405700209A650020EE
S214030530485A0020376F00207C6500207B6500202A
S2140305402C570020F0B589B006460C4615460CF02D
S214030550CBFF0DF10A02014630460CF05DFE144F48
S2140305600346F0B901223A702288BDF80A102AB170
S21403057002460090072006F0D5FD90B103A8FFF7CA
S214030580A3FFBDF80A000EF003FD0646BDF80A00F9
S2140305900EF0E2FC21460090F3B2284603AA08F0C8
S2140305A084FE0023034A3B70136009B0F0BD00BF0E
S2140305B09B6500204057002073B5ADF806000DF18B
S2140305C006000AF071FD014608B102B070BD0DF1D8
S2140305D006000AF0B2FD04460EF0BEFCC67A002EF4
S2140305E0EDD120460CF047FAFF28E8D00EF014FFB2
S2140305F0054BD3F88850002DE1D0334622464121DF
S2140306003046A847DBE700BF2456002073B5002218
S21403061000210C2000F0C2FC002119480FF0C5F998
S21403062001250446164E84B120460CF024FAFF2812
S21403063005D1214630460FF0DCF90446F3E70422E1
S2140306400023009500F07EFCF3E721460D480FF0EB
S214030650ACF9012504460B4E0CB902B070BD20461A
S2140306600CF009FAFF2804D008220023009500F0B6
S21403067069FC214630460FF0BCF90446ECE700BFA0
S2140306804C5E00204E5E00202DE9F84F10460E46C5
S214030690174699460AF0E9FB254A264B0021B0F592
S2140306A0006F14BF9046984640460FF07EF94FF011
S2140306B0000A0446DFF880B00CB9BDE8F88FBC42E8
S2140306C028D120460EF048FC857A80F80BA0013D21
S2140306D0EDB2857216B13F2E00D02DBB0EF02EFF65
S2140306E0054620460AF0C1FBB0F5006F4FF0000246
S2140306F0214615D10F480AF03FFDFFF787FF28462E
S2140307000EF017FFDBF8885025B14B463A463146C4
S2140307100020A847214640460FF06BF90446CBE776
S21403072003480AF029FDEAE7FFF770FFF2E700BF88
S2140307304E5E00204C5E00202456002000232DE948
S214030740F34706460F464FF6FF78284CDFF8A0908F
S214030750ADF8063020460AF0A7FC054648B92946F8
S21403076020460FF022F982460EF0F6FB0389B342C9
S21403077017D94C4501D1FFF749FF002120460FF05A
S21403078014F9054607F1FF3A5FFA8AFAD5B94C45DC
S21403079016D1BDF80600FFF70FFF404602B0BDE8CE
S2140307A0F0877B1EDBB2FD2BD4D9294620460AF000
S2140307B0C4FC2A4651460DF106000FF0FCF8C9E7C3
S2140307C04C46C7E7BAF1FD0F09D928460EF0C4FB1D
S2140307D003899B1B9BB2984528BF984603812946ED
S2140307E020460FF006F90546D0E700BF4E5E002010
S2140307F04C5E002008B50EF08AFF0B4AFF211388D3
S2140308001080C31A98B2FFF799FF4FF6FF7301469D
S2140308109942064803D1BDE80840F2F7D1BFBDE8C8
S21403082008400EF085BC00BF505E0020406E0020DE
S214030830174B00282DE9F041164D18BF1D460F46ED
S21403084028464FF000010CBF4FF008084FF002088F
S2140308500FF0ABF8044610B92046BDE8F0812046F9
S2140308600EF07AFBC37A064623B1214628460FF0DC
S214030870C0F8EFE720460AF027FB42460146384613
S214030880EBF7AAF80028F0D1B378002BEDD1E3E715
S2140308904C5E00204E5E0020014B1860704700BF80
S2140308A04457002010B504460548F2F789FF002395
S2140308B0044A1380044A1380044B1C8010BD00BFF7
S2140308C0406E00204E5E00204C5E00204A5E0020F4
S2140308D008B50448F2F784FCBDE808400248F2F77E
S2140308E07FBC00BF4E5E00204C5E00202DE9F34126
S2140308F0044688460EF00BFF324B074620461E88FA
S2140309000CF0B9F8054620460AF0AFFAB0F5006FCA
S21403091032D1FF2D06D0012304220093284600235C
S21403092000F010FBB8F1000F1DD10EF007FE2146B4
S214030930054625480AF0BDFB28460EF0FAFD234877
S2140309400FF061F8224BA8B31988711A17FA81F0D1
S21403095086B220460EF000FB032306818372002036
S21403096002B0BDE8F0810EF0E9FD002221460546FF
S21403097015480FF020F8DFE716480AF0CCFB0428EA
S2140309801ED8FF2D06D001230822009328460023F5
S21403099000F0D8FAB8F1000F05D10EF0CFFD2146CE
S2140309A005460C48C6E70EF0C9FD0022054621465B
S2140309B00848DEE7314605481F800EF0B9FBC8E756
S2140309C01C20CDE74A5E00204C5E0020406E0020CF
S2140309D0505E00204E5E00202DE9FF4708460C4679
S2140309E00AF028FA00F4805820460AF0A9FA0546C9
S2140309F020460AF07CFAB0F5404F1BD1B8F1000F41
S214030A0014D029460020FFF713FF054670B10EF0F9
S214030A10A3FA0023404A81780446009218462A46E1
S214030A200193F1F7A5FF08B90123E372012004B08F
S214030A30BDE8F08728460EF054FF81460EF0ACFC66
S214030A40FF28074637D00125A0F12006C0F1200372
S214030A50324925FA03F305FA06F61E438540D1E923
S214030A6000232A433343C1E900230EF0AFFC0446B8
S214030A7038B138460EF0E8FC10F00C0F14BF012412
S214030A800024B8F1000FD1D04FF0000A03A90120CB
S214030A90ADF80C90FFF7CCFE81460EF05DFA80466B
S214030AA0B9F1000F1ED1BAF1000F14D1FF2FBDD03C
S214030AB0002CBBD128E01A4B1B684BB1484698471D
S214030AC0044628B1B8F1000FB0D000252E46DBE768
S214030AD0B8F1000F01D10020A9E7002501242E4616
S214030AE0A246D3E774B100230B4A817800921846D6
S214030AF04A460193F1F73CFF002897D1012388F873
S214030B000B3093E7FF2F91D0064BD3E9001229430E
S214030B103243C3E9001289E789060300D016002092
S214030B2044570020C816002038B504460AF09DF93D
S214030B30054620460AF0C8F9A5F5006304460146B3
S214030B4058425841FFF774FEB0B9B5F5006F01D0AF
S214030B50002038BD20460EF0C4FE0EF01DFCFF2814
S214030B60F6D0064B00B21B6833F8100000F4E260C0
S214030B70003818BF0120ECE70120EAE748570020B9
S214030B802DE9F7434FF000090746ADF804900EF041
S214030B905BFC10F00C0F29D04FF00208154D2B8884
S214030BA0A5F80090ADF806300DF106000AF07CFAC1
S214030BB0044630B1B8F1010F14D04FF001080E4DC2
S214030BC0EDE721460DF106000AF0B7FA06460BF0EC
S214030BD052FFB8422246314614BF284601A80EF0FB
S214030BE0EAFEE1E7BDF80400FFF7E6FC03B0BDE864
S214030BF0F08300BF4E5E00204C5E00202DE9F04FD0
S214030C00DFF8208185B0D8E9003213437CD105B0E4
S214030C10BDE8F08F02EA040103EA0700014327D088
S214030C2022EA040223EA0703C8E90023DAE90023D9
S214030C3004EA020507EA030C55EA0C056FEA04000A
S214030C406FEA070124D130460EF0FEFBC2070FD52C
S214030C5030460EF0E1FBDBF89C30002B45D11D46F9
S214030C60304600F0E5F8DBF884300BB129469847A8
S214030C7024197F4109F10109284B5FFA89F61B788D
S214030C80B342C4D9D8E9002352EA0301C2D1BEE76E
S214030C9002400B403046CAE900230EF0D5FBC307DB
S214030CA0E6D51F4B30461B6833F8163003F48873BB
S214030CB0102B10D00EF0B0FBDBF89C3013BB1D4698
S214030CC00123102200933046002300F03BF9002056
S214030CD0F1F7BCFDC4E70EF09FFBDBF89C30012563
S214030CE0002BBDD00122039502E000252A4603957A
S214030CF00392002130469847039A002AB0D0002D6D
S214030D00AED1DDE70025EDE74FF0000901244F469D
S214030D10DFF814A0DFF814B0AEE700BF7A6F002048
S214030D2048570020D0160020C8160020245600205E
S214030D30F8B50346084613B309B3402A1FD811492A
S214030D4000260B6010490027086010494FF0FF3556
S214030D500A7000210C460433914205DB0021520041
S214030D60EAF7EEFA0020F8BDC3E9036703F8044C7C
S214030D7023F8024C1D605D6001311833ECE7212037
S214030D80F1E700BF4C570020485700207A6F002039
S214030D90F0B5144CDDE905672568EDB1F0B91248E6
S214030DA0007888421AD901EB41014FEAC10C05EBE2
S214030DB0C10415F8311011B92169C90710D40020F0
S214030DC005F80C0062801A6846F0010662605A68ED
S214030DD0C4E90467A260F0BD0220FCE72120FAE71D
S214030DE02E20F8E74C5700207A6F00200E4B30B5C4
S214030DF01A68A2B10D4B1B78834212D900EB400050
S214030E0002EBC003C100002400200025C3E904450B
S214030E1050544FF0FF3258805A609A6030BD02201B
S214030E20FCE72120FAE700BF4C5700207A6F00202A
S214030E30094B1B6863B1094A1278824208D900EB52
S214030E40400003EBC0031A69D20701D558887047E0
S214030E504FF6FF70704700BF4C5700207A6F002094
S214030E60094A0346106870B1084A12789A4209D9AB
S214030E7003EB430300EBC303186910F0010002D031
S214030E80181D7047002070474C5700207A6F0020CB
S214030E90F8B50E4B05461C6834B128B100260C4B3A
S214030EA01F78F3B29F4202D84FF6FF7009E008227C
S214030EB02946201DEAF790FD20B92369DB0701D5F3
S214030EC06088F8BD01361834EBE700BF4C570020A6
S214030ED07A6F00200C4B1B689BB14FF6F77291425A
S214030EE00DD80A4A1278824209D900EB400003EB78
S214030EF0C0031A69D20704D5002059807047212001
S214030F0070470220704700BF4C5700207A6F0020BE
S214030F100A4A0346106878B1094A12789A420AD9EF
S214030F2003EB430300EBC300036913F0010003D094
S214030F30C3F3001070470020704700BF4C570020D3
S214030F407A6F002070B51C46124B9DF81060196826
S214030F50D1B1114B1B78834218D900EB4000551EC4
S214030F6001EBC0012543D1E9040301D0C5070FD522
S214030F702EB110432343C1E90403002070BD20EAC9
S214030F80020023EA0403F6E70220F7E72120F5E749
S214030F902D20F3E74C5700207A6F0020134BF0B553
S214030FA01B6803B300266FEA000C6FEA010E104CB1
S214030FB02778F4B2A74201D80020F0BDD3E9044550
S214030FC014F0010F07D014F0020F04D132B104431A
S214030FD00D43C3E9044501361833EAE70CEA040473
S214030FE00EEA0505F5E70220E7E700BF4C570020A9
S214030FF07A6F00200B4B70B51B682BB100240A4A8E
S2140310001678E2B2964201D8002070BDD3E90425D3
S21403101002400D402A4304F1010403F11803F0D003
S2140310200120F2E74C5700207A6F00202DE9F047A5
S2140310300026FF27B246164DDFF8588098F8003092
S2140310405FFA86F94B4502D83846BDE8F0872B7918
S2140310502F2B0FD928460AF0C9FB2B796C7903F09E
S214031060070304F0030483422CBFE4182418E4B2F5
S214031070A24506D95446B946A2464F46123501360E
S214031080DCE7288801F0A6F80028F3D1F4E700BFD0
S214031090AC5B0020C66400202DE9F04F89B0814682
S2140310A009F038FF029048460CF029F90024411C49
S2140310B0054689B2484602F07FFBA246A346A046F1
S2140310C0274600F01F00023500EB4000EAB27D4ED3
S2140310D050FA85F5EDB2AA4274D9DFF8FCA19AF866
S2140310E0003033B1A400E4B2B4FBF3F4042C08BF1D
S2140310F003240298F3F7C4FD054600283CD1FFF706
S21403110095FFFF285BD0704B05B2049018780AF061
S21403111054FB87422CBFE1192118002F14BF01236B
S2140311200223684E05EBC50506EB450553FA81F326
S214031130284603930AF05AFB95F804C06B790CF023
S214031140070103F0030388422CBF1B185B18039A9E
S214031150DBB29A4233DA049A2FB921B19AF80030F7
S214031160033B5B452BDC104602990AF0E7FA05B20F
S21403117005EBC50506EB45052B791E09002F00F088
S2140311808180394628460AF05BFB032128460AF08D
S2140311905DFBB8F1000F09D1002E40F0868008F001
S2140311A03AF8C0F30B0149480DF0C2FF6B79484685
S2140311B023F003031C446C7109F041FEA87309B0C5
S2140311C0BDE8F08F50D0424B49461B8807A8ADF8C0
S2140311D01C304FF000038DF81E30002300930323CA
S2140311E003920EF07FFC9DF81E30BDF81C101B0901
S2140311F0039A18BF08F10108CDE9041318BF5FFA74
S21403120088F803920AF0C3F80499039A8842059B68
S21403121003D19DF81E7007F00F072E4890F800C004
S21403122016E016F80E0C10F0070003D00BF1010BB6
S2140312305FFA8BFBAA4207D036F812EC8E4503D131
S21403124013B108B10134E4B20AF1010A5FFA8AFA6B
S214031250AA4206F112060BD1D4450FD916F80E0C86
S21403126010F00700E2D1EFE700234FF6FF71D4E753
S21403127036F8120C884201D8D445D2D80332123E2F
S214031280D2B228E7022E14D95B0707D03946284680
S2140312900AF0DCFAB8F1000F81D087E7032128466D
S2140312A00AF0D4FAB8F1000F80D1062E3FF677AFD6
S2140312B07CE7314628460AF0C9FA58EA06063FF4A0
S2140312C06EAF73E7AC5B00207C65002010480020FF
S2140312D070E20400C66400203D6F00202DE9F04351
S2140312E00823002485B08DF8083006460223012122
S2140312F04FF6FC70CDE9004402AA0BF0DCFFADF814
S2140313000A00D8B12746DFF8A080DFF8A09099F846
S2140313100020E3B29A4224D8BDF80A4020460BF0D8
S214031320EEFF411C47F06002204689B202F058FAED
S2140313300022BDF80A001146F4F736FA07F06BFFF1
S214031340184AC0F30B01137801F55A51013113B152
S214031350013B89081370304605B0BDE8F0430DF035
S214031360E7BE18F80E5C6F2D17D8404630F8123DCE
S2140313702D01ADF80C300AF039FA05F07005284453
S2140313808DF80E000123032203A90DF10A00F2F7DC
S2140313906BF90028D2D10137FFB2013408F11208E5
S2140313A0B5E700BFC2640020BE5B0020C664002011
S2140313B010B5054C2046F2F703FA2046BDE8104068
S2140313C000210DF0B5BE00BF104800202DE9F04304
S2140313D02A4D87B0F6F7F8FB2A7829492948FFF7FC
S2140313E0A7FC09212A782848E9F7AAFF0026244FF4
S2140313F0DFF89C80DFF89C902B78F4B2A34202D8E7
S21403140007B0BDE8F08304F582300B2203A900F58C
S214031410C070DBF729FE4FF6F670BDF814209DF872
S2140314201630511E89B2814215D80020C3F3C0037B
S214031430DB1840EB0001CDE90031214603ABFFF793
S214031440A7FC0028DCD14FF4805327F8143048F863
S214031450240029F8140004F5833001220DF10A0153
S21403146000F58070DBF700FEBDF80A20064B013658
S2140314701A558022054B1A55BEE700BF446F00205D
S214031480BC5D0020F013002071640020B3640020CC
S214031490B4460020AE5D002010B50A4B1C780DF054
S2140314A07BFFFF280DD0012C38BF0124064A2302F8
S2140314B032F8101019B101EB1313A3EB111322F832
S2140314C0103010BD7C650020AE5D00202DE9F0478E
S2140314D0002506460F46AA46DFF84490DFF8448008
S2140314E099F80030ECB2A34202D85046BDE8F08724
S2140314F020460DF0A9FFC2070CD520460DF0A4FF29
S214031500830707D438F8143037B133434FF0010A52
S21403151028F814300135E3E723EA0603F6E700BFAD
S214031520446F0020BC5D002010B5084B084A1C78A9
S2140315300023D9B28C4201D8002010BD32F8021B1A
S214031540013330EA0101F4D10120F6E7446F0020AD
S214031550BC5D0020F0B50C464FF6F77187B08A42A3
S21403156086461D469DF8306002D9002007B0F0BDC0
S214031570596818680DF10C0CACE803002C49ADF85B
S21403158014200978A142F0D900218DF81660B61010
S21403159006F002060191704621460096FFF7F8FB17
S2140315A00028E2D1234B244A43F824009DF8383020
S2140315B0224E1B0222F814304FF4A04304F5823067
S2140315C00B2226F8143003A900F5C070DBF778FD6C
S2140315D09DF834301A4913F0040F17BF0123194B33
S2140315E00B5536F814300CBF1B7843F0080304F58C
S2140315F083300CBF0B5526F814300122214400F526
S2140316008070DBF75DFD00210F4B104A1B782846E0
S214031610234442F82310E7F713F80D4B18552846D2
S21403162007F044FF0B4A01201378013313709DE73C
S214031630446F0020B4460020AE5D0020BC5D002051
S214031640716400202D6F00203D6F0020E0450020D0
S214031650B3640020C5640020054B1B78834206D97B
S2140316600021044B044A1B78034442F823107047B6
S214031670446F00203D6F0020E0450020074B084ADA
S21403168018780023D9B2884200D8704711880133EE
S21403169021F4805122F8021BF4E700BF446F0020B8
S2140316A0BC5D002030B585B004460D46E6F7C0FDA8
S2140316B0A04202D8172005B030BD20460DF0C4FE68
S2140316C0C007F7D504F582300B2201A900F5C070D8
S2140316D0DBF7CAFC9DF80E2001AB03CB69609107CC
S2140316E0286030D412F0080F0CBF042303232B7298
S2140316F02046FFF79DFB154B68811B5D20466B73E9
S2140317000DF08AFE124A2873135D4FF47A7103F0C4
S2140317100F03AB73135D002013F00F031FBF03F11A
S214031720FF32022393403C2218BF5343094A08BFA3
S2140317300A2352F82420B2FBF1F29A422CBF00236C
S2140317409B1A2B61B7E70223D1E700BFB3640020DF
S21403175071640020B4460020F8B51F4E0446337863
S214031760834237D0FFF764FB4FF6FF77B84231D09A
S21403177020463470FFF704FA2046FFF759FB054668
S21403178009F005FE012301461A4628460BF050FFD2
S2140317902046FFF72BFB0546E0B9104A1378013BBA
S2140317A01370F4F7B5FB294620460BF0C8F98022E0
S2140317B00B4B204623F814500A4B1A550A4B23F8B2
S2140317C0145009F06FFD2A46394611200EF052F8E0
S2140317D0FF233370F8BD00BF7B6F0020C564002075
S2140317E0BC5D0020B3640020AE5D00202DE9F04F01
S2140317F00E4615464FF000098BB01F469DF8543031
S2140318009DF850A0DFF84CB1049005939BF8002098
S2140318105FFA89F4A24207D84FF6F7739D421CD8A5
S21403182017F0020B3FD01AE02046FFF701FB804675
S21403183004F582300B2207A900F5C070DBF714FC11
S2140318404FF6FF727EB9904516D14FF6F7729DF8A4
S2140318502630954203F0EF0311D94FF6FF7528465D
S2140318600BB0BDE8F08F904506D00822304607A996
S214031870EAF7B2F80028E8D009F10109C6E79F4263
S21403188007F002082CD0F3F70FFC002857D12D4B96
S2140318902D4A1B78234412F823B020460BF070F928
S2140318A0B8F1000FDBD1E6F7C3FC284B1B78834265
S2140318B0D3D0002108460DF03FFDFF280446CCD0C8
S2140318C0059B0146CDE901A32A46334604980097B3
S2140318D0FFF740FE0028C0D0F4F71AFBD8460FE007
S2140318E02046FFF7A5FAA842CDD1B8F1000FB6D12E
S2140318F03046E6F7A5FE164B1855304607F0D6FDDC
S214031900514620460BF0EFF82046FFF791FA0546BE
S21403191009F03DFD00230146012228460BF088FE10
S214031920F3F7C2FB28B9074B074A1B78234442F850
S214031930238020460BB0BDE8F04FFFF779BA4FF08F
S214031940000BAAE73D6F0020E0450020C564002099
S214031950B3640020446F0020F8B50026104F3C788F
S214031960F5B2AC420FD800250E4B6400224629463A
S2140319700D481D70E9F7E4FC22462946BDE8F84009
S2140319800A48E9F7DDBC2846FFF7FAF8002128469F
S2140319900BF0D5F82846FFF729FA0136DFE700BF34
S2140319A0446F0020C5640020BC5D0020AE5D0020AF
S2140319B0024B80211A780248E9F7C2BC446F002024
S2140319C0B364002038B50DF0E7FCFF28044616D0B4
S2140319D00B4D35F810301B0711D50A4B0A491B78F7
S2140319E001220B54014400F5833000F58070DBF7C9
S2140319F067FB35F8143023F0080325F8143038BD98
S214031A00BC5D00202D6F0020716400202DE9F04F8F
S214031A10794B05461B788946022B17468BB004D0B4
S214031A20002630460BB0BDE8F08F0EF054F806469D
S214031A300028F5D14FF6F9739D4262D04FF6F8733E
S214031A409D4276D02B0A28460DF11E018DF81C30D8
S214031A508DF81B50F2F708FC002814BFB0464FF071
S214031A602008B34614BF06230E230222294638460F
S214031A70039300F0EBFC01220446039B002840F08E
S214031A80B880DFF880A18DF818209AF80020494620
S214031A90CDE900008DF81A208DF81D0006AA4FF632
S214031AA0FC708DF819800BF006FC81460028B7D031
S214031AB009F06DFCB8420FD0484609F0C8FA39461B
S214031AC004300DF010FF384604A90AF0C3FF70B1C6
S214031AD0484604A90BF07DFC484B1B78033B012BBF
S214031AE02BD84FF6FF7148460AF086F806469AF852
S214031AF00030FF2B0EBF01230133DBB28AF8003020
S214031B008FE74FF008084FF0200B3C4B1B78033B46
S214031B10012B85D909F03BFCB84281D109F037FC8B
S214031B20FC238DF81B30FF2305468DF81C30062357
S214031B309BE74FF01008C346E7E70BF0EAF880464A
S214031B400028D4D009F023FCA8422DD12C4B1A78B8
S214031B5052BB03214846F3F727FE0028C7D09AF85E
S214031B600030A8F8007088F80430002388F80530A1
S214031B7088F8083009F00BFCA84202D1204B1B78EA
S214031B8053B109F004FCB84206D12CB1237923F0F3
S214031B90030343F00103237100224FF6FF710C2069
S214031BA00DF068FE0126A2E75946284608F107020B
S214031BB000F078FC0446002899D00022032148460A
S214031BC0F3F7F2FD0028CAD1237903F00303012BB0
S214031BD08DD109F0DCFBA84203D1094B1B78002BFF
S214031BE085D0237943F0030323714FF6FF732380D5
S214031BF07DE7164615E700BFCC640020CD640020C1
S214031C007C6F00209C65002037B50E4B05461B787D
S214031C100C46033B012B11D9E6F72EFB01280FD008
S214031C20821E53425341590128460DF1070200F024
S214031C3039FC18B1002144800BF052F803B030BDD4
S214031C401021F1E7CD6400202DE9F0438BB0857AAF
S214031C50B0F8069004460E46174609F098FB8145F1
S214031C60804605F0400541D10021608809F0D3FD88
S214031C700246002E44D1082304A9C14501EB0306FE
S214031C800CBF234902A90868496803C6A2B3022108
S214031C9000268DF8172001228DF81010217A45F0C2
S214031CA020058DF81210A18808338DF81310090A41
S214031CB08DF81410E188CDE900268DF81510090A71
S214031CC08DF816106088314604AA8DF811500BF073
S214031CD0F2FA054680B1618809F0F0F879003246D9
S214031CE0284601F0FE01F3F75FFD06E0E08802A94F
S214031CF00AF0B0FE0028B7D100200BB0BDE8F08391
S214031D003068716806AB03C345F010051023B3E7CC
S214031D104F6500202DE9F74389461E460746904641
S214031D2009F095F900210446304609F074FD05468E
S214031D3009F10701384601F02DFD7DB1B8F1000F1A
S214031D4002D103781D44EDB2057063781A0716D5E1
S214031D5069463046F2F788FA024618B1002003B007
S214031D60BDE8F0830821684609F0A3FA0028F5D1F8
S214031D7020460BF001FB08226946E9F733FB09F01E
S214031D8006FB0146201D0DF0AEFD6378DB0603D58A
S214031D9038460C490BF01DFB3146A01C0DF0A3FD85
S214031DA03146384609F08AF8074A13780133DBB21E
S214031DB01370E371A3790BB10120D0E70123A3715C
S214031DC0FAE700BF4F650020CA640020FF232DE911
S214031DD0F04F8FB08146164605918DF822301AB320
S214031DE001230BAA0AF0EFFE9DF836500446EF06D1
S214031DF025D50027059BBDF8308003F10802494628
S214031E00D2B20823009709A8CDE909770DF06AFE38
S214031E103A46404609A9F8F7A5FC002840F08C800E
S214031E20A90627D510220DE013460BAA0AF0CBFE0F
S214031E309DF836500446A80663D5062202E0AA0695
S214031E4018D5082200230599BDF832700A44CDE957
S214031E50093349460093D2B2082309A80DF042FE7F
S214031E60384686F0010209A9F8F77CFC002863D1FE
S214031E70002E46D0BDF8307009F089FA874249D063
S214031E8038460DF028FE8046002E45D1BDF82EB00C
S214031E900021584609F0BFFCBDF82C3003901846C5
S214031EA006930DF018FE064609F071FA069B834268
S214031EB042D0B64B1B78033B012B3DD915F04003AC
S214031EC0049339D1039B0BB9002E35D09DF835709A
S214031ED0039B05F018051F44FFB2082D8DF83570D7
S214031EE06CD120230493002C40F041810AF011FFAB
S214031EF0054608B3002E40F0B28033460126B246AC
S214031F0074E0BDF8327009F042FA8742B8D14FF058
S214031F100108BBE74FF00108002C43D09C4BE27945
S214031F20678803EBC20633F83220BDF832309A4294
S214031F3005D04FF6FF7323800FB0BDE8F08FBDF8D2
S214031F402EA0B8F1000F08D0002130460AF0C8FED4
S214031F50A6F802A00AF0D6FBEEE7BDF830000AF0BA
S214031F60C7FE0546414630460AF0BAFEA6F802A06A
S214031F70884E2DB1414628460AF0B2FE63886B8030
S214031F800AF0C0FB3378002BD6D03B4600224846E7
S214031F900599FFF7BFFE0028CED03946484609F01C
S214031FA02BFEC9E70AF0AEFB7A4B1B78002BC3D097
S214031FB0B8F1000FC0D14FF6FF77E6E7102D01D139
S214031FC0049590E7B8F1000F8DD1002C3AD0C246A5
S214031FD00021BDF832000DF1220200F063FA034639
S214031FE00028A9D0002E40F0CA8025460499BDF8E3
S214031FF030000DF12302079300F054FA044600283C
S2140320009AD0644A079B1278002A78D0BAF1000F58
S21403201026D102462C466179B9427ED92546A4F8D4
S21403202002B067711446002B00F09E809DF82230A4
S214032030EA799A4200F09880002E40F08E80EB7189
S21403204000253FE00AF065FE044600283FF474AF1F
S2140320504FF0010ABCE7002201261346DBE7012600
S214032060B8F1000F1ED107F0D6F87E23B0FBF3F2CB
S21403207002FB130005993A4605315FFA80FA484693
S21403208001F0AEFB4FF6FF71484608F017FF039BBF
S214032090032B2CD9AAF17E0A022148465FFA8AF25C
S2140320A0F3F782FB069BA5F802B02B809DF834302D
S2140320B06F712B7100232B72002E42D19DF82230B4
S2140320C0EB710125B8F1000F3FF436AF484609A976
S2140320D00BF05FF900283FF42FAF2A4609A90BA897
S2140320E0FFF7B2FD28E7002625463446BBE7039BE9
S2140320F0012B94BF0AF1020A0AF1420ACCE7BAF1AD
S214032100000FCFD16979B94209D9A5F802B06F712A
S214032110002B8BD1002E93D024E025461446049A38
S214032120002A3FF409AF8F427FF406AF039307F00C
S21403213072F883077FF400AF039BA5F802B06F71B4
S21403214071E7FF23EB71002CBBD001252379A4F89C
S21403215002B023F003032371B4E7FF23EB71002CD3
S2140321603FF46EAF0025F1E7002CD3D168E7002ECD
S2140321707FF471AFB24625460126534636E7BAF1D9
S214032180000FB0D15646524645E700BFCD64002047
S214032190265D0020436F002070B50C4B4FF6FF758D
S2140321A01C78002302460A489C4201D1002005E021
S2140321B00688964206D1AA4201D10B7070BD867975
S2140321C0002EFAD001330830DBB2EDE7426F002071
S2140321D0265D0020002210B50A4B1C780A4BD1B2AC
S2140321E08C4201D8002010BD5988814204D1197948
S2140321F0890701D1997911B108330132EFE701203C
S214032200F1E700BF426F0020265D002010B5084BA3
S21403221001461C780023074AD8B2844201D8FF201F
S21403222010BD914203F10103FAD00832F4E700BF70
S214032230426F0020265D002038B50446FFF7E6FF10
S214032240FF28054603D13F210B480DF06CFA4FF6E5
S214032250FF7320462380A37103210AF041FD074B39
S21403226007481A7800210732D21002FB0500BDE8A2
S2140322703840E9F765B800BFFF950400446F0020B7
S214032280A2640020F8B504460026124D124F3A7891
S214032290F3B29A4209D800224FF6FF710F4B1D780E
S2140322A00F4BD0B285420BD8F8BDFF2C02D0AB79CA
S2140322B0A34202D12846FFF7BFFF08350136E6E7FB
S2140322C0FF2C02D0187AA04201D1198019720A3362
S2140322D00132E6E7265D0020426F0020416F0020B2
S2140322E0FE5C0020FF28F8B504462CD0164B1B785E
S2140322F0834203D8802115480DF015FA4FF6FF7573
S214032300134A32F8341002EBC4000379A94203F0EF
S214032310030318D0012B16D100220E4B1F780E4B49
S214032320D6B2B74203D8BDE8F840FFF785BF1E888C
S214032330AE4205D093F807C0A44504D0B14202D0FC
S2140323400A330132ECE7F8BD426F0020FF95040024
S214032350265D0020416F0020FE5C00202DE9F74338
S21403236004F01CFA324B1B78033B012B21D9314B6B
S2140323701D88451BADB2E5B118804FF6FF770020E8
S2140323802D4A13782B44C3F3C81403F07F0313704A
S2140323902A4B2B4A1E78C3B29E420DD800264FF610
S2140323A0FF77284CDFF8A09099F80020F3B29A4202
S2140323B016D803B0BDE8F0831388BB420DD013795B
S2140323C099070AD104EB9311022928BF022103F0CF
S2140323D03F0389B243EA8113137108320130DAE707
S2140323E034F80A8CB84506D014F8043CAB4205D939
S2140323F05B1B04F8043C01360A34D5E708F0C7FF34
S214032400804534F80A3C04F8027C24F80A7C09D098
S21403241018460DF10701FFF7BFFE18B19DF8070038
S214032420FFF760FF14F8030CFFF75CFFE3E700BF5A
S214032430CD640020525E00209D650020426F002080
S214032440265D0020085D0020416F0020F0B50024C3
S2140324504FF6FF7703461048DFF844C006780F4868
S214032460E5B2AE4201D800200FE005889D4210D1A8
S2140324703AB1012A16BFC57905793CF83550A94209
S21403248007D1BB4202D114238371F0BD057A002D18
S214032490FBD00A300134E3E7416F0020FE5C0020E6
S2140324A0265D0020F8B50D46114607461646FFF78B
S2140324B073FE002836D102464FF6FF7C1E4B1F4C98
S2140324C01978D3B2994206D800231C4C8B4221D1EB
S2140324D0F8BD0834F5E7B4F800E00132E645F8D174
S2140324E033700123278023710021A17165B1144B3A
S2140324F045F008051A782571D31DDA103078114B8C
S21403250002FB0030E8F71CFF2379204603F03F0365
S2140325102371DDE722799209022AE1D001330834D8
S214032520DBB2D3E7037904469A071EBF23F00303FF
S21403253043F001030371D7E7426F0020265D0020B6
S214032540446F0020A264002073B50DF10701054611
S214032550FFF722FE40B103799A0705D113F0300442
S21403256004D043F00303037102B070BD28460AF09B
S214032570C7FB094B4FF6FF711D7823469DF807608E
S214032580064AD8B28542EFD9D0790133B04204BFA8
S214032590118011720A32F4E7416F0020FE5C0020BE
S2140325A030B50A4BCC081B78094D0733DB1000FB0C
S2140325B00340012301F007018B402C5CDBB212B110
S2140325C01C432C5430BD24EA0304FAE7446F00206E
S2140325D0A264002070B50B4B04461B78834204D8D4
S2140325E040F24B2108480DF09EF80025074E33783D
S2140325F0E8B2834200D870BD00222146FFF7D0FF21
S2140326000135F4E7446F0020FF950400426F002075
S214032610FF2810D0FF290ED0084BCA081B7801F0FC
S21403262007010733DB1000FB0323054AD05CC840D1
S21403263000F0010070470020704700BF446F002081
S214032640A26400200148F0F7CBBD00BF545E002013
S2140326502DE9F0471E464D4B8CB01B6815460746C2
S21403266088469DF8509003F0080A08F090FEA842AA
S2140326703FD1B9F1000F14D06EB9ADF806603D46F0
S21403268004242246414628460AF0D6FB00F0010001
S2140326900CB0BDE8F0870023ADF806303D460624AF
S2140326A03AE038460CF078FEFF28044605D0F2F7E9
S2140326B0FBFC10B12046FEF7CFFF96B10023ADF822
S2140326C00630F8F7FDF80028E8D0062440460DF15A
S2140326D0060202A909F044FDD8B94046F8F7F8FA0D
S2140326E017E0ADF80660F8F7EBF80028C7D0042427
S2140326F0ECE73EB3BAF1000F2ED000230B24ADF85F
S2140327000630B9F1000F0AD1F8F7DAF82F46002899
S214032710DCD13D46002EB4D0BAF1000FB1D004F0A0
S2140327200402414642F0110228460AF085FB22467F
S2140327300646414628460AF07FFB002814BF30466B
S2140327400020A3E7BAF1000F14D00124ADF8066009
S214032750B9F1000F95D1D7E70B24284602A9F1F764
S21403276083FD074668B902A807F0C4F920B9ADF897
S2140327700600EDE70124F0E744F00204ADF8067026
S214032780E6E70023ADF80630E2E700BFA4480020E2
S2140327902DE9F0471E46744B8CB01B7807460D4652
S2140327A01446DDF85080002B3ED008F0F0FD30B321
S2140327B06E4B1B68980722D44FF6F7739C4233D8A8
S2140327C043463A4631462046FBF7F2FE08F0DFFD65
S2140327D0854200F0C5803046FEF75AFBA04203D17F
S2140327E00CF0DAFD0AF0CCF9BA1E534253412946DF
S2140327F0002220460CB0BDE8F0470AF019BFE7B147
S214032800F91ED1F1000949EB01094FF6F7739C4213
S21403281016D90321204606F00FFD03233A46314618
S2140328202046009506F0F7FD08F0B1FDA84200F03B
S21403283097804FF6FF739C42CBE74FF00109E4E71E
S2140328402B463A463146204604F02DFC2146CDE978
S21403285000082B463246384607F09CF98046014668
S214032860204606F0E9FCB8F1000F61D1B9F1000F7C
S21403287012D100233A4631462046009506F0CBFD9A
S21403288088F001032A4631462046CDF8009003F02F
S2140328900103FFF7DDFE99E7002FEAD003AA92466D
S2140328A0334B03F1100E9446186859680833ACE8A6
S2140328B0030073456246F6D107A806F008FE032315
S2140328C0306871688DF81C3008AB03C39DF8293057
S2140328D007A843F002038DF8293006F023FF90B1D2
S2140328E03068716808AB03C3042307A88DF81C304F
S2140328F006F018FF38B1022307A88DF81C3006F03F
S21403290011FF0028B5D1514607A806F04BFF002853
S214032910AFD0F4F795FB0028ABD103233A463146F4
S2140329202046009506F077FD08F031FDA84250E7F3
S21403293043463A4631462046009506F06CFDB8F10C
S214032940010F9DD0B8F1020F7FF440AF284607A9C8
S214032950F1F78AFC20B93246284607A90AF033FA6B
S2140329600CB0BDE8F08700BFC8640020A448002070
S2140329707AE20400044B1A880AB100221A80002166
S2140329800846F9F7ABBF00BF545E002000232DE9CD
S214032990F0478EB004460D46CDE903334F7808F072
S2140329A0F6FC50B1B64B1B689A0706D4092103A858
S2140329B006F0E9FC0EB0BDE8F087204603A9F1F760
S2140329C053FC0646002840F05781022F3DD0042FC3
S2140329D0ECD1E5F739FC002846D0E5F735FC0228AC
S2140329E040F022810DF124083346324641463046F4
S2140329F007F007F8012103A89DF8255007F0F4F81F
S214032A002840FF2800F0348105AD284608F05CFC1A
S214032A10002840F02F8195E80F0088E80F003A461B
S214032A20414603A806F027FF0246002840F020810F
S214032A30032303A9CDE9005320463B46FBF77EF963
S214032A4000280CBF13210621B1E78D4B1B689B079B
S214032A50ACD40235082229468A48E8F7BDFF002889
S214032A60A4D0E5F7FDFB08B91121A0E7864B874EF6
S214032A701B78FBB9FFF77EFF3088002860D103AFD1
S214032A802946384606F021FD002800F0CA8028466D
S214032A900DF10A01F1F7C2FB40B90DF1240A5046C5
S214032AA008F012FC8046002800F08780FFF762FFDC
S214032AB00F217CE73088002842D101460CF0C0FA8B
S214032AC0308000283AD001230822304603A9F0F7C5
S214032AD0CBFD98BB0123082229463046F0F7C4FDF8
S214032AE060BB01230222694809A9ADF82440F0F728
S214032AF0BBFD0346308823B1002848D04FF01009A9
S214032B0020E00CF045FA61490746204601F0CAFC6E
S214032B1030880CF03DFAFFB2874209D1FF238DF8C7
S214032B202430012359481A4609A9F0F79DFD28B910
S214032B3000210120F9F7D2FE0C2138E73088DBE7C5
S214032B404FF007090CF008FA074630880CF004FA31
S214032B503488112100F10808204600F02DFE1021CC
S214032B608246204600F028FE0822044603A9404673
S214032B70E8F732FF002840F08180082229463846CD
S214032B80E8F72AFF002879D1B9F1070F01D0102101
S214032B900DE704EB0A244546A4B271E730884FF0EC
S214032BA0010828B1122100F007FEFF2881461ED136
S214032BB02A46B9462046402304E03A46A9464346F9
S214032BC0BDF80A0043F00303CDE900A349460323F7
S214032BD0FBF7B4F800283FF469AF0721484606F030
S214032BE0D2FBB8F1000FD9D0FFF7C4FEE2E600210E
S214032BF008460CF025FAADF8140048B1204605A99E
S214032C0001F050FCBDF814000CF0C2F90028CFD137
S214032C10142300934A4639462046338801F0FAFBCC
S214032C20C6E7FFF7A7FE1FE7E5F70EFB012801D06F
S214032C300621BCE605AD324633462946009603A870
S214032C40F9F75EFD024608B10A21B0E60C4B2046B2
S214032C501B6803A95B0003F0040343F00303CDE9F9
S214032C6000533B46FBF76AF80028E1D113219EE6A2
S214032C7005219CE612219AE60B2198E60E2196E69C
S214032C80A44800204F6500206C640020545E00209A
S214032C90012330B50D4C85B022788DF80430D51855
S214032CA08DF805200E228DF806200A682570CDF8CB
S214032CB007204A6801A9CDF80B200B22F0F7D4FCB5
S214032CC0B0FA80F0400905B030BD00BFC9640020EB
S214032CD0014B1878704700BF9E650020142230B55C
S214032CE08BB005460DEB02011548DAF7BDF910BBAC
S214032CF0BDF81430DA0720D413F0060FC3F34102ED
S214032D0008BFC3F341220F4B0DF116019C5C6846C6
S214032D102246E8F7A5FCBDF8263004F128026A44EB
S214032D2002F8283C02341B0A02F8273C69462A4666
S214032D30E0B209F0F2F90BB030BD2320FBE700BF89
S214032D40703214E08AE2040010B58AB0ADF826208B
S214032D500022CDE9052204920CAA02924FF6FF72D6
S214032D600446AC2101200192064A039004FB01228B
S214032D70603200924CF620010DF126020AF07EF82E
S214032D800AB010BD2456002000B58BB0ADF8243031
S214032D909DF8303003208DF82630002303900A492F
S214032DA009A8CDE90130CDE90533049301F16003A9
S214032DB00093B1F85C3002204CF660410AF05EF8EE
S214032DC00BB05DF804FB00BF2456002010B54FF689
S214032DD0FF741E4A8AB0B2F86800B2F85E10A042CA
S214032DE0ADF82600B2F85C304FF6FD70ADF824104F
S214032DF018D081424FF0000094BF48F660014CF6AD
S214032E006001CDE90500CDE90300CDE9010094BFDB
S214032E1009AA603200920DF1260204200AF02EF869
S214032E200AB010BD81424FF000008CBF603209AA81
S214032E3000928CBF4CF6604148F66041CDE9050030
S214032E40CDE90300CDE90100014AE6E72456002058
S214032E508E56002000B50E4B0022B3F85E308BB0C2
S214032E60ADF824304FF6FF73CDE90522CDE90322F2
S214032E70CDE9012209AA00924FF400610DF1260262
S214032E800720ADF8263009F0F9FF0BB05DF804FB18
S214032E902456002030B58BB08DF825301B0A8DF8EC
S214032EA0263000230D4991F85840CD6DB1F85C00EB
S214032EB0CDE90533049307236031039308ABCDE9CB
S214032EC0010300914FF6FF734CF620410820089546
S214032ED08DF8244009F0D2FF0BB030BD24560020F5
S214032EE070B54FF6FE76294C1D46B4F85E10B4F85E
S214032EF05C30B14294F85C00A2B04FEA132321D1B0
S214032F004FF440416034ADF808108DF80B008DF88F
S214032F100C3003CC0DF11504CDF80D00CDF81110CF
S214032F202270120A6270002211461046A270E270E6
S214032F30ADF8062008F069F8ADF8060090B9002051
S214032F4022B070BD4FF400448DF80D10090AADF899
S214032F5008408DF80B008DF80C308DF80E100DF12F
S214032F600F04DDE7043402A9621A012392B20DF1BD
S214032F700600F0F779FB0028E1D1BDF806002A46E3
S214032F8001210CF035F8BDF80600D9E724560020D9
S214032F90202A10B5144614D8012A04D10C88B4F597
S214032FA0004418BF0124620030B10748E8F71AFA54
S214032FB0064B00201C7010BD0548E8F713FA054BB6
S214032FC0F7E72120F7E700BF565E00209F65002045
S214032FD0965E0020A06500202DE9F04710461746B0
S214032FE00CF07FFCDFF814A1DFF814919AF8003098
S214032FF099F800200546134302D10020BDE8F08768
S21403300010F4406800F0400619D186BBB0F5804F37
S2140330105CD24FF4807400239AF80000344AD9B285
S21403302088425DD8002399F80000324AD9B2884214
S214033030E3D932F8021B0133A142F7D155E0F81C5D
S2140330400CF04FFC4FF6FF73984214BF0124022482
S21403305086B1052605F44043B3F5004F44F0080453
S21403306024D0B5F5804F23D244F4807420E0444640
S2140330700326EFE7B5F5804F4FF00506F4D3B8F512
S214033080406F14BF02200820304438440CF029FC5B
S214033090194B05F44045B3F85C3083420CBF44F04B
S2140330A0080444F00404B5F5004F01D144F080044D
S2140330B0B8F5006F0ED1B8190CF013FC0E4BB3F82D
S2140330C05E308342A7D144F01004A4E744460326A7
S2140330D00220D9E7B8F5406F08BF44F020049AE70A
S2140330E032F8021B0133A14299D1012086E700BFC3
S2140330F0965E0020565E002024560020A065002021
S2140331009F6500202DE9F04F104685B01646984679
S2140331100CF0E7FB5D4F00F00803B7F85C100446BD
S21403312000F00709F01C02930391B7F85EB00CF0A9
S214033130D8FB06F1050A054650460CF0D2FB0346BB
S2140331404FF6FF70854218D00399A1EB050CDCF10E
S214033150000545EB0C056D004FF6FF718B420ED153
S21403316045F004050CF0C8F9029B6BB1B9F1000FEA
S21403317011D0422005B0BDE8F08F0125ECE79B4552
S21403318008BF45F00805EDE7B9F1030FF1D8DFE80E
S21403319009F0021B795D0CF0AFF908B9A807E8D56A
S2140331A024F00804A4B2B4F5004F05D0B4F5624F7A
S2140331B002D0B4F5404FDCD10025294697F8A82065
S2140331C0002007F022FF3CE0D7F88030E3B9002167
S2140331D032460846FFF700FFD8B948F6410224F006
S2140331E038039BB29342C4D10A2D49D0062DC0D1D1
S2140331F097F87730023B012BBBD8EEF7AFFF0028DA
S214033200B7D140F6040505E0414630469847002806
S214033210DDD00825E20648BF45F08005A30648BF73
S21403322045F4805505F00C03042BC6D1F01D0CF0B5
S21403323058FB97F8A8303246009341462B4607F0D2
S214033240B9FE08B30E9B1880002093E7A90705D1A3
S2140332504FF6FF73B7F85C209A428AD104F44063B2
S214033260B3F5006F0AD0B3F5406F82D108225046FB
S2140332700749E8F7B1FB00287FF47BAF0C25C9E7C5
S2140332800425C7E7432075E7192073E72456002073
S21403329084560020034B1A781AB1FF2A04BF002273
S2140332A01A707047A265002070B5084C084E237844
S2140332B0F55C1DB13E2107480CF035FAFF22237852
S2140332C02846F2540023237070BD00BFA16500207A
S2140332D0A26500200D960400034B044A1B78D05CBD
S2140332E0FF3818BF01207047A1650020A2650020A3
S2140332F00023074A07491360074A1360074A136007
S214033300074A11600121074A1170074A1360704784
S2140333105C57002007D0030058570020545700205E
S214033320606E00207D6F0020645700200E2A70B563
S2140333300C4606461546194603D9FFF7D9FF502013
S21403334070BD012807D10020EEF722FFB0B1FFF7CA
S214033350CFFF2120F4E780220021224B1A70224B54
S2140333601960224B1B684BB134200BF069FE204BCF
S214033370188018B9FFF7BCFF0120E1E724F0FF63CC
S21403338023F4FF231BB1FFF7B3FF4F20D8E774B92D
S2140333902046EEF717FF0124032510F0800F43B2F3
S2140333A01BBF00F01F039C409C4044F07844002061
S2140333B0104B24F078441E700F4B10491D70104BB1
S2140333C01C60104B1870104B1A68EFF797FA18B179
S2140333D0FFF78EFF0420B3E79DF810200B4B1A70FF
S2140333E0AEE700BFA36500206057002054570020B7
S2140333F0D65E0020A8650020A6650020F1360300EF
S21403340064570020A76500205C570020A4650020B1
S2140334107FB5244B00251A7801232348234903FA52
S21403342002F200781A440A60ADF80E5020B39842B0
S21403343036D11F4C1F4B20781B680DF10E019847A1
S2140334401D4EBDF80E20307092B11C4B29460093DA
S214033450284602230195EFF78BFA3278237822B1B8
S214033460012A12BF1B230133DBB2237004B070BDE5
S214033470013818BF0120F0E778235A43013A0A605F
S21403348008220F490BF022FD0B49094A09781378E5
S21403349021B1012912BF1B230133DBB21370E5E709
S2140334A01846E3E7A6650020A865002068570020B5
S2140334B0A7650020606E00207D6F00202D37030077
S2140334C085F40300024B1868003818BF01207047C4
S2140334D05457002037B505461C460CF00DF868B95E
S2140334E074B1084B1A60084B0A461C600123294630
S2140334F000930323FFF71AFF03B030BD4D20FBE70D
S2140335002520F9E7505700205857002013B50446E6
S2140335100BF0F2FF58B962B1074B1A6001230A4653
S214033520009321460323FFF701FF02B010BD4D2091
S214033530FBE72520F9E700BF545700202DE9F041AB
S2140335400446DDE906861D469DF820700BF0D4FF81
S21403355088B99EB1A2B10B4B01201A600A4B0A46EA
S214033560C3F80080094B21461E602B460697BDE82C
S214033570F041FFF7DBBE4D20BDE8F0812520FBE7D9
S2140335802120F9E7606E00205C5700205857002082
S2140335900148EFF725BE00BFD65E00202DE9F041B7
S2140335A00020EFF719F9114B114C1E68114B2088B8
S2140335B01D68114B114FD3F8008010B13978EFF71F
S2140335C0E9FF00203870FFF793FEEFF723FC0EB1F8
S2140335D04046B0473DB12088A84700232380BDE876
S2140335E0F0410CF01BB9BDE8F08100BF585700202E
S2140335F0D65E00205457002064570020A96500209B
S214033600F8B52F48F0F7DCF82E4B187830BBEEF7FA
S214033610D9FD2D4F06463B6803B32C4B2C4D1C6837
S21403362024B195F900301A461946A047294B1B6862
S21403363083B1294C2378312B0CD8284B18880BF0F0
S2140336408BFC23785A1C22702A78C25423785A1C7F
S2140336502270C65480232B7000233B60204C2378B3
S2140336601A2B22D81F4A1278012A09D100211E4A92
S214033670156825FA03F0C007DAB20ED501B1227039
S2140336800020EEF79FFD2178884212D10022174BC7
S2140336901A70FFF7BDFE40B9F8BD0133D8B21A2839
S2140336A04FF00101E5D90A442270BDE8F840FFF760
S2140336B075BF0020EEF798FD0028E7D0F5E700BFBA
S2140336C0646E0020A8650020605700205057002035
S2140336D0A365002054570020A9650020D65E00206D
S2140336E0A76500207D6F002064570020A565002095
S2140336F008B50B4B187880B90221EEF737FD094B56
S2140337001B782BB100214FF6FF720846EEF710FD2B
S214033710BDE808400448FFF773BF00210846ECE7FE
S214033720A8650020A4650020646E002038B5144BFD
S2140337300C461D78012D21D181B90846EEF742FDCE
S214033740104A05FA00F013680F4923EA00031360D2
S21403375020462A46BDE838400BF0B8BB0B4A137820
S2140337600133DBB2022B137004D9BDE83840084896
S214033770FFF746BFFFF74CFE0028F6D138BD00BF63
S214033780A86500206457002085F40300A565002083
S214033790646E002038B50C4605460BF0F9FBA042D4
S2140337A003D82D2103480BF0BEFF28460BF0D4FBAD
S2140337B0204438BD2196040070B506460D460BF02E
S2140337C0CBFB044648B130460BF0E2FBA84203D8D5
S2140337D0352102480BF0A7FF605D70BD21960400FB
S2140337E070B50C46064615460BF0D2FBA04203D82E
S2140337F03E2104480BF097FF30460BF0ADFB00B1BB
S214033800055570BD219604002DE9F0431E46574B1F
S2140338108FB01B780746033B012B0C4615469DF8D5
S214033820588007D8F4F718FA20B1F0F71DF908B155
S21403383044F400544E4B1B7813B924F40074A4B21A
S214033840200509D546B9284604A9F0F70DFD00283A
S21403385046D024F40064A4B2ADF81840ADF81A506C
S21403386007F095FD434BADF81C00B8F1000F02D0EE
S2140338701A78424501D293F800803F4AE10513784F
S21403388048BF0DF1210103F10103DBB2137058BFEA
S21403389008A922058DF81E808DF81F3006D53368DB
S2140338A0083141F8083C736841F8043CE30407D543
S2140338B0324A0831136841F8083C536841F8043C1F
S2140338C00DF11808A1EB08005FFA80F900214846BD
S2140338D00BF0B6FB064628B900200FB0BDE8F08310
S2140338E004AEB9E70BF038FB41464A46E7F7B8FEA5
S2140338F030460BF04DFB804630460BF02DFB002385
S214033900024600934FF6FF7004235FFA88F107F030
S21403391051FBADF80E000028DED040F201131C4226
S2140339201AD14FF6F7739D4216D80BF031FB0DF103
S2140339300E010446284600F0B5FDBDF80E000BF058
S21403394027FBE4B2A04207D9BDF80E0007F07FFBC1
S214033950437843F004034370BDF80E003A46012152
S2140339600BF046FBBDF80E00B7E700BFCD640020A2
S214033970C86400202F6F0020CA6400204F65002013
S214033980F0B50829D58889B028D00C2926D0AE04EE
S21403399024D405F040030B43424C267816B105F0B9
S2140339A0200423432FB2002FB8BF43F0800303291C
S2140339B020D11223AC068DF80430937A10D48DF8F8
S2140339C005300DF1060401A9621A012392B2EFF73E
S2140339D04BFEB0FA80F0400909B0F0BD0B46DBE7BA
S2140339E032228DF805308DF80420002EE9D00DF133
S2140339F01304E8E70C298DF804300ABF13895379BA
S214033A008DF80530548805BF1B0A8DF806308DF8EF
S214033A1005300DF1070318BF0DF106031C70240AC9
S214033A205C70148802399C70240ADC7014790129AE
S214033A301C7111D8917A002F597131DA022112893B
S214033A409971DA71120A03F109041A72002EBAD0B8
S214033A50AB06B8D50534B6E7A9071AD4002F0CDA97
S214033A60117A51B1917A59711189127A03F10804C6
S214033A7092B102229A71D971E8E70B4C217801F1D1
S214033A80010C84F800C091729C1D002F5971DDDA79
S214033A90EAE7917A9C1DF8E70122090A9A71EAE798
S214033AA09C1DD3E7C8640020C9640020014B18801E
S214033AB0704700BFD85E0020014B1888704700BFD0
S214033AC0D85E00202DE9F84307460BF025FE054691
S214033AD01B480BF098FF1B4B60B31C683C1B2C4425
S214033AE0A4B20022184BDFF868901B78174D03EB3F
S214033AF0830399F8006005EB43055FFA82F84645B1
S214033B000AD9AB8805F10A00A34216D90A23B21ACA
S214033B1029465A43E7F766FC013689F80060AC800D
S214033B20B8F1000F03D1394605480BF001FB2846D0
S214033B30BDE8F8833C461D60D3E705460132DCE763
S214033B40846E00206C570020AA6500207A5B002054
S214033B50AB6500201FB5154A154C1378013BDBB245
S214033B6013706168206801AA03C221891180114A73
S214033B701278D21805D00A2320465A43E118E7F7ED
S214033B8031FC9DF806301B070DD0BDF80C00FFF77F
S214033B9099FF03468288ADF8082001AA03CA128853
S214033BA0186059601A8104B010BD00BFAA650020D2
S214033BB07A5B0020AB650020002108B5084B094856
S214033BC01970094B1970094B1A7802EB82025200DE
S214033BD0E7F7B6FBBDE808400548EFF7F1BD00BFC1
S214033BE0AB6500207A5B0020AA6500203B6F0020AF
S214033BF0846E0020F8B50024084D094F094E3B7823
S214033C003178E2B20B449A4204F1010400DBF8BDBA
S214033C102846EFF7E5FA0A35F1E700BF7A5B00209E
S214033C20AB650020AA650020F8B516460C4B0D4A76
S214033C301B781278074613440B4A0D4612789342B4
S214033C400CD03046FFF73EFF0135068107808570AE
S214033C5004460BF05CFDE0800120F8BD0020FCE785
S214033C60AA650020AB6500203B6F002010B5064C0C
S214033C70207828B10548F5F799FD10B1034B18884D
S214033C8010BDFFF767FFF3E7AA6500207A5B002005
S214033C9008B50A4A0346107860B1094A1088984264
S214033CA009D121B99378103323F00F039370FFF7EC
S214033CB051FF012008BD0020FCE700BFAA650020D5
S214033CC07A5B00202DE9F74F00260BF025FDDFF881
S214033CD0F890B24699F80070B3463A46DFF8EC809F
S214033CE01FFA80FEB8F800C0344CAEEB0C039BB250
S214033CF001932378324D009303EB830305EB4303D1
S214033D00ACEB0E0C5FFA86FEBE4515D3BAF1000F78
S214033D1001D0009B2370BA422AD3002F37D00A2241
S214033D202378C8F8000002FB03532648998803B09B
S214033D30BDE8F04F0BF0FCB9B3F804E001998E45EB
S214033D4012D84FF0010A009993F802E001310EF100
S214033D50FF3EC9B2013AA3F804B083F802E000912B
S214033D60D2B20A330136CDE7E644A3F804E0F8E717
S214033D7089F800204AB10A222378C8F8000002FB1B
S214033D800353104899880BF0D3F9237813B903B07B
S214033D90BDE8F08FFFF76AFF06460028F5D007F068
S214033DA077F80146304607F027FF20B10021288820
S214033DB0FFF76EFFE9E740F60241F8E7AA65002041
S214033DC07A5B0020846E0020AB6500206C570020D1
S214033DD02DE9F04192F808801F4608F1FF33DBB265
S214033DE0EF2B05460E46144688B00BD982238DF872
S214033DF00E30314628469DF80E30204AFBF774FAFB
S214033E00012037E00E22002104A8E7F799FAB4F858
S214033E1009308DF81180ADF81230E37A03F07F0293
S214033E20032A08D0012B24D103238DF81030A3894D
S214033E30ADF815300EE0032B14BF022301238DF8D3
S214033E401030E368CDF815302369CDF81930237D9B
S214033E508DF81430A7F121014A420DF10E034A41B1
S214033E60009321460DF10F0304A8FAF793FD0028EB
S214033E70BFD1002008B0BDE8F08100BFB94C0400F4
S214033E802DE9F04F00241D7895B0CDE90201049288
S214033E90234622460120CDE90054404909F0AFF9F4
S214033EA0ADF81E00F8B1A346264627460DF12009B5
S214033EB00DF1380AE4F7B6F95FFA84F8404516D8E8
S214033EC03A460221BDF81E00FFF78AFC324604215B
S214033ED0BDF81E00FFF784FCDDE903100022BDF8E1
S214033EE01E30FBF701FA012015B0BDE8F08F4A46F5
S214033EF040460AA9FAF740FD9DF8282022B12DB1C5
S214033F00013DEDB20137FFB20134D3E7BBF1000F39
S214033F10F8D199E803009DF829308AE803008DF864
S214033F204030BDF82A30032A8DF841304FEA132378
S214033F308DF8423017BF032301238DF843309DF8D5
S214033F402C30DDF83110DDF82D0014BF8DF84C3021
S214033F508DF8433011AB03C302980CBF4FF00E0825
S214033F604FF0150808F012FB0590BDF81E000BF085
S214033F700FF8059900EB080399420BDB0123424631
S214033F8051460DF11E00EFF76FFB0028ABD101364B
S214033F90F6B2B7E74FF0010BB4E700BFF69504009F
S214033FA038B505460D4B0E481C88EFF7F5FB012D7B
S214033FB00CD10C4B1C88FA21614358B1884209D2B4
S214033FC08408012C204638BF012038BD022D08BFC7
S214033FD00224F0E702480BF0ABF8F2E7765B00202A
S214033FE070470020745B0020012208B5054B064885
S214033FF01A7000210BF09CF8BDE808400020FFF77C
S214034000CFBF00BF99640020704700201E4B73B5D6
S2140340101A8802F108039BB2012B02D81B4B1B78AC
S21403402023B902B0BDE87040EFF7CABB0024184BB3
S214034030184D1C70184B1C702B787BB14FF6FC7315
S214034040164E0093224623462146308808F0DCFCB1
S2140340504FF6FD732C70338001200FE0104B104693
S2140340601978F4F719FF0028F6D10C4B1A884FF687
S214034070FD739A42F0D0012302202B7002B0BDE8F4
S2140340807040FFF78DBF00BF785B00209964002067
S2140340909C6400209A6400209B640020725B0020CE
S2140340A09D640020012808B50AD002280CD020B948
S2140340B0084B18700848EFF783FB4FF0FF3008BD36
S2140340C0BDE80840FFF790BF0020BDE80840FFF7B3
S2140340D067BF00BF996400207047002002280CD8F1
S2140340E059B1064A13780133DBB21370044A1278C7
S2140340F09A4202D80220FFF7D5BF70479B64002080
S2140341009E64002038B5A0F61343012B04460D46E3
S21403411015D80E4A13780133DBB213700C4A1278A3
S2140341209A420CD84FF6FD720A4B0020198891422A
S21403413001BF00221D80084B1A70FFF731FF294686
S2140341402046BDE8384005F0B4B800BF9C640020A4
S2140341509F640020725B00209A64002000234FF6C1
S214034160FD71054A1370054A1370054A1180054A06
S2140341701370054A137070479C6400209B640020EC
S214034180725B00209A6400209964002030B5094BC6
S21403419002461B7833B1084B084C19780023D8B273
S2140341A0884201D3FF2004E0013334F823509542BC
S2140341B0F5D130BD3A6F0020A1640020525B002089
S2140341C00022FF21044B05481A70054B1970054B56
S2140341D01A789200E7F7B4B8A1640020565B002073
S2140341E0A06400203A6F0020F7B58DF807100DF194
S2140341F00701044603F002F8234B1D78002D41D037
S2140342002046FFF7C3FF214EFF283178204B05D108
S214034210204A107885422DD9451C1570884219D03E
S2140342201C4A1B4D92F800C00022D7B2BC450CD9DD
S2140342302F4697F803E00132864505F10405F4D1CD
S21403424002B203EB8202D278FA7002B203EB820266
S214034250D170307002B203EB820123F82240FF22B2
S2140342608A709DF80720FF2A02D003EB820398701A
S21403427003B0F0BD0A46104603EB8202D278FF2A4B
S214034280F9D1CBE7FF20F3E73A6F0020A0640020C4
S214034290565B0020A16400202DE9F843FFF776FF64
S2140342A0FF28044669D04FF6FF72354F03B2DFF896
S2140342B0DC80344E27F8232098F80050A54202D11C
S2140342C00020BDE8F883337820B28100A34207EBD1
S2140342D0800090F803E010D00023294A5FFA83F9A0
S2140342E04D45944606D99CF803900133A14502F147
S2140342F00402F3D18CF803E001E086F800E0013D08
S214034300EDB22A1BD2B2043192003944E7F76AF8B9
S21403431088F800503378FF2B04D0A34224BF03F160
S214034320FF33337000214FF6FF70154BCAB2AA4213
S2140343300CD300234FF6FF71134ADCB2AC42BBD258
S214034340013332F823008842F7D1B5E79A78A242C0
S2140343500BD11880DA78FF2A04D0A24224BF02F1D8
S214034360FF32DA7001310433E0E7FF2AF2D0A242CB
S21403437024BF02F1FF329A70ECE72D20A1E700BFBD
S214034380565B0020A0640020525B0020A16400203E
S214034390F8B51C4B05461B78084673B3FFF7F6FEC5
S2140343A0FF28044629D02846FFF7F0FEFF2806D04C
S2140343B0154B164E1A780023D9B2914218D3FF2113
S2140343C02846FFF711FFFF28014616D00546104F73
S2140343D023B207EB830237F823009678FFF704FF30
S2140343E0A84208BFFF25FF2E214608D12846F8BD60
S2140343F0013316F823108142DED1FF25F6E7344653
S214034400E6E700BF3A6F0020A1640020545B00205B
S214034410565B00202DE9F04180460E461F460023DA
S21403442086B001A814469DF830508DF80330FCF78B
S2140344304BF8ADF804802EB13368CDF806307368B8
S214034440CDF80A3038460AF087FD0DF1030342190A
S214034450214601A804F039FF9DF8033093B931468D
S2140344604046E4F701F90E4B1B785BB10B2C09D8D9
S214034470FF214046FFF7B8FE064605EB4404E4B2C8
S214034480A54202D106B0BDE8F0812946384608F0B9
S21403449059FE3146FFF7A8FE02350646EDB2EFE7B2
S2140344A03A6F002000232DE9F3470DF107028DF83C
S2140344B0073004460E4602F08CFE9DF8073005468C
S2140344C063B92046FFF762FE04465EB130880AF001
S2140344D05FFD5FFA80F8FF2C45D10025284602B021
S2140344E0BDE8F087B046F6E701320C2AF5D02DB2C8
S2140344F007EB8505AD78FF2DF6D112F0FF0AECD059
S2140345004FEA4A050235EDB2002EE7D0304605EBFA
S214034510080108F0DCFD0028DFD15246414630880A
S214034520FFF75EF90AF1FF3208F1010108F102090B
S2140345303088D2B2C9B25FFA89F9FFF751F924B2CB
S21403454007EB8404A478FF2CC8D023B2494637F877
S2140345502320308808F006FE0028BED109F10209A0
S2140345605FFA89F9EBE725460022014FBFE700BF54
S214034570565B0020FF2818BF064B10B51BBF03EB86
S214034580800433F820302D200B801EBFA378002034
S214034590137010BD565B002008B5D1F7E9FBD0F7C2
S2140345A097FF00F02BFAD2F707FCBDE80840D0F7D8
S2140345B0CDBB10B5044601880120D1F797FCE388EC
S2140345C00BB9C823E38010BD37B50446D1F79CFC6E
S2140345D0658885420ED8A188E288814205D3431BAD
S2140345E05343491BB3FBF1F39AB280B240EA02404D
S2140345F003B030BD0022F8E770B50C46088800F01B
S2140346004BF994F84430054683420FD004F11C0658
S214034610304600F085F984F8445000F085F9618B44
S214034620A0643046BDE8704000F075B970BD38B57B
S214034630044690F844108378826CCB1A5942594149
S214034640D0F7EAFBE37893B1257985B900F06CF9E6
S2140346500346A268218A04F11C009C1A8C4236BFCA
S21403466052182946D11ABDE8384000F054B938BD6F
S21403467009B100F0FDB800F005B938B583880446E3
S21403468003B3E3780088A17804F10C05A3B10023F3
S214034690B1FA81F1E3704909FFF7EAFF4FF6FF72BB
S2140346A0A388218993421CBF03F1FF33A3802846C6
S2140346B0BDE8384000F02FB90123E370FFF7D8FFB9
S2140346C0E188F4E738BD10B5044681780088FFF723
S2140346D0CFFF0123E3700023A38010BD10B58178BC
S2140346E00446B1FA81F100884909FFF7C1FF0023A8
S2140346F0E370A38010BDFFF7F1BF70B5044605460F
S21403470000262B4655F8040B10B11B1B0C2B00DDA3
S21403471070BD237C8680002BF3D0637C13B1FFF738
S214034720D2FFEEE7FFF7DAFFEBE7FFF7E6BF70B57A
S214034730044605464FF6FF762B4655F8040B10B194
S2140347401B1B0C2B00DD70BD8388B342F4D04FF4E3
S214034750FA724FF6FF731146D0F7B2FBECE709B1D6
S21403476000F086B800F08EB810B50446C060083076
S214034770D1F72EFD21792088B1FA81F14909FFF797
S214034780EEFFA37943B121796088B1FA81F1BDE8E0
S21403479010404909FFF7E3BF10BD00F0B2B8034667
S2140347A0184613F8012B8A4201D0002AF8D1704725
S2140347B010B53B2104460068FFF7F1FF00220346CD
S2140347C003F8012B2068236010BD10B540B1421ECC
S2140347D00A24002012F8013F303BD9B2092900D938
S2140347E010BD04FB0030F5E708B500F087F808B500
S2140347F040F2BA4200211020D1F7F6FA41F2E8233C
S214034800584340F6FF7300F2FF70B0FBF3F080B23C
S21403481008BD50F80C3C23B150F8041C30F80E0CBD
S21403482018477047084619B1FF21103002F0CEBB77
S214034830704773B505460E466DBA1446D1F7FEFBB0
S214034840ADF804507EB1012C04D0032C09D000220D
S214034850012101E02246022101A8D3F705FC02B09C
S21403486070BD0022F7E7042132460DEB0100F4E7A2
S21403487007B540BAADF8040001A8D3F729FC03B086
S2140348805DF804FB07B540BAADF8040001A8D3F7FA
S2140348904BFC03B05DF804FB002307B540BAADF844
S2140348A004000DF1030101A88DF80330D3F768FC6B
S2140348B09DF8030003B05DF804FB007800F0DF0307
S2140348C0552B07D0642807D0663818BF4FF0FF3043
S2140348D0C0B2704701207047032070474FF0FF3087
S2140348E0704770470020704770477047704718B18D
S2140348F02D280CBF012002207047704708B501F031
S21403490057FF08B500F06FF8BDE8084004F0A3BCF5
S21403491050E9023018470A460830FF2102F04DBB23
S214034920FF21083002F05ABB08B50AF054FFBDE871
S214034930084009F0C5BB2DE9F041044600274FF0B7
S2140349400C0E8F4202DB0020BDE8F08120789042F7
S21403495004D1002594F80780454502DB01370C3463
S214034960EFE70EFB05F6D4F808C00CEB06003CF8A0
S21403497006609E42E8D00135EEE7F0B585B0054601
S2140349800E461746D1F77AFC0446A0B131462846B0
S214034990D1F72CFC83783A46002BA3683146029362
S2140349A0A378284601934FF0000300930CBF80239F
S2140349B04023E0F76DF805B0F0BD08B51288D1F7CF
S2140349C05DFC50B10279BDF80C309A4207D8816875
S2140349D00298E6F707FD002008BD8620FCE789203D
S2140349E0FAE7D1F749BD002004F0B9BC08B504F0D6
S2140349F026FD002814BF0320002008BD704708B515
S214034A0002F0C0F9FFF7C8FDD1F7A2FD642004F059
S214034A106FF8642004F06BF802F0B6F9D0F7C2F929
S214034A2008F0A8FFF8E7F8B5D0E90176437B04461B
S214034A300D4613B133463E461F46FFF775FF012D5D
S214034A40206438460ED1D0F7B1FB3046D0F7D2FB00
S214034A50257360784FF47F42BDE8F8404FF48171C8
S214034A60FFF78BBF022D05D1D0F7C4FB3046D0F736
S214034A709DFBEDE7D0F7BEFB3046D0F7BBFB00252A
S214034A80E6E738B5037B04468B420D4607D190F81C
S214034A9044305BB3BDE838404830FFF741BFFFF70B
S214034AA043FF216C431AC72B0CD80123C83184F863
S214034AB0455084F84430091A04F14800BDE83840EC
S214034AC0FFF729BF0DB1237B2BB929462046BDE846
S214034AD03840FFF7A8BF00212046FFF7A4FF0123B5
S214034AE0C82184F8455084F84430E5E738BD90F88B
S214034AF04510FFF7C6BF0121FFF7C3BF0221FFF72B
S214034B00C0BF0021FFF7BDBF4FF60173994210B532
S214034B10044602D10021FFF7B4FF2046BDE810404B
S214034B20D1F7E4BE032910B504462BD0007B30B979
S214034B30012903D002290CBF0120FF2010BD032A40
S214034B4007D8DFE802F00208101401291CD0022956
S214034B501FD0FF20F2E70029FBD1B4F85C20012A1E
S214034B6012D0022AF4E704290ED00529F0E7042917
S214034B7014D0052914D00029EBD1B4F85C20111FFA
S214034B800129ECD80220D9E75A1E53425341580054
S214034B90D4E7022B0CBF02200120CFE70020CDE78D
S214034BA00120CBE730B587B005460C46D1F752FC5B
S214034BB0012820D11CB1611E4B424B4158006B7833
S214034BC04FF480728DF804304FF48273ADF80630DC
S214034BD04FF48173ADF8083001238DF80B300023B2
S214034BE085F8900001A8CDE903238DF80A408DF8D7
S214034BF01430D1F767FC07B030BD41680346C97867
S214034C00027B99B98168C97899B9002A08BF03213C
S214034C10D1F730BF9B7B002B0CBF01210221F7E7A6
S214034C209B7B002B0CBF02210121F1E7012AF1D166
S214034C307047012AF4D17047042910B5044604D8F6
S214034C4031B1BDE81040D1F799BF05290DD010BD8D
S214034C50037B5522002B08BF0321A0F85C10407885
S214034C601221FFF78AFE2046EBE743681A8A836819
S214034C701A82E6E7012303730378013343734FF481
S214034C804073C381032303740023A0F85C3080F8C9
S214034C9090307047F8B54568B0F8F820AB8B0446FB
S214034CA09A4208D0A0F8F83040F2055240F6043194
S214034CB00078FFF762FEEB8BB4F8FA209A4208D02E
S214034CC04FF4A16240F604312078A4F8FA30FFF7D7
S214034CD054FEB5F92030B4F9FC209A4208D040F2CD
S214034CE00B5240F604312078A4F8FC30FFF745FE5B
S214034CF02E6BD4F800319E421ED000200346C4F823
S214034D00006104F18F07C3F12005A3F1200126FA01
S214034D1003F200FA05F52A4320FA01F108330A43A1
S214034D20302B07F8012FEED120780022BDE8F8409B
S214034D3040F20271FFF721BEF8BD10B50446806B42
S214034D40D8B1E278022A04D0636B5B7972B984F82F
S214034D503C3094F83C306BB1FFF7B5FC60784FF607
S214034D600272BDE810400621FFF707BEB3FA83F3CD
S214034D705B09ECE7FFF7B2FCF0E710BD10B504469D
S214034D80406BD0F713FA2046BDE81040FFF7D5BFB7
S214034D9010B50446406BD0F72DFA2046BDE8104008
S214034DA0FFF7CBBF10B50446406BD0F749FA204651
S214034DB0BDE81040FFF7C1BF10B504460022062128
S214034DC04078FFF7DAFDA378022B01D0FF2B04D13E
S214034DD02046BDE81040D2F773B910BD4FF60273F4
S214034DE0994210B5044601D1FFF7A7FFE378022BDB
S214034DF002D02046FFF7A1FF2046BDE81040D2F7B9
S214034E005FB910B5D0F8A4407CB103791BB14079E3
S214034E10D2F716FA48B9A3883BB932222046BDE832
S214034E20104001231146D0F74BB810BD10B5044609
S214034E30FFF7E7FFA278237982B913B12046D2F7AA
S214034E4025FA2046D2F762FA03236078A4F86C307A
S214034E505522BDE810401221FFF78FBD012B02D16A
S214034E602046D2F713FAA379012B02D12046D2F7B4
S214034E704DFA0123E9E710B583780446ABB9FFF78B
S214034E80C0FFA3788BB9237913B12046D2F71EFA55
S214034E902046D2F77FFA04236078A4F86C305522B4
S214034EA0BDE810401221FFF768BDB4F86C30022B42
S214034EB00DD02379032B02D12046D2F7E7F9A37945
S214034EC0032B02D12046D2F721FA0023E4E720463B
S214034ED0D2F7A2FAF9E7827883685AB9DB78002B0F
S214034EE014BF03230423A0F86C3055221221407804
S214034EF0FFF743BD1A7922B9DB78003B18BF0123BD
S214034F00F1E70223EFE77FB500239E6A0446B6F572
S214034F10804F0D460CD201A8D2F72AFC039B5B05F3
S214034F2006D529462046336C04B0BDE870401847C2
S214034F3004B070BD00239B6AB3F5804F05D21B6B8C
S214034F40B3F5804F01D29B6818474FF481707047C2
S214034F501FB500239A6AB2F5804F04D340F20110BE
S214034F6005B05DF804FB126BB2F5804FF6D2012252
S214034F7001A8CDE902338DF80420D2F7F9FB039B91
S214034F80DB03EBD5029B1A0EE8D0012A03D1C3F349
S214034F9007430A2BE2D900239B6A1B6B1B6C9847BB
S214034FA0DEE708B50AF0DCFDB0FA80F0400908BD7C
S214034FB0134610B542B103439B0707D10AF0CCFD55
S214034FC0B0FA80F0400910BD0120FCE70020FAE7A4
S214034FD000230360704703680B600160704710B5D9
S214034FE038B132B129B100230139D45C14B9002396
S214034FF0037010BD8B42FAD200F8014B0133F4E77D
S214035000034638B10020814204D01A5C02B97047C7
S2140350100130F8E770474FF0FF31FFF7F1BF70B587
S2140350200C461646054660B15AB151B1FFF7F3FF79
S214035030844206D9211A32462844BDE87040FFF759
S214035040CEBF70BDFEE7FEE700239A4200D170474D
S21403505010B550F8234041F8234001339A42F8D163
S21403506010BDD2F7E5BF4369426CD91C143AB1FBB5
S214035070F2F103EBC1000330B0FBF2F002307047ED
S21403508038B505460C46FFF7EEFF6A6CE31D143A87
S214035090B3FBF2F3013304EBC30402FB004038BD59
S2140350A038B5054644692146FFF7EAFF6A6CE31DF7
S2140350B0143AB3FBF2F3013304EBC304204438BDC4
S2140350C0F7B507460E4600257C6CA819644280EAAD
S2140350D006031C4003D02C46204603B0F0BDFB6BF2
S2140350E001225B6901A99847019B0133F4D104357A
S2140350F0EAE770B505460C46D4F770FDEB6B204621
S214035100BDE87040DB68184770B50025044686B0D6
S2140351100562E369AB4202D8206A06B070BD666CCE
S2140351202068E36B05225B6901A906FB0500984727
S21403513001A800F023FC00F046FC10B1236A0133FB
S21403514023620135E5E738B50446456C006804F18B
S214035150400305FB0101E06B00F042FC05462046D8
S214035160FFF7D2FF284638BDF0B50546002687B0C0
S214035170EC69013CB44203D80C46204607B0F0BDA8
S21403518001B14C1E6F6C2868EB6B05225B6901A9A5
S21403519007FB0400984701A800F0F0FB00F013FC9F
S2140351A00028EAD121460136E2E7F0B504460D466B
S2140351B0466CE36B006887B005225B6901A906FBB2
S2140351C00500984701A800F0D9FB00F0FCFB20B1CE
S2140351D001A800F0AAFB07B0F0BD29462046FFF75A
S2140351E0C3FF0646676C2068E36B05225B6901A96B
S2140351F007FB0600984701A800F097FB431CEAD07C
S214035200B54238BF0130E6E72DE9F0434FF6FF79A4
S214035210D0F8248004460E46C84514BF45460025EC
S214035220002787B0E369BB4202D807B0BDE8F08326
S214035230E26B2368606CD2F814C000FB05300522CD
S21403524001A9E04701A800F099FB022806D0C8454B
S2140352500CD1721C29462046FFF775FFE36901351A
S214035260B5FBF3F2013703FB1255DBE7294620466D
S214035270FFF79BFFB0F1FF3F14BF024632460132F1
S214035280E8E70368F0B5CC1A436C0646B4FBF3F4C0
S214035290002587B0F36937685A1E9542706C08D3A9
S2140352A0706C336800FB043007B0BDE8F04000F0D4
S2140352B095BB0134B4FBF3F203FB1244F36B0522F4
S2140352C05B6901A900FB0470984701A800F056FB30
S2140352D000F079FB0028E3D10135DBE710B423F0B7
S2140352E0030422449B070A44436C18BF04325B4200
S2140352F081EA0204234203D05DF8044BFFF7C1BFE3
S21403530010465DF8044B70472DE9F041D0E90A36A4
S2140353109E42044686B028D11422C369456802FB20
S2140353201355284606B0BDE8F0812068676C331A2B
S214035330B3FBF7F3E26B07FB0300D2F8148001A973
S2140353400522C04701A800F019FB012804D0636CAE
S2140353501D44013B3340ED1A31462046FFF791FFCB
S2140353600646A36AB342E0D1DBE70025F9E708B5B2
S21403537008301346D1E90012D4F7B6FB012008BD66
S21403538013B50C4600212176009361681346224626
S214035390D2F7A4FF18B1E37D03B1A07EA075A07D6C
S2140353A002B010BD73B5164600F108050C46284634
S2140353B009680DF1070200F098F9032E06D1636819
S2140353C0834203D12846216800F076F9012002B013
S2140353D070BDD01E009B42424241187E824211D1CC
S2140353E01A688A420ED85A688A420BD35A6901321F
S2140353F05A61D3E9030282423FBF986840F82210FD
S21403540001321A610120704710B5032A029C07D1A6
S214035410A26A5340626C5242134201D100F04CF927
S214035420012010BD08B5C36800209847BDE80840B2
S214035430D4F7DCBB012814BF0420022070B5002477
S21403544042431C70CC7D101D02F002024CB91AB107
S214035450012220F003001A7000F10803486818447C
S21403546070BD1AB1012220F003001A7000230C7ECF
S21403547001F12005DAB2A24201D30020F0E735F8A5
S21403548033205E1C824206D901EBC30300F10802F7
S214035490D8691044E4E73346801AEBE773B505464C
S2140354A090F842601C4630460DF10303FFF7C2FF37
S2140354B0EB6B012E5B690DD1324601A998479DF827
S2140354C0033013B1BDF806300193BDF804302360F2
S2140354D002B070BD0122214602B0BDE870401847F5
S2140354E0F0B5054600244868EB6B87B00E460122EC
S2140354F05B69029402A908309847274695F842301C
S214035500012B40F0AC80632C00F2AB80612C08D8F2
S21403551005AB224631462846FFF7C0FF9DF81430F8
S2140355205BB305AB2246314628468DF81070FFF76D
S214035530B5FF95F84230012B059B7FD14FF6FF72DE
S214035540934256D0082205A904A800F063FA059BE7
S2140355509DF81010C3F3072291424AD1DBB2029A98
S2140355601A44029245E0DCD005AB22463146284673
S214035570FFF794FFBDF81430D2E795F84230012BBD
S21403558039D1612C2ED822463146284603ABFFF785
S21403559085FF3146284604AB621CFFF77FFF314682
S2140355A0284605ABA21CFFF779FF102208230DEB54
S2140355B002010DF107008DF8073000F02BFA1022D8
S2140355C005A90DF1070000F025FA039BDAB24AB9E4
S2140355D09DF80720B2EB132F04D1DDE9043203EB69
S2140355E00243029395F84230012B14BF0123022392
S2140355F01C44013482E7302CF4D822463146284630
S21403560003ABFFF74BFF3146284604AB621CFFF79C
S21403561045FF102320220DEB03010DF107008DF843
S214035620073000F0F7F9039B9AB2002ADAD19DF807
S2140356300720B2EB134FD5D1049BD2E70133D8D062
S214035640102205A90DEB020000F0E4F9059B9DF876
S2140356501010C3F307429142CBD19BB27FE7312CA4
S21403566081D9029807B0F0BD13B500240194049CB9
S2140356700094D3F70FFB02B010BD13B501240194B9
S214035680049C0094D3F706FB02B010BD00234FF032
S214035690FF3230B544689C4202D10023037230BD0A
S2140356A0016801EBC30541F833206A600133F2E772
S2140356B0C0E90012FFF7EABF0023F0B545689D4234
S2140356C010D00468DF0054F8332004EBC306B2F1AD
S2140356D0FF3F08D0C2F31302914204D14FF0FF33C9
S2140356E0E3517360F0BD0133E9E70023F0B5456885
S2140356F09D4202D14FF0FF300EE00468DE0054F8FE
S2140357003340671C09D0C4F31307B94205D1240DEF
S2140357101470036833445868F0BD0133E8E77047F4
S21403572070B59400224605460E460AF015FA431C49
S2140357300AD058B9224631462846E6F74DF90028DE
S21403574014BF3D20002070BD6E20FCE77120FAE7F1
S21403575013B5044601A8D5F7C7FA9DF8063023808B
S2140357604FF480736380D5F7CDFA6060002002B0F3
S21403577010BDD5F73DBA08B5D5F72EFA002008BDFB
S21403578010B5044644EA010313F00303084609D19F
S214035790934201D1002010BD54F8231040F8231083
S2140357A00133F5E721469200E5F75AFFF2E710B515
S2140357B004460AF0D5F9431C10D088B9D5F7A2FAE7
S2140357C0234620F003002044984201D1002010BD58
S2140357D053F8042B0132F7D03E20F8E76E20F6E7A5
S2140357E07120F4E7704713B50023044601461B22D5
S2140357F00DF107008DF8073000F00CF922689DF8CC
S2140358000730B3EBD26F0CBF0120002002B010BDEF
S21403581013B500230446014620220DF107008DF838
S214035820073000F0F7F80DF107001A22211D00F0EB
S214035830F1F862689DF80730B3EB926F0CBF012056
S214035840002002B010BD0068431C58425841704700
S214035850006810F07E0F0CBFC0F3C16000207047D5
S2140358600068C0F3D3107047006800F07F0001287B
S2140358708CBF002001207047036813F07E0F14BF0F
S214035880042008207047036813F07E0F03D1406896
S21403589020F07C40704713F078001CBF03F07F03B2
S2140358A0D81F7047006800F07F007047032809D0B0
S2140358B0022803D1C1F10201C8B2704700290CBF08
S2140358C007200020704737B5054601F10C044369ED
S2140358D06946012220469847BDF80030012201930D
S2140358E02046AB6901A9984703B030BD37B501F12F
S2140358F00C044369012269460546204698474FF63D
S214035900FF72009B99B291420DD16FF30F0343F4DC
S214035910254343F0A503019301222046AB6901A961
S214035920984703B030BD0020FBE737B50446002593
S2140359301B22011D0DF107008DF8075000F06AF8D1
S21403594060689DF80720B2EBD06F03D120F0784053
S21403595003B030BD0DF107001B2204F108018DF8DA
S214035960075000F057F8A0689DF80730B3EBD06FE8
S21403597001D1C043EAE74FF0FF30E9E74BF29A2242
S214035980036810B5B2EB134F044613D19BB2012B39
S21403599013D1FFF7CAFF01300CD04FF6FF72E06851
S2140359A0B2EB104F4FEA104309D180B2C01A18BFAA
S2140359B0012010BD2368013303D00420F9E7022039
S2140359C0F7E70320F5E701288CBF00200120704786
S2140359D0033801288CBF002001207047143070471D
S2140359E02DE9F04105469846036908460E461746D4
S2140359F09847044638B943463A4631462846D4F7CC
S214035A0065F9044618B131462846FFF75CFF204681
S214035A10BDE8F0811F2A0B689EBF4FF0FF3191400F
S214035A208B43590801F055315B1A03F033319B0859
S214035A3003F033330B44017803EB13130A444FF09C
S214035A40013103F00F334B43A2EB1362027070472E
S214035A5008B507F037FEBDE808400021D4F740BA82
S214035A6002210320D4F73ABC70477047704770474B
S214035A7070B5054614460E4609F053FD2B685C4088
S214035A8034405C402C60BDE8704009F045BD10B55D
S214035A90002422B1032A0CD00360047110BD11F454
S214035AA0000218BF4FF07F4221F07F4313430C0ED2
S214035AB0F2E721F0FF03CCB2EEE730B5012400F5A0
S214035AC0805345685C60CB784A785B0443EA0223DC
S214035AD00A7813438A78120402F480321343C0F818
S214035AE09830EB075CBF00F50050446030BD70B5DE
S214035AF001260C46054600F500535E600B78497890
S214035B0003F0070343EAC103E17843EA0123A178DC
S214035B10090101F030010B430367C36AA17923F43B
S214035B208B3323F4807343EA01432179090201F49A
S214035B30E0610B436179090301F480510B43C362AF
S214035B401146FFF7BAFF05F580535E60E37903B1AC
S214035B50EE6070BD08B50A6FC96F02F00702FFF763
S214035B6096FF08BD13B5044601A8D5F7BDF8042C67
S214035B7004D8DFE804F0061603101300002002B072
S214035B8010BD40F29C4040F2BA439DF80520012A1E
S214035B9008BF1846F3E740F6B830F0E74FF4166050
S214035BA0EDE740F2E240EAE74FF050234FF40032CD
S214035BB01A6770474FF0B0435A6812B19A6A002AC0
S214035BC0FAD1704770B5054614460E4609F0A9FC8F
S214035BD02B685C4034405C402C60BDE8704009F0A4
S214035BE09BBC0122417803788A4030214B4342F222
S214035BF0100103F1A04303F570335A50704721FA9E
S214035C0000F2D20730B5034600F0FC040FD500229D
S214035C100132D2B2042A02D14FF0FF3008E08318D3
S214035C2003F00303234421FA03F5ED07F0D41846E3
S214035C3030BD0020704700207047002070470020CA
S214035C40704701207047012070470F207047E6F722
S214035C50DDBB002307B5CDE90033012369464FF0CA
S214035C60FF308DF8023004F0C8FB03B05DF804FB88
S214035C700020704710B508B9212010BD0029FBD0BD
S214035C80036813F0704205D1C3F30E030B607BB1B8
S214035C900020F2E703F05044B4F1004F05D0B2F110
S214035CA0304F02D0B2F1404FE6D103F07F03EDE769
S214035CB04368002BE0D00B60EAE737B50C46054691
S214035CC010B9212003B030BD0029FAD0002301A962
S214035CD00193FFF7CFFF0028F4D12968019A11F04A
S214035CE0704102F1030222F0030201D12260E9E7C8
S214035CF0AD68B1F1004FC5F38033C5F3403504D129
S214035D0003EB450353432360DCE7B1F1204F01D196
S214035D102B44F7E7B1F1304FFAD0B1F1404FF7D04B
S214035D20CFE737B50C460546002800F087800029E4
S214035D3000F0848000230B60036803F070430B605D
S214035D40C26822B1032A79D143F080630B60AB6843
S214035D509A0149D403F08073EA680AB9002B6DD11F
S214035D60226822F0407213432360EA68032A05D1AF
S214035D702A69F62A62D962F317432360AB681B04C9
S214035D8042BF236843F400432360EB68032B1FBF23
S214035D9023682A6862F30E0323602B68AA68002B25
S214035DA02ADB12F4C84F49D12B6803F0704303F182
S214035DB00043B3F1804F05D2530542BF236843F433
S214035DC0806323600023284601A90193FFF752FF4F
S214035DD040B92B6813F070421FD12368019A62F30F
S214035DE00E03236003B030BD03F04073B3F1407F6E
S214035DF018BF4FF00073AFE7500402F4005105D408
S214035E00E1B1236843F400532360CDE7236843F4EA
S214035E10804323600029C7D0F3E703F05043B3F170
S214035E20004F05D0B2F1304F02D0B2F1404F05D14A
S214035E30019B5A1E236862F30603D2E72120D1E7AB
S214035E4038B131B101234B604FF0005300208B6013
S214035E5070472120704737B50C46054608B9212000
S214035E6016E00029FBD001234B60C368A3B901A940
S214035E700193FFF722FF58B9019B6A699A4209D337
S214035E802A69002AEBD0226043F000530020A36067
S214035E9003B030BD1D20FBE7032BE0D10023F5E75D
S214035EA0436813B9416070475B685A68012AFBD19F
S214035EB059607047FFF7DCBE08B5FFF7D9FE002828
S214035EC014BF6FF09200002008BD1346428870B5D9
S214035ED00732072A0C464FEAD20101D0A14222D14B
S214035EE046680588202218460021E5F729FA360A6F
S214035EF00346DEB9BCB141F20102954205D0B5F5C1
S214035F00885F02D0B5F5905F02D100205C6070BD5B
S214035F10B5F5105F0DD1182C03D0202C01D0102C12
S214035F2001D11C60F1E76FF08600F0E76FF08B009D
S214035F30EDE76FF08500EAE7F0B51C4643680646D2
S214035F401B0A0F46154689B035D122462946FFF768
S214035F50BCFF68B9EB1C23F00303C4E903076361C2
S214035F6045B9202200212046E5F7EAF96FF08600BE
S214035F7009B0F0BD014620226846E5F7E1F96A4616
S214035F8029463046FFF7A1FF0028EAD12368009A86
S214035F909A42E6D16368019A9A42E2D1A368029ACA
S214035FA09A42DED1A369069A9A42DAD1E369079A3E
S214035FB09A42DDD0D5E76FF08B00D9E7D5F7DCB989
S214035FC0D5F7F6BA70470020704700207047C368BD
S214035FD01944836853F8210030F8023B1360704776
S214035FE0012310B580F888300378044653B100F0D7
S214035FF061FA21462046D5F7CDFB2046BDE8104082
S21403600000F04DBA10BD38B50D460446D5F7AAFBC9
S2140360106B682046C4F8B032A96800F096F94FF0D2
S214036020FF332046C4F8B432FFF7CDFF38BDD0F8AF
S214036030B43210B50133044601D0002010BD00F081
S214036040BCFAC4F8B4020130F7D194F8B80280F071
S2140360500100F3E708B5D5F7C1FB08BD0A78013898
S2140360602D2A0ABF012200228918D5F713BC072858
S2140360701BD8DFE800F0060A0D10131504170120DD
S214036080704700220820D5F705BC00221020FAE747
S21403609000222020F7E70820FFF7E0BF1020FBE7E9
S2140360A02020F9E70846D5F757BC002070472DE9AE
S2140360B0F74307280C46DDE90A7690461D4608D8BE
S2140360C0013806280AD8DFE800F01D27303A44577F
S2140360D04A00212850D003B0BDE8F08300222046B2
S2140360E01146E5F7F9F83368C0B205EB83013A6861
S2140360F045F82300013348F8221033603B68013328
S2140361003B60E8E7002220461146E5F7E5F83368EA
S21403611080B205EB8301EAE7002220461146E5F745
S214036120DBF8336805EB8301E1E7002220461146DE
S214036130E5F780FA336840B205EB8301D7E7002220
S21403614020461146E5F776FA336800B205EB83017D
S214036150CDE7002220461146E5F76CFAE1E7002377
S21403616089461E461D468DF8063019F8013F7D2BDD
S21403617006D125702D0A65703B6848F82340BDE7B5
S214036180202BF2D006F00102013612B98DF8043046
S214036190EBE71022002101A88DF80530E5F74AFA4F
S2140361A0631901359870ADB2DFE72DE9F04F9B46D2
S2140361B0002385B08B45814688469246CDE9023357
S2140361C06BDC1A461E4619F80340212C09D81F2CEF
S2140361D004D8103C072C98BF012200E001260133A7
S2140361E0F1E7FF2CFBD15B4436B1013B43450ADDA7
S2140361F02B2005B0BDE8F08F62B1013B4345F7DCC9
S2140362003546374602E000252F462E46454504DB35
S2140362100020EEE79845F3D0EAE75D453BDB19F847
S2140362200730202B18D109EB07035B78FF2BDFD150
S214036230CEB920465AF82510FFF719FF78B303ABFB
S214036240019302AB00932046DDE90E235AF825108E
S214036250FFF72DFF0135D9E7212B0ED109EB0703F5
S2140362605B78FF2BC4D1029B5AF825200E99012692
S21403627041F8232001330293ECE7A3F11004072C23
S21403628002D91C460137D3E709EB07035B78FF2BDC
S214036290AED1E4B2CCE70624CAE72120A9E726203C
S2140362A0A7E72DE9F04F07460E46154698460446DF
S2140362B085B0DDF84490DDE90FAB206808B3DAF863
S2140362C00020D8F800108A421BDA0E9B53F82210DF
S2140362D0D1F7E2FD48BBDAF800200132CAF8002005
S2140362E06268117BFE291BD10E9B10680121009367
S2140362F02A464346CDE902B9CDF804A0FFF7D1FFFD
S21403630004462B7843B999F800302BB97EB10123A4
S2140363103C4689F800302B70204605B0BDE8F08F68
S21403632001238BF800302B70EBE70C34C5E73446BB
S214036330F2E710B50446236803B910BD237A13B9F0
S2140363402046D5F73FFB0C34F5E710B541B10A7983
S21403635032B901249C300C71FEF73DFE204610BD79
S2140363600020FCE72DE9F041BAB005460AAA084624
S21403637003A900F05FF90446B0B90DF10A030193CF
S2140363800DF10B038DF80A0000930AAA284604AB06
S21403639003A9D5F7C7FC9DF80A20B2B19DF80B20D8
S2140363A048B12AB1D5F70EFB20463AB0BDE8F081D6
S2140363B0FFF7BFFFF8E7D5F89C50002DF4D0A86888
S2140363C008B1FFF7B6FF2D68F7E700B346681AABC8
S2140363D006F10C082AAF01934046049B03990097E5
S2140363E00AAAFFF7E2FE04460028DDD1039B05A8B0
S2140363F0CDE90637049B0595CDE90838D6F75AFF4D
S21403640005A83368984705A800F03FFDCCE72D2480
S214036410CAE710B50446AC30E4F78EFE04F1AB03CE
S2140364201A180020934200D110BD13F8011F00294B
S214036430FAD00A2908BF0130F4E70023F0B50B6051
S21403644013600646D0F8AC0278B196F8AC0060B19B
S214036450012406F1AC07D6F8AC02844210D306F149
S214036460AC00B3F5007F10D30120F0BD0D680135F5
S2140364700D60156801351560F85C01330A2802D0F3
S214036480B3F5007FF2D30134E5E7C15C0A29EBD00C
S2140364900029E9D01168013301311160E1E710B535
S2140364A00021D0F88C200446E4F74AFF0023C4E911
S2140364B0243310BD73B5044600F1AC058021204695
S2140364C0FEF79EFD4FF4007106462846FEF798FD3C
S2140364D00136C0F50070864220461FD8E4F72CFE2E
S2140364E006462846E4F728FE01362946421CA81924
S2140364F0E4F778FF2046E4F71FFE214602462846C7
S214036500E5F7AEF82046E4F717FE0A23204480F8A2
S214036510AC300023C4F8AC3202B070BDFFF779FF8D
S21403652001AAC4F8AC0269462046FFF786FF00229C
S214036530009B234483F8AC20C0E773B50D4604469E
S214036540FFF767FF6B1C19D1D4F8AC3213B1013BCC
S214036550C4F8AC3200252046E4F7EEFDA84215D871
S2140365602046FFF79CFFD4F8AC322BB16946204691
S21403657001AAFFF762FFA0B902B070BD012DFBD1DF
S214036580D4F8AC328342F7D20133E1E7082000F0B7
S21403659023F8202000F020F8082000F01DF801352D
S2140365A0D9E7009D04F1AC06019BAB42E4D9715DCB
S2140365B02046D5F7E5FC0135F6E707B500200DF1D3
S2140365C0070100F0E7F820B99DF8070003B05DF86F
S2140365D004FB4FF0FF30F9E710B5C1B204460020C4
S2140365E000F0C8F800280CBF20464FF0FF3010BD5F
S2140365F00FB407B504AA52F8041B00200192D5F77E
S2140366005BFE002003B05DF804EB04B0704710B5E2
S2140366104C1C0B460119045D222C03D07B2C01D0A5
S2140366205C2C05D1D21A1844E4F7DCFE012010BD19
S2140366300020FCE72DE9F047054691468846E4F737
S2140366407BFD2A4606461346197801322029FAD0DE
S214036650C9F800305C1B01236FF0404AC8F80030CD
S214036660A64201D8002014E02F5D29197B2F12D0F3
S214036670222F2ED1D8F80030621C53442A4449F8FE
S2140366802320012C09D911F8013C13F0DF0F04D0A5
S2140366902120BDE8F0877D27F3E701342B5DBB425D
S2140366A009D12B195B7813F0DF03F1D1222F00D128
S2140366B02B550134D4E75C2B07D1324621462846B6
S2140366C0FFF7A5FF0028E3D0013E0134A642E5D834
S2140366D0DEE75C2F08D1324621462846FFF797FFB0
S2140366E00028D5D0013EE4E7202FE2D10022631C28
S2140366F0B3420A70DDD2EA18EB5C202BD9D0D8F867
S21403670000300F2B05DC49F823200133C8F800308E
S214036710CFE71E20BDE700F000B800207047D1F792
S214036720A9BB70B50C46154610B9D5F7B9FD38B1F7
S21403673043682BB12A462146BDE8704000681847D7
S214036740232070BDF7B50D4616461C4638B9D5F757
S214036750A7FD04B901AC20B9232003B0F0BD03B9EB
S21403676001ACC768002FF7D0234632462946006897
S214036770B847F2E707B501228DF807100DF10701B8
S214036780FFF7CFFF03B05DF804FB0B460146184640
S214036790FFF7F0BF00230122FFF7D4BF08B508F0C8
S2140367A0BBFFFA23B0FBF3F080B208BD04207047AA
S2140367B040F20160D5F76ABE70470120704700209B
S2140367C0704749BA89B280EA0103C3F30312534000
S2140367D0180380B258405B0103F4FF5358407047D8
S2140367E008B5D6F71FFA58B1A0F15903042B06D8FB
S2140367F0042B04D8DFE803F00404040304005C203D
S21403680008BDD6F767BB7047F8B50C468D18073535
S21403681052421540A5F108070646384600F0DFF950
S214036820A188381B628801EBE00189B2A2EBE00283
S21403683025F8041C25F8062CA288C310AAB1A4EBDD
S214036840C202B2F802C0D18003EB0C015180E28889
S21403685092B1D31A9BB204EBC20425F8023CA38080
S214036860B3680344B3603846F8BD15F8082C42F005
S214036870020205F8082CEAE725F8022CF0E72DE9D2
S214036880F04F4FF0000887B09946531C109B0546FF
S214036890174614BF14460824CDF81480002B00F0C6
S2140368A0C580C3F80080002900F0C28042688A428F
S2140368B040F2BE80073121F0070608F03FFE05AA26
S2140368C0CDE9008282463A464B463146284600F0DA
S2140368D08AF9059F834607B130B9504608F029FE6A
S2140368E0192007B0BDE8F08FB7F8028029694FEA90
S2140368F0C802C0EBC8080139B8F1270F29617AD955
S214036900B9F1000F51D1864206F1080848D0224655
S21403691039462846FFF778FF04460590059B9844BA
S214036920404600F05CF9059906F10F004A88C30853
S214036930A2EBD002A8F80220CA88A8F80430002ADE
S21403694030D0D31A9BB201EBC202A8F8063093806C
S2140369508B88F608A380B8F804303A46E3804146AD
S21403696000232846668000F0A6F9AB680833AB60C0
S214036970237843F0010323702B6901332B6162886C
S214036980AB68504603EBC203EA68AB60934288BF2A
S214036990EB6008F0CEFD109B083400201C60A0E7D7
S2140369A03C46BBE7A8F80620D2E707EB08042046D8
S2140369B0039200F014F90BF10703DB0805996380D3
S2140369C008F10703DB08A380CB8893B1DB00039AA7
S2140369D0D81D821A5A44C2F3CF020B44E2809A802F
S2140369E0A38808F1FF384FEAD808A1F80280CB80C5
S2140369F0BBE7E380F4E7B9F1010F1BD107F1080306
S214036A00B3FBF4F204FB1233B3B1224639462846ED
S214036A10FFF7FAFE044623783A4643F00103237051
S214036A2021460123284600F046F9A8E7222058E726
S214036A30212056E78642E8D13C46ECE707B500221C
S214036A404FF0FF3101AB0192D5F7A4FE019803B0D6
S214036A505DF804FB2DE9F74F04460D46002900F0C8
S214036A60AB80D0E9056808F069FD15F8087C35F8B1
S214036A70061CFB07009000D531B9009808F059FDB5
S214036A80012003B0BDE8F08FA368D4F8109035F862
S214036A9004ECA3EBC10B09F10103A5F1080C4A1C96
S214036AA0C4F808B02361BEF1000F7BD0ACEBCE0375
S214036AB0D888B3F802A00190187807F00207C00739
S214036AC065D4002F64D10198A0EB0A07012F69D182
S214036AD08A1CABF108075244C4F81090A76035F837
S214036AE002ECBEF1000F61D0D4E900700CEBCE0AC5
S214036AF007EB0009CA4559D21CF83EC057461CF09E
S214036B00010C15D1AEEB0101012911D1BAF802101F
S214036B10AAF802C001310A44BAF80610002943D085
S214036B200AEBC107216901392161A1680839A1600F
S214036B3015F8081C013A21F0010105F8081C00218C
S214036B4025F8061C5A801A7861F300021A707FB380
S214036B50C3F107023A44C2F3CF02DA80BA804EB3D7
S214036B60B34227D37288002A08BF1E46B8F1000F27
S214036B7006D0434504D8B8F80220002A18BF434677
S214036B800098C4E9056308F0D4FC002079E74FB108
S214036B9015F8087C724427F0020705F8087C0027DE
S214036BA09F809CE763469AE70F46BBE70027BFE74D
S214036BB0DF80D4E71E46D9E7222062E710B50446F5
S214036BC0D5F700FE2146BDE81040FFF743BFFFF7A9
S214036BD0F5BF0846FFF732BF0846FFF7F8BF0023A6
S214036BE0036043607047F0B5D0E90554561C08BFF0
S214036BF00822002B4FF0000008BF2C46DDF818C013
S214036C00CCF80000002C37D09DF814706588FF0080
S214036C1007EBC505C2F1000E2078C00708D51BBBDD
S214036C20E088A0B104EBC004658807EBC505F3E76D
S214036C308D42F4D363B904F10806B6FBF2F002FB07
S214036C40106670180EB1A842EAD8CCF80040F0BD22
S214036C50082A0FD06088013004EBC000461A06EA03
S214036C600E06801B8542F0D2A0880028EFD0A4EB46
S214036C70C004D9E70846E8E72046E8E70346006984
S214036C80C0B10AB951B91A6810460378DB0711D5A3
S214036C9031B9C3885BB100EBC300F6E79A69F3E743
S214036CA0012904D1838823B1A0EBC300EDE70020BC
S214036CB07047184670472DE9F041D0E9055407465A
S214036CC088461646ABB1954200D00ABB4246002121
S214036CD03846FFF7D3FFB442054600D02EB94246E6
S214036CE001213846FFF7CAFF0446C7E90554BDE845
S214036CF0F081954208D08D4228BF0D46B44205D098
S214036D00444538BF4446F0E70D46F7E74446ECE70C
S214036D109442EAD1E3E770B500261C46C3E90001B6
S214036D20C3E90266C3E905001E611A775E62FFF7D0
S214036D3056FF23690139C908013341802361A368DB
S214036D4030460833A360E3680833E36070BD00236E
S214036D5007B5684600938DF80430D3F7AFFC03B04D
S214036D605DF804FB10B508F0DCFB044606F03CFDBA
S214036D702046BDE8104008F0CFBB70474FF4C870FC
S214036D80D5F780BDD5F732BE00F01CB87047704704
S214036D9008B503F07BF903F083F903F08AF903F0EF
S214036DA099F9BDE8084003F0A8B9704708B503F0A1
S214036DB068F903F067F903F066F903F066F9FFF77D
S214036DC0F4FF08BD08B503F099F903F098F903F04A
S214036DD098F9BDE8084003F09BB970470120704757
S214036DE02DE9F34112F001050446884622D110F03E
S214036DF0030525D12F465208BA4209D1D3F7ECFE34
S214036E000026B74204EB860008D1D3F7F1FE11E063
S214036E1054F8273001330CD10137EDE7042258F834
S214036E2026300DEB0201019308F096FE30B1D3F73E
S214036E30DFFE3D25284602B0BDE8F0810136E0E7D7
S214036E400125F7E77047B0F1006F0FD300F07843E2
S214036E50B3F1006F0CD000F06040B0F1404F09D0A2
S214036E60B0F1604F14BF0420032070470020704722
S214036E700120704702207047002070471AB111B1F5
S214036E8080B2D6F727B82120704701F094BEDEF70C
S214036E90D7BEFFF78DBCD0E9023253F8223000216B
S214036EA01878DEF71FBB704702F0D5B901F015BEA0
S214036EB0C3688268013BDBB252F823305B78652BEC
S214036EC002D10020E0F75EBE6E2B01D10120F9E768
S214036ED0662B01D10220F5E7704710B5D0E90232E0
S214036EE0044653F82230187802F09FFAE368A26843
S214036EF0013352F82330BDE81040187802F093BAF5
S214036F0010B50446C0B2D7F7B3F9200ABDE810405F
S214036F10D7F7AEB9D0E9023253F822301878D7F74C
S214036F20AFBA02F032BADFF72BBB08B501F0F6FEB4
S214036F30BDE80840E0F714BDD0E9023253F822302A
S214036F40186801F0E9BE0020E0F710BE0120E0F764
S214036F500DBE0221D7F72ABA0321D7F727BA052190
S214036F60D7F724BA08B501460C20D7F7FBF9BDE8D6
S214036F700840D7F789B908B501460020D7F7F2F9D4
S214036F80BDE80840D7F780B907B5C26883680432FE
S214036F9053F8223001211B880DF10602ADF80630A6
S214036FA00023D7F787FF03B05DF804FB08B508F0A6
S214036FB0C7FBBDE80840EDF7EDB810B51446D8F7A3
S214036FC095FA2146BDE8104008F0B2B808B5D8F7E0
S214036FD08DFABDE80840002108F0AAB808B5D8F72E
S214036FE085FABDE80840ECF7EBBB08B5D8F77EFAA0
S214036FF0BDE80840ECF7D0BB7047704708B508F00B
S2140370009FFBFFF7FAFF03F0DDF8BDE80840D8F76B
S214037010B9BA7047012070470120704708B5D8F702
S2140370204DFB00280CBF0420012008BD70472DE946
S214037030F34104460D4616461F46DDF8208008F049
S21403704017FC3B46324629462046CDF8008003F01F
S214037050BAF83B46324629462046CDF80080FFF76D
S214037060E5FF02B0BDE8F04101F0A5BD2DE9FF47FD
S21403707004460D4616461F46BDF830809DF83490EC
S214037080DDF838A008F0F4FB3B4632462946204696
S214037090CDE9019ACDF8008001F040F804B0BDE8D0
S2140370A0F04701F088BDF8B504460D4616461F4660
S2140370B008F0DEFB3B46324629462046DDF74CFF0A
S2140370C0044601F078FD2046F8BD70472DE9F341EC
S2140370D004460D4616461F46BDF8208008F0C8FB3A
S2140370E03B46324629462046CDF8008003F06EF82C
S2140370F033464246294620460097FFF7E6FF02B08E
S214037100BDE8F04101F057BD704708B508F0B0FB85
S21403711003F05DF8FFF7F8FFBDE8084001F04BBD4C
S214037120012070472DE9F74304460D4616461F46D1
S2140371309DF8289008F09CFB3B463246294620469D
S214037140CDF80090FFF7ECFF80463B4632462946D3
S2140371502046CDF8009003F03BF801F02CFD4046A6
S21403716003B0BDE8F083012070472DE9F7430446DA
S2140371700D4616461F469DF8289008F079FB3B46B9
S214037180324629462046CDF80090FFF7ECFF8046AE
S2140371903B46324629462046CDF8009003F019F8C0
S2140371A001F009FD404603B0BDE8F083F8B5044698
S2140371B00D4616461F4608F05BFB3B4632462946FD
S2140371C0204603F007F8BDE8F84001F0F4BC0020C1
S2140371D07047F8B504460D46164608F049FB324696
S2140371E029462046FFF7F3FF074632462946204640
S2140371F002F0F1FF01F0DFFC3846F8BD38B504466F
S2140372000D4608F035FB2946204602F0E5FFBDE8AB
S214037210384001F0D0BC10B5044608F029FB2046E0
S21403722002F0DBFF2046FDF7DCFBBDE8104001F073
S214037230C2BC704738B504460D4608F019FB29460C
S214037240204602F0D9FF29462046FFF7F2FFBDE8A5
S214037250384001F0B0BC704770B504460D4616467C
S21403726008F006FB32462946204602F0C7FF3246A0
S21403727029462046FFF7EFFFBDE8704001F09BBCB0
S214037280704738B504460D4608F0F2FA29462046FC
S21403729002F0B6FF29462046FFF7F2FFBDE8384066
S2140372A001F089BC70472DE9F34104460D461646A6
S2140372B01F469DF8208008F0DBFA3B4632462946F7
S2140372C02046CDF8008002F09DFF3B463246294615
S2140372D02046CDF80080FFF7E5FF02B0BDE8F04199
S2140372E001F069BC704738B5054608F0C1FA284670
S2140372F000F0E1FE04460146284601F0AAFF01F02D
S2140373005AFC204638BD38B504460D4602F07BFFCE
S21403731029462046FFF7E6FF38BD704738B50546D1
S21403732008F0A6FA2846DEF737FC04460146284648
S21403733001F08DFF01F03FFC204638BD38B504460A
S2140373400D4602F061FF29462046FFF7E6FF38BDEB
S214037350704710B5044608F08BFA204602F055FF36
S2140373602046FFF7F5FFBDE8104001F024BC704748
S21403737038B504460D4608F07BFA2946204602F047
S21403738045FF29462046FFF7F2FFBDE8384001F0E7
S21403739012BC704770B504460D46164608F068FAE8
S2140373A032462946204602F032FF32462946204618
S2140373B0FFF7EFFFBDE8704001F0FDBB704738B53F
S2140373C004460D4608F054FA2946204602F020FFEC
S2140373D029462046FFF7F2FFBDE8384001F0EBBB35
S2140373E0704738B504460D4608F042FA294620464B
S2140373F002F00FFF29462046FFF7F2FFBDE83840AC
S21403740001F0D9BB704710B5044608F031FA2046A0
S21403741002F000FF2046FFF7F5FFBDE8104001F03D
S214037420CABB704710B5044608F022FA204602F09D
S214037430F2FE2046FFF7F5FFBDE8104001F0BBBBA8
S2140374407047704770B504460D46164608F010FAA6
S21403745032462946204602F0E1FE324629462046B9
S214037460FFF7EFFFBDE8704001F0A5BB704710B50E
S214037470044608F0FDF9204602F0D1FE2046FFF749
S214037480F5FFBDE8104001F096BB704738B50446DB
S2140374900D4608F0EDF92946204602F0C1FE2946BE
S2140374A02046FFF7F2FFBDE8384001F084BB704783
S2140374B0F8B504460D4616461F4608F0D9F93B466E
S2140374C032462946204602F0ADFE3B463246294662
S2140374D02046FFF7ECFFBDE8F84001F06CBB7047B1
S2140374E070B504460D46164608F0C2F932462946DC
S2140374F0204602F098FE324629462046FFF7EFFF65
S214037500BDE8704001F057BB70472DE9F3410446D0
S2140375100D4616461F46DDF8208008F0A9F93B46BF
S214037520324629462046CDF8008002F07DFE3B46D3
S214037530324629462046CDF80080FFF7E5FF02B025
S214037540BDE8F04101F037BB0E2070470E207047B0
S21403755038B5044608F08CF92046FFF7F7FF0546D2
S214037560204602F062FE2046FFF7EEFF01F023FB03
S214037570284638BD704710B5044608F079F920460A
S21403758002F054FE2046FFF7F5FFBDE8104001F079
S21403759012BB002070470020704738B5044608F039
S2140375A067F92046FFF7F7FF0546204602F03FFE41
S2140375B02046FFF7EEFF01F0FEFA284638BD704777
S2140375C008B508F055F902F033FEFFF7F8FFBDE8FB
S2140375D0084001F0F0BA002070477047704708B5BE
S2140375E0D8F73EF900280CBF0420012008BD7047D9
S2140375F00B68DA7B1AB9DB7C0BB9D8F755B981204F
S214037600704708B5D8F768F9BDE80840D8F772B9E7
S2140376107047D8F761B9D8F76DB9082808D84FF47A
S2140376208B73C34013F0010F0CBF2120002070475B
S214037630212070470121D8F74FBA0221D8F74CBA58
S2140376400421D8F749BA0821D8F746BA1021D8F743
S21403765043BA01207047D0E9023253F82230187833
S214037660D8F7E6BB0868C37B1BB9C37C0BB9D8F74E
S2140376700FBC81207047D0E9023253F822301878C5
S214037680D8F748BC704730B50546044615F8100BC6
S21403769085B0029565691D44CDE900250B46A21DFC
S2140376A0618801F036FE05B030BD704710B492F81D
S2140376B00A4192F8053103EB04230B8100235DF89E
S2140376C0044B1A4601F023BE1FB50446084671B1A3
S2140376D02178FF290BD0238B029363690193237CC4
S2140376E000936288A31DDEF773FAFF23237004B0AA
S2140376F010BD0868C37B73B9C37C032B0BD8DFE8C4
S21403770003F002080406D8F705BFD8F735BFD8F745
S21403771065BFD8F713BF81207047704770470020B6
S2140377207047137810B5032B0CD15479CBB29C4217
S21403773008D19379B3EB112F04D153781B1A58420F
S214037740584110BD0020FCE77FB505460E460024D1
S2140377506946E0B201F083FD28B96A4631462846F9
S214037760FFF7DFFF18B90134202CF1D1002004B055
S21403777070BDFFF7E9BF0868C37B9BB9C37C052BC5
S21403778010D8DFE803F0030D070B0905D8F7CABFC7
S214037790D9F706BAD9F760B8D9F7B2B9D9F730B975
S2140377A0D9F702B8812070470020704730B51025FE
S2140377B087B001AA00210195FEF709FC04462A4674
S2140377C0002102A8E3F7BCFD2A46214602A8E3F7F8
S2140377D009FE012102A8D9F7C1FB07B030BDD9F7CE
S2140377E04FBB7047FFF7FDBF0B68DA7B5AB9DB7CEC
S2140377F0012B04D0022B04D02BB9D9F7D3BFD9F76A
S214037800DDBFD9F7E7BF81207047002307B5012105
S21403781001A80193D0F786F908B9CFF7BFFF012077
S21403782003B05DF804FB08B502F06EFA052803D032
S214037830003818BF012008BD0220FCE77047D0E9D6
S214037840023253F822301878003818BF0120DBF7CD
S21403785041BBDBF745BB00207047002070477047ED
S214037860FF207047FF2070470020704700207047B6
S21403787000207047704706207047DAF7E9BD0868AE
S214037880DBF7C2BA70B50D460446002128461646F5
S21403789001F076F9324620800221284601F070F97D
S2140378A0324660800421284601F067F90023A3606E
S2140378B0E3606060082070BD034641B181424FF02B
S2140378C0640005D94343B3FBF1F0C0B270470846E2
S2140378D07047DBF713BBDCF709B9DCF711BAB0F571
S2140378E0807F05D0A0F50073584258414001704789
S2140378F00820704730B599B00D4669461446DCF744
S21403790063F930B915B1BDF802302B600CB10D9B8D
S214037910236019B030BD2DE9F04788B00E46904677
S21403792004A905AA07461D46FFF7E4FF044638BB2D
S21403793028800DF10C09DDE904A39A4520D206221E
S21403794051463846CDF8009006ABDCF759F9D8B95E
S214037950039B062B18D12A88DDF81A3042450ED22F
S214037960BDF8181026F832102A8806EBC2025360B8
S2140379702A885344013206332A800493DBE7F7D977
S214037980204608B0BDE8F0870124F9E72DE9F04367
S2140379908FB00F46904601A9002204469946FFF78A
S2140379A0A9FF18B101200FB0BDE8F08306222046D8
S2140379B00DF1020302A9FFF7AEFF0028F2D1054638
S2140379C00246BDF80210019CEEB28E42EAD20EAB1E
S2140379D003EBC60656F82C3C36F8306C0634BE422B
S2140379E017BFE418012213460022013522B1C8F856
S2140379F00040C9F80030D6E71A46E5E770B500241C
S214037A00012602F05BF9E5B2C26806FA05F595426F
S214037A10234604F10104F4D3D8B270BD70B586B022
S214037A20DBF720FF00F11006E1F714FB0024054600
S214037A30142201A9301902F048F91CB99DF8043044
S214037A40FF2B16D0002303F118026A4412F8142CF5
S214037A50FF2A06D11C44601E90FBF5F080B206B0E8
S214037A6070BD2B44DBB2132BEDD91434B4F5826FFF
S214037A70DED14FF0FF30F2E7DBF72ABD07B504226D
S214037A800DEB020102F021F9019803B05DF804FB47
S214037A9037B5054608460C46FFF7F0FFA84206D062
S214037AA0042220460DEB02010195E1F725FB03B006
S214037AB030BD07B50B460092002102460120DBF7D6
S214037AC099FD03B05DF804FB08B50121DBF7CAFC9A
S214037AD0BDE80840E1F7BCBCDCF708B808B5FFF71B
S214037AE0F3FF002008BD08B513460A4601461846AC
S214037AF0DBF714FE80F00100C0B208BD002070471B
S214037B00704708B1DCF712B9704730B4DDE90245B7
S214037B101DB1029430BC00F0C6B930BC70471F28B4
S214037B2004D8142200F5A030D5F79EBA70471F2854
S214037B3004D8142200F5A030D5F7C2BA704715282A
S214037B4008B505D1FFF7DCFFBDE80840DCF734BA1B
S214037B5008BD10B5142486B02246002101A8E3F719
S214037B60EFFB2023224601A94FF4A03001F095FC39
S214037B7006B010BD0020704713B500230C461A4606
S214037B800146CDE90033E0B2DCF7DAFF02B010BD00
S214037B9013B500231446019001220093E0B2DCF7EC
S214037BA0CFFF02B010BDD0E9023253F82230186876
S214037BB0DDF73EB9194491420ADC4218002003B9A6
S214037BC0704712F8011D013B01EB0020DBB2F6E71C
S214037BD0002070472DE9F04F4FF0000A85B001935F
S214037BE081460F4615465346019A11785FFA8AF284
S214037BF0914203D8002005B0BDE8F08F019909EB48
S214037C00050801EB4202517892F802B011F04004E5
S214037C10009101F03F061BD0AC19BC42D4BF002430
S214037C20012433466400A20740F18880009B1B06AC
S214037C3040F192800E9B324603EB0B000021E3F7E4
S214037C407FFB3D4600231D44ADB20AF1010ACBE794
S214037C50042E07D866B1B31E022B0BD8DFE803F059
S214037C60122130003E2E37D03F2E5BD03D2E4BD018
S214037C700320C0E7BD4234BF00240124012664006C
S214037C803346D0E7AB1CBB4250DC02233A462946B8
S214037C904846FFF78FFFADF80A0002230DF10A08E6
S214037CA0C1E7EB1CBB4243DC03233A46294648465E
S214037CB0FFF780FF0390042603230DF10C08B2E7B9
S214037CC02B1DBB4236DC04233A4629464846FFF7BB
S214037CD071FF03900423F0E77A1E95422CDA022301
S214037CE03A4629464846FFF765FF4FF6FF7380B2CC
S214037CF098420EBF0223023083B25C19A742B4BF78
S214037D000324012404268EE7BD4215D298F80030DA
S214037D10FF2B0CBF01230133EC18BC42CCBF03245A
S214037D200124EFE70124042600237CE73446B4E766
S214037D300224C0E70224CDE70324E3E70E9A02EB0E
S214037D400B0014B142F80B807DE7324641460093A0
S214037D50E3F786FC009B76E702204CE710B5144653
S214037D6086B018811A460A9B0291CDE90343012384
S214037D700193099B014600930320BDF82030DDF7ED
S214037D8075F906B010BD1FB500240294079C019434
S214037D90BDF818400094FFF7E1FF04B010BD2DE9CD
S214037DA0F0410E461746054686B098B391B38AB39C
S214037DB04FF0000802A95FFA88F001F050FA044673
S214037DC040B99DF80830032B08D008F10108B8F134
S214037DD0200FEFD1204606B0BDE8F0819DF80920BC
S214037DE02B799A42F1D1BDF80A206B889A42ECD1DE
S214037DF09DF80C30BDF80D006B7128812B4622468A
S214037E004FF6FF71CDE90067FFF7BDFF0028DCD012
S214037E100446DFE72124DDE710B586B00A9C049408
S214037E209DF824400394BDF8204002940124CDE934
S214037E30003413460A4601460620DDF717F906B056
S214037E4010BD1FB504460846194600230094CDE925
S214037E500123079BBDF81820FFF7DEFF04B010BD13
S214037E60F0B5022805460E4614461F468BB00AD1C7
S214037E7006A9F0B201F0F3F998B99DF81930237109
S214037E809DF81C306371119B224604930023CDE9B1
S214037E9002330193109B3146009328463B46DDF799
S214037EA0E5F80BB0F0BD13B500240194049C0094D0
S214037EB0FFF7D6FF02B010BD2DE9F045064688460B
S214037EC014469A46002701258BB006A9F8B201F09E
S214037ED0C6F920BB9DF81830012B19D19DF819203F
S214037EE033799A4214D1BDF81A2073889A420FD177
S214037EF09DF81C3032467371B9B2CDE9030ACDE959
S214037F000100434602200094DDF7B0F8054610B999
S214037F100137202FD9D128460BB0BDE8F08505469A
S214037F20F9E70023FFF7C8BF10B50446DDF77CFE6C
S214037F300021631E04F10F0213F8010FFF2808BF88
S214037F4019709342F8D10023237410BD00207047A4
S214037F5070B506461D46DDF7DBFC044608B921204E
S214037F6070BD3046DDF7A2FF0028F8D0A0682A4689
S214037F70FF21FFF722F89DF81030002063719DF86B
S214037F801430A371ECE713B59DF81040CDE9003427
S214037F9013460122FFF7DCFF02B010BD08B5DDF77C
S214037FA0B7FC28B18068FF21FFF718F8002008BD4A
S214037FB02120FCE70122FFF7F1BF1FB50B466A46F7
S214037FC00146184601F041F96A460823002032F8B4
S214037FD0021B013B13F0FF0380EA0100F7D10128DF
S214037FE038BF012080B205B05DF804FB2DE9F04FE1
S214037FF087B0DDE9109B05468846484619461F4666
S2140380001446BDF848609DF84CA0FFF7D6FF042D34
S2140380100346ABF800001AD8022D1DD9042D07D04D
S2140380204FF2F222A188914222D1E28891071FD50E
S214038030E17A0022CDE9013720463346CDE90392A3
S214038040CDF800A001F056F907B0BDE8F08F6A1F1F
S214038050012A11D92120F7E700224146CDE91192E2
S21403806028462246109707B0BDE8F04F01F051B9F5
S2140380704FF6FF760C21DCE7052D0ED10023E17ABF
S2140380800022CDE90137CDE90392009123465246FB
S2140380904146304601F021F9D6E74FF2F222A18895
S2140380A0914204D1E288920701D5E17AE8E74FF6D8
S2140380B0FF760C21E4E7F0B585B00546DDF7E8F872
S2140380C048B16B88B3F5006F05D1681D05B0BDE8F0
S2140380D0F04000F0EFBC284600F003FD0446C8B9A4
S2140380E0E7B26946384601F0BAF878B99DF80060F9
S2140380F066B92946384601F0B6F820B140F604437F
S214038100984207D08C26304605B0F0BD0134202CAB
S214038110E6D1F7E78D26F6E7DDF7A0BA2DE9FF47A8
S21403812004460D460146184617461E46BDF83080DF
S2140381309DF83490DDF838A0D8F72CF8D0B921464E
S214038140284601F036F933463A4629462046CDE915
S214038150019ACDF80080DDF725FB33463A462946DB
S2140381602046CDE90D9ACDF8308004B0BDE8F0473F
S21403817002F02BB804B0BDE8F087DDF7BDBCDDF731
S21403818075BCDDF799BC10B5044601F01EF908224C
S21403819001462046BDE81040E3F724B901F017B9BD
S2140381A0002101F014B901F026B900207047202001
S2140381B07047EAF7AFBFEAF7F9BFEDF79BBC704726
S2140381C0DDF7E6BD70B506460C46154600F04CF8DE
S2140381D050B13CB135B1204600F0D8FC013080B236
S2140381E0A84200D9002070BD304600F043F840B1E5
S2140381F0002CF7D0012DF5D9204600F0CCFC023038
S214038200EDE73046DDF724FDEAE7F8B5BDF818508C
S21403821010B3967855B9D478A6F14107012F07D83D
S214038220621ED2B200F0D1FD0020F8BD2C46F3E763
S214038230433E012E04D8A21E92B200F0DEFDF3E701
S214038240D27813B90DB1AA4206D811B9E3F778F874
S214038250EAE7E3F7C7F8E7E78920E6E741380328C4
S2140382608CBF002001207047413801288CBF0020B6
S21403827001207047433801288CBF00200120704737
S21403828000207047002070470388B3F57C4F01D366
S214038290FFF7F8BF0846FFF7F3BF10B54A88048810
S2140382A0A2420DD1037B0C79234009D0B2F57C4F53
S2140382B008D3FFF7E7FF0B891B1A5842584110BD36
S2140382C00020FCE70120FAE738B50D88D488A542DC
S2140382D00AD10388B3F57C4F08D2FFF7D5FF13897D
S2140382E01B1A5842584138BD0020FCE70120FAE724
S2140382F02DE9F04715460446B8B149B1EAB1002660
S2140383004FF0140AB04690F80490F3B2994501D89A
S21403831000240AE027680AFB06773846FFF7BDFF06
S214038320013628B13C46A5F800802046BDE8F08714
S2140383307B8943441FFA83F8E7E71446F5E72DE9FC
S214038340F0470E4615460446B8B149B112B30027A6
S2140383504FF00C0AB846B0F80890BBB2994501D85E
S21403836000240AE06368324620460AFB0731FFF71B
S214038370ABFF28B10C46A5F800802046BDE8F08781
S2140383800B79013713F0300F02BFCB7843441FFA43
S21403839083F8E2E71446F0E72DE9F04186B00D4690
S2140383A01446984604AA05AB03A90646DDF726FD40
S2140383B040B30DB1049B2B6034B3049D0398294648
S2140383C0FFF762FF2B88074602467188307800F075
S2140383D050FBD8B1297911F010030BD0EB782A465D
S2140383E0CDE900433B4671883078FCF7E6FA06B0E1
S2140383F0BDE8F0812A4620460599CDF80080FFF7B0
S21403840004FFF4E78620F2E72046F0E77E20EEE757
S2140384101FB51C460023ADF80A20BDF818208DF8BA
S2140384200400ADF80610ADF80C2069461A4601A8FC
S21403843000938DF80840FFF7AFFF009804B010BD17
S214038440F0B587B00E4605AB04AA03A90446DDF7CC
S214038450D5FC08B3049D03982946FFF715FF2B8820
S214038460074602466188207800F005FBB0B12979FB
S21403847011F0100108D000963B462A466188207802
S214038480CDF7CCFF07B0F0BD009101232A46314655
S2140384900598FFF7BAFEF5E78620F3E77E20F1E7B7
S2140384A02DE9F041064600254FF014080779E8B297
S2140384B0874201D800241AE008FB05F0D6F800C06E
S2140384C00CEB00043CF8000081421AD132B1802A3A
S2140384D010D194F90CC0BCF1000F12DAB0F57C4F42
S2140384E005D32046FFF7CEFE834200D04BB9204685
S2140384F0BDE8F081402A04D194F80CC01CF0400F6C
S214038500ECD10135D3E70121DDF7B4BB08B513463B
S2140385100022DDF7DDFC003818BF012008BD08B5D2
S21403852013464022DDF7D4FC003818BF012008BDEF
S21403853008B513468022DDF7CBFC003818BF0120B0
S21403854008BD08B540220023DDF7C2FC003818BF7B
S214038550012008BD08B580220023DDF7B9FC0038EA
S21403856018BF012008BD0023DDF7B2BC0021DDF7EC
S2140385701FBD10B504460121DDF71AFD2046BDE8F0
S214038580104001F056BE7047F8B516461F469DF8D4
S2140385901820BDF81C300546DDF79AFC78B1042197
S2140385A0DDF784FD044650B1284600F010FB3A463A
S2140385B031462846A047BDE8F84000F0FCBAF8BDAF
S2140385C02DE9F74F1E46DDE90C9B07468846144601
S2140385D0BDF838302AB3B9F1000F22D00EB392F8A3
S2140385E004A099F80020504612F0080F0CBF802212
S2140385F040226188DDF76CFC98B10821DDF756FD53
S214038600054670B1504600F0E2FA3346224641462C
S2140386103846CDE9009BA84703B0BDE8F04F00F00D
S214038620CABA03B0BDE8F08FF8B5BDF818701646A1
S2140386301A463B460446DDF74BFCE0B177B9022108
S214038640DDF734FD0546B0B1204600F0C0FA3146EA
S2140386502046A847BDE8F84000F0ADBA1021DDF784
S21403866025FD054638B1204600F0B1FA3A463146B4
S2140386702046A847EEE7F8BD73B5BDF81840164682
S2140386801A4623460546DDF723FCB8B1C4B92021B4
S214038690DDF70CFD044670B1284600F098FA099BF6
S2140386A03146009328469DF820309DF81C20A047AD
S2140386B0044600F080FA204602B070BD8624FAE72E
S2140386C00024F8E72DE9F04186680446007800F0B8
S2140386D07EFA002514273279EBB29A4203D8BDE816
S2140386E0F04100F068BA7B4332682078D15A02EB37
S2140386F0030800F0C2F901214046DDF7D7FC034624
S21403870008B1207898470135E5E72DE9F04F1C4678
S21403871089B09DF84C30BDF8488001939DF85030E1
S214038720924602932246434607460D46DDF7D0FBA4
S2140387308DF814700646ADF816508DF81840ADF84F
S2140387401AA0ADF81C8018B9012009B0BDE8F08F57
S21403875005A9FFF7A2FD0028F6D000252F46A84658
S2140387602C4634E00C231FFA85F903FB09F93188FC
S2140387707368B1F57C4F33F8092003EB090B1AD362
S21403878033F8090050452CD3019BA3422DD900F0A2
S214038790BAF99BF80200DEF735F9029B43B19BF862
S2140387A0043013F0010F0CBF05200720DEF72AF96B
S2140387B00134A4B219E0ADF81A205946304605AA8A
S2140387C00393FFF781FD039B0028D9D10135328936
S2140387D0ABB29A42C6D804EB0800C31B58425841B2
S2140387E0B3E708F101081FFA88F80137BFB2EDE7CF
S2140387F010B5012488B006949DF83C4005949DF876
S214038800384004949DF8344003949DF83040029415
S2140388100B9C0194BDF828400094DDF78BFD08B04F
S21403882010BD2DE9F04786B0BDF83880DDF83C90E2
S2140388309DF840A0CDF80080CDE9019A04460D4688
S21403884016461F4600F013F9B8B1431EDBB2012BE0
S21403885010D800230122811E48424841CDE9043244
S214038860CDE902A03B46324629462046CDE900899B
S214038870FFF7BEFF06B0BDE8F0870120FAE730B584
S2140388800024012587B0CDE9044503959DF82C50B7
S21403889002950A9DCDE90045FFF7AAFF07B030BD54
S2140388A030B50024012587B0CDE9044503959DF82E
S2140388B028500094CDE901354023FFF799FF07B010
S2140388C030BD10B5012486B0CDE9044400240394DA
S2140388D09DF828400294099C0194BDF8204000941A
S2140388E0FFF786FF06B010BD1FB5089C03949DF8DE
S2140388F01C400294069C019400240094DDF716FEA7
S21403890004B010BD70472DE9F84F02290746884684
S2140389100C9D04D84FF0000A5046BDE8F88F1BB1F3
S2140389200429F7D942F004023A702BB303247B7070
S2140389301B0ABB70DFF710F94FF000099DF82830CB
S214038940385504F1020A01343B550B9A5FFA89F352
S214038950D45C002CE0D0732C10D82E464C2C56F842
S21403896004BB3DD0532C15D0622C45D1AC8805F101
S214038970080600231A4616E00124DBE7A4F1750374
S214038980032BC7D8763C2E1D022C52D8DFE804F002
S214038990565A58006A6805F1080694B2D2B2B2F184
S2140389A0FF0318BF01230AEB040119448845B1DB12
S2140389B050461946002947D153441FFA83FA5CB13F
S2140389C0BBF1000FA6D0224607EB0A005946E2F792
S2140389D047FE54441FFA84FA354609F10109B4E701
S2140389E04FF6FF736A6805F1080694B222469C4266
S2140389F014BF02230023D6E76C2C05D1584600F09B
S214038A00CAF8841CA4B2B4E7732C04D1584600F009
S214038A10BDF8441CF6E7A4F13003DAB2092A01D8FC
S214038A209CB2A6E7A4F14103062B3FF673AF373C8F
S214038A30E8E7012300242A68A346B4E70223F9E7FC
S214038A400323F7E70423F5E700F1010C01393A5451
S214038A50C9B2120A1FFA8CF0ACE70020DDF75ABF42
S214038A600022DDF777BF0023DDF78ABF70470120BA
S214038A7070470120704701207047704700207047F9
S214038A800020704700207047002070470020704782
S214038A900020704770470E20704700207047002064
S214038AA0704700207047002070477047FF207047CC
S214038AB00E20704784207047704770470020704729
S214038AC00020704700207047002070470020704742
S214038AD0002070470020704770470E207047002024
S214038AE070470020704770470020704770477047F4
S214038AF0704770470E2070477047002070478120EC
S214038B0070477047704738B50546C0B2DDF77AFF41
S214038B100446280ADDF776FF14B1002808BF0024B0
S214038B20204638BDF8B50546C0B2DDF76BFF0446F0
S214038B30C5F30720DDF766FF0746C5F30740DDF7F5
S214038B4061FF0646280EDDF75DFF24B12FB136B16F
S214038B50002808BF00242046F8BD3C46FBE7344601
S214038B60F9E710B4CC18944203DC5DF8044BFFF726
S214038B7021B800205DF8044B70470423FFF7F1BFCC
S214038B8008B50223FFF7EDFF80B208BD0078FF2883
S214038B9008BF0020704708B502220021FFF7F0FF48
S214038BA04FF6FF73984208BF002008BD003818BF71
S214038BB00120400070470020704708B5FFF7A3FC6C
S214038BC0FF284FF0FF3018BF0020C0B208BD08B51D
S214038BD0FFF7F3FFFF280CBF2120002008BDF8B5E0
S214038BE006460C4615461F4600F011F810B12544FC
S214038BF0AC4200D1F8BD3946304614F8012BDDF7F8
S214038C00F3FFF5E7014600220220DDF77DBF0120D2
S214038C10704737B50546DCF707FA044601950CB9E5
S214038C2081201CE0237823B12046DCF705FA0446AE
S214038C30F5E72B6862685B889A42F5D1A368EA7BFE
S214038C4099B272B12A8A9142EED16A7DB2EB134F82
S214038C50EAD10020E36801A998478128E4D003B04D
S214038C6030BD4FF6FF72EEE72DE9F84304460F4694
S214038C70904699460BB3012A1FD80C20E2F766FDEF
S214038C80064610B91920BDE8F8831020E2F75EFD0A
S214038C9018B93046E2F762FDF4E70123002547EAF8
S214038CA0084770600570C0F80C9044608760338096
S214038CB03046DCF7B1F92846E5E72120E3E738B587
S214038CC00446436808460D469847B4F90830002B17
S214038CD002DB2B78042B06D1002320466360BDE815
S214038CE03840DEF713BB38BD30B54FF48A5587B02E
S214038CF0ADF816200DF116041A46029543B100236B
S214038D000122CDE90033234600F01EFA07B030BD3A
S214038D10019401240094F7E7FFF7EBBEFFF7BDBE0F
S214038D200020704708B500F014FB20B900F05BFB89
S214038D3008B9DBF70FFBFFF7CFFEBDE80840FFF7E8
S214038D40DBBE0020DEF74ABF0021DEF7E7BF0022C6
S214038D50DEF7A6BF1FB5D2880B4612F0200F4FF6DC
S214038D60FD7114BF49245224ADF80610510544BFC3
S214038D70083CE4B2110544BF083CE4B2120444BF05
S214038D80023CE4B2032805D8DFE800F0020F161C05
S214038D90ADF80630BDF80600FFF788FEFF281CBFB7
S214038DA0241AE4B2204604B010BD02AA0DF106014F
S214038DB0D8B200F08CFAEDE7D8B200F052FAADF86C
S214038DC00600E7E7013CE4B2E4E7F8B506461746D3
S214038DD00D4681B10C78FF2C0BD00846FFF7D6FE64
S214038DE0B84228BF3846C4B22246691C701CE2F754
S214038DF0F9FA3470F8BD0C46FBE770B50446154621
S214038E000E4611B94170017070BD0B78FF2B05D16A
S214038E104B78FF2B02D103704370F5E73046FFF71C
S214038E20BAFEA84228BF284685B22A46B11CA01C13
S214038E30E2F7D8FA25702D0A6570E5E7F0B523B991
S214038E40013A531C2FD1002020E0042AFBD800232C
S214038E501C46551E6E1C1AD1042A10D00121D200BE
S214038E60501E01FA00F020421EBF914049420C43B7
S214038E7018421EBF4FF0FF3101FA02F213439C4221
S214038E801EDCB4BF4FF0FF30002040B2F0BD40B14F
S214038E90465DEF00BE4034434E5D013DBE40334366
S214038EA0D8E70646F5E78C5C38B90346A34202F1D9
S214038EB0FF32C6D24FF0FF30E8E7835CA342F5D912
S214038EC00120E3E7283807288CBF002001207047DD
S214038ED01D2810D004D840B11C2804D05520704754
S214038EE01E380128FAD81A2901E00B390F298CBF3E
S214038EF05520002070470829F9E700200021704715
S214038F00F7B59DF820400546082C104619469DF8EF
S214038F10246036D8002213462C44AC4208D106F00F
S214038F20FD04382C0ED10096FFF7E7FF03B0F0BD23
S214038F3014F8017D1B0243EA12631202BA1843F1C6
S214038F400003EAE7392E10D107EE100A07EE902A3F
S214038F50B4EEE77AF1EE10FACCBF77EE677A77EEE7
S214038F60C77A002117EE900AE0E7824273EB01040A
S214038F7003D2801A61EB0301D8E7101A63EB0101F1
S214038F80D4E700200146D1E738B5C3681446194430
S214038F90836853F821501AB12846E2F7CDF82070BB
S214038FA0284638BD2DE9F3411C4616460DF1070247
S214038FB09DF82050FFF7E8FF9DF807308046A34250
S214038FC088BF8DF807409DF807700DB1E41BE5B226
S214038FD02A4600213046E2F7B3F93A46414670196D
S214038FE0E2F700FA384602B0BDE8F0812DE9F34116
S214038FF01D46164601AA9DF82040FCF7E8FF019B94
S21403900080469D4238BF0195019F04B1EC1B224662
S21403901000213046E2F794F93A4641463019E2F722
S214039020E1F9F8B202B0BDE8F08173B50024154645
S21403903001AA1E460194FCF7CAFF019B072B0AD917
S2140390402146CCB216B1C4F10704E4B2425C013146
S21403905008292A55F5D1D8B202B070BD1FB5030A48
S2140390608DF80E300323009303AB8DF80D0000F04C
S214039070BBF805B05DF804FB1FB58DF80F1004218F
S214039080030A8DF80E30009103AB8DF80D0000F047
S214039090ABF805B05DF804FBF0B589B016689DF82B
S2140390A03C50CDF809608DF811305668BDF838305D
S2140390B0012D109FBDF84440CDF80D60ADF8123079
S2140390C08DF8145014D0032D19D13B68CDF8153004
S2140390D07B68CDF819309DF848308DF81D3016237F
S2140390E00093BDF84C2002AB00F07EF809B0F0BD4B
S2140390F08DF81540240A0F238DF81640F0E701205B
S214039100F4E71FB50446084611461A4602238DF8AF
S2140391100D100093214603AB00F066F804B010BDB3
S21403912010B514461A460B6886B0CDF80D304B685A
S2140391303421CDF811300A23009303AB8DF8154084
S21403914000F052F806B010BD2DE9F041B6B0144653
S2140391501D4606460F469DF8F080DFF703F803AA80
S2140391608DF80C001046330A8DF80F703F0A8DF801
S2140391700E308DF80D602B468DF810708DF811406B
S21403918005EB4405AB4202F102021FD16200D2B2E4
S214039190931DDBB23D99D8336B44073203F8CC8C6E
S2140391A001EB4805D3B250FA82F2A94202F1020259
S2140391B012D103EB4803009006213046BDF8F82091
S2140391C0DBB2DEF7D9FF36B0BDE8F08133F8021B19
S2140391D01171090A5171D5E731F8024B02F8024CB6
S2140391E0240A02F8014CE0E72DE9F0411C46054647
S2140391F00E4617469DF81880DEF7B4FF20704346E8
S2140392003A46314628460694BDE8F041DEF7B4BF39
S214039210002070477047D3F791BA08B5E9F778FA94
S214039220002840F6124018BF002008BD704770475C
S2140392307047704770477047704700207047704705
S2140392407047002070477047704702F066BFFEF70E
S21403925075B8FEF758B803F0D7BAF5F7B7BA03F000
S214039260C4BAF5F771BAF5F7D9BAF5F793BAFEF7B4
S21403927037B9FEF71DB910B49DF8044001945DF8A4
S214039280044BFEF710B8FEF764B8FEF771B8F1F7B3
S2140392905BB9F1F75FB9EEF7CBBCEEF7CFBCEAF7F5
S2140392A053BBFEF7B0B8FEF775B8FDF7C0BEFEF7C2
S2140392B098B8FEF784B830B4BDF808409DF80C5053
S2140392C0CDE9024530BCFDF7D1BEFDF76FBFF5F71C
S2140392D017BCDEF7A1BFF5F7DDBC70B49DF80C40F4
S2140392E0BDF810509DF814600394CDE9045670BC85
S2140392F0F2F744B970B49DF80C40BDF810509DF8D1
S21403930014600394CDE9045670BCF2F777B9F2F70C
S21403931061BA10B49DF8044001945DF8044BF2F76B
S214039320B1B910B49DF8044001945DF8044B01F004
S214039330BABF01F0BABFFDF77DBFFDF78DBFFEF7DD
S2140393401AB9FDF79EBFECF785BFEDF7DDBEEDF767
S214039350AFBEECF7A9BB02F051BBEDF761B902F063
S214039360A7BBEDF7EDBAECF751BEEDF7D3BEEDF7BD
S2140393704FBEEDF76BBEEBF713BAFEF7C6B8FEF7B4
S21403938061B8FEF774B8FEF781B800F036BC00F09B
S2140393902FBCF4F7D5B9F1F721BFF4F7AFB9F4F75B
S2140393A0D5BAF1F7EBBEEAF7BBBAF3F775BBFFF72F
S2140393B032BFFAF793BEFEF703B9FDF72CBFFEF7ED
S2140393C031B801F020BDDEF785BEEAF7D1BFEAF774
S2140393D07BBB01F0DCBF01F0B3BFEAF7C9BBEAF71A
S2140393E017BFEAF741BFEAF737BBDEF78FBEDEF7F4
S2140393F0A1BEDEF779BEEAF7D7BADEF77FBEF6F789
S214039400DDBA01F09BBF01F062BFEAF7D3BAEAF711
S21403941099BFEAF729BB10B4BDF8044001945DF880
S214039420044BFDF753BEDEF721BFDEF713BFF6F797
S21403943065B8F6F79DBA03F0FABA03F000BBF6F781
S214039440D5B8F6F7B5BA00F06DB900F0ABB900F0D1
S214039450D3B900F0B9BA00F029BB00F092BADFF72F
S2140394601DBC00F0F0B900F01DBA00F030B810B51E
S2140394701C4601F0ECFD06F034FA0023C0F340204E
S2140394802370400010BD002208B50B461146FFF7B7
S214039490EEFF023818BF012008BD00207047704752
S2140394A0B1FA81F040097047012070477047704752
S2140394B00020704770470020704770470E207047A3
S2140394C0012070477047012070470120704714221F
S2140394D00021E1F735BF704770B505460C468AB0E4
S2140394E0252200210DF10300E1F72AFF6B68CDF872
S2140394F01D30AB68CDF82130234601AC03F11006CE
S214039500224618685968083303C2B3421446F7D193
S21403951001236A7B8DF8023012F0040F0CBF4FF460
S21403952080734FF4A073110748BF43F48063ADF80C
S2140395300030930748BFBDF80030684644BF43F089
S2140395400803ADF80030F1F721FB0AB070BD30B563
S214039550427B0D46D10704468BB007D5407801A958
S214039560F1F77EFBD8B12D200BB030BD9307FAD5AB
S214039570C2F3800310074FEA8313ADF8023044BFEB
S21403958043F48063ADF80230BDF80220201D0AB113
S2140395900DF1020201A902F0DDFD0028E3D001ABC4
S2140395A003CB9DF81430A1602373BDF810306060C0
S2140395B0590642BF627B42F0040262735A0542BFF9
S2140395C0627B42F0080262731B0742BF637B43F071
S2140395D0020363732B4606AC0AAD224603CAAA42AD
S2140395E018605960144603F10803F6D10020BBE760
S2140395F0F0B504460D4693B0252200210DF1230055
S214039600E1F79EFE636804F1040CCDF83D30A368D1
S21403961009AECDF841302B4605F1100732461868DF
S2140396205968083303C2BB421646F7D105238DF8A3
S2140396302230637B5B0103F40073ADF8203063785C
S214039640FF2B1AD1002360461A4601A900F0D9F968
S2140396509DF80530FF2B0DD1002301A91A461846A5
S21403966000F0CFF99DF80530FF2B03D11C263046BA
S21403967013B0F0BD9DF8053063700020617808AA2A
S21403968000F0B4FA06460028F1D1607801A900F08C
S2140396903EFA2B4603AD2A4618685968083303C2B8
S2140396A0BB421546F7D1637B6078DB0648BF9DF85F
S2140396B01C3001A944BF63F07F038DF81C3000F013
S2140396C03DFAD4E710B504468AB02422002101A847
S2140396D0E1F736FE637B590744BF4022ADF81020FE
S2140396E01A0742BFBDF8102042F48062ADF810207E
S2140396F0DB070FD5607801A9F1F7B2FA10B12D2078
S2140397000AB010BD01AB03CB637B606043F002037A
S214039710A160637304A9201D02F01EFD0028EED08D
S2140397200020EDE71FB5694600F066F8002818BF6D
S2140397302D2005B05DF804FB73B50D4614460646AA
S214039740DEF7D4FE6B881A071AD522463146102058
S21403975002F0E3FC2046DEF7C9FE6B88D90717D56F
S2140397600023224601210DF107008DF80730DFF7AD
S2140397708FF96B88002B0CBF2120002002B070BD30
S214039780DE06EAD522460821281DDFF781F9E1E740
S2140397909A0701D50223E4E75B07EAD50323E0E74C
S2140397A00F2070471FB50C46694600F025F81022B7
S2140397B021466846E2F710F9B0FA80F0400904B093
S2140397C010BDB8B1B1B14388A3B90378013B082BE8
S2140397D010D8DFE803F00507090B0F0F0F0F0D0076
S2140397E0DFF758B8DFF7B2B8FFF776BEFFF700BF6C
S2140397F0DFF740BA2120704738B50D4609B300B3EA
S2140398000378013B082B1AD8DFE803F0050D101385
S214039810191919191600DFF775F80446284602F0D9
S21403982099FE204638BDDFF7B1F8F6E7FFF78FFE5F
S214039830F3E7DFF7E1F8F0E7DFF726FAEDE72124B1
S214039840ECE72124EDE770B586B0064601A80C4682
S2140398501546FFF73CFE04238DF804301CB1206840
S214039860616802AB03C3294601A88DF80560FFF7BC
S214039870A8FF06B070BD70B586B0044601A80D46B5
S2140398801646FFF724FE0323206861688DF804302C
S21403989002AB8DF8116003C3294601A8FFF791FFB9
S2140398A006B070BD0022FFF7E6BF30B585B00D46A3
S2140398B069460446FFF7A0FF20B92A4621466846B4
S2140398C0FFF73AFF05B030BD30B5437B044613F0CF
S2140398D001020D468BB007D0407801A9F1F7C0F915
S2140398E070B12D200BB030BD9B07FAD5ADF8022022
S2140398F001A90DF10202043002F02CFC0028F0D07E
S21403990000210E22A81CE1F71BFDBDF810302B80AA
S214039910039BAB60BDF81230AB819DF81430237304
S21403992001AB03CB6060A1600020DBE770B5437B2F
S2140399300446DB070E468AB003D42D2528460AB014
S21403994070BD6946407800F04DF905460028F4D10D
S214039950DDF81D300E226360DDF821300146A3607A
S214039960637BB01C43F002036373E1F7E9FCBDF8C5
S2140399700030069A43F004033380059BB26073609D
S214039980DCE70B4610B50446102200211846E1F723
S214039990D7FC2278032A09D0042A0DD0022A11D133
S2140399A001462046BDE81040DFF7D4B901462046FD
S2140399B0BDE81040FFF788BF01462046BDE81040CB
S2140399C0FFF7B4BF262010BDF8B5074608460C4679
S2140399D016461D46FFF77BFD04232370637B314643
S2140399E043F00103204667706373FFF705FF08B172
S2140399F02D20F8BD29462046FFF7C3FF0028F8D0E0
S214039A00F6E7F8B5054608460C461F461646FFF722
S214039A105EFD0423237025B108222946E018E1F7EA
S214039A20E1FC637B43F0020363734EB932460121C4
S214039A30284600F0E4F8FF28607007D12D20F8BD13
S214039A4031462046FFF7D8FE0028F7D1637B43F064
S214039A50010363730DB90020F1E7002FFBD03946ED
S214039A602046FFF78EFFF6E7F8B50C46074608468E
S214039A7016461D46FFF72BFD03232046394600F8FE
S214039A80043B0822E1F7AEFC637B314643F0020356
S214039A9020466373FFF7B0FE08B12D20F8BD2946B4
S214039AA02046FFF76EFF0028F8D0F6E7F8B507461E
S214039AB008460C4616461D46FFF709FD032323708A
S214039AC0637B314643F00103204667706373FFF7F9
S214039AD093FE08B12D20F8BD29462046FFF751FF17
S214039AE00028F8D0F6E718B18022012100F087B8E5
S214039AF0FF207047002307B51A4619460093F2F76E
S214039B00FFFDB0FA80F0400903B05DF804FB0B4696
S214039B1010B519220446FF211846E1F711FC7E2CE6
S214039B2001468CBF04F5C43004F583304FF01902A8
S214039B30BDE8104088BFAD30D3F796BA7E2888BFFD
S214039B4000F5C4304FF0190294BF00F58330AD30F2
S214039B50D3F7B6BA30B589B00D46FFF7C4FFFF2872
S214039B6004460DD001A9FFF7D2FF2868696801AB48
S214039B7003C3204601A9FFF7E1FF002009B030BD6B
S214039B802D20FBE7704770470020704770470F2073
S214039B90704770479DF8000070470F2070470F20EE
S214039BA07047002070470F20704700207047002042
S214039BB0704784B08DE80F00002004B07047002083
S214039BC07047704770470020704770470020704703
S214039BD07047002070470120704770470020704789
S214039BE0012070470E207047FF2070470E207047F5
S214039BF00E2070470020704770470E207047FF20E6
S214039C00704770477047002070477047704770472B
S214039C1000207047704700207047002070470020E0
S214039C2070477047704700207047704700207047A2
S214039C300020704770470020704710B50024E3B239
S214039C4010B9C3F10303DBB20134042CCA544FEA40
S214039C501222F4D110BD10B50B784C788A78C978E7
S214039C6028B910462246044608461946034642EAE1
S214039C70012043EA042343EA004010BD7047DFF7A0
S214039C801DB908B5CDF78CFE002814BF862000202A
S214039C9008BD08B5CEF754F8003818BF012008BD34
S214039CA008B5CEF70DF8003818BF012008BD08B573
S214039CB0CEF792F8003818BF012008BD08B5DFF7C5
S214039CC0DDF9BDE80840DFF78BB970B504460D46ED
S214039CD01646DFF7D3F90420DFF774F93246294630
S214039CE02046FFF7DDFF04460220DFF76BF9204628
S214039CF070BD08B5DFF7C2F9BDE80840CDF7C4BFAD
S214039D00DFF7F4BCDFF7D4BC08B5DFF7D1FC20B12E
S214039D10BDE808400020DFF709BE112008BD10B5D6
S214039D20044608B1DFF7E4FE2046BDE81040FCF722
S214039D304EBF10B50446006A10B1616AFFF7EFFF25
S214039D400020C4E9080010BD38B50546FFF7F1FF4B
S214039D502B7E0446012B0ED0023B012B0ED8EB695B
S214039D60012B18BF6FF09604282200212846E1F73E
S214039D70E7FA204638BDEB69002BF2E76FF096044E
S214039D80F2E718220021E1F7DBBA70472DE9F84F16
S214039D909846DDE90B490D9B15469A0706460F467E
S214039DA023D02A460A9B03EB040A1444A24220D17A
S214039DB00D9B9B0705D5A2EB050AD14505EB0A04C7
S214039DC020D82046BDE8F88F434639462020B047C2
S214039DD00AF1010ACA450AEB0B02F5D3A9EB040202
S214039DE04C4588BF00222A44DCE7A246A5EB040BB9
S214039DF0F0E702F1010B434639461AF8010DB04766
S214039E005A46D3E74346224639462020B0470AF14E
S214039E10010AD2E72DE9F047DDE90D7616F0020FC9
S214039E209DF82880DDE90854DDE90BCE1FD106F046
S214039E3001094FB1B9F1000F06D0B8F1000F02D1F6
S214039E4016F00C0F00D0013F4FF0300A04E0202C30
S214039E5004D005F804A001347445F8D3B9F1000F13
S214039E6005D04FF03009A74201D9202C2DD116F08A
S214039E70100F1FD016F4806F2CD15CB3744501D03D
S214039E80BC4227D1B4F1010E23D0BCF1100F46D14A
S214039E90023C16F0200F28D1202C28D04FF0780C47
S214039EA005F804C00134202C21D04FF0300C05F8FF
S214039EB004C00134202C1AD0B8F1000F23D04FF081
S214039EC02D0C05F804C0013412E005F804900134A3
S214039ED0C9E77446BCF1100FDBD0BCF1020FE2D128
S214039EE0202C04D04FF0620CDAE7202C08D1202473
S214039EF0CDE90A76CDE90854BDE8F047FFF746BF3B
S214039F004FF0580CCCE716F0040F02D04FF02B0C92
S214039F10D7E716F0080FEBD04FF0200CD1E7BCF1D3
S214039F20020F7446C1D1DDE72DE9F04391B0189DC9
S214039F301A9E1D9F0DB927F010077C0500D515B393
S214039F4017F0200F14BF4FF0410E4FF0610EAC46D2
S214039F5000250DF12008AEF10A0EBCFBF6F906FB50
S214039F6019C95FFA89F4B9F1090F94BF3034744400
S214039F70E4B2B44508F8014B05F10105BCFBF6F461
S214039F8001D3202D10D11C9C069705941B9CCDE96C
S214039F9003649DF86440CDE9015408AC0094FFF7D0
S214039FA039FF11B0BDE8F083A446D6E72DE9F04F9C
S214039FB095B0269ECDE90A23DDE91E74DDE9229BD2
S214039FC057EA040308BF26F010067205CDE9080118
S214039FD002D557EA040337D016F0200F14BF4123E7
S214039FE0612300250DF1300AA3F10A0821464A46EB
S214039FF05B463846E0F738FED2B2092A94BF3032C1
S21403A00042444F45D2B274EB0B0405F101050AF83E
S21403A010012B01D3202D14D1259B06960593249B53
S21403A020DDE90801CDE903939DF88030CDE90153BE
S21403A0300CAB0093DDE90A23FFF7ECFE15B0BDE891
S21403A040F08F07460C46D1E70025E5E708B100F098
S21403A05014B8704710B1D1E900311847704738B5C6
S21403A060441E14F8015F25B90A2000F006F82846B6
S21403A07038BD284600F001F8F3E701460020FCF758
S21403A08079BB70477047E9F75FB8704708B5FCF7C8
S21403A09042FBCDF785FCBDE80840CFF795BD70477A
S21403A0A008B5CDF7C5FFFAF7DCFFBDE80840DEF7D5
S21403A0B0E5BF08B5FBF7FEFEDFF74EFDFBF7D8FD61
S21403A0C0E0F7ECF8E0F7D8F8E0F75AF8BDE8084010
S21403A0D0D2F7A4BF08B5D0F7BBFFFBF7B8FDD0F7A0
S21403A0E0C3FFFBF7B6FDD5F7ABF9D5F751FAD5F7AE
S21403A0F059FBBDE80840D5F777BA70477047E0F7D5
S21403A10065B808B5FCF752FFBDE80840FCF776BF14
S21403A110704707B500220346114601200092D4F784
S21403A12009FB03B05DF804FB07B500920B46027DFE
S21403A13081898068FDF74EFD003818BF0120C001F5
S21403A14003B05DF804FB08B50020DBF701FC002034
S21403A150DDF792F90020D5F7CDFE0020D6F7BAF941
S21403A1600020D6F7E3FE0020D9F712FA0020D9F72D
S21403A1707DFF0020DAF772FDBDE808400020DAF71D
S21403A1805DBE08B50120FDF73CFABDE80840012096
S21403A190D6F7A0B908B50220DBF7CEFC0220DAF723
S21403A1A067FE0220DDF776FC0220FFF7ABFD0220F8
S21403A1B0FDF792FC0220D9F759FFBDE808400220BC
S21403A1C0DBF75AB97047FDF7A7BF7047704770476C
S21403A1D07047704770477047704710B50446DBF703
S21403A1E065F82046D7F7B4F92046D8F707F920468E
S21403A1F0BDE81040FDF7A3BCFDF7BEBCFDF7C8BC29
S21403A200DAF736BD70477047704770477047704738
S21403A210704770477047704705F029BB7047704713
S21403A220DAF7C0BD7047704770477047704770478E
S21403A23070477047CCF744B8FEF748BC7047002019
S21403A2407047FEF745BCFEF74FBC7047431E012B15
S21403A25003D9031F5842584170470120704700F046
S21403A26021BC4FF4D0720021E1F76AB870B50446FA
S21403A270E3F73EF90546A8B9A169F1B1238AD3B13C
S21403A280204604F11002E2F7E1FF38BBE16919B397
S21403A290638AA3B1204604F1120200F0CAFA78B129
S21403A2A0054603E00023A3612361E36100232846F8
S21403A2B06361236270BDA061E8E72082E6E7E3619D
S21403A2C0216A0029F2D0A28A002AEFD02046E38A28
S21403A2D0BDE8704000F06FBA6182F1E76582E56120
S21403A2E0DEE711B9D0F8DC1021B1CB6813B18B6867
S21403A2F0D88970474FF6FF707047E2F7DDB910B59F
S21403A3000C461146E2F7FEF9E3F72CFC012801D1CF
S21403A310002010BD002CF7D10520FAE700F0CFB9D6
S21403A32000F0E3B970B500232425D0F8DC00C46838
S21403A3309C4201D1212070BD826805FB0322D68989
S21403A3408E4202D8128A8A4201D20133F0E70020F5
S21403A350F1E7F8B506460D46E1F74AFCD8B94FF6DD
S21403A360FF734FF0240CEF68C1B28F4208D81C4627
S21403A37021463046E1F7F2FD00F09AFB2046F8BD91
S21403A380AA680CFB0122D4899C4202D2002CEFD08F
S21403A39023460130E8E70024F0E7C08D70470A78CB
S21403A3A038B505461046FFF751FF60B14C78204696
S21403A3B0FFF74CFF38B12243530704D42846BDE8C1
S21403A3C03840E2F7EBBB212038BD10B504460878C9
S21403A3D0FFF73CFF58B14A781046FFF737FF30B116
S21403A3E0042A04D02046BDE81040E2F7F5BB21203E
S21403A3F010BD00F0E8B8E2F757BF084600F008BB08
S21403A400E2F796BA38B504460D4600F08EF850B11A
S21403A41029462046E1F7A2FD30B929462046BDE885
S21403A4203840E2F74DBA0E2038BD70B516460C46D6
S21403A43005F077F8314605462046E5F72FFC044637
S21403A440284605F069F8204670BD00F032B970B5AD
S21403A450044600200E4600F027FBD4F8F0503DB12A
S21403A460002331462046AC46BDE870401A46604796
S21403A4702B46012231462046E2F7BAFC284670BD39
S21403A48038B5044648880D4600F00EFBD4F8F03085
S21403A4902BB929462046BDE83840E2F7B7BB022071
S21403A4A038BD00F003BB00F03CB9E2F7D7B8E4F7D9
S21403A4B0CFBB70B5BDF81060054606B16BB133442B
S21403A4C028469BB200F077F9044620B91EB1314600
S21403A4D0284600F0ABF9204670BD2124FBE7E3F7DE
S21403A4E03DBFC0F8EC1000207047E2F7C9BD00F08E
S21403A4F05EB910B4BDF8044001945DF8044B00F057
S21403A5009FB80B4610B514461846A1689288E1F723
S21403A510A7F8E168034631B1A0886288121A92B29E
S21403A5201844E1F79DF8002010BD0346408A18B191
S21403A530188A003818BF012070470846E4F794BC11
S21403A54000F0ECBA00F0EABAE4F7A0BE084708B594
S21403A550E2F7CCF8C0B208BD022A01D800F0E2B98F
S21403A56021207047022A01D800F0EDB92120704758
S21403A570022A01D800F0F9B921207047E3F7E0BBBF
S21403A5800846E3F7FBBB00F018BA0020704700202C
S21403A59070477047D0F8943003F06003402B0DD01B
S21403A5A0602B03D0203B58425841704749B10B6893
S21403A5B0012B06D9486940F00100704740F20110AC
S21403A5C0704700207047F7B504461046D4E954C7D1
S21403A5D0DDE908268CEA020587EA060105401940EC
S21403A5E085EA0C057940C4E95451002523F400415B
S21403A5F006EA010320F0010043F40073024043F02F
S21403A6000203CDE90055E6F713FA94F824309A07C7
S21403A61013D5D4F854319B050FD54FF48811204633
S21403A62000F058FB94F82430024665F3410384F89F
S21403A630243020460B46E2F72DF8002003B0F0BD89
S21403A640F0B587B01C461746BDF830601AB900242B
S21403A650204607B0F0BD002BF9D00029F7D001AA99
S21403A660E3F77CFE0028F2D0BDF80630A2199A4222
S21403A670BDF80850C4BF9B1B9CB2B54212D90399C0
S21403A680AD1BADB23144A5420391ADF808500DD2CF
S21403A6902A463846E0F7E4FF0499621B7819E0F788
S21403A6A0DFFFD5E70499761B3144049122463846EA
S21403A6B0F5E70846E5F792BA0220E4F7DDBD08B5EC
S21403A6C0D0F8E4304BB11A68022A06D993F825204D
S21403A6D04AB1186AB0FBF2F008BD4FF446624C214B
S21403A6E00020E1F79DFC0020F6E7D0F8E42008B54B
S21403A6F07AB11368022B0CD9536A13F47F4FC3F352
S21403A700072106D0126ADBB253438B42B3FBF1F048
S21403A71006D2002040F67F424C21E1F781FC002060
S21403A72008BD0346D0F830010860B3F83431002082
S21403A7308B80704790F830310C2B14BF90F82B00A9
S21403A740FF20704738B50C464FF400610546E7F71F
S21403A75013FA70B17CB195F81E3173B94FF4807259
S21403A7604FF480712846E7F7F3F9003818BF012045
S21403A77038BD2202F4E72246F2E70020F8E74FF45A
S21403A7808071E7F7F9B908B54A024FF40071E7F7A5
S21403A790DFF9002008BD08B58A024FF48061E7F7A9
S21403A7A0D7F9002008BD4FF40071E7F7E5B9062393
S21403A7B000208B717047B2F5805FF8B50F460646EA
S21403A7C0154619462ED89A422CD33F2A26D9B2FAD2
S21403A7D082F40122C4F11F03DBB29A4092B2AA426A
S21403A7E02CBFC4F11904C4F11A04E2B20124931D68
S21403A7F0DBB29C40A4B2AC4212D096F8F5309BB9BB
S21403A800012096F8243060F3C71386F824303846C0
S21403A810E3F7B8FB00203762B582F8BD0022ECE709
S21403A8200020EEE72120F8E70E20F6E70846E3F7D8
S21403A830C9BB70B505460E46144602B313883F2BB4
S21403A8401DD9B3FA83F3C3F11901C9B2062901D896
S21403A850192B12D0062928BF062101238A1DD2B23E
S21403A860934030462380E3F7B5FB23882846EE6102
S21403A8706B82E3F739FC002070BD0021EDE7212051
S21403A880FAE710B5144608460121E5F77DF8204699
S21403A890BDE810400121E5F777B8F8B504460E4643
S21403A8A0174604F03EFE3A46054631462046E5F78F
S21403A8B029FB0446284604F02FFE2046F8BD022056
S21403A8C0704703207047E4F7CFBC10B50023E2F7C8
S21403A8D04FFF044608B9E6F7C9FA204610BD70478D
S21403A8E070B505460E46144600F0E3F83146284692
S21403A8F0FFF72FFD00F0DDF8230704D50B2C9CBFD4
S21403A90024F00804A4B221462846E1F7F5FE002207
S21403A9104FF400312846E7F71BF9002070BD80216D
S21403A920E7F72AB97FB5531C05AAADF814100292AF
S21403A93002210022DBB2CDE900211146E7F726F912
S21403A94007B05DF804FB7FB5531C05AAADF81410D9
S21403A950029204210222DBB2CDE90021002201216A
S21403A960E7F714F907B05DF804FB1FB5531C029113
S21403A97000220821CDE900210122DBB21146E7F7C8
S21403A98005F905B05DF804FB07B591F82830009388
S21403A99091F82B3091F8292091F82A10E3F796F9CD
S21403A9A003B05DF804FB10B50446E1F79FFE0146CD
S21403A9B02046BDE81040E1F79FBE002914BF2120C2
S21403A9C00020704738B5054610460C46E3F704FAF0
S21403A9D0D5B1D5F8E030BBB15B69ABB1421ED2B29C
S21403A9E0FD2A13D90A68013204BF6FF001020A6018
S21403A9F00A68FF281A6007D16268013202D16FF035
S21403AA000102626062685A60002038BD0128F2E7DE
S21403AA1038B50546E5F79EFA04460021A878E3F71D
S21403AA2043FA204638BD2DE9F74F01251C469DF80D
S21403AA303030064601930368174603F007030633D0
S21403AA409D4005F1FF380B46A1B1416804EA080BA7
S21403AA50A5EB0B0A41F00059524509EB0B0114D93B
S21403AA6052461846E0F7FCFD49467A1B5A445044C2
S21403AA70E0F7F6FD019B2BB13C4448EA050804EADF
S21403AA800804F46003B0BDE8F08F1846F0E737B566
S21403AA90002514460095FFF7C6FF204603B030BDD9
S21403AAA0E3F716B800207047002070470020704771
S21403AAB07047704730B549000446056812B102294D
S21403AAC01FD90339C90395B9E1B1B1FA81F3C3F1CB
S21403AAD02003C3F10F00012838BF012003F01F0332
S21403AAE0D940A94201D901384908216030BDB5FAD9
S21403AAF085F339B1B1FA81F29B1A002BE9DC0F20FA
S21403AB00EFE700210F20F0E7012805D9023818BF28
S21403AB104FF0FF30C0B270470120704708B5E4F726
S21403AB20FDFCBDE80840E4F721BD38B50446FFF751
S21403AB30F5FF0546FFF7F2FF431BA342FAD338BDE2
S21403AB4038B50D460446E4F7E9FC35B1844200D92E
S21403AB500139204601F0030138BD844238BF013174
S21403AB60F7E708B50121FFF7EBFFBDE80840E4F778
S21403AB70FDBC0B0C23F48053B3F5284FF7B50D46F5
S21403AB808FB2064699B216D04AF60103994214D0FC
S21403AB904AF60203994212D0B1F5204F14BF04249B
S21403ABA00324D6F8E0300BB1196851B9D6F8DC3077
S21403ABB093B928680EE00024F3E70124F1E70224A2
S21403ABC0EFE7234668463A46E4F72CFDDDE9000343
S21403ABD0002BEBD103B0F0BD19680029E9D023465A
S21403ABE068463A46E4F71EFDDDE90003002BE0D194
S21403ABF0F0E702F06FBD0204C0F3891307D56FEACE
S21403AC0083536FEA935313F5007F18B206D0A3F16C
S21403AC10C8006FF4FF739842B8BF184670474FF0EA
S21403AC20384359699A6903F500530A405A617047D5
S21403AC300E207047E6F70EBBE6F70CBBE6F70ABB3B
S21403AC40E6F708BB08B50846E6F72AFF08BDE6F7A9
S21403AC5001BB022070470220704700207047012086
S21403AC607047002070470E20704700207047E2F7B9
S21403AC7079BF084611460122FFF741BB70B505466A
S21403AC800C4611461A46E6F7BDFF06682B462046D5
S21403AC90B446BDE87040604710B5E6F7B3FFBDE8BD
S21403ACA0104083681847FFF710BEE2F783BEFFF72E
S21403ACB0A9BBE2F78DBB70B504460D4616464FF4A6
S21403ACC0881100F01CF8324629462046BDE870403D
S21403ACD0E3F7A2B838B505460C4604F022FCD5F8CF
S21403ACE090301C40D5F88C302343C5F88C3004F0E4
S21403ACF013FC211E18BF01210020490238BD38B5B8
S21403AD0004460D4604F00DFCD4F890301D40D4F8EC
S21403AD108C3023EA0505C4F88C5004F0FDFB284666
S21403AD2038BD38B504460D464FF48811FFF7E7FFE4
S21403AD3029462046BDE83840E3F796B873B50D7844
S21403AD4006460C4635B304238DF804302379304683
S21403AD5001A98DF80530FFF738FB0546B8B9227808
S21403AD60A37952BB8DF80430E379304601A98DF8F8
S21403AD700530FFF714FB054648B923783BB16188D5
S21403AD803046E2F743F901213046FFF7DBFC28465D
S21403AD9002B070BD2946FFF7D5FC29463046FFF7BB
S21403ADA0F2FC29463046FFF7F6FC2378002BCAD17F
S21403ADB023798DF804306379C9E702228DF80420DD
S21403ADC0D3E7FFF7E0BCFFF7EEBC0020704710B5F3
S21403ADD00446E6F7B1FF21460020E7F70FFEBDE87D
S21403ADE01040002000F03EB970470120704708B5B8
S21403ADF0E8F732FC80F00100C0B208BD4FF0FF3028
S21403AE00FFF79EBB70470020704710B50C4604F052
S21403AE10A3F8048010BD38B50C46154604F09CF81C
S21403AE2003881DB11C43A1B2018038BD23EA040187
S21403AE3089B2F9E708B504F08FF8008808BD08B5AD
S21403AE4004F08AF8C07808BD08B504F085F80088D1
S21403AE5000F00C0008BD08B504F07EF8008800F08A
S21403AE600C00031F5842584108BD38B5054604F088
S21403AE7073F804462846FFF7EEFF30B904F11000D6
S21403AE8004F02FFD00F4406038BD4FF40060FBE78C
S21403AE9038B5054604F060F804462846FFF7DBFF9E
S21403AEA0014648B910342046042203F095FF204497
S21403AEB0BDE8384004F015BDA08838BD10B50C4673
S21403AEC004F04AF8848010BD38B5054604F044F80B
S21403AED004462846FFF7BFFF014608B1201D38BDCC
S21403AEE010340422204603F077FF2044F7E738B5F2
S21403AEF0054604F031F804462846FFF7ACFF30B9A0
S21403AF0004F1100004F0EDFC00F4404038BD4FF4AB
S21403AF100060FBE738B5054604F01EF804462846ED
S21403AF20FFF799FF014648B910342046062203F07E
S21403AF3053FF2044BDE8384004F0D3BCA08838BD96
S21403AF4038B5054604F008F804462846FFF783FF9D
S21403AF50014608B1201D38BD10340622204603F0F2
S21403AF603BFF2044F7E708B503F0F6FF007A08BD79
S21403AF7008B503F0F1FF90F9090008BD08B503F022
S21403AF80EBFF807A08BD08B503F0E6FFC06808BD8E
S21403AF9010B50C4603F0E0FF047210BD10B50C4666
S21403AFA003F0DAFF447210BD10B50C4603F0D4FF6D
S21403AFB0C46010BD2DE9F8430F468046002107F113
S21403AFC010001646994604F03BF80446D0B103F049
S21403AFD0C3FF0546204603F0DBFF00210246284652
S21403AFE0E0F7AEF900232046AB7049F00401FFF703
S21403AFF00CFFA5F804802EB13A46314605F1100041
S21403B000E0F72EFB2046BDE8F883F8B505460F4665
S21403B0101020002104F014F80446B0B103F09CFF9E
S21403B0200646204603F0B4FF002102463046E0F70A
S21403B03087F9002339462046B370FFF7E6FE25B1AD
S21403B0402A460121204603F0D3FF2046F8BD08B563
S21403B05003F082FF103008BD08B503F099FF1038DF
S21403B060C0B208BD0020E7F7F1BB08B5E7F74CFE12
S21403B070002008BD4088C0F30C0003308008400061
S21403B0800430704770B50E4605461146304603F049
S21403B090D7FF044635B128B103F05EFF3246294692
S21403B0A0E0F7A0F9204670BD0088B0FA80F04009AA
S21403B0B0704738B505880022044604F07CFC05B1C9
S21403B0C0258038BDF8B507460D460088002116468C
S21403B0D003F07AFFB042044605D129463846BDE858
S21403B0E0F840FFF7E6BF0021204603F06DFFB042AD
S21403B0F005D02046002103F067FF0446F3E72A46FF
S21403B1002046002103F074FF32462846BDE8F84087
S21403B110002103F06DBF38B5044638B1002104F0B2
S21403B12044FC002301465D1C09B998B238BD20468D
S21403B13004F05FFC2B460146F5E7F8B5058807469D
S21403B1407DB1CCB22146284603F03EFF8542064633
S21403B15009D100233B8000222146304603F048FFF6
S21403B16035462846F8BD214603F02EFF2146024603
S21403B170284603F03DFFEEE72DE9F04707888246B1
S21403B180884614465FB3384603F002FF3D4606463C
S21403B190E4B22146284603F017FF4045814616D100
S21403B1A0214603F011FF21460246284603F020FFFE
S21403B1B0474504D1454508BF0025AAF8005000229C
S21403B1C02146404603F014FF3046BDE8F087874229
S21403B1D0FAD003F0DDFE30444D4686B2D9E73E464C
S21403B1E0F2E700220123C0E900237047F8B50446BE
S21403B1F00127002604F0A2F923683BB904F099F965
S21403B20000226368012B0ED16360F8BD1D691F61C0
S21403B210266004F08EF9012DF2D02B462D691E61AF
S21403B220012DFAD1E6E719691A610B46EAE70368C6
S21403B23023B94068012803D0E8F7AEBA0020704768
S21403B2404FF0FF307047F8B5054604F065FA012362
S21403B25006460027A8602B7304F070F92B68024695
S21403B2607BB11C692169A1420CBF2F60196127615C
S21403B270104604F05EF9012C08D020466368984710
S21403B280EAE76C68012C04D104F053F900232B730E
S21403B290F8BD6169711AB1F1004FF5D8216969608B
S21403B2A02361E5E7704702207047022070470020BD
S21403B2B070470144884201D10120704710F8013BD2
S21403B2C09342F7D0002070470821FDF7A6BF70B55C
S21403B2D00146064692B00020E6F75AFF044670B9C8
S21403B2E0FDF796FF054601466A462046E7F7A4FAA9
S21403B2F06A46294620468DF80260E7F753FD204646
S21403B30012B070BD00B593B0FDF782FF6A460146E2
S21403B3100020E7F791FA9DF9020013B05DF804FBED
S21403B32000B593B0FDF774FF6A4601460020E7F7C1
S21403B33083FA9DF8000013B05DF804FBE7F740BA04
S21403B340012070477FB54FF6FF7101AAE8F700FDAD
S21403B35020B1BDF80C0007B05DF804FB4FF6FF7094
S21403B360F9E708B504F084FB003818BF012008BDD0
S21403B37008B51046E9F7C0FDBDE80840E9F77ABE10
S21403B3807047704770477047704770477047002193
S21403B39000B593B06A460846E7F74EFABDF80600CE
S21403B3A013B05DF804FB002110B592B004466A465C
S21403B3B00846E7F741FA00216A460846ADF8064014
S21403B3C0E7F7F0FC12B010BD002100B593B06A4653
S21403B3D00846E7F731FABDF8040013B05DF804FB3E
S21403B3E0002110B592B004466A460846E7F724FAE9
S21403B3F000216A460846ADF80440E7F7D3FC12B0CE
S21403B40010BD704773B50646E8F7C8FF04463046D6
S21403B410EBF746FF2246034600213046F7F760FD6A
S21403B4200546D0B1FFF713FE0446284603F094FD05
S21403B4300023E21D121A294608200093D2B2FBF716
S21403B44094FE0138C0B2012807D8012229463046A7
S21403B45002B0BDE87040E8F7D7BF02B070BD134630
S21403B46010B50A4600210446F7F714FD014628B135
S21403B4702046BDE810400222E8F7C6BF012010BDF3
S21403B48007B5009313460A460021F7F77DFC28B15B
S21403B490002103B05DF804EBF5F728BA012003B0EA
S21403B4A05DF804FB2DE9F04F87B00C46914607463E
S21403B4B0FFF7CAFC0546661C304604F012FA042D54
S21403B4C040F090803846FFF7C2FD0378092203F068
S21403B4D00303012B14BF02230323012120460393F6
S21403B4E003F07AFC092200210546204603F074FC8B
S21403B4F021788DF8170001390022204689B2FFF71C
S21403B500C1FD04EB09088346F0B14FF0010A2A4651
S21403B5100146CDF800A003980DF11703FBF725FEAF
S21403B5200228054626D1584603F032FD0022207035
S21403B530C0B2431E00929BB252465946304604F0B0
S21403B540D1FA2378534423703846FFF773FC02047A
S21403B55024D498F8013021789B071FD50139A1EB35
S21403B56009013A464046C9B2EDF7B6FC23781844BB
S21403B570207013E020B92070284607B0BDE8F08F8E
S21403B580032809D1404604F0ACF920F4007189B2CF
S21403B590404604F0A8F9D7E70428D5D101250022B0
S21403B5A020462178FFF76EFD07460028E4D04FF0CB
S21403B5B000080146434601224046CDF80080FBF7CB
S21403B5C0D4FD022819D1384603F0E2FCC2B2013A90
S21403B5D0207093B2394601223046CDF8008004F03D
S21403B5E081FAC9E780F0800520F0800081B23046FA
S21403B5F0C5F3C01504F077F9D1E70028BCD1207055
S21403B600BAE708B50020FFF7F2FB80F00100C0B2EE
S21403B61008BD0A4608B501460020E8F7F5FEB0FA6D
S21403B62080F0400908BD0020E7F7F0BC002108467B
S21403B630E7F794B90020FFF7D8BB70B5044604F0CB
S21403B64050F9042200210646204603F0C5FB204499
S21403B65004F047F9032205460021204603F0BCFB0D
S21403B660204404F03EF94FF6FF730540ADB29D4209
S21403B67014D1F30712D506220021204603F0ACFBB3
S21403B680204404F02EF90446E8F730FF844214BF42
S21403B69002240624E8F724FF204070BD2046FBF76B
S21403B6A07CFFC400E4B2F5E708B5FFF7C6FF003831
S21403B6B018BF012008BD0120704710B50446FEF7E9
S21403B6C0B5FA08B9FEF7B4FA03050FD40C231B2BFF
S21403B6D001D1002009E020FA03F1C90703F10102B2
S21403B6E006D5DBB2E31A5842584110BD0B23F9E7DF
S21403B6F01346ECE710B50C46098819B90846F7F760
S21403B700A9FB2080012010BD08B510461A4600F09C
S21403B710B8FABDE8084004F082B870B504460D4692
S21403B720164692B06A46E7F787F86A4629462046E1
S21403B7308DF81F60E7F736FB12B070BD10B50C46E8
S21403B740E9F7B0FA2046BDE81040E9F7C1B9012988
S21403B750F8B505460C461DD003291ED0052920D072
S21403B760072922D00026002400270120E6F7A8FF99
S21403B770304485421DDA0320E6F7A2FF20448542C3
S21403B78019DA0520E6F79CFF38448542B4BF072044
S21403B7900520F8BD6FF00406E5E76FF00404052600
S21403B7A0E2E700266FF00407DFE7002405272646B6
S21403B7B0DBE70120EDE70320EBE738B50546002479
S21403B7C02046E6F77DFF0134A842E4B202D9062CF0
S21403B7D0F6D10724204638BD38B14379490023F013
S21403B7E00C0301F00C010B434371704710B504467C
S21403B7F078B141794088490801F006010131000A11
S21403B800FFF7A5FF024601462046FFF7E5FF104671
S21403B81010BD0722FBE738B50D46E9F731FA0446B3
S21403B82008B9002038BDFFF7E1FF002DFAD12379D0
S21403B83013F00703F5D0984238BF1846C0B2F1E7B5
S21403B840037923F00703194301717047037903F063
S21403B8500F0343EA0113037170470022E9F7B4BDEF
S21403B8600021012208B5E9F7AFFD401A18BF0120F1
S21403B87008BD38B51546FFF7F0FF0446284604F022
S21403B8800DF984B1FF2804D0626822FA00F3DB07BF
S21403B89001D5012038BD0123834013436360E37859
S21403B8A00133E370F5E72046F4E7E9F7F7BF10B591
S21403B8B003F052FB00F11004204604F012F820F4C3
S21403B8C0007189B22046BDE8104004F00CB82DE99B
S21403B8D0FF411546019101218DF80D301B0A8DF8A5
S21403B8E00E309DF82C308DF80C008DF80F3028465E
S21403B8F00423009103AA9DF828809DF830709DF8D4
S21403B900346001F0D8FC044670B12946FFF7D6FA36
S21403B910B8F1000F02D12046FFF7C9FF2FB146B991
S21403B92031462046F4F7E2FF0024204604B0BDE883
S21403B930F081002220461146E9F736FFF4E74FF47C
S21403B9407A70EAF78BB8F0B5064687B010461C4601
S21403B9500F461546FFF77BFB9DF8303018444378B7
S21403B9609CB16178012211F0020F0CBF0321002164
S21403B9700020CDE90142CDE90310072239463046BF
S21403B9800095EAF707F907B0F0BD22462146EFE730
S21403B99008B5E7F715FFBDE808400020EAF736BB11
S21403B9A000B58BB06846EAF735F8009BBDF806008D
S21403B9B004A90693E9F7D4FF0BB05DF804FB1FB5A3
S21403B9C004466846EAF726F802AB03CB20606160BC
S21403B9D004B010BD1FB5062304468DF80C30EAF7F5
S21403B9E0A5FC00238DF80D00CDE9003301210223C9
S21403B9F0204603AA01F05FFC04B010BD70B50C46E8
S21403BA0005460120EBF786FB237B4BB1FFF7BFFC14
S21403BA10014623462A46BDE870400120EAF734BFB4
S21403BA204FF6FE71F5E7F8B50E460746FFF70FFB30
S21403BA30054603F056FF00F44040B0F5404F14BFF0
S21403BA400022062202F10A03EB5C0B325C0004F0D0
S21403BA500E045B08144403F0380338461C44FFF70F
S21403BA60FBFA844208D2001BC2B20F2A28BF0F2259
S21403BA7030462919DFF7F4FD2046F8BD40F6274087
S21403BA80ECF77ABA13B5F5F7D3F96946044600F02E
S21403BA90E1FF58B1FFF77BFC40B1E7F785FF28B11C
S21403BAA00023022269462046F2F782FD02B010BD4B
S21403BAB0FF224FF6FF71ECF7ABBC07B500210DF183
S21403BAC00700ECF733FE9DF8070003B05DF804FBB0
S21403BAD013B5044601A90020ECF728FE019A014697
S21403BAE02046ECF739FE204602B010BDF0B50F46EF
S21403BAF0002187B0044608461646ECF717FE0123D6
S21403BB0005460DF10A008DF808408DF80930FFF759
S21403BB1056FF092C1DD131460DF1120003F0E3FE4A
S21403BB2005AB002102AA9B1A2846CDE90011DBB219
S21403BB30642101F0C0FB0546E0B1092C15D1ECF7F2
S21403BB4055FE044688B12846ECF764FE204607B047
S21403BB50F0BD31460DF113008DF812704FF6FF75E8
S21403BB6003F0C1FE0DF11503DBE7284600F02EF8BF
S21403BB700446EBE70446E9E77FB50D461646ADF8FF
S21403BB800E0003F005FA841BE4B2BDF80E20631B17
S21403BB909BB2104629460093731901F0C0FA21465A
S21403BBA00DF10E0001F093FA04B070BD38B50446EB
S21403BBB00D4603F090FF40B1AC4206D0204603F09A
S21403BBC0EBFBBDE8384000F0DBBF38BD10B50446DC
S21403BBD0FFF73DFA023003F084FE4FF6F773984200
S21403BBE0204603D9BDE81040ECF796BFECF7E0FF1C
S21403BBF0B0FA80F0400910BD0022ECF7B1BE70B574
S21403BC000546FFF724FA0646284601F078FB014668
S21403BC102846F7F7D1FD04462846FFF739F94FF6CD
S21403BC20F773984208D8337803F00303012B05D142
S21403BC30A31E5842584170BD0120FCE70020FAE7D6
S21403BC4041F2033330B585B00D46ADF808300446EF
S21403BC50FFF79DFB8DF80A00FFF799FB0021000A0A
S21403BC608DF80B0005232046CDE9001102AA8DF8B6
S21403BC700C5001F020FB10B12146FFF7BDFF05B0C5
S21403BC8030BD2DE9F041044617460D46E1B13F2984
S21403BC904FF0000600D135462046FFF7D5F80828B2
S21403BCA014D10121204603F08FF9064603F070F9FC
S21403BCB00446304603F050F93B4601462A46E0B2B6
S21403BCC0BDE8F041FDF75BBB0126E5E72046FFF73D
S21403BCD0BBF8024630B9BDE8F0414FF6FF710120CC
S21403BCE003F0C8BD2046FFF7C0F8B0F5006F0ED1CD
S21403BCF02046FFF7CDF84FF6FF739842014617D05C
S21403BD00002D0CBF03200520002203F0B3FD2946B7
S21403BD102046E9F701FE68B929462046EEF7DCFB24
S21403BD2040B9324629462046BDE8F041EDF7FCB956
S21403BD300120E9E7BDE8F08137B54FF6F675FDF764
S21403BD406AFA431E9BB2AB420446F8D8E8F798FF5C
S21403BD500028F4D169462046E8F786FA0028EED094
S21403BD60204600F0DCFF0028E9D12046FFF778FDE7
S21403BD700028E4D12046EEF723FC0028DFD1204636
S21403BD8003F0A9FE0028DAD12046FDF75AFA002868
S21403BD90D5D1204603B030BD73B504460E46EEF744
S21403BDA00FFC054688B92046EEF764FC21462B4671
S21403BDB00D224FF6FD70009500F056F831462046EA
S21403BDC002B0BDE87040EEF717BC02B070BD37B5E1
S21403BDD0054614460C2914D8DFE801F02C132C135F
S21403BDE0131307131313132424006946E8F73CFAC6
S21403BDF018B901216846F2F7BDFF41202946F8F736
S21403BE0081F9D4B12046FFF722F9023003F069FD29
S21403BE104FF6F773984210D9204603B0BDE830407A
S21403BE20EDF792B840F6144040F613430B2908BFCB
S21403BE301846E3E7F6F788FBE3E703B030BD1FB524
S21403BE400346084603218DF80D308DF80C100123A8
S21403BE500021ADF80E20CDE9003103AA042301F03A
S21403BE602AFA05B05DF804FB2DE9F34106460F46B2
S21403BE7014461D469DF82080FFF789FAB04207D185
S21403BE8000222146384602B0BDE8F041FFF79FBFC7
S21403BE903A4631462046FFF7D2FFADF8060060B1BA
S21403BEA00D2C05D100224FF6FF71282003F0E2FC8B
S21403BEB035B9BDF80600FFF789FE02B0BDE8F0818C
S21403BEC00123424629460DF10600E7F7CDFBBDF8F0
S21403BED00630002BEDD1F0E7F7B50C460546FFF725
S21403BEE0B6F8611C06462846F7F766FCA11C07460B
S21403BEF0284601F027F9014604463846FDF7D7F9E8
S21403BF000D2F34D12046EEF75BFB78B1301D03F0DE
S21403BF10E8FC04462846F679FEF7FCFF314602465F
S21403BF20204603B0BDE8F040FFF7A3BCB01C03F007
S21403BF30D8FC4FF6F773984202D92846EDF704F873
S21403BF402046EEF797FBFFF722FAA04205D1002022
S21403BF5003B0BDE8F040EEF7D1BB6B46B068F168BE
S21403BF6003C369462046EEF747FB03B0F0BD2A46F7
S21403BF703946204603B0BDE8F040FFF728BF142239
S21403BF800021DFF7DDB92DE9F04F11F00F07044666
S21403BF900E4615468FB05CD10120DCF74FFE09A88C
S21403BFA0FDF795FA092309A88DF82430FDF793FACF
S21403BFB009A8DCF715FE01A909A8FDF71DFC26F064
S21403BFC00F08A84404F1100904F10F0A454511D1DE
S21403BFD0236901A93344236109A8FDF7F2FB002076
S21403BFE0DCF72CFEB6F1005F28BF272738460FB0D4
S21403BFF0BDE8F08F05AA2346964694461868596806
S21403C0000833ACE803004B456246F6D12B4622467E
S21403C01005F1100B53F8041B5B4542F8041BF9D1DA
S21403C020714609A8FDF7CDFB09A8DCF7D9FD224622
S21403C03021460120DCF7BEFD013D631E13F8012FE8
S21403C04015F8011F534582EA01021A70F6D15D46C0
S21403C050BCE70227CAE7F0B5174685B005460C4687
S21403C060102200216846DFF76BF9BFB3C4B30F2C69
S21403C07004F00F0608D924F00F043A462146284652
S21403C080FFF781FF40BB2744324639466846DFF751
S21403C090E7FA80222F6906F1100337446B44B7F59D
S21403C0A0005F03F8102C2F61C6F110061AD3062E74
S21403C0B01FDDFB001A0E8DF80A201A0C5BBA8DF8EA
S21403C0C00B20ADF80C306A4610212846FFF75BFFBD
S21403C0D000202B69103B2B6105B0F0BD3E46D8E728
S21403C0E02646D6E7022E04DDFB005BBAADF80E301B
S21403C0F0E9E76A4610212846FFF745FF2B69102219
S21403C100A3F11004002168462C61DFF719F9B7F58F
S21403C110005F4FEAC403CDD2E7E770B50E46054687
S21403C12086B001A81446FFF72AFF3246294601A81F
S21403C130FFF791FF2246054601AB05AE1C4603CC2E
S21403C140B44210605160234602F10802F6D1284635
S21403C15006B070BDEEF770BB0A460021EEF76CBB67
S21403C160F0B58BB00C4601A9EEF766FB054680B327
S21403C17025220021E01CDFF7E3F80123A3700E233A
S21403C180BDF810702380FA0510D523464FF4877246
S21403C19006AE23F8042B0DF1280C324603CA62457B
S21403C1A018605960164603F10803F6D13B0605D519
S21403C1B0238843F080032380069B636001AB03CB95
S21403C1C0039BC4F81D00C4F82110A361EFF740FEDB
S21403C1D0606128460BB0F0BD30B505460C4687B007
S21403C1E001A8FDF774F92868696802AB03C39DF8D4
S21403C1F0113043F002028DF8112074B122885106E3
S21403C20044BF43F006038DF81130530542BF9DF833
S21403C210113043F008038DF8113001A8FDF752FAE8
S21403C220B0FA80F0400907B030BD70B58AB00D464D
S21403C230002201A90446EEF7FFFA88B1204604A9B6
S21403C240FFF7CAFF60B1BDF81060FFF7A0F838B972
S21403C250720601D5730503D529462046FDF793F8E4
S21403C2600AB070BD2DE9F3410F460546164602F0A7
S21403C2708FFE4FF00008C41BE4B2294623463A4615
S21403C2803046CDF8008003F02DFC0121284602F04D
S21403C2909BFE88B10121284602F096FE074602F06F
S21403C2A077FE0546C3B2424630193946CDF80080BC
S21403C2B003F018FC2544ECB2204602B0BDE8F0813A
S21403C2C02DE9F04F85B00C46054691461F464FF0C4
S21403C2D0010ADDF838809DF83CB002F059FE22468C
S21403C2E03B4629460646CDF800A0484603F0FAFB2F
S21403C2F05146284602F068FE3C4418B35146284689
S21403C30002F062FEF6B2B442814610DAE7B2F31BDD
S21403C310DBB2404622462946CDF800A003935F448D
S21403C32003F0E0FB039BBF1B984407F0FF0B0123BE
S21403C33000220E9349465B46404605B0BDE8F04FE3
S21403C34003F0D0BB5B4622462946CDF838A0F3E778
S21403C3502DE9F041002686B0074608460C461546EA
S21403C3609846CDE9026604968DF8146002F010FE36
S21403C370411BCBB20D2B28BF0D232A462146009620
S21403C38002A803F0AFFB424602A93846EEF7CEFCFE
S21403C3900646294620469DF80820F7F721FA304638
S21403C3A006B0BDE8F0812DE9F04F0E46CBB0012173
S21403C3B0054617461C4602F007FE23463A4629461C
S21403C3C0814606A8FFF7C4FF0DF1280A00EB070B0A
S21403C3D05246314628465FFA8BFBFFF743FFB345C9
S21403C3E003D200204BB0BDE8F08FABEB06085FFA34
S21403C3F088F808F104039842F3DB331F1844042338
S21403C400C4B20193A31BDBB20093524643460021FA
S21403C410CDF808A006A8DCF781FB0028E1D1A4EB41
S21403C4200B040AEB0803E4B252462846314600934F
S21403C43001944346FFF744FF39462846F7F7BCF90D
S21403C440394600F0F8022846F7F7CAF901212846CC
S21403C45002F0BAFD002818BF4D462846ADF8165020
S21403C46002F096FD011FC9B20DF1160000F02FFE73
S21403C4700120B7E72DE9D841064600F040FF411CEE
S21403C480044689B2304600F00DFF98B394B32146B4
S21403C4903046F7F791F900F00C03042B074629D032
S21403C4A000F00308B8F1020F00D11BBB384600F0BA
S21403C4B0AFFF3B060444A4B216D5611C304689B2CE
S21403C4C000F0F0FEB0B121463046F7F775F9B8F143
S21403C4D0010F014600F003030CD0032B0AD03846A5
S21403C4E000F0A5FF03199CB221463046BDE8D841AB
S21403C4F000F0D8BE0020BDE8D881F8B5064600F0A7
S21403C500C0FE054604463046FEF7A1FD43785B07AA
S21403C51018D5AC1CA4B22146304600F0C3FEB8B111
S21403C52029463046F7F748F90746691C304689B26C
S21403C530F7F742F91FB1874201D8FF2808D104EB69
S21403C5404704A4B221463046BDE8F84000F0AABE30
S21403C5500020F8BD13B5044601A8EEF73FFEBDF86C
S21403C5600430DA0710D49B0707D410220021204694
S21403C57002B0BDE81040DEF7E3BE22462146102097
S21403C580FFF7CBFD0028F0D102B010BD024608B578
S21403C590EEF74CFE510544BF0838C0B2130544BF3E
S21403C5A00838C0B208BDF0B5D30705460C468BB0B5
S21403C5B04AD5008800F0A3FE00230646029314B96A
S21403C5C0CDE9034403AC002208212046FEF771FEA2
S21403C5D0A8B12888FEF73BFD023003F082F9214616
S21403C5E00746E7F741FE50B100224023114638467E
S21403C5F000F01DFA40F6094528460BB0F0BD31465B
S21403C6002888F7F7D9F810F0030F0CBF0126002689
S21403C610EEF756F946EA4000C0B2009000212046E5
S21403C62002AB05AAF0F76CF80546EEF749F90028C1
S21403C630E2D0002DE0D000212046009602AB05AAEA
S21403C640F0F75EF80546D7E740F60A45D4E7002339
S21403C6501A46EFF7AFBF30B58BB005AD0446284694
S21403C660FCF735FF0223284601A98DF81430FDF7A1
S21403C670C3F8234601AA144603CCAC42186059609B
S21403C680224603F10803F6D10BB030BD08B50023EC
S21403C690024619461846EFF78DFF012008BD37B549
S21403C6A004466846EFF7FEFF054648B108222146D2
S21403C6B06846DFF791F9B0FA80F0400903B030BD61
S21403C6C0FF2208212046FEF7F4FD034628B1062183
S21403C6D02846FFF7BCFF0120F0E722460146EFF7A6
S21403C6E069FFF8E707B56846EFF7DCFF10B1684661
S21403C6F0FDF700FA00F0010003B05DF804FB01202B
S21403C700F0F70ABD704737B504460846FEF7DCFB6C
S21403C7100546FEF73CFE00230146009322462B46C1
S21403C7200120F6F735F803B030BD30B501240546D1
S21403C73089B003A8FCF7CBFE01A88DF80C40DCF704
S21403C740ADFA9DF806209DF80730AA4209D0AB4201
S21403C75009D103A88DF80D40DCF742FA012009B091
S21403C76030BD0024F5E70020F9E700221021FEF78C
S21403C770A0BD7FB50D4600F582300D22694600F553
S21403C7808070D0F771FC6B462A4602AE1C4603CC7B
S21403C790B44210605160234602F10802F6D12068C5
S21403C7A010602379137100236B7304B070BDF0B56A
S21403C7B085B06A4605460B46164601F10807144639
S21403C7C018685968083303C4BB422246F7D1186871
S21403C7D00D2220601B7905F582303146237100F562
S21403C7E08070D0F76DFC05B0F0BD38B504460D4635
S21403C7F0DBF718FDA04205D920462946FFF7B9FF07
S21403C800002038BD2820FCE730B5002485B08DF81D
S21403C8100040DBF707FDE5B2A84204D8F2F70EF9AD
S21403C820002005B030BD69462846FFF7C0FF013437
S21403C830EFE738B50446002002F07EFDFF280546E4
S21403C8400FD002F001FE10F0010009D0284602F0D6
S21403C850FBFD400840EAC17080F0010000F00100D3
S21403C86038BD04F00100FBE70146F8B50646002094
S21403C870F2F71EF8FF2801D00120F8BDDBF7C2FC53
S21403C88000240546871CDBF7C1FCE3B2984201D8B7
S21403C8900020F2E735F82430B34203D117F82430EA
S21403C8A0002BE9D10134EEE738B50D4601210446E5
S21403C8B002F08AFB30B10121204602F085FB288076
S21403C8C0012038BD20462C8000F00EFE0130C0B299
S21403C8D0F7E72DE9F04788B00746894610460DF17D
S21403C8E00A011D469046FFF7DFFF4FF0000ABDF82A
S21403C8F00A6004463046CDE905AACDF81BA002F02F
S21403C90047FB031BDBB20B2B28BF0B232246314608
S21403C910CDF800A005A803F0E5F848F21F039D42F2
S21403C92043D00BD885F40043012B15D92346424642
S21403C930494628460097FDF730F933E048F23A03B4
S21403C9409D42F3D1FEF723FDB8422BD02246414643
S21403C95005A8FDF757F925E09DF8143013BBBDF87D
S21403C9601D40DDF81500DDF8191003AB03C32046A0
S21403C97003A9DBF779FE0122204603A9EDF7F2FEB1
S21403C980A74206460ED0012103A8F2F7F3F948F2B0
S21403C99001039D4206D12EB9334632463946204618
S21403C9A000F046FE08B0BDE8F0879DF81450002D51
S21403C9B0F8D12F469DF815800234EAB24245F1D2EB
S21403C9C0D200D2B222440823314692B2009703A87B
S21403C9D0CDE9037703F086F803A8F4F759FA02F0D3
S21403C9E0DBFC00F0CDF80135E7E708B5E6F7E8FE2F
S21403C9F0BDE80840F2F7FCBB10B5002441808480F4
S21403CA000480C280038110BD13B5BDF81040CDE984
S21403CA1000340023F2F754FD02B010BD13B5BDF881
S21403CA20104001900094F2F74BFD02B010BD07B51D
S21403CA3000930123FFF7F2FF03B05DF804FB012325
S21403CA40F2F7E4BD0121F3F751BF01464FF6FF703D
S21403CA50F3F774BE10B50C4602F09EFCFF2808D010
S21403CA60F4F7FEF920B1036823604368012063608E
S21403CA7010BD0020FCE710B50446FEF7F6F9B0F546
S21403CA80006F204605D1FEF703FABDE8104002F01A
S21403CA9083BCFEF719FABDE8104003F018B808B5D2
S21403CAA002F07AFCFF280CD002F0CEFC10F0010353
S21403CAB009D0400840EAC17080F0010000F0010090
S21403CAC008BD0020FCE71846FAE71FB500F58230DC
S21403CAD00B2201A900F5C070D0F7C6FA9DF80E0028
S21403CAE005B05DF804FB30B589B001F0010503A974
S21403CAF00446F4F7D7FD9DB190B9204602F0A4FC96
S21403CB0010F0010109D0204602F09EFC430843EAD8
S21403CB10C17383F0010303F0010103A8F2F72AF9B6
S21403CB202046F5F757FD9DF8143029460093204616
S21403CB30BDF8162003ABFCF79EFB09B030BD7FB5EE
S21403CB400C460546F4F774F9A04217D04FF6F77370
S21403CB509C4213D805F5823606F5C0760B2201A94A
S21403CB603046D0F781FA01A90B223046ADF80C40C7
S21403CB70D0F7A6FA21462846F4F7ACF904B070BD00
S21403CB8010B50446DBF754FBA0420FD92046F4F752
S21403CB904FF94FF6FF73984208D020460021FFF75F
S21403CBA0A2FF2046BDE81040F4F7D6BD10BD10B571
S21403CBB00446FEF7ECFB0023024619462046BDE872
S21403CBC01040F4F723BF2DE9F04114460F460546FF
S21403CBD09846FEF73CFA0646043002F082FE2080B2
S21403CBE02846FEF797F96080B379791CE372C9B2D9
S21403CBF02846F6F7E1FDB91CA072C9B22846F6F737
S21403CC00DBFDFE1C2072F6B2B8F1000F18D03146D9
S21403CC10284600F097FA0537FEB23146A08028462C
S21403CC2000F090FAB11CE080C9B22846F6F7C4FDBE
S21403CC306072217AA0880122BDE8F041F5F706BCB0
S21403CC402088EAE72DE9F04186B090461E46044662
S21403CC500D46FEF79CFB4FF6F7739845074632D80A
S21403CC600523A0428DF80C304FF0010214BF0123B8
S21403CC7000234FF0000118BF8DF80D30CDE90021D9
S21403CC8014BFADF80E008DF80D30284614BF0423EC
S21403CC90022303AA00F00FFB0546A0B1A7421AD051
S21403CCA0FEF7D5F9074621460430803E02F01BFE08
S21403CCB02046FE7104A9FFF7CDFE40B9204604A91D
S21403CCC0E6F7E6FF18B9002006B0BDE8F08128466F
S21403CCD004A900F07EFB41462846FEF78DFFF3E7E6
S21403CCE0037923F00303194301F03F0101717047F1
S21403CCF007B50DF10701F5F74FFA03B05DF804FB2E
S21403CD0008B5FFF7F5FF18B1BDE80840F5F794BA84
S21403CD1008BD00224FF6FF701146F5F797BB10B516
S21403CD200446FFF7E5FF024638B901462046F5F705
S21403CD308DFB003818BF012010BD0120FCE7F8B5B5
S21403CD40174604460E46FFF7D3FF0546386068B11C
S21403CD50037903F00303337023B93A68137903F0B6
S21403CD603F0313713B685C882046F8BD01462046A6
S21403CD70FEF751FD074628B1E8F790F9874201D838
S21403CD803570F1E731462046FCF701FF0028EBD06B
S21403CD9003234FF6FF743370E6E707B501AA0DF1D8
S21403CDA00301FFF7CCFF9DF8033053B9019828B170
S21403CDB0037913F0300F14BF0120002003B05DF891
S21403CDC004FB0020FAE72DE9FF4106461046884695
S21403CDD01546F4F75DF80746FEF7D9FA044648BB4E
S21403CDE04FF6FF739E4225D09F4206D00146384633
S21403CDF004B0BDE8F041EBF71BBC07238DF8043005
S21403CE002B680246CDF805306B68092101A8CDF8DA
S21403CE100930FEF737F9024618B9192004B0BDE801
S21403CE20F081012341463046F0F76CFE0028F4D02B
S21403CE302046F3E70220F1E72DE9F04390460F463C
S21403CE4006464FF0010991B00BA803ADFCF73FFB74
S21403CE5007AC29460BA8ADF82C90FCF7CDFC95E85B
S21403CE600F0084E80F004B46002239463046CDE9D2
S21403CE700048F0F763FF11B0BDE8F0832DE9F04FEB
S21403CE80002785B081460C467E2039469846BDF875
S21403CE903CB09DF844A0BDF84C500192ADF80E701E
S21403CEA002F0CEF80646002800F0AA8002F054F8F6
S21403CEB039467E22DEF744FA304602F04DF80090FB
S21403CEC0304602F049F8B9F1FF0F0CBF274644F08D
S21403CED003073B0A14F44062077043705FD14FF0B8
S21403CEE00808C31C184642460199DEF77BFA034638
S21403CEF004F44044434484B1790606D419464FEA01
S21403CF001B2201F802BB5A700B46B4F5004F56D0ED
S21403CF10A4F5404254425441E400224618460E9972
S21403CF20DEF760FA009A03462044A0EB02085FFA95
S21403CF3088F89DB14FF47C521A53841C284602F09D
S21403CF400BF88346284602F023F8C5B22A4659460C
S21403CF502046DEF785FB60190235EDB2B9F1FF0F07
S21403CF602FD05246109900F8019BDEF779FB08F1A3
S21403CF7001015AFA81F129443046E6F70BFB0C21EE
S21403CF800022FF0007F0800710463943FEF73DF8FE
S21403CF90ADF80E00E8B9002005B0BDE8F08FB2F595
S21403CFA0006F80F803804FEA182880F8048000F1A9
S21403CFB0050314BF4FF008084FF0020892E7022457
S21403CFC0ABE708EB0A0129443046E6F7E3FA082103
S21403CFD0D6E7304601F0C0FF0446304601F0D8FFDE
S21403CFE00123024621460DF10E00E6F73DFB00281D
S21403CFF0D1D10121BDF84820BDF80E0001F0F8FF9D
S21403D000BDF80E00C8E710B50C46098821B90846D6
S21403D010F5F720FF208008B1012010BD0220FCE7B1
S21403D0202DE9F04780460F460646002402F1FF39F5
S21403D030BC4202D219F8015F25B9A6EB080080B2FC
S21403D040BDE8F0879A46A5F13102012A5AF8041B77
S21403D05010D83246322D02F8011B06D10134A4B291
S21403D060A74232D30912B21C7170013453461646D6
S21403D070A4B2DDE7342D0CD10334BC42DDDA0B0A4F
S21403D080317073700B0C090EB370321DF170A4B2BD
S21403D090EBE7A5F13302062A0DD8303DADB22B19C6
S21403D0A0BB42CADA2A463046013CDEF79BF915FA3C
S21403D0B084F47219EBE7A5F14102062A01D8373D3D
S21403D0C0ECE79D8803F1080AE9E71646B5E770B56D
S21403D0D0054600880C4601F05BFFA04228880AD26A
S21403D0E001F056FF0023221A19462846BDE8704071
S21403D0F092B2E6F7B9BA2146E6F74CFA002070BDBD
S21403D10038B5054601F028FF0446284601F040FFDF
S21403D110002201462046BDE83840FDF7B3BFF8B508
S21403D12016460C461D46BDF8187001F015FF04445C
S21403D130304601F011FF3A4641192046BDE8F84053
S21403D140DEF750B970B50C46013189B20646F6F7DC
S21403D15033FB214605463046F6F72EFB00EB05204B
S21403D16080B270BD1FB50123ADF80C2000930A46AC
S21403D1700223014603A802F0B5FC05B05DF804FBE4
S21403D1800FB437B5069D0021A8B201F059FF044637
S21403D19001F0E2FE2CB1002207AB0193D1B28D421F
S21403D1A005D8204603B0BDE8304004B0704753F8B6
S21403D1B0041B81540132F1E773B504460D46402043
S21403D1C00021164601F03CFFADF8060001F0C4FE50
S21403D1D0BDF8063013B9002002B070BD40213346B7
S21403D1E02A462044FFF71CFF211889B20DF10600DA
S21403D1F0FFF76DFF0028EED1BDF80600ECE70EB48E
S21403D20003B503AA52F8041B0192FFF7D5FF02B039
S21403D2105DF804EB03B070472DE9F7430F46012191
S21403D2208146164601F0D0FE054658B1FFF768FF63
S21403D230308088B9284601F0ABFE68B1192003B0E8
S21403D240BDE8F083484601F0A3FEFF2FA0EB0704DA
S21403D250E4B214D014B934800020F0E72A462146FD
S21403D2602846FDF70FFF80460028E7D03B464A4690
S21403D27029460094FFF753FFA6F80080ECE7012049
S21403D280DDE708B5FDF7E3FE437803F001001A0770
S21403D2904CBF10300830DB0644BF0830C0B2103035
S21403D2A0C0B208BD10B50C4601F072FEA04234BFF2
S21403D2B00020012010BD7FB514460091024641F2BE
S21403D2C0092141F609209DF820601D46002E18BF4F
S21403D2D00146099B0020F6F797FAADF80E0010B941
S21403D2E0002004B070BD01232A4621460DF10E002E
S21403D2F0E6F7BAF90028F3D1BDF80E00F1E738B522
S21403D3000546FFF7BEFF0446284601F041FE631CB0
S21403D3109BB283420FD82846FDF799FE43785B07F6
S21403D32007D521462846F6F747FA013004EB4004B2
S21403D330E4B2204638BD0024FBE71FB5ADF80E0067
S21403D34001F026FE0446BDF80E00FFF7D8FF00F1F5
S21403D3500E03DBB2BDF80E200146E01A80B2009041
S21403D3601046FFF7DCFEA4F10E0189B20DF10E00A4
S21403D370FFF7ADFE04B010BD4278034612F0080076
S21403D38006D0D20702D403F10800704703F1090060
S21403D390704737B505460C46FDF759FE437813F03C
S21403D3A0100212D09CB103F001021B074FF00003DA
S21403D3B02946009320464FF0080354BF1832203204
S21403D3C002F090FB012003B030BD1046FBE7204679
S21403D3D0F9E773B505460C46FDF739FE437813F0B7
S21403D3E0100211D094B1012603F001021B0729464F
S21403D3F04FF00803204654BF18322032009602F03E
S21403D40071FB304602B070BD1046FBE72046F9E7D5
S21403D41000F00303012B08D0C30606D400F00C006B
S21403D4200C2814BF082009207047022070470346C3
S21403D43011F0030005D003F00303022B14BF0220F0
S21403D44003207047F8B50C46064601F0A1FD631CA1
S21403D450834202D900252846F8BD21463046F6F712
S21403D460ABF90746FFF7D4FF3B060546F3D504445E
S21403D470304601F08DFDA4B2631C9BB28342E9D80B
S21403D48021463046F6F798F901463846FFF7CFFFB0
S21403D4902844C5B2DFE770B506460D46FFF7D2FF50
S21403D4A0044610B90024204670BD29463046F6F7D8
S21403D4B083F98206F7D5304601F06AFD2544ADB2FE
S21403D4C06B1C9BB28342EDD829463046F6F774F9B7
S21403D4D000F01803082B14BF05340634E4B28306A1
S21403D4E044BF0834E4B2DEE738B50546FFF707FF66
S21403D4F0044608B9002038BD01462846FFF7CBFF8F
S21403D5000028F7D02044C0B2F5E72DE9F04387B0F2
S21403D51005460C46FDF79BFD804602F0E2F90746FA
S21403D5202846FFF7ECFE064601462846FFF78AFF25
S21403D5300022034600922946324602A802F0D2FA97
S21403D5409DF8086006F00C030C2B06F003090BD0BD
S21403D550B9F1010F59D0F10657D49DF809300DF1F2
S21403D5600A050020637107E0FF230DF109006371CC
S21403D57002F0B7F90DF10B05208198F80130DA07B0
S21403D58004D508F1020002F0ACF92081B9F1010FCD
S21403D5905FFA89F83DD0F3063BD4284602F0A1F99A
S21403D5A06080A81C02F09DF9053515F8013C208023
S21403D5B023712B78B006A37206F0400348BF43F0EE
S21403D5C02003390627D543F40073F80448BF43F411
S21403D5D08063390548BF43F400633206E38011D500
S21403D5E06A7812F003020DD06FEA43436FEA53439F
S21403D5F0A978B8F1020FE3800B4611D1EB7841EA24
S21403D6000321218107B0BDE8F083FF230DF109054F
S21403D610A7E7FF23CCE77A0648BF43F48073D4E733
S21403D620012A04BF0B029BB22381EBE7F6F7C8BDC2
S21403D6300BB1F6F731BE0AB9F6F7AABEFF21F6F725
S21403D640D3BD431C08BF0020DFF730B9034B58682F
S21403D650C0F30800003818BF0120704700ED00E053
S21403D660014B1868704700BF50690020084B1B6FBA
S21403D67003F00703022B04D0032B05D0012B05D0A0
S21403D680FEE7044B18687047034BFBE703487047F5
S21403D690008000505069002058690020002D310199
S21403D6A008B5FFF7E3FF054B1B6FC3F301330133E5
S21403D6B0B0FBF3F0024B186008BD00BF00800050BB
S21403D6C04C6900200048704700B4C4040048704703
S21403D6D0002D3101014B1868704700BF58690020C0
S21403D6E0174A9368C3F304430C2B0AD8DFE803F006
S21403D6F00B0909090909072119091B1D1F001148F0
S21403D700704700207047936803F04073B3F1807F3F
S21403D71011D0B3F1007F10D0002B0B4818BF0020A8
S21403D72070470A4870470A4870470A4870470A48CD
S21403D73070470A4870470A4870470A48704700BF50
S21403D7400040015A405DC60000093D00C0EA2101C1
S21403D75080BA8C010048E801005A62020024F400F3
S21403D76080841E0040420F00014B1868704700BFBC
S21403D7705469002007B500F065FC6A4600F0C2FC59
S21403D78018B14721034801F0CEFFDDE9000103B0DD
S21403D7905DF804FB250304000229F8B596BF104B79
S21403D7A000245C5C012805460E4608D0022809D0F2
S21403D7B008B944F002040B4B1F6837B9F8BD44F0B0
S21403D7C00804F8E744F02004F5E77B681A68144277
S21403D7D003D0314628465B6898473F68EDE700BFAD
S21403D7E08E9A04001C3E002038B5104D2B78ABB142
S21403D7F00F4C23781BB100F031FA0023237000206E
S21403D80001F0A4FF0B4C50B100F07AFA002301217B
S21403D81020782B70FFF7C0FF0123237038BD012249
S21403D820054B1A702278054B1A70F7E70E5F002037
S21403D8300C5F0020135F00200F5F0020105F0020A6
S21403D8400E490B78FF2B01D198B170470BB990B9ED
S21403D8507047002814BF0122FF2213440B7060B1E7
S21403D860074B1B78012B08D9064B1B782BB9FFF700
S21403D870BBBF1A46F1E70122EFE77047125F0020AD
S21403D880135F00200F5F002010B501F04AFE064B21
S21403D89004461B781BB1BDE8104001F03DBEFFF700
S21403D8A0A3FF2046F7E700BF0B5F002002282DE901
S21403D8B0F04147D029480378FF2B41D1002941D1B5
S21403D8C01A461344DBB2037000293BD0244E327849
S21403D8D0012A37D9002B3ED001F023FE214F044600
S21403D8E03B780BB3204D2B781BB901222A701F4AB5
S21403D8F01370DFF87C8098F8003023B100F0AEF99F
S21403D900002388F80030204601F006FE012001F0CF
S21403D9101DFF01F006FE2B7804461BB100F0F0F95C
S21403D92000232B7000233B70204601F0F5FD0124F5
S21403D9303078A04206D02146FFF72EFF347001E070
S21403D94013B931B9BDE8F081002914BF0122FF22C3
S21403D950B7E70122B5E70224EAE700BF125F00201B
S21403D960135F00200E5F00200B5F00200F5F002078
S21403D9700C5F00202DE9F04385B0EFF3108572B6F7
S21403D980AFF3008001F0B7FF002800F09280624EEC
S21403D990624F337823B10020FFF752FF0023337022
S21403D9A0387878B903A900F01DFB044650B95C4BE0
S21403D9B0039A1B689A4200F284800120FFF740FF17
S21403D9C0012333703B78002B40F09980554B1B782E
S21403D9D0002B00F091804FF00208534CDFF868915B
S21403D9E02078404507D099F8003013B94146FFF731
S21403D9F0D3FE84F80080B8F1020F0FD1DFF824813C
S21403DA0098F8003053B9494B1B7823B900F020F936
S21403DA100122474B1A70012388F80030207800F063
S21403DA20F7F899F8003013B1424B1B782370AFF325
S21403DA300080284601F085FEEFF3108572B63E4B54
S21403DA401A7852B100221A703A4B20781B78984203
S21403DA5003D101212170FFF79FFE384800F082FAB8
S21403DA6001F05DFF8046002893D12E4F3B789BB193
S21403DA7089F80000DFF8B89099F800301BB100F081
S21403DA80EDF889F80080002001F060FE002839D008
S21403DA9000F036F900233B70337823B10020FFF7FC
S21403DAA0CFFE0023337000212078FFF775FE002396
S21403DAB02370AFF30080284605B0BDE8F04301F0BD
S21403DAC040BE1F4BD3F8008000F048F9039B804408
S21403DAD09845BFF472AF00F03BF98200039942F019
S21403DAE0020292B2CDE900422346164AA1EB080190
S21403DAF0124801F02DFE65E700F09CF86BE74FF047
S21403DB0001086AE7012000F083F8284601F019FEB1
S21403DB10EFF3108572B6B6E70D5F0020125F0020A4
S21403DB20243E00200E5F0020135F0020115F0020BC
S21403DB300C5F0020105F0020095F0020283E0020B5
S21403DB40203E002089D803000F5F002010B501F0A7
S21403DB50E8FC0022054B1C781A7001F0DDFC00F08F
S21403DB6005FBE4B22043C0B210BD00BF0A5F00202D
S21403DB7038B501F0D6FC094B05461B78012B04D8B3
S21403DB8001F0CAFC0024204638BD054B1C6800F093
S21403DB90E5F80444284601F0BFFCF4E7135F0020D1
S21403DBA0203E00201549164A0B6F10B503F00703F5
S21403DBB01360144A144C9269032B02F00200C2F35A
S21403DBC04002227017D0D1F8203103F00703022B4E
S21403DBD011D0D1F8803203F001030C4A137048B118
S21403DBE043B9064BD3F8003103F00303591E4B42E7
S21403DBF04B41137010BD0123EFE700BF00800050B8
S21403DC00843E002000C00150185F0020195F0020EA
S21403DC10012805D00238012808D80020CCF72EBDED
S21403DC20034A136923F00403136130BF704700BF30
S21403DC3000ED00E0044B054AD3F8203103F0070358
S21403DC401360F7F713BF00BF008000508C3E002020
S21403DC500122014B1A707047175F0020F8B51F4B5F
S21403DC601B78002B39D01E4C2378B3B91D4B9A6D05
S21403DC70D10302D5DA6D92072FD49B6DDB072CD424
S21403DC8001F0A9FD184B194A1860136F23F0070318
S21403DC9043F003031367FFF703FD01F09CFD124BEC
S21403DCA0134D1B68134EC01A2B78134F56F82320B8
S21403DCB046F82300111A3A681048521A0A213A60A5
S21403DCC00932B2FBF1F20133DBB20260B3FBF1F2CD
S21403DCD001FB12332B7000232370F8BD195F00205D
S21403DCE0165F002000C000507C3E002000800050DD
S21403DCF0155F0020543E0020503E00204C3E00207E
S21403DD0008B5F7F7B4FE0D4A0D49136F096823F0FB
S21403DD1007030B4313670B49D2F82031096823F036
S21403DD2007030B43C2F82031074B1B7813B10122BC
S21403DD30064B9A62BDE80840FFF7B2BC008000506D
S21403DD40843E00208C3E0020195F002000E0005037
S21403DD50014B1878704700BF195F0020054B1878F1
S21403DD6018B1054B186800EBD000044B1B68184429
S21403DD70704700BF195F00204C3E0020803E002005
S21403DD8008B50D4B1A7892B100221A700B4A136F1E
S21403DD9023F0070343F001031367D2F8203123F07F
S21403DDA0070343F00403C2F82031FFF779FC01228E
S21403DDB0034B5A6708BD00BF175F00200080005062
S21403DDC000E000500D490B68A0B10022A3B18342C6
S21403DDD003D1836822B90B6003E01A469B68F5E714
S21403DDE0936083680BB9002070475A6941690A44F7
S21403DDF05A61F8E72220704702207047983E0020B9
S21403DE0010B501F004FD0A4C0A4B19682368C31ABF
S21403DE1009B9206010BD002BFBD04A699A423ABF6D
S21403DE209B1A0022D21A4A6128BF00238968EFE7AB
S21403DE30943E0020983E002038B5154D2B682BB332
S21403DE405B69B3B1134A022014681C4400F088FAD5
S21403DE50204600F047FA00220F492B680A70012A71
S21403DE6005D823B1D88880070AD501230B70002074
S21403DE7038BD022000F074FA022000F093FAEAE7B5
S21403DE809B68002BF3D058690244E8E72220EFE7AB
S21403DE90983E0020943E00201B5F0020C38870B588
S21403DEA004460D463BB9FFF763FE8542064602D29B
S21403DEB0F8F758FF35460E4A656113689BB9146038
S21403DEC0A3600FE02D1A986819466561034618B1DA
S21403DED05869A842F6D941B18C60A36013B15A6958
S21403DEE0521B5A6170BD0021F2E71460F5E700BFCC
S21403DEF0983E002070B516469DF81420C0E90336F8
S21403DF000271049ABDF818300260002204460D46DA
S21403DF108260C38006BB01F07AFC2844A0613DB949
S21403DF20E368656113B120462168984796B1354684
S21403DF3001F0F7FA0646FFF763FF29462046FFF788
S21403DF40ADFF074B1B68A34201D1FFF775FF3046B1
S21403DF5001F0E2FA002070BD01F059FC3044DDE721
S21403DF60983E0020F8B50546D0B101F0DAFA064629
S21403DF70FFF746FF0B4B28461F68FFF723FF0446B1
S21403DF8020B1304601F0C8FA2046F8BDAF42F8D1BA
S21403DF90FFF752FF2228F4D1022000F0EDF9F0E754
S21403DFA02224F1E7983E002038B50C460546A8B172
S21403DFB0A1B100230B7001F0C1FA0121084B1B68C5
S21403DFC033B901F0B6FA002038BD9D4204D1217062
S21403DFD02278002AF9D0F4E79B68F1E72220F3E7DA
S21403DFE0983E0020F8B506460F4601F0A7FA00252E
S21403DFF00446124B1B6823B9204601F09AFA1B20ED
S21403E00011E05A691544DA88B2420DD101F0FFFBDC
S21403E0100B4E3368C01AA8420AD3002320463B603F
S21403E02001F087FA0020F8BDFF2EEFD09B68E2E7E9
S21403E03001F0EDFB33682B441B1AEFE7983E0020F4
S21403E040943E002070B501F079FA064601F0DFFB36
S21403E050084B044601201D6801F0C9FB18B101F006
S21403E060D6FB04460135304601F063FA20462946BE
S21403E07070BD00BFA03E0020014B1868704700BF6C
S21403E0809C3E0020F8B50C4B05461B680E468342A3
S21403E0900FD3002440F2E7302146084B4FF47A7240
S21403E0A01F680023E5FB0701DCF7DEFD3060204632
S21403E0B0F8BD2120FCE700BF903E00209C3E0020D8
S21403E0C00F4B10B51A689AB14FF47A71531E134268
S21403E0D0A0FB01010ED1B2FA82F2C2F11F04531C57
S21403E0E0D243E04001FA03F3184321FA02F2024353
S21403E0F0104610BD0023DCF7B7FD0246F8E700BF65
S21403E1009C3E002038B5164B14468342154B8B4174
S21403E11023D3154B1A6802B34FF47A75A0FB050395
S21403E12005FB0131531E134211D1B2FA82F3C3F138
S21403E1301F055A1CDB4301FA02F2E84021FA03F3F7
S21403E14010431843E940C4E90001002038BD00230A
S21403E150DCF78AFDC4E90001F7E72120F6E700BFF4
S21403E160EFA7C64B378941009C3E002010B501F04F
S21403E170E5F9034B1C7801F0DCF9E4B2204610BD48
S21403E1801A5F002008B5084B1B7803F0FF004BB15D
S21403E19001F021FB054B1B689B69C01A02288CBF44
S21403E1A00020012008BD00BF1B5F0020983E002012
S21403E1B0C2072DE9F843044607D5474A13680133D7
S21403E1C01360FFF71DFEFFF737FEA30740F18180BC
S21403E1D001F0B4F94FF0000805464646FFF710FE77
S21403E1E03E4F3C680CB16369A3B100223C4B012E41
S21403E1F01A7003D118F0020F18BF1E70FFF71CFE2B
S21403E200222802D1022000F0B7F82846BDE8F843DA
S21403E21001F08FB923465A693AB91A79217991429E
S21403E22088BF1C469B68002BF5D1284601F081F970
S21403E230D4F81080B8F1000F3FD001F0E8FAA269D5
S21403E240851AEB17454573F1000337DB236913443F
S21403E250A36101232269CAB1C3B9A38BB8EB05082E
S21403E26033B1E28B13449BB2B3F57A7F1CD2E383BC
S21403E27001F064F9054641462046FFF70FFEA36901
S21403E280226928461344A36101F053F9E36813B1E6
S21403E290204621689847B4F8068001F04FF9013606
S21403E2A00546FFF7ADFD9CE7A3F57A73E383A36901
S21403E2B018F1FF38013BA361DAE7454601F03EF962
S21403E2C081462046FFF77EFD484601F032F90023DB
S21403E2D0C0E7BDE8F88300BFA03E0020983E0020BC
S21403E2E01A5F002010B5044601F01BF94FF0B04248
S21403E2F0936A1907FCD4136A116C5269120704D483
S21403E300CA1A032A01D899420ED1E21A022A98BFE2
S21403E310DC1CB4F1FF3F38BF013C4FF0B04308228A
S21403E3201C6403F580539A6101F0F6F8054A1378E6
S21403E3303BB14FF0B041CB6B43F00203CB630023FA
S21403E340137010BDF76E002007B5044B01A91879AA
S21403E35001F08DF9019803B05DF804FBCC98040036
S21403E36000F001038207034A48BF43F008039361A2
S21403E370704700BF00100058820700F001030AD55B
S21403E3800121064A43F0080311704FF0B041CA6BEF
S21403E39022F00302CA63024A93617047F76E0020B5
S21403E3A000200058830742BF0822014B5A6170477A
S21403E3B00010005873B502AB164603E90600044680
S21403E3C000F052FF0546204600F05EFF9DF8002051
S21403E3D08DB1202C33780ED8012B2ED84FF6FF752F
S21403E3E02D4803EB4313234430F81310A94202D0FD
S21403E3F0013120F81310294B294E33F8141036F840
S21403E4001400814232D34FF6FF75A9424FF001053F
S21403E41002D0013123F8141004F0FD01092927D195
S21403E420998AB68A0A44B242B4BF9A829E8233F865
S21403E4301430834227D202B070BD022BDBD14FF6D5
S21403E440FF704FF6FF75144B33F81410814218BF54
S21403E450013104F1210018BF23F8141033F810100B
S21403E460A9421CBF013123F81010C4E70025D0E7EA
S21403E4701D2CDCD1598F8E18864203DA01390A44E3
S21403E4805A87D4E75887002DD5D1204602B0BDE879
S21403E490704001F0D7B900BF28590020005A002069
S21403E4A0AC59002038B50D46044601F047F8064A35
S21403E4B013889BB22DB123431380BDE8384001F087
S21403E4C038B823EA0403F7E7EE5D00200022034B87
S21403E4D001214FF480701A70FFF7E4BF49650020EE
S21403E4E008B5054B1868FCF7C2FB00F00300C31E13
S21403E4F05842584108BD00BF2056002038B5044690
S21403E50001F03EFA0C4B05461978187981420FD074
S21403E510631E082B0CD8DFE803F0050D0B0D0B0D5F
S21403E5200D0D0D0000220146044B1868FCF79DFBF9
S21403E530284638BD0022F7E7256F00202056002026
S21403E54038B54FF0FF300C46FFF77BF80A4B05460D
S21403E5501868FFF776F8641B241A20B210F1630FCD
S21403E56006DB10F1240F05DA64308000C0B238BD34
S21403E5700020FCE7FF20FAE72056002008B5134BDF
S21403E5801B78062B04D040F62101114801F0CBF886
S21403E590104B1B881B0704D440F622010C4801F0DD
S21403E5A0C2F80D4B2A201978FFF7A8FF0021082090
S21403E5B0FFF778FF0222094B1A70094B1868E3F736
S21403E5C06BFBBDE8084001F02AB900BF496500208F
S21403E5D033950400EE5D0020466500205A6F002048
S21403E5E02056002010B50E4C236823B940F6A341ED
S21403E5F00C4801F098F82068013001F072F900F039
S21403E600070003280AD1246809220121204600F0C6
S21403E610E3FB205C031F5842584110BD0020FCE773
S21403E620105600203395040038B50C4640B100213F
S21403E6300420FFF737FF01F0F2F8012C1DD038BD98
S21403E640244B1B889B07F6D50129234A2FD1117823
S21403E65069B30139C9B2117011B92020FFF722FF3F
S21403E66000210220FFF71EFF04221C4B00211C483A
S21403E6701A7000F05DFD01F0D2F81A4C20680130E4
S21403E68001F02FF900F44060B0F5006F1FD1246845
S21403E69001210422204600F09FFB204401F021F9CB
S21403E6A00146BDE838400022202001F0E3B80021EF
S21403E6B00D4D02201170FFF7F5FE2B78FF2B04D0CB
S21403E6C040F29961094801F02EF82C70B3E74FF633
S21403E6D0FF71E6E7EE5D00204865002049650020EF
S21403E6E0586C0020105600205B6F00203395040002
S21403E6F038B5134C05462388580709D5FFF7F0FEAF
S21403E70001460720FFF7FAFEFF210120FFF78CFFE3
S21403E710238899070BD50B4B284619788A1F514235
S21403E7205141FFF7EBFE01210020FFF77DFF238811
S21403E7301B0703D5BDE83840FFF720BF38BD00BF31
S21403E740EE5D002049650020F7B5124CD4E900655C
S21403E75086EA020C85EA03070CEA000C0F405CEA23
S21403E760070E15D086EA0C067D40C4E90065CDE9A0
S21403E77000230B46084902460868FBF73AFE38B101
S21403E7804FF4FD71054803B0BDE8F04000F0CBBF81
S21403E79003B0F0BDC01600202056002033950400B9
S21403E7A008B50A4B1B88DB0604D440F64701084825
S21403E7B000F0B9FF00211020FFF774FE002000F0E0
S21403E7C06BFBBDE8084001F02AB800BFEE5D0020F1
S21403E7D0339504002DE9F04F5706804614461D4630
S21403E7E091B005D5FFF77CFE01460120FFF786FEB4
S21403E7F0EE0403D500212D20FFF780FEA00224D5CA
S21403E8004046FCF7E0FA0146F8B94020FFF74AFE17
S21403E81040460AA9FBF7B4FEB8B99DF83030022B80
S21403E82040F0D980BDF8280000F0B6FDFF2808D1D7
S21403E8304046FBF7A3FE40B901214020FFF732FE16
S21403E84003E000F0C3FD0028F2D1A10305D5FFF7CE
S21403E85047FE01460320FFF751FEE20104F08076EF
S21403E86040F1C080854B1B889B072DD5844E3068AE
S21403E870FBF71BFE40BB834B834F18703B78FF2B85
S21403E88004D040F25761814800F04DFF4FF0000975
S21403E89000210220FFF706FE87F800907C4F3B78A6
S21403E8A0062B07D101210820FFF7FCFD4946282047
S21403E8B0FFF724FE3B78052B06D100212B20FFF71C
S21403E8C01DFE3068E3F7E8F900F0A9FF220717D525
S21403E8D06B4F0321386805AAFBF701FE064620B9ED
S21403E8E040F2C961694800F01EFF9DF81430072BFB
S21403E8F000F0D080FFF7F4FD01460420FFF7FEFD8D
S21403E900E10505D5FFF7ECFD01460420FFF7F6FD0C
S21403E91014F4863F05D0FFF7E3FD01460220FFF718
S21403E920EDFDA20113D5FFF7DBFD01460820FFF737
S21403E930E5FD00210420FFF7B5FD554B1B78012BA1
S21403E94003D14F4B1868E3F7A7F900F068FF14F0FC
S21403E950084F09D0FFF7C4FD01460720FFF7CEFD99
S21403E960FF210120FFF760FEA30009D5FFF7B8FDDE
S21403E97001460620FFF7C2FDFF210120FFF754FEE4
S21403E980A70705D53D4B1B881E0701D5FFF7F6FDE8
S21403E9906C0603D500210A20FFF7B0FD280602D532
S21403E9A00120FCF721FAE90540F1858140460AAAD1
S21403E9B005A9FCF758F99DF81430222B00F06D8159
S21403E9C000F28281152B40F26A8140F60A112F4825
S21403E9D000F0A9FE6FE1032B7FF437AF0AA801F01E
S21403E9E06AF830E705F0020756EA07030DD0284B0E
S21403E9F026201978A1F1060EDEF1000141EB0E0187
S21403EA00FFF77CFD0121304611E004F0805656EAFC
S21403EA1007030FD01E4B26201978A1F1060CDCF154
S21403EA20000141EB0C01FFF769FD02213846FFF7B1
S21403EA30FBFD4BE704F0884151EA060309D0144B6B
S21403EA40272019788F1F79427941FFF757FD022156
S21403EA50D9E705F008030B4302D02320FFF74EFD4A
S21403EA60680703D500212420FFF748FDE9077FF553
S21403EA702DAF00212520FFF741FD27E7EE5D00209F
S21403EA8020560020486500205B6F00203395040065
S21403EA9049650020314638680AAAFBF726FD20B1EF
S21403EAA04FF4DA619E4800F03EFEBDF81630386833
S21403EAB002330AA9ADF82C30FBF719FD20B140F25A
S21403EAC0DF61974800F02FFE0023009331460423AE
S21403EAD0386804AAFBF70DFD042804D040F2E4616D
S21403EAE08F4800F020FEDFF8589299F80030C3BB39
S21403EAF00DF1110000F0F5FE00F00700022830D1FA
S21403EB00FFF7EEFC01460920FFF7F8FC854B1B7860
S21403EB10062B23D1844B9DF813201B789A421DD1D4
S21403EB209DF8353023B940F2FA617D4800F0FBFDCD
S21403EB300DF1110000F0D5FEC0F300163146292072
S21403EB40FFF7DCFC00210820FFF7ACFC774B1E70B8
S21403EB50FFF748FD10B93868E3F79EF800F05FFE4C
S21403EB60CEE6BDF816000121083080B200F068FA40
S21403EB70039030B9FFF7B4FC01460420FFF7BEFC50
S21403EB80ECE700F0E9F905AA014606463868FBF704
S21403EB90B8FC99F800A0BAF1000F22D106F1010BD8
S21403EBA0584600F09EFE83065AD53868FCF70BF9E4
S21403EBB00746FFF795FC05370146F8B2FFF79EFCBC
S21403EBC0584600F08EFE00F007000328584F2DD05D
S21403EBD001210420FFF766FC4FF0FF30FBF7B0FC83
S21403EBE0386000225349BDF816300978F718F154F7
S21403EBF09DF83630BB709DF83730FB700A9B190EB4
S21403EC003971190C7971FB71190A99F80030B971C9
S21403EC1023B9737892B343F020037370002000F097
S21403EC2069F97870039800F071FA97E701210922D1
S21403EC30304600F0D1F8305C01210428C9D1FFF733
S21403EC4031FC4FF0FF30FBF77BFC3B4B38601B88F7
S21403EC505806C6D551464020FFF724FC0122C1E7DB
S21403EC60FFF73EFC01460920FFF748FC2D4B1B78B7
S21403EC70012BB6D13868E3F70FF8B2E723F0200389
S21403EC80CBE701227E33DBB202FA03F313F00A1F4B
S21403EC9031D113F0011F3FF498AE27202CE0012258
S21403ECA002FA03F3254A1A402ABB13F0041FF4D1D1
S21403ECB0DA077FF58AAEAB052FD50121802011B088
S21403ECC0BDE8F04FFFF7EEBB652B1AD8622B12D8C0
S21403ECD0452B0CD8422B0ED8352B06D8322B0AD808
S21403ECE0252B08D9322BD8D06FE6422BFBE7552BC2
S21403ECF005D8522BF7D92620FFF7FAFCDBE7622B61
S21403ED00F1E7952B3FF661AE812BBAD8722BC4D0B0
S21403ED10733B022B3FF659AEEDE711B0BDE8F08F1B
S21403ED203395040049650020456500205A6F00208E
S21403ED300C5600205C6F0020EE5D00203A00380081
S21403ED404C650020024B1878B0FA80F040097047F3
S21403ED504965002008B5064B4FF0FF311868FBF7EE
S21403ED60A8FF0028B8BF033040F3870008BD00BFE4
S21403ED702056002008B5074B1868FBF7CFFA30B1CA
S21403ED80054BB3FBF0F083B20BB1184608BD012068
S21403ED90FCE700BF2056002040420F0038B5102085
S21403EDA00C460121FFF77EFB064B1D68FFF7E2FFCB
S21403EDB0012200FB04F1044B2846FBF75FFF00200B
S21403EDC038BD00BF20560020A1E70300014800F02D
S21403EDD0AABC00BF4D950400032A70B5144602D89A
S21403EDE02C4B985C70BD81F0010519B90D2A07D12B
S21403EDF0FF20F7E70D2A03D100780538C0B2F1E704
S21403EE00084400F06EFDC5F1040110F440660246A6
S21403EE10C9B209D1042C0846E4D0052C16D112F049
S21403EE20400F18BF0846DDE7C5F10603042CD8B229
S21403EE30D8D0B6F5006F03D1C5F10805E8B2ECE704
S21403EE40B6F5406FE9D1C5F10E05F7E712F4404178
S21403EE5007D1062CC6D0072CC4D0082C13D10130FA
S21403EE60CCE755065CBF831CD8B2062CBAD0B1F5E6
S21403EE70004F02D1831CD8B2EDE7B1F5404FEAD17B
S21403EE8000F10803F7E7130744BF0530C0B20C2CA4
S21403EE90A8D9ADE7B4E00400AC2370B5094C054629
S21403EEA003FB00435E6D26B940F2FD31064800F0D1
S21403EEB03AFCAC2303FB0544002363653346BDE8F5
S21403EEC070401847245600208A95040010B40C4658
S21403EED01146AC22064B02FB0033586D20B95C6525
S21403EEE05DF8044BFFF75ABF02205DF8044B7047EA
S21403EEF024560020AC22034B02FB003393F8A800F1
S21403EF00704700BF2456002028B1034B1B68C01A65
S21403EF104010013080B27047E456002030B1044BF5
S21403EF2000F100401B68013803EB4000704700BF48
S21403EF30E4560020064B1B68834206D8054B1B6825
S21403EF40834294BF0020012070470020704700BF13
S21403EF50E4560020E056002010B5044608B9002009
S21403EF6010BD00F01BFD20B940F2CD41074800F06C
S21403EF70DAFB2046FFF7D2FF0028F0D00388DB0B2E
S21403EF8014BFD0F80A000830EAE700BF6195040012
S21403EF9010B508B9002010BDFFF7C0FF044600F007
S21403EFA0F4FC20B94FF49D61064800F0BCFB002C2E
S21403EFB0F0D02388DB0B0ABF60882089C0F30C00DF
S21403EFC0E9E700BF6195040038B5FFF7A7FF0D46D4
S21403EFD0044650B100F0D9FC20B940F24151034831
S21403EFE000F0A1FB023534F8150038BD6195040026
S21403EFF070B5FFF793FF0C4616460546B0B100F012
S21403F000C4FC20B940F24D510C4800F08CFB30464E
S21403F010FFF784FF00F0B9FC20B940F24E510748D1
S21403F02000F081FB023425F8146070BD40F25251A3
S21403F030BDE87040014800F076BB00BF6195040050
S21403F0402DE9F8430746884600F00FFC20B940F246
S21403F0508E512A4800F067FBFC1CA408284B64006A
S21403F0600434B7F5005F1E68A4B204D340F295518A
S21403F070224800F058FB00F061FA224981460B68EB
S21403F0807BB9214B1D68761BC6F34F06B44227D9BE
S21403F0900025484600F04DFA2846BDE8F843FFF73A
S21403F0A033BFB8F1000F11D0174A15685A1BC2F3C5
S21403F0B04F029442ECD81448620005EB4404046003
S21403F0C0B8F1000F0FD113440B600CE0F61AC6F329
S21403F0D04F0676B940F2A651084800F024FBD7E75E
S21403F0E005EB44041C6000236F80AB80EB802B8011
S21403F0F0CFE7B442CCD8044A1568DCE76195040030
S21403F100E8560020D0560020E056002038B50546C5
S21403F11000F014FA044629460448002200F04BFC8B
S21403F1202046BDE8384000F004BA00BFF45D002076
S21403F13082684B4B2DE9F0419A4204460E46056819
S21403F14015D121B140F21311464800F0ECFA00F055
S21403F150F5F923691BB92B682BB924612C60BDE82C
S21403F160F04100F0E6B91A6922611C61F6E700F087
S21403F170D3FA8046FEF76AFA20B14FF49571394800
S21403F18000F0D1FA6FF000439E4221694BD22B7BED
S21403F19008EB0602002B4DD0AB6893424AD1531CB2
S21403F1A0002949D06169994242D01EB9521AB2F178
S21403F1B0004F3DD9636123696E689C4203D19D214C
S21403F1C0284800F0B0FA2F460023B4420BD0002B99
S21403F1D041D172696169891AB1F1004F32D8326937
S21403F1E0374694422CD12269BD420CBF6A603A610D
S21403F1F07BB92669B44203D1B8211A4800F093FAC2
S21403F2003B46012E05D062697169521AB2F1004F6E
S21403F21023D99D420BBF6B681A69236122610CBF19
S21403F2206C601C6104E0434431B162699342C1D10E
S21403F230BDE8F0811346B3E76A6822616C60B9E7FC
S21403F2401646C6E7A8EB0202B2F1004FC7D93B4603
S21403F25037463669B9E71F46F9E733463669D0E7D6
S21403F2608D370200759504000823064A12F8011B21
S21403F270814205D0013B13F0FF03F7D118467047D0
S21403F2800120704765E104000823064A12F8011BB3
S21403F290814205D0013B13F0FF03F7D118467047B0
S21403F2A0012070475DE1040010B5082207490446B3
S21403F2B0DCF792FBB0FA80F04FF6FF732289400921
S21403F2C040009A4208BF40F0010010BD76E10400FA
S21403F2D030B504460D4685B002B9084A1068516831
S21403F2E001AB03C301AB03CB20602046ADF80C5043
S21403F2F01B886160238105B030BD00BF091F040071
S21403F300002270B50A4B1C780A4BD5B2AC4202D821
S21403F31000200C7008E01E880132864205D30D706B
S21403F3201B881B1A5842584170BD1233EDE700BFC5
S21403F330C6640020AC5B0020F8B5154B04461D6878
S21403F3400E46E5B1134B1F78874218D900EB4003EE
S21403F35005EBC30526B92B69DA0712D42046F8BD98
S21403F36008223146281DDCF737FB50B92B69DB072B
S21403F370F4D40134E4B2A74205F11805F0D1FF2412
S21403F380ECE70134E4B2A74205F11805E2D1F6E74B
S21403F3904C5700207A6F00200A4B01461B6830B595
S21403F3A02BB1094A14780022D0B2844201D8FF2038
S21403F3B030BD5D888D4202D11D69ED07F8D4013258
S21403F3C01833F1E74C5700207A6F00200F4A0346A4
S21403F3D01068D0B10E4A12789A4215D919B203EBC7
S21403F3E0430300EBC300036913F001000DD0094A81
S21403F3F0126832F8112002F4E2622AB913F00C0FF5
S21403F40014BF012000207047012070474C5700208E
S21403F4107A6F002048570020094B1B686BB1094AD6
S21403F4201278824209D900EB4000C20003EBC00009
S21403F4300169C90701D5985C7047FF20704700BF74
S21403F4404C5700207A6F00200C4A0346106890B190
S21403F4500B4A12789A420DD903EB430300EBC30021
S21403F460D0E9043213F001004FF0000104D018462F
S21403F4701146704700200146704700BF4C570020D6
S21403F4807A6F002010B5164B187860B1154C2368B8
S21403F490CBB14FF4707200201349FFF717FD2368B2
S21403F4A0013B236010BDFFF755FC1049104A91F944
S21403F4B00040136884420B4C03F101031360236876
S21403F4C0B8BF087053B90B4800F09DFA0028E9D17D
S21403F4D0BDE8104001460748FFF72ABE0822DAE7D0
S21403F4E0A86500206857002085F40300A365002064
S21403F4F060570020646E0020054B1B682BB9054B34
S21403F5001868003818BF012070470120704700BFF5
S21403F510585700205457002010B962B6BFF36F8FB8
S21403F5207047EFF3108072B67047302383F3118869
S21403F530704780F31188BFF36F8F7047EFF3118026
S21403F540302383F311887047002070474FF4004040
S21403F55070474FF47A7070470122417803788A40E7
S21403F56030214B4341F2100103F1A04303F57033FE
S21403F5705A507047B0F5802F24D010D8B0F5003F0E
S21403F58022D006D828B3B0F5803F14BF0120482008
S21403F5907047B0F5403F14BF01202C207047B0F5EC
S21403F5A0302F13D008D8B0F5E02F11D0B0F5202FA8
S21403F5B014BF012010207047B0F57F0F14BF012041
S21403F5C0062070474B2070472A207047112070474B
S21403F5D02120704708B570B100F022F84FF0984329
S21403F5E05A6CD202FCD5586D10F4702004D0BDE8D6
S21403F5F00840FFF7BFBF212008BD08B528B1282261
S21403F6000021DBF79DFE002008BD2120FCE7036AEE
S21403F610042B9FBF00EB83020133D1600362704764
S21403F620036A052B14D84FF09842116CC902FCD517
S21403F63004339B0013650168103B11604168116039
S21403F64050F8081F11604FF098420344984200D1C7
S21403F650704750F8041F1160F8E7836813B9816098
S21403F66070475B685A68012AFBD15960704709B135
S21403F67000F008B822207047012100F046B80021A8
S21403F68000F043B870B506460D46FFF757FF04462D
S21403F6901D2E37D8DFE806F00F18361C1E2036223C
S21403F6A0243636362628362A2C2E30363636363448
S21403F6B0363636363632FDF7D9FF00262860204622
S21403F6C0FFF737FF304670BD0120CAF771FDF4E738
S21403F6D00320FAE70420F8E70C20F6E70220F4E715
S21403F6E00620F2E70720F0E70820EEE70520ECE720
S21403F6F00920EAE70A20E8E70D20E6E71020E4E71A
S21403F7000B20E2E700202126D8E70020704708B543
S21403F710FEF730F880B208BD08B5FEF72BF808BD33
S21403F720704742DE704738B504460D4600F008F8C9
S21403F730FFF7FBFE29462046BDE83840FFF7F1BF3A
S21403F740704710B962B6BFF36F8F704701207047DA
S21403F7502DE9FF410D4616461F460446A8B14FF055
S21403F7600008C0F81C80FEF7FDFBBDF82C304246AF
S21403F77002939DF828302946CDE900732046334688
S21403F780FEF7B8FB04B0BDE8F0812220FAE7F0B537
S21403F7901F46002387B00D46164604468DF81730DD
S21403F7A0A8B1C3610DF11701FEF7FEFB9DF8172004
S21403F7B07AB9BDF83430294602939DF83030204696
S21403F7C0CDE900733346FEF795FB07B0F0BD222064
S21403F7D0FBE70320F9E738B5FFF7B0FE054600F070
S21403F7E016F804462846FFF7A4FE204638BD4FF019
S21403F7F0B04301285B6904D0022805D1C3F3C000D7
S21403F800704703F0010070470020704770474FF0C1
S21403F810B0439A6A1207FCD4186A7047704708B553
S21403F820FFF7FCFF00F01DF808BD10B5FFF779FEE3
S21403F830012104460846FEF739F82046BDE8104085
S21403F840FFF76ABE10B5044600F012F82046FAF732
S21403F850E3FC2046F7F7F4FDBDE81040F9F7ABB933
S21403F860704708B5FFF7FCFF08BD012070477047D7
S21403F8700020704730B589B00446ADF806108DF801
S21403F8801020FFF7F1FC05462046FFF7FDFC034674
S21403F8909DB1BDF80600ABB900F0BAF8FF2808BF63
S21403F8A000200DF10F038DF80F001A462046049929
S21403F8B00593FEF77FFD09B030BD0028F5D00DF1A6
S21403F8C00603F2E700F0A4F8FF2808BF0020BDF8FF
S21403F8D006308DF80F00ADF81A308DF8180006AB19
S21403F8E0E3E7008870470170090A417070470120FA
S21403F8F070470120704738B5DAF762FC0446CFF745
S21403F900DDFE051E18BF2546CFF7AAFF041E18BF47
S21403F9102C46FFF7ECFF002818BF204638BD38B545
S21403F920FEF714F90446F6F741FF04281ED0022812
S21403F9304FF0000508BF0124F7F751FE042817D03F
S21403F940022808BF0124F7F769FB042812D002280F
S21403F95008BF0124FFF7CDFF04280DD0022808BFF7
S21403F9600124002D18BF0024204638BD0125E3E7F7
S21403F9700125E8E70125EDE70024F5E7FF207047BA
S21403F98008B5FFF7FBFF002008BD08B520B1FFF759
S21403F990D1FA00F0010008BD0120FAE708B5FFF729
S21403F9A0BDFABDE80840FFF7F0BF008810B1C9B242
S21403F9B0FFF70ABB70472DE9F041B0F80080064612
S21403F9C00C46D5B2B8F1000F11D029464046FFF7D2
S21403F9D0FBFA2246074629464046FFF709FB3A4606
S21403F9E029462046FFF704FB3480BDE8F0810F4626
S21403F9F0F5E703461B8808468B4202D00021FFF733
S21403FA00E3BA002070470069003818BF012070472A
S21403FA1000207047F8B506460D46FFF745FC032859
S21403FA20044621D02846FFF73FFC032807461BD091
S21403FA3010F0020318D1A0070DD5F90716D4012339
S21403FA403C43E20704D431892A89914218BF002334
S21403FA5003F00100F8BD082229463046DBF7BCFF59
S21403FA60B0FA80F35B09EBE70020F3E71846F1E70B
S21403FA7070B50D4600210646FFF797FF044630B1E2
S21403FA80FFF76AFA01462846FFF7C4FF08B1204687
S21403FA9070BD21463046FFF7ACFFEFE707B50DF123
S21403FAA00701FFF72DFC20B19DF8070003B05DF8B2
S21403FAB004FBFF20FAE708B500F009F8FF2804D096
S21403FAC0FFF7C2FCC0F3C00008BD0120FCE70146F7
S21403FAD00020FFF731BC08B5FFF75EFCFF3818BF00
S21403FAE0012008BD2DE9F843074608461546884613
S21403FAF01C469DF82090FFF72FFA4619A4B19EB135
S21403FB004046FFF745FA254485420FDC2246B9F105
S21403FB10000F06D131463846DBF764FC0020BDE80B
S21403FB20F88339463046F7E72120F8E71D20F6E745
S21403FB3000000000000000000000000000000000BD
S21403FB40F8B500BFF8BC08BC9E467047F8B500BFC2
S21403FB50F8BC08BC9E4670475FF800F07567002047
S21403FB605FF800F0D9660020446576696365207403
S21403FB70797065206368616E676520646574656384
S21403FB807465643A202564202D3E2025640D0A0002
S21403FB9050726573732064657465637465640D0AD7
S21403FBA0004D756C74692070726573732064657498
S21403FBB065637465643A2025640D0A0052656C65B6
S21403FBC06173652064657465637465640D0A004C2F
S21403FBD06F6E6720707265737320646574656374F3
S21403FBE065640D0A006D65746572696E673A206E0A
S21403FBF06F20636F756E74657220617661696C61E0
S21403FC00626C6520666F722043460D0A006D65744C
S21403FC106572696E673A206E6F20636F756E7465E2
S21403FC207220617661696C61626C6520666F722012
S21403FC304346310D0A006D65746572696E673A2036
S21403FC40424C303933372064726976657220737498
S21403FC5061727465642028696E74657276616C20BF
S21403FC602564206D73290D0A0072656C61795F73D4
S21403FC70746172745F6C61746368696E675F7075D4
S21403FC806C73653A20616E6F746865722070756C6C
S21403FC907365206973206163746976650D0A007263
S21403FCA0656C61795F6F6E0D0A0072656C61795FD2
S21403FCB06F66660D0A0072656C61795F746F6767BD
S21403FCC06C650D0A0057726974696E6720636F6E00
S21403FCD066696720746F206E763A2025730D0A00D6
S21403FCE053697A653A2025640D0A004661696C6596
S21403FCF06420746F207772697465204445564943BF
S21403FD00455F434F4E4649475F4441544120746F15
S21403FD10204E562C207374617475733A2025642E16
S21403FD20202862797465733A202564290D0A0073C6
S21403FD30756363657373210D0A004661696C6564B8
S21403FD4020746F2072656164204E565F4954454D9A
S21403FD505F4445564943455F434F4E4649472C202B
S21403FD607573696E672064656661756C7420636F6E
S21403FD706E66696720696E73746561642C2073749C
S21403FD80617475733A2025642E202862797465732E
S21403FD903A202564290D0A005573696E6720636F40
S21403FDA06E6669673A20256420636861727320660D
S21403FDB0726F6D0D0A25730D0A00736F766C776983
S21403FDC069783B4C65724C696E6B2D342D67616E9A
S21403FDD0673B534230753B5243323B4941353B53B5
S21403FDE04130753B5243313B4941363B53413475B1
S21403FDF03B5242313B4944303B534133753B5243BC
S21403FE00303B4944313B4D3B004E6574776F726B14
S21403FE1020737461747573206368616E676564200C
S21403FE20746F2025640D0A004D616E7566616374F8
S21403FE307572657220746F6F206269670D0A004DD4
S21403FE406F64656C20746F6F206269670D0A0049E2
S21403FE506E697469616C697A696E67205A6967624C
S21403FE6065652077697468202564207377697463F1
S21403FE706865732C2025642072656C6179732C2069
S21403FE80256420636F76657220737769746368658B
S21403FE90732C20256420636F766572730D0A004306
S21403FEA06F6E66696720706172736564207375632D
S21403FEB06365737366756C6C790D0A0072656164AD
S21403FEC02076657273696F6E20666F726D206E653D
S21403FED077206C6F636174696F6E0D0A0046616903
S21403FEE06C656420746F207772697465206C617327
S21403FEF0745365656E56657273696F6E20746F20F2
S21403FF004E562C2073743A2025640D0A004F6C64F9
S21403FF102076657273696F6E3A2025640D0A004376
S21403FF20757272656E742076657273696F6E3A20A9
S21403FF3025640D0A00524553455420414C4C210D6F
S21403FF400A0068616C5F6770696F5F63616C6C62FF
S21403FF5061636B3A2065787469206C696E65202549
S21403FF606C642073746174757320256C750D0A00B8
S21403FF7068616C5F6770696F5F63616C6C62616315
S21403FF806B3A206E6F20667265652045585449208B
S21403FF906C696E65730D0A002F686F6D652F727539
S21403FFA06E6E65722F776F726B2F747579612D7A0B
S21403FFB069676265652D7377697463682F747579ED
S21403FFC0612D7A69676265652D7377697463682F37
S21403FFD073696C6162735F746F6F6C732F73696D93
S21403FFE0706C69636974795F73646B2F2E2E2F2E82
S21403FFF02E2F7372632F73696C6162732F68616C43
S2140400002F7A69676265652E630044726F70706943
S2140400106E67206F6C64204F544120696D6167657C
S2140400202C2063757272656E74206F6666736574D1
S2140400303A20256C750A00556E6B6E6F776E2063DA
S2140400406F76657220636F6D6D616E643A20256409
S2140400500D0A00556E6B6E6F776E20636D642025F7
S214040060640D0A00427574746F6E20707265737343
S2140400702064657465637465642C20627574206EF0
S2140400806F20627574746F6E206973207072657366
S2140400907365640D0A00427574746F6E206C6F6E1F
S2140400A06720707265737320646574656374656431
S2140400B02C20627574206E6F20627574746F6E20C7
S2140400C06973206C6F6E6720707265737365640D58
S2140400D00A004E6F20636F766572207377697463C7
S2140400E06820636F6E66696720696E204E562C2002
S2140400F07573696E672064656661756C74730D0A42
S21404010000417474726962757465206368616E6711
S21404011065642C2065703A2025642C20636C757306
S2140401207465723A2025642C20617474723A202512
S214040130640D0A00556E6B6E6F776E204C6576659F
S2140401406C4374726C20636F6D6D616E643A202527
S214040150640D0A00556E6B6E6F776E204F6E4F6699
S2140401606620636F6D6D616E643A2025640D0A0027
S214040170496E6465782061742077726974652061BD
S2140401807474723A2025640D0A004E6F20737769E2
S21404019074636820636F6E66696720696E204E56C6
S2140401A02C207573696E672064656661756C74735C
S2140401B00D0A00496E76616C69642072656C61791B
S2140401C05F696E64657820256420696E204E562C1F
S2140401D020726573657474696E6720746F20646535
S2140401E06661756C740D0A003E2000556E6B6E6F6A
S2140401F0776E206572726F7200496E707574206235
S21404020075666665722069732046554C4C004D61D0
S21404021078696D756D206E756D626572206F6620E7
S214040220617267756D656E74732065786365656461
S21404023065640054686520617267756D656E742028
S2140402406973206E6F7420666F726D617474656472
S21404025020636F72726563746C7900496E636F72A3
S2140402607265637420617267756D656E7420747947
S214040270706500496E636F7272656374206E756D87
S214040280626572206F6620617267756D656E747341
S214040290004E6F20636F6D6D616E6420666F756EC1
S2140402A0640075696E7438006164646974696F6E9D
S2140402B0616C002A00756E6B6E6F776E0077696CE2
S2140402C06463617264006865786F70740073747236
S2140402D0696E676F70740075696E7433326F70740C
S2140402E00075696E7431366F70740075696E743893
S2140402F06F70740068657800737472696E67007551
S214040300696E7431360075696E743332002E2E2E83
S214040310200068656C70000A25730A25732573002F
S21404032025732008002F686F6D652F72756E6E65D5
S214040330722F776F726B2F747579612D7A69676285
S21404034065652D7377697463682F747579612D7A82
S21404035069676265652D7377697463682F73696C62
S2140403606162735F746F6F6C732F73696D706C6901
S214040370636974795F73646B2F706C6174666F72F3
S2140403806D2F736572766963652F6C656761637933
S2140403905F68616C2F7372632F626173652D72657B
S2140403A0706C6163656D656E742E63002F686F6D87
S2140403B0652F72756E6E65722F776F726B2F7475FC
S2140403C079612D7A69676265652D737769746368E8
S2140403D02F747579612D7A69676265652D737769FF
S2140403E07463682F73696C6162735F746F6F6C7388
S2140403F02F73696D706C69636974795F73646B2FAE
S214040400706C6174666F726D2F736572766963655E
S2140404102F746F6B656E5F6D616E616765722F6CAE
S21404042065676163792F7372632F736C5F746F6B88
S214040430656E5F6D616E616765722E63002F686F0F
S2140404406D652F72756E6E65722F776F726B2F7473
S2140404507579612D7A69676265652D73776974634A
S214040460682F747579612D7A69676265652D73776F
S214040470697463682F73696C6162735F746F6F6C01
S214040480732F73696D706C69636974795F73646BD9
S2140404902F706C6174666F726D2F73657276696304
S2140404A0652F746F6B656E5F6D616E616765722F25
S2140404B06C65676163792F7372632F736C5F746FF7
S2140404C06B656E5F6D616E75666163747572696E79
S2140404D0672E630043757272656E7420436F6E6692
S2140404E069673A20253078005365742043434120D9
S2140404F06D6F646520746F2025643A20253078007B
S214040500656E61626C65640064697361626C6564DF
S214040510006F757428636C69656E742900696E20B3
S2140405202873657276657229004D464720537472A7
S214040530696E673A202573004170704275696C6471
S2140405406572204D464720436F64653A203078250F
S214040550303458006E6F6465205B004164646974CF
S214040560696F6E616C20696E74657266616365732B
S21404057000202025643A200070616765205B2564AE
S2140405805D206368616E205B25645D207077722051
S2140405905B25645D006E6F74206163746976650024
S2140405A06572726F72203078253038580070616E2C
S2140405B04944205B3078253034585D206E6F64657E
S2140405C04944205B3078253034585D2000787061CB
S2140405D06E205B307800706172656E744944205BEF
S2140405E03078253034585D20706172656E745273AD
S2140405F07369205B25645D006E6F6465547970656D
S214040600205B005365637572697479206C65766542
S2140406106C205B253032585D006E6574776F726BA4
S214040620207374617465205B253032585D20004267
S21404063075666665722062797465733A202564204F
S2140406402F20256400457020636E743A20256400CC
S2140406506570202564205B656E64706F696E742017
S21404066025732C206465766963652025735D2000F8
S2140406706E776B205B25645D2070726F66696C65AF
S214040680205B3078253034585D20646576496420D4
S2140406905B3078253034585D20766572205B307880
S2140406A0253032585D0020202020257320636C7589
S2140406B0737465723A2030782530345820004E77AB
S2140406C06B20636E743A202564006E776B20256475
S2140406D0205B25735D005072696D61727920287005
S2140406E0726F290020206E6F646554797065205BF4
S2140406F03078253032585D00202073656375726942
S214040700747950726F66696C65205B307825303278
S214040710585D0045502025643A2025732000457214
S214040720726F723A2020556E6B6E6F776E20656E10
S21404073064706F696E742E00456E61626C65206528
S21404074076656E7420646562756720696E666F20D0
S214040750696E20436F726520434C4920636F6D7049
S2140407606F6E656E74006F6E6C7920636F6F726463
S214040770696E61746F72732063616E20666F726D4A
S2140407800A006A6F696E203078253038580A006C83
S21404079065617665002573203078253032580A0066
S2140407A072656A6F696E44696666446576696365F0
S2140407B054797065006578742E2050414E20494463
S2140407C03A20004E574B206F70656E3A20257520F0
S2140407D0736563004E574B20636C6F7365640066E5
S2140407E0696E64206A6F696E61626C653A2030785F
S2140407F0253032580066696E6420756E75736564BC
S2140408003A20307825303258004368616E67696E46
S2140408106720746F206368616E6E656C2025643A89
S2140408202030782530325800696E76616C69642011
S2140408306E6574776F726B20696E646578005368B2
S2140408406F72742049443A203078253034582C206E
S21404085045554936343A20002C2050616E204944D0
S2140408603A203078253034580053746172746564C5
S214040870206D756C74692D70687920696E74657264
S21404088066616365004661696C656420746F202543
S2140408907320257320307825303258005465726DE5
S2140408A0696E61746564202573203078253032586B
S2140408B0004B65657020616C697665207375707091
S2140408C06F727420656E61626C65642E0066616981
S2140408D06C656420746F20736574206B6565702086
S2140408E0616C697665206D6F64652E00737563634D
S2140408F065737366756C6C792073657420746865AB
S214040900206368696C642074696D656F7574206F04
S2140409107074696F6E206D61736B2E006661696C0E
S214040920656420746F20736574207468652063683A
S214040930696C642074696D656F7574206F70746972
S2140409406F6E206D61736B2E00646973636F7665DA
S21404095072004D61746368202573792066726F6D2A
S214040960203078253034582C206570202564004EBD
S214040970574B204164647265737320726573706F9D
S2140409806E73653A2030782530345800494545451D
S214040990204164647265737320726573706F6E733E
S2140409A0653A20005365727669636520257379205D
S2140409B0646F6E652E0023202074797065202020D5
S2140409C06E776B20206C6F6320202072656D20206C
S2140409D020636C75732020206E6F6465202020656C
S2140409E075690020202564202020203078253034A6
S2140409F0582020307825303458202030782530345C
S214040A0058203078253034582000736C5F7A696734
S214040A106265655F6765745F62696E64696E6720A8
S214040A204572726F723A203078253038580A00259D
S214040A3064206F662025642062696E64696E67733D
S214040A40207573656400656E61626C6564207072FF
S214040A50696E740064697361626C6564207072699F
S214040A606E7400616464206C696E6B206B6579003B
S214040A704552523A2043616C63756C617465642018
S214040A8043524320646F6573206E6F74206D6174E7
S214040A906368004552523A20496E7374616C6C2048
S214040AA0436F6465206D75737420626520382C204E
S214040AB031302C2031342C206F722031382062796A
S214040AC074657320696E206C656E677468004552A1
S214040AD0523A204145532D4D4D4F2068617368208E
S214040AE06661696C65643A20307825303258005364
S214040AF06574206A6F696E696E67206C696E6B2018
S214040B006B6579007365742062696E642025643AA7
S214040B102030782530327800454D50545900554ED3
S214040B20494341004D324F4E45004D554C54490003
S214040B303F2020202000496E6465782049454545BD
S214040B4020416464726573732020202020202020B6
S214040B50204E574B496E6465782020496E204643E4
S214040B60202020202054544C28732920466C61678A
S214040B70202020204B65792020202000256420207A
S214040B802020200020202564202020202020200053
S214040B90202025303858202000203078253034583E
S214040BA0202000496E646578204945454520416407
S214040BB06472657373202020202020202020496E34
S214040BC0204643202020202054797065202041753B
S214040BD0746820204B6579002D20202020200025D5
S214040BE06320202020202563202020202000696503
S214040BF073005741524E494E473A202052454144CD
S214040C00494E47204F46204B45592056414C5545A2
S214040C10532044495341424C4544204259204D46B2
S214040C204720544F4B454E004E574B204B6579009A
S214040C302573206F75742046433A202530385800B3
S214040C40257320736571206E756D3A2030782530D3
S214040C503258002573206F75742046433A20253099
S214040C60387800544320257320002573205461628D
S214040C706C650025642F256420656E74726965733F
S214040C8020757365642E005472616E7369656E74A4
S214040C90204B657900256420656E74722573206385
S214040CA06F6E73756D696E67202564207061636B63
S214040CB065742062756666657225732E0057494C06
S214040CC04C0057494C4C204E4F5400547275737464
S214040CD02043656E74657220257320616C6C6F7793
S214040CE02074727573742063656E74657220726501
S214040CF06A6F696E73207573696E672077656C6CAE
S214040D002D6B6E6F776E206B65792E00536574209D
S214040D1074696D656F757420666F7220547275738E
S214040D20742043656E7465722072656A6F696E73AB
S214040D30207573696E672077656C6C2D6B6E6F77A4
S214040D406E206C696E6B206B657920746F20256449
S214040D50207365636F6E64732E004552524F523A89
S214040D6020002573737461636B206D757374206241
S214040D706520646F776E2E0052656164696E672025
S214040D80416C6C6F7765640048617368696E6720B0
S214040D906F6E6C7900736C5F7A69676265655F6B0A
S214040DA065795F73657474696E67735F743A20302F
S214040DB078253034580020205065726D6973736945
S214040DC06F6E733A202573004572726F723A20462E
S214040DD061696C656420746F2067657420636F6E48
S214040DE06669672C207374617475733A20307825AD
S214040DF0303858004661696C65643A20307825308E
S214040E003858004D73673A20636C75732030782524
S214040E103034582C20636D64203078253032582CBA
S214040E20206C656E202564006275666665723A20DD
S214040E3000454D4245525F0025735345435552497C
S214040E4054595F4C4556454C3A20253032580025B7
S214040E50736572617365206B65792025643A20306A
S214040E60782530385800636D64206E6F7420627580
S214040E70696C740073726320657020253032782C98
S214040E8020636C757320253034780073656E64694E
S214040E906E6720746F206D756C746963617374205B
S214040EA062696E640025733A2065703A2025642CC6
S214040EB020636C3A203078253034582C20617474C2
S214040EC0723A20307825303458002C207376723AE3
S214040ED02025630025733A20726561643A203078D1
S214040EE025303278002C207376723A2025632C2025
S214040EF064747970653A203078253032580041722F
S214040F0067756D656E7420617420696E6465783AE1
S214040F10202564206973206F7574206F66207261C3
S214040F206E676500436F6D6D616E6420616C7265FB
S214040F30616479206275696C742E202043616E6E3C
S214040F406F7420736574204D46472073706563691B
S214040F5066696320636F646520666F7220636F6DD5
S214040F606D616E642E004D464720436F64652053C2
S214040F70657420666F72206E65787420636F6D6D7D
S214040F80616E643A203078253034580055736520F5
S214040F904E6578742053657175656E636520536578
S214040FA07420666F72206E65787420636F6D6D6151
S214040FB06E643A2030782530325800446973616292
S214040FC06C652044656661756C7420526573706F39
S214040FD06E73652053657420666F72206E65787430
S214040FE020636F6D6D616E643A2030782530325818
S214040FF0004552523A2072656164696E67206174D6
S21404100074726962757465202530327800455252D0
S2140410103A206174747269627574652073697A65BE
S21404102020256420746F6F206C6172676520666F7C
S2140410307220627566666572004572726F723A2037
S2140410406174747269627574652049442030782529
S214041050303458207265706F727461626C652063F8
S21404106068616E67652069732073697A65202564F4
S214041070422C206275742025644220656E74657265
S21404108065640A006E6F20636D64004572726F7249
S2140410903A20434C492053656E64206661696C654A
S2140410A0642C207374617475733A20307825303854
S2140410B058004572726F723A2020455549363420DE
S2140410C0617267756D656E7420697320656D7074E2
S2140410D07920616E64206C6F6F6B75702062792066
S2140410E06E6F6465204944206661696C65642E00F1
S2140410F047726F757000556E696361737400556E40
S21404110062696E6420257320257330782530325842
S21404111000526571756573743A20005A444F207303
S214041120696D706C65206465736320726571202533
S214041130303278005A444F206E6F646520646573BD
S21404114063207265712025303278005A444F206D32
S214041150617463682064657363207265712025304A
S2140411603258005573696E67206D79206C6F636121
S2140411706C20455549363420666F72206465737456
S21404118020455549363420696E2062696E64696E5E
S21404119067005A444F2062696E6420726571202588
S2140411A030327800636C7573746572206C696D698F
S2140411B074207265616368656400696E76616C6943
S2140411C06420706167653A202564206F7220636826
S2140411D0616E6E656C3A202564004368616E6765CF
S2140411E0206368616E6E656C207374617475733AFF
S2140411F020307825303278006475726174696F6EB9
S214041200206D75737420626520696E2072616E6746
S214041210652030202D203500636F756E74206D7543
S214041220737420626520696E2072616E6765203172
S214041230202D2038007363616E2073746174757397
S21404124020307825303258006E6574776F726B20C4
S2140412507570646174652073657420737461747545
S21404126073203078253032580041637469766520DF
S2140412704550207265717565737420737461747556
S214041280733A20307825303258004C514920546146
S214041290626C6520726571756573743A20307825C2
S2140412A03032580042696E64696E67205461626C1D
S2140412B06520726571756573743A2030782530320E
S2140412C058004C6561766520257330782530325891
S2140412D000506F7765722044657363726970746F2B
S2140412E072202573307825303258005573696E673E
S2140412F0206D79206C6F63616C2045554936342027
S214041300666F7220646573742045554936342069C7
S2140413106E20756E62696E64696E6700526F7574CE
S21404132065205461626C6520257330782530325808
S214041330002F686F6D652F72756E6E65722F776FEE
S214041340726B2F747579612D7A69676265652D7382
S21404135077697463682F747579612D7A6967626535
S214041360652D7377697463682F73696C6162735F44
S214041370746F6F6C732F73696D706C6963697479BD
S2140413805F73646B2F70726F746F636F6C2F7A6900
S214041390676265652F6170702F6672616D65776F21
S2140413A0726B2F636F6D6D6F6E2F736C5F7A6967E8
S2140413B06265655F73797374656D5F636F6D6D6F7A
S2140413C06E2E6300457874656E646564205265739A
S2140413D0657420696E666F3A20307825303458205C
S2140413E028257329002F686F6D652F72756E6E65DC
S2140413F0722F776F726B2F747579612D7A696762B5
S21404140065652D7377697463682F747579612D7AB1
S21404141069676265652D7377697463682F73696C91
S2140414206162735F746F6F6C732F73696D706C6930
S214041430636974795F73646B2F70726F746F636F14
S2140414406C2F7A69676265652F6170702F667261AA
S2140414506D65776F726B2F636F6D6D6F6E2F7A6924
S214041460676265655F6170705F6672616D65776FF0
S214041470726B5F736C6565702E63005374617920BC
S2140414806177616B65207768656E206E6F74206A7D
S2140414906F696E65643A20257300466F72636564EF
S2140414A02073746179206177616B653A202020206F
S2140414B0202020202020257300466F7263696E6703
S2140414C02064657669636520746F2073746179207F
S2140414D06177616B6500416C6C6F77696E67206439
S2140414E0657669636520746F20676F20746F207358
S2140414F06C656570002F686F6D652F72756E6E650E
S214041500722F776F726B2F747579612D7A696762A3
S21404151065652D7377697463682F747579612D7AA0
S21404152069676265652D7377697463682F73696C80
S2140415306162735F746F6F6C732F73696D706C691F
S214041540636974795F73646B2F70726F746F636F03
S2140415506C2F7A69676265652F6170702F66726199
S2140415606D65776F726B2F636F6D6D6F6E2F7A6913
S214041570676265655F737461636B5F736C656570E2
S2140415802E630052583A205265736574546F466150
S21404159063746F727944656661756C747343616CC9
S2140415A06C6261636B00657A737020636F756E742A
S2140415B0657273206661696C656420257500657ABA
S2140415C07370205265736574205468726573686F0F
S2140415D06C64206572726F7220257500657A73706C
S2140415E020536574205468726573686F6C64206554
S2140415F072726F72202575002575292025733A208E
S21404160025750053657474696E6720546872657333
S214041610686F6C6420636F6D6D616E64003F3F3F5E
S214041620004D6163205278204263617374004D61FB
S21404163063205478204263617374004D61632052C2
S21404164078205563617374004D6163205478205587
S21404165063617374004D616320547820556361732D
S21404166074205265747279004D6163205478205555
S21404167063617374204661696C004150532052784C
S21404168020426361737400415053205478204263AF
S214041690617374004150532052782055636173740B
S2140416A00041505320547820556361737420537559
S2140416B06363657373004150532054782055636107
S2140416C07374205265747279004150532054782004
S2140416D05563617374204661696C00526F75746556
S2140416E0204469736320496E697469617465640093
S2140416F04E65696768626F72204164646564004E73
S21404170065696768626F722052656D6F76656400FE
S2140417104E65696768626F72205374616C65004A2F
S2140417206F696E20496E6469636174696F6E004305
S21404173068696C64204D6F76656400415348204F99
S214041740766572666C6F7700415348204672616D09
S21404175065204572726F7200415348204F76657259
S21404176072756E204572726F72004E574B20464358
S214041770204661696C7572650041505320464320CB
S2140417804661696C7572650041534820584F666619
S2140417900041505320556E617574686F72697A659E
S2140417A064204B6579004E574B204465637279700C
S2140417B074204661696C7572657300415053204409
S2140417C0656372797074204661696C75726573001E
S2140417D05061636B65742042756666657220416C61
S2140417E06C6F63617465204661696C75726573001D
S2140417F052656C6179656420556361737400506842
S2140418007920746F204D4143207175657565206C91
S214041810696D69742072656163686564005061630C
S2140418206B65742056616C69646174652064726FBC
S2140418307020636F756E74004E574B207265747219
S21404184079206F766572666C6F7700434341204655
S21404185061696C757265730042726F61646361736B
S21404186074207461626C652066756C6C005054411B
S214041870204C6F20507269205265710050544120EC
S2140418804869205072692052657100505441204CBA
S2140418906F205072692044656E6965640050544137
S2140418A0204869205072692044656E69656400505A
S2140418B05441204C6F205072692054782041627243
S2140418C0740050544120486920507269205478208E
S2140418D041627274004164647265737320436F6E70
S2140418E0666C6963742053656E740043534C2052CF
S2140418F078207363686564756C65206661696C65D9
S21404190064000D004465627567207072696E742009
S21404191067726F75702025730A0057726F6E6720A2
S214041920706172616D657465720A0046696E642042
S214041930616E642042696E6420496E6974696174DC
S2140419406F723A20436F6D706C6574653A20307818
S214041950253032580053746172742074617267655E
S214041960740046696E6420616E642042696E642069
S2140419705461726765740025733A2025733A2030E3
S214041980782530325800467261676D656E746174EE
S214041990696F6E2052582077696E646F772073697A
S2140419A07A652073657420746F202564002F686F31
S2140419B06D652F72756E6E65722F776F726B2F74EE
S2140419C07579612D7A69676265652D7377697463C5
S2140419D0682F747579612D7A69676265652D7377EA
S2140419E0697463682F73696C6162735F746F6F6C7C
S2140419F0732F73696D706C69636974795F73646B54
S214041A002F70726F746F636F6C2F7A696762656587
S214041A102F6170702F6672616D65776F726B2F70B1
S214041A206C7567696E2F667261676D656E74617436
S214041A30696F6E2F667261676D656E746174696F27
S214041A406E2E630052583A2041646447726F757074
S214041A50526573706F6E7365203078253032582C5B
S214041A60203078253034580052583A205669657725
S214041A7047726F7570526573706F6E736520307839
S214041A80253032582C203078253034582C2022002B
S214041A9052583A2047657447726F75704D656D628B
S214041AA0657273686970526573706F6E7365203003
S214041AB078253032582C203078253032582C0020A7
S214041AC05B3078253034585D0052583A2052656DA4
S214041AD06F766547726F7570526573706F6E736557
S214041AE0203078253032582C203078253034580071
S214041AF065705B253032585D2069645B2530345848
S214041B005D00436C656172696E6720616C6C20676A
S214041B10726F7570732E004552523A204661696C96
S214041B20656420746F206372656174652062696EF3
S214041B3064696E672028307825303258290045526B
S214041B40523A2042696E64696E67207461626C65FD
S214041B502069732066756C6C004552523A20777281
S214041B606974696E67206E616D6520737570706F39
S214041B70727420253032580052583A204164644723
S214041B80726F7570203078253034582C20220075FA
S214041B90760052583A205669657747726F757020FA
S214041BA03078253034580075767300766965775F2B
S214041BB067726F75700047726F7570733A2066614E
S214041BC0696C656420746F2073656E6420257320C9
S214041BD0726573706F6E73653A20307825303258AC
S214041BE0006765745F67726F75705F6D656D6265BB
S214041BF0727368697020726573706F6E73650064C3
S214041C00656661756C745F726573706F6E7365007C
S214041C1052583A2047657447726F75704D656D6209
S214041C20657273686970203078253032582C0075D8
S214041C3075620047726F7570733A206661696C65E9
S214041C406420746F2073656E642025733A203078A0
S214041C50253032580052583A2052656D6F766547E3
S214041C60726F757020307825303458004552523AD9
S214041C70204661696C656420746F2064656C6574C5
S214041C80652062696E64696E672028307825303274
S214041C9058290072656D6F76655F67726F757000A0
S214041CA052583A2052656D6F7665416C6C47726F78
S214041CB07570730052583A2041646447726F7570A9
S214041CC049664964656E74696679696E672030781A
S214041CD0253034582C202200616464004368616E09
S214041CE06E656C206E6F742076616C69643A20258C
S214041CF064005072696D617279002573206D61739A
S214041D006B206E6F77203078253038580053656323
S214041D106F6E64617279004D61736B206E6F742010
S214041D2076616C69643A202564007072696D61722C
S214041D3079007365636F6E646172790025733A2067
S214041D40536574202573206D61736B20746F203087
S214041D507825303858005374617475730025733AC7
S214041D602025733A004368616E6E656C206D61735E
S214041D706B3A00202020202831292030782530385E
S214041D8058205B0020202020283229203078253057
S214041D903858205B0053746174653A2030782530D7
S214041DA0325820282573290043757272656E742094
S214041DB06368616E6E656C3A20256400546F7461C6
S214041DC06C20626561636F6E733A202564004A6F07
S214041DD0696E20617474656D7074733A20256400AE
S214041DE04E6574776F726B2073746174653A203035
S214041DF078253032580053746F700025732053745E
S214041E006F702E2020436C65616E696E6720757056
S214041E102E0042726F616463617374696E6720702A
S214041E2065726D6974206A6F696E00547275737496
S214041E302063656E746572206C696E6B206B6579C1
S214041E4020757064617465207374617475730025FD
S214041E50733A205741524E494E473A20736C5F7A84
S214041E6069676265655F7365745F696E69746961E5
S214041E706C5F73656375726974795F737461746596
S214041E80206661696C65642E20436F6E74696E7596
S214041E90696E6720776974686F757420696E7374E9
S214041EA0616C6C20636F64652E004572726F723AC3
S214041EB020696E7374616C6C20636F64652073654F
S214041EC0747570206661696C65642E2049732061A0
S214041ED06E20696E7374616C6C20636F6465206633
S214041EE06C6173686564206F6E746F207468652017
S214041EF06465766963653F00D0D1D2D3D4D5D6D78E
S214041F00D8D9DADBDCDDDEDF00FFFFFFFFFFFFFFF3
S214041F10FF005A6967426565416C6C69616E63656A
S214041F2030390025733A2069737375696E672073B8
S214041F3063616E206F6E202573206368616E6E6524
S214041F406C7320286D61736B2030782530385829DF
S214041F5000257320697320616C7265616479206959
S214041F606E2070726F677265737300537461727457
S214041F70004578616D696E696E6720626561636F9E
S214041F806E206F6E206368616E6E656C202564201B
S214041F90776974682070616E49642030782530341F
S214041FA058005468697320626561636F6E206973B4
S214041FB0206E6F742070617274206F66207468657A
S214041FC02063757272656E74206368616E6E656CEC
S214041FD0206D61736B2028307825303858292E20E0
S214041FE047657474696E67206E65787420626561EF
S214041FF0636F6E2077686F7365206368616E6E65C5
S2140420006C206269746D61736B20697320736574E8
S2140420102E004572726F723A20257320636F756CBA
S21404202064206E6F7420617474656D7074206A6FBA
S214042030696E3A20307825303258004E6F2062653B
S21404204061636F6E73206C656674206F6E206375B3
S2140420507272656E74206D61736B2E204D6F766997
S2140420606E6720746F206E6578742073746174656F
S214042070002573206A6F696E696E67203078253094
S2140420803458206F6E206368616E6E656C2025641C
S2140420900025732053746174653A202573004572D5
S2140420A0726F723A20257320636F756C64206E6FAE
S2140420B074207365747570207365637572697479BA
S2140420C03A20307825303258004572726F723A20C2
S2140420D05363616E20636F6D706C65746520686110
S2140420E06E646C65722072657475726E65642030F9
S2140420F07825303258002573207363616E20636F31
S2140421006D706C6574652E20426561636F6E732016
S21404211068656172643A20256400257320737461CF
S214042120636B20737461747573203078253032586D
S214042130002573206E6574776F726B206A6F696E04
S21404214065642E00257320747279696E67206E6547
S2140421507874206E6574776F726B2E004E6F6E65A2
S214042160005363616E205072696D61727920436812
S214042170616E6E656C7320616E64207573652043B2
S2140421806F6E66696775726564204B657900536384
S214042190616E205072696D617279204368616E6E5B
S2140421A0656C7320616E642075736520496E737464
S2140421B0616C6C20436F6465005363616E205072DB
S2140421C0696D617279204368616E6E656C73206117
S2140421D06E64205573652043656E7472616C697A0B
S2140421E06564204B6579005363616E205072696D97
S2140421F0617279204368616E6E656C7320616E64EB
S21404220020557365204469737472696275746564D5
S214042210204B6579005363616E205365636F6E646B
S214042220617279204368616E6E656C7320616E64BA
S2140422302075736520436F6E6669677572656420E2
S2140422404B6579005363616E205365636F6E6461FA
S2140422507279204368616E6E656C7320616E6420CB
S21404226075736520496E7374616C6C20436F646586
S214042270005363616E205365636F6E6461727920E8
S2140422804368616E6E656C7320616E642055736579
S2140422902043656E7472616C697A6564204B657957
S2140422A0005363616E205365636F6E6461727920B8
S2140422B04368616E6E656C7320616E642055736549
S2140422C0204469737472696275746564204B657919
S2140422D0005363616E205072696D617279204368A1
S2140422E0616E6E656C7320616E6420557365204163
S2140422F06C6C204B6579732028696E7374616C6C02
S21404230020636F64652C2063656E7472616C697AF1
S21404231065642C20646973747269627574656429D3
S214042320005363616E205365636F6E646172792037
S2140423304368616E6E656C7320616E6420557365C8
S21404234020416C6C204B6579732028696E73746128
S2140423506C6C20636F64652C2063656E7472616CAC
S214042360697A65642C20646973747269627574652D
S2140423706429004F6E2F4F6666207365742076615D
S2140423806C75653A20253032582025303258004581
S21404239052523A2072656164696E67206F6E2F6FC1
S2140423A066662025303258004F6E2F6F66662061B1
S2140423B06C72656164792073657420746F206E6531
S2140423C0772076616C756500546F67676C65206F5F
S2140423D06E2F6F66662066726F6D20253032582029
S2140423E0746F2025303258004552523A207772696D
S2140423F074696E67206F6E2F6F66662025303258BC
S21404240000496E7374616C6C656420547970652041
S2140424102842617365293A202030782530325800E6
S2140424204361706162696C69746965733A2020203F
S21404243020202020202020203078253034580042C8
S2140424406F6F746C6F616465722056657273696F22
S2140424506E3A2020202020307825303458005365EA
S2140424606375726520426F6F746C6F616465722069
S2140424704B65793A20202020202000426F6F746C30
S2140424806F6164696E67206661696C6564210044E7
S2140424906F776E6C6F6164206661696C65642E008C
S2140424A044656C6574696E67206661696C65642052
S2140424B0646F776E6C6F61642C20737461747573CB
S2140424C03A2030782530325800496D6167652064BB
S2140424D06F6573206E6F7420636F6E7461696E200F
S2140424E0616E205570677261646520496D61676529
S2140424F0205461672028307825303458292E2053FC
S2140425006B697070696E6720757067726164652E9A
S21404251000457865637574696E6720626F6F746CC6
S2140425206F61642063616C6C6261636B2E0053742C
S214042530617274696E672045424C207665726966DE
S21404254069636174696F6E0045424C206661696C0C
S214042550656420766572696669636174696F6E2E58
S2140425600045424C20706173736564207665726919
S2140425706669636174696F6E2E002573696E6720E1
S2140425804F544120636C69656E742073746174657E
S214042590206D616368696E650073746F70700045C2
S2140425A072726F723A204E6F20696D6167652061A2
S2140425B07420696E646578202564004E6F742073F9
S2140425C07570706F727465642E00436C69656E7402
S2140425D020696D61676520717565727920696E661C
S2140425E06F004D616E75662049443A2020202020F5
S2140425F02020202030782530345800496D616765E6
S21404260020547970652049443A20202020307825CB
S2140426103034580043757272656E74205665727352
S214042620696F6E3A20203078253038580048617239
S21404263064776172652056657273696F6E3A20001E
S2140426404E410051756572792044656C6179206D40
S214042650733A202020202020202020202020256CB3
S214042660640053657276657220446973636F766599
S21404267072792044656C6179206D733A20256C6408
S21404268000446F776E6C6F61642044656C617920DA
S2140426906D733A202020202020202020256C640002
S2140426A052756E20557067726164652044656C616E
S2140426B079206D733A202020202020256C64005653
S2140426C065726966792044656C6179206D733A2079
S2140426D020202020202020202020256C6400446F09
S2140426E0776E6C6F6164204572726F7220546872E4
S2140426F06573686F6C643A202025640055706772B1
S2140427006164652057616974205468726573686FE4
S2140427106C643A202020202564004F544120446FE6
S214042720776E6772616465733A2044697361626C9C
S2140427306564004F544120446F776E677261646528
S214042740733A20456E61626C656400426F6F746C08
S2140427506F61642073746174653A20257300496E52
S21404276076616C6964204550202564207768656E20
S21404277020747279696E6720746F2073656E6420A6
S2140427804F5441206D6573736167652E0053656E03
S21404279064696E67205570677261646520456E646F
S2140427A020726571756573742E0025733A20696E00
S2140427B076616C696420636D6449642030782530E2
S2140427C03258004572726F723A20204661696C6511
S2140427D06420746F2073656E64204F544120636FC9
S2140427E06D6D616E64203078253032582C207374F9
S2140427F0617475733A203078253032580053657208
S21404280076657220756E6B6E6F776E2C2066616CC3
S2140428106C696E67206261636B20746F20646973F1
S214042820636F766572792E004D6178696D756D20DB
S2140428307175657279206572726F72732068697437
S21404284020282564292C207374617274696E6720AD
S21404285073656172636820666F72206E6577204FB9
S2140428605441207365727665722E0A004170706C4E
S21404287079696E6720757067726164650025733ABE
S21404288020696E76616C6964206F66667365742071
S21404289063757272656E7454696D65283078253078
S2140428A0385829203E207570677261646554696DD6
S2140428B0652830782530385829004F544120436C19
S2140428C075737465723A207761697420666F722036
S2140428D02564207300525865642074696D654F75CD
S2140428E0742030782530385820732C204D415820D9
S2140428F074696D654F7574203078253038582073A8
S214042900004D6178696D756D2075706772616465D8
S214042910207265717565737473206D616465202813
S21404292025642920776974686F75742072657370DE
S2140429306F6E73652066726F6D207365727665724E
S2140429402E00557067726164696E6720616E7977D0
S2140429506179004F5441205365727669636520643B
S2140429606973636F766572792070726576656E74C6
S2140429706564202D20616E6F74686572206973200B
S214042980616C726561647920696E2070726F67721B
S214042990657373004661696C656420746F20696EA4
S2140429A06974696174652073657276696365206409
S2140429B06973636F766572792E004F5441205365B0
S2140429C0727669636520446973636F7665727920ED
S2140429D0696E2070726F677265737300436C696505
S2140429E06E7420766572696669636174696F6E20B9
S2140429F06661696C65642E005369676E61747572EE
S214042A006500437573746F6D00706173736564005D
S214042A104641494C4544004E6F207369676E6174A5
S214042A2075726520766572696669636174696F6E2E
S214042A3020737570706F72742C20617373756D6972
S214042A406E6720696D616765206973206F6B6179B5
S214042A502E00257320766572696669636174696FF2
S214042A606E2025733A20307825303258004D617830
S214042A70696D756D206E756D626572206F66206473
S214042A806F776E6C6F6164206572726F72732072FA
S214042A906561636820282564292C2061626F72743E
S214042AA0696E672E004F544120436C7573746572CB
S214042AB03A2073657474696E6720494545452061FC
S214042AC0646472657373206F66204F544120636C90
S214042AD07573746572005061727469616C206669FE
S214042AE06C6520646F776E6C6F616420666F756EBC
S214042AF0642C20636F6E74696E75696E67206672E7
S214042B006F6D206F6666736574203078253038588C
S214042B1000466F756E642066756C6C7920646F77FA
S214042B206E6C6F616465642066696C6520696E20EE
S214042B3073746F72616765202876657273696F6E49
S214042B4020307825303858292E00466F756E64205C
S214042B5066696C6520696E2073746F7261676520A0
S214042B607769746820646966666572656E74207633
S214042B70657273696F6E202830782530385829209E
S214042B807468616E2063757272656E742076657201
S214042B9073696F6E202830782530385829004669C6
S214042BA06C6520696E2073746F7261676520697343
S214042BB02073616D652061732063757272656E742F
S214042BC02072756E6E696E672076657273696F6EB5
S214042BD0202830782530385829004E6F20696D61DA
S214042BE0676520666F756E6420696E2073746F72F5
S214042BF06167652E004F544120536572766963659C
S214042C0020446973636F7665727920756E626C6FA3
S214042C10636B65640049676E6F72696E67207365DF
S214042C20727665722066726F6D206C6F6F7062616B
S214042C30636B20616464726573730049676E6F72B8
S214042C40696E6720307825303458204F54412073FD
S214042C50657276657220696E20736561726368209A
S214042C606F662054430053657474696E67204F542E
S214042C70412053657276657220746F203078253053
S214042C8034580044656C6179696E67202564207346
S214042C9065636F6E6473206265666F726520737415
S214042CA0617274696E67204F544120636C69656E67
S214042CB0740054696D656F75742077616974696E04
S214042CC06720666F72206D6573736167652E0042B8
S214042CD06164204F544120636F6D6D616E643A20C9
S214042CE0307825303258004F544120636F6D6D6143
S214042CF06E642030782530325820746F6F207368E5
S214042D006F727420286C656E202564203C206D69E3
S214042D106E20256429004F544120636F6D6D616EEB
S214042D20642066726F6D20756E7265636F676E6978
S214042D307A6564207365727665722030782530343F
S214042D40582E20204D79204F5441207365727665A5
S214042D50723A2030782530345800496D6167652012
S214042D604E6F7469667900476F7420756E65787067
S214042D7065637465642025732E2020537461727411
S214042D8020646973636F766572792E006465666184
S214042D90756C74004F54413A206661696C65642012
S214042DA0746F2073656E6420257320726573706F6C
S214042DB06E73653A2030782530325800496D616765
S214042DC065206E6F7469667900476F7420756E654A
S214042DD0787065637465642025732E202049676EB9
S214042DE06F7265642E004F54413A204465666175DF
S214042DF06C7420726573706F6E736520666F7220D4
S214042E00496D616765206E6F746966792C207374EA
S214042E10617475732030782530325800496D6167C7
S214042E2065206E6F7469667920636F6D6D616E647C
S214042E3000257320756E69636173742C2071756543
S214042E407279696E6700496E76616C6964002573F1
S214042E50202573207061796C6F61642074797065C5
S214042E60203078253032580025732025733A206F99
S214042E707574206F662072616E6765206A69747463
S214042E8065722025640025732025733A20706179C5
S214042E906C6F6164206C656E67746820646F65731C
S214042EA06E2774206D6174636820747970652030B1
S214042EB0782530325820282564203C2025642900B3
S214042EC025732025732064756520746F206E6F6EDD
S214042ED02D6D61746368696E67206D616E756661D9
S214042EE06374757265722049440025732025732027
S214042EF064756520746F206E6F6E2D6D61746368E3
S214042F00696E6720696D616765207479706520490C
S214042F10440025732025732064756520746F206D26
S214042F2061746368696E67206669726D776172653D
S214042F302076657273696F6E0025732025732C20C6
S214042F4052782764204A697474657220283078257C
S214042F50303258292C205069636B6564204A6974A2
S214042F6074657220283078253032582900517565EA
S214042F707279206E65787420696D61676520726564
S214042F8073706F6E73650025732072657475726E48
S214042F906564203078253032582E20204E6F206EFF
S214042FA0657720696D61676520746F20646F776E3E
S214042FB06C6F61642E00257320746F6F2073686FC6
S214042FC0727420282564203C202564290025733A41
S214042FD0204E657720696D61676520697320617688
S214042FE061696C61626C6520666F7220646F776ECF
S214042FF06C6F61642E002573206973206E6F7420D5
S2140430007573696E67206D7920696D6167652069DF
S2140430106E666F2E004552524F523A204E657874B3
S21404302020496D61676520697320746F6F2062693B
S2140430306720746F2073746F72652028307825308B
S2140430403858203E203078253038582900257320FB
S21404305072657475726E65642073616D6520466969
S2140430606C6556657273696F6E2061732063757242
S21404307072656E746C7920696E7374616C6C6564C9
S2140430802E004F544120446F776E677261646573F7
S2140430902044697361626C65643A2046696C6556BF
S2140430A0657273696F6E20626568696E6420637505
S2140430B07272656E7420696E7374616C6C61746987
S2140430C06F6E005374617274696E6720646F776EF6
S2140430D06C6F61642C2056657273696F6E2030784D
S2140430E025303858004572726F723A204661696C12
S2140430F0656420746F2064656C65746520696D6111
S21404310067652E004572726F723A204661696C6577
S2140431106420746F206572617365206F6C6420741C
S214043120656D7020646174612E00496D6167652069
S214043130626C6F636B20726573706F6E7365004F9D
S21404314054413A20496D616765426C6F636B526502
S214043150706F6E736520636F6E7461696E73206939
S2140431606E76616C6964206F7220696E636F6D7031
S2140431706C6574652064617461005570646174697B
S2140431806E67204D696E20426C6F636B20526571CA
S2140431907565737420506572696F6420746F20259A
S2140431A064206D7300446F776E6C6F616420646591
S2140431B06C61792062792073657276657220256465
S2140431C0206D7300446F776E6C6F61642061626F6C
S2140431D072746564206279207365727665722E0057
S2140431E053657276657220646F65736E27742073F8
S2140431F07570706F72742070616765207265717582
S2140432006573742C206F6E6C79207573696E6720F5
S214043210626C6F636B20726571756573742E0053F0
S21404322065727665722072657475726E65642027A1
S214043230756E737570706F7274656420636C7573E5
S21404324074657220636F6D6D616E64272E00556E13
S2140432506B6E6F776E20257320737461747573209C
S214043260636F6465203078253032580025732068F3
S214043270617320646174612073697A65202825640B
S2140432802920736D616C6C6572207468616E2061B0
S214043290637475616C207061636B65742073697AFE
S2140432A06520282564292E002573206572726F72A6
S2140432B03A204578706563746564206F6666736546
S2140432C074203078253038582C2062757420676F47
S2140432D074203078253038582E202049676E6F7257
S2140432E0696E6700257320696E666F2064696420C2
S2140432F06E6F74206D61746368206D7920657870D4
S214043300656374656420696E666F2E202044726F50
S2140433107070696E672E004661696C656420746F10
S21404332020777269746520746F2073746F72616796
S21404333065206465766963652100446F776E6C6FFB
S2140433406164005570677261646520656E642072FE
S2140433506573706F6E73650053657276657220616F
S214043360626F7274656420757067726164652C2080
S2140433707374617475733A2030782530325800457A
S21404338072726F723A2025732068616420696E76C3
S214043390616C69642025733A200066696C65207642
S2140433A0657273696F6E00416464696E6720256494
S2140433B0206D732E2064656C617920666F722069B7
S2140433C06D6D6564696174652075706772616465A6
S2140433D02E00436F756E74646F776E20746F20755D
S2140433E07067726164653A202564206D730020530B
S2140433F0746174653A20202025730020576169742F
S214043400696E6720666F7220726573706F6E73657F
S2140434103A20257300204E657874204576656E74D0
S2140434202054696D65723A202564206D730020432C
S214043430757272656E7420446F776E6C6F6164206B
S2140434404F66667365743A203078253038582028DD
S21404345025642525290025733A206661696C656410
S2140434602070617273696E67204F544120636D64E7
S21404347020307825303258004F5441204465666128
S214043480756C7420726573706F6E736520746F202C
S214043490636F6D6D616E6420494420307825303248
S2140434A0582C207374617475732030782530325824
S2140434B000496D61676520626C6F636B207265718D
S2140434C0756573742074657374206F6E6C792077D9
S2140434D06F726B73207768656E20737461746520F1
S2140434E0697320424F4F544C4F41445F53544154E8
S2140434F0455F4E4F4E450052616E646F6D204465C5
S2140435006C6179206265666F72652073746172748B
S21404351000446973636F766572696E67204F544121
S2140435202053657276657200476574204F544120B7
S21404353053657276657220455549004F6274616919
S2140435406E206C696E6B206B6579005175657279B7
S214043550696E67204E65787420496D61676500441E
S2140435606F776E6C6F6164696E6720496D6167651D
S21404357000566572696679696E6720496D6167658C
S2140435800057616974696E6720666F7220557067AC
S21404359072616465206D65737361676500436F755A
S2140435A06E74646F776E20746F20557067726164F2
S2140435B0650057616974696E6720746F207570675B
S2140435C07261646520766961206F75742D6F662D4F
S2140435D062616E64206D656368616E69736D002553
S2140435E0733A202564252520636F6D706C657465B9
S2140435F000496D6167652025640020204552524FBE
S214043600523A20436F756C64206E6F74206765743D
S2140436102066756C6C2068656164657221002020E4
S2140436204865616465722056657273696F6E3A20E8
S214043630307825303458002020486561646572204F
S2140436404C656E6774683A20202564206279746538
S214043650730020204669656C6420436F6E74726F35
S2140436606C3A20203078253034580020204D616E86
S21404367075662049443A20202020202020307825D2
S214043680303458002020496D616765205479706590
S2140436903A20202020203078253034580020205628
S2140436A0657273696F6E3A20202020202020203017
S2140436B078253038580020205A6967626565205698
S2140436C0657273696F6E3A2030782530345800205E
S2140436D02048656164657220537472696E673A2087
S2140436E0202573002020496D6167652053697A653B
S2140436F03A2020202020256C6420627974657300AB
S2140437002020536563757269747920437265643A40
S214043710202030782530325800202055706772619A
S214043720646520446573743A2020200020204D6987
S2140437306E2E204857205665723A20202020307876
S214043740253034580020204D61782E2048572056C6
S21404375065723A2020202030782530345800202006
S214043760546F74616C20546167733A20256400209A
S2140437702020205461673A203078253034580020C1
S21404378020202020204C656E6774683A20256C64DF
S214043790004572726F723A20436F756C64206E6FC8
S2140437A074206F627461696E2074616720696E6646
S2140437B06F2066726F6D20696D6167652E000A253D
S2140437C06420696D6167657320696E204F544120DB
S2140437D073746F726167652E00496D616765206456
S2140437E0656C65746525732E004572726F723A2097
S2140437F020436F756C64206E6F742072656164205C
S214043800626C6F636B3A203078253032582E0A008B
S2140438105374617274696E6720657261736520669D
S214043820726F6D206F666673657420307825303845
S2140438305820746F2030782530385800436F756CE4
S21404384064206E6F74207374617274204552415301
S21404385045212028307825303258290045455052D5
S2140438604F4D20457261736520636F6D706C65748F
S21404387065002F686F6D652F72756E6E65722F7793
S2140438806F726B2F747579612D7A69676265652D21
S2140438907377697463682F747579612D7A696762C2
S2140438A065652D7377697463682F73696C616273D9
S2140438B05F746F6F6C732F73696D706C6963697472
S2140438C0795F73646B2F70726F746F636F6C2F7A8B
S2140438D069676265652F6170702F6672616D6577C2
S2140438E06F726B2F706C7567696E2F6F74612D73B2
S2140438F0746F726167652D73696D706C652D65658F
S21404390070726F6D2F6F74612D73746F726167655B
S2140439102D656570726F6D2D706167652D657261BA
S21404392073652E63002F686F6D652F72756E6E65F6
S214043930722F776F726B2F747579612D7A6967624F
S21404394065652D7377697463682F747579612D7A4C
S21404395069676265652D7377697463682F73696C2C
S2140439606162735F746F6F6C732F73696D706C69CB
S214043970636974795F73646B2F70726F746F636FAF
S2140439806C2F7A69676265652F6170702F66726145
S2140439906D65776F726B2F706C7567696E2F6F74B9
S2140439A0612D73746F726167652D73696D706C65D4
S2140439B02D656570726F6D2F6F74612D73746F72E1
S2140439C06167652D656570726F6D2E63004F544197
S2140439D02053696D706C652053746F72616765203F
S2140439E0454550524F4D207761726E696E673A2096
S2140439F0636F756C64206E6F742067657420736CD7
S214043A006F7420696E666F20666F7220736C6F74B5
S214043A1020256420286572726F7220307825303233
S214043A2058292E2044656661756C74696E67207427
S214043A306F20737065636966696564206164647287
S214043A40657373206F6666736574730053746F7260
S214043A50616765204472697665723A2020202020CA
S214043A6020202020202020204F54412053696D70B0
S214043A706C652053746F7261676520454550524FDC
S214043A804D20506C7567696E0052656164204D6FF9
S214043A906469667920577269746520537570706F0F
S214043AA072743A20206E6F00534F4320426F6F7437
S214043AB06C6F6164696E6720537570706F72743AC8
S214043AC02020202079657300426F6F746C6F6164E8
S214043AD065722053746F7261676520537570706FDA
S214043AE072743A2055736520666972737420736C19
S214043AF06F7400536C6F7420746F207573653A206E
S214043B0020202020202020202020202020202025A7
S214043B10640043757272656E7420446F776E6C6FC2
S214043B206164204F66667365743A202020203078DE
S214043B30253038580045424C205374617274204F27
S214043B4066667365743A20202020202020202020DA
S214043B502030782530385800454550524F4D205374
S214043B60746172743A2020202020202020202020F7
S214043B702020202030782530385800454550524FB4
S214043B804D20456E643A202020202020202020202E
S214043B902020202020202030782530385800496DF9
S214043BA061676520496E666F2053746172743A20AB
S214043BB0202020202020202020203078253038582F
S214043BC000536176652052617465202862797465B5
S214043BD07329202020202020202020202030782513
S214043BE0303858004F6666736574206F6620646FBD
S214043BF0776E6C6F6164206F666673657420202030
S214043C00307825303858004F6666736574206F66C2
S214043C102045424C206F66667365743A2020202047
S214043C20202020307825303858004F666673657437
S214043C30206F6620696D6167652073746172743ADB
S214043C4020202020202030782530385800736C5FE0
S214043C507A69676265655F61665F6F74615F7374D6
S214043C606F726167655F6472697665725F726561BB
S214043C70645F63622829206661696C65642100427A
S214043C806164206D61676963206E756D626572207C
S214043C90696E2066696C653A203078253032582083
S214043CA03078253032582030782530325820307815
S214043CB025303258004261642076657273696F6EEF
S214043CC020696E2066696C6520307825303458008B
S214043CD04572726F723A2072656164416E64566111
S214043CE06C696461746553746F726564496D616769
S214043CF065282920747269656420746F2072656172
S214043D0064206D6F72652064617461207468616EEE
S214043D1020697420636F756C6420686F6C642E0071
S214043D20736C5F7A69676265655F61665F6F74610D
S214043D305F73746F726167655F6472697665725FDC
S214043D40726561645F63622829204641494C454494
S214043D5021004C617374206F666673657420646F0B
S214043D60776E6C6F616465643A2030782530385815
S214043D700053746F72616765204D6F64756C653AA5
S214043D80204F54412053696D706C652053746F72D4
S214043D9061676520506C7567696E00496D6167657B
S214043DA0732053746F7265643A20202564206F660E
S214043DB020310A00253032583A006570202530320A
S214043DC05820636C757320253034582061747472DF
S214043DD020253034582073767220256300206D66C3
S214043DE067202530325800207265706F7274206D1B
S214043DF0696E2025303458206D617820253034587B
S214043E00207270742D63686720253038580020723D
S214043E106563656976652066726F6D202530345853
S214043E2020657020253032582074696D656F75746E
S214043E3020253034580072656D6F766500636C65B6
S214043E406172696E67206C617374207265706F723C
S214043E50742074696D65206F6620616C6C206174D3
S214043E6074726962757465730074657374696E67D9
S214043E702074696D696E67206F6620766172696F5B
S214043E807573207265706F7274696E67206F7065E3
S214043E90726174696F6E73002D2D2D2D2D2D2D2DB1
S214043EA02D2D2D2D2D2D2D2D2D2D2D2D2D2D2D2D39
S214043EB02D2D2D2D2D2D2D2D2D2D2D2D2D2D2D2D29
S214043EC02D2D2D2D2D2D2D002D2D7461626C65202C
S214043ED07265616473202D2066756C6C2074616253
S214043EE06C652D2D00726573756C74203D202564F9
S214043EF0206D73002D2D696E6974202F20736368FE
S214043F006564756C65207469636B2D2D2D002D2DED
S214043F106C6F616420636F6E66696775726174693D
S214043F206F6E2064656661756C74732D2D002F6842
S214043F306F6D652F72756E6E65722F776F726B2F4D
S214043F40747579612D7A69676265652D737769740E
S214043F5063682F747579612D7A69676265652D7358
S214043F6077697463682F73696C6162735F746F6FCB
S214043F706C732F73696D706C69636974795F7364AD
S214043F806B2F70726F746F636F6C2F7A69676265DC
S214043F90652F6170702F6672616D65776F726B2F17
S214043FA0706C7567696E2F7265706F7274696E6770
S214043FB02F7265706F7274696E672E630052454186
S214043FC0445F5250545F43464700726561645F72B3
S214043FD065706F7274696E675F636F6E6669677526
S214043FE0726174696F6E005265706F7274696E6781
S214043FF03A206661696C656420746F2073656E642C
S21404400020257320726573706F6E73653A2030785E
S21404401025303258004552523A2072656164696E02
S2140440206720636C75737465722030782530345855
S2140440302061747472696275746520307825303432
S214044040583A20307825303258004552523A207279
S21404405065706F7274696E67206F66204C4F4E47AA
S21404406020737472696E6720617474726962757401
S214044070652074797065206E6F7420737570706F28
S214044080727465643A20636C757374657220307854
S21404409025303458206174747269627574652030F2
S2140440A07825303458005265706F7274696E6720D4
S2140440B0456E7472792046756C6C202D206372658B
S2140440C06174696E67206E6577207265706F7274AE
S2140440D0004346475F52505400202D2064697265A1
S2140440E06374696F6E3A253032582C20617474728A
S2140440F03A2530345800202020747970653A2530EB
S21404410032582C206D696E3A253034582C206D6157
S214044110783A25303458002020206368616E67653D
S2140441203A0020202074696D656F75743A25303422
S2140441305800636F6E6669677572655F7265706F47
S2140441407274696E67002054434C4B20757064612A
S214044150746520616C726561647920696E20707282
S2140441606F6772657373004D616E75616C2054439E
S2140441704C4B20757064617465206661696C656477
S2140441802E2573005374617274696E6720757064AB
S2140441906174652074727573742063656E746572D9
S2140441A0206C696E6B206B65792070726F63657323
S2140441B07300557064617465205443204C696E6BBB
S2140441C0204B657900204E6577206B6579206573F2
S2140441D07461626C69736865643A00204572726F34
S2140441E0723A00506172746E65723A20005A434CFB
S2140441F020676C6F62616C20636C757374657220E3
S214044200636F6D6D616E647300646972656374696F
S2140442106F6E00646973632D636F6D2D67656E0042
S214044220646973632D636F6D2D72656300657870C2
S2140442306563742D7265706F72742D66726F6D2D62
S2140442406D6500757772697465006E77726974655A
S214044250007265706F72742D726561640073656EAA
S214044260642D6D652D612D7265706F7274004372D6
S2140442706561746573206120676C6F62616C20648D
S2140442806973636F76657220636F6D6D616E64200B
S214044290666F7220746865206173736F63696174F6
S2140442A065642076616C7565732E00636C75737433
S2140442B0657249641F6174747269627574654964D1
S2140442C01F6D61784E756D626572546F5265706FBE
S2140442D072741F0043726561746573206120676C95
S2140442E06F62616C2073656E64206D652061207258
S2140442F065706F727420636F6D6D616E6420666F97
S2140443007220746865206173736F63696174656491
S2140443102076616C7565732E00636C7573746572B4
S21404432049641F61747472696275746549641F64B4
S214044330617461547970651F6D696E5265706F7231
S2140443407454696D651F6D61785265706F7274542C
S214044350696D651F7265706F727461626C6543681F
S214044360616E67651F004372656174657320612022
S214044370676C6F62616C2072656164207265706F31
S2140443807274696E6720636F6D6D616E6420666F0C
S2140443907220746865206173736F63696174656401
S2140443A020636C75737465722C2061747472696210
S2140443B075746520616E64207365727665722F630A
S2140443C06C69656E7420646972656374696F6E2EB9
S2140443D000636C757374657249641F6174747269E2
S2140443E06275746549641F646972656374696F6E87
S2140443F01F00476C6F62616C207265706F7274691F
S2140444006E6720636F6D6D616E6400656E64706FB9
S214044410696E741F636C757374657249641F617486
S2140444207472696275746549641F6D61736B1F00ED
S21404443043726561746573206120676C6F62616C9A
S214044440207265616420636F6D6D616E64206D65B6
S214044450737361676520746F207265616420667289
S2140444606F6D2074686520636C7573746572206163
S2140444706E64206174747269627574652073706505
S2140444806369666965642E00636C75737465724946
S214044490641F61747472696275746549641F0043AD
S2140444A0726561746573206120676C6F62616C204D
S2140444B0777269746520636F6D6D616E64206D65D7
S2140444C0737361676520746F2077726974652074EE
S2140444D06F2074686520636C757374657220616EF2
S2140444E064206174747269627574652073706563A0
S2140444F0696669656400636C757374657249641FE4
S21404450061747472696275746549641F7479706540
S2140445101F646174611F00437265617465206120C5
S2140445206578706563742D7265706F72742D66722B
S2140445306F6D2D6D65206D65737361676520776992
S2140445407468206173736F6369617465642076614F
S2140445506C7565732E00636C757374657249641F9D
S21404456061747472696275746549641F74696D65F3
S2140445706F75741F00437265617465206120446919
S21404458073636F76657220436F6D6D616E6473201E
S21404459047656E65726174656420636F6D6D616EE8
S2140445A0642077697468206173736F6369617465E6
S2140445B0642076616C7565732E00636C7573746520
S2140445C07249641F7374617274436F6D6D616E64B7
S2140445D049641F6D6178436F6D6D616E6449641F35
S2140445E00053657473207468652064697265637427
S2140445F0696F6E20666F7220676C6F62616C2063F1
S2140446006F6D6D616E64732C2065697468657220C5
S214044610636C69656E7420746F2073657276657258
S214044620206F722073657276657220746F20636CD7
S21404463069656E742E0053657473206120666C6120
S2140446406720736F207468617420746865206170D5
S214044650706C69636174696F6E206672616D6577EC
S2140446606F726B2057494C4C204E4F542072657322
S214044670706F6E6420746F20746865206E6578743D
S214044680205A434C206D65737361676520746861B6
S2140446907420636F6D657320696E206F7665722073
S2140446A0746865206169722E0053657473206120F6
S2140446B0666C616720736F20746861742074686523
S2140446C0206170706C69636174696F6E20667261D4
S2140446D06D65776F726B2057494C4C20726573700A
S2140446E06F6E6420746F20746865206E657874201D
S2140446F05A434C206D6573736167652074686174F2
S21404470020636F6D657320696E206F766572207402
S2140447106865206169722E00536574732074686539
S2140447202044697361626C652044656661756C74C7
S21404473020526573706F6E7365204672616D6520D6
S214044740436F6E74726F6C2062697420746F207588
S214044750736520666F7220746865206E65787420B1
S214044760636F6D6D616E642069662074686520638E
S2140447706F6D6D616E64206973206E6F7420616C5A
S2140447807265616479206275696C742E006469735D
S21404479061626C6544656661756C74526573706FAE
S2140447A06E73651F00536574732074686520666CA9
S2140447B0616720746F207573652074686520696E60
S2140447C06372656D656E7465642073657175656E78
S2140447D06365206E756D6265722066726F6D2074F7
S2140447E06865206672616D65776F726B20666F729E
S2140447F020746865206E6578742072617720636F14
S2140448006D6D616E642E007573654E6578745365C0
S2140448107175656E63651F00436C6920636F6D6D0B
S214044820616E6420746F2063616C6C20736C5F7AB5
S21404483069676265655F61665F7365745F74696DF9
S214044840652066756E6374696F6E20646F63756D3C
S214044850656E74656420696E2061662E68007574E2
S2140448606354696D651F005365747320746865200E
S21404487074776F2062797465206D616E7566616306
S21404488074757265722073706563696669632069FE
S21404489064656E74696669657220746F20757365E5
S2140448A020666F7220746865206E65787420636F66
S2140448B06D6D616E642069662074686520636F6D33
S2140448C06D616E64206973206E6F7420616C72650E
S2140448D0616479206275696C742E006D6667537026
S2140448E065636966696349641F005472757374204E
S2140448F043656E746572204A6F696E2048616E6403
S2140449006C65723A20737461747573203D20257348
S2140449102C206465636973696F6E203D20257320BF
S2140449202825303258292C2073686F7274696420E5
S21404493030782530345800554E7365637572656457
S214044940206A6F696E00646576696365206C6566C7
S2140449507400554E736563757265642072656A6F7C
S214044960696E0075736520707265636F6E6669673D
S21404497075726564206B65790073656E64206B657B
S2140449807920696E2074686520636C6561720064C2
S214044990656E79206A6F696E006E6F206163746954
S2140449A06F6E00616C6C6F772072656A6F696E73E8
S2140449B0206F6E6C79006E6F742000534C5F5354F6
S2140449C0415455535F4E4554574F524B5F555020F4
S2140449D03078253034580054727573742043656EED
S2140449E07465722045554920686173202573636891
S2140449F0616E6765642E00534C5F5354415455539F
S214044A005F4E4554574F524B5F444F574E00534CDE
S214044A105F5354415455535F4E4F545F4A4F494E6B
S214044A20454400534C5F5354415455535F5A4947C9
S214044A304245455F4E4554574F524B5F4F50454E87
S214044A4045443A2025642073656300534C5F5354F1
S214044A50415455535F5A49474245455F4E4554575E
S214044A604F524B5F434C4F5345440025733A202521
S214044A70730064697374726962757465640063654F
S214044A806E7472616C697A656400466F726D002597
S214044A9073696E67206F6E2063682025642C20700F
S214044AA0616E496420307825303458004572726F40
S214044AB0723A2044657669636520646F6573206E78
S214044AC06F7420737570706F7274202573206E6512
S214044AD074776F726B20666F726D6174696F6E00A7
S214044AE04A6F696E00496E76616C6964205365632B
S214044AF075726974792050726F66696C653A2030F5
S214044B00782530325800704A6F696E20666F7220BE
S214044B102564207365633A20307825303258004C7B
S214044B20696D6974696E67206475726174696F6E05
S214044B30206F66207065726D6974206A6F696E20D6
S214044B4066726F6D20666F726576657220283235E0
S214044B50352920746F203235340052583A205A448E
S214044B604F2C20636F6D6D616E6420307825303471
S214044B70582C207374617475733A2030782530325B
S214044B80580053696D706C650052583A202573209E
S214044B90446573632052657370004D6174636800E6
S214044BA02C204D6174636865733A2025640044655F
S214044BB07669636520416E6E6F756E63653A203064
S214044BC078253034580052583A2049454545204106
S214044BD064647265737320526573706F6E736500D8
S214044BE052583A20416374697665204550205265D0
S214044BF073706F6E73652C20436F756E743A202540
S214044C0064004E6F6465002C204D617463686573A0
S214044C103A2030782530345800737461636B2076FC
S214044C2065722E205B25642E25642E2564002025BF
S214044C3073206275696C642025645D005A444F00D5
S214044C40534500484100436C757374657200476CA5
S214044C506F62616C0025737478203078253038587C
S214044C602C200050726F66696C653A2025732028E4
S214044C70307825303458292C20436C75737465724B
S214044C803A203078253034582C20256420627974F4
S214044C9065732C00205A434C20257320436D6420F2
S214044CA049443A202564005072652D52656C65614E
S214044CB0736500416C706861203100416C706861F6
S214044CC0203200416C7068612033004265746120B4
S214044CD031004265746120320042657461203300FD
S214044CE0474100526573657420696E666F3A2030DA
S214044CF0782530325820282573290064656C65743D
S214044D00652062696E64696E673A202530325820E1
S214044D1025303258000102030405060708090A0B69
S214044D200C0001010101010101010101010100570B
S214044D3052495445204552523A2000257365702046
S214044D402530325820636C75732025303458206122
S214044D507474722025303458206E6F742073757006
S214044D60706F72746564002573696E76616C69642D
S214044D7020646174612074797065002573617474AD
S214044D8072206E6F74207772697461626C65005766
S214044D90524954453A206E6F2077726974652C2008
S214044DA06A757374206120746573740052454144B7
S214044DB03A206174747269627574652073697A65E1
S214044DC020746F6F206C6172676520666F72206353
S214044DD0616C6C657200636C6E740073727672003C
S214044DE0525700524F00202052414D20200020747C
S214044DF06F6B656E200065787465726E2000454E94
S214044E0044504F494E54202530325800636C757315
S214044E10202F2073696465202F2061747472202FFC
S214044E20206D666720202F74797065286C656E295E
S214044E302F207277202F2073746F72616765202F7E
S214044E402064617461202872617729002530345803
S214044E50202F202573202F2025303458202F200083
S214044E60202F202530325820282530325829202F4C
S214044E70202573202F202573202F2000556E737550
S214044E8070706F72746564004F54412052454144FB
S214044E903A2065703A25303258206369643A2530E2
S214044EA034582061747469643A25303458206D731C
S214044EB06B3A25303258206D66636F64653A253048
S214044EC0345800524541443A20636C7573202530AB
S214044ED034582C206174747220253034582066614E
S214044EE0696C6564202530325800524541443A20A6
S214044EF0636C757320253034582C206174747220CA
S214044F00253034582C20646174614C656E3A202533
S214044F103032582C204F4B00282563292530325830
S214044F2025303258253032582530325825303258FC
S214044F30253032582530325825303258006469738B
S214044F4061626C65002573642C2064726F707069EE
S214044F506E672065702030782530325820636C7573
S214044F60732030782530345820636D6420307825DB
S214044F703032580047656E65726174656400526528
S214044F8063656976656400446973636F7665722049
S214044F90436F6D6D616E647320726573706F6E73AC
S214044FA0652028636F6D706C6574653A20256329E7
S214044FB02C202573204944733A200030782530325B
S214044FC05820005F45585400524541445F415454AC
S214044FD0520057524954453A20636C757320253065
S214044FE034582061747472202530345820004641A9
S214044FF0494C20253032580057524954453A2074BB
S2140450006F6F2073686F727400444953435F415452
S214045010545200257325733A20636C75732025302B
S21404502034580053766320446973633A200025732A
S21404503057616974696E672025642073656320660A
S2140450406F7220646973636F7665727920746F205B
S214045050636F6D706C65746500537461746520636A
S2140450606F72726573706F6E64696E6720746F20FA
S214045070746865207468652072657175657374203C
S2140450806E6F7420666F756E640A002573636F6DA9
S214045090706C6574652E0A002573536572766963B1
S2140450A06520446973636F766572792053746174FE
S2140450B065206C696D6974732072656163686564E4
S2140450C00A002573496C6C6567616C2062726F61B7
S2140450D0646361737420616464726573732C2072F4
S2140450E0656D617070696E6720746F2076616C6997
S2140450F064206F6E652E0025734661696C656420B6
S214045100746F2073656E64206D61746368206469CF
S21404511073636F766572793A20307825303258009A
S21404512025735374617274696E6720646973636F60
S2140451307665727920666F7220636C757374657217
S214045140203078253034580025734661696C6564D0
S21404515020746F2073656E642073696D706C6520AF
S21404516064657363726970746F72207265717565B5
S21404517073743A20307825303258002573466169B6
S2140451806C656420746F2073656E642049454545DC
S21404519020616464726573732072657175657374D7
S2140451A03A203078253032580025734661696C659C
S2140451B06420746F2073656E64204E574B206164C0
S2140451C0647265737320726571756573743A203002
S2140451D07825303258004572726F723A2025732053
S2140451E06261642073696D706C65206465736372B4
S2140451F06970746F72206C656E6774682E00257310
S2140452004D65737361676520746F6F2073686F7282
S214045210740025734D65737361676520746F6F2022
S21404522073686F727420666F72206E756D2E2065BB
S2140452306E64706F696E74730025734D6174636871
S214045240257320666F756E642066726F6D203078E5
S214045250253034582E004572726F723A202573201A
S214045260696E76616C6964206C656E677468202864
S214045270256420213D2025642920666F7220416321
S2140452807469766520456E64706F696E7420726505
S21404529073706F6E7365002573676F742061637433
S2140452A069766520455020726573706F6E7365006D
S2140452B05554432074696D653A2025642F25642F60
S2140452C025642025643A25643A2564202825303848
S2140452D058290028556E6B6E6F776E20636C757355
S2140452E02E205B3078253034585D29000D0A54256D
S2140452F03038583A005258206C656E2025642C20AD
S214045300657020253032582C20636C7573203078F5
S214045310253034582000206D6667496420253034D3
S21404532058002046432025303258207365712025C6
S21404533030325820636D64202530325820706179ED
S2140453406C6F61645B004261736963004F766572DB
S214045350207468652041697220426F6F746C6F61B7
S21404536064696E67002573525820706B7420746FDE
S2140453706F2073686F72743A202564203C2025647D
S214045380002573525820706B74206D616C666F72C2
S2140453906D65643A202564203C202564002020485E
S2140453A061766520526F7574657220537570706FE0
S2140453B07274002020456E64204465766963652017
S2140453C04F6E6C79002020456E61626C6564002027
S2140453D02044697361626C6564004572726F722062
S2140453E072657472696576696E6720696E666F2089
S2140453F0666F72206C696272617279204944202556
S21404540064002573206C696272617279257320705A
S214045410726573656E74005A6967626565205072BA
S2140454206F0042696E64696E6700536563757269DE
S214045430747920436F726500536563757269747975
S214045440204C696E6B204B6579730043424B4520B4
S2140454503136334B310043424B45204453412053AD
S21404546069676E004543430043424B45204453411D
S21404547020566572696679005061636B65742056C0
S214045480616C6964617465005A4C4C0043424B4538
S214045490203238334B3100454343203238334B31C6
S2140454A00043424B4520636F7265004E4350004DE7
S2140454B0756C7469206E6574776F726B00456E68E0
S2140454C0616E63656420426561636F6E2052657128
S2140454D00043424B45203238334B3120445341205D
S2140454E0566572696679004D756C74692D50414E27
S2140454F0002F686F6D652F72756E6E65722F776FED
S214045500726B2F747579612D7A69676265652D7380
S21404551077697463682F747579612D7A6967626533
S214045520652D7377697463682F73696C6162735F42
S214045530746F6F6C732F73696D706C6963697479BB
S2140455405F73646B2F70726F746F636F6C2F7A69FE
S214045550676265652F737461636B2F636F6E66692C
S214045560672F736C5F7A69676265655F636F6E66E3
S214045570696775726174696F6E2E63002F686F6D4C
S214045580652F72756E6E65722F776F726B2F7475DA
S21404559079612D7A69676265652D737769746368C6
S2140455A02F747579612D7A69676265652D737769DD
S2140455B07463682F73696C6162735F746F6F6C7366
S2140455C02F73696D706C69636974795F73646B2F8C
S2140455D070726F746F636F6C2F7A69676265652F7C
S2140455E0737461636B2F6672616D65776F726B2F70
S2140455F06165732D6563622E63002F686F6D652F7A
S21404560072756E6E65722F776F726B2F7475796113
S2140456102D7A69676265652D7377697463682F747C
S2140456207579612D7A69676265652D737769746328
S214045630682F73696C6162735F746F6F6C732F731A
S214045640696D706C69636974795F73646B2F7072CB
S2140456506F746F636F6C2F7A69676265652F7374F6
S21404566061636B2F73656375726974792F7A6967E2
S2140456706265652D73656375726974792D6D616EE7
S214045680616765722D6E6F2D7661756C742E63007E
S2140456904572726F723A20204661696C65642074A4
S2140456A06F20726561642066726F6D2045455052A6
S2140456B04F4D2061742030782534582C2073746143
S2140456C07475733A20256400454550524F4D204961
S2140456D06E697469616C697A65643A20256300456D
S2140456E04550524F4D20427573793A202563005039
S2140456F061727469616C20576F72642053746F72A0
S21404570061676520436F756E743A202564004164B2
S21404571064726573733A2030782534582C205061AF
S214045720727469616C20576F72643A203078255819
S21404573000636F6E6669726D656400617373756D80
S2140457406564000A454550524F4D20496E666F0009
S2140457504E6F7420617661696C61626C6520286F97
S2140457606C64657220626F6F746C6F616465722915
S2140457700050617274204465736372697074696F53
S2140457806E3A20202020202020202020257300434D
S21404579061706162696C69746965733A20202020BF
S2140457A02020202020202020202030782532580059
S2140457B0506167652045726173652074696D652064
S2140457C02873293A20202020202025640050617266
S2140457D0742045726173652074696D652028732989
S2140457E03A20202020202025640050617274204531
S2140457F0726173652074696D6520286D73293A207B
S2140458002020202020256400506167652073697A73
S2140458106520286279746573293A20202020202088
S214045820202020256C00506172742073697A6520EC
S214045830286279746573293A2020202020202020AD
S21404584020256C00576F72642073697A652028627D
S21404585079746573293A20202020202020202025D2
S21404586064202825702900454550524F4D20696E06
S21404587069743A2030782558002F686F6D652F724A
S214045880756E6E65722F776F726B2F747579612DD6
S2140458907A69676265652D7377697463682F7475B2
S2140458A079612D7A69676265652D737769746368B3
S2140458B02F73696C6162735F746F6F6C732F736997
S2140458C06D706C69636974795F73646B2F75746942
S2140458D06C2F706C7567696E2F706C7567696E2DAA
S2140458E0636F6D6D6F6E2F656570726F6D2F656576
S2140458F070726F6D2E6300556E61626C6520746FF6
S21404590020626F6F7420696D61676520617420730F
S2140459106C6F7420256C640A00536C6F74204D61A0
S2140459206E61676572206661696C656420746F20B9
S214045930657261736520736C6F740A004D6178201C
S21404594072656164206C696D697420736574207473
S2140459506F2025642062797465730A00416464725A
S214045960657373202020202020202020204461748A
S214045970610A00307825346C7820202020202020EE
S214045980307825780A004661696C656420746F2057
S214045990726561642066726F6D20666C6173680A56
S2140459A000536C6F7420256C640A20204164647272
S2140459B065737320202020203A20307825346C58D4
S2140459C00A20204C656E6774682020202020203A28
S2140459D020307825346C582028256C64206279742D
S2140459E06573290A00202054797065202020202021
S2140459F02020203A20004E6F2047424C20707265CB
S214045A0073656E740A005A69674265650A005468CD
S214045A10726561640A00436F6E6E6563740A0042C1
S214045A206C7565746F6F74680A00426C7565746F84
S214045A306F7468206170706C69636174696F6E0A54
S214045A40004D43550A004F74686572202830782547
S214045A506C58290A00202056657273696F6E2020E0
S214045A602020203A203078256C580A0020204361F4
S214045A70706162696C69746965733A20307825349C
S214045A806C580A00202050726F6475637420494471
S214045A9020203A2000307825582000536C6F74205C
S214045AA04D616E616765723A206661696C65642053
S214045AB0746F20696E697469616C697A6520626FB7
S214045AC06F746C6F6164657220286572726F7220E1
S214045AD03078253478290A0056657273696F6E200B
S214045AE0202020203A2025640A0050617274202069
S214045AF02020202020203A2025730A00436170616C
S214045B0062696C69746965733A20307825780A008E
S214045B10506172742073697A652020203A202564C7
S214045B2020420A00506167652073697A6520202048
S214045B303A20256420420A00576F72642073697AFB
S214045B40652020203A20256420420A00536C6F7496
S214045B5073202020202020203A2025640A00466155
S214045B60696C656420746F20726561642066726F68
S214045B706D2073746F7261676520666C617368204C
S214045B80286572726F72202564290A00496E766150
S214045B906C696420736C6F7420256420286D6178AA
S214045BA020736C6F74202564290A004661696C654D
S214045BB06420746F2067657420696E666F20666F54
S214045BC07220736C6F742025640A00536C6F742003
S214045BD04D616E616765723A20736C6F74207772DC
S214045BE0697465206661696C7572652E204164640B
S214045BF072657373206F666673657420282564293E
S214045C00202B207772697465206C656E6774682033
S214045C10282564292067726561746572207468613A
S214045C206E20746F74616C20736C6F74206C656E78
S214045C3067746820282564290A00536C6F74204D05
S214045C40616E61676572207761726E696E673A206D
S214045C50736C6F74202564206C656E6774682028E6
S214045C60256429206E6F7420616C69676E656420F4
S214045C70746F20706167652073697A6520282564CF
S214045C80292E2054686520656E7469726520736CCD
S214045C906F742077696C6C206E6F74206265206563
S214045CA072617365642E0A00536C6F74204D616EC6
S214045CB0616765723A206661696C656420746F205A
S214045CC06572617365202564206279746573206942
S214045CD06E20736C6F742025642061742061646484
S214045CE07265737320307825347820286572726F55
S214045CF0722030782578290A00457261736564201D
S214045D00256420627974657320696E20736C6F74E1
S214045D102025640A004661696C656420746F2073EC
S214045D20657420736C6F7420746F20626F6F7420B8
S214045D30286572726F72203078253478290A0046F6
S214045D4061696C656420746F20736574206C697374
S214045D5074206F6620736C6F747320746F20626F88
S214045D606F7420286572726F722030782534782913
S214045D700A004661696C656420746F206765742048
S214045D806E6577206C697374206F6620736C6F740D
S214045D907320746F20626F6F7420286572726F723E
S214045DA0203078253478290A00426567696E6E6962
S214045DB06E6720696D6167652076657269666963DA
S214045DC06174696F6E2E2E2E002E6661696C656492
S214045DD02120284572726F72203078253478290A7B
S214045DE0002E7061737365642120426F6F74696E50
S214045DF06720736C6F742025640A00666E692B0036
S214045E00666E69006E616E00666E692D006C69626E
S214045E1073006273656E6400726573657400726104
S214045E20770073656E645F6D756C74696361737413
S214045E300073656E642D7573696E672D6D756C746D
S214045E4069636173742D62696E64696E6700746950
S214045E506D6573796E63006765742D7074692D7251
S214045E606164696F2D636F6E66696700636F6E6643
S214045E7069672D6363612D6D6F6465006576656E75
S214045E807473007365637572697479007A696762FE
S214045E9065655F7072696E7400706C7567696E0014
S214045EA06E6574006B657973006F7074696F6E004D
S214045EB0706C7567006368616E67656B657900630F
S214045EC068616E67656B007A646F007072696E74E1
S214045ED02072656C6174656420636F6D6D616E64B9
S214045EE0732E0061747472005A646F2072656C615C
S214045EF074656420636F6D6D616E64732E00726FDB
S214045F0075746500706F776572006D676D742D6CBF
S214045F107169006D676D742D62696E64006E6F64DE
S214045F20650073696D706C650069656565006E77FC
S214045F306B00756E62696E64006E776B2D757064A7
S214045F40006F75742D636C2D6C69737400696E2D07
S214045F50636C2D6C697374005A646F20696E2D63CC
S214045F606C2D6C6973742072656C6174656420634F
S214045F706F6D6D616E64732E005A646F206F757456
S214045F802D636C2D6C6973742072656C6174656422
S214045F9020636F6D6D616E64732E005A646F206E9D
S214045FA0776B2D7570642072656C6174656420630C
S214045FB06F6D6D616E64732E007363616E2D63681E
S214045FC0616E2D6D61736B007363616E006368614F
S214045FD06E5067006368616E005A646F20756E6267
S214045FE0696E642072656C6174656420636F6D6DA0
S214045FF0616E64732E00756E696361737400636802
S214046000616E67656B65792072656C617465642082
S214046010636F6D6D616E64732E006C696E6B004FFA
S2140460207074696F6E2072656C6174656420636F4A
S2140460306D6D616E64732E00726567697374657244
S214046040006469736300696E7374616C6C2D636FAE
S21404605064650062696E64696E672D7461626C655E
S214046060007072696E742D72782D6D73677300619B
S214046070707372657472790041505320726574723D
S2140460807920666C616720666F72636520636F6D46
S2140460906D616E647300456E61626C65732F44694E
S2140460A07361626C6573207072696E74696E6720C2
S2140460B06F66205278206D657373616765732E0072
S2140460C0656E61626C650042696E64696E67207411
S2140460D061626C652072656C6174656420636F6DC3
S2140460E06D616E64732E00536563757269747920EE
S2140460F06B6579732072656C6174656420636F6D7B
S2140461006D616E64732E0064656C657465004E651F
S21404611074776F726B2072656C6174656420636F4C
S2140461206D6D616E64732E00666F726D0072656AC3
S2140461306F696E2D646966662D6465766963652D80
S214046140747970650065787470616E69640069734B
S2140461506F70656E0062726F61642D706A6F696E2F
S214046160006368616E67652D6368616E6E656C00BA
S214046170696E6974006368616E67652D6B6565702A
S2140461802D616C6976652D6D6F64650074696D6547
S2140461906F75742D6F7074696F6E2D6D61736B00FF
S2140461A06D756C74692D7068792D737461727400E2
S2140461B06D756C74692D7068792D73746F700066D4
S2140461C0696E64006E6574776F726B2066696E64C0
S2140461D020636F6D6D616E64732E006A6F696E6105
S2140461E0626C6500756E7573656400736C6F742DF0
S2140461F06D616E6167657200636F756E7465727348
S2140462000066696E642D616E642D62696E64006654
S2140462107261676D656E746174696F6E0067726F24
S2140462207570732D736572766572006E6574776F1C
S214046230726B2D7374656572696E67006F74612D79
S214046240626F6F746C6F6164006F74612D636C6948
S214046250656E74006F74612D73746F726167652D5B
S214046260636F6D6D6F6E006F74612D73746F726102
S21404627067652D656570726F6D0069646C652D7356
S2140462806C656570007570646174652D74632D6C3F
S214046290696E6B2D6B6579007570646174652D7419
S2140462A0632D6C696E6B2D6B65792072656C6174F9
S2140462B0656420636F6D6D616E64730074696D65EB
S2140462C072006E6F7700436F6D6D616E6473207439
S2140462D06F20636F6E74726F6C2069646C696E678E
S2140462E02F736C656570696E67206F6620746865C9
S2140462F02064657669636500666F7263652D6177F1
S214046300616B65006177616B652D7768656E2D6ED0
S2140463106F742D6A6F696E6564007265706F72744F
S214046320696E672072656C6174656420636F6D6D59
S214046330616E64732E00636C6561722D6C61737498
S2140463402D7265706F72742D74696D650074657353
S214046350742D74696D696E67006F74612D73746F44
S214046360726167652D656570726F6D2072656C610C
S21404637074656420636F6D6D616E64732E00776957
S2140463807065006F74612D73746F726167652D6339
S2140463906F6D6D6F6E2072656C6174656420636FDB
S2140463A06D6D616E6473007072696E74496D6167B9
S2140463B065730072656C6F61640073746F726167F5
S2140463C0652D696E666F00646174612D7072696E06
S2140463D074006F74612D636C69656E742072656CED
S2140463E06174656420636F6D6D616E64732E0076F0
S2140463F0657269667900626C6F636B2D746573747D
S21404640000706167652D72657175657374007570CB
S21404641067726164652D726571756573740064696D
S2140464207361626C652D646F776E67726164657301
S21404643000656E61626C652D646F776E6772616469
S2140464406573006F74612D626F6F746C6F61642086
S21404645072656C6174656420636F6D6D616E6473E0
S214046460006E6574776F726B2D7374656572696EF2
S214046470672072656C6174656420636F6D6D616E10
S21404648064732E007072652D636F6E66696775722D
S21404649065642D6B65792D736574006D61736B206F
S2140464A072656C6174656420636F6D6D616E642ED5
S2140464B00073756274726163740067726F757073CB
S2140464C02D7365727665722072656C6174656420DE
S2140464D0636F6D6D616E64732E00667261676D65C1
S2140464E06E746174696F6E2072656C617465642085
S2140464F0636F6D6D616E64732E007365742D7278B0
S2140465002D77696E646F772D73697A65006172748E
S2140465106966696369616C2D626C6F636B2D647266
S2140465206F700046696E6420616E642062696E64F2
S2140465302072656C6174656420636F6D6D616E6452
S214046540732E00696E69746961746F7200656E619A
S214046550626C655F7479706500737461636B006167
S2140465607070007A636C006C65676163795F61665E
S2140465705F646562756700636F756E746572732019
S21404658072656C6174656420636F6D6D616E6473AF
S2140465902E007072696E742D636F756E7465722D3D
S2140465A0747970650073696D706C652D7072696EB0
S2140465B074007072696E742D7468726573686F6C9B
S2140465C06473007365742D7468726573686F6C64A5
S2140465D00072657365742D7468726573686F6C6495
S2140465E0730073656E642D726571756573740073DC
S2140465F0656375726974792072656C61746564206C
S214046600636F6D6D616E6473007365742D616C6C7D
S2140466106F772D74727573742D63656E7465722D41
S21404662072656A6F696E2D7573696E672D77656C12
S2140466306C2D6B6E6F776E2D6B6579007365742D9C
S214046640616C6C6F772D74727573742D63656E74DC
S21404665065722D72656A6F696E2D7573696E672D26
S21404666077656C6C2D6B6E6F776E2D6B65792D74FC
S214046670696D656F7574007365742D6B65792D721D
S2140466806571756573742D706F6C696379006D66DA
S214046690672D746F6B656E00617073005365637568
S2140466A072697479206170732072656C61746564B4
S2140466B020636F6D6D616E64732E004765742F736F
S2140466C06574204D464720746F6B656E2E00656EAC
S2140466D064706F696E742072656C6174656420639F
S2140466E06F6D6D616E64732E00656570726F6D20DC
S2140466F07574696C6974792072656C61746564205C
S214046700636F6D6D616E647300536C6F74204D61BE
S2140467106E616765722072656C6174656420636F70
S2140467206D6D616E647300626F6F742D736C6F743D
S2140467300065726173652D736C6F74006578742DD3
S214046740666C6173682D696E666F00736C6F747324
S2140467502D696E666F005072696E74732074696D6D
S214046760652E005072696E74732061747472696267
S2140467707574652E00436C656172732074686520B9
S2140467805A444F206C697374206F6620636C696585
S2140467906E742028696E2920636C75737465727331
S2140467A02E004164647320636C7573746572732081
S2140467B0746F20746865206B6E6F776E20636C69E7
S2140467C0656E742028696E2920636C75737465720F
S2140467D073206F6E207468697320646576696365D8
S2140467E02E00436C6561727320746865205A444FAA
S2140467F0206C697374206F6620636C69656E742000
S214046800286F75742920636C7573746572732E0013
S2140468104164647320636C75737465727320746F5B
S21404682020746865206B6E6F776E20636C69656E86
S2140468307420286F75742920636C7573746572737D
S214046840206F6E2074686973206465766963652EAC
S2140468500053656E647320616E20757064617465A0
S214046860206368616E6E656C2072657175657374FD
S2140468702E006368616E6E656C1F0053656E6473EC
S21404688020616E20757064617465206368616E6E45
S214046890656C2070616765207265712E205468658A
S2140468A020737461636B2073656E6473206E776BFC
S2140468B020656E68616E63656420757064617465D6
S2140468C02072657120666F72206E6F6E2D7A657207
S2140468D06F20706167652E006368616E6E656C1F5D
S2140468E0706167651F00506572666F726D73206114
S2140468F06E20656E65726779207363616E2E007410
S21404690061726765744E6F646549641F7363616E74
S2140469104475726174696F6E1F7363616E436F753D
S2140469206E741F0042726F616463617374732074C3
S2140469306865204944206F6620746865206E657714
S214046940206E6574776F726B206D616E6167657219
S21404695020616E6420616374697665206368616E85
S2140469606E656C732E006E776B4D676549641F63A6
S21404697068616E6E656C4D61736B1F005065726660
S2140469806F726D7320616E20656E65726779207311
S21404699063616E206F6E20676976656E206368613A
S2140469A06E6E656C206D61736B2E00746172676524
S2140469B0744E6F646549641F7363616E44757261D7
S2140469C074696F6E1F7363616E436F756E741F63B5
S2140469D068616E6E656C4D61736B1F0053656E6403
S2140469E0732061206E6574776F726B2061646472C5
S2140469F0657373207265717565737420666F722093
S214046A0074686520676976656E204945454520614A
S214046A106464726573732E00696565651F0052654C
S214046A2071756573747320616E2049454545206110
S214046A30646472657373206261736564206F6E208C
S214046A406120676976656E206E6F64652049442E02
S214046A50006E6F646549641F0053656E647320613D
S214046A602073696D706C65206465736372697074F5
S214046A706F72207265717565737420666F72207408
S214046A8068652073686F72742061646472657373DA
S214046A9020616E6420656E64706F696E7420737016
S214046AA0656369666965642E00646573741F746142
S214046AB072676574456E64706F696E741F00536503
S214046AC06E64732061206D617463684465736372D9
S214046AD06970746F72735265717565737420746F20
S214046AE02074686520676976656E206465737469CA
S214046AF06E6174696F6E20776974682074686520A7
S214046B00676976656E2070726F66696C652E006EB6
S214046B106F646549641F70726F66696C651F005305
S214046B20656E64732061206E6F64652064657363AC
S214046B30726970746F7220726571756573742074EF
S214046B406F206120676976656E207461726765746C
S214046B50206465766963652E007461726765741FC8
S214046B600053656E64732061205A444F2042696E58
S214046B706420636F6D6D616E6420746F20612064A1
S214046B806576696365207370656369666965642004
S214046B90696E2074686520636F6D6D616E64206134
S214046BA07267756D656E74732E0044657374696ED2
S214046BB06174696F6E1F536F7572636520656E64CA
S214046BC0706F696E741F44657374696E6174696F5F
S214046BD06E20656E64706F696E741F636C75737473
S214046BE0657249441F72656D6F7465455549363440
S214046BF01F6465737445554936341F0053656E64C7
S214046C007320616E2061637469766520656E6470B6
S214046C106F696E74207265717565737420746F2065
S214046C20746865206465766963652077697468208E
S214046C3074686520676976656E2073686F72742061
S214046C4049442E0053656E647320616E20756E622F
S214046C50696E64207265717565737420666F722040
S214046C606120756E69636173742062696E64696E0F
S214046C706720746F20746865207461726765742079
S214046C806465766963652E007461726765741F7344
S214046C906F757263652065756936341F736F757218
S214046CA0636520656E64706F696E741F636C7573BC
S214046CB074657249441F64657374696E6174696FA0
S214046CC06E45554936341F64657374696E6174691C
S214046CD06F6E20656E64706F696E741F0053656E08
S214046CE0647320616E20756E62696E6420726571CD
S214046CF07565737420666F722061206D756C746997
S214046D00636173742062696E64696E6720746F20B1
S214046D107468652074617267657420646576696357
S214046D20652E007461726765741F736F7572636590
S214046D302065756936341F736F7572636520656EDA
S214046D4064706F696E741F636C75737465724944FE
S214046D501F67726F7570416464726573731F0053A6
S214046D60656E64732061205A444F204D616E6167DE
S214046D70656D656E74204C6561766520636F6D6D18
S214046D80616E6420746F2074686520746172676530
S214046D9074206465766963652E0074617267657431
S214046DA01F72656D6F76654368696C6472656E1FE5
S214046DB072656A6F696E1F0053656E647320612086
S214046DC05A444F204D474D542D42696E6420284244
S214046DD0696E64696E67205461626C652920526529
S214046DE0717565737420746F20746865207461729D
S214046DF0676574206465766963652E0074617267DE
S214046E0065741F7374617274496E6465781F0053E9
S214046E10656E64732061205A444F204D474D542DAF
S214046E204C514920284C5149205461626C652920F4
S214046E305265717565737420746F20746865207468
S214046E406172676574206465766963652E005365B0
S214046E506E64732061205A444F20506F7765722009
S214046E6044657363726970746F72205265717565D8
S214046E70737420746F207468652074617267657417
S214046E80206465766963652E0053656E64732061BD
S214046E90205A444F20726F7574652072657175654B
S214046EA0737420636F6D6D616E6420746F207468F4
S214046EB065207461726765742E0074617267657408
S214046EC01F696E6465781F00696E6465781F657552
S214046ED06936341F696E7374616C6C436F64651F26
S214046EE000696E6465781F65756936341F6B65794D
S214046EF01F005443206C696E6B206B6579207265A5
S214046F00717565737420706F6C6963791F41707056
S214046F10206C696E6B206B6579207265717565737C
S214046F207420706F6C6963791F00426F6F6C3A202F
S214046F30616C6C6F772074727573742063656E74FD
S214046F4065722072656A6F696E207573696E672054
S214046F5077656C6C2D6B6E6F776E206B65791F0092
S214046F6070726F66696C6549641F636C75737465CB
S214046F707249641F0074617267657449641F004532
S214046F806E61626C6573207072696E74696E6720D8
S214046F906F66205278206D657373616765732E0083
S214046FA053657473207468652062696E64696E67DD
S214046FB0207461626C6500696E6465781F636C7525
S214046FC0737465721F6C6F63616C45701F72656DB8
S214046FD06F746545701F65756936341F00436C65AC
S214046FE0617273207468652062696E64696E6720D6
S214046FF07461626C652E005072696E7473207468D6
S214047000652062696E64696E67207461626C6520CF
S214047010746F2074686520636F6D6D616E64206C98
S214047020696E652E00436C6561727320616C6C201A
S2140470307365637572697479206B6579732E004481
S214047040656C65746520746865207370656369662D
S214047050696564206C696E6B206B657920696E6463
S21404706065782E005072696E747320616C6C2073A0
S21404707065637572697479206B6579732E0054653F
S214047080726D696E6174657320746865206D756CC5
S21404709074692D50485920696E746572666163651B
S2140470A0005573656420746F207374617274206D68
S2140470B0756C74692D50485920696E7465726661E2
S2140470C06365206F74686572207468616E206E61F3
S2140470D07469766520616E6420666F726D207468CC
S2140470E065206E6574776F726B2E20546865207306
S2140470F07461636B20757365732073616D652050CE
S214047100616E4964206173206E61746976652072CD
S2140471106164696F206E6574776F726B2E007061A0
S21404712067651F6368616E6E656C1F706F77657246
S2140471301F6F7074696F6E734D61736B202842699C
S214047140742030203D20526F757465727320616C14
S2140471506C6F7765642C204269742031203D204290
S214047160726F61646361737420616C6C6F776564BD
S214047170291F00417474656D70747320746F2063E6
S21404718068616E676520746865206368696C64204E
S21404719074696D656F7574206F7074696F6E206D99
S2140471A061736B20746F2066696C746572206F75EA
S2140471B07420756E646573697261626C65207661AD
S2140471C06C7565732028652E672E206E6F206D6F94
S2140471D07265207468616E20332064617973292E89
S2140471E00074696D656F7574206F7074696F6E20B6
S2140471F06D61736B1F0053776974636865732062EF
S21404720065747765656E20646966666572656E7416
S214047210206B65657020616C697665206D6F6465AA
S2140472207320737570706F72746564206279206160
S21404723020726F757465722E004B65657020616CE4
S214047240697665206D6F64651F005072696E74738D
S214047250207468652063757272656E74204E6F6460
S214047260652049442C2045554936342C20616E64EB
S2140472702050616E2049442E00496E697469616C21
S214047280697A65732061206E6574776F726B3B2034
S214047290746869732069732061207465737420634D
S2140472A06F6D6D616E64207573656420666F722001
S2140472B074632D737761702D6F75742074657374A1
S2140472C0696E672E005365747320746865206E6556
S2140472D074776F726B20696E646578207573656465
S2140472E020627920616C6C20667574757265204323
S2140472F04C4920636F6D6D616E64732E2020426569
S214047300666F726520657865637574696E6720615B
S21404731020434C4920636F6D6D616E642C20746845
S21404732065206672616D65776F726B20737769741A
S2140473306368657320746F2074686973206E65745F
S214047340776F726B2E2020416674657220746865B0
S21404735020636F6D6D616E642066696E697368651F
S2140473607320657865637574696E672C2074686528
S214047370206672616D65776F726B207377697463CC
S214047380686573206261636B20746F20746865207F
S21404739070726576696F7573206E6574776F726B3D
S2140473A02E202054686520434C492075736573204D
S2140473B07468652073616D65206E6574776F726B93
S2140473C020696E64657820756E74696C20746865CF
S2140473D02064657669636520726573657473206FCF
S2140473E072206974206973206368616E676564201F
S2140473F07468726F756768207468697320636F6D4C
S2140474006D616E642E00417474656D7074732074BF
S2140474106F206368616E67652064657669636520BE
S2140474206F76657220746F20612064696666657283
S214047430656E74206368616E6E656C206769766538
S2140474406E20696E20746865206368616E6E656C74
S21404745020617267756D656E742E005468652063CE
S21404746068616E6E656C20746F206368616E676514
S21404747020746F1F0066696E64556E75736564507C
S214047480616E49640066696E644A6F696E61626C17
S214047490654E6574776F726B005065726D697473B0
S2140474A0206A6F696E696E67206F6E207468652047
S2140474B06E6574776F726B20666F722061206769E1
S2140474C076656E206E756D626572206F66207365D4
S2140474D0636F6E647320414E442062726F6164630E
S2140474E0617374732061205A444F204D676D742075
S2140474F05065726D6974204A6F696E696E67207292
S21404750065717565737420746F20616C6C20726F7E
S21404751075746572732E00412073696E676C6520FE
S2140475206279746520696E6469636174696E672044
S214047530686F77206C6F6E67207468652064657664
S2140475406963652073686F756C642068617665206E
S2140475507065726D6974206A6F696E696E672074EF
S21404756075726E6564206F6E20666F722E204120E1
S21404757076616C7565206F66203078666620747553
S214047580726E73206F6E207065726D6974206A6FF8
S214047590696E20696E646566696E6974656C792EB9
S2140475A01F00436865636B73206E6574776F726B38
S2140475B020706A6F696E207374617475732E005739
S2140475C072697465732074686520657874656E6482
S2140475D065642070616E20494420666F722074686A
S2140475E065206465766963652E0065787470616EDF
S2140475F069641F0052656A6F696E7320616E206548
S21404760078697374696E67206E6574776F726B2021
S214047610696E206120736563757265206F722069D8
S2140476206E736563757265206D616E6E6572207724
S214047630697468206120646966666572656E742084
S21404764064657669636520747970652E00426F6F91
S2140476506C65616E206E6574776F726B206B6579EE
S21404766020617661696C6162696C6974791F43682C
S214047670616E6E656C206D61736B1F416E20656E66
S214047680756D65726174696F6E20696E6469636195
S21404769074696E672074686520646576696365201E
S2140476A07479706520746F2072656A6F696E2061E4
S2140476B0732E54686520737461636B206F6E6C79E7
S2140476C0206163636570747320534C5F5A49474264
S2140476D045455F454E445F44455649434520616EE3
S2140476E06420534C5F5A49474245455F534C4545D1
S2140476F050595F454E445F4445564943452E1F0046
S21404770052654A6F696E732061206E6574776F7276
S2140477106B2E00426F6F6C65616E206E6574776FBA
S214047720726B206B657920617661696C6162696C45
S2140477306974791F4368616E6E656C206D61736B46
S2140477401F004C65617665732061206E6574776FE3
S214047750726B2E005475726E73207065726D697448
S214047760206A6F696E696E67206F6E20666F72207E
S21404777074686520616D6F756E74206F6620746919
S2140477806D6520696E646963617465642E004120CA
S21404779073696E676C65206279746520696E6469C6
S2140477A0636174696E6720686F77206C6F6E6720FC
S2140477B0746865206465766963652073686F756CA4
S2140477C0642068617665207065726D6974206A6FDE
S2140477D0696E696E67207475726E206F6E20666FB0
S2140477E0722E20412076616C7565206F6620307895
S2140477F06666207475726E73207065726D69742087
S2140478006A6F696E20696E646566696E6974656C14
S214047810792E1F004A6F696E732061206E65747737
S2140478206F726B206F6E206120676976656E2063C9
S21404783068616E6E656C2C207769746820612067B9
S2140478406976656E20545820506F77657220616E95
S214047850642050414E2049442E00546865206368D5
S214047860616E6E656C206F6E20776869636820743D
S2140478706F206A6F696E20746865206E6574776F12
S214047880726B1F4F6E652D62797465207369676E1F
S21404789065642076616C756520696E6469636174DD
S2140478A0696E672074686520545820506F77657237
S2140478B020746861742074686520726164696F203E
S2140478C073686F756C642062652073657420746FCA
S2140478D01F5468652050414E204944206F6E20771F
S2140478E06869636820746F206A6F696E20746865BF
S2140478F0206E6574776F726B1F00466F726D73200F
S21404790061206E6574776F726B206F6E20612067DE
S2140479106976656E206368616E6E656C2C20776987
S2140479207468206120676976656E20545820506F0D
S21404793077657220616E642050414E2049442E00C3
S214047940546865206368616E6E656C206F6E207780
S2140479506869636820746F20666F726D207468654A
S214047960206E6574776F726B1F4F6E652D62797427
S21404797065207369676E65642076616C7565206939
S2140479806E6469636174696E672074686520545810
S21404799020506F776572207468617420746865205F
S2140479A0726164696F2073686F756C642062652009
S2140479B073657420746F1F5468652050414E2049C7
S2140479C044206F6E20776869636820746F20666F42
S2140479D0726D20746865206E6574776F726B1F0015
S2140479E05468697320696E6974696174657320618B
S2140479F02054434C4B207570646174652070726F1C
S214047A006365647572652E005370656369667920D4
S214047A1074686520616D6F756E74206F6620746976
S214047A206D6520746F207761697420616674657271
S214047A30206F6E652054434C4B20757064617465EA
S214047A40206F7065726174696F6E20636F6D706C01
S214047A5065746573206265666F7265206265676922
S214047A606E6E696E672061206E65772054434C4BBA
S214047A7020757064617465206F7065726174696FD7
S214047A806E2E0054686520616D6F756E74206F6687
S214047A902074696D65206265747765656E207375FC
S214047AA06273657175656E74207472757374206381
S214047AB0656E746572206C696E6B206B65792075D3
S214047AC070646174657320696E206D696C6C69738B
S214047AD065636F6E64731F00536574206F72206352
S214047AE06C6561722073746179206177616B6520BF
S214047AF07768656E206E6F74206A6F696E656400C1
S214047B00536574206F7220636C65617220666F72B1
S214047B106365206177616B6500446973706C617995
S214047B202074686520736C65657020737461747561
S214047B307300464F522054455354494E47205055DF
S214047B4052504F534553202D206761746865722048
S214047B5074696D696E67206D6574726963732066F7
S214047B606F72207265706F7274696E6720746162DA
S214047B706C65206F7065726174696F6E732E004356
S214047B806C6561727320746865206C61737420720E
S214047B9065706F72742074696D65206F66206174F9
S214047BA074726962757465732E004164647320612F
S214047BB0206E657720656E74727920746F20746801
S214047BC065207265706F7274207461626C652E0035
S214047BD0546865206C6F63616C20656E64706F69B1
S214047BE06E742066726F6D207768696368207468A7
S214047BF06520617474726962757465206973207295
S214047C0065706F727465641F54686520636C757361
S214047C10746572207768657265207468652061747F
S214047C2074726962757465206973206C6F6361741D
S214047C3065641F546865204944206F66207468652F
S214047C4020617474726962757465206265696E6712
S214047C50207265706F727465641F3020666F7220C0
S214047C60636C69656E742D736964652061747472DF
S214047C70696275746573206F72203120666F722096
S214047C807365727665722D736964652061747472A7
S214047C906962757465731F546865206D696E696DD5
S214047CA0756D207265706F7274696E6720696E7484
S214047CB0657276616C2C206D6561737572656420DF
S214047CC0696E207365636F6E64732E1F5468652037
S214047CD06D6178696D756D207265706F7274696E0A
S214047CE06720696E74657276616C2C206D656173AD
S214047CF07572656420696E207365636F6E64732E97
S214047D001F546865206D696E696D756D20636861C2
S214047D106E676520746F2074686520617474726978
S214047D206275746520746861742077696C6C20725F
S214047D306573756C7420696E2061207265706F724D
S214047D4074206265696E672073656E742E1F005218
S214047D50656D6F76657320616E20656E747279202A
S214047D6066726F6D20746865207265706F72742019
S214047D707461626C652E0054686520696E6465786B
S214047D80206F6620746865207265706F7274207444
S214047D906F2062652072656D6F7665641F00436CA4
S214047DA06561727320616C6C20656E7472696573AC
S214047DB02066726F6D20746865207265706F7274C9
S214047DC0207461626C652E005072696E7473207440
S214047DD06865207265706F7274207461626C652EBB
S214047DE000576970657320616C6C2064617461204F
S214047DF0696E207468652073746F726167652064A9
S214047E0065766963652E005072696E7473206172BC
S214047E1062697472617279206279746573206F6620
S214047E2020746865204F544120696D616765206F32
S214047E306E206469736B2E0054686520696E6465F1
S214047E4078206F662074686520696D6167652074A4
S214047E506F207072696E7420697473206461746133
S214047E601F546865206F666673657420696E746F48
S214047E7020746865204F544120696D6167652074DD
S214047E806861742077696C6C206265207072696E14
S214047E907465641F005072696E747320696E666F31
S214047EA0726D6174696F6E2061626F757420746898
S214047EB0652073746F7261676520646576696365AF
S214047EC02E0052656C6F6164207468652073746F4D
S214047ED072616765206465766963652E0044656C27
S214047EE0657465732074686520696D6167652061D3
S214047EF074207468652073706563696669656420B8
S214047F00696E6465782E0054686520696E646578C9
S214047F1020617420776869636820746F20626567DF
S214047F20696E2064656C6574696E67207468652084
S214047F30696D6167651F005072696E74732074689A
S214047F406520696D616765732E00456E61626C65B8
S214047F5073204F544120646F776E67726164657353
S214047F602E0044697361626C6573204F544120642B
S214047F706F776E6772616465732E0053656E647303
S214047F8020616E2055706772616465456E64526543
S214047F90717565737420746F20616E204F54412090
S214047FA07365727665722E0043616E206265207575
S214047FB073656420746F2064796E616D6963616CA7
S214047FC06C79207475726E206F66662073656E64B5
S214047FD0696E672070616765207265717565737474
S214047FE073206F6E2074686520636C69656E7420F8
S214047FF0736964652C2069662074686520736572ED
S21404800076657220646F65736E277420737570705E
S2140480106F7274207468697320666561747572651E
S2140480202E00426F6F6C65616E2076616C756520FC
S2140480307475726E696E67206F6E20283129206F02
S21404804072206F6666202830292074686520706167
S2140480506765207265717565737420666C61671F49
S2140480600053656E647320616E20696D61676520D8
S214048070626C6F636B207265717565737420666FCE
S2140480807220612066696C65207468652073657269
S2140480907665722073686F756C64206E6F742068E2
S2140480A06176652E202054657374206861726E654F
S2140480B07373206F6E6C7920287465737420636103
S2140480C0736520392E352E36202D204D697373693D
S2140480D06E672046696C6529005072696E74732059
S2140480E0696E666F726D6174696F6E206F6E207450
S2140480F068652063757272656E7420737461746546
S214048100206F6620746865204F544120636C69654F
S2140481106E7420646F776E6C6F61642E0053746F98
S214048120707320746865204F5441207374617465BD
S214048130206D616368696E652E0053746172747392
S21404814020746865204F544120636C69656E742002
S2140481507374617465206D616368696E652E20545E
S2140481606865207374617465206D616368696E6503
S21404817020646973636F7665727320746865204F34
S2140481805441207365727665722C20717565726928
S214048190657320666F72206E657720696D6167650A
S2140481A0732C20646F776E6C6F61647320746865DB
S2140481B020696D6167657320616E642077616974F8
S2140481C07320666F722074686520736572766572B4
S2140481D020636F6D6D616E6420746F2075706772B6
S2140481E06164652E005072696E747320746865202D
S2140481F06D616E7566616374757265722049442C90
S21404820020496D61676520547970652049442C20A7
S214048210616E642056657273696F6E20696E666F50
S214048220726D6174696F6E20746861742061726522
S2140482302075736564207768656E206120717565A6
S2140482407279206E65787420696D6167652069733C
S2140482502073656E7420746F20746865207365726D
S2140482607665722062792074686520636C69656E31
S214048270742E00506572666F726D73207369676E34
S214048280617475726520766572696669636174697E
S2140482906F6E206F6E2074686520696D6167652057
S2140482A061742074686520737065636966696564C3
S2140482B020696E6465782E0054686520696E64656E
S2140482C07820617420776869636820746F2062651B
S2140482D067696E20766572696669636174696F6E34
S2140482E0206F662074686520696D6167651F0042AB
S2140482F06F6F746C6F6164732074686520696D6158
S21404830067652061742074686520737065636966A8
S21404831069656420696E6465782062792063616C9F
S2140483206C696E6720746865204F544120626F6FD5
S214048330746C6F61642063616C6C6261636B2E00A5
S21404834054686520696E646578206174207768696E
S214048350636820746F20626567696E20626F6F744D
S2140483606C6F6164696E672074686520696D616707
S214048370651F005072696E747320696E666F2061A3
S214048380626F75742074686520696E7374616C6CB2
S214048390656420626F6F746C6F616465722E00533F
S2140483A075627472616374732061206368616E6EB3
S2140483B0656C2066726F6D206569746865722074DA
S2140483C06865207072696D617279206F72207365BA
S2140483D0636F6E64617279206368616E6E656C208B
S2140483E06D61736B206F6620746865206E657477A4
S2140483F06F726B2D7374656572696E6720636F6D3B
S214048400706F6E656E742E00546865206368616EC6
S2140484106E656C206D61736B20746F207375627467
S2140484207261637420746865206368616E6E656C3F
S2140484302066726F6D1F546865206368616E6E6592
S2140484406C20746F20737562747261637420746830
S21404845065206D61736B2066726F6D1F00416464E6
S214048460732061206368616E6E656C20746F20658E
S214048470697468657220746865207072696D6172CB
S21404848079206F72207365636F6E646172792063FE
S21404849068616E6E656C206D61736B206F66207408
S2140484A06865206E6574776F726B2D73746565727C
S2140484B0696E6720636F6D706F6E656E742E005400
S2140484C06865206368616E6E656C206D61736B20F1
S2140484D0746F206164642061206368616E6E656CED
S2140484E020746F1F546865206368616E6E656C2027
S2140484F0746F2061646420746F20746865206D61F5
S214048500736B1F0053657473206569746865722005
S214048510746865207072696D617279206F72207359
S21404852065636F6E64617279206368616E6E656CF4
S214048530206D61736B2E00546865206368616E6EEF
S214048540656C206D61736B20746F20737562747232
S21404855061637420746865206368616E6E656C2060
S21404856066726F6D1F5468652076616C756520743D
S2140485706F2073657420746865206368616E6E6529
S2140485806C206D61736B20746F2E1F0053657473BB
S21404859020746865207072652D636F6E66696775F2
S2140485A0726564206B657920736F2074686174202B
S2140485B0746865206A6F696E696E6720646576699B
S2140485C063652063616E20656E74657220746865E9
S2140485D0206E6574776F726B2E0053657473207407
S2140485E0686520707265636F6E6669677572656428
S2140485F0206B65791F0053746F7073207468652050
S2140486006E6574776F726B207374656572696E67D6
S2140486102070726F636573732E0053746172747383
S21404862020746865206E6574776F726B207374654A
S2140486306572696E672070726F636573732E00418E
S214048640206D61736B206F66206F7074696F6E7334
S21404865020666F7220696E6469636174696E672050
S2140486607370656369666963206265686176696FBD
S214048670722077697468696E20746865206E657404
S214048680776F726B2D7374656572696E672070728E
S2140486906F636573732E1F00446973706C6179731E
S2140486A0207468652063757272656E7420737461D5
S2140486B0747573206F6620746865206E6574776FB2
S2140486C0726B207374656572696E672070726F636F
S2140486D06573732E00436C6561727320746865203D
S2140486E067726F757073207461626C65206F6E209C
S2140486F0657665727920656E64706F696E74005075
S21404870072696E747320696E666F726D6174696FD8
S2140487106E2061626F75742074686520636F6E7472
S214048720656E7473206F66207468652067726F7553
S2140487307073207461626C652E0041727469666998
S2140487406369616C6C792064726F707320746865F9
S21404875020626C6F636B206E756D62657220646553
S21404876066696E656420627920746865207061733A
S21404877073656420617267756D656E74206F6E6CC8
S21404878079206F6E63652C20616E64207468656E54
S21404879020616C6C6F77732069742075706F6E201F
S2140487A0612072657472792E0054686520626C6F5D
S2140487B0636B206E756D62657220746F20617274CF
S2140487C06966696369616C6C792064726F70207481
S2140487D06F20666F726365206120726574727920FB
S2140487E02D2073657420746F203078464620746F8D
S2140487F02064697361626C651F005365747320742A
S214048800686520726563656976652077696E646F4E
S214048810772073697A652E2020427920646566691C
S2140488206E6974696F6E20696E2074686520536D76
S21404883061727420456E657267792070726F66691E
S2140488406C65206974206D75737420626520736589
S2140488507420746F203120627574207468697320E4
S214048860616C6C6F777320697420746F2062652066
S2140488706368616E6765642E00546865206D617870
S214048880206E756D626572206F662074686520625E
S2140488906C6F636B732072656365697665642062CA
S2140488A065666F726520616E204150532061636B6C
S2140488B02069732067656E6572617465641F004D78
S2140488C0616B65732074686973206E6F64652073CA
S2140488D074617274206964656E74696679696E671A
S2140488E020617320612074617267657420666F72FC
S2140488F02062696E64696E67207769746820616EA9
S21404890020696E69746961746F72206E6F64652E77
S2140489100054686520656E64706F696E74206F6EAF
S21404892020776869636820746F20626567696E20C3
S2140489307468652046696E64696E6720616E64209B
S21404894042696E64696E672074617267657420702C
S214048950726F636573731F004D616B657320746873
S2140489606973206E6F646520737461727420746812
S2140489706520696E69746961746F722070617274BF
S214048980206F66207468652066696E64696E672069
S214048990616E642062696E64696E672070726F63CC
S2140489A06573732E0054686520656E64706F696E17
S2140489B074206F6E20776869636820746F20626520
S2140489C067696E207468652046696E64696E672000
S2140489D0616E642042696E64696E6720696E6974AC
S2140489E06961746F722070726F636573731F0045DC
S2140489F06E61626C652F64697361626C6520646580
S214048A0062756720606C65676163792061707020A9
S214048A106672616D65776F726B20646562756760F8
S214048A20207072696E7420747970652E00456E61CC
S214048A30626C652F64697361626C651F00456E61C4
S214048A40626C652F64697361626C65206465627527
S214048A506720607A636C60207072696E7420747923
S214048A6070652E00456E61626C652F646973616281
S214048A706C65206465627567206061707060207044
S214048A8072696E7420747970652E00456E61626C2E
S214048A90652F64697361626C65206465627567201E
S214048AA060636F726560207072696E74207479708A
S214048AB0652E00456E61626C652F64697361626C35
S214048AC0652064656275672060737461636B6020FB
S214048AD07072696E7420747970652E0053656E64C6
S214048AE0732061207265717565737420666F7220D9
S214048AF04F544120636F756E746572732E00526511
S214048B007365747320616C6C207468726573686F27
S214048B106C64732076616C75657320746F2030788E
S214048B20464646462E005365747320612074687268
S214048B306573686F6C642076616C756520666F7209
S214048B40206120706172746963756C617220747937
S214048B507065206F6620636F756E7465722E0054A0
S214048B60797065206F6620636F756E7465721F5426
S214048B7068726573686F6C642056616C75651F0057
S214048B805072696E747320746865207468726573B5
S214048B90686F6C6473206F6620616C6C2074686503
S214048BA020636F756E746572732E00436C65617214
S214048BB07320616C6C20636F756E746572207661C9
S214048BC06C7565732E005072696E747320616C6CDC
S214048BD020636F756E7465722076616C7565732E8E
S214048BE0005072696E7473207468652076616C75C3
S214048BF065206F6620746869732070617274696397
S214048C00756C617220636F756E7465722E0054689D
S214048C106520636F756E7465722074797065207450
S214048C206F207072696E741F005072696E747320C0
S214048C30616C6C20636F756E7465722076616C75FA
S214048C40657320616E6420636C656172732074685A
S214048C50656D2E00536574204D464720746F6B6512
S214048C606E2C2043414E4E4F5420424520554E53C1
S214048C70455420425920434C492E005072696E7464
S214048C80204D464720746F6B656E2E005072696ED9
S214048C907420616374697665206576656E74732ED8
S214048CA00044697361626C652074686520656E644F
S214048CB0706F696E7420666F72205A434C206D651F
S214048CC07373616765732E00456E64706F696E74A6
S214048CD020696E6465781F00456E61626C6573205A
S214048CE074686520656E64706F696E7420666F7252
S214048CF0205A434C206D657373616765732E00506C
S214048D0072696E7420737461747573206F6620655F
S214048D106E64706F696E74732E0053686F77732079
S214048D207468652076657273696F6E206F6620744A
S214048D30686520736F6674776172652E0053657478
S214048D402074686520636F6E666967757265642053
S214048D503830322E31352E3420434341206D6F6433
S214048D606520696E2074686520726164696F2E20C0
S214048D7053656520646F63756D656E746174696FA1
S214048D806E20726567617264696E67205241494C51
S214048D905F494545453830323135345F4363614D6C
S214048DA06F64655F742E0041205241494C5F49450B
S214048DB045453830323135345F4363614D6F646501
S214048DC05F742076616C75651F0052657475726EEB
S214048DD0732050544920726164696F20636F6E6615
S214048DE0696720696E666F726D6174696F6E207450
S214048DF06F2064657465726D696E6520746865209D
S214048E005048592074797065206265696E672075CC
S214048E10736564206279205241494C2E2072657431
S214048E2075726E2076616C756520697320656E7543
S214048E306D205241494C5F494545453830323135FD
S214048E40345F507469526164696F436F6E66696714
S214048E505F7420652E6720205241494C5F49454582
S214048E60453830323135345F5054495F52414449B5
S214048E704F5F434F4E4649475F32503447485A2067
S214048E803D203078303055205241494C5F494545A5
S214048E90453830323135345F5054495F5241444985
S214048EA04F5F434F4E4649475F32503447485A5FF8
S214048EB0414E54444956203D203078303155205296
S214048EC041494C5F494545453830323135345F5069
S214048ED054495F524144494F5F434F4E4649475FAA
S214048EE032503447485A5F434F4558203D20307827
S214048EF0303255205241494C5F4945454538303259
S214048F003135345F5054495F524144494F5F434FB3
S214048F104E4649475F32503447485A5F414E5444A0
S214048F2049565F434F4558203D203078303355002E
S214048F3053656E6473206120726561642061747485
S214048F407220666F72207468652074696D65206F80
S214048F506620746865206465766963652073706549
S214048F606369666965642E2049742073657473208A
S214048F706120666C616720736F207768656E206970
S214048F807420676574732074686520726573706FE7
S214048F906E736520697420777269746573207468CB
S214048FA0652074696D6520746F20697473206F770B
S214048FB06E2074696D6520617474722E0049641F96
S214048FC0737263456E64706F696E741F6465737440
S214048FD0456E64706F696E741F005768656E207303
S214048FE0656E64696E67207573696E6720612062BA
S214048FF0696E64696E672C2073706563696669655B
S2140490007320776865746865722061206D756C746A
S21404901069636173742062696E64696E672073683D
S2140490206F756C6420626520757365642E007573B5
S214049030654D756C74696361737442696E64696EB8
S214049040671F0053656E64732061207072652D621D
S21404905075666665726564206D756C7469636173A4
S21404906074206D65737361676520746F2061206773
S2140490706976656E2067726F757020494420667243
S2140490806F6D206120676976656E20656E64706F0B
S214049090696E742E0067726F757049641F7372630D
S2140490A02D656E64706F696E741F0043726561741B
S2140490B065732061206D657373616765206279202E
S2140490C073706563696679696E6720746865207273
S2140490D061772062797465732E20557365207468F1
S2140490E0652073656E6420636F6D6D616E642074B5
S2140490F06F2073656E6420746865206D6573736194
S2140491006765206F6E6365206974206861732062EA
S21404911065656E20637265617465642E2045783AD1
S2140491202072617720307830303046207B30302013
S2140491303041203030203131203232203333203455
S214049140342035357D2073656E64732061206D652B
S214049150737361676520746F20636C7573746572CE
S214049160203135202830783030304629206F66206C
S2140491706C656E6774682038207768696368206950
S2140491806E636C7564657320746865205A434C205E
S2140491906865616465722E00436C75737465724904
S2140491A0641F446174611F00526573657473207490
S2140491B06865206E6F64652E005772697465732047
S2140491C061206D6573736167652E00456E64706F0C
S2140491D0696E741F436C75737465722049441F412D
S2140491E074747269627574652049441F4D61736BAB
S2140491F01F4461746120747970651F446174612032
S214049200627974651F0052656164732061206D6520
S21404921073736167652E00456E64706F696E741FA4
S214049220436C75737465722049441F417474726983
S214049230627574652049441F31206966207365721F
S21404924076657220646972656374696F6E2C20306B
S21404925020696620636C69656E7420646972656350
S21404926074696F6E1F0053656E64732061206D65AC
S21404927073736167652E0044657374696E617469FF
S2140492806F6E1F536F7572636520656E64706F69C9
S2140492906E741F44657374696E6174696F6E2065BD
S2140492A06E64706F696E741F00536F757263652009
S2140492B0656E64706F696E741F004C6973747320F6
S2140492C07768696368206F7074696F6E616C206C70
S2140492D06962726172696573206F662074686520BE
S2140492E0737461636B2061726520696D706C656D63
S2140492F0656E746564206F6E207468697320646597
S214049300766963652E005072696E747320696E66A2
S2140493106F726D6174696F6E2061626F757420740C
S2140493206865206E6574776F726B207374617465FC
S2140493302C20636C7573746572732C20616E6420C4
S214049340656E64706F696E74732E006F66667365FF
S214049350741F005072696E747320696E666F726D46
S2140493606174696F6E20666F7220616C6C20617622
S21404937061696C61626C6520736C6F74732E005245
S214049380656164732072617720646174612066721B
S2140493906F6D20666C6173682073746F72616765A5
S2140493A02E004164647265737320746F2072656165
S2140493B0641F4E756D626572206F662062797465EF
S2140493C07320746F20726561641F005072696E7436
S2140493D07320666C6173682073746F7261676520AE
S2140493E0696E666F726D6174696F6E2E0045726188
S2140493F07365732074686520737065636966696550
S2140494006420736C6F742049442E0053746F726129
S214049410676520736C6F74206E756D6265721F00CD
S214049420426F6F74732074686520696D6167652088
S214049430696E20746865207370656369666965641F
S21404944020736C6F742049442E00434C4920696E87
S2140494507374616E6365206578616D706C65006415
S214049460756D6D795F696E7374005A434C20636F33
S2140494706D6D616E647300626173696300676C6F1F
S21404948062616C006D66672D636F64650075736555
S2140494902D6E6578742D73657175656E63650078D9
S2140494A02D64656661756C742D72657370007465E1
S2140494B073742D726573706F6E73652D6F6E0074A2
S2140494C06573742D726573706F6E73652D6F666643
S2140494D0005A434C20626173696320636C7573742D
S2140494E0657220636F6D6D616E647300727466647A
S2140494F000436F6D6D616E642074686174207265DC
S2140495007365747320616C6C20617474726962751F
S21404951074652076616C75657320746F206661636C
S214049520746F72792064656661756C742E0052419E
S214049530494C006C6F7765722D6D61632D7261699D
S2140495406C2D3830322E31352E342E63006C696221
S2140495507261696C2E6100756E636C61696D656419
S214049560006275666665722D6D616E6167656D6510
S2140495706E742E63006576656E742D7175657565FB
S2140495802E63007A69676265652D75707065722D45
S2140495906D61632E63006E65696768626F722E6321
S2140495A0006173736F63696174696F6E2E63003153
S2140495B038323173003134323231003132310032D4
S2140495C073003132323131320031323231310032CD
S2140495D038310038313100313832313100313231EE
S2140495E0313132313232323173003132320031327B
S2140495F03131323231003131313100323238007299
S2140496006F7574652D7461626C652E63006D61639D
S2140496102D6D756C74692D6E6574776F726B2E6321
S214049620006C65676163792D7061636B65742D6288
S21404963075666665722E6300000002000000000076
S21404964000000000BA040000000002000000000051
S21404965000000000BA040000000102030E312E319F
S2140496602E322D3434353831306633000100000292
S21404967003030100060000000000030000000000D1
S21404968013B779FAC925DDB7ADF3CFE0F1B614B850
S2140496900102000000000000FFFFFFFF01000000C1
S2140496A001000000000000000000000000000000B0
S2140496B000000000000000000000000000000000A1
S2140496C00000000000000000000000000000000091
S2140496D0033F1F00775703007357030051570300D7
S2140496E01F570300AF570300815703002157030099
S2140496F02C00000002020203000000000102000029
S214049700000801B4A89704000008015A64970400EE
S214049710000800402097040000000000000000003D
S2140497200000FCFEFFFF000000000000FFFF00003A
S21404973000000000FFFF000000000000FFFF000024
S2140497400000000040001806F4D200002C00B0020E
S2140497503DBE00001700F2000C7C00000C00410027
S2140497609E4200006400FCFEFFFF000000000000B4
S214049770FFFF0000000000005A00F306A554FEFF99
S2140497802100A301A1FEFFFF1100A600832700000D
S2140497900A006100DC26000006003B00F8200000FA
S2140497A003001500AD130000C800FCFEB4008B08CF
S2140497B07BC0FBFF4D00E402E756FFFF2C00A2012E
S2140497C083EBFFFF1A000301B31A00001100A30085
S2140497D0552900000A005E005A28000006003A00D8
S2140497E02122000004001800731600002E4D040009
S2140497F0EB010400EB010400EB010400EB010400A0
S214049800EB010400EB010400EB010400EB0104008F
S214049810EB010400EB010400EB010400EB0104007F
S214049820EB010400EB010400EB010400EB0104006F
S214049830EB010400EB010400EB010400EB0104005F
S214049840EB010400EB010400EB010400EB0104004F
S214049850EB010400EB010400EB010400F901040031
S214049860EB0104000E020400EB010400EB0104000B
S21404987033020400EB010400EB010400EB010400D6
S214049880EB0104005B020400EB010400EB0104009E
S214049890EB010400EB01040073020400EB01040076
S2140498A0910204000B0000000B0000000200000000
S2140498B00000202000000000030000008C8C3C0008
S2140498C00000000000000000000000000000005837
S2140498D01200000000000000FFFFFFFFFFFFFFFF75
S2140498E0FFFFFFFF554E4B00474F200042544C00ED
S2140498F0474F3200474F3300474F3400474F350039
S214049900474F3600474F3700474F3800474F390018
S214049910474F4100474F4200474F4300474F4400DC
S214049920474F4500474F46004A4D500042445200B8
S2140499305550520042544D004D534D0046544C0071
S214049940554E4B00474F200042544C0042414400C1
S21404995046544C00465243004F54410044534C0076
S2140499604241500055504700544D4500464155006D
S214049970545A4600554E4B0050494E00454D34004F
S214049980554E4B0048562000554E4B004558500047
S2140499904C574D00554E4B005242540044534C0015
S2140499A0454D3400554E4B0041535400554E4B0024
S2140499B056465900494E4800554E4B004C434B0002
S2140499C058544C004F424600554E4B0048524400F3
S2140499D04D454D00425553005553470044424700F9
S2140499E0444D410056435400554E4B0055502000FC
S2140499F05250200041503000415031004150200068
S214049A004450200044454300E4980400E8980400C9
S214049A10409904007499040080990400889904000D
S214049A2094990400A4990400AC990400B89904001D
S214049A30C8990400E8990400554E4B004649420074
S214049A4042544C004558540050575200574447005F
S214049A5020535700435253004653480042414400A3
S214049A60464C540042524F0001040103030601050C
S214049A70010501090600060B0000070B050B000094
S214049A8000000000000000000400E40C0A000104CA
S214049A90100100000005000200000300249D0400DD
S214049AA0209D04000C9D0400089D0400049D0400F1
S214049AB0009D0400EE9C0400DE9C0400C49C04008C
S214049AC0BC9C0400B29C0400B09C0400989C040057
S214049AD0959C04008D9C04007C9C04006C9C0400F3
S214049AE05A9C0400409C0400389C04002C9C0400EF
S214049AF0289C0400249C0400169C04000B9C040070
S214049B00F29B0400D99B04007D9B04007C9B04000C
S214049B106C9B0400449B0400399B0400389B04009F
S214049B20249B040000000000000000000000000069
S214049B3000000000000000000F000000000000000D
S214049B40000000000000000000000000000000000C
S214049B5000000000000000000000000000000000FC
S214049B6000000000000000000000000001000000EB
S214049B700000000000000000000000000F000000CD
S214049B8000000000000000000000000000000000CC
S214049B9000000000000000000000000000000000BC
S214049BA000000000000000000000000000000000AC
S214049BB0000000000000000000000000000000009C
S214049BC0000000000000000000000000000000008C
S214049BD0000000000000000000000000000000007C
S214049BE0000000000000000000000000000000006C
S214049BF0000000000000000000000000000000005C
S214049C00000000000000000000000000000000004B
S214049C10000000000000000000000000000000003B
S214049C20000000000000000000000000FFFFFFFF2F
S214049C30FFFFFFFFFFFF0000000000000000000021
S214049C40000000000000000000000000000000000B
S214049C5000000000000000000000000000000000FB
S214049C6000000000000000000000000000000000EB
S214049C7000000000000000000000000000000000DB
S214049C8000000000000000000000000000FFFFFFCE
S214049C90FFFFFFFFFF9C0000FF0000000000000025
S214049CA0000000000000000000000000800000002B
S214049CB00000FFFFFFFFFFFFFFFFFFFF00000000A5
S214049CC0FFFF00000000000000000000000000008D
S214049CD00000000000000000000000000000FFFF7D
S214049CE0FF0000000000000000000000000000006C
S214049CF0000000000000000000000000000000005B
S214049D00000000000000000000000000000000004A
S214049D10000000000000000000000000000000003A
S214049D2000000000FC030101010101010101010121
S214049D3001010101010000000000000100200600EE
S214049D4000000601010000200204110404021110A0
S214049D501A080A021801081110111A080A04020D3A
S214049D600B19195C0110280B0114000000000000F8
S214049D7000000000000000000001010101010100D4
S214049D8001010101010101000001010100010001BE
S214049D9001000000000000000000000000000000B9
S214049DA000010000000000000000000000000000A9
S214049DB001FF010023E1010075E4010063E20100F4
S214049DC063E5010062E1010079EB010064EE010045
S214049DD024E1010025E1010026E1010027E101005C
S214049DE028E1010029E101002AE101000000010048
S214049DF08000010000010100800101000002010052
S214049E008002010020E201000003010000050100B9
S214049E1080050100000601002C890100800601006F
S214049E200007010001E5010002E501000008010049
S214049E30800801000040010086321010FFFFFFFF7B
S214049E40FFFFFFFF180B04001E0B0400240B040086
S214049E502A0B0400300B04005A6967426565416C9E
S214049E606C69616E636530394E574B205374656573
S214049E7072696E67000095969595950507090D001D
S214049E800000000000010203040600005C21040038
S214049E90F734040011350400283504003B3504006B
S214049EA04B3504005F350400713504008135040029
S214049EB09D350400B23504000208010D0D010101B0
S214049EC012010000FFFFFFFFFFFFFFFF000000007E
S214049ED00000000001090501000200000000000364
S214049EE01EF1EE0BF49E0400ED4104002E4D04001A
S214049EF0FE0000000942040054A004000000000014
S214049F001342040044A004000000000020420400A1
S214049F1034A00400000000002D42040024A0040025
S214049F20000000004B42040010A0040000000000E3
S214049F3043420400FC9F0400000000004A42040060
S214049F40E89F04000000000058420400D89F040064
S214049F5000000000CA400400C49F04000000000083
S214049F6051420400B49F0400000000005D42040057
S214049F70A09F04000000000049090400909F04000C
S214049F8000000000000000000000000000000000C8
S214049F90656F03006E420400AB420400010100FF3B
S214049FA01DEC0000D4420400194304000101000122
S214049FB00107FF00D9EB000066430400D143040008
S214049FC0010100FF19EB0000F24304000B440400F7
S214049FD000010100FF000000776F03003044040016
S214049FE0884404000101FF005F6F03009F440400DF
S214049FF0F644040001010207FF000000596F030045
S21404A0009F440400F644040001010207FF00000018
S21404A010536F03009F440400F64404000101020742
S21404A020FF000000CDEA0000174504005645040072
S21404A030010101FF6DEA000075450400BA450400FD
S21404A040010000FF29EA000075450400BA45040033
S21404A050010000FFB1EA0000E1450400E743040004
S21404A06000FF00004D6F03003646040071710400C3
S21404A070FF000000476F0300A94604007171040046
S21404A080FF00000009EA0000184704008D4704009A
S21404A09000FF0000E1E90000A547040007480400AB
S21404A0A000FF0000396F0300184804005E480400EF
S21404A0B002FF0000A9E9000067480400DB4804002A
S21404A0C001FF0000544904003749040046490400CF
S21404A0D05249040063490400794904008F49040086
S21404A0E099490400A349040000000000A74C04009A
S21404A0F011000000B34C040012000000BB4C040026
S21404A10013000000C34C040021000000CB4C0400E4
S21404A11022000000D24C040023000000D94C0400A6
S21404A120AA000000E04C0400FF000000000000004D
S21404A130FFFFFFFFFFFFFFFF00000000000000001E
S21404A140000001080109020A030B040C050D060EA3
S21404A150070F081001180119021A031B041C051D19
S21404A160061E071F082001210222032304240525B6
S21404A1700626072708280129022A032B042C052D66
S21404A180062E072F08300131023203380239043A0A
S21404A19008E004E104E204E802E902EA04F008F153
S21404A1A01000000000000000020500000CA20400DD
S21404A1B002000F0034A2040002000F005CA2040098
S21404A1C002000F0084A2040002000F00ACA20400E8
S21404A1D002000F00D4A2040002000F00FCA2040038
S21404A1E002000F0024A3040002000F004CA3040086
S21404A1F002000F0074A3040002000F009CA30400D6
S21404A20002000F00C4A3040002000F0000000000B8
S21404A210ECA304000300000040000000000000005F
S21404A2201900000010A4040004000F0080000000C1
S21404A2300000000000000000ECA30400030000007F
S21404A24040000000000000001900000010A40400F4
S21404A25004000F0080000000000000000000000062
S21404A260ECA304000300000040000000000000000F
S21404A2701900000010A4040004000F008000000071
S21404A2800000000000000000ECA30400030000002F
S21404A29040000000000000001900000010A40400A4
S21404A2A004000F0080000000000000000000000012
S21404A2B0ECA30400030000004000000000000000BF
S21404A2C01900000010A4040004000F008000000021
S21404A2D00000000000000000ECA3040003000000DF
S21404A2E040000000000000001900000010A4040054
S21404A2F004000F00800000000000000000000000C2
S21404A300ECA304000300000040000000000000006E
S21404A3101900000010A4040004000F0080000000D0
S21404A3200000000000000000ECA30400030000008E
S21404A33040000000000000001900000010A4040003
S21404A34004000F0080000000000000000000000071
S21404A350ECA304000300000040000000000000001E
S21404A3601900000010A4040004000F008000000080
S21404A3700000000000000000ECA30400030000003E
S21404A38040000000000000001900000010A40400B3
S21404A39004000F0080000000000000000000000021
S21404A3A0ECA30400030000004000000000000000CE
S21404A3B01900000010A4040004000F008000000030
S21404A3C00000000000000000ECA3040003000000EE
S21404A3D040000000000000001900000010A4040063
S21404A3E004000F00800000000000000000002001B0
S21404A3F02000000008000000040042213000000095
S21404A40084A4040000FF42003000000000000000A6
S21404A4100000F00840000000A5A404000100230486
S21404A42040000000ADA40400060030014000000017
S21404A43000000000FDFF21024000000001000000B3
S21404A440190000041900010119000204190003018F
S21404A4501900050419000601190007040400410048
S21404A460DD06010006004100E577030019008100BF
S21404A470CD23010019008400592E0100008000003D
S21404A4800000000006435553544F4D0000000000E2
S21404A49000000000000000000000000000000000B3
S21404A4A00000000000FFFFFFFFFFFFFFFFFFFFFFAE
S21404A4B0FF00040104010401040104010401040171
S21404A4C004010401040104010401FFFFFFFFFFFF70
S21404A4D0FFFFFFFFFFFFFFFFFFFFFFFFFFFFFFFF83
S21404A4E0FFFF000102030405060708090A0B1F1CE8
S21404A4F01F1E1F1E1F1F1E1F1E1F07021F012F00C9
S21404A50037013F005701DF02E700FF0200000000AA
S21404A5100000000000000000000000000000000032
S21404A5200000000000000000000000000000000022
S21404A53046530400190000004C530400FFFF0000BB
S21404A5400000000017540400225404002E4D04009A
S21404A5502A540400385404002E4D04004B540400BE
S21404A56056540400645404006854040078540400E8
S21404A57064220400885404008C5404009754040095
S21404A580A1540400AB540400AF540400BD540400AA
S21404A590D1540400E75404000080000000000000CA
S21404A5A00000000000000000FFFFFFFFFF000000A7
S21404A5B00000000041B30100000000000000F03F6E
S21404A5C00000000000002440000000000000594085
S21404A5D00000000000408F40000000000088C340D8
S21404A5E000000000006AF8400000000080842E414D
S21404A5F000000000D01263410000000084D7974199
S21404A6000000000065CDCD41DD250400F8BB040044
S21404A610000000000D5E0400E8BB0400000000001B
S21404A620125E0400D8BB040000000000135E0400A1
S21404A630C8BB04000000000058420400B4BB040079
S21404A640000000004B420400A0BB04000000000011
S21404A650185E040090BB0400000000001E5E0400A8
S21404A66080BB040000000000225E040070BB0400EF
S21404A67000000000315E040060BB0400000000001F
S21404A6804E5E040050BB040000000000575E040049
S21404A69040BB0400000000006C5E040030BB0400F5
S21404A6A0000000009F33040020BB040000000000EC
S21404A6B07C5E0400E0BA040000000000736204003C
S21404A6C06CB20400000000002F5204002CB20400F8
S21404A6D000000000835E04006CB10400000000006B
S21404A6E08C5E040070B0040000000000995E040054
S21404A6F064AC040000000000B55404003CAB040045
S21404A70000000000A05E04003CAB04000100000052
S21404A710A45E0400FCAA040000000000A95E040075
S21404A720C0A9040000000000DD020400C0A9040063
S21404A73001000000995E040064AC04000000000000
S21404A740B05E040064AC040001000000B55E0400C2
S21404A7508CA9040000000000BF5E04008CA904005D
S21404A76001000000C75E0400BCA70400000000004F
S21404A7704E0A040088A70400000000000000000041
S21404A780000000000000000098A70400CB5E040050
S21404A7902E4D0400FE000000E35E040014B3040023
S21404A7A0000000004863040004B304000000000036
S21404A7B0000000000000000000000000CCA7040019
S21404A7C0E85E04002E4D0400FE000000FE5E040059
S21404A7D094B4040000000000045F040084B4040081
S21404A7E0000000000A5F040074B4040000000000C7
S21404A7F0135F040064B40400000000008F07040024
S21404A80054B4040000000000990504001CB40400BD
S21404A81000000000A00E040008B4040000000000BD
S21404A8201D5F0400F8B30400000000008D0A040055
S21404A830E8B3040000000000225F0400D8B304005C
S21404A84000000000295F0400C8B3040000000000F4
S21404A8502E5F0400B8B3040000000000325F04005A
S21404A86058A9040000000000395F040000A9040091
S21404A87000000000415F0400CCA8040000000000B3
S21404A8804D5F040098A804000000000000000000CB
S21404A8900000000000000000A8A80400585F0400A0
S21404A8A02E4D0400FE000000D81C040034B304003F
S21404A8B0000000008949040024B3040000000000DE
S21404A8C0000000000000000000000000DCA80400F7
S21404A8D0795F04002E4D0400FE000000D81C04001E
S21404A8E054B30400000000008949040044B3040083
S21404A8F0000000000000000000000000000000004F
S21404A90010A904009B5F04002E4D0400FE00000006
S21404A910B95F0400A4B304000000000097640400B8
S21404A92094B3040000000000C85F040084B304006D
S21404A93000000000CD5F040074B3040000000000B3
S21404A940D45F040064B304000000000000000000AC
S21404A950000000000000000068A90400D95F04009D
S21404A9602E4D0400FE0000009A1C040040B40400AF
S21404A97000000000F65F04002CB404000000000091
S21404A9800000000000000000000000009CA9040075
S21404A990FE5F04002E4D0400FE0000001A60040052
S21404A9A0D4B4040000000000B5540400C4B4040089
S21404A9B0000000000000000000000000000000008E
S21404A9C0D0A904001F6004002E4D0400FE00000001
S21404A9D03860040084B50400000000005B1904001D
S21404A9E074B50400000000004160040064B504006F
S21404A9F0000000001A600400B4B404000000000064
S21404AA0046600400A4B40400000000005360040080
S21404AA10BCAA0400000000006160040088AA0400C8
S21404AA20000000006F60040048AA04000000000054
S21404AA30835E04006CB10400000000000000000007
S21404AA40000000000000000058AA0400786004001B
S21404AA502E4D0400FE000000BC94040054B504000F
S21404AA6000000000CD94040044B50400000000007B
S21404AA708C2D040034B50400000000000000000023
S21404AA80000000000000000098AA0400966004007D
S21404AA902E4D0400FE000000C0600400A4B50400AF
S21404AAA0000000003D4F040094B5040000000000C0
S21404AAB0000000000000000000000000CCAA040013
S21404AAC0C76004002E4D0400FE0000004E0A040079
S21404AAD0D8B504000000000089490400C8B5040085
S21404AAE00000000097640400B4B5040000000000F1
S21404AAF00000000000000000000000000CAB040092
S21404AB00E76004002E4D0400FE0000004E0A040018
S21404AB1008B604000000000007610400F8B504004D
S21404AB200000000089490400E8B5040000000000A5
S21404AB300000000000000000000000004CAB040011
S21404AB400E6104002E4D0400FE000000286104007F
S21404AB503CB7040000000000414904002CB7040080
S21404AB60000000005B6104001CB704000000000045
S21404AB708F0704000CB70400000000005C490400C2
S21404AB80FCB60400000000002D610400ECB60400CE
S21404AB900000000045610400DCB60400000000006C
S21404ABA04E610400CCB604000000000055610400A9
S21404ABB0BCB6040000000000616104008CB604000A
S21404ABC000000000976404007CB604000000000047
S21404ABD0706104006CB60400000000004B2E0400F4
S21404ABE05CB6040000000000756104004CB6040066
S21404ABF0000000008C6104003CB604000000000065
S21404AC00A061040028B6040000000000B06104003F
S21404AC1018B6040000000000BF61040030AC040055
S21404AC20000000000000000000000000000000001B
S21404AC3040AC0400C46104002E4D0400FE00000075
S21404AC40DB610400ACB6040000000000E46104000C
S21404AC509CB6040000000000000000000000000095
S21404AC600000000074AC04002E4D04002E4D0400B9
S21404AC70FE000000EB610400ACB20400000000001B
S21404AC80F8610400F0B00400000000000162040053
S21404AC903CB00400000000000F62040008B004008A
S21404ACA0000000001D620400D4AF04000000000091
S21404ACB02B6204003CAF0400000000003C62040069
S21404ACC014AF0400000000004962040074AE0400DF
S21404ACD000000000546204001CAE040000000000E3
S21404ACE067620400F4AD0400000000003C41040068
S21404ACF090AD0400000000007A62040050AD040029
S21404AD0000000000856204001CAD04000000000082
S21404AD100000000000000000000000002CAD04004D
S21404AD20986204002E4D0400FE000000BC6204007D
S21404AD305CB7040000000000C26204004CB70400C4
S21404AD4000000000000000000000000000000000FA
S21404AD5060AD0400C66204002E4D0400FE00000030
S21404AD60481E04008CB7040000000000F8620400CB
S21404AD707CB7040000000000046304006CB7040001
S21404AD8000000000000000000000000000000000BA
S21404AD90A0AD04001A6304002E4D0400FE0000005B
S21404ADA04E0A0400F0B704000000000089490400BD
S21404ADB0E0B7040000000000363E0400D0B70400EC
S21404ADC000000000D81C0400BCB70400000000000B
S21404ADD036630400ACB70400000000004D630400B2
S21404ADE09CB7040000000000000000000000000003
S21404ADF00000000004AE0400596304002E4D040055
S21404AE00FE0000007E63040000B80400000000009A
S21404AE100000000000000000000000002CAE04004B
S21404AE20836304002E4D0400FE000000A7630400A4
S21404AE3050B80400000000000761040040B8040095
S21404AE4000000000B363040030B8040000000000F3
S21404AE50BA63040020B8040000000000C7630400BE
S21404AE6010B804000000000000000000000000000D
S21404AE700000000084AE0400D26304002E4D0400DB
S21404AE80FE0000004062040000B904000000000058
S21404AE90EF630400F0B8040000000000DD250400A1
S21404AEA0E0B80400000000000B350400D0B804002D
S21404AEB000000000BA610400C0B8040000000000EE
S21404AEC0481E0400B0B8040000000000F663040046
S21404AED0A0B80400000000000164040090B8040058
S21404AEE0000000000E64040080B8040000000000A7
S21404AEF01E64040070B804000000000031640400FE
S21404AF0060B804000000000000000000000000001C
S21404AF100000000024AF0400436404002E4D040027
S21404AF20FE000000DD25040010B904000000000047
S21404AF300000000000000000000000004CAF040009
S21404AF40616404002E4D0400FE000000481E040048
S21404AF5080B90400000000000B35040070B904003A
S21404AF6000000000BA61040060B90400000000009C
S21404AF708464040050B9040000000000C35F0400A9
S21404AF8094AF040000000000000000000000000071
S21404AF9000000000A4AF04009B6404002E4D0400CF
S21404AFA0FE0000009764040040B90400000000009E
S21404AFB0D81C040030B9040000000000B16404008A
S21404AFC020B904000000000000000000000000009B
S21404AFD000000000E4AF0400BA6404002E4D040030
S21404AFE0FE0000004E0A0400A0B9040000000000A1
S21404AFF08949040090B90400000000000000000025
S21404B000000000000000000018B00400DA64040029
S21404B0102E4D0400FE000000FA640400C0B90400CB
S21404B020000000000D650400B0B904000000000034
S21404B0300000000000000000000000004CB0040007
S21404B040236504002E4D0400FE0000004365040042
S21404B050E0B90400000000005B190400D0B9040045
S21404B06000000000000000000000000000000000D7
S21404B07080B004002E4D04002E4D0400FE00000097
S21404B0804D65040098B004000000000000000000B5
S21404B0900000000000000000A8B004002E4D0400CC
S21404B0A02E4D0400FE0000005965040030BA04006A
S21404B0B000000000A654040020BA040000000000AB
S21404B0C05F65040010BA0400000000006365040015
S21404B0D000BA04000000000067650400F0B904002C
S21404B0E00000000000000000000000000000000057
S21404B0F000B10400776504002E4D0400FE00000035
S21404B1004E0A0400B0BA0400000000009265040071
S21404B110A0BA040000000000A565040090BA04006C
S21404B120000000008949040080BA04000000000002
S21404B130B265040070BA040000000000C365040091
S21404B14060BA040000000000D165040050BA040090
S21404B15000000000E265040040BA0400000000009D
S21404B1600000000000000000000000007CB10400A5
S21404B170EF6504002E4D0400FE000000096604007E
S21404B18004B50400000000003C660400F4B40400A7
S21404B1900000000077660400E4B404000000000029
S21404B1A08E660400F8B104000000000098660400EF
S21404B1B0C4B104000000000000000000000000000D
S21404B1C000000000D4B104009C6604002E4D040068
S21404B1D0FE000000BC94040024B504000000000037
S21404B1E0CD94040014B50400000000000000000024
S21404B1F0000000000000000008B20400BB66040063
S21404B2002E4D0400FE00000073190400D0BA04009A
S21404B2100000000097640400C0BA040000000000A8
S21404B2200000000000000000000000003CB2040023
S21404B230CE6604002E4D0400FE0000004E0A0400F4
S21404B24010BB040000000000C060040000BB040043
S21404B250000000003D4F0400F0BA040000000000A7
S21404B2600000000000000000000000007CB20400A3
S21404B270E96604002E4D0400FE000000C7630400C7
S21404B28028BC040000000000481E040018BC04008B
S21404B29000000000DD25040008BC040000000000D7
S21404B2A0000000000000000000000000BCB2040023
S21404B2B0096704002E4D0400FE0000002767040002
S21404B2C078BC0400000000003167040068BC040079
S21404B2D0000000003C67040058BC040000000000A6
S21404B2E05842040048BC0400000000004B670400F9
S21404B2F038BC04000000000000000000000000004D
S21404B300000000002B6F0300566704002E4D040057
S21404B310FF000000276F0300636704002E4D04003F
S21404B320FF0000001DF10000756704002E4D0400A8
S21404B330FF000000B9F00000A26704006A6F040072
S21404B34001FF00001DF10000E26704002E4D04001A
S21404B350FF000000B9F00000106804006A6F0400E3
S21404B36001FF000051F100005168040072680400F7
S21404B37000FF000051F100007B680400D868040058
S21404B3800000FF00CDF10000E6680400FF6804003A
S21404B390010001FF39F20000246904006669040014
S21404B3A00102FF00CDF100007C690400AB690400D3
S21404B3B001000102FF00000049EF0000DC69040000
S21404B3C0186A040007FF000069EF00001E6A040004
S21404B3D0516A040001FF00007DEF0000596A040072
S21404B3E0A96A04000100FF00D9EF0000BE6A040049
S21404B3F00F6B04000101FF00ADEF00001F6B04009B
S21404B400596B040001FF00002DF00000616B04007E
S21404B410AA6B0400010000010707FF0069F20000A0
S21404B420FC6B0400516A040001FF000069F300008D
S21404B430446C0400886C0400010700010700FF0048
S21404B440896F0300DD6C0400236D0400010700010E
S21404B45001FF0000F1F200005F6D04009A6D040025
S21404B460010000FFC1F20000B86D0400FC6D04008A
S21404B4700100FF0091F200000F6E0400FC6D040052
S21404B4800100FF0039F300004E6E0400596B0400FF
S21404B49001FF0000A9F30000896E0400BA6E0400E0
S21404B4A00100FF00D9DC00002E4D0400C86E040025
S21404B4B0000707FF7DDC00002E4D0400E16E04004B
S21404B4C0000707FF89E100002E4D0400ED6E04001E
S21404B4D007FF000089E100002E4D0400ED6E040015
S21404B4E007FF0000DB6E03002E4D0400F26E04001E
S21404B4F00000FF0065E100002E4D04006C450400CA
S21404B50001FF00002DE100002E4D04002A6F040008
S21404B51000FF00005DDC00002E4D04002E4D0400EC
S21404B520FF0000005DDC00002E4D04002E4D0400DC
S21404B530FF000000B16E03002E4D04002E4D0400E3
S21404B540FF000000B16E03002E4D04002E4D0400D3
S21404B550FF000000B16E03002E4D04002E4D0400C3
S21404B560FF0000002DDC00002E4D0400606F040078
S21404B5700101FF0019DC00002E4D0400756F040065
S21404B58001FF0000AD6E03002E4D04002E4D040096
S21404B590FF000000E1DB00009E6004002E4D040066
S21404B5A0FF000000E1DB00007F6F04002E4D040066
S21404B5B0FF00000061DD0000A06F0400B76F040008
S21404B5C00001000007FF0000A96E0300DD6F040001
S21404B5D02E4D0400FF000000DDDA0000F76F0400C3
S21404B5E02E4D0400FF000000236F030025700400A6
S21404B5F02E4D0400FF000000156F03003F7004008A
S21404B600C16E040000FF00005DE4000064700400E6
S21404B6102E4D0400FF000000B1D900007E70040027
S21404B6202E4D0400FF00000045D90000A170040060
S21404B6301E71040000000310FF00000021DA000061
S21404B64073710400E171040001FF0000F5D90000E5
S21404B650F67104003972040000FF000009D90000E6
S21404B6604A7204002E4D0400FF000000A76E03007B
S21404B670797204002E4D0400FF000000E5D8000097
S21404B680C5720400C16E040000FF0000B1D80000BB
S21404B690067404005B74040000FF000095D80000E4
S21404B6A0757404002E4D0400FF00000079D80000D5
S21404B6B0857404002E4D0400FF000000976E0300FE
S21404B6C0997404001775040000FF000049D80000B0
S21404B6D0A27504002E4D0400FF00000005D80000EB
S21404B6E0BF750400EA75040007FF0000C5D7000014
S21404B6F0F47504004D760400000500FF7DD70000B5
S21404B70000770400137704000002FF0059D70000F6
S21404B710427704002E4D0400FF000000976E0300DD
S21404B720547704008E77040000FF0000EDD6000076
S21404B730147804005A780400000301FFDDD60000E4
S21404B740FA78040040790400000301FFD14C01009C
S21404B750E07904002E4D0400FF000000A77B0300E0
S21404B760087A0400837A040002FF000089F70000C8
S21404B770D87A04007171040000FF000055F7000039
S21404B780007B04007171040000FF000005F7000050
S21404B790197B04002E4D0400FF000000DD3E01006E
S21404B7A0327B04002E4D0400FF000000B53E01006D
S21404B7B07F7B04002E4D0400FF000000413E010084
S21404B7C0AA7B0400D07B040000010100010102FFF3
S21404B7D0193E01004F7D0400777D040000FF000041
S21404B7E0F93D01009E7D04002E4D0400FF0000007C
S21404B7F0413D0100C87D04002E4D0400FF000000FA
S21404B800797A0300E17D04002E4D0400FF00000059
S21404B81011320100077E0400387E04000002FF0097
S21404B820DB780300957E04002E4D0400FF00000024
S21404B830D7780300C27E04002E4D0400FF000000EB
S21404B840C5310100DD7E0400077F040000FF000010
S21404B850852F0100377F04002E4D0400FF000000F2
S21404B860011B01004A7F04002E4D0400FF00000067
S21404B870E91A0100627F04002E4D0400FF00000058
S21404B880537803007B7F04002E4D0400FF00000065
S21404B8903F780300A87F04002280040000FF000015
S21404B8A0912E0100618004002E4D0400FF0000006C
S21404B8B0812D0100D98004002E4D0400FF000000F5
S21404B8C0A51901001D8104002E4D0400FF00000090
S21404B8D0891901003A8104002E4D0400FF0000007F
S21404B8E0011A0100E58104002E4D0400FF0000004B
S21404B8F0F519010073820400B882040000FF0000FA
S21404B900C1190100EF8204004083040000FF000018
S21404B910ED170100738304002E4D0400FF000000A1
S21404B920850C01009F830400088404000000FF00C7
S21404B930850C01005D840400BF8404000000FF0041
S21404B940250D010004850400378504000002FF006D
S21404B950AD7703008C850400DA85040007FF000039
S21404B960590E0100F68504002E4D0400FF00000069
S21404B9706D0C01001A8604003F86040000FF0000D8
S21404B980790D0100988604002E4D0400FF00000087
S21404B9903D060100D58604002E4D0400FF0000007D
S21404B9A005060100FF8604002E4D0400FF0000007B
S21404B9B0857603003A870400A987040000FF000088
S21404B9C061FF0000FA8704007988040000FF000085
S21404B9D077760300BF8804001189040000FF000086
S21404B9E05776030058890400A589040000FF000068
S21404B9F04D760300EF8904002D8A040000FF000042
S21404BA00477603003D8A04002D8A040000FF0000E8
S21404BA1041760300648A04002D8A040000FF0000B7
S21404BA203B7603008B8A04002D8A040000FF000086
S21404BA3035760300B38A04002D8A040000FF000054
S21404BA4011760300DC8A04002E4D0400FF0000007B
S21404BA5017760300FE8A04002E4D0400FF00000043
S21404BA6009FA0000268B04005F8B04000001FF0027
S21404BA7035FA0000808B04002E4D0400FF00000001
S21404BA8013760300AB8B04002E4D0400FF00000069
S21404BA90F1F90000C68B04002E4D0400FF000000E0
S21404BAA0ADF90000E18B04000E8C040000FF0000DA
S21404BAB095F90000298C04002E4D0400FF000000B8
S21404BAC0DDE10000548C04002E4D0400FF0000004D
S21404BAD0DDE100007B8C04002E4D0400FF00000016
S21404BAE0CDD600008C8C04002E4D0400FF00000010
S21404BAF099D60000A18C0400C88C040000FF000046
S21404BB0099D60000D88C0400C88C040000FF0000FE
S21404BB1031D60000FF8C04002E4D0400FF00000008
S21404BB208F6E03001A8D04002E4D0400FF000000E3
S21404BB308DD200003D8D0400A78D040000FF000098
S21404BB406DD20000CA8D04002E4D0400FF000000D4
S21404BB5055EE0000308F0400BD8F0400010000FF86
S21404BB6039ED0000DA8F04002E90040000FF000078
S21404BB706DED000043900400959004000100FF0062
S21404BB80D9EC0000AB900400989104000107FF0074
S21404BB90936E0300A89104002E4D0400FF000000DD
S21404BBA039E60000B9910400CB91040000010100BD
S21404BBB00007FF0031E50000069204001792040017
S21404BBC000010100FF0000006DED00006692040015
S21404BBD077920400010000FFA9E4000066920400C6
S21404BBE0A992040000FF000025800100BA92040018
S21404BBF02E4D0400FF000000C1D20000069304008E
S21404BC002E4D0400FF0000007F9C03002E4D040010
S21404BC102E4D0400FF000000498E01002E4D040046
S21404BC202E4D0400FF0000000D8E01002E4D040072
S21404BC304B93040002FF0000B995010053930400DF
S21404BC402E4D0400FF000000459501007F9304007C
S21404BC50A29304000200FF00019D0300CB9304009E
S21404BC602E4D0400FF00000021950100ED93040012
S21404BC700B94040002FF0000F994010020940400D1
S21404BC800B94040002FF0000010000000C4E00208C
S21404BC900000000000000000FFFF0000F175030034
S21404BCA00000000003000000FFFF010065760300AB
S21404BCB00000000004000000FFFF0100F37603000C
S21404BCC00000000004000000FFFF00007777030078
S21404BCD00000000006000000FFFF0000E9770300F4
S21404BCE00000000019000000FFFF01007F78030039
S21404BCF0636504008C6B0020000000000000000058
S21404BD0000000000000000007794040074BD0400E6
S21404BD10000000007D940400E49E0400000000007F
S21404BD2084940400B4A004000000000048630400E7
S21404BD30A4A00400000000008D94040094A0040055
S21404BD40000000009F94040084A00400000000008B
S21404BD50AE94040074A0040000000000BF94040025
S21404BD6064A00400000000000000000000000000C2
S21404BD700000000084BD0400D19404002E4D04008D
S21404BD80FE000000EC9404009CBD040000000000CB
S21404BD9000000000000000000000000013A10300E3
S21404BDA0F19404002E4D0400FF03010001013F043A
S21404BDB00201003F040202003D040202003D0401A9
S21404BDC0020001020003010002023D040201000217
S21404BDD00202010002020000002020202020202071
S21404BDE02020282828282820202020202020202022
S21404BDF02020202020202020208810101010101032
S21404BE00101010101010101010040404040404047D
S21404BE100404041010101010101041414141414117
S21404BE2001010101010101010101010101010101F9
S21404BE300101010110101010101042424242424209
S21404BE4002020202020202020202020202020202C9
S21404BE500202020210101010200000000000000071
S21404BE6000000000000000000000000000000000C9
S21404BE7000000000000000000000000000000000B9
S21404BE8000000000000000000000000000000000A9
S21404BE900000000000000000000000000000000099
S21404BEA00000000000000000000000000000000089
S21404BEB00000000000000000000000000000000079
S21404BEC00000000000000000000000000000000069
S21404BED00000000000000000000000000000000059
S21404BEE0A00100009814002000021000A8520020B0
S21404BEF0381600200000020800000000FFFFFFFFC5
S21404BF00FFFFFFFFFFFFFFFF000000000000000030
S21404BF100000000000000000000000000000000018
S21404BF202000000091C101001000000071C2010051
S21404BF3000000001000001010001010120C001B859
S21404BF400000000000000000FFFFFFFFFFFFFFFFF0
S21404BF50FFFFFFFFFFFFFFFFFFFFFFFFFFFFFFFFE8
S21404BF60FFFFFFFFFFFFFFFF0001020203030405BC
S21404BF7006080C0C0C00010203040707C8C8C8C84E
S21404BF80C8C8C8C8C8C8C8C8030404080808080835
S21404BF9000B801B802B800B07CDB040064DB04001F
S21404BFA00304040808050000000000000000000068
S21404BFB00000000000000000EA06000048704C0F75
S21404BFC044700E0E30707E1302989A173870340F31
S21404BFD034705A0F307048102C7048102870D011E6
S21404BFE02470E81120703E0F1C70901218700C1309
S21404BFF014703A0FB110086001D80A7104B87F783B
S21404C000020C7E78641000C6881F00A01DB87078E5
S21404C01003B018600F3027B30F330111C0480698D9
S21404C0207C0229B0086001D8087109DD047109BBD7
S21404C03011101660A048086004100112FF32215047
S21404C0400860D048086000880698381400C4441F66
S21404C05000A000BA03DF107109DF067202983603E7
S21404C0601DB8507800A044132814411581100860A8
S21404C07002D8147110880698201900C014C000B89D
S21404C0800698861B0091069892020160B83020D864
S21404C09006711EBC637C784D5412F03240DE047286
S21404C0A0404804DB08720DDD0C72044BEF30144874
S21404C0B00698F20400C4E0400054441208620132B8
S21404C0C02140087C811140D91C72B1123032CF4A0B
S21404C0D0013AB1DA107208D8067104D80871804C97
S21404C0E0237C5670684C441200C4A41E00A044145A
S21404C0F0413AF3240164415C412A047580B800C4C3
S21404C1006040005481D8367140D90472237C084BB1
S21404C1100698F20404BA1CB9767900C1204001B826
S21404C12035797F216121007906B906A901D80671FF
S21404C13002981002804C307C0298640208D86A7117
S21404C14000C1544000B8141110D95E71584C441202
S21404C15080BDA26DFF25784C4412FC22513A281467
S21404C160104C00C20CC101B824122814086228140A
S21404C1700862281408622814304C304C00C11C4055
S21404C18000B814111814086100C5284001B85415E5
S21404C190FF35047110491814B04C44120862013279
S21404C1A0067102980401804C08D80C7107BA24D88A
S21404C1B0047106BA187004D80C7101BA40D80E710E
S21404C1C002BA0A7005BA20D8047203BA204C441185
S21404C1D0C04C181408611814911138311142911189
S21404C1E0186110D90472EF3200C1084001B8141166
S21404C1F010311E6111422814A11108611814069802
S21404C2006C1B181400C1084001B814111861FF31E2
S21404C210181400C1448001B81411181408611814C5
S21404C2203088024806989403009308DB047101F8EA
S21404C23000A027B00F3000A01088B111186180D973
S21404C2400A7100C1884000B80811009100A000C41B
S21404C250684000B8441000A000C088400050041194
S21404C2608261041082601050F07200A0541550458C
S21404C2701271069802050698920407B8707802B8F8
S21404C28041781EBA5B7A5C7A5D7A00C220C001B837
S21404C290241206982A1900C5481F00A054155114E4
S21404C2A000C3FF010000313D09647F3406989C02F8
S21404C2B0015851280475015841280E7581110861EA
S21404C2C002D90472FF0FCC7007B8727800F8EBBD81
S21404C2D000C0441F00A00411113D10D91271FF3391
S21404C2E0186300C1781002B8381107B97479581069
S21404C2F000A0069892020D300472044809DC047209
S21404C300084800C11CC101B8141100C3D01E00A007
S21404C310911504351A7218131CBB08D804716C7B6B
S21404C32004D804716A7B1DBB2F7C5B7B1670044BA0
S21404C33018131CBB08D804716F7B04D804716D7B7A
S21404C340217C0C30026006987E040698C40B00B864
S21404C350B111186140D906720298580401BC00C293
S21404C360084001B800DC0A7124150265604A0A70A8
S21404C3702C4A241508654C4A043508D9047120242F
S21404C38000C13C1F00A0141200DC327120D80671D4
S21404C39001B80C70F0DA0C720CDB087102B806985F
S21404C3A08604482400C3384101B834138F7B0E71C9
S21404C3B002B9911308DB047203B928707C4914117E
S21404C3C01110FD300DDC1C7200C0A01E00A004106D
S21404C3D080D8107100C0448001B80410E5200475AC
S21404C3E0804900C3884000B8FFB801201141087195
S21404C3F0014118130824014200C1284000B8141152
S21404C40001411C655141911520351E655141181393
S21404C4102813481300C3844000B8341003D8167198
S21404C420073005DC1071B1108F780A7200C384C41B
S21404C4300350217B1DB8507800B800C13C1F00A0F3
S21404C44014121C602150F0300152281100A0402420
S21404C450076400C0FFFF0100013C17B0022001582A
S21404C4604028067518AC01EC00A0208800C020C047
S21404C47001B8041217B4211304123052F871196467
S21404C480402400C35C1F00A0341014110698F60D57
S21404C4901961009211592129067600BB1159069894
S21404C4A0D60D8762313B0472215A412A00A000C28D
S21404C4B0686000B8B8B91F610D49181200A030882A
S21404C4C001B9116100C30000C0FF3110312800BC5F
S21404C4D0002D0C75115418AC01EC312DF470196450
S21404C4E051134155312C009300A000C3C00FFEFF2A
S21404C4F050B2313A014250AA00A006983E07FFB057
S21404C500867808715CB86B786E7800C2548001B87F
S21404C51000C0D81F00A004100812B822217A237A7B
S21404C52052B8417801B80C6021A809B819604CA823
S21404C53000C0FFD1C1FF4FB2013A00C0002E300048
S21404C54001424FAA24B86E78ACB9FFB004D804717F
S21404C5504CB923A90698A80500C0139001000698B4
S21404C5602E0500A00698020519B81460FFB28C6266
S21404C5700F32826A214006982E0549BC21B952B86A
S21404C58049B207DE2A7105DE0871627C607C1D0CE8
S21404C5906179677864786B786278657863786078B0
S21404C5A0617C010C010C6878020C69786C78020CCA
S21404C5B000C22C8001B8277A287A267A6A78050C75
S21404C5C041790A0CB11040D806710298BA06784A26
S21404C5D02B7A327A584A247A00C400011100404A61
S21404C5E000C0108400000812508800C584100100A2
S21404C5F0FBAD10BD01BB8A6B21B9FAA9C44A181257
S21404C600217A227A00C0341F00A00410FCA8826499
S21404C610411030300129F9A9F8ADFBB08260FBA8BF
S21404C6200330A0652110044820EC237A0410037A12
S21404C630184A2411DC4A0158002924100475315084
S21404C640F8B1115081632A71514031400812FCB18F
S21404C6508461FCA90F310E7117B0112817B1115956
S21404C6601028FA76C44AF9B11812217A227AA070F0
S21404C67000950812F8A800C20C8001B8207A844AF3
S21404C68000B80812020CA44A087A020C21B84178B1
S21404C690784A0B7A127A00C2C81F00A0FFB008D8E6
S21404C6A00472184A241000DC0A7140A804222410DC
S21404C6B041A806989C0200C2481F00A024100151FD
S21404C6C000C4FF01000041391150081200A006986A
S21404C6D03E0700BC00C20C8001B8217A52B84978E3
S21404C6E0020C4878020C49B8417852AC21AC204A76
S21404C6F0087A067A077A49AC00A059B840785AB145
S21404C70001D9FC72427857B8407858B101D9FC7206
S21404C710427800A000C20C8001B8217A227A21B89F
S21404C720547852B8BC4A24119979127107B9156124
S21404C7304CA9617800BB03BC0C64147009B9196178
S21404C7404CA9417801BB126300C4002E300000C01F
S21404C750FFD1C1FF4FB1013941414FA9E44AC8B8DE
S21404C760081224AB4CB823A80698A80500C0049069
S21404C7700100FFB186790471084806982E0500C0AA
S21404C7808009004040A809B8FFB108D9047103B86D
S21404C79053A8B11004D80C7156BB607B57BA627AA2
S21404C7A0607A02D80C7156BB607B59BA627A607A9A
S21404C7B004B86E783DB8607800C05638000000C1F2
S21404C7C0B08001B814119979087200C0D60400002C
S21404C7D000C124C000B814119F79047208484CA8FC
S21404C7E02EB8FFB108D906714AA804704BA80FB832
S21404C7F034A800C00C5E000046B2014246AA00C13E
S21404C8002C4001B8141108610631087100B9069865
S21404C810501106983E14B11101D90E710698921B58
S21404C82002D906720698A00C069838145114069875
S21404C830920406982A110698641700A006984E17C4
S21404C84001D80A711CB85B7807B8757800B84CA88C
S21404C8504AA84BA800C0F321FFFF46B1013946A9F8
S21404C86004B86F7800A0FABC1964415C512C00C06F
S21404C870581F00A00410012C06750698920406980A
S21404C880780FB110186005D8327140BA06980E14A5
S21404C89004B86578911004D816711CB86E7800C078
S21404C8A0684000B821780698781101400A721DB8CD
S21404C8B0427806984A1402985E0B1DB8717804B83C
S21404C8C06C7841B8427863784478FFB104D906722C
S21404C8D00298CA0900C004900100FFB18679047169
S21404C8E0084806982E0500C32C1F00A000C274C07A
S21404C8F000B82414481300BC48121C4B1C4A2414C9
S21404C900481300BC4812084B584A2414481301BC68
S21404C91048124ABA447A427A4BBA447A427AFFB008
S21404C92086780472617A4CBA647A657A3DBA607A1B
S21404C9304DB942B83FBB5B7966796179020C64797C
S21404C940050C63796079050C627965795A7900C2B9
S21404C950340102B8241305B819603140081242B8ED
S21404C9606A78020C4A78020C40BCFFB208DA0671F8
S21404C9704ABA06704BBA627A657A677A667A6A79D0
S21404C980667B0298A40A00C32C1F00A000C274C0D1
S21404C99000B8241448131C4B1C4A241448133FBCE8
S21404C9A048121C4A00BC4812084B444A2414481334
S21404C9B001BC48124ABA647A627A4BBA647A627ADA
S21404C9C0FFB3867B0472617A4CBA647A657A3DBAA0
S21404C9D0607A01D94E71647800C1708001B800C0D5
S21404C9E08000080008110698860B42B861784DB995
S21404C9F07F797E796A7868786278020C7B790F0C86
S21404CA007A79140C7479417860787579050CFFB2DC
S21404CA1008DA06714AB804704BB8657801BC166427
S21404CA20407002D93C710698860B42B84DB96878B6
S21404CA30407841787F797E797B790F0C7A79140C6B
S21404CA40FFB208DA087171794ABA067070794BBA7F
S21404CA507279657A6A78020C4A78050C01BC166409
S21404CA60020C417940790C0C00C04C0102B8481005
S21404CA700698F20400C4784000B8007C00C0A01EEB
S21404CA8000A0041180D93271911104D92C727F2030
S21404CA9021200411FD310DDD207200C0448001B850
S21404CAA00411E521147600C0244001B804118A79E3
S21404CAB00871207C104C207C2AB86278511400C07F
S21404CAC0581F00A00410012C17B0011187680158E4
S21404CAD041280E7605218769415C412D112D06708B
S21404CAE00698920442B84DBB7C7B6478020C29B845
S21404CAF068785114404406750698920442B84478FF
S21404CB002AB84278FFB101D90C7100C1548001B82B
S21404CB10CBB80811911004D8147100C0A01E00A050
S21404CB20041080D8067107B8537800F807B800C117
S21404CB30CC1E00A000C220C001B8241228117778A9
S21404CB4000F8B1109478387106989C02E4B911592B
S21404CB501128067600B80C70A0B91159012904757D
S21404CB60A0B8826000C3C01F00A03413012B341089
S21404CB7000C3FFFF00FF42B13139114042A800A0B4
S21404CB801DB09178FA7142B86478020C00BA29AAEA
S21404CB9000C4548001B842B84DB900C3C04001B8BF
S21404CBA03413977B047240EC020C44785C7953AAE5
S21404CBB00A0C281442B84DB9FFB301DB2671244C85
S21404CBC000C3FF0FFF013814547940784178557933
S21404CBD0020C5B795A79140C5F795E794A7842784C
S21404CBE0347002DB1471527951795079020C5B79F6
S21404CBF05A795F795E791E7004DB1A7100C4FF07E8
S21404CC00000000C3342102B848133FBB467B020C25
S21404CC105B795A793DBB407B4CBB447B457B00C368
S21404CC20301F00A03414403C207100C068C000B817
S21404CC30481028131C4B1C48341448102813144B53
S21404CC4044483414481028134AAA4BAA04B86D78EA
S21404CC501DB851785CB84B784E7800A000C074C0FC
S21404CC6000B80411108800B9181068480411108818
S21404CC7001B90B6118102C4804111088008800C1F3
S21404CC80231C000018104AB864784BB86478260C45
S21404CC9028B000C1FFFF0FF0113871B90B611140C5
S21404CCA028A828B97379747900C21010303045AAC0
S21404CCB054790E0C00C0E84001B8041100C23030AC
S21404CCC0101045AA0E0C0410008810880698620DF1
S21404CCD00091009020888F618F600698620D009006
S21404CCE0886A21400112906A035800C13F3F000041
S21404CCF01138FFBC022441281138014245AA28B93C
S21404CD0053794AB844784BB8447800900091181088
S21404CD1000912C48181000916848181000A09168DB
S21404CD20436091694361115B012B112841603128EE
S21404CD30315B00BA302806763128204A4163302811
S21404CD4006763128104A4163302806763128084A88
S21404CD504163302806763128044A41633028067633
S21404CD603128024A416330280476014A00A011594A
S21404CD7010D906710860086008D90471086004D9DF
S21404CD800471046002D90471026001D9047101605F
S21404CD9000A000BA01D806710148112A1F6101607B
S21404CDA001D8F6720138F67200A000C220C001B89D
S21404CDB0241211592129127300210E7100C238C0A1
S21404CDC001B824120121212900A002B020D8147130
S21404CDD000C0B01E00A0041002B945790698761368
S21404CDE0EA7003B09F78087200B806A800F80698A0
S21404CDF03E0700C5641F00A05088044D1CBC00C03C
S21404CE00B41E00A0811101D91E71407C0095011545
S21404CE100C4D5088044DFFBB1863315B0411069813
S21404CE20EE0D3129F8750698681A54150698921B63
S21404CE3001D908720698580706700698F4071CBBB2
S21404CE40547B06984E1701D8067202981A0FFFB93B
S21404CE5001211038F67281129B7AF07100C2448068
S21404CE6001B8241400C0C01E00A004100113002042
S21404CE70041040500C7200B90698280F18B90A70AE
S21404CE8018B90698280F00B900B806981E0F704AFD
S21404CE9008B806981E0F00C2284000B814B80698B2
S21404CEA01E0F00C2EC4001B80CB806981E0F2022D4
S21404CEB010B806981E0F10883088069858070093F6
S21404CEC000910698280F00C0C41E00A00412FFB9E3
S21404CED0012121411810009500F83128112804106A
S21404CEE0081200A004B831281128F8B1181000A0C0
S21404CEF0069880080E700698C40B06988008069854
S21404CF007212069812079112211900C02C4001B81B
S21404CF100A78097800F810B901BA06980414069835
S21404CF202A110698641700C5641F00A081109D7816
S21404CF30FC7200F8911203321CB900C3A01E00A0B4
S21404CF40341300C4B04000541DB84278707903DE30
S21404CF50067144783A707179A11020D80671029847
S21404CF60541080DB1C7102D8187205B80814A1107E
S21404CF7010300248081400B8081491100860081409
S21404CF801DB86278A11000DC0676517900BA0698BE
S21404CF904E1701D82272911120311D61911004D8C8
S21404CFA00E7200C1501F00A0141101D90A71208806
S21404CFB006985011009200C1204000B801DB187199
S21404CFC0084C03DE0471904C441400C3FF1F000099
S21404CFD0413BFF233811944900C3384101B8341348
S21404CFE0086380DB0C7103BA186206983C1008705C
S21404CFF0186206983C100C490879097914102140E7
S21404D000081100A000BD0698760210B903DC04716E
S21404D01000B901BA0698041402D9067100404E728B
S21404D02003B118610F3106987811FFD82872811061
S21404D03008D8187106DD0A710698760203DC0C72AD
S21404D0400698BC1106984A140C7006DD10710698F2
S21404D050C211487020B804A806DD1072069880082D
S21404D0600698120701F840B804A800F800C0A01EED
S21404D07000A00413086301DB2271911001111861EA
S21404D08011381DB910D8087144790298541002DB7F
S21404D090FA72A11328DBF47203BD06981E110698D3
S21404D0A080081DBA7F7A0698F20400C5681F00A09F
S21404D0B00698760200BA03DC1672044DA11002D854
S21404D0C004711C4D00C10CC101B80698AE04541579
S21404D0D0212D06983E050298AA089110015503359D
S21404D0E05150011900A000C14C1F00A0141001D813
S21404D0F0427101480860FE200E75811020D8087120
S21404D10000C1501F00A0141101D9287100C02C4082
S21404D11001B80412215108610F3118611152281008
S21404D12000C0084001B80411911221512031115257
S21404D130211900A0811380DB067201B800A000C389
S21404D14014C001B8341006302E726C4B34121C4BCB
S21404D1503410186002302072811080D8DE713410CA
S21404D160014A08620460803021508C480A717F238B
S21404D1704D233410013000A000BD06981E111CB8C3
S21404D18047784578437802B8447800A00698800823
S21404D1900698BC1100C5741F00A0541506983E05D9
S21404D1A00298AA08B1138F7B0A7200C384C4035082
S21404D1B0017B06983E1400C1384101B814118F79DA
S21404D1C00E7100C1B84000B800BA06983C1050BAB8
S21404D1D006980E1406987811FFD84A71911004D850
S21404D1E04872811008601CD8407220D93872111217
S21404D1F0FF322151347180218021111400C0D81EC1
S21404D20000A00413FFBA3151113A215111531DB92C
S21404D21038107B7940440E7200B900C2AC1E00A0E0
S21404D2201812067004B860780698381400F800B926
S21404D23000C2A44000541812644A0AB918121CBA50
S21404D240507A517A1DB942795F7900A00698760221
S21404D25007DC1072911000200A7506987212029864
S21404D260660F0698120701B9911004D8047100B924
S21404D27010BA0698041400BA0040347100C0A01E08
S21404D28000A00411086101D9127104D9E272811058
S21404D290086001D8DA711DB8647800C11CC101B8F1
S21404D2A00698AE0401B81160002A047600BA00C5D8
S21404D2B0781F00A05415212D069872120698580758
S21404D2C000C57C1F00A000F800BC811108D91672A6
S21404D2D080D9207201B910BA0698041400400E7161
S21404D2E001BC10700698BC1106984A1420B804A80D
S21404D2F000F80698721281110231127100B900C248
S21404D300144000541812244A02B918120698BC1184
S21404D31000C5801F00A054150698F01A0298AA08A3
S21404D3200411012114711CBA737A04200412281102
S21404D330042004110121F47200A00698F20401F8F6
S21404D34006984E1701D81671FFB9012110380E72CF
S21404D35081109B78087104B9677900F8911010D889
S21404D360287100C51CC101B854110698EE0D00C5FD
S21404D370C81E00A054155129EA7507B876781DB85A
S21404D380447801B804A800F8B110186010D82E71BB
S21404D39000C05040005400C3084000B83114984CF4
S21404D3A044113411086101D9FA7144122810086234
S21404D3B028100862281008622810E8700298B00244
S21404D3C006989202113804721E6202BB00C1D81E6F
S21404D3D000A0141120390C72911210DA0672417BE7
S21404D3E000A006983E1400C2A01E00A0241220DA54
S21404D3F00472617B1CBA527A00A01CBA727A81123B
S21404D40004DAFC7200A01CB86B7800C0684000B850
S21404D4102F7800A006984E1701D83A7100C22C4007
S21404D42001B8241003609111203101513831115094
S21404D4301D6008121DB9457900C2448001B8241243
S21404D44000C0C01E00A004101820002004102050A5
S21404D4500471657910631EB9637900B902EC00CDD6
S21404D460114502EC00CC01DB087100BB0298D6180B
S21404D47003B841110731FA211C760621911210DAFD
S21404D480087102DD10721E7020B80698B20D30388E
S21404D490147208B806987E0400C02C4000B8297898
S21404D4A0207800F8056020D8067102980C1602EC65
S21404D4B000CA05B823DA187104DBDA7120DAD671EB
S21404D4C010DAD2721EB8617800B801DA067202EC7D
S21404D4D000C8911110D9267100C1B81E00A01411FD
S21404D4E01150FF300C720761A110115002300A71FE
S21404D4F080DB0A720AB89E701DB97C791860911197
S21404D50011402111C031114001191EB8411108D92A
S21404D5100471667820D904726578A11002D8067260
S21404D520C0DA1E711EB8273123DD087210DB1072B4
S21404D530607825DD0A7121DD087208DB04716278E3
S21404D54003B8411107310872A1152035AA7102DD0E
S21404D5502072A11120D9A07102D91672CCDA987261
S21404D560411140D9927206B8054D5A720298AE140B
S21404D57021114049C0D94C71A0314115403502658E
S21404D58051410461086308DA1E7204DA36721049DF
S21404D590A1150235067110DB0E7201340A7108DB20
S21404D5A022711EB86778CC3211101A300ADC087261
S21404D5B0CCDE0471FD3100C00D0F0C0D216001D8C6
S21404D5C05C7207B80298D81400BA411108D90C71D5
S21404D5D002EC00CA05B830DAEC720734F0310361A5
S21404D5E001DA0471014900C0F300A3E3216001D805
S21404D5F0D27100C09814406821604030014440DA7B
S21404D6000471204C04320262204A111006301F6056
S21404D610014218311D6111420298F614204A00C0D6
S21404D620051708502160113001422088FFBB0DDA2F
S21404D630507100C1DE1B250180BC04DA107208DAC2
S21404D6400A7200C120841000E024A0240863414329
S21404D650026401DA06711E49024B00C0201F00A0B6
S21404D66008633810BC2002DA127101B91159A113EB
S21404D67080DB087100C100FCFF01181002986218D4
S21404D68000C4A01E00A0441080D87C710092D0DA9A
S21404D69006710DDA0C711EBD437DEFBD06981403AA
S21404D6A004620DDA8672A11105D95C7100C240408D
S21404D6B0005424121424281401D9067202D9327193
S21404D6C040D91E7102EC00CA211018320471FA22E5
S21404D6D020D804720822FE22087502EC00C8F870EE
S21404D6E001D90E7102EC00C802D9067204DC187265
S21404D6F000C0A01E00A004101D6001D806711EB84C
S21404D700647807B873780298D61800C0A01E00A0E4
S21404D710041080300A7100C0C41E00A0041000A0CB
S21404D72006984E1701D82E71911010D828728110C1
S21404D730A0D8227203B084781C7200C12C4001B8B1
S21404D74014100DBA487A697A6B7A08111CB87B787B
S21404D75007B8757800A0641000C6881F00A0C3B878
S21404D76006987C0200C4441F00A014BA281400B80B
S21404D770011AB1108F780A7200C084C4035001786D
S21404D78091101030011905BA06980E1402D90671C4
S21404D79001B804A800C0A01E00A0041306986411D3
S21404D7A080DB0671029858141DBA7C7A01DB6A7114
S21404D7B000C2241F00A024111114FF3402EC00C878
S21404D7C0FF24FA7608610698C20D046111380F30FA
S21404D7D004611114011141100698C20D01D8087293
S21404D7E003B80298D8140C4A01DB227124101128BD
S21404D7F01128041202300471106200C0FFFF0000FA
S21404D800213800C2204000B8FF20081241100860EA
S21404D8100698C20D01D87C7120BC1033767100BB0B
S21404D82000C1201F00A01415C021112C511218622B
S21404D8300F320E71408851140698FA18414300942A
S21404D840511208651C620F320E714111511406986C
S21404D850FA181C6441430865513B00C1DC1E00A055
S21404D8601411111231100F30127100BA056101D86B
S21404D8700471114201600FD8F472311003601E3037
S21404D880047201B8003A087204B80298D8140298D0
S21404D890C41600C0384101B804118F7914717F2072
S21404D8A0692004110861303110DD06711DBA637AEF
S21404D8B00698120300F830885088FF34087102EC8A
S21404D8C0FF24F87002EC00CD1410595001440421D2
S21404D8D0FF22F2720F4C0095009300A000C1A81E10
S21404D8E000A0141100A030880698421B811108611C
S21404D8F002D906720298061A1CBB557B086120D909
S21404D90006710298F6190088A11018600698201966
S21404D91008211415FC251EBB5C7B5D7B00C10840FA
S21404D92001B814110731FE21307608D82A72511333
S21404D930FC23341304DB20711863FF33315B00C10E
S21404D94010C000B81411086180490C71FF313029E9
S21404D95054751EBB7B7B10707B7B7C7B00DD047167
S21404D9607D7B01BB3815EC25541300DF5471042568
S21404D97005DF54715415211120880698EE0D009287
S21404D98051293E7500C1084001B8141102DB0C7120
S21404D9900731315B31292A760C7004DF0872016185
S21404D9A080D91E720698201900C010C000B80698C8
S21404D9B0861B069820191411FFD9607202984C1A17
S21404D9C00090009300A05415A111186110D9A672F6
S21404D9D0082508D8A071082510D89A712088211126
S21404D9E00698EE0DFC255412112AF82554110C2520
S21404D9F020D80871F02554111025202904762159C1
S21404DA00181500920298B81907B97179811010D8C0
S21404DA100A711CB8447802B841781CB9747904B900
S21404DA20677900F88110A0D808711CB9497900A05C
S21404DA30086002D8FA7106982019108806983E14D1
S21404DA40106210DA087108211415F025541100C26A
S21404DA500020FEFF202912750698921B01D90A722F
S21404DA60069880080698120700941CBB41100C20E8
S21404DA70069864134111082114100698641331287B
S21404DA80441111120861FF31FF3201221052107244
S21404DA901861181404244413042438140C701861F0
S21404DAA021411814082408140298381440441471A8
S21404DAB000C1AC1E00A0141551131C630FDB0C72BE
S21404DAC0196506980205411500A000C3784000B801
S21404DAD03413807B06720698120706983E1408BB19
S21404DAE051140698B01A4415FC25541500C3784002
S21404DAF000B83413807B047100A002983E051CB95C
S21404DB0000C3A01E00A03413086308DB1A71811337
S21404DB10A0DB0671497910706979086302DB087224
S21404DB2004B9677900F800A08111086102D9107160
S21404DB301CB97579069820191411FF3100A0FFB995
S21404DB4000A0041008211411F421081100A081116A
S21404DB50106110310E710698201908211411F8214D
S21404DB60141100A0BCDD04000000000094DB0400D7
S21404DB70010000000000000000F04902BCDD0400C3
S21404DB8000000000B8DB04000100000000000000F4
S21404DB9000F04902DCDB04004063598F404B4C0024
S21404DBA00B000B001A00FF7F206C00200000000012
S21404DBB05EE0040000000000CCDC04004063598FE3
S21404DBC0404B4C000B000B001A00FF7F206C00201B
S21404DBD0000000005CE0040000000000FC1F0103DD
S21404DBE0BCDF04001CC0011000F807001CC0013094
S21404DBF01402080050C00100874130042440060186
S21404DC0007006200387000000000000000000003F7
S21404DC100068010F40B8244058400101FC00690028
S21404DC20804005012363E0119BC34A74F00300009F
S21404DC3003800000BE0A0000E0400101330000003B
S21404DC40F0400401590B0000640483078813C83AA3
S21404DC5090200A0028410101001E00003C410B01EF
S21404DC6000148C00141A21282E343B424950435584
S21404DC707698BA0C28690000010000000721286481
S21404DC8014171A002004C869A1203A093C4201016D
S21404DC9029000000A080020170780300D5C00000AF
S21404DCA0A8800111F0010000A88001310542CB01D3
S21404DCB0AC800111F0010000AC80013105228D001A
S21404DCC0B080010100030002FFFFFFFFFC1F0103F9
S21404DCD00CE004001CC0011000F807001CC0013052
S21404DCE0F502080050C001008741300C24400601AC
S21404DCF007C05200000000000000000000000003FF
S21404DD000000000000000000584001016402FF000B
S21404DD10804005014B01A0089BC34A74F003000031
S21404DD200000000000000000E04001013300000095
S21404DD30F040040100000000640483078813C83A16
S21404DD409C200A0028410101031000003C410B01FD
S21404DD5000000000000000000000000000000000BA
S21404DD6000000000000000000100000000000000A9
S21404DD700000000000000000000000003C4201011A
S21404DD8000000000A080020170780300D5C00000E7
S21404DD90A8800111F0010000A88001310542CB01E2
S21404DDA0AC800111F0010000AC80013105228D0029
S21404DDB0B080010100030002FFFFFFFF0C400200D9
S21404DDC0018014007F400000204002000000000094
S21404DDD000000000304007000000000000000000C3
S21404DDE0000000000000000000000000000000002A
S21404DDF0A007000050400100000000005C40020044
S21404DE000000000000000000A84001000700000019
S21404DE10B440040000400000FF4C00000041000035
S21404DE20FF4D000008C001000000000020C00110E3
S21404DE30FF00000020C001300043000024C004009E
S21404DE40EC80B3034375A802000000002E02000015
S21404DE5054C003000E2D09E654060708D1B6020086
S21404DE6064C008000430000040201006C8F24818B9
S21404DE701FE8F600BD4B721511A318051032547630
S21404DE80980A000088C00100000000000800010194
S21404DE900407000018000101000000002000010132
S21404DEA0088400001C4002011000000020F913043E
S21404DEB05C4005014108000001000000B0070800AE
S21404DEC0A700000000000000944007010101103084
S21404DED050707F7F0000000000000000000000007B
S21404DEE00000000000000000E44001010000000003
S21404DEF0EC4001017DA8D98B00410201006120009D
S21404DF00B75635120C410301F95412002030042987
S21404DF1088BB400024410101000000003041030199
S21404DF206406660C0C010000E853FA00684103011D
S21404DF306404830788138200000000003042030153
S21404DF40000000000000000E000000004442010132
S21404DF500000000010800101030000003880020168
S21404DF601149100001000000888001010000000033
S21404DF709C800101EB400200B480010137000001DF
S21404DF8088000202000C00044C0000009400010209
S21404DF9000040000D00002020E0000009002960862
S21404DFA0E40001023D094204F400010200000000FE
S21404DFB01801010260005102FFFFFFFF120000007B
S21404DFC0666666000000000070E0040060E004007E
S21404DFD000000000001A9A00005A620280841E00A4
S21404DFE00420FE001149500200000000000000005A
S21404DFF0000000000000000000000000B1841E00C5
S21404E00000000000000000000000000012000000F5
S21404E010666666000000000070E0040060E004002D
S21404E020000C0000001A9A00005A620280841E0047
S21404E0300420000011495002000000000000000007
S21404E040000000000000000000000000B1841E0074
S21404E05000000000000000000000000005040000AE
S21404E060E1190000E11900000000000000000000B3
S21404E070193F0106041001000001010600102700E4
S21404E080000900000000000000000000D5CA0100DE
S21404E09085CA010091CA010081CB0100B9A603001C
S21404E0A053AC030057AC03005BAC03005FAC030047
S21404E0B063AC03000001030464EE010010000000DA
S21404E0C024E101001A00000079EB010011000000B1
S21404E0D075E401001100000063E51100040000006F
S21404E0E023E111000400000025E1010008000000FF
S21404E0F026E101000A00000027E1010002000000FA
S21404E100000000000000000078E2040067E204005B
S21404E1100000000079E20400A3A50400000000004B
S21404E1209DA504009FA5040000000000A1A504000E
S21404E13045E204008EE20400A4A504009EA50400A3
S21404E14000000000A2A504005CE104009BA50400F6
S21404E1509CA50400A0A504009AA5040000020304DC
S21404E1600508090A0B0001020304051D2000B4017A
S21404E17008020200AA00FFFFFFFFFFFFFFFFFFFFEA
S21404E180D10803000928020075570200F53B030076
S21404E190855A020085B3030087B3030089B30300DE
S21404E1A08BB30300BDD202002DA80200D5EF0200F7
S21404E1B0913503009547020081B30300B9AC020011
S21404E1C045260300A938020083B30300359C0300E8
S21404E1D0A13F02000B7103000000000000130000C2
S21404E1E00000000000000000000000000100000025
S21404E1F0A1B0020002000000FBC4030003000000FC
S21404E200F9AF02000400000075C403000500000016
S21404E21099AF020000000000000000000023001B6D
S21404E2202200FF00000000000C09020200000000AB
S21404E2301C1A0B0303FF06080402020204020A0B5C
S21404E240030302030480FF0204FF01010101080026
S21404E250000000000000005A6967426565416C6C66
S21404E26069616E636530398000001838103000002C
S21404E270000000008F8E8C8081815A696742656534
S21404E280416C6C69616E6365303906080C10800059
S20C04E2904C6AFB7F010000004C
S21004E298A4E20400E8670020E80100008F
S21404E2A40000000000000000FFFF00000100000062
S21404E2B40000000000000000000000000000000051
S21404E2C40000000000000000000000000000000041
S21404E2D40000000000000000000000000000000031
S21404E2E40000000000000000000000000000000021
S21404E2F40000000000000000000000000000000011
S21404E3040000000000000000000000000000000000
S21404E31400000000000000000000000000000000F0
S21404E32400000000000000000000000000000000E0
S21404E33400000000000000000000000000000000D0
S21404E34400000000000000000000000000000000C0
S21404E35400000000000000000000000000000000B0
S21404E36400000000000000000000000000000000A0
S21404E3740000000000000000000000000000000090
S21404E3840000000000000000000000000000000080
S21404E3940000000000000000000000000000000070
S21404E3A40000000000000000000000000000000060
S21404E3B40000000000000000000000000000000050
S21404E3C40000000000000000000000000000000040
S21404E3D40000000000000000000100000000F0013E
S21404E3E40800000078100020010023010400000047
S21404E3F48010002006003001010000008410002074
S21404E404FFFFFFFFC0EA2101C0EA210100800000EB
S21404E41400F049026069002000600B0000800000E0
S21404E424CC360020C8000000FE00000000000000F7
S21404E434D496040088100020FFFFFFFF889A040087
S21404E44433000000D5F5000033000000DB7503003C
S21404E4541D160400211604002E1604003B160400A0
S21404E4644816040055160400681604007A160400B8
S21404E4748716040094160400A1160400B6160400B5
S21404E484C9160400DB160400F0160400FF16040084
S21404E494101704001F1704002F1704003B1704006A
S21404E4A448170400581704006A1704007917040070
S21404E4B48817040091170400A6170400BB17040069
S21404E4C4D0170400F0170400FE1704001D180400F7
S21404E4D4381804004B180400581804006D18040077
S21404E4E47C1804008B1804009D180400AF1804005C
S21404E4F4C2180400D5180400EB1804000000000039
S21404E5040F000000FF0000000000000000000000F0
S21404E51400000000000000000000000000000000EE
S21404E524000000000030E70400C818035C2104005F
S21404E534612104008E210400B9210400E7210400AB
S21404E544152204004422040071220400A1220400BB
S21404E554D122040021230400FFFFFFFF00F8030078
S21404E564FFFFFFFF0000040000000400005C260513
S21404E574BC6A00200600000090BC040000000000F2
S21404E5840100190001000000544200200100190093
S21404E594010000005442002001001900010000009C
S21404E5A454420020010019000100000054420020D7
S21404E5B40100190001000000544200200100190063
S21404E5C4010000005442002001001900010000006C
S21404E5D454420020010019000100000054420020A7
S21404E5E40100190001000000544200200100190033
S21404E5F4010000005442002001001900010000003C
S21404E6045442002001001900010000005442002076
S21404E614D0460020000000000000000008A6040005
S21404E6240C4E0020706B0020CC5000205F94040035
S21404E63406000000000000000000000000000000C7
S21404E644F0BC040008BD04006A9404002E4D0400C3
S21404E654FE000000A06B002000000000DC50002038
S21404E66444510020AC5100200000000000000000CB
S21404E674000000000000000000000000000000008D
S21404E684000000000000000000000000000000007D
S21404E694000000000000000000000000000000006D
S21404E6A4000000004BA20300DCBE0400FFFFFFFFD3
S21404E6B48FA503008BA50300FFFFFFFF93A50300AC
S21404E6C4FFFFFFFF01F60100FFFFFFFFFFFFFFFF51
S21404E6D4FFFFFFFFFFFFFFFFFFFFFFFFFFFFFFFF3D
S21404E6E40000000020A1070000000000D5E7030096
S21404E6F4000000000000000000000000000000000D
S21404E70400000000000000000000000000000000FC
S21404E714EC560020FD1D02008D3702002E4D040029
S21404E72400000000000000000000000000000000DC
S21404E734EC56002095240200000000002E4D040030
S21404E74400000000000000000000000000000000BC
S21404E754EC560020D92E02008D3702002E4D0400FC
S21404E764000000000000000000000000000000009C
S21404E77457950400EC560020313C020000000000CB
S21404E7842E4D0400000000000000000000000000FD
S21404E79400000000EC560020B55002000000000003
S21404E7A42E4D0400000000000000000000000000DD
S21404E7B400000000EC56002025560200000000006D
S21404E7C42E4D0400000000000000000000000000BD
S21404E7D400000000EC560020216B0200000000003C
S21404E7E42E4D04000000000000000000000000009D
S21404E7F400000000B80B0000EC56002091700200E4
S21404E804000000002E4D040000000000000000007C
S21404E8140000000000000000EC560020F17B02001B
S21404E824000000002E4D040000000000000000005C
S21404E8340000000000000000EC560020B57D020035
S21404E844000000002E4D040000000000000000003C
S21404E8540000000000000000EC5600207DBA03000F
S21404E864000000002E4D040000000000000000001C
S21404E8740000000000000000EC560020DD830200C7
S21404E884000000002E4D04000000000000000000FC
S21404E8940000000000000000EC5600204D8A020030
S21404E8A4000000002E4D04000000000000000000DC
S21404E8B40000000000000000EC560020FFC6030021
S21404E8C4000000002E4D04000000000000000000BC
S21404E8D40000000000000000EC56002085EF020053
S21404E8E4000000002E4D040000000000000000009C
S21404E8F40000000000000000EC560020F5070300AA
S21404E904000000002E4D040000000000000000007B
S21404E914000000000000000007D00300EC560020AE
S21404E924013603008D3702002E4D0400000000005B
S21404E934000000000000000000000000EC56002068
S21404E944C53C0300000000002E4D04000000000037
S21404E954000000000000000000000000FFFFD007D5
S21404E964B80B0000600EFFFFFFFFCEFAEFBEFFFFFA
S21404E974FDFFFDFF0C002C01001E2C014006800048
S21404E9841027FFFF04F8FFFF0C000000000000003F
S21404E9944000FDFF2C019C000000FFFFFDFFFFFF6D
S21404E9A4FFFF60EA8000800010C1CDAB0A0132018B
S21404E9B4FFFFFFFFFFFFFFFFFFFFFFFFFFFFFFFF5A
S21404E9C4FFFFFFFFFFFFFFFFFFFFFFFFFFFFFFFF4A
S21404E9D401FF05FFFFFF0101FFFF0201FFFF6402C1
S21404E9E450FF0F010208031E0605021601010A0C55
S21404E9F4052007051010010F080410010601010183
S21404EA0404FF030101FF0C01FF405AB47F01504088
S21404EA143000FFFFFF0B03FF050B0101FF03010397
S21404EA2405020201FFFFFFFFFFFFFFFF010102FFD4
S21404EA34FFFF40FF01010000BD4C0000954C0000A0
S804007EF984
